file_name,target_snr_db,mode,cfo_correction_mode,tau_source,phase_sign,frame_index,packet_index,event_index,payload_symbol_index,frame_symbol_index,start_sample,header_start_sample,sf,os_factor,cfo_int,cfo_frac,cfo_common_phase_rad,sto_frac,sfo_hat,sfo_cum_before,tau_chips,wrap_cut_chip,phase_jump_correction_rad,phase_jump_correction_pi,gt_raw_fft_bin,gt_signed_fft_bin,argmax_bin,is_argmax_correct,gt_bin_rank,gt_bin_real,gt_bin_imag,gt_bin_amp,gt_bin_power,gt_bin_phase,gt_peak_energy_ratio,selected_peak_amp,selected_peak_power,selected_peak_margin_db,total_fft_energy,gt_bin_phase_unwrap,phase_linear_fit,phase_linear_residual,packet_phase_slope_pi_per_symbol,packet_phase_linear_r2,packet_phase_linear_rmse_pi,packet_residual_quad_r2
D:\Desktop\proj\gr-lora_sdr\weakPacket_decoding\data\low_snr_gt_bin\0_0_0_10_14_16_extreme_snr\0_0_0_10_14_16_snr_m25dB.bin,-25.0,sto_phase_jump_corrected,continuous,sfo_cum_before,plus,0,1,1,0,8,2550960,2518192,10,4,-24,-0.42916033761813344,-1227.9435304004523,-0.04216817378983262,-0.006261318519996445,-0.0922587219498042,-0.09225872194980422,802,-0.5796786462141766,-0.18451744389960845,222,222,152,0,2,12.242684364318848,-5.986108779907227,13.627795814775755,185.71685791015625,-0.45477177743346053,0.007676510372846274,14.085427284240723,198.39923095703125,0.28688657038453463,24192.875263620168,-0.45477177743346053,0.2444019583695692,-0.6991737358030298,-0.04991068324855936,0.7429469295765506,0.2965009592888275,0.544341546520712
D:\Desktop\proj\gr-lora_sdr\weakPacket_decoding\data\low_snr_gt_bin\0_0_0_10_14_16_extreme_snr\0_0_0_10_14_16_snr_m25dB.bin,-25.0,sto_phase_jump_corrected,continuous,sfo_cum_before,plus,0,1,1,1,9,2555056,2518192,10,4,-24,-0.42916033761813344,-1381.436471700509,-0.04216817378983262,-0.006261318519996445,-0.09852004046980065,-0.09852004046980067,198,-0.6190196707425898,-0.19704008093960135,826,-198,281,0,422,3.797018051147461,-2.3361215591430664,4.458117317863303,19.874807357788086,-0.5515585222740447,0.0008317982229646986,12.629097938537598,159.494140625,0.08686249692341712,23893.78434465779,-0.5515585222740447,0.08760292254024798,-0.6391614448142926,-0.04991068324855936,0.7429469295765506,0.2965009592888275,0.544341546520712
D:\Desktop\proj\gr-lora_sdr\weakPacket_decoding\data\low_snr_gt_bin\0_0_0_10_14_16_extreme_snr\0_0_0_10_14_16_snr_m25dB.bin,-25.0,sto_phase_jump_corrected,continuous,sfo_cum_before,plus,0,1,1,2,10,2559152,2518192,10,4,-24,-0.42916033761813344,-1534.9294130005655,-0.04216817378983262,-0.006261318519996445,-0.1047813589897971,-0.10478135898979712,102,-0.6583606952710029,-0.20956271797959425,922,-102,637,0,539,2.8843612670898438,-2.596243381500244,3.880724109631082,15.060020446777344,-0.7328760560709643,0.0006026828462135198,14.09536361694336,198.6792449951172,0.4976654690641463,24988.301129516214,-0.7328760560709643,-0.06919611328907324,-0.6636799427818909,-0.04991068324855936,0.7429469295765506,0.2965009592888275,0.544341546520712
D:\Desktop\proj\gr-lora_sdr\weakPacket_decoding\data\low_snr_gt_bin\0_0_0_10_14_16_extreme_snr\0_0_0_10_14_16_snr_m25dB.bin,-25.0,sto_phase_jump_corrected,continuous,sfo_cum_before,plus,0,1,1,3,11,2563248,2518192,10,4,-24,-0.42916033761813344,-1688.422354300622,-0.04216817378983262,-0.006261318519996445,-0.11104267750979355,-0.11104267750979357,306,-0.6977017197994161,-0.22208535501958715,718,-306,718,1,1,2.618117332458496,-13.149351119995117,13.40745961185177,179.75999450683594,-1.3742603376676554,0.0077928367543661165,13.407459259033203,179.75999450683594,0.015425030733112521,23067.33737314865,-1.3742603376676554,-0.2259951491183945,-1.148265188549261,-0.04991068324855936,0.7429469295765506,0.2965009592888275,0.544341546520712
D:\Desktop\proj\gr-lora_sdr\weakPacket_decoding\data\low_snr_gt_bin\0_0_0_10_14_16_extreme_snr\0_0_0_10_14_16_snr_m25dB.bin,-25.0,sto_phase_jump_corrected,continuous,sfo_cum_before,plus,0,1,1,4,12,2567344,2518192,10,4,-24,-0.42916033761813344,-1841.9152956006785,-0.04216817378983262,-0.006261318519996445,-0.11730399602979,-0.11730399602979003,917,-0.7370427443278292,-0.23460799205958005,107,107,989,0,55,6.26215934753418,-5.535593509674072,8.358076046450847,69.85743713378906,-0.7238907410539698,0.0028406382271218525,13.520618438720703,182.80712890625,1.1969752619361953,24592.162587549537,-0.7238907410539698,-0.38279418494771567,-0.34109655610625406,-0.04991068324855936,0.7429469295765506,0.2965009592888275,0.544341546520712
D:\Desktop\proj\gr-lora_sdr\weakPacket_decoding\data\low_snr_gt_bin\0_0_0_10_14_16_extreme_snr\0_0_0_10_14_16_snr_m25dB.bin,-25.0,sto_phase_jump_corrected,continuous,sfo_cum_before,plus,0,1,1,5,13,2571440,2518192,10,4,-24,-0.42916033761813344,-1995.4082369007351,-0.04216817378983262,-0.006261318519996445,-0.12356531454978645,-0.12356531454978648,556,-0.7763837688562424,-0.24713062909957298,468,468,880,0,972,-1.0621672868728638,-0.3983613848686218,1.1344122435240669,1.286890983581543,-2.782781826347917,5.383653785086637e-05,13.356128692626953,178.38616943359375,1.2530403680101871,23903.672764886636,-2.782781826347917,-0.5395932207770369,-2.2431886055708805,-0.04991068324855936,0.7429469295765506,0.2965009592888275,0.544341546520712
D:\Desktop\proj\gr-lora_sdr\weakPacket_decoding\data\low_snr_gt_bin\0_0_0_10_14_16_extreme_snr\0_0_0_10_14_16_snr_m25dB.bin,-25.0,sto_phase_jump_corrected,continuous,sfo_cum_before,plus,0,1,1,6,14,2575536,2518192,10,4,-24,-0.42916033761813344,-2148.9011782007915,-0.04216817378983262,-0.006261318519996445,-0.1298266330697829,-0.12982663306978293,935,-0.8157247933846554,-0.25965326613956585,89,89,921,0,965,-0.849465012550354,-0.696241021156311,1.0983361812705414,1.2063424587249756,-2.4550004987916596,5.137992582707178e-05,13.300708770751953,176.9088592529297,0.9354653707502338,23478.867267834023,-2.4550004987916596,-0.6963922566063582,-1.7586082421853013,-0.04991068324855936,0.7429469295765506,0.2965009592888275,0.544341546520712
D:\Desktop\proj\gr-lora_sdr\weakPacket_decoding\data\low_snr_gt_bin\0_0_0_10_14_16_extreme_snr\0_0_0_10_14_16_snr_m25dB.bin,-25.0,sto_phase_jump_corrected,continuous,sfo_cum_before,plus,0,1,1,7,15,2579633,2518192,10,4,-24,-0.42916033761813344,-2302.4315933634703,-0.04216817378983262,-0.006261318519996445,0.11391204841022065,0.11391204841022062,312,0.715730508881828,0.22782409682044125,713,-311,713,1,1,16.024242401123047,-1.3854666948318481,16.08402507124501,258.6958312988281,-0.08624618468802457,0.010951558572621548,16.08402442932129,258.6958312988281,1.8066730987015807,23621.82785065472,-0.08624618468802457,-0.8531912924356794,0.7669451077476548,-0.04991068324855936,0.7429469295765506,0.2965009592888275,0.544341546520712
D:\Desktop\proj\gr-lora_sdr\weakPacket_decoding\data\low_snr_gt_bin\0_0_0_10_14_16_extreme_snr\0_0_0_10_14_16_snr_m25dB.bin,-25.0,sto_phase_jump_corrected,continuous,sfo_cum_before,plus,0,1,1,8,16,2583729,2518192,10,4,-24,-0.42916033761813344,-2455.9245346635266,-0.04216817378983262,-0.006261318519996445,0.1076507298902242,0.10765072989022417,160,0.6763894843534148,0.21530145978044835,865,-159,575,0,3,11.753291130065918,-6.755838871002197,13.55659290673842,183.78121948242188,-0.5216869755732517,0.007471406743777064,15.1052827835083,228.16957092285156,0.7904798657775611,24597.9406268429,-0.5216869755732517,-1.0099903282650007,0.48830335269174896,-0.04991068324855936,0.7429469295765506,0.2965009592888275,0.544341546520712
D:\Desktop\proj\gr-lora_sdr\weakPacket_decoding\data\low_snr_gt_bin\0_0_0_10_14_16_extreme_snr\0_0_0_10_14_16_snr_m25dB.bin,-25.0,sto_phase_jump_corrected,continuous,sfo_cum_before,plus,0,1,1,9,17,2587825,2518192,10,4,-24,-0.42916033761813344,-2609.4174759635835,-0.04216817378983262,-0.006261318519996445,0.10138941137022775,0.10138941137022772,533,0.6370484598250017,0.20277882274045544,492,492,83,0,43,7.883520126342773,-4.304782390594482,8.982262577592794,80.68102264404297,-0.49980417807356037,0.0032226886941855324,13.26768684387207,176.03150939941406,0.1436707973300468,25035.313770644367,-0.49980417807356037,-1.1667893640943219,0.6669851860207615,-0.04991068324855936,0.7429469295765506,0.2965009592888275,0.544341546520712
D:\Desktop\proj\gr-lora_sdr\weakPacket_decoding\data\low_snr_gt_bin\0_0_0_10_14_16_extreme_snr\0_0_0_10_14_16_snr_m25dB.bin,-25.0,sto_phase_jump_corrected,continuous,sfo_cum_before,plus,0,1,1,10,18,2591921,2518192,10,4,-24,-0.42916033761813344,-2762.91041726364,-0.04216817378983262,-0.006261318519996445,0.0951280928502313,0.09512809285023127,260,0.5977074352965885,0.19025618570046254,765,-259,91,0,138,5.678882598876953,-4.011720180511475,6.9529566645097445,48.343605041503906,-0.6150268673266186,0.001993866338225053,13.059042930603027,170.53857421875,0.7391389479529007,24246.16139742825,-0.6150268673266186,-1.323588399923643,0.7085615325970245,-0.04991068324855936,0.7429469295765506,0.2965009592888275,0.544341546520712
D:\Desktop\proj\gr-lora_sdr\weakPacket_decoding\data\low_snr_gt_bin\0_0_0_10_14_16_extreme_snr\0_0_0_10_14_16_snr_m25dB.bin,-25.0,sto_phase_jump_corrected,continuous,sfo_cum_before,plus,0,1,1,11,19,2596017,2518192,10,4,-24,-0.42916033761813344,-2916.403358563696,-0.04216817378983262,-0.006261318519996445,0.08886677433023485,0.08886677433023482,2,0.5583664107681754,0.17773354866046961,1023,-1,648,0,96,4.068864345550537,-6.244696140289307,7.4533138231954625,55.55188751220703,-0.9933173437002323,0.0023041107845838166,13.042887687683105,170.11691284179688,0.27171207213662213,24109.902997672558,-0.9933173437002323,-1.4803874357529643,0.487070092052732,-0.04991068324855936,0.7429469295765506,0.2965009592888275,0.544341546520712
D:\Desktop\proj\gr-lora_sdr\weakPacket_decoding\data\low_snr_gt_bin\0_0_0_10_14_16_extreme_snr\0_0_0_10_14_16_snr_m25dB.bin,-25.0,sto_phase_jump_corrected,continuous,sfo_cum_before,plus,0,1,1,12,20,2600113,2518192,10,4,-24,-0.42916033761813344,-3069.896299863753,-0.04216817378983262,-0.006261318519996445,0.0826054558102384,0.08260545581023837,428,0.5190253862397624,0.16521091162047674,597,-427,134,0,790,1.551749587059021,-1.9422290325164795,2.485996861560316,6.18018102645874,-0.8966941646766302,0.0002485187789324137,13.731032371520996,188.54124450683594,1.1329095832218188,24868.06451008469,-0.8966941646766302,-1.6371864715822857,0.7404923069056555,-0.04991068324855936,0.7429469295765506,0.2965009592888275,0.544341546520712
D:\Desktop\proj\gr-lora_sdr\weakPacket_decoding\data\low_snr_gt_bin\0_0_0_10_14_16_extreme_snr\0_0_0_10_14_16_snr_m25dB.bin,-25.0,sto_phase_jump_corrected,continuous,sfo_cum_before,plus,0,1,1,13,21,2604209,2518192,10,4,-24,-0.42916033761813344,-3223.3892411638094,-0.04216817378983262,-0.006261318519996445,0.07634413729024195,0.07634413729024192,463,0.4796843617113492,0.15268827458048384,562,-462,729,0,29,3.455634593963623,-8.78450870513916,9.439756545465768,89.10900115966797,-1.196011363272646,0.003695227018908728,12.353863716125488,152.617919921875,0.0312003038004126,24114.621565519832,-1.196011363272646,-1.793985507411607,0.597974144138961,-0.04991068324855936,0.7429469295765506,0.2965009592888275,0.544341546520712
D:\Desktop\proj\gr-lora_sdr\weakPacket_decoding\data\low_snr_gt_bin\0_0_0_10_14_16_extreme_snr\0_0_0_10_14_16_snr_m25dB.bin,-25.0,sto_phase_jump_corrected,continuous,sfo_cum_before,plus,0,1,1,14,22,2608305,2518192,10,4,-24,-0.42916033761813344,-3376.8821824638662,-0.04216817378983262,-0.006261318519996445,0.0700828187702455,0.07008281877024547,547,0.44034333718293606,0.14016563754049094,478,478,82,0,29,1.479781985282898,-8.851716995239258,8.974555615058348,80.54265594482422,-1.4051535135902602,0.003320071537816881,14.46727180480957,209.3019561767578,0.28738932549561735,24259.313399549574,-1.4051535135902602,-1.950784543240928,0.5456310296506679,-0.04991068324855936,0.7429469295765506,0.2965009592888275,0.544341546520712
D:\Desktop\proj\gr-lora_sdr\weakPacket_decoding\data\low_snr_gt_bin\0_0_0_10_14_16_extreme_snr\0_0_0_10_14_16_snr_m25dB.bin,-25.0,sto_phase_jump_corrected,continuous,sfo_cum_before,plus,0,1,1,15,23,2612401,2518192,10,4,-24,-0.42916033761813344,-3530.3751237639226,-0.04216817378983262,-0.006261318519996445,0.06382150025024905,0.06382150025024902,758,0.4010023126545229,0.12764300050049804,267,267,809,0,142,2.0513715744018555,-6.538780212402344,6.85301189276426,46.963768005371094,-1.2667968428310203,0.0019043877778862318,13.680895805358887,187.16693115234375,0.09716147839459739,24660.82199786976,-1.2667968428310203,-2.107583579070249,0.8407867362392287,-0.04991068324855936,0.7429469295765506,0.2965009592888275,0.544341546520712
D:\Desktop\proj\gr-lora_sdr\weakPacket_decoding\data\low_snr_gt_bin\0_0_0_10_14_16_extreme_snr\0_0_0_10_14_16_snr_m25dB.bin,-25.0,sto_phase_jump_corrected,continuous,sfo_cum_before,plus,0,1,1,16,24,2616497,2518192,10,4,-24,-0.42916033761813344,-3683.868065063979,-0.04216817378983262,-0.006261318519996445,0.0575601817302526,0.05756018173025257,108,0.3616612881261098,0.11512036346050514,917,-107,970,0,407,1.1511396169662476,-4.775726795196533,4.912503317058152,24.132688522338867,-1.3342685305114137,0.0009400982327624122,13.178491592407227,173.67263793945312,0.34355509217971175,25670.390264883987,-1.3342685305114137,-2.2643826148995703,0.9301140843881566,-0.04991068324855936,0.7429469295765506,0.2965009592888275,0.544341546520712
D:\Desktop\proj\gr-lora_sdr\weakPacket_decoding\data\low_snr_gt_bin\0_0_0_10_14_16_extreme_snr\0_0_0_10_14_16_snr_m25dB.bin,-25.0,sto_phase_jump_corrected,continuous,sfo_cum_before,plus,0,1,1,17,25,2620593,2518192,10,4,-24,-0.42916033761813344,-3837.361006364036,-0.04216817378983262,-0.006261318519996445,0.05129886321025616,0.05129886321025612,369,0.32232026359769667,0.10259772642051224,656,-368,775,0,191,5.16042947769165,-3.479548454284668,6.223928810642337,38.73728942871094,-0.5932514138511016,0.0015719117350304298,13.555665016174316,183.7560577392578,1.1755875214193503,24643.42530527711,-0.5932514138511016,-2.4211816507288915,1.8279302368777899,-0.04991068324855936,0.7429469295765506,0.2965009592888275,0.544341546520712
D:\Desktop\proj\gr-lora_sdr\weakPacket_decoding\data\low_snr_gt_bin\0_0_0_10_14_16_extreme_snr\0_0_0_10_14_16_snr_m25dB.bin,-25.0,sto_phase_jump_corrected,continuous,sfo_cum_before,plus,0,1,1,18,26,2624689,2518192,10,4,-24,-0.42916033761813344,-3990.853947664092,-0.04216817378983262,-0.006261318519996445,0.045037544690259716,0.04503754469025967,136,0.2829792390692835,0.09007508938051934,889,-135,470,0,151,-4.882448673248291,-4.478537559509277,6.625375741709998,43.89560317993164,-2.399316092850066,0.0018030127902764269,12.217168807983398,149.25921630859375,0.29740301252793944,24345.6970558716,-2.399316092850066,-2.5779806865582127,0.17866459370814658,-0.04991068324855936,0.7429469295765506,0.2965009592888275,0.544341546520712
D:\Desktop\proj\gr-lora_sdr\weakPacket_decoding\data\low_snr_gt_bin\0_0_0_10_14_16_extreme_snr\0_0_0_10_14_16_snr_m25dB.bin,-25.0,sto_phase_jump_corrected,continuous,sfo_cum_before,plus,0,1,1,19,27,2628785,2518192,10,4,-24,-0.42916033761813344,-4144.346888964149,-0.04216817378983262,-0.006261318519996445,0.03877622617026327,0.03877622617026333,515,0.2436382145408711,0.07755245234052666,510,510,481,0,8,-3.4298505783081055,-10.627676010131836,11.167424607574128,124.71138763427734,-1.8829720757455548,0.0051017725330399655,13.573649406433105,184.24395751953125,0.18414922580613394,24444.71736570471,-1.8829720757455548,-2.734779722387534,0.851807646641979,-0.04991068324855936,0.7429469295765506,0.2965009592888275,0.544341546520712
D:\Desktop\proj\gr-lora_sdr\weakPacket_decoding\data\low_snr_gt_bin\0_0_0_10_14_16_extreme_snr\0_0_0_10_14_16_snr_m25dB.bin,-25.0,sto_phase_jump_corrected,continuous,sfo_cum_before,plus,0,1,1,20,28,2632881,2518192,10,4,-24,-0.42916033761813344,-4297.839830264205,-0.04216817378983262,-0.006261318519996445,0.03251490765026683,0.03251490765026688,165,0.20429719001245797,0.06502981530053376,860,-164,337,0,104,-2.1362035274505615,-6.873354434967041,7.1976639751639775,51.80636978149414,-1.8721270443379951,0.0022389657582552254,13.000839233398438,169.02178955078125,0.7132605216372702,23138.52705896925,-1.8721270443379951,-2.891578758216855,1.01945171387886,-0.04991068324855936,0.7429469295765506,0.2965009592888275,0.544341546520712
D:\Desktop\proj\gr-lora_sdr\weakPacket_decoding\data\low_snr_gt_bin\0_0_0_10_14_16_extreme_snr\0_0_0_10_14_16_snr_m25dB.bin,-25.0,sto_phase_jump_corrected,continuous,sfo_cum_before,plus,0,1,1,21,29,2636977,2518192,10,4,-24,-0.42916033761813344,-4451.332771564262,-0.04216817378983262,-0.006261318519996445,0.026253589130270386,0.026253589130270427,472,0.16495616548404485,0.052507178260540854,553,-471,594,0,25,-1.321214199066162,-9.26054573059082,9.354320616067097,87.50331115722656,-1.712511261348484,0.003677249454524828,11.65881061553955,135.92787170410156,0.12876784191767493,23795.859443137422,-1.712511261348484,-3.0483777940461763,1.3358665326976922,-0.04991068324855936,0.7429469295765506,0.2965009592888275,0.544341546520712
D:\Desktop\proj\gr-lora_sdr\weakPacket_decoding\data\low_snr_gt_bin\0_0_0_10_14_16_extreme_snr\0_0_0_10_14_16_snr_m25dB.bin,-25.0,sto_phase_jump_corrected,continuous,sfo_cum_before,plus,0,1,1,22,30,2641073,2518192,10,4,-24,-0.42916033761813344,-4604.825712864318,-0.04216817378983262,-0.006261318519996445,0.019992270610273942,0.019992270610273977,396,0.1256151409556317,0.039984541220547946,629,-395,751,0,39,-7.2418646812438965,-4.36090612411499,8.453526263328895,71.46211242675781,-2.5995717485788594,0.002920837700587575,13.391127586364746,179.32229614257812,0.8819142362609301,24466.307187277824,-2.5995717485788594,-3.2051768298754975,0.605605081296638,-0.04991068324855936,0.7429469295765506,0.2965009592888275,0.544341546520712
D:\Desktop\proj\gr-lora_sdr\weakPacket_decoding\data\low_snr_gt_bin\0_0_0_10_14_16_extreme_snr\0_0_0_10_14_16_snr_m25dB.bin,-25.0,sto_phase_jump_corrected,continuous,sfo_cum_before,plus,0,1,1,23,31,2645169,2518192,10,4,-24,-0.42916033761813344,-4758.3186541643745,-0.04216817378983262,-0.006261318519996445,0.013730952090277497,0.013730952090277526,266,0.08627411642721858,0.027461904180555052,759,-265,949,0,487,-4.211382865905762,0.1119149774312973,4.212869640211773,17.748266220092773,3.1150245054516628,0.0007357853063100297,13.382367134094238,179.08775329589844,0.3522909934326277,24121.52847832814,-3.1681608017279244,-3.3619758657048187,0.1938150639768943,-0.04991068324855936,0.7429469295765506,0.2965009592888275,0.544341546520712
D:\Desktop\proj\gr-lora_sdr\weakPacket_decoding\data\low_snr_gt_bin\0_0_0_10_14_16_extreme_snr\0_0_0_10_14_16_snr_m25dB.bin,-25.0,sto_phase_jump_corrected,continuous,sfo_cum_before,plus,0,1,1,24,32,2649265,2518192,10,4,-24,-0.42916033761813344,-4911.811595464432,-0.04216817378983262,-0.006261318519996445,0.007469633570281051,0.007469633570281076,151,0.04693309189880545,0.014939267140562151,874,-150,125,0,27,-8.062071800231934,5.073333740234375,9.52552974652305,90.7357177734375,2.5799185543813423,0.0036506117848085135,14.550085067749023,211.70497131347656,0.4538978759172091,24854.93476765207,-3.703266752798245,-3.5187749015341403,-0.1844918512641045,-0.04991068324855936,0.7429469295765506,0.2965009592888275,0.544341546520712
D:\Desktop\proj\gr-lora_sdr\weakPacket_decoding\data\low_snr_gt_bin\0_0_0_10_14_16_extreme_snr\0_0_0_10_14_16_snr_m25dB.bin,-25.0,sto_phase_jump_corrected,continuous,sfo_cum_before,plus,0,1,1,25,33,2653361,2518192,10,4,-24,-0.42916033761813344,-5065.304536764488,-0.04216817378983262,-0.006261318519996445,0.001208315050284606,0.0012083150502846252,305,0.007592067370392319,0.0024166301005692503,720,-304,196,0,215,-6.302816867828369,-0.5495266914367676,6.326727436359437,40.02748107910156,-3.054625098931983,0.0015715363888362487,12.915403366088867,166.80764770507812,0.015948350689341174,25470.28587021306,-3.054625098931984,-3.6755739373634615,0.6209488384314774,-0.04991068324855936,0.7429469295765506,0.2965009592888275,0.544341546520712
D:\Desktop\proj\gr-lora_sdr\weakPacket_decoding\data\low_snr_gt_bin\0_0_0_10_14_16_extreme_snr\0_0_0_10_14_16_snr_m25dB.bin,-25.0,sto_phase_jump_corrected,continuous,sfo_cum_before,plus,0,1,1,26,34,2657457,2518192,10,4,-24,-0.42916033761813344,-5218.7974780645445,-0.04216817378983262,-0.006261318519996445,-0.005053003469711839,-0.005053003469711825,710,-0.03174895715802081,-0.01010600693942365,314,314,404,0,2,-8.880581855773926,8.307172775268555,12.16033937089192,147.8738555908203,2.3895436100807053,0.0059312401782004864,12.917070388793945,166.8507080078125,0.5243665725844534,24931.35518846661,-3.893641697098882,-3.8323729731927827,-0.06126872390609917,-0.04991068324855936,0.7429469295765506,0.2965009592888275,0.544341546520712
D:\Desktop\proj\gr-lora_sdr\weakPacket_decoding\data\low_snr_gt_bin\0_0_0_10_14_16_extreme_snr\0_0_0_10_14_16_snr_m25dB.bin,-25.0,sto_phase_jump_corrected,continuous,sfo_cum_before,plus,0,1,1,27,35,2661553,2518192,10,4,-24,-0.42916033761813344,-5372.290419364601,-0.04216817378983262,-0.006261318519996445,-0.011314321989708285,-0.011314321989708276,422,-0.07108998168643393,-0.022628643979416548,602,-422,879,0,147,2.4838223457336426,6.231532096862793,6.708305726440692,45.00136184692383,1.1915066160374934,0.0019152245004884017,13.295981407165527,176.7831268310547,0.6164691922888818,23496.651089962572,-5.091678691142094,-3.989172009022104,-1.1025066821199898,-0.04991068324855936,0.7429469295765506,0.2965009592888275,0.544341546520712
D:\Desktop\proj\gr-lora_sdr\weakPacket_decoding\data\low_snr_gt_bin\0_0_0_10_14_16_extreme_snr\0_0_0_10_14_16_snr_m25dB.bin,-25.0,sto_phase_jump_corrected,continuous,sfo_cum_before,plus,0,1,1,28,36,2665649,2518192,10,4,-24,-0.42916033761813344,-5525.783360664657,-0.04216817378983262,-0.006261318519996445,-0.01757564050970473,-0.017575640509704726,1017,-0.11043100621484707,-0.03515128101940945,7,7,13,0,543,-0.5848494172096252,3.998971700668335,4.041512526710345,16.33382225036621,1.7160167430383388,0.0006669664588716772,13.679647445678711,187.13270568847656,0.4695718896908027,24489.72063452564,-4.567168564141248,-4.145971044851425,-0.421197519289823,-0.04991068324855936,0.7429469295765506,0.2965009592888275,0.544341546520712
D:\Desktop\proj\gr-lora_sdr\weakPacket_decoding\data\low_snr_gt_bin\0_0_0_10_14_16_extreme_snr\0_0_0_10_14_16_snr_m25dB.bin,-25.0,sto_phase_jump_corrected,continuous,sfo_cum_before,plus,0,1,1,29,37,2669745,2518192,10,4,-24,-0.42916033761813344,-5679.276301964715,-0.04216817378983262,-0.006261318519996445,-0.023836959029701177,-0.023836959029701177,414,-0.1497720307432602,-0.047673918059402354,610,-414,547,0,59,-4.873590469360352,6.777600288391113,8.347918886299707,69.68775939941406,2.194208707012906,0.0028546925286902394,14.317232131958008,204.9831085205078,0.6398029244600005,24411.651587355882,-4.088976600166681,-4.302770080680746,0.21379348051406488,-0.04991068324855936,0.7429469295765506,0.2965009592888275,0.544341546520712
D:\Desktop\proj\gr-lora_sdr\weakPacket_decoding\data\low_snr_gt_bin\0_0_0_10_14_16_extreme_snr\0_0_0_10_14_16_snr_m25dB.bin,-25.0,sto_phase_jump_corrected,continuous,sfo_cum_before,plus,0,1,1,30,38,2673841,2518192,10,4,-24,-0.42916033761813344,-5832.769243264771,-0.04216817378983262,-0.006261318519996445,-0.03009827754969762,-0.030098277549697627,217,-0.18911305527167332,-0.060196555099395255,807,-217,600,0,13,-1.7880138158798218,9.814275741577148,9.975820855322473,99.51699829101562,1.751004882653975,0.003977457137764309,12.394038200378418,153.61215209960938,0.21176844768764552,25020.256622288376,-4.532180424525612,-4.4595691165100675,-0.07261130801554484,-0.04991068324855936,0.7429469295765506,0.2965009592888275,0.544341546520712
D:\Desktop\proj\gr-lora_sdr\weakPacket_decoding\data\low_snr_gt_bin\0_0_0_10_14_16_extreme_snr\0_0_0_10_14_16_snr_m25dB.bin,-25.0,sto_phase_jump_corrected,continuous,sfo_cum_before,plus,0,1,1,31,39,2677937,2518192,10,4,-24,-0.42916033761813344,-5986.262184564827,-0.04216817378983262,-0.006261318519996445,-0.036359596069694064,-0.03635959606969408,127,-0.22845407980008647,-0.07271919213938816,897,-127,668,0,6,7.592986583709717,9.33029556274414,12.02945803220406,144.7078399658203,0.8876977234331945,0.005801253755721796,14.214498519897461,202.05194091796875,0.5797296229868656,24944.23551514093,-5.395487583746393,-4.616368152339389,-0.779119431407004,-0.04991068324855936,0.7429469295765506,0.2965009592888275,0.544341546520712
D:\Desktop\proj\gr-lora_sdr\weakPacket_decoding\data\low_snr_gt_bin\0_0_0_10_14_16_extreme_snr\0_0_0_10_14_16_snr_m25dB.bin,-25.0,sto_phase_jump_corrected,continuous,sfo_cum_before,plus,0,1,1,32,40,2682033,2518192,10,4,-24,-0.42916033761813344,-6139.755125864884,-0.04216817378983262,-0.006261318519996445,-0.04262091458969051,-0.04262091458969053,275,-0.26779510432849957,-0.08524182917938104,749,-275,568,0,744,2.83363938331604,-0.3702599108219147,2.8577271661657204,8.166604042053223,-0.12992973660646404,0.000326499207178279,11.585810661315918,134.2310028076172,0.21390006923476898,25012.63054398168,-6.413115043786052,-4.77316718816871,-1.6399478556173417,-0.04991068324855936,0.7429469295765506,0.2965009592888275,0.544341546520712
D:\Desktop\proj\gr-lora_sdr\weakPacket_decoding\data\low_snr_gt_bin\0_0_0_10_14_16_extreme_snr\0_0_0_10_14_16_snr_m25dB.bin,-25.0,sto_phase_jump_corrected,continuous,sfo_cum_before,plus,0,1,1,33,41,2686129,2518192,10,4,-24,-0.42916033761813344,-6293.24806716494,-0.04216817378983262,-0.006261318519996445,-0.04888223310968695,-0.04888223310968698,440,-0.3071361288569127,-0.09776446621937396,584,-440,429,0,2,7.951913356781006,9.92677116394043,12.719029513881607,161.77371215820312,0.89541096968557,0.006817559685084233,14.026732444763184,196.7492218017578,0.8500507208466657,23728.97629516013,-5.387774337494017,-4.929966223998031,-0.45780811349598594,-0.04991068324855936,0.7429469295765506,0.2965009592888275,0.544341546520712
D:\Desktop\proj\gr-lora_sdr\weakPacket_decoding\data\low_snr_gt_bin\0_0_0_10_14_16_extreme_snr\0_0_0_10_14_16_snr_m25dB.bin,-25.0,sto_phase_jump_corrected,continuous,sfo_cum_before,plus,0,1,1,34,42,2690225,2518192,10,4,-24,-0.42916033761813344,-6446.741008464997,-0.04216817378983262,-0.006261318519996445,-0.055143551629683395,-0.055143551629683374,90,-0.3464771533853255,-0.11028710325936673,934,-90,790,0,2,12.443392753601074,-2.6808674335479736,12.728907000077808,162.0250701904297,-0.21220151217710573,0.007103865422871863,13.009593963623047,169.24951171875,0.18945206163891165,22808.015150282532,-6.495386819356693,-5.086765259827352,-1.4086215595293403,-0.04991068324855936,0.7429469295765506,0.2965009592888275,0.544341546520712
D:\Desktop\proj\gr-lora_sdr\weakPacket_decoding\data\low_snr_gt_bin\0_0_0_10_14_16_extreme_snr\0_0_0_10_14_16_snr_m25dB.bin,-25.0,sto_phase_jump_corrected,continuous,sfo_cum_before,plus,1,2,2,0,8,4051325,4018557,10,4,-24,-0.27825675980667963,-1220.3582892572065,-0.22708294569816,-0.006222641162550411,-0.0268640749985633,-0.026864074998563303,221,-0.1687919613219434,-0.053728149997126606,803,-221,961,0,31,-7.4404215812683105,-5.768288612365723,9.414511502066972,88.6330337524414,-2.482117870929539,0.0035774470353881994,13.78564453125,190.0439910888672,0.4988724016218737,24775.49852609448,-2.482117870929539,-2.107915393897418,-0.37420247703212084,-0.09427947181481894,0.9374229150708592,0.24601246243257496,0.5122836420520976
D:\Desktop\proj\gr-lora_sdr\weakPacket_decoding\data\low_snr_gt_bin\0_0_0_10_14_16_extreme_snr\0_0_0_10_14_16_snr_m25dB.bin,-25.0,sto_phase_jump_corrected,continuous,sfo_cum_before,plus,1,2,2,1,9,4055421,4018557,10,4,-24,-0.27825675980667963,-1372.9030754143573,-0.22708294569816,-0.006222641162550411,-0.03308671616111371,-0.033086716161113694,198,-0.20788996884633093,-0.06617343232222739,826,-198,239,0,2,-12.881855964660645,3.1768362522125244,13.267799428226022,176.03453063964844,2.899804059453606,0.007135343439523917,13.575014114379883,184.281005859375,0.19882707441630199,24670.785944873,-3.38338124772598,-2.404103089935179,-0.9792781577908012,-0.09427947181481894,0.9374229150708592,0.24601246243257496,0.5122836420520976
D:\Desktop\proj\gr-lora_sdr\weakPacket_decoding\data\low_snr_gt_bin\0_0_0_10_14_16_extreme_snr\0_0_0_10_14_16_snr_m25dB.bin,-25.0,sto_phase_jump_corrected,continuous,sfo_cum_before,plus,1,2,2,2,10,4059517,4018557,10,4,-24,-0.27825675980667963,-1525.4478615715082,-0.22708294569816,-0.006222641162550411,-0.03930935732366412,-0.03930935732366414,102,-0.2469879763707188,-0.07861871464732828,922,-102,48,0,21,-9.663318634033203,-0.709747850894928,9.68934822548469,93.88346862792969,-3.0682766702307793,0.0039028091241419915,17.350574493408203,301.0423583984375,2.0316440797016004,24055.357472438365,-3.0682766702307793,-2.7002907859729404,-0.36798588425783896,-0.09427947181481894,0.9374229150708592,0.24601246243257496,0.5122836420520976
D:\Desktop\proj\gr-lora_sdr\weakPacket_decoding\data\low_snr_gt_bin\0_0_0_10_14_16_extreme_snr\0_0_0_10_14_16_snr_m25dB.bin,-25.0,sto_phase_jump_corrected,continuous,sfo_cum_before,plus,1,2,2,3,11,4063613,4018557,10,4,-24,-0.27825675980667963,-1677.992647728659,-0.22708294569816,-0.006222641162550411,-0.04553199848621453,-0.04553199848621453,306,-0.2860859838951063,-0.09106399697242906,718,-306,940,0,38,-8.660087585449219,3.113739252090454,9.202852227307602,84.69248962402344,2.796435014430097,0.0034900811912038743,11.891349792480469,141.40420532226562,0.09700274729154869,24266.624466352165,-3.48675029274949,-2.9964784820107013,-0.4902718107387889,-0.09427947181481894,0.9374229150708592,0.24601246243257496,0.5122836420520976
D:\Desktop\proj\gr-lora_sdr\weakPacket_decoding\data\low_snr_gt_bin\0_0_0_10_14_16_extreme_snr\0_0_0_10_14_16_snr_m25dB.bin,-25.0,sto_phase_jump_corrected,continuous,sfo_cum_before,plus,1,2,2,4,12,4067709,4018557,10,4,-24,-0.27825675980667963,-1830.5374338858096,-0.22708294569816,-0.006222641162550411,-0.05175463964876494,-0.05175463964876492,938,-0.32518399141949383,-0.10350927929752984,86,86,724,0,999,-0.8206703662872314,0.1874474287033081,0.841805433951041,0.7086363434791565,2.9170370924633002,2.921579303902507e-05,13.148026466369629,172.87062072753906,0.09750816715373645,24255.249293852597,-3.366148214716287,-3.2926661780484627,-0.07348203666782416,-0.09427947181481894,0.9374229150708592,0.24601246243257496,0.5122836420520976
D:\Desktop\proj\gr-lora_sdr\weakPacket_decoding\data\low_snr_gt_bin\0_0_0_10_14_16_extreme_snr\0_0_0_10_14_16_snr_m25dB.bin,-25.0,sto_phase_jump_corrected,continuous,sfo_cum_before,plus,1,2,2,5,13,4071805,4018557,10,4,-24,-0.27825675980667963,-1983.0822200429604,-0.22708294569816,-0.006222641162550411,-0.057977280811315354,-0.05797728081131537,556,-0.3642819989438817,-0.11595456162263074,468,468,75,0,280,-3.826106071472168,4.029360771179199,5.556512925790241,30.874834060668945,2.3303259627434896,0.0013185845249648253,13.366862297058105,178.67300415039062,0.5749205217087209,23415.134544744156,-3.9528593444360975,-3.5888538740862237,-0.3640054703498738,-0.09427947181481894,0.9374229150708592,0.24601246243257496,0.5122836420520976
D:\Desktop\proj\gr-lora_sdr\weakPacket_decoding\data\low_snr_gt_bin\0_0_0_10_14_16_extreme_snr\0_0_0_10_14_16_snr_m25dB.bin,-25.0,sto_phase_jump_corrected,continuous,sfo_cum_before,plus,1,2,2,6,14,4075901,4018557,10,4,-24,-0.27825675980667963,-2135.6270062001113,-0.22708294569816,-0.006222641162550411,-0.06419992197386576,-0.06419992197386576,935,-0.4033800064682692,-0.12839984394773152,89,89,503,0,144,-5.363071441650391,4.13576078414917,6.772521875339507,45.86704635620117,2.4846890809326023,0.0018994430935656598,14.541701316833496,211.46107482910156,1.4174828152575427,24147.628592599183,-3.798496226246985,-3.8850415701239847,0.08654534387699986,-0.09427947181481894,0.9374229150708592,0.24601246243257496,0.5122836420520976
D:\Desktop\proj\gr-lora_sdr\weakPacket_decoding\data\low_snr_gt_bin\0_0_0_10_14_16_extreme_snr\0_0_0_10_14_16_snr_m25dB.bin,-25.0,sto_phase_jump_corrected,continuous,sfo_cum_before,plus,1,2,2,7,15,4079997,4018557,10,4,-24,-0.27825675980667963,-2288.1717923572623,-0.22708294569816,-0.006222641162550411,-0.07042256313641616,-0.07042256313641615,311,-0.44247801399265674,-0.1408451262728323,713,-311,859,0,311,0.20165613293647766,5.296230316162109,5.30006799558133,28.09071922302246,1.5327393020532072,0.0011293203554938464,14.538108825683594,211.3566131591797,0.020661923260343506,24874.00416221004,-4.7504460051263795,-4.181229266161746,-0.5692167389646333,-0.09427947181481894,0.9374229150708592,0.24601246243257496,0.5122836420520976
D:\Desktop\proj\gr-lora_sdr\weakPacket_decoding\data\low_snr_gt_bin\0_0_0_10_14_16_extreme_snr\0_0_0_10_14_16_snr_m25dB.bin,-25.0,sto_phase_jump_corrected,continuous,sfo_cum_before,plus,1,2,2,8,16,4084093,4018557,10,4,-24,-0.27825675980667963,-2440.716578514413,-0.22708294569816,-0.006222641162550411,-0.07664520429896657,-0.0766452042989666,159,-0.4815760215170446,-0.1532904085979332,865,-159,946,0,64,2.413959503173828,7.524215221405029,7.901962742318289,62.44102478027344,1.2603448142143105,0.002646203063892181,12.075974464416504,145.82916259765625,0.8299558508456172,23596.46001181472,-5.022840492965276,-4.4774169621995075,-0.5454235307657687,-0.09427947181481894,0.9374229150708592,0.24601246243257496,0.5122836420520976
D:\Desktop\proj\gr-lora_sdr\weakPacket_decoding\data\low_snr_gt_bin\0_0_0_10_14_16_extreme_snr\0_0_0_10_14_16_snr_m25dB.bin,-25.0,sto_phase_jump_corrected,continuous,sfo_cum_before,plus,1,2,2,9,17,4088189,4018557,10,4,-24,-0.27825675980667963,-2593.2613646715636,-0.22708294569816,-0.006222641162550411,-0.08286784546151697,-0.08286784546151699,532,-0.5206740290414321,-0.16573569092303397,492,492,1000,0,801,2.002362012863159,1.4289653301239014,2.4599584438062188,6.051395893096924,0.6198216896323323,0.0002558022551847884,12.598313331604004,158.71746826171875,0.1953686025175849,23656.538480184507,-5.663363617547255,-4.773604658237268,-0.8897589593099866,-0.09427947181481894,0.9374229150708592,0.24601246243257496,0.5122836420520976
D:\Desktop\proj\gr-lora_sdr\weakPacket_decoding\data\low_snr_gt_bin\0_0_0_10_14_16_extreme_snr\0_0_0_10_14_16_snr_m25dB.bin,-25.0,sto_phase_jump_corrected,continuous,sfo_cum_before,plus,1,2,2,10,18,4092285,4018557,10,4,-24,-0.27825675980667963,-2745.8061508287146,-0.22708294569816,-0.006222641162550411,-0.08909048662406738,-0.08909048662406738,259,-0.5597720365658196,-0.17818097324813476,765,-259,985,0,852,0.8635522127151489,1.8913686275482178,2.0791819808181433,4.322998523712158,1.1424878452627478,0.00018610953727480264,14.975704193115234,224.27171325683594,1.4674063369535681,23228.248197345063,-5.140697461916839,-5.069792354275029,-0.0709051076418099,-0.09427947181481894,0.9374229150708592,0.24601246243257496,0.5122836420520976
D:\Desktop\proj\gr-lora_sdr\weakPacket_decoding\data\low_snr_gt_bin\0_0_0_10_14_16_extreme_snr\0_0_0_10_14_16_snr_m25dB.bin,-25.0,sto_phase_jump_corrected,continuous,sfo_cum_before,plus,1,2,2,11,19,4096381,4018557,10,4,-24,-0.27825675980667963,-2898.3509369858652,-0.22708294569816,-0.006222641162550411,-0.09531312778661778,-0.09531312778661777,1,-0.5988700440902072,-0.19062625557323556,1023,-1,61,0,10,9.622584342956543,5.455901622772217,11.061690284702465,122.36099243164062,0.5157931292480222,0.005027433689639168,12.817420959472656,164.28628540039062,0.5516846536897538,24338.658644828945,-5.767392177931565,-5.365980050312791,-0.4014121276187739,-0.09427947181481894,0.9374229150708592,0.24601246243257496,0.5122836420520976
D:\Desktop\proj\gr-lora_sdr\weakPacket_decoding\data\low_snr_gt_bin\0_0_0_10_14_16_extreme_snr\0_0_0_10_14_16_snr_m25dB.bin,-25.0,sto_phase_jump_corrected,continuous,sfo_cum_before,plus,1,2,2,12,20,4100477,4018557,10,4,-24,-0.27825675980667963,-3050.8957231430163,-0.22708294569816,-0.006222641162550411,-0.10153576894916819,-0.10153576894916816,427,-0.6379680516145947,-0.20307153789833635,597,-427,499,0,580,0.6508090496063232,3.5650203227996826,3.623937405781761,13.13292407989502,1.3902305578813656,0.0005472173657040934,13.45828628540039,181.12547302246094,0.9510947992199392,23999.465117480606,-4.892954749298221,-5.662167746350551,0.76921299705233,-0.09427947181481894,0.9374229150708592,0.24601246243257496,0.5122836420520976
D:\Desktop\proj\gr-lora_sdr\weakPacket_decoding\data\low_snr_gt_bin\0_0_0_10_14_16_extreme_snr\0_0_0_10_14_16_snr_m25dB.bin,-25.0,sto_phase_jump_corrected,continuous,sfo_cum_before,plus,1,2,2,13,21,4104573,4018557,10,4,-24,-0.27825675980667963,-3203.440509300167,-0.22708294569816,-0.006222641162550411,-0.10775841011171859,-0.1077584101117186,462,-0.6770660591389825,-0.21551682022343724,562,-462,329,0,5,8.715788841247559,8.448699951171875,12.13859571738622,147.34552001953125,0.7698388688779346,0.006057002016837325,13.128544807434082,172.3586883544922,0.47100070925111753,24326.476961694658,-5.513346438301652,-5.958355442388313,0.44500900408666055,-0.09427947181481894,0.9374229150708592,0.24601246243257496,0.5122836420520976
D:\Desktop\proj\gr-lora_sdr\weakPacket_decoding\data\low_snr_gt_bin\0_0_0_10_14_16_extreme_snr\0_0_0_10_14_16_snr_m25dB.bin,-25.0,sto_phase_jump_corrected,continuous,sfo_cum_before,plus,1,2,2,14,22,4108669,4018557,10,4,-24,-0.27825675980667963,-3355.985295457318,-0.22708294569816,-0.006222641162550411,-0.113981051274269,-0.113981051274269,546,-0.71616406666337,-0.22796210254853796,478,478,289,0,34,8.385396957397461,4.666069030761719,9.59620145333372,92.08707427978516,0.5077830916411487,0.003539720681693953,14.670580863952637,215.22593688964844,0.4855166571782584,26015.350520741194,-5.775402215538438,-6.254543138426074,0.47914092288763577,-0.09427947181481894,0.9374229150708592,0.24601246243257496,0.5122836420520976
D:\Desktop\proj\gr-lora_sdr\weakPacket_decoding\data\low_snr_gt_bin\0_0_0_10_14_16_extreme_snr\0_0_0_10_14_16_snr_m25dB.bin,-25.0,sto_phase_jump_corrected,continuous,sfo_cum_before,plus,1,2,2,15,23,4112765,4018557,10,4,-24,-0.27825675980667963,-3508.5300816144686,-0.22708294569816,-0.006222641162550411,-0.1202036924368194,-0.12020369243681939,757,-0.7552620741877575,-0.24040738487363875,267,267,277,0,56,5.965705394744873,5.9434380531311035,8.421050810219288,70.91410064697266,0.7835283970484113,0.002888560583247709,14.6121244430542,213.51417541503906,0.4759556649504033,24549.97864965722,-5.499656910131176,-6.550730834463835,1.051073924332659,-0.09427947181481894,0.9374229150708592,0.24601246243257496,0.5122836420520976
D:\Desktop\proj\gr-lora_sdr\weakPacket_decoding\data\low_snr_gt_bin\0_0_0_10_14_16_extreme_snr\0_0_0_10_14_16_snr_m25dB.bin,-25.0,sto_phase_jump_corrected,continuous,sfo_cum_before,plus,1,2,2,16,24,4116861,4018557,10,4,-24,-0.27825675980667963,-3661.074867771619,-0.22708294569816,-0.006222641162550411,-0.1264263335993698,-0.12642633359936983,107,-0.7943600817121453,-0.25285266719873967,917,-107,377,0,3,11.078300476074219,-5.477227210998535,12.358347760080594,152.72874450683594,-0.45916595614450356,0.005912612370495988,14.930782318115234,222.92825317382812,0.6559399875496117,25831.009194675833,-6.742351263324091,-6.846918530501596,0.10456726717750532,-0.09427947181481894,0.9374229150708592,0.24601246243257496,0.5122836420520976
D:\Desktop\proj\gr-lora_sdr\weakPacket_decoding\data\low_snr_gt_bin\0_0_0_10_14_16_extreme_snr\0_0_0_10_14_16_snr_m25dB.bin,-25.0,sto_phase_jump_corrected,continuous,sfo_cum_before,plus,1,2,2,17,25,4120958,4018557,10,4,-24,-0.27825675980667963,-3813.656896308203,-0.22708294569816,-0.006222641162550411,0.11735102523807979,0.11735102523807983,369,0.737338237558364,0.23470205047615966,656,-368,931,0,473,4.144317150115967,0.4191199243068695,4.165456295737158,17.35102653503418,0.1007885642723009,0.0007172315224175923,12.503464698791504,156.3366241455078,0.43420731289356,24191.6675337255,-6.182396742907287,-7.1431062265393575,0.9607094836320709,-0.09427947181481894,0.9374229150708592,0.24601246243257496,0.5122836420520976
D:\Desktop\proj\gr-lora_sdr\weakPacket_decoding\data\low_snr_gt_bin\0_0_0_10_14_16_extreme_snr\0_0_0_10_14_16_snr_m25dB.bin,-25.0,sto_phase_jump_corrected,continuous,sfo_cum_before,plus,1,2,2,18,26,4125054,4018557,10,4,-24,-0.27825675980667963,-3966.2016824653538,-0.22708294569816,-0.006222641162550411,0.11112838407552939,0.11112838407552939,136,0.6982402300339762,0.22225676815105877,889,-135,889,1,1,14.530901908874512,-0.26467227935791016,14.533312138008784,211.21714782714844,-0.01821242873257846,0.00874273794102084,14.53331184387207,211.21714782714844,0.47922281656492155,24159.15348853357,-6.301397735912166,-7.439293922577118,1.1378961866649524,-0.09427947181481894,0.9374229150708592,0.24601246243257496,0.5122836420520976
D:\Desktop\proj\gr-lora_sdr\weakPacket_decoding\data\low_snr_gt_bin\0_0_0_10_14_16_extreme_snr\0_0_0_10_14_16_snr_m25dB.bin,-25.0,sto_phase_jump_corrected,continuous,sfo_cum_before,plus,1,2,2,19,27,4129150,4018557,10,4,-24,-0.27825675980667963,-4118.746468622505,-0.22708294569816,-0.006222641162550411,0.10490574291297898,0.10490574291297894,515,0.6591422225095883,0.20981148582595788,510,510,634,0,184,4.629721641540527,-4.252048492431641,6.286035225811172,39.51423645019531,-0.7429014807738057,0.0016659502181040195,11.184403419494629,125.09085845947266,0.05461129057529602,23718.737823490053,-7.026086787953393,-7.735481618614879,0.7093948306614868,-0.09427947181481894,0.9374229150708592,0.24601246243257496,0.5122836420520976
D:\Desktop\proj\gr-lora_sdr\weakPacket_decoding\data\low_snr_gt_bin\0_0_0_10_14_16_extreme_snr\0_0_0_10_14_16_snr_m25dB.bin,-25.0,sto_phase_jump_corrected,continuous,sfo_cum_before,plus,1,2,2,20,28,4133246,4018557,10,4,-24,-0.27825675980667963,-4271.291254779656,-0.22708294569816,-0.006222641162550411,0.09868310175042858,0.0986831017504286,165,0.6200442149852011,0.1973662035008572,860,-164,323,0,136,5.483902454376221,-4.507397651672363,7.098578711222062,50.38982391357422,-0.6879720801189256,0.0020134689908088794,12.832669258117676,164.67739868164062,0.3231330694075992,25026.371969766915,-6.971157387298513,-8.03166931465264,1.0605119273541277,-0.09427947181481894,0.9374229150708592,0.24601246243257496,0.5122836420520976
D:\Desktop\proj\gr-lora_sdr\weakPacket_decoding\data\low_snr_gt_bin\0_0_0_10_14_16_extreme_snr\0_0_0_10_14_16_snr_m25dB.bin,-25.0,sto_phase_jump_corrected,continuous,sfo_cum_before,plus,1,2,2,21,29,4137342,4018557,10,4,-24,-0.27825675980667963,-4423.836040936806,-0.22708294569816,-0.006222641162550411,0.09246046058787817,0.09246046058787816,472,0.5809462074608133,0.18492092117575631,553,-471,553,1,1,1.780962347984314,-13.024908065795898,13.146104252111073,172.820068359375,-1.4349039304349278,0.007287089042694461,13.146103858947754,172.820068359375,0.11984027572171502,23715.92653072253,-7.718089237614515,-8.327857010690401,0.6097677730758866,-0.09427947181481894,0.9374229150708592,0.24601246243257496,0.5122836420520976
D:\Desktop\proj\gr-lora_sdr\weakPacket_decoding\data\low_snr_gt_bin\0_0_0_10_14_16_extreme_snr\0_0_0_10_14_16_snr_m25dB.bin,-25.0,sto_phase_jump_corrected,continuous,sfo_cum_before,plus,1,2,2,22,30,4141438,4018557,10,4,-24,-0.27825675980667963,-4576.380827093957,-0.22708294569816,-0.006222641162550411,0.08623781942532777,0.08623781942532771,396,0.5418481999364254,0.17247563885065542,629,-395,26,0,729,-0.7230731844902039,-2.7039268016815186,2.7989381877741515,7.834053993225098,-1.8320981367248002,0.0003170372239127768,13.192034721374512,174.02978515625,0.06723216985822675,24710.202469412237,-8.115283443904387,-8.624044706728164,0.5087612628237768,-0.09427947181481894,0.9374229150708592,0.24601246243257496,0.5122836420520976
D:\Desktop\proj\gr-lora_sdr\weakPacket_decoding\data\low_snr_gt_bin\0_0_0_10_14_16_extreme_snr\0_0_0_10_14_16_snr_m25dB.bin,-25.0,sto_phase_jump_corrected,continuous,sfo_cum_before,plus,1,2,2,23,31,4145534,4018557,10,4,-24,-0.27825675980667963,-4728.925613251108,-0.22708294569816,-0.006222641162550411,0.08001517826277736,0.08001517826277738,266,0.5027501924120382,0.16003035652555475,759,-265,242,0,91,-1.1631022691726685,-7.418224334716797,7.508852053991946,56.38285827636719,-1.726320007938989,0.002453293434806415,14.113625526428223,199.19442749023438,0.45386392630277184,22982.517083536834,-8.009505315118576,-8.920232402765924,0.9107270876473486,-0.09427947181481894,0.9374229150708592,0.24601246243257496,0.5122836420520976
D:\Desktop\proj\gr-lora_sdr\weakPacket_decoding\data\low_snr_gt_bin\0_0_0_10_14_16_extreme_snr\0_0_0_10_14_16_snr_m25dB.bin,-25.0,sto_phase_jump_corrected,continuous,sfo_cum_before,plus,1,2,2,24,32,4149630,4018557,10,4,-24,-0.27825675980667963,-4881.470399408259,-0.22708294569816,-0.006222641162550411,0.07379253710022696,0.07379253710022693,151,0.46365218488765036,0.14758507420045386,874,-150,443,0,12,-5.250095367431641,-8.34151840209961,9.85618742819421,97.14441680908203,-2.132548596364636,0.0040517036384199595,12.780754089355469,163.34767150878906,0.6114490859562687,23976.190135901794,-8.415733903544222,-9.216420098803685,0.8006861952594626,-0.09427947181481894,0.9374229150708592,0.24601246243257496,0.5122836420520976
D:\Desktop\proj\gr-lora_sdr\weakPacket_decoding\data\low_snr_gt_bin\0_0_0_10_14_16_extreme_snr\0_0_0_10_14_16_snr_m25dB.bin,-25.0,sto_phase_jump_corrected,continuous,sfo_cum_before,plus,1,2,2,25,33,4153726,4018557,10,4,-24,-0.27825675980667963,-5034.015185565409,-0.22708294569816,-0.006222641162550411,0.06756989593767655,0.0675698959376766,305,0.4245541773632632,0.1351397918753532,720,-304,321,0,15,-8.08798599243164,-5.99229621887207,10.065939170712236,101.3231430053711,-2.5039484207835567,0.004165029200969634,13.726330757141113,188.41212463378906,0.6242017098924675,24327.114677079022,-8.787133727963145,-9.512607794841447,0.7254740668783022,-0.09427947181481894,0.9374229150708592,0.24601246243257496,0.5122836420520976
D:\Desktop\proj\gr-lora_sdr\weakPacket_decoding\data\low_snr_gt_bin\0_0_0_10_14_16_extreme_snr\0_0_0_10_14_16_snr_m25dB.bin,-25.0,sto_phase_jump_corrected,continuous,sfo_cum_before,plus,1,2,2,26,34,4157822,4018557,10,4,-24,-0.27825675980667963,-5186.5599717225605,-0.22708294569816,-0.006222641162550411,0.06134725477512614,0.06134725477512615,711,0.3854561698388753,0.1226945095502523,314,314,166,0,596,-3.0773439407348633,1.709041953086853,3.5200667787683377,12.390870094299316,2.6346415535422985,0.0005168439652946722,12.90107250213623,166.4376678466797,0.4223649519327269,23974.102294557728,-9.931729060816874,-9.808795490879207,-0.12293356993766658,-0.09427947181481894,0.9374229150708592,0.24601246243257496,0.5122836420520976
D:\Desktop\proj\gr-lora_sdr\weakPacket_decoding\data\low_snr_gt_bin\0_0_0_10_14_16_extreme_snr\0_0_0_10_14_16_snr_m25dB.bin,-25.0,sto_phase_jump_corrected,continuous,sfo_cum_before,plus,1,2,2,27,35,4161918,4018557,10,4,-24,-0.27825675980667963,-5339.1047578797115,-0.22708294569816,-0.006222641162550411,0.05512461361257573,0.0551246136125757,423,0.34635816231448746,0.1102492272251514,602,-422,904,0,24,-4.597658157348633,8.270210266113281,9.462285050534037,89.53483581542969,2.0781809329363834,0.0036342812844722965,12.850746154785156,165.1416778564453,0.0666779398078941,24636.187682547607,-10.488189681422789,-10.104983186916968,-0.38320649450582067,-0.09427947181481894,0.9374229150708592,0.24601246243257496,0.5122836420520976
D:\Desktop\proj\gr-lora_sdr\weakPacket_decoding\data\low_snr_gt_bin\0_0_0_10_14_16_extreme_snr\0_0_0_10_14_16_snr_m25dB.bin,-25.0,sto_phase_jump_corrected,continuous,sfo_cum_before,plus,1,2,2,28,36,4166014,4018557,10,4,-24,-0.27825675980667963,-5491.649544036862,-0.22708294569816,-0.006222641162550411,0.04890197245002532,0.048901972450025366,1018,0.30726015479010027,0.09780394490005072,7,7,676,0,653,-1.0186127424240112,3.0901339054107666,3.253690131588711,10.586498260498047,1.8892136609629118,0.00042472051572301715,15.296651840209961,233.98757934570312,0.4842958567548016,24925.79912810726,-10.67715695339626,-10.40117088295473,-0.2759860704415295,-0.09427947181481894,0.9374229150708592,0.24601246243257496,0.5122836420520976
D:\Desktop\proj\gr-lora_sdr\weakPacket_decoding\data\low_snr_gt_bin\0_0_0_10_14_16_extreme_snr\0_0_0_10_14_16_snr_m25dB.bin,-25.0,sto_phase_jump_corrected,continuous,sfo_cum_before,plus,1,2,2,29,37,4170110,4018557,10,4,-24,-0.27825675980667963,-5644.194330194013,-0.22708294569816,-0.006222641162550411,0.042679331287474906,0.04267933128747492,415,0.2681621472657124,0.08535866257494984,610,-414,885,0,88,5.569746017456055,5.625274181365967,7.916172074589468,62.66577911376953,0.7903581998740017,0.002489588294445977,13.099122047424316,171.58700561523438,0.7102203279903399,25171.14145080559,-11.776012414485171,-10.69735857899249,-1.0786538354926805,-0.09427947181481894,0.9374229150708592,0.24601246243257496,0.5122836420520976
D:\Desktop\proj\gr-lora_sdr\weakPacket_decoding\data\low_snr_gt_bin\0_0_0_10_14_16_extreme_snr\0_0_0_10_14_16_snr_m25dB.bin,-25.0,sto_phase_jump_corrected,continuous,sfo_cum_before,plus,1,2,2,30,38,4174206,4018557,10,4,-24,-0.27825675980667963,-5796.739116351164,-0.22708294569816,-0.006222641162550411,0.036456690124924494,0.036456690124924473,250,0.22906413974132456,0.07291338024984895,775,-249,887,0,528,-3.734065532684326,1.4819774627685547,4.017399980402126,16.139501571655273,2.7637784670121297,0.0006573687484808679,12.354162216186523,152.62535095214844,0.2734375952036539,24551.67150697764,-9.802592147347042,-10.993546275030251,1.1909541276832094,-0.09427947181481894,0.9374229150708592,0.24601246243257496,0.5122836420520976
D:\Desktop\proj\gr-lora_sdr\weakPacket_decoding\data\low_snr_gt_bin\0_0_0_10_14_16_extreme_snr\0_0_0_10_14_16_snr_m25dB.bin,-25.0,sto_phase_jump_corrected,continuous,sfo_cum_before,plus,1,2,2,31,39,4178302,4018557,10,4,-24,-0.27825675980667963,-5949.283902508315,-0.22708294569816,-0.006222641162550411,0.030234048962374083,0.030234048962374027,113,0.1899661322169367,0.060468097924748054,912,-112,268,0,73,6.720889568328857,4.762080192565918,8.23697543702179,67.84777069091797,0.6164405947557932,0.0027266960806191253,13.819443702697754,190.9770050048828,0.9271621094254618,24882.77706238255,-11.949930019603379,-11.289733971068014,-0.6601960485353651,-0.09427947181481894,0.9374229150708592,0.24601246243257496,0.5122836420520976
D:\Desktop\proj\gr-lora_sdr\weakPacket_decoding\data\low_snr_gt_bin\0_0_0_10_14_16_extreme_snr\0_0_0_10_14_16_snr_m25dB.bin,-25.0,sto_phase_jump_corrected,continuous,sfo_cum_before,plus,1,2,2,32,40,4182398,4018557,10,4,-24,-0.27825675980667963,-6101.828688665465,-0.22708294569816,-0.006222641162550411,0.02401140779982367,0.024011407799823692,257,0.15086812469254954,0.048022815599647384,768,-256,802,0,6,10.721009254455566,3.2047054767608643,11.18973532425602,125.2101821899414,0.2904640810781412,0.005315717822607073,15.284883499145508,233.6276397705078,2.1547977292154954,23554.708200920373,-12.27590653328103,-11.585921667105774,-0.6899848661752568,-0.09427947181481894,0.9374229150708592,0.24601246243257496,0.5122836420520976
D:\Desktop\proj\gr-lora_sdr\weakPacket_decoding\data\low_snr_gt_bin\0_0_0_10_14_16_extreme_snr\0_0_0_10_14_16_snr_m25dB.bin,-25.0,sto_phase_jump_corrected,continuous,sfo_cum_before,plus,1,2,2,33,41,4186494,4018557,10,4,-24,-0.27825675980667963,-6254.373474822616,-0.22708294569816,-0.006222641162550411,0.01778876663727326,0.017788766637273246,444,0.11177011716816167,0.03557753327454649,581,-443,692,0,20,3.105809450149536,-9.088603973388672,9.604622560295356,92.24876403808594,-1.2415117640949551,0.003956190594922112,13.407703399658203,179.76654052734375,0.9560581043957281,23317.57326264563,-13.807882378454128,-11.882109363143535,-1.9257730153105932,-0.09427947181481894,0.9374229150708592,0.24601246243257496,0.5122836420520976
D:\Desktop\proj\gr-lora_sdr\weakPacket_decoding\data\low_snr_gt_bin\0_0_0_10_14_16_extreme_snr\0_0_0_10_14_16_snr_m25dB.bin,-25.0,sto_phase_jump_corrected,continuous,sfo_cum_before,plus,1,2,2,34,42,4190590,4018557,10,4,-24,-0.27825675980667963,-6406.918260979767,-0.22708294569816,-0.006222641162550411,0.011566125474722848,0.0115661254747228,932,0.07267210964377381,0.0231322509494456,93,93,567,0,4,7.662618160247803,-9.649820327758789,12.322124387774462,151.83474731445312,-0.8996826443793969,0.006067981413870533,13.272541999816895,176.16036987304688,0.018613361649602398,25022.28285791725,-13.466053258738569,-12.178297059181297,-1.287756199557272,-0.09427947181481894,0.9374229150708592,0.24601246243257496,0.5122836420520976
D:\Desktop\proj\gr-lora_sdr\weakPacket_decoding\data\low_snr_gt_bin\0_0_0_10_14_16_extreme_snr\0_0_0_10_14_16_snr_m25dB.bin,-25.0,sto_phase_jump_corrected,continuous,sfo_cum_before,plus,2,3,3,0,8,5551688,5518920,10,4,-24,-0.22814255140766385,-1217.8392743940574,-0.47433050608014027,-0.006209796635074755,-0.02400887916073831,-0.024008879160738295,802,-0.150852236784601,-0.04801775832147658,222,222,258,0,463,1.1432592868804932,4.06857967376709,4.226154559268888,17.860380172729492,1.2968632077736186,0.0007389369663905176,13.532258987426758,183.12203979492188,0.4790246672432046,24170.37039028108,1.2968632077736186,7.417690035396761,0.16235847955644392,-0.08042594814437383,0.711949300842281,0.5166616282728643,0.5964646998555306
D:\Desktop\proj\gr-lora_sdr\weakPacket_decoding\data\low_snr_gt_bin\0_0_0_10_14_16_extreme_snr\0_0_0_10_14_16_snr_m25dB.bin,-25.0,sto_phase_jump_corrected,continuous,sfo_cum_before,plus,2,3,3,1,9,5555784,5518920,10,4,-24,-0.22814255140766385,-1370.0691836933145,-0.47433050608014027,-0.006209796635074755,-0.03021867579581306,-0.030218675795813055,313,-0.18986953976267598,-0.06043735159162611,711,-313,306,0,162,-6.515888690948486,-1.0560938119888306,6.600919600521694,43.572147369384766,-2.980910184345821,0.001801392704436441,12.928661346435547,167.15028381347656,0.753126124550725,24188.033659776673,3.3022751228337652,7.1650244675484025,2.4204359624649494,-0.08042594814437383,0.711949300842281,0.5166616282728643,0.5964646998555306
D:\Desktop\proj\gr-lora_sdr\weakPacket_decoding\data\low_snr_gt_bin\0_0_0_10_14_16_extreme_snr\0_0_0_10_14_16_snr_m25dB.bin,-25.0,sto_phase_jump_corrected,continuous,sfo_cum_before,plus,2,3,3,2,10,5559880,5518920,10,4,-24,-0.22814255140766385,-1522.2990929925718,-0.47433050608014027,-0.006209796635074755,-0.036428472430887815,-0.036428472430887815,153,-0.22888684274075094,-0.07285694486177563,871,-153,65,0,474,4.325076103210449,-0.37244996428489685,4.341083076198601,18.845001220703125,-0.08590216198079054,0.000753660204727152,12.099411010742188,146.395751953125,0.3552371686077951,25004.638831269578,6.197283145198796,6.9123588997000445,-0.7150757545012487,-0.08042594814437383,0.711949300842281,0.5166616282728643,0.5964646998555306
D:\Desktop\proj\gr-lora_sdr\weakPacket_decoding\data\low_snr_gt_bin\0_0_0_10_14_16_extreme_snr\0_0_0_10_14_16_snr_m25dB.bin,-25.0,sto_phase_jump_corrected,continuous,sfo_cum_before,plus,2,3,3,3,11,5563976,5518920,10,4,-24,-0.22814255140766385,-1674.5290022918289,-0.47433050608014027,-0.006209796635074755,-0.04263826906596257,-0.042638269065962575,306,-0.2679041457188259,-0.08527653813192515,718,-306,395,0,75,4.82539701461792,6.0630998611450195,7.748911941356689,60.04563522338867,0.8985830239605858,0.0024633630097850613,12.446845054626465,154.92398071289062,0.4298299212168929,24375.471655973233,7.181768331140172,6.659693331851686,0.5220749992884857,-0.08042594814437383,0.711949300842281,0.5166616282728643,0.5964646998555306
D:\Desktop\proj\gr-lora_sdr\weakPacket_decoding\data\low_snr_gt_bin\0_0_0_10_14_16_extreme_snr\0_0_0_10_14_16_snr_m25dB.bin,-25.0,sto_phase_jump_corrected,continuous,sfo_cum_before,plus,2,3,3,4,12,5568072,5518920,10,4,-24,-0.22814255140766385,-1826.758911591086,-0.47433050608014027,-0.006209796635074755,-0.04884806570103732,-0.048848065701037335,917,-0.30692144869690086,-0.09769613140207466,107,107,834,0,295,3.808197259902954,3.7902872562408447,5.372954853258505,28.868648529052734,0.7830411183239551,0.0011887526608198619,13.364869117736816,178.61972045898438,1.063852524354922,24284.823479715735,7.066226425503541,6.4070277640033275,0.6591986615002137,-0.08042594814437383,0.711949300842281,0.5166616282728643,0.5964646998555306
D:\Desktop\proj\gr-lora_sdr\weakPacket_decoding\data\low_snr_gt_bin\0_0_0_10_14_16_extreme_snr\0_0_0_10_14_16_snr_m25dB.bin,-25.0,sto_phase_jump_corrected,continuous,sfo_cum_before,plus,2,3,3,5,13,5572168,5518920,10,4,-24,-0.22814255140766385,-1978.9888208903433,-0.47433050608014027,-0.006209796635074755,-0.055057862336112075,-0.055057862336112096,556,-0.34593875167497584,-0.11011572467222419,468,468,877,0,20,9.911733627319336,2.3031198978424072,10.175796026000645,103.54681396484375,0.22831147890346107,0.003929938736488521,13.934951782226562,194.18287658691406,0.3784238192548157,26348.200546598062,6.511496786083048,6.154362196154969,0.3571345899280791,-0.08042594814437383,0.711949300842281,0.5166616282728643,0.5964646998555306
D:\Desktop\proj\gr-lora_sdr\weakPacket_decoding\data\low_snr_gt_bin\0_0_0_10_14_16_extreme_snr\0_0_0_10_14_16_snr_m25dB.bin,-25.0,sto_phase_jump_corrected,continuous,sfo_cum_before,plus,2,3,3,6,14,5576264,5518920,10,4,-24,-0.22814255140766385,-2131.2187301896006,-0.47433050608014027,-0.006209796635074755,-0.06126765897118683,-0.0612676589711868,935,-0.3849560546530505,-0.12253531794237361,89,89,61,0,4,10.1090726852417,5.693977355957031,11.602358755255382,134.61471557617188,0.5129621771775801,0.005638649226034485,12.466209411621094,155.4063720703125,0.5583127333583281,23873.575067346916,6.796147484357166,5.901696628306611,0.8944508560505557,-0.08042594814437383,0.711949300842281,0.5166616282728643,0.5964646998555306
D:\Desktop\proj\gr-lora_sdr\weakPacket_decoding\data\low_snr_gt_bin\0_0_0_10_14_16_extreme_snr\0_0_0_10_14_16_snr_m25dB.bin,-25.0,sto_phase_jump_corrected,continuous,sfo_cum_before,plus,2,3,3,7,15,5580360,5518920,10,4,-24,-0.22814255140766385,-2283.4486394888577,-0.47433050608014027,-0.006209796635074755,-0.06747745560626159,-0.06747745560626162,311,-0.42397335763112576,-0.13495491121252323,713,-311,416,0,7,10.563600540161133,1.3184820413589478,10.645564863617084,113.32803344726562,0.12417155394435876,0.0045746517758310104,13.221240997314453,174.80120849609375,0.4305346074417582,24773.040441242978,6.407356861123945,5.6490310604582525,0.7583258006656921,-0.08042594814437383,0.711949300842281,0.5166616282728643,0.5964646998555306
D:\Desktop\proj\gr-lora_sdr\weakPacket_decoding\data\low_snr_gt_bin\0_0_0_10_14_16_extreme_snr\0_0_0_10_14_16_snr_m25dB.bin,-25.0,sto_phase_jump_corrected,continuous,sfo_cum_before,plus,2,3,3,8,16,5584456,5518920,10,4,-24,-0.22814255140766385,-2435.6785487881148,-0.47433050608014027,-0.006209796635074755,-0.07368725224133635,-0.07368725224133632,159,-0.4629906606092004,-0.14737450448267264,865,-159,769,0,54,7.230449199676514,4.180391311645508,8.35194990092637,69.75506591796875,0.5242094682130822,0.002981616417092695,12.590239524841309,158.51416015625,0.4257944044530331,23395.05025464855,6.807394775392669,5.396365492609894,1.411029282782775,-0.08042594814437383,0.711949300842281,0.5166616282728643,0.5964646998555306
D:\Desktop\proj\gr-lora_sdr\weakPacket_decoding\data\low_snr_gt_bin\0_0_0_10_14_16_extreme_snr\0_0_0_10_14_16_snr_m25dB.bin,-25.0,sto_phase_jump_corrected,continuous,sfo_cum_before,plus,2,3,3,9,17,5588552,5518920,10,4,-24,-0.22814255140766385,-2587.908458087372,-0.47433050608014027,-0.006209796635074755,-0.07989704887641111,-0.07989704887641114,532,-0.5020079635872757,-0.15979409775282227,492,492,558,0,41,7.929416179656982,-3.207361936569214,8.553526263615431,73.16280364990234,-0.38437023869387765,0.0029543882474908478,12.935124397277832,167.31747436523438,0.37224366469799014,24764.112743827514,5.898815068485709,5.143699924761535,0.7551151437241739,-0.08042594814437383,0.711949300842281,0.5166616282728643,0.5964646998555306
D:\Desktop\proj\gr-lora_sdr\weakPacket_decoding\data\low_snr_gt_bin\0_0_0_10_14_16_extreme_snr\0_0_0_10_14_16_snr_m25dB.bin,-25.0,sto_phase_jump_corrected,continuous,sfo_cum_before,plus,2,3,3,10,18,5592648,5518920,10,4,-24,-0.22814255140766385,-2740.138367386629,-0.47433050608014027,-0.006209796635074755,-0.08610684551148587,-0.08610684551148584,259,-0.5410252665653503,-0.17221369102297168,765,-259,472,0,25,10.011768341064453,-0.9236233234405518,10.054281941478658,101.08859252929688,-0.09199337687588317,0.004108309276694164,11.811466217041016,139.51072692871094,0.21783433493932566,24605.88668500632,6.191191930303703,4.891034356913177,1.3001575733905266,-0.08042594814437383,0.711949300842281,0.5166616282728643,0.5964646998555306
D:\Desktop\proj\gr-lora_sdr\weakPacket_decoding\data\low_snr_gt_bin\0_0_0_10_14_16_extreme_snr\0_0_0_10_14_16_snr_m25dB.bin,-25.0,sto_phase_jump_corrected,continuous,sfo_cum_before,plus,2,3,3,11,19,5596744,5518920,10,4,-24,-0.22814255140766385,-2892.3682766858865,-0.47433050608014027,-0.006209796635074755,-0.09231664214656063,-0.09231664214656066,1,-0.5800425695434257,-0.18463328429312134,1023,-1,796,0,247,2.1035239696502686,-5.299252986907959,5.701481852128107,32.506893157958984,-1.1929243865191472,0.0013614376995470154,14.016737937927246,196.4689178466797,1.01532947616895,23876.886300985236,5.090260920660439,4.638368789064819,0.4518921315956206,-0.08042594814437383,0.711949300842281,0.5166616282728643,0.5964646998555306
D:\Desktop\proj\gr-lora_sdr\weakPacket_decoding\data\low_snr_gt_bin\0_0_0_10_14_16_extreme_snr\0_0_0_10_14_16_snr_m25dB.bin,-25.0,sto_phase_jump_corrected,continuous,sfo_cum_before,plus,2,3,3,12,20,5600840,5518920,10,4,-24,-0.22814255140766385,-3044.5981859851436,-0.47433050608014027,-0.006209796635074755,-0.09852643878163539,-0.09852643878163536,427,-0.6190598725215003,-0.19705287756327072,597,-427,815,0,485,-2.5229556560516357,-3.32985782623291,4.1777097057272305,17.453256607055664,-2.219192440796515,0.0007327339205897756,12.338098526000977,152.22866821289062,0.06805323092590196,23819.36486986652,4.063992866383071,4.38570322121646,-0.32171035483338883,-0.08042594814437383,0.711949300842281,0.5166616282728643,0.5964646998555306
D:\Desktop\proj\gr-lora_sdr\weakPacket_decoding\data\low_snr_gt_bin\0_0_0_10_14_16_extreme_snr\0_0_0_10_14_16_snr_m25dB.bin,-25.0,sto_phase_jump_corrected,continuous,sfo_cum_before,plus,2,3,3,13,21,5604936,5518920,10,4,-24,-0.22814255140766385,-3196.8280952844007,-0.47433050608014027,-0.006209796635074755,-0.10473623541671015,-0.10473623541671018,462,-0.6580771754995756,-0.20947247083342035,562,-462,264,0,102,-0.7547109723091125,-7.4645867347717285,7.50264245267318,56.28963851928711,-1.671559439795622,0.0022928081292029473,13.515668869018555,182.67330932617188,1.196613343007911,24550.52291656658,4.611625867383964,4.133037653368101,0.47858821401586304,-0.08042594814437383,0.711949300842281,0.5166616282728643,0.5964646998555306
D:\Desktop\proj\gr-lora_sdr\weakPacket_decoding\data\low_snr_gt_bin\0_0_0_10_14_16_extreme_snr\0_0_0_10_14_16_snr_m25dB.bin,-25.0,sto_phase_jump_corrected,continuous,sfo_cum_before,plus,2,3,3,14,22,5609032,5518920,10,4,-24,-0.22814255140766385,-3349.0580045836577,-0.47433050608014027,-0.006209796635074755,-0.11094603205178491,-0.11094603205178488,546,-0.6970944784776502,-0.22189206410356974,478,478,672,0,2,3.9602880477905273,-11.427820205688477,12.094583749555596,146.2789764404297,-1.237200104466938,0.006265587238427051,12.347474098205566,152.46011352539062,0.1797432603718372,23346.411257877946,5.045985202712648,3.8803720855197428,1.1656131171929056,-0.08042594814437383,0.711949300842281,0.5166616282728643,0.5964646998555306
D:\Desktop\proj\gr-lora_sdr\weakPacket_decoding\data\low_snr_gt_bin\0_0_0_10_14_16_extreme_snr\0_0_0_10_14_16_snr_m25dB.bin,-25.0,sto_phase_jump_corrected,continuous,sfo_cum_before,plus,2,3,3,15,23,5613128,5518920,10,4,-24,-0.22814255140766385,-3501.287913882915,-0.47433050608014027,-0.006209796635074755,-0.11715582868685967,-0.1171558286868597,757,-0.7361117814557255,-0.2343116573737194,267,267,566,0,69,4.4417619705200195,-6.8596062660217285,8.172114018269841,66.78345489501953,-0.9961634390341059,0.0028054072613245213,13.23266315460205,175.1033935546875,0.19142133562834787,23805.262008015532,5.28702186814548,3.6277065176713843,1.6593153504740958,-0.08042594814437383,0.711949300842281,0.5166616282728643,0.5964646998555306
D:\Desktop\proj\gr-lora_sdr\weakPacket_decoding\data\low_snr_gt_bin\0_0_0_10_14_16_extreme_snr\0_0_0_10_14_16_snr_m25dB.bin,-25.0,sto_phase_jump_corrected,continuous,sfo_cum_before,plus,2,3,3,16,24,5617224,5518920,10,4,-24,-0.22814255140766385,-3653.517823182172,-0.47433050608014027,-0.006209796635074755,-0.12336562532193443,-0.1233656253219344,107,-0.7751290844338001,-0.2467312506438688,917,-107,507,0,5,-8.762246131896973,-9.38455867767334,12.839271741443806,164.84689331054688,-2.3219146942466216,0.006556092624258862,13.62773323059082,185.715087890625,0.1986923273982294,25144.076320792083,3.9612706129329647,3.375040949823026,0.5862296631099387,-0.08042594814437383,0.711949300842281,0.5166616282728643,0.5964646998555306
D:\Desktop\proj\gr-lora_sdr\weakPacket_decoding\data\low_snr_gt_bin\0_0_0_10_14_16_extreme_snr\0_0_0_10_14_16_snr_m25dB.bin,-25.0,sto_phase_jump_corrected,continuous,sfo_cum_before,plus,2,3,3,17,25,5621320,5518920,10,4,-24,-0.22814255140766385,-3805.7477324814295,-0.47433050608014027,-0.006209796635074755,-0.1295754219570092,-0.12957542195700922,368,-0.8141463874118755,-0.25915084391401844,656,-368,33,0,3,-10.822157859802246,-5.624923229217529,12.196674221978322,148.75889587402344,-2.6622624090659257,0.006323320091512639,12.861028671264648,165.4060516357422,0.01966453505184625,23525.44133795984,3.6209228981136605,3.122375381974667,0.4985475161389936,-0.08042594814437383,0.711949300842281,0.5166616282728643,0.5964646998555306
D:\Desktop\proj\gr-lora_sdr\weakPacket_decoding\data\low_snr_gt_bin\0_0_0_10_14_16_extreme_snr\0_0_0_10_14_16_snr_m25dB.bin,-25.0,sto_phase_jump_corrected,continuous,sfo_cum_before,plus,2,3,3,18,26,5625417,5518920,10,4,-24,-0.22814255140766385,-3958.0148072858865,-0.47433050608014027,-0.006209796635074755,0.11421478140791605,0.11421478140791608,136,0.7176326364049465,0.22842956281583215,889,-135,363,0,3,-1.5777733325958252,-12.713212013244629,12.810742694424789,164.11512756347656,-1.6942700057796822,0.0070072555675593975,14.276453971862793,203.817138671875,0.4667903306718913,23420.74239781685,4.588915301399904,2.869709814126309,1.7192054872735953,-0.08042594814437383,0.711949300842281,0.5166616282728643,0.5964646998555306
D:\Desktop\proj\gr-lora_sdr\weakPacket_decoding\data\low_snr_gt_bin\0_0_0_10_14_16_extreme_snr\0_0_0_10_14_16_snr_m25dB.bin,-25.0,sto_phase_jump_corrected,continuous,sfo_cum_before,plus,2,3,3,19,27,5629513,5518920,10,4,-24,-0.22814255140766385,-4110.244716585144,-0.47433050608014027,-0.006209796635074755,0.10800498477284129,0.10800498477284126,515,0.6786153334268712,0.21600996954568252,510,510,510,1,1,-15.236505508422852,-3.2505438327789307,15.579381737316055,242.71714782714844,-2.9314044596100777,0.009630065650548162,15.579381942749023,242.71714782714844,0.9506197459257479,25204.101055461913,3.3517808475695086,2.617044246277951,0.7347366012915577,-0.08042594814437383,0.711949300842281,0.5166616282728643,0.5964646998555306
D:\Desktop\proj\gr-lora_sdr\weakPacket_decoding\data\low_snr_gt_bin\0_0_0_10_14_16_extreme_snr\0_0_0_10_14_16_snr_m25dB.bin,-25.0,sto_phase_jump_corrected,continuous,sfo_cum_before,plus,2,3,3,20,28,5633609,5518920,10,4,-24,-0.22814255140766385,-4262.474625884401,-0.47433050608014027,-0.006209796635074755,0.10179518813776653,0.10179518813776656,165,0.6395980304487965,0.20359037627553309,860,-164,313,0,37,0.2700987458229065,-9.262604713439941,9.266541933749338,85.86880493164062,-1.541644458930185,0.0035115672669178096,12.495967864990234,156.14918518066406,0.0808237987935663,24453.128305586986,4.741540848249401,2.364378678429592,2.377162169819809,-0.08042594814437383,0.711949300842281,0.5166616282728643,0.5964646998555306
D:\Desktop\proj\gr-lora_sdr\weakPacket_decoding\data\low_snr_gt_bin\0_0_0_10_14_16_extreme_snr\0_0_0_10_14_16_snr_m25dB.bin,-25.0,sto_phase_jump_corrected,continuous,sfo_cum_before,plus,2,3,3,21,29,5637705,5518920,10,4,-24,-0.22814255140766385,-4414.704535183658,-0.47433050608014027,-0.006209796635074755,0.09558539150269177,0.09558539150269174,472,0.6005807274707212,0.19117078300538348,553,-471,78,0,50,-6.915040969848633,5.072904586791992,8.576255159530898,73.5521469116211,2.508667559812186,0.0029936139550295403,12.56099796295166,157.77867126464844,0.5534893023014231,24569.683338109404,2.508667559812186,2.111713110581233,0.3969544492309529,-0.08042594814437383,0.711949300842281,0.5166616282728643,0.5964646998555306
D:\Desktop\proj\gr-lora_sdr\weakPacket_decoding\data\low_snr_gt_bin\0_0_0_10_14_16_extreme_snr\0_0_0_10_14_16_snr_m25dB.bin,-25.0,sto_phase_jump_corrected,continuous,sfo_cum_before,plus,2,3,3,22,30,5641801,5518920,10,4,-24,-0.22814255140766385,-4566.934444482915,-0.47433050608014027,-0.006209796635074755,0.08937559486761701,0.08937559486761704,396,0.5615634244926466,0.17875118973523407,629,-395,682,0,74,-8.27878189086914,-0.7452403903007507,8.312256783564765,69.09361267089844,-3.0518165039918097,0.002605492428864313,13.116033554077148,172.03033447265625,0.12928880836446346,26518.446918310598,3.2313688031877765,1.859047542732875,1.3723212604549015,-0.08042594814437383,0.711949300842281,0.5166616282728643,0.5964646998555306
D:\Desktop\proj\gr-lora_sdr\weakPacket_decoding\data\low_snr_gt_bin\0_0_0_10_14_16_extreme_snr\0_0_0_10_14_16_snr_m25dB.bin,-25.0,sto_phase_jump_corrected,continuous,sfo_cum_before,plus,2,3,3,23,31,5645897,5518920,10,4,-24,-0.22814255140766385,-4719.164353782172,-0.47433050608014027,-0.006209796635074755,0.08316579823254225,0.08316579823254222,266,0.5225461215145712,0.16633159646508444,759,-265,571,0,6,-4.212580680847168,10.919872283935547,11.704249086981639,136.9894561767578,1.93897731386936,0.005428930794144403,12.923095703125,167.00640869140625,0.0955418867269422,25233.229409465566,1.938977313869361,1.606381974884517,0.332595338984844,-0.08042594814437383,0.711949300842281,0.5166616282728643,0.5964646998555306
D:\Desktop\proj\gr-lora_sdr\weakPacket_decoding\data\low_snr_gt_bin\0_0_0_10_14_16_extreme_snr\0_0_0_10_14_16_snr_m25dB.bin,-25.0,sto_phase_jump_corrected,continuous,sfo_cum_before,plus,2,3,3,24,32,5649993,5518920,10,4,-24,-0.22814255140766385,-4871.39426308143,-0.47433050608014027,-0.006209796635074755,0.07695600159746749,0.07695600159746752,151,0.48352881853649665,0.15391200319493503,874,-150,324,0,8,-6.2523345947265625,9.194793701171875,11.119168992848547,123.63592529296875,2.1679636796278015,0.005102355478663461,13.969596862792969,195.1496124267578,1.148753359097641,24231.14693007525,2.1679636796278023,1.353716407036158,0.8142472725916443,-0.08042594814437383,0.711949300842281,0.5166616282728643,0.5964646998555306
D:\Desktop\proj\gr-lora_sdr\weakPacket_decoding\data\low_snr_gt_bin\0_0_0_10_14_16_extreme_snr\0_0_0_10_14_16_snr_m25dB.bin,-25.0,sto_phase_jump_corrected,continuous,sfo_cum_before,plus,2,3,3,25,33,5654089,5518920,10,4,-24,-0.22814255140766385,-5023.624172380687,-0.47433050608014027,-0.006209796635074755,0.07074620496239273,0.0707462049623927,305,0.44451151555842133,0.1414924099247854,720,-304,728,0,143,-1.2233999967575073,6.7891435623168945,6.8984909843976165,47.58918380737305,1.7490824576115884,0.0019368462488661895,11.937073707580566,142.49374389648438,0.08605377669917397,24570.449944197317,1.7490824576115893,1.1010508391877991,0.6480316184237902,-0.08042594814437383,0.711949300842281,0.5166616282728643,0.5964646998555306
D:\Desktop\proj\gr-lora_sdr\weakPacket_decoding\data\low_snr_gt_bin\0_0_0_10_14_16_extreme_snr\0_0_0_10_14_16_snr_m25dB.bin,-25.0,sto_phase_jump_corrected,continuous,sfo_cum_before,plus,2,3,3,26,34,5658185,5518920,10,4,-24,-0.22814255140766385,-5175.854081679944,-0.47433050608014027,-0.006209796635074755,0.06453640832731797,0.064536408327318,711,0.40549421258034674,0.129072816654636,314,314,948,0,60,5.328639984130859,6.216442584991455,8.187708012195682,67.03855895996094,0.8621458865261509,0.0028046428920642224,13.051323890686035,170.3370819091797,0.46090632926546116,23902.707595910877,0.8621458865261518,0.8483852713394411,0.013760615186710679,-0.08042594814437383,0.711949300842281,0.5166616282728643,0.5964646998555306
D:\Desktop\proj\gr-lora_sdr\weakPacket_decoding\data\low_snr_gt_bin\0_0_0_10_14_16_extreme_snr\0_0_0_10_14_16_snr_m25dB.bin,-25.0,sto_phase_jump_corrected,continuous,sfo_cum_before,plus,2,3,3,27,35,5662281,5518920,10,4,-24,-0.22814255140766385,-5328.083990979201,-0.47433050608014027,-0.006209796635074755,0.058326611692243215,0.05832661169224318,423,0.3664769096022714,0.11665322338448636,602,-422,154,0,5,5.082788467407227,10.397807121276855,11.57363951122047,133.9491424560547,1.116122376464852,0.0055246688414837064,13.436567306518555,180.5413360595703,0.2489199251249707,24245.64191979356,1.116122376464853,0.595719703491083,0.5204026729737699,-0.08042594814437383,0.711949300842281,0.5166616282728643,0.5964646998555306
D:\Desktop\proj\gr-lora_sdr\weakPacket_decoding\data\low_snr_gt_bin\0_0_0_10_14_16_extreme_snr\0_0_0_10_14_16_snr_m25dB.bin,-25.0,sto_phase_jump_corrected,continuous,sfo_cum_before,plus,2,3,3,28,36,5666377,5518920,10,4,-24,-0.22814255140766385,-5480.313900278458,-0.47433050608014027,-0.006209796635074755,0.05211681505716846,0.052116815057168475,1018,0.32745960662419676,0.10423363011433694,7,7,650,0,2,8.114962577819824,-9.298203468322754,12.341361569038703,152.30918884277344,-0.8532448018791523,0.006032221733078076,13.492560386657715,182.04916381835938,0.7746258329243672,25249.268939763308,-0.8532448018791514,0.34305413564272413,-1.1962989375218755,-0.08042594814437383,0.711949300842281,0.5166616282728643,0.5964646998555306
D:\Desktop\proj\gr-lora_sdr\weakPacket_decoding\data\low_snr_gt_bin\0_0_0_10_14_16_extreme_snr\0_0_0_10_14_16_snr_m25dB.bin,-25.0,sto_phase_jump_corrected,continuous,sfo_cum_before,plus,2,3,3,29,37,5670473,5518920,10,4,-24,-0.22814255140766385,-5632.543809577715,-0.47433050608014027,-0.006209796635074755,0.04590701842209371,0.04590701842209366,415,0.2884423036461215,0.09181403684418733,610,-414,472,0,4,9.818991661071777,-6.894528388977051,11.997796420451865,143.94711303710938,-0.6121758774747401,0.005836882149354531,12.152709007263184,147.68833923339844,0.05073697191084929,24661.644582463894,-0.6121758774747392,0.09038856779436522,-0.7025644452691044,-0.08042594814437383,0.711949300842281,0.5166616282728643,0.5964646998555306
D:\Desktop\proj\gr-lora_sdr\weakPacket_decoding\data\low_snr_gt_bin\0_0_0_10_14_16_extreme_snr\0_0_0_10_14_16_snr_m25dB.bin,-25.0,sto_phase_jump_corrected,continuous,sfo_cum_before,plus,2,3,3,30,38,5674569,5518920,10,4,-24,-0.22814255140766385,-5784.773718876972,-0.47433050608014027,-0.006209796635074755,0.039697221787018955,0.039697221787018955,247,0.24942500066804685,0.07939444357403791,778,-246,454,0,5,8.580113410949707,-7.658427715301514,11.500863498679452,132.26986694335938,-0.7286998535185171,0.005221424349094067,15.121310234069824,228.654052734375,1.1733847285723895,25332.14274497889,-0.7286998535185162,-0.16227700005399281,-0.5664228534645234,-0.08042594814437383,0.711949300842281,0.5166616282728643,0.5964646998555306
D:\Desktop\proj\gr-lora_sdr\weakPacket_decoding\data\low_snr_gt_bin\0_0_0_10_14_16_extreme_snr\0_0_0_10_14_16_snr_m25dB.bin,-25.0,sto_phase_jump_corrected,continuous,sfo_cum_before,plus,2,3,3,31,39,5678665,5518920,10,4,-24,-0.22814255140766385,-5937.0036281762295,-0.47433050608014027,-0.006209796635074755,0.0334874251519442,0.03348742515194425,128,0.21040769768997222,0.0669748503038885,897,-127,431,0,137,-1.0558888912200928,-6.736225128173828,6.818477126752168,46.49163055419922,-1.7262790292625498,0.0019027036229545076,15.712963104248047,246.89723205566406,1.1313819617126257,24434.509922258556,-1.726279029262549,-0.41494256790235085,-1.311336461360198,-0.08042594814437383,0.711949300842281,0.5166616282728643,0.5964646998555306
D:\Desktop\proj\gr-lora_sdr\weakPacket_decoding\data\low_snr_gt_bin\0_0_0_10_14_16_extreme_snr\0_0_0_10_14_16_snr_m25dB.bin,-25.0,sto_phase_jump_corrected,continuous,sfo_cum_before,plus,2,3,3,32,40,5682761,5518920,10,4,-24,-0.22814255140766385,-6089.233537475487,-0.47433050608014027,-0.006209796635074755,0.027277628516869448,0.027277628516869434,285,0.17139039471189693,0.054555257033738876,740,-284,343,0,192,-5.436478137969971,-3.018982410430908,6.218484488934314,38.66954803466797,-2.634674536823935,0.0016251068263259181,13.351318359375,178.25770568847656,1.07796728043163,23795.080672999844,-2.634674536823934,-0.6676081357507098,-1.9670664010732244,-0.08042594814437383,0.711949300842281,0.5166616282728643,0.5964646998555306
D:\Desktop\proj\gr-lora_sdr\weakPacket_decoding\data\low_snr_gt_bin\0_0_0_10_14_16_extreme_snr\0_0_0_10_14_16_snr_m25dB.bin,-25.0,sto_phase_jump_corrected,continuous,sfo_cum_before,plus,2,3,3,33,41,5686857,5518920,10,4,-24,-0.22814255140766385,-6241.463446774744,-0.47433050608014027,-0.006209796635074755,0.021067831881794695,0.02106783188179473,435,0.1323730917338223,0.04213566376358946,590,-434,694,0,11,-7.257859230041504,-8.195239067077637,10.947075589839242,119.83847045898438,-2.2956090577771757,0.00488143319293514,12.299750328063965,151.2838592529297,0.012785858165799554,24549.853643890005,-2.295609057777175,-0.9202737035990687,-1.3753353541781062,-0.08042594814437383,0.711949300842281,0.5166616282728643,0.5964646998555306
D:\Desktop\proj\gr-lora_sdr\weakPacket_decoding\data\low_snr_gt_bin\0_0_0_10_14_16_extreme_snr\0_0_0_10_14_16_snr_m25dB.bin,-25.0,sto_phase_jump_corrected,continuous,sfo_cum_before,plus,2,3,3,34,42,5690953,5518920,10,4,-24,-0.22814255140766385,-6393.693356074002,-0.47433050608014027,-0.006209796635074755,0.01485803524671994,0.014858035246719914,95,0.09335578875574699,0.02971607049343983,930,-94,774,0,2,-11.974380493164062,3.9555654525756836,12.610800380811611,159.0323028564453,2.822542384182146,0.00662325895971602,13.352483749389648,178.288818359375,0.4963875886071685,24011.18600732833,-3.4606429229974394,-1.1729392714474276,-2.2877036515500118,-0.08042594814437383,0.711949300842281,0.5166616282728643,0.5964646998555306
D:\Desktop\proj\gr-lora_sdr\weakPacket_decoding\data\low_snr_gt_bin\0_0_0_10_14_16_extreme_snr\0_0_0_10_14_16_snr_m25dB.bin,-25.0,sto_phase_jump_corrected,continuous,sfo_cum_before,plus,3,5,5,0,8,8552416,8519648,10,4,-24,-0.2470649666885119,-1218.7904187274091,-0.3829332194884841,-0.006214646546721477,0.0673496081377441,0.06734960813774404,803,0.42317006829537607,0.1346992162754881,222,222,936,0,27,-5.771475315093994,-7.43202543258667,9.409831525768906,88.544921875,-2.2310854527180846,0.0035213590325633487,17.315876007080078,299.8395690917969,3.004167674829155,25145.099109801464,-2.2310854527180846,-1.2003317516380831,-1.0307537010800014,-0.11811214905658779,0.9714812132400072,0.20438215647843747,0.5601016509649988
D:\Desktop\proj\gr-lora_sdr\weakPacket_decoding\data\low_snr_gt_bin\0_0_0_10_14_16_extreme_snr\0_0_0_10_14_16_snr_m25dB.bin,-25.0,sto_phase_jump_corrected,continuous,sfo_cum_before,plus,3,5,5,1,9,8556512,8519648,10,4,-24,-0.2470649666885119,-1371.1392210683352,-0.3829332194884841,-0.006214646546721477,0.06113496159102262,0.06113496159102261,199,0.3841222924237016,0.12226992318204521,826,-198,827,0,11,-8.193279266357422,-6.294715881347656,10.332147558151346,106.7532730102539,-2.4864959080287727,0.004616013038598651,12.576931953430176,158.1792449951172,0.2879452505543178,23126.726921608206,-2.4864959080287727,-1.571392011413962,-0.9151038966148107,-0.11811214905658779,0.9714812132400072,0.20438215647843747,0.5601016509649988
D:\Desktop\proj\gr-lora_sdr\weakPacket_decoding\data\low_snr_gt_bin\0_0_0_10_14_16_extreme_snr\0_0_0_10_14_16_snr_m25dB.bin,-25.0,sto_phase_jump_corrected,continuous,sfo_cum_before,plus,3,5,5,2,10,8560608,8519648,10,4,-24,-0.2470649666885119,-1523.4880234092614,-0.3829332194884841,-0.006214646546721477,0.05492031504430114,0.05492031504430117,154,0.3450745165520271,0.10984063008860234,871,-153,221,0,501,-2.6030519008636475,-3.0594584941864014,4.016984624844757,16.13616371154785,-2.2757669000556966,0.000687960554089352,11.69570541381836,136.78955078125,0.21970022670674377,23455.071102015674,-2.2757669000556966,-1.9424522711898407,-0.33331462886585594,-0.11811214905658779,0.9714812132400072,0.20438215647843747,0.5601016509649988
D:\Desktop\proj\gr-lora_sdr\weakPacket_decoding\data\low_snr_gt_bin\0_0_0_10_14_16_extreme_snr\0_0_0_10_14_16_snr_m25dB.bin,-25.0,sto_phase_jump_corrected,continuous,sfo_cum_before,plus,3,5,5,3,11,8564704,8519648,10,4,-24,-0.2470649666885119,-1675.8368257501875,-0.3829332194884841,-0.006214646546721477,0.048705668497579666,0.048705668497579624,307,0.3060267406803519,0.09741133699515925,718,-306,916,0,216,-5.585148334503174,-2.2581138610839844,6.0243638774582,36.2929573059082,-2.757378977332357,0.0015319841739207284,13.33725643157959,177.88238525390625,0.5123853153071118,23690.164639903232,-2.757378977332357,-2.3135125309657196,-0.4438664463666373,-0.11811214905658779,0.9714812132400072,0.20438215647843747,0.5601016509649988
D:\Desktop\proj\gr-lora_sdr\weakPacket_decoding\data\low_snr_gt_bin\0_0_0_10_14_16_extreme_snr\0_0_0_10_14_16_snr_m25dB.bin,-25.0,sto_phase_jump_corrected,continuous,sfo_cum_before,plus,3,5,5,4,12,8568800,8519648,10,4,-24,-0.2470649666885119,-1828.1856280911138,-0.3829332194884841,-0.006214646546721477,0.04249102195085819,0.04249102195085819,939,0.26697896480867744,0.08498204390171638,86,86,233,0,174,-5.452861309051514,3.106567621231079,6.275703852240983,39.38446044921875,2.6237405440728754,0.0016787824867411482,13.672847747802734,186.94676208496094,0.7070201111455453,23460.13301918097,-3.659444763106711,-2.6845727907415986,-0.9748719723651122,-0.11811214905658779,0.9714812132400072,0.20438215647843747,0.5601016509649988
D:\Desktop\proj\gr-lora_sdr\weakPacket_decoding\data\low_snr_gt_bin\0_0_0_10_14_16_extreme_snr\0_0_0_10_14_16_snr_m25dB.bin,-25.0,sto_phase_jump_corrected,continuous,sfo_cum_before,plus,3,5,5,5,13,8572896,8519648,10,4,-24,-0.2470649666885119,-1980.53443043204,-0.3829332194884841,-0.006214646546721477,0.03627637540413671,0.03627637540413675,557,0.22793118893700295,0.0725527508082735,468,468,30,0,18,-10.089835166931152,0.25395163893699646,10.09303052263092,101.86927032470703,3.1164289090331128,0.004196221003569955,13.290413856506348,176.63510131835938,0.3937838595173229,24276.431159855798,-3.1667563981464735,-3.055633050517477,-0.11112334762899634,-0.11811214905658779,0.9714812132400072,0.20438215647843747,0.5601016509649988
D:\Desktop\proj\gr-lora_sdr\weakPacket_decoding\data\low_snr_gt_bin\0_0_0_10_14_16_extreme_snr\0_0_0_10_14_16_snr_m25dB.bin,-25.0,sto_phase_jump_corrected,continuous,sfo_cum_before,plus,3,5,5,6,14,8576992,8519648,10,4,-24,-0.2470649666885119,-2132.883232772966,-0.3829332194884841,-0.006214646546721477,0.030061728857415232,0.030061728857415204,936,0.18888341306532777,0.06012345771483041,89,89,677,0,47,-3.715665817260742,7.475770473480225,8.348252310377225,69.69331359863281,2.0320633570849864,0.0029607735880875104,12.996797561645508,168.916748046875,0.43814502201933647,23538.88655283861,-4.2511219500946,-3.426693310293356,-0.8244286398012438,-0.11811214905658779,0.9714812132400072,0.20438215647843747,0.5601016509649988
D:\Desktop\proj\gr-lora_sdr\weakPacket_decoding\data\low_snr_gt_bin\0_0_0_10_14_16_extreme_snr\0_0_0_10_14_16_snr_m25dB.bin,-25.0,sto_phase_jump_corrected,continuous,sfo_cum_before,plus,3,5,5,7,15,8581088,8519648,10,4,-24,-0.2470649666885119,-2285.232035113892,-0.3829332194884841,-0.006214646546721477,0.023847082310693754,0.023847082310693768,312,0.1498356371936533,0.047694164621387536,713,-311,758,0,7,-11.25002384185791,1.7044519186019897,11.378409062131551,129.46820068359375,2.9912296671912837,0.005174321963811195,13.202179908752441,174.2975616455078,0.021180083599374705,25021.288120276295,-3.2919556399883025,-3.7977535700692346,0.5057979300809321,-0.11811214905658779,0.9714812132400072,0.20438215647843747,0.5601016509649988
D:\Desktop\proj\gr-lora_sdr\weakPacket_decoding\data\low_snr_gt_bin\0_0_0_10_14_16_extreme_snr\0_0_0_10_14_16_snr_m25dB.bin,-25.0,sto_phase_jump_corrected,continuous,sfo_cum_before,plus,3,5,5,8,16,8585184,8519648,10,4,-24,-0.2470649666885119,-2437.5808374548183,-0.3829332194884841,-0.006214646546721477,0.017632435763972276,0.01763243576397233,160,0.11078786132197882,0.03526487152794466,865,-159,63,0,4,-10.558728218078613,5.990050792694092,12.139499581214404,147.36744689941406,2.6255583437051473,0.005947291372528173,13.746453285217285,188.96498107910156,0.7386725313031086,24778.918278686702,-3.657626963474439,-4.168813829845114,0.5111868663706747,-0.11811214905658779,0.9714812132400072,0.20438215647843747,0.5601016509649988
D:\Desktop\proj\gr-lora_sdr\weakPacket_decoding\data\low_snr_gt_bin\0_0_0_10_14_16_extreme_snr\0_0_0_10_14_16_snr_m25dB.bin,-25.0,sto_phase_jump_corrected,continuous,sfo_cum_before,plus,3,5,5,9,17,8589280,8519648,10,4,-24,-0.2470649666885119,-2589.9296397957446,-0.3829332194884841,-0.006214646546721477,0.011417789217250798,0.011417789217250784,533,0.07174008545030364,0.02283557843450157,492,492,900,0,7,-1.713526964187622,10.449933052062988,10.589488913521583,112.13726043701172,1.7333248723652384,0.004844818693677875,11.71685791015625,137.28475952148438,0.058743958206933775,23145.811541584088,-4.549860434814348,-4.539874089620993,-0.009986345193355284,-0.11811214905658779,0.9714812132400072,0.20438215647843747,0.5601016509649988
D:\Desktop\proj\gr-lora_sdr\weakPacket_decoding\data\low_snr_gt_bin\0_0_0_10_14_16_extreme_snr\0_0_0_10_14_16_snr_m25dB.bin,-25.0,sto_phase_jump_corrected,continuous,sfo_cum_before,plus,3,5,5,10,18,8593376,8519648,10,4,-24,-0.2470649666885119,-2742.2784421366705,-0.3829332194884841,-0.006214646546721477,0.005203142670529321,0.005203142670529348,260,0.032692309578629154,0.010406285341058696,765,-259,727,0,236,-2.0162880420684814,5.536010265350342,5.891759255659783,34.71282196044922,1.9200767090607262,0.0014029826634141662,12.349556922912598,152.5115509033203,0.04746027729461918,24742.160302947275,-4.36310859811886,-4.910934349396872,0.5478257512780118,-0.11811214905658779,0.9714812132400072,0.20438215647843747,0.5601016509649988
D:\Desktop\proj\gr-lora_sdr\weakPacket_decoding\data\low_snr_gt_bin\0_0_0_10_14_16_extreme_snr\0_0_0_10_14_16_snr_m25dB.bin,-25.0,sto_phase_jump_corrected,continuous,sfo_cum_before,plus,3,5,5,11,19,8597472,8519648,10,4,-24,-0.2470649666885119,-2894.627244477597,-0.3829332194884841,-0.006214646546721477,-0.0010115038761921557,-0.0010115038761921435,1,-0.006355466293045676,-0.002023007752384287,1023,-1,50,0,2,6.524636745452881,10.669774055480957,12.506596781504092,156.41497802734375,1.0219590583418674,0.006136521288333979,14.780326843261719,218.45803833007812,1.4508969153378095,25489.19341723807,-5.261226248837719,-5.2819946091727505,0.020768360335031488,-0.11811214905658779,0.9714812132400072,0.20438215647843747,0.5601016509649988
D:\Desktop\proj\gr-lora_sdr\weakPacket_decoding\data\low_snr_gt_bin\0_0_0_10_14_16_extreme_snr\0_0_0_10_14_16_snr_m25dB.bin,-25.0,sto_phase_jump_corrected,continuous,sfo_cum_before,plus,3,5,5,12,20,8601568,8519648,10,4,-24,-0.2470649666885119,-3046.9760468185227,-0.3829332194884841,-0.006214646546721477,-0.007226150422913633,-0.007226150422913635,427,-0.045403242164720505,-0.01445230084582727,597,-427,1003,0,7,0.38277581334114075,10.88385009765625,10.890578968610022,118.60469818115234,1.5356416607209584,0.005192718036207003,12.203304290771484,148.9206085205078,0.2201261724995626,22840.581243611407,-4.747543646458627,-5.6530548689486295,0.9055112224900022,-0.11811214905658779,0.9714812132400072,0.20438215647843747,0.5601016509649988
D:\Desktop\proj\gr-lora_sdr\weakPacket_decoding\data\low_snr_gt_bin\0_0_0_10_14_16_extreme_snr\0_0_0_10_14_16_snr_m25dB.bin,-25.0,sto_phase_jump_corrected,continuous,sfo_cum_before,plus,3,5,5,13,21,8605664,8519648,10,4,-24,-0.2470649666885119,-3199.324849159449,-0.3829332194884841,-0.006214646546721477,-0.01344079696963511,-0.013440796969635127,462,-0.08445101803639533,-0.026881593939270254,562,-462,505,0,7,4.105882167816162,10.204911231994629,10.999930982914433,120.99848937988281,1.1882711171213127,0.005007906682220296,12.744006156921387,162.40966796875,0.16999082419002237,24161.490430615842,-5.094914190058273,-6.0241151287245085,0.9292009386662352,-0.11811214905658779,0.9714812132400072,0.20438215647843747,0.5601016509649988
D:\Desktop\proj\gr-lora_sdr\weakPacket_decoding\data\low_snr_gt_bin\0_0_0_10_14_16_extreme_snr\0_0_0_10_14_16_snr_m25dB.bin,-25.0,sto_phase_jump_corrected,continuous,sfo_cum_before,plus,3,5,5,14,22,8609760,8519648,10,4,-24,-0.2470649666885119,-3351.673651500375,-0.3829332194884841,-0.006214646546721477,-0.019655443516356588,-0.019655443516356563,546,-0.12349879390806982,-0.03931088703271313,478,478,87,0,5,10.300257682800293,4.577661991119385,11.271659045456687,127.0503158569336,0.4182056577863707,0.005058135826121133,14.729300498962402,216.9522705078125,0.6540410834048914,25118.011896956712,-5.864979649393216,-6.395175388500386,0.5301957391071701,-0.11811214905658779,0.9714812132400072,0.20438215647843747,0.5601016509649988
D:\Desktop\proj\gr-lora_sdr\weakPacket_decoding\data\low_snr_gt_bin\0_0_0_10_14_16_extreme_snr\0_0_0_10_14_16_snr_m25dB.bin,-25.0,sto_phase_jump_corrected,continuous,sfo_cum_before,plus,3,5,5,15,23,8613856,8519648,10,4,-24,-0.2470649666885119,-3504.0224538413013,-0.3829332194884841,-0.006214646546721477,-0.025870090063078065,-0.025870090063078055,757,-0.16254656977974466,-0.05174018012615611,267,267,362,0,323,5.130076885223389,-0.8006145358085632,5.1921741576387115,26.958669662475586,-0.1548140690577949,0.001093464757918969,15.230950355529785,231.98184204101562,2.0478108149270975,24654.356226150412,-6.437999376237381,-6.766235648276265,0.3282362720388834,-0.11811214905658779,0.9714812132400072,0.20438215647843747,0.5601016509649988
D:\Desktop\proj\gr-lora_sdr\weakPacket_decoding\data\low_snr_gt_bin\0_0_0_10_14_16_extreme_snr\0_0_0_10_14_16_snr_m25dB.bin,-25.0,sto_phase_jump_corrected,continuous,sfo_cum_before,plus,3,5,5,16,24,8617952,8519648,10,4,-24,-0.2470649666885119,-3656.3712561822276,-0.3829332194884841,-0.006214646546721477,-0.03208473660979954,-0.03208473660979955,107,-0.20159434565141948,-0.0641694732195991,917,-107,22,0,369,1.9400174617767334,-4.478376388549805,4.880524851849341,23.81952476501465,-1.1620036136109866,0.000955451715990657,12.76655387878418,162.98487854003906,0.4177492627468227,24930.118776664138,-7.445188920790573,-7.137295908052144,-0.307893012738429,-0.11811214905658779,0.9714812132400072,0.20438215647843747,0.5601016509649988
D:\Desktop\proj\gr-lora_sdr\weakPacket_decoding\data\low_snr_gt_bin\0_0_0_10_14_16_extreme_snr\0_0_0_10_14_16_snr_m25dB.bin,-25.0,sto_phase_jump_corrected,continuous,sfo_cum_before,plus,3,5,5,17,25,8622048,8519648,10,4,-24,-0.2470649666885119,-3808.7200585231535,-0.3829332194884841,-0.006214646546721477,-0.03829938315652102,-0.03829938315652104,368,-0.2406421215230943,-0.07659876631304208,656,-368,465,0,785,2.6017956733703613,0.3537880778312683,2.625739273039933,6.894506931304932,0.13514951539031522,0.0002872278972439981,12.90748405456543,166.60316467285156,0.7344370256902756,24003.611757280305,-6.148035791789271,-7.508356167828023,1.3603203760387519,-0.11811214905658779,0.9714812132400072,0.20438215647843747,0.5601016509649988
D:\Desktop\proj\gr-lora_sdr\weakPacket_decoding\data\low_snr_gt_bin\0_0_0_10_14_16_extreme_snr\0_0_0_10_14_16_snr_m25dB.bin,-25.0,sto_phase_jump_corrected,continuous,sfo_cum_before,plus,3,5,5,18,26,8626144,8519648,10,4,-24,-0.2470649666885119,-3961.06886086408,-0.3829332194884841,-0.006214646546721477,-0.044514029703242496,-0.044514029703242475,135,-0.2796898973947688,-0.08902805940648495,889,-135,537,0,139,3.826390027999878,-5.45478630065918,6.663028908254561,44.39595031738281,-0.9590818761662404,0.001893883982259525,12.360540390014648,152.782958984375,0.028758279936795802,23441.747611390427,-7.2422671833458265,-7.879416427603902,0.6371492442580751,-0.11811214905658779,0.9714812132400072,0.20438215647843747,0.5601016509649988
D:\Desktop\proj\gr-lora_sdr\weakPacket_decoding\data\low_snr_gt_bin\0_0_0_10_14_16_extreme_snr\0_0_0_10_14_16_snr_m25dB.bin,-25.0,sto_phase_jump_corrected,continuous,sfo_cum_before,plus,3,5,5,19,27,8630240,8519648,10,4,-24,-0.2470649666885119,-4113.417663205006,-0.3829332194884841,-0.006214646546721477,-0.05072867624996397,-0.050728676249963967,514,-0.31873767326644364,-0.10145735249992793,510,510,183,0,6,-0.5069769620895386,-11.561853408813477,11.572963314855073,133.93348693847656,-1.6146173639152612,0.005504789247214678,12.647198677062988,159.95162963867188,0.07150670630699531,24330.356880827807,-7.897802671094848,-8.25047668737978,0.3526740162849329,-0.11811214905658779,0.9714812132400072,0.20438215647843747,0.5601016509649988
D:\Desktop\proj\gr-lora_sdr\weakPacket_decoding\data\low_snr_gt_bin\0_0_0_10_14_16_extreme_snr\0_0_0_10_14_16_snr_m25dB.bin,-25.0,sto_phase_jump_corrected,continuous,sfo_cum_before,plus,3,5,5,20,28,8634336,8519648,10,4,-24,-0.2470649666885119,-4265.766465545932,-0.3829332194884841,-0.006214646546721477,-0.05694332279668545,-0.05694332279668546,164,-0.35778544913811844,-0.11388664559337092,860,-164,827,0,183,-2.9440200328826904,-5.84268045425415,6.542489499000979,42.80416488647461,-2.037544508973554,0.001732928031672141,11.855722427368164,140.5581512451172,0.1904586323905218,24700.486173780635,-8.32072981615314,-8.62153694715566,0.30080713100251977,-0.11811214905658779,0.9714812132400072,0.20438215647843747,0.5601016509649988
D:\Desktop\proj\gr-lora_sdr\weakPacket_decoding\data\low_snr_gt_bin\0_0_0_10_14_16_extreme_snr\0_0_0_10_14_16_snr_m25dB.bin,-25.0,sto_phase_jump_corrected,continuous,sfo_cum_before,plus,3,5,5,21,29,8638432,8519648,10,4,-24,-0.2470649666885119,-4418.115267886858,-0.3829332194884841,-0.006214646546721477,-0.06315796934340692,-0.0631579693434069,471,-0.39683322500979296,-0.1263159386868138,553,-471,484,0,3,-1.9608349800109863,-11.807173728942871,11.96888571606703,143.25421142578125,-1.7353658613713183,0.005569677041173353,13.400233268737793,179.5662841796875,0.8665693174937954,25720.380260253325,-8.018551168550905,-8.992597206931539,0.9740460383806333,-0.11811214905658779,0.9714812132400072,0.20438215647843747,0.5601016509649988
D:\Desktop\proj\gr-lora_sdr\weakPacket_decoding\data\low_snr_gt_bin\0_0_0_10_14_16_extreme_snr\0_0_0_10_14_16_snr_m25dB.bin,-25.0,sto_phase_jump_corrected,continuous,sfo_cum_before,plus,3,5,5,22,30,8642528,8519648,10,4,-24,-0.2470649666885119,-4570.464070227784,-0.3829332194884841,-0.006214646546721477,-0.0693726158901284,-0.06937261589012839,395,-0.43588100088146775,-0.13874523178025677,629,-395,747,0,14,-9.285137176513672,-4.002028465270996,10.11088543222183,102.23001098632812,-2.7346387467340074,0.004311259705470681,12.249619483947754,150.0531768798828,0.17841148892846773,23712.329567296896,-9.017824053913593,-9.363657466707417,0.34583341279382473,-0.11811214905658779,0.9714812132400072,0.20438215647843747,0.5601016509649988
D:\Desktop\proj\gr-lora_sdr\weakPacket_decoding\data\low_snr_gt_bin\0_0_0_10_14_16_extreme_snr\0_0_0_10_14_16_snr_m25dB.bin,-25.0,sto_phase_jump_corrected,continuous,sfo_cum_before,plus,3,5,5,23,31,8646624,8519648,10,4,-24,-0.2470649666885119,-4722.81287256871,-0.3829332194884841,-0.006214646546721477,-0.07558726243684988,-0.07558726243684988,265,-0.4749287767531426,-0.15117452487369976,759,-265,776,0,131,-6.739348411560059,1.4886133670806885,6.9017959089680705,47.63478469848633,2.924199438302868,0.0020947405832682543,11.689388275146484,136.6417999267578,0.042018754949254125,22740.183237470686,-9.642171176056305,-9.734717726483296,0.09254655042699156,-0.11811214905658779,0.9714812132400072,0.20438215647843747,0.5601016509649988
D:\Desktop\proj\gr-lora_sdr\weakPacket_decoding\data\low_snr_gt_bin\0_0_0_10_14_16_extreme_snr\0_0_0_10_14_16_snr_m25dB.bin,-25.0,sto_phase_jump_corrected,continuous,sfo_cum_before,plus,3,5,5,24,32,8650720,8519648,10,4,-24,-0.2470649666885119,-4875.1616749096365,-0.3829332194884841,-0.006214646546721477,-0.08180190898357136,-0.08180190898357137,150,-0.5139765526248175,-0.16360381796714274,874,-150,712,0,4,-11.731331825256348,4.049508094787598,12.410586698622378,154.0226593017578,2.8092116328526258,0.006515614446103981,13.156638145446777,173.09710693359375,0.2804531354591765,23639.00758336857,-9.757158981506546,-10.105777986259175,0.34861900475262964,-0.11811214905658779,0.9714812132400072,0.20438215647843747,0.5601016509649988
D:\Desktop\proj\gr-lora_sdr\weakPacket_decoding\data\low_snr_gt_bin\0_0_0_10_14_16_extreme_snr\0_0_0_10_14_16_snr_m25dB.bin,-25.0,sto_phase_jump_corrected,continuous,sfo_cum_before,plus,3,5,5,25,33,8654816,8519648,10,4,-24,-0.2470649666885119,-5027.510477250563,-0.3829332194884841,-0.006214646546721477,-0.08801655553029283,-0.08801655553029286,304,-0.5530243284964923,-0.17603311106058572,720,-304,56,0,163,-6.448413848876953,1.6626609563827515,6.659315477004201,44.34647750854492,2.889248606223758,0.0018077532351472628,12.618961334228516,159.23818969726562,0.00757274788247973,24531.26712558884,-9.677122008135415,-10.476838246035054,0.7997162378996396,-0.11811214905658779,0.9714812132400072,0.20438215647843747,0.5601016509649988
D:\Desktop\proj\gr-lora_sdr\weakPacket_decoding\data\low_snr_gt_bin\0_0_0_10_14_16_extreme_snr\0_0_0_10_14_16_snr_m25dB.bin,-25.0,sto_phase_jump_corrected,continuous,sfo_cum_before,plus,3,5,5,26,34,8658912,8519648,10,4,-24,-0.2470649666885119,-5179.859279591489,-0.3829332194884841,-0.006214646546721477,-0.09423120207701431,-0.0942312020770143,710,-0.5920721043681667,-0.1884624041540286,314,314,883,0,231,1.5822412967681885,5.666852951049805,5.883596679754702,34.61670684814453,1.2985204577977962,0.0014586202199039855,12.621335983276367,159.29812622070312,0.3119991822719916,23732.50169973867,-11.267850156561376,-10.847898505810933,-0.41995165075044305,-0.11811214905658779,0.9714812132400072,0.20438215647843747,0.5601016509649988
D:\Desktop\proj\gr-lora_sdr\weakPacket_decoding\data\low_snr_gt_bin\0_0_0_10_14_16_extreme_snr\0_0_0_10_14_16_snr_m25dB.bin,-25.0,sto_phase_jump_corrected,continuous,sfo_cum_before,plus,3,5,5,27,35,8663008,8519648,10,4,-24,-0.2470649666885119,-5332.208081932415,-0.3829332194884841,-0.006214646546721477,-0.10044584862373579,-0.10044584862373579,422,-0.6311198802398416,-0.20089169724747158,602,-422,986,0,475,3.206791400909424,2.9502010345458984,4.357430117991832,18.987199783325195,0.7437476372495951,0.0007602653398574934,13.225269317626953,174.90774536132812,0.737759173168992,24974.43824926205,-11.822622977109578,-11.21895876558681,-0.6036642115227675,-0.11811214905658779,0.9714812132400072,0.20438215647843747,0.5601016509649988
D:\Desktop\proj\gr-lora_sdr\weakPacket_decoding\data\low_snr_gt_bin\0_0_0_10_14_16_extreme_snr\0_0_0_10_14_16_snr_m25dB.bin,-25.0,sto_phase_jump_corrected,continuous,sfo_cum_before,plus,3,5,5,28,36,8667104,8519648,10,4,-24,-0.2470649666885119,-5484.556884273341,-0.3829332194884841,-0.006214646546721477,-0.10666049517045727,-0.10666049517045728,1017,-0.6701676561115164,-0.21332099034091456,7,7,463,0,23,3.9619553089141846,8.912410736083984,9.753366341858506,95.12815856933594,1.1524891856832893,0.0038135593728230383,14.339914321899414,205.63314819335938,0.36899455721089225,24944.716803744435,-11.413881428675882,-11.59001902536269,0.17613759668680729,-0.11811214905658779,0.9714812132400072,0.20438215647843747,0.5601016509649988
D:\Desktop\proj\gr-lora_sdr\weakPacket_decoding\data\low_snr_gt_bin\0_0_0_10_14_16_extreme_snr\0_0_0_10_14_16_snr_m25dB.bin,-25.0,sto_phase_jump_corrected,continuous,sfo_cum_before,plus,3,5,5,29,37,8671200,8519648,10,4,-24,-0.2470649666885119,-5636.905686614267,-0.3829332194884841,-0.006214646546721477,-0.11287514171717875,-0.11287514171717872,414,-0.7092154319831909,-0.22575028343435743,610,-414,340,0,304,4.801353454589844,-2.711224317550659,5.513957951959723,30.403732299804688,-0.5140433173966586,0.0012163146622919097,15.828619003295898,250.5452117919922,1.3353191622369476,24996.600996747613,-13.080413931755832,-11.961079285138569,-1.1193346466172631,-0.11811214905658779,0.9714812132400072,0.20438215647843747,0.5601016509649988
D:\Desktop\proj\gr-lora_sdr\weakPacket_decoding\data\low_snr_gt_bin\0_0_0_10_14_16_extreme_snr\0_0_0_10_14_16_snr_m25dB.bin,-25.0,sto_phase_jump_corrected,continuous,sfo_cum_before,plus,3,5,5,30,38,8675296,8519648,10,4,-24,-0.2470649666885119,-5789.254488955194,-0.3829332194884841,-0.006214646546721477,-0.11908978826390022,-0.11908978826390021,201,-0.7482632078548657,-0.2381795765278004,823,-201,788,0,2,12.909988403320312,-0.9256055355072021,12.94312737251807,167.52455139160156,-0.07157437901938841,0.0069452144930340735,15.025561332702637,225.76748657226562,1.2958293446272349,24120.860710583627,-12.63794499337856,-12.332139544914448,-0.3058054484641133,-0.11811214905658779,0.9714812132400072,0.20438215647843747,0.5601016509649988
D:\Desktop\proj\gr-lora_sdr\weakPacket_decoding\data\low_snr_gt_bin\0_0_0_10_14_16_extreme_snr\0_0_0_10_14_16_snr_m25dB.bin,-25.0,sto_phase_jump_corrected,continuous,sfo_cum_before,plus,3,5,5,31,39,8679392,8519648,10,4,-24,-0.2470649666885119,-5941.603291296119,-0.3829332194884841,-0.006214646546721477,-0.1253044348106217,-0.1253044348106217,111,-0.7873109837265405,-0.2506088696212434,913,-111,913,1,1,7.776121616363525,-10.237541198730469,12.855944818961373,165.27532958984375,-0.9211989675586038,0.006564533501412206,12.855944633483887,165.27532958984375,0.006881437591609368,25177.01060620509,-13.487569581917777,-12.703199804690327,-0.7843697772274502,-0.11811214905658779,0.9714812132400072,0.20438215647843747,0.5601016509649988
D:\Desktop\proj\gr-lora_sdr\weakPacket_decoding\data\low_snr_gt_bin\0_0_0_10_14_16_extreme_snr\0_0_0_10_14_16_snr_m25dB.bin,-25.0,sto_phase_jump_corrected,continuous,sfo_cum_before,plus,3,5,5,32,40,8683489,8519648,10,4,-24,-0.2470649666885119,-6093.9892881688675,-0.3829332194884841,-0.006214646546721477,0.11848091864265682,0.11848091864265686,284,0.7444375671966815,0.23696183728531373,741,-283,683,0,18,4.9463067054748535,-8.6486234664917,9.963164050128674,99.26464080810547,-1.0512810516046602,0.003856653420906074,12.745086669921875,162.43724060058594,0.01998665145494632,25738.543232848868,-13.617651665963832,-13.074260064466205,-0.5433916014976266,-0.11811214905658779,0.9714812132400072,0.20438215647843747,0.5601016509649988
D:\Desktop\proj\gr-lora_sdr\weakPacket_decoding\data\low_snr_gt_bin\0_0_0_10_14_16_extreme_snr\0_0_0_10_14_16_snr_m25dB.bin,-25.0,sto_phase_jump_corrected,continuous,sfo_cum_before,plus,3,5,5,33,41,8687585,8519648,10,4,-24,-0.2470649666885119,-6246.338090509793,-0.3829332194884841,-0.006214646546721477,0.11226627209593534,0.11226627209593532,444,0.7053897913250063,0.22453254419187063,581,-443,504,0,75,2.3704326152801514,-7.367829322814941,7.739758375667523,59.90386199951172,-1.2595272186293267,0.00258354884166846,12.514067649841309,156.6018829345703,0.20691137289161995,23186.657450929284,-13.825897832988499,-13.445320324242084,-0.3805775087464145,-0.11811214905658779,0.9714812132400072,0.20438215647843747,0.5601016509649988
D:\Desktop\proj\gr-lora_sdr\weakPacket_decoding\data\low_snr_gt_bin\0_0_0_10_14_16_extreme_snr\0_0_0_10_14_16_snr_m25dB.bin,-25.0,sto_phase_jump_corrected,continuous,sfo_cum_before,plus,3,5,5,34,42,8691681,8519648,10,4,-24,-0.2470649666885119,-6398.686892850719,-0.3829332194884841,-0.006214646546721477,0.10605162554921387,0.10605162554921388,934,0.6663420154533318,0.21210325109842776,91,91,91,1,1,-3.1086931228637695,-12.850656509399414,13.221321630408589,174.80332946777344,-1.8081458230700382,0.007349708018849698,13.221322059631348,174.80332946777344,0.1467299488731941,23783.710729658604,-14.374516437429211,-13.816380584017963,-0.5581358534112475,-0.11811214905658779,0.9714812132400072,0.20438215647843747,0.5601016509649988
D:\Desktop\proj\gr-lora_sdr\weakPacket_decoding\data\low_snr_gt_bin\0_0_0_10_14_16_extreme_snr\0_0_0_10_14_16_snr_m25dB.bin,-25.0,sto_phase_jump_corrected,continuous,sfo_cum_before,plus,4,6,6,0,8,10052780,10020012,10,4,-24,-0.2696020429472565,-1219.923255738735,-0.20641451367369845,-0.006220422914431837,-0.006177896989153157,-0.006177896989153164,221,-0.038816871591516165,-0.012355793978306329,803,-221,803,1,1,-8.582794189453125,-11.039389610290527,13.983292854914424,195.532470703125,-2.2316476949383537,0.007570396292747156,13.983292579650879,195.532470703125,1.142740077491079,25828.564733190462,-2.2316476949383537,-1.7531473988480912,-0.4785002960902624,-0.10004827111955049,0.8834079731858333,0.36708229885246485,0.3936793270741771
D:\Desktop\proj\gr-lora_sdr\weakPacket_decoding\data\low_snr_gt_bin\0_0_0_10_14_16_extreme_snr\0_0_0_10_14_16_snr_m25dB.bin,-25.0,sto_phase_jump_corrected,continuous,sfo_cum_before,plus,4,6,6,1,9,10056876,10020012,10,4,-24,-0.2696020429472565,-1372.4136627060768,-0.20641451367369845,-0.006220422914431837,-0.012398319903584995,-0.012398319903584976,198,-0.07790094145191734,-0.02479663980716995,826,-198,1016,0,261,4.906657695770264,2.435924530029297,5.478048745626494,30.009017944335938,0.4608059190478859,0.001325316867148575,12.796287536621094,163.74497985839844,0.9112732433707209,22642.900492846267,0.4608059190478859,-2.067458312401631,2.528264231449517,-0.10004827111955049,0.8834079731858333,0.36708229885246485,0.3936793270741771
D:\Desktop\proj\gr-lora_sdr\weakPacket_decoding\data\low_snr_gt_bin\0_0_0_10_14_16_extreme_snr\0_0_0_10_14_16_snr_m25dB.bin,-25.0,sto_phase_jump_corrected,continuous,sfo_cum_before,plus,4,6,6,2,10,10060972,10020012,10,4,-24,-0.2696020429472565,-1524.9040696734187,-0.20641451367369845,-0.006220422914431837,-0.018618742818016832,-0.018618742818016842,153,-0.11698501131231887,-0.037237485636033685,871,-153,871,1,1,-5.434378147125244,-11.029219627380371,12.29537113856043,151.1761474609375,-2.0286074473507196,0.005926600850268641,12.295371055603027,151.1761474609375,0.04295879212624625,25508.06968113687,-2.0286074473507196,-2.3817692259551704,0.35316177860445075,-0.10004827111955049,0.8834079731858333,0.36708229885246485,0.3936793270741771
D:\Desktop\proj\gr-lora_sdr\weakPacket_decoding\data\low_snr_gt_bin\0_0_0_10_14_16_extreme_snr\0_0_0_10_14_16_snr_m25dB.bin,-25.0,sto_phase_jump_corrected,continuous,sfo_cum_before,plus,4,6,6,3,11,10065068,10020012,10,4,-24,-0.2696020429472565,-1677.3944766407606,-0.20641451367369845,-0.006220422914431837,-0.024839165732448668,-0.024839165732448654,306,-0.15606908117272006,-0.049678331464897314,718,-306,617,0,22,-8.537636756896973,-5.409572124481201,10.107161419641141,102.15471649169922,-2.5768224709856287,0.0040348017630879845,14.753144264221191,217.65524291992188,1.1564690161174465,25318.397901540622,-2.5768224709856287,-2.69608013950871,0.1192576685230815,-0.10004827111955049,0.8834079731858333,0.36708229885246485,0.3936793270741771
D:\Desktop\proj\gr-lora_sdr\weakPacket_decoding\data\low_snr_gt_bin\0_0_0_10_14_16_extreme_snr\0_0_0_10_14_16_snr_m25dB.bin,-25.0,sto_phase_jump_corrected,continuous,sfo_cum_before,plus,4,6,6,4,12,10069164,10020012,10,4,-24,-0.2696020429472565,-1829.8848836081024,-0.20641451367369845,-0.006220422914431837,-0.031059588646880507,-0.03105958864688052,917,-0.19515315103312159,-0.06211917729376105,107,107,402,0,2,-13.650003433227539,2.0599610805511475,13.804565671563486,190.56602478027344,2.9918100514632164,0.007934294759209922,14.264693260192871,203.48150634765625,0.2847946934144195,24018.01679463312,-3.2913752557163707,-3.01039105306225,-0.2809842026541207,-0.10004827111955049,0.8834079731858333,0.36708229885246485,0.3936793270741771
D:\Desktop\proj\gr-lora_sdr\weakPacket_decoding\data\low_snr_gt_bin\0_0_0_10_14_16_extreme_snr\0_0_0_10_14_16_snr_m25dB.bin,-25.0,sto_phase_jump_corrected,continuous,sfo_cum_before,plus,4,6,6,5,13,10073260,10020012,10,4,-24,-0.2696020429472565,-1982.3752905754443,-0.20641451367369845,-0.006220422914431837,-0.037280011561312346,-0.03728001156131233,556,-0.23423722089352275,-0.07456002312262466,468,468,318,0,24,-9.389477729797363,-0.0783277079463005,9.389804431839503,88.1684341430664,-3.133250774165856,0.0036179442170908467,15.462810516357422,239.09854125976562,1.595882142936911,24369.760519403964,-3.133250774165857,-3.3247019666157898,0.1914511924499327,-0.10004827111955049,0.8834079731858333,0.36708229885246485,0.3936793270741771
D:\Desktop\proj\gr-lora_sdr\weakPacket_decoding\data\low_snr_gt_bin\0_0_0_10_14_16_extreme_snr\0_0_0_10_14_16_snr_m25dB.bin,-25.0,sto_phase_jump_corrected,continuous,sfo_cum_before,plus,4,6,6,6,14,10077356,10020012,10,4,-24,-0.2696020429472565,-2134.865697542786,-0.20641451367369845,-0.006220422914431837,-0.043500434475744185,-0.0435004344757442,935,-0.27332129075392425,-0.08700086895148838,89,89,83,0,530,-1.7690836191177368,3.397242546081543,3.830262885016812,14.670913696289062,2.0508987547738404,0.0006184132060149753,13.170792579650879,173.4697723388672,0.5102617499578628,23723.480600984767,-4.232286552405746,-3.6390128801693296,-0.5932736722364167,-0.10004827111955049,0.8834079731858333,0.36708229885246485,0.3936793270741771
D:\Desktop\proj\gr-lora_sdr\weakPacket_decoding\data\low_snr_gt_bin\0_0_0_10_14_16_extreme_snr\0_0_0_10_14_16_snr_m25dB.bin,-25.0,sto_phase_jump_corrected,continuous,sfo_cum_before,plus,4,6,6,7,15,10081452,10020012,10,4,-24,-0.2696020429472565,-2287.356104510128,-0.20641451367369845,-0.006220422914431837,-0.049720857390176024,-0.04972085739017601,311,-0.31240536061432544,-0.09944171478035202,713,-311,611,0,17,-5.935815334320068,8.45702075958252,10.332236147667114,106.7551040649414,2.182783049100073,0.004181492361024851,12.44905948638916,154.9790802001953,0.026395019678033906,25530.383616144303,-4.100402258079514,-3.953323793722869,-0.14707846435664518,-0.10004827111955049,0.8834079731858333,0.36708229885246485,0.3936793270741771
D:\Desktop\proj\gr-lora_sdr\weakPacket_decoding\data\low_snr_gt_bin\0_0_0_10_14_16_extreme_snr\0_0_0_10_14_16_snr_m25dB.bin,-25.0,sto_phase_jump_corrected,continuous,sfo_cum_before,plus,4,6,6,8,16,10085548,10020012,10,4,-24,-0.2696020429472565,-2439.84651147747,-0.20641451367369845,-0.006220422914431837,-0.05594128030460786,-0.05594128030460788,159,-0.35148943047472697,-0.11188256060921575,865,-159,32,0,29,-5.623504638671875,7.195973873138428,9.132680023084951,83.40584564208984,2.234141696091604,0.0033600722613336643,12.606672286987305,158.92820739746094,0.1371021479724929,24822.634501611814,-4.049043611087983,-4.267634707276409,0.2185910961884261,-0.10004827111955049,0.8834079731858333,0.36708229885246485,0.3936793270741771
D:\Desktop\proj\gr-lora_sdr\weakPacket_decoding\data\low_snr_gt_bin\0_0_0_10_14_16_extreme_snr\0_0_0_10_14_16_snr_m25dB.bin,-25.0,sto_phase_jump_corrected,continuous,sfo_cum_before,plus,4,6,6,9,17,10089644,10020012,10,4,-24,-0.2696020429472565,-2592.336918444812,-0.20641451367369845,-0.006220422914431837,-0.0621617032190397,-0.06216170321903969,532,-0.39057350033512817,-0.12432340643807938,492,492,678,0,9,-3.3814687728881836,10.189943313598633,10.736353002596896,115.26927185058594,1.8912056374290522,0.004639408348315275,13.08910846710205,171.3247833251953,0.7540620637453889,24845.683586452156,-4.391979669750535,-4.5819456208299485,0.1899659510794134,-0.10004827111955049,0.8834079731858333,0.36708229885246485,0.3936793270741771
D:\Desktop\proj\gr-lora_sdr\weakPacket_decoding\data\low_snr_gt_bin\0_0_0_10_14_16_extreme_snr\0_0_0_10_14_16_snr_m25dB.bin,-25.0,sto_phase_jump_corrected,continuous,sfo_cum_before,plus,4,6,6,10,18,10093740,10020012,10,4,-24,-0.2696020429472565,-2744.8273254121536,-0.20641451367369845,-0.006220422914431837,-0.06838212613347154,-0.06838212613347155,259,-0.4296575701955297,-0.1367642522669431,765,-259,29,0,266,-1.272369623184204,5.625484943389893,5.767582275642741,33.26500701904297,1.7932331927582672,0.0013704047007955223,12.328912734985352,152.00209045410156,0.41461420985255093,24273.856474465225,-4.48995211442132,-4.896256534383488,0.4063044199621677,-0.10004827111955049,0.8834079731858333,0.36708229885246485,0.3936793270741771
D:\Desktop\proj\gr-lora_sdr\weakPacket_decoding\data\low_snr_gt_bin\0_0_0_10_14_16_extreme_snr\0_0_0_10_14_16_snr_m25dB.bin,-25.0,sto_phase_jump_corrected,continuous,sfo_cum_before,plus,4,6,6,11,19,10097836,10020012,10,4,-24,-0.2696020429472565,-2897.3177323794953,-0.20641451367369845,-0.006220422914431837,-0.07460254904790338,-0.07460254904790337,1,-0.4687416400559309,-0.14920509809580673,1023,-1,166,0,5,7.0272216796875,9.592714309692383,11.891257812479175,141.40199279785156,0.93855172853326,0.0058008529832307785,13.337783813476562,177.89649963378906,0.2267793932003394,24376.069037884474,-5.344633578646327,-5.210567447937027,-0.13406613070930007,-0.10004827111955049,0.8834079731858333,0.36708229885246485,0.3936793270741771
D:\Desktop\proj\gr-lora_sdr\weakPacket_decoding\data\low_snr_gt_bin\0_0_0_10_14_16_extreme_snr\0_0_0_10_14_16_snr_m25dB.bin,-25.0,sto_phase_jump_corrected,continuous,sfo_cum_before,plus,4,6,6,12,20,10101932,10020012,10,4,-24,-0.2696020429472565,-3049.8081393468374,-0.20641451367369845,-0.006220422914431837,-0.08082297196233522,-0.08082297196233523,427,-0.5078257099163324,-0.16164594392467047,597,-427,597,1,1,10.805767059326172,8.158551216125488,13.539813871931965,183.3265380859375,0.6467050532443818,0.00770062874663385,13.539813995361328,183.3265380859375,0.5194248186829941,23806.697364299558,-5.636480253935205,-5.524878361490567,-0.11160189244463758,-0.10004827111955049,0.8834079731858333,0.36708229885246485,0.3936793270741771
D:\Desktop\proj\gr-lora_sdr\weakPacket_decoding\data\low_snr_gt_bin\0_0_0_10_14_16_extreme_snr\0_0_0_10_14_16_snr_m25dB.bin,-25.0,sto_phase_jump_corrected,continuous,sfo_cum_before,plus,4,6,6,13,21,10106028,10020012,10,4,-24,-0.2696020429472565,-3202.2985463141795,-0.20641451367369845,-0.006220422914431837,-0.08704339487676706,-0.08704339487676704,462,-0.5469097797767336,-0.17408678975353412,562,-462,347,0,160,6.4588117599487305,1.4725686311721802,6.624553398076306,43.88471221923828,0.22416209111004934,0.001812724001491879,13.701314926147461,187.7260284423828,1.0498193618888154,24209.263066589832,-6.059023216069538,-5.839189275044108,-0.2198339410254304,-0.10004827111955049,0.8834079731858333,0.36708229885246485,0.3936793270741771
D:\Desktop\proj\gr-lora_sdr\weakPacket_decoding\data\low_snr_gt_bin\0_0_0_10_14_16_extreme_snr\0_0_0_10_14_16_snr_m25dB.bin,-25.0,sto_phase_jump_corrected,continuous,sfo_cum_before,plus,4,6,6,14,22,10110124,10020012,10,4,-24,-0.2696020429472565,-3354.788953281521,-0.20641451367369845,-0.006220422914431837,-0.0932638177911989,-0.09326381779119891,546,-0.5859938496371351,-0.18652763558239782,478,478,965,0,731,2.451000452041626,1.5773924589157104,2.914716141471139,8.495569229125977,0.5718423258968278,0.00034575311721021546,12.022433280944824,144.5388946533203,0.09230443614261144,24571.200681209564,-5.711342981282759,-6.153500188597647,0.44215720731488783,-0.10004827111955049,0.8834079731858333,0.36708229885246485,0.3936793270741771
D:\Desktop\proj\gr-lora_sdr\weakPacket_decoding\data\low_snr_gt_bin\0_0_0_10_14_16_extreme_snr\0_0_0_10_14_16_snr_m25dB.bin,-25.0,sto_phase_jump_corrected,continuous,sfo_cum_before,plus,4,6,6,15,23,10114220,10020012,10,4,-24,-0.2696020429472565,-3507.2793602488628,-0.20641451367369845,-0.006220422914431837,-0.09948424070563074,-0.09948424070563072,757,-0.6250779194975362,-0.19896848141126142,267,267,832,0,171,5.649046421051025,-2.8571102619171143,6.330466374284084,40.07481002807617,-0.46825182709400537,0.001744456954741916,15.175625801086426,230.29962158203125,1.8799481057492182,22972.656286612153,-6.751437134273592,-6.467811102151186,-0.283626032122406,-0.10004827111955049,0.8834079731858333,0.36708229885246485,0.3936793270741771
D:\Desktop\proj\gr-lora_sdr\weakPacket_decoding\data\low_snr_gt_bin\0_0_0_10_14_16_extreme_snr\0_0_0_10_14_16_snr_m25dB.bin,-25.0,sto_phase_jump_corrected,continuous,sfo_cum_before,plus,4,6,6,16,24,10118316,10020012,10,4,-24,-0.2696020429472565,-3659.769767216205,-0.20641451367369845,-0.006220422914431837,-0.10570466362006257,-0.10570466362006259,107,-0.6641619893579378,-0.21140932724012518,917,-107,178,0,5,5.974187850952148,-10.761231422424316,12.308331414348443,151.49502563476562,-1.0640013722650579,0.006031354186559295,12.770782470703125,163.09291076660156,0.22150288836443835,25117.91232097894,-7.347186679444645,-6.782122015704726,-0.5650646637399195,-0.10004827111955049,0.8834079731858333,0.36708229885246485,0.3936793270741771
D:\Desktop\proj\gr-lora_sdr\weakPacket_decoding\data\low_snr_gt_bin\0_0_0_10_14_16_extreme_snr\0_0_0_10_14_16_snr_m25dB.bin,-25.0,sto_phase_jump_corrected,continuous,sfo_cum_before,plus,4,6,6,17,25,10122412,10020012,10,4,-24,-0.2696020429472565,-3812.260174183547,-0.20641451367369845,-0.006220422914431837,-0.11192508653449441,-0.1119250865344944,368,-0.7032460592183389,-0.2238501730689888,656,-368,177,0,11,9.183030128479004,-5.352301597595215,10.628978066219414,112.97516632080078,-0.5277115144671185,0.00454628145719668,15.242627143859863,232.337646484375,2.053990251447636,24850.015861196443,-6.810896821646706,-7.096432929258265,0.28553610761155923,-0.10004827111955049,0.8834079731858333,0.36708229885246485,0.3936793270741771
D:\Desktop\proj\gr-lora_sdr\weakPacket_decoding\data\low_snr_gt_bin\0_0_0_10_14_16_extreme_snr\0_0_0_10_14_16_snr_m25dB.bin,-25.0,sto_phase_jump_corrected,continuous,sfo_cum_before,plus,4,6,6,18,26,10126508,10020012,10,4,-24,-0.2696020429472565,-3964.7505811508886,-0.20641451367369845,-0.006220422914431837,-0.11814550944892625,-0.11814550944892627,135,-0.7423301290787405,-0.23629101889785253,889,-135,982,0,39,0.3051357567310333,-8.8052339553833,8.810519442068717,77.62525177001953,-1.536156281901862,0.0032492329276196307,16.377826690673828,268.23321533203125,2.2853279428393765,23890.331502607092,-7.819341589081449,-7.410743842811806,-0.4085977462696429,-0.10004827111955049,0.8834079731858333,0.36708229885246485,0.3936793270741771
D:\Desktop\proj\gr-lora_sdr\weakPacket_decoding\data\low_snr_gt_bin\0_0_0_10_14_16_extreme_snr\0_0_0_10_14_16_snr_m25dB.bin,-25.0,sto_phase_jump_corrected,continuous,sfo_cum_before,plus,4,6,6,19,27,10130604,10020012,10,4,-24,-0.2696020429472565,-4117.24098811823,-0.20641451367369845,-0.006220422914431837,-0.12436593236335809,-0.12436593236335808,514,-0.7814141989391417,-0.24873186472671616,510,510,12,0,7,-4.791426658630371,-9.429766654968262,10.577252412237552,111.87826538085938,-2.040916591646491,0.00456139734649553,11.705727577209473,137.02406311035156,0.13776738514250406,24527.19131491892,-8.324101898826079,-7.7250547563653456,-0.5990471424607335,-0.10004827111955049,0.8834079731858333,0.36708229885246485,0.3936793270741771
D:\Desktop\proj\gr-lora_sdr\weakPacket_decoding\data\low_snr_gt_bin\0_0_0_10_14_16_extreme_snr\0_0_0_10_14_16_snr_m25dB.bin,-25.0,sto_phase_jump_corrected,continuous,sfo_cum_before,plus,4,6,6,20,28,10134700,10020012,10,4,-24,-0.2696020429472565,-4269.731395085572,-0.20641451367369845,-0.006220422914431837,-0.13058635527778992,-0.13058635527778995,164,-0.8204982687995432,-0.2611727105555799,860,-164,820,0,32,-7.19330358505249,-4.861113548278809,8.681822469734612,75.3740463256836,-2.547305147543472,0.003205569514226533,11.942505836486816,142.62344360351562,0.04094335006463701,23513.464921340346,-8.830490454723058,-8.039365669918885,-0.7911247848041736,-0.10004827111955049,0.8834079731858333,0.36708229885246485,0.3936793270741771
D:\Desktop\proj\gr-lora_sdr\weakPacket_decoding\data\low_snr_gt_bin\0_0_0_10_14_16_extreme_snr\0_0_0_10_14_16_snr_m25dB.bin,-25.0,sto_phase_jump_corrected,continuous,sfo_cum_before,plus,4,6,6,21,29,10138797,10020012,10,4,-24,-0.2696020429472565,-4422.259031156178,-0.20641451367369845,-0.006220422914431837,0.11319322180777824,0.11319322180777824,472,0.7112139881349522,0.2263864436155565,553,-471,867,0,482,-2.0440473556518555,-3.5909481048583984,4.1319532770753185,17.07303810119629,-2.0882775904409634,0.0007172846693206874,12.418622016906738,154.22216796875,0.3049773951110529,23802.31842591241,-8.37146289762055,-8.353676583472424,-0.01778631414812537,-0.10004827111955049,0.8834079731858333,0.36708229885246485,0.3936793270741771
D:\Desktop\proj\gr-lora_sdr\weakPacket_decoding\data\low_snr_gt_bin\0_0_0_10_14_16_extreme_snr\0_0_0_10_14_16_snr_m25dB.bin,-25.0,sto_phase_jump_corrected,continuous,sfo_cum_before,plus,4,6,6,22,30,10142893,10020012,10,4,-24,-0.2696020429472565,-4574.749438123519,-0.20641451367369845,-0.006220422914431837,0.1069727988933464,0.10697279889334643,396,0.672129918274551,0.21394559778669286,629,-395,686,0,21,-9.151103973388672,-2.877699375152588,9.592906630710191,92.02384185791016,-2.8369188622791497,0.0036988779910590345,13.366239547729492,178.65634155273438,0.898981436717534,24878.85301444144,-9.120104169458736,-8.667987497025964,-0.45211667243277276,-0.10004827111955049,0.8834079731858333,0.36708229885246485,0.3936793270741771
D:\Desktop\proj\gr-lora_sdr\weakPacket_decoding\data\low_snr_gt_bin\0_0_0_10_14_16_extreme_snr\0_0_0_10_14_16_snr_m25dB.bin,-25.0,sto_phase_jump_corrected,continuous,sfo_cum_before,plus,4,6,6,23,31,10146989,10020012,10,4,-24,-0.2696020429472565,-4727.239845090861,-0.20641451367369845,-0.006220422914431837,0.10075237597891457,0.10075237597891462,266,0.6330458484141498,0.20150475195782924,759,-265,378,0,138,-4.813652515411377,-5.025173664093018,6.958708277648972,48.423622131347656,-2.3346991851459338,0.0019665817836725208,12.368513107299805,152.98008728027344,0.25591305818781634,24623.243504736573,-8.617884492325521,-8.982298410579505,0.36441391825398384,-0.10004827111955049,0.8834079731858333,0.36708229885246485,0.3936793270741771
D:\Desktop\proj\gr-lora_sdr\weakPacket_decoding\data\low_snr_gt_bin\0_0_0_10_14_16_extreme_snr\0_0_0_10_14_16_snr_m25dB.bin,-25.0,sto_phase_jump_corrected,continuous,sfo_cum_before,plus,4,6,6,24,32,10151085,10020012,10,4,-24,-0.2696020429472565,-4879.730252058203,-0.20641451367369845,-0.006220422914431837,0.09453195306448273,0.0945319530644827,151,0.593961778553748,0.1890639061289654,874,-150,347,0,83,-7.750040531158447,1.3176761865615845,7.861259362674036,61.799400329589844,2.973181265529424,0.00253694694654137,13.340145111083984,177.95947265625,0.8702883902586357,24359.752738953102,-9.593189348829748,-9.296609324133044,-0.29658002469670386,-0.10004827111955049,0.8834079731858333,0.36708229885246485,0.3936793270741771
D:\Desktop\proj\gr-lora_sdr\weakPacket_decoding\data\low_snr_gt_bin\0_0_0_10_14_16_extreme_snr\0_0_0_10_14_16_snr_m25dB.bin,-25.0,sto_phase_jump_corrected,continuous,sfo_cum_before,plus,4,6,6,25,33,10155181,10020012,10,4,-24,-0.2696020429472565,-5032.2206590255455,-0.20641451367369845,-0.006220422914431837,0.08831153015005089,0.08831153015005089,305,0.5548777086933467,0.17662306030010178,720,-304,828,0,14,-6.777749061584473,7.457527160644531,10.077330682951715,101.5525894165039,2.3084776716079602,0.004247368700936553,17.515676498413086,306.7989196777344,2.2672341975266748,23909.53000951186,-10.257892942751212,-9.610920237686583,-0.6469727050646288,-0.10004827111955049,0.8834079731858333,0.36708229885246485,0.3936793270741771
D:\Desktop\proj\gr-lora_sdr\weakPacket_decoding\data\low_snr_gt_bin\0_0_0_10_14_16_extreme_snr\0_0_0_10_14_16_snr_m25dB.bin,-25.0,sto_phase_jump_corrected,continuous,sfo_cum_before,plus,4,6,6,26,34,10159277,10020012,10,4,-24,-0.2696020429472565,-5184.711065992887,-0.20641451367369845,-0.006220422914431837,0.08209110723561905,0.08209110723561908,711,0.5157936388329456,0.16418221447123815,314,314,433,0,33,-0.20687811076641083,9.061342239379883,9.06370353287685,82.15071868896484,1.593623207364878,0.0035143844336178636,12.768070220947266,163.02362060546875,0.1292817256477195,23375.5641252927,-10.972747406994294,-9.925231151240123,-1.0475162557541715,-0.10004827111955049,0.8834079731858333,0.36708229885246485,0.3936793270741771
D:\Desktop\proj\gr-lora_sdr\weakPacket_decoding\data\low_snr_gt_bin\0_0_0_10_14_16_extreme_snr\0_0_0_10_14_16_snr_m25dB.bin,-25.0,sto_phase_jump_corrected,continuous,sfo_cum_before,plus,4,6,6,27,35,10163373,10020012,10,4,-24,-0.2696020429472565,-5337.201472960229,-0.20641451367369845,-0.006220422914431837,0.07587068432118721,0.07587068432118715,423,0.47670956897254374,0.1517413686423743,602,-422,937,0,410,-2.1627213954925537,4.240799427032471,4.76043523376174,22.6617431640625,2.0423957427618498,0.0009223410589102605,12.087985038757324,146.11935424804688,0.32507465472788627,24569.808472841047,-10.523974871597323,-10.239542064793662,-0.284432806803661,-0.10004827111955049,0.8834079731858333,0.36708229885246485,0.3936793270741771
D:\Desktop\proj\gr-lora_sdr\weakPacket_decoding\data\low_snr_gt_bin\0_0_0_10_14_16_extreme_snr\0_0_0_10_14_16_snr_m25dB.bin,-25.0,sto_phase_jump_corrected,continuous,sfo_cum_before,plus,4,6,6,28,36,10167469,10020012,10,4,-24,-0.2696020429472565,-5489.691879927571,-0.20641451367369845,-0.006220422914431837,0.06965026140675537,0.06965026140675534,1018,0.43762549911214255,0.13930052281351069,7,7,508,0,30,6.418808937072754,6.574187278747559,9.188092650092907,84.42103576660156,0.7973562162524865,0.003449275640831893,13.114730834960938,171.9961700439453,0.0013132604093455806,24475.00419138465,-11.769014398106686,-10.553852978347201,-1.2151614197594842,-0.10004827111955049,0.8834079731858333,0.36708229885246485,0.3936793270741771
D:\Desktop\proj\gr-lora_sdr\weakPacket_decoding\data\low_snr_gt_bin\0_0_0_10_14_16_extreme_snr\0_0_0_10_14_16_snr_m25dB.bin,-25.0,sto_phase_jump_corrected,continuous,sfo_cum_before,plus,4,6,6,29,37,10171565,10020012,10,4,-24,-0.2696020429472565,-5642.182286894913,-0.20641451367369845,-0.006220422914431837,0.06342983849232353,0.06342983849232353,415,0.39854142925174135,0.12685967698464706,610,-414,534,0,27,8.98410701751709,0.6050511598587036,9.004458107418024,81.08026885986328,0.06724529039457196,0.003371184386179344,12.80184268951416,163.88720703125,0.33964137266498895,24050.974248772487,-12.4991253239646,-10.86816389190074,-1.6309614320638595,-0.10004827111955049,0.8834079731858333,0.36708229885246485,0.3936793270741771
D:\Desktop\proj\gr-lora_sdr\weakPacket_decoding\data\low_snr_gt_bin\0_0_0_10_14_16_extreme_snr\0_0_0_10_14_16_snr_m25dB.bin,-25.0,sto_phase_jump_corrected,continuous,sfo_cum_before,plus,4,6,6,30,38,10175661,10020012,10,4,-24,-0.2696020429472565,-5794.672693862254,-0.20641451367369845,-0.006220422914431837,0.05720941557789169,0.05720941557789172,234,0.3594573593913402,0.11441883115578344,791,-233,179,0,16,7.786904811859131,6.452017307281494,10.11258690357788,102.26441192626953,0.691922178955495,0.0044110082258061395,14.420823097229004,207.96014404296875,0.5070440646571286,23183.90868735686,-11.874448435403677,-11.182474805454282,-0.6919736299493948,-0.10004827111955049,0.8834079731858333,0.36708229885246485,0.3936793270741771
D:\Desktop\proj\gr-lora_sdr\weakPacket_decoding\data\low_snr_gt_bin\0_0_0_10_14_16_extreme_snr\0_0_0_10_14_16_snr_m25dB.bin,-25.0,sto_phase_jump_corrected,continuous,sfo_cum_before,plus,4,6,6,31,39,10179757,10020012,10,4,-24,-0.2696020429472565,-5947.163100829596,-0.20641451367369845,-0.006220422914431837,0.05098899266345985,0.05098899266345991,97,0.320373289530939,0.10197798532691982,928,-96,291,0,167,2.5718793869018555,-6.1174845695495605,6.636126960769183,44.03818130493164,-1.172816017618883,0.001801898786454132,12.647098541259766,159.94912719726562,0.6620761823457182,24439.87511173822,-13.739186631978056,-11.496785719007821,-2.2424009129702345,-0.10004827111955049,0.8834079731858333,0.36708229885246485,0.3936793270741771
D:\Desktop\proj\gr-lora_sdr\weakPacket_decoding\data\low_snr_gt_bin\0_0_0_10_14_16_extreme_snr\0_0_0_10_14_16_snr_m25dB.bin,-25.0,sto_phase_jump_corrected,continuous,sfo_cum_before,plus,4,6,6,32,40,10183853,10020012,10,4,-24,-0.2696020429472565,-6099.653507796938,-0.20641451367369845,-0.006220422914431837,0.044768569749028014,0.04476856974902799,265,0.28128921967053716,0.08953713949805597,760,-264,831,0,916,-0.4087340235710144,1.5737873315811157,1.6259981756046835,2.6438698768615723,1.8248961311678937,0.00010755070810318149,11.091790199279785,123.0278091430664,0.07498335359173867,24582.542723243707,-10.74147448319128,-11.81109663256136,1.0696221493700815,-0.10004827111955049,0.8834079731858333,0.36708229885246485,0.3936793270741771
D:\Desktop\proj\gr-lora_sdr\weakPacket_decoding\data\low_snr_gt_bin\0_0_0_10_14_16_extreme_snr\0_0_0_10_14_16_snr_m25dB.bin,-25.0,sto_phase_jump_corrected,continuous,sfo_cum_before,plus,4,6,6,33,41,10187949,10020012,10,4,-24,-0.2696020429472565,-6252.14391476428,-0.20641451367369845,-0.006220422914431837,0.038548146834596175,0.038548146834596175,441,0.24220514981013597,0.07709629366919235,584,-440,584,1,1,-10.13908863067627,-7.555328845977783,12.644528944629482,159.88409423828125,-2.5011909219689983,0.006615804433231027,12.644529342651367,159.88409423828125,0.6620200091205362,24166.992215668783,-8.784376229148585,-12.1254075461149,-2.942153990213271,-0.10004827111955049,0.8834079731858333,0.36708229885246485,0.3936793270741771
D:\Desktop\proj\gr-lora_sdr\weakPacket_decoding\data\low_snr_gt_bin\0_0_0_10_14_16_extreme_snr\0_0_0_10_14_16_snr_m25dB.bin,-25.0,sto_phase_jump_corrected,continuous,sfo_cum_before,plus,4,6,6,34,42,10192045,10020012,10,4,-24,-0.2696020429472565,-6404.634321731622,-0.20641451367369845,-0.006220422914431837,0.032327723920164336,0.032327723920164364,93,0.2031210799497348,0.06465544784032873,932,-92,658,0,443,-3.5833261013031006,-2.5258684158325195,4.3840890960814605,19.220239639282227,-2.5275890477059146,0.0008020045078014512,12.489967346191406,155.99928283691406,0.7288536260016292,23965.251382403076,-8.8107743548855,-12.43971845966844,-2.654241202396648,-0.10004827111955049,0.8834079731858333,0.36708229885246485,0.3936793270741771
D:\Desktop\proj\gr-lora_sdr\weakPacket_decoding\data\low_snr_gt_bin\0_0_0_10_14_16_extreme_snr\0_0_0_10_14_16_snr_m25dB.bin,-25.0,sto_phase_jump_corrected,continuous,sfo_cum_before,plus,5,8,8,0,8,13053509,13020741,10,4,-24,-0.3483401354552673,-1223.8810639464284,-0.31076598572039227,-0.006240603889546665,-0.11069081683676563,-0.11069081683676563,221,-0.6954909139884725,-0.22138163367353125,803,-221,252,0,2,-11.752548217773438,-2.5396361351013184,12.023815588647473,144.57212829589844,-2.9287726109370498,0.00622498283974881,12.283332824707031,150.8802947998047,0.18547949481102224,23224.5023026814,-2.9287726109370498,-1.2430314127819593,-1.6857411981550905,-0.11482562848668065,0.9519706479882672,0.26048366977259074,0.6296848214167818
D:\Desktop\proj\gr-lora_sdr\weakPacket_decoding\data\low_snr_gt_bin\0_0_0_10_14_16_extreme_snr\0_0_0_10_14_16_snr_m25dB.bin,-25.0,sto_phase_jump_corrected,continuous,sfo_cum_before,plus,5,8,8,1,9,13057605,13020741,10,4,-24,-0.3483401354552673,-1376.866196939732,-0.31076598572039227,-0.006240603889546665,-0.1169314207263123,-0.1169314207263123,313,-0.7347017846552,-0.2338628414526246,711,-313,643,0,5,-10.012046813964844,-6.141679286956787,11.745693077415977,137.9613037109375,-2.591357401940737,0.0056904135296502725,13.386759757995605,179.20533752441406,0.789670064440541,24244.512809496373,-2.591357401940737,-1.603766763679546,-0.987590638261191,-0.11482562848668065,0.9519706479882672,0.26048366977259074,0.6296848214167818
D:\Desktop\proj\gr-lora_sdr\weakPacket_decoding\data\low_snr_gt_bin\0_0_0_10_14_16_extreme_snr\0_0_0_10_14_16_snr_m25dB.bin,-25.0,sto_phase_jump_corrected,continuous,sfo_cum_before,plus,5,8,8,2,10,13061701,13020741,10,4,-24,-0.3483401354552673,-1529.8513299330355,-0.31076598572039227,-0.006240603889546665,-0.12317202461585897,-0.12317202461585897,102,-0.7739126553219273,-0.2463440492317179,922,-102,922,1,1,-14.411094665527344,3.785186290740967,14.89990888275509,222.00729370117188,2.8847367097573815,0.009210545347414984,14.899909019470215,222.00729370117188,1.3459818262007737,24103.59922536835,-3.3984485974222047,-1.9645021145771329,-1.4339464828450719,-0.11482562848668065,0.9519706479882672,0.26048366977259074,0.6296848214167818
D:\Desktop\proj\gr-lora_sdr\weakPacket_decoding\data\low_snr_gt_bin\0_0_0_10_14_16_extreme_snr\0_0_0_10_14_16_snr_m25dB.bin,-25.0,sto_phase_jump_corrected,continuous,sfo_cum_before,plus,5,8,8,3,11,13065797,13020741,10,4,-24,-0.3483401354552673,-1682.836462926339,-0.31076598572039227,-0.006240603889546665,-0.12941262850540564,-0.12941262850540564,333,-0.8131235259886548,-0.25882525701081127,691,-333,805,0,8,-10.058738708496094,4.509603500366211,11.023372811273003,121.5147476196289,2.720130920016247,0.005070677652407594,13.396946907043457,179.47817993164062,0.130621281341387,23964.20280471444,-3.5630543871633393,-2.3252374654747197,-1.2378169216886197,-0.11482562848668065,0.9519706479882672,0.26048366977259074,0.6296848214167818
D:\Desktop\proj\gr-lora_sdr\weakPacket_decoding\data\low_snr_gt_bin\0_0_0_10_14_16_extreme_snr\0_0_0_10_14_16_snr_m25dB.bin,-25.0,sto_phase_jump_corrected,continuous,sfo_cum_before,plus,5,8,8,4,12,13069894,13020741,10,4,-24,-0.3483401354552673,-1835.8589458056274,-0.31076598572039227,-0.006240603889546665,0.1143467676050477,0.1143467676050477,939,0.7184619301395143,0.2286935352100954,86,86,328,0,4,-12.198404312133789,-2.992567777633667,12.560116626290359,157.75653076171875,-2.9010192527107423,0.006849036190649801,14.158849716186523,200.47299194335938,0.8534079560158638,23033.39132257551,-2.9010192527107423,-2.6859728163723062,-0.21504643633843615,-0.11482562848668065,0.9519706479882672,0.26048366977259074,0.6296848214167818
D:\Desktop\proj\gr-lora_sdr\weakPacket_decoding\data\low_snr_gt_bin\0_0_0_10_14_16_extreme_snr\0_0_0_10_14_16_snr_m25dB.bin,-25.0,sto_phase_jump_corrected,continuous,sfo_cum_before,plus,5,8,8,5,13,13073990,13020741,10,4,-24,-0.3483401354552673,-1988.844078798931,-0.31076598572039227,-0.006240603889546665,0.10810616371550102,0.10810616371550097,557,0.6792510594727866,0.21621232743100194,468,468,709,0,4,-10.304642677307129,-6.216724872589111,12.034671946025265,144.8333282470703,-2.5987549146526394,0.006184535361352727,15.430401802062988,238.09727478027344,0.9803807485536652,23418.627234656364,-2.5987549146526394,-3.0467081672698932,0.44795325261725377,-0.11482562848668065,0.9519706479882672,0.26048366977259074,0.6296848214167818
D:\Desktop\proj\gr-lora_sdr\weakPacket_decoding\data\low_snr_gt_bin\0_0_0_10_14_16_extreme_snr\0_0_0_10_14_16_snr_m25dB.bin,-25.0,sto_phase_jump_corrected,continuous,sfo_cum_before,plus,5,8,8,6,14,13078086,13020741,10,4,-24,-0.3483401354552673,-2141.829211792234,-0.31076598572039227,-0.006240603889546665,0.10186555982595435,0.10186555982595435,936,0.6400401888060595,0.2037311196519087,89,89,632,0,7,-10.602767944335938,0.6095695495605469,10.620276037711504,112.79027557373047,3.084164321428008,0.004833584477715984,11.92568588256836,142.22198486328125,0.18205198139182946,23334.706591706723,-3.199020985751579,-3.4074435181674803,0.20842253241590125,-0.11482562848668065,0.9519706479882672,0.26048366977259074,0.6296848214167818
D:\Desktop\proj\gr-lora_sdr\weakPacket_decoding\data\low_snr_gt_bin\0_0_0_10_14_16_extreme_snr\0_0_0_10_14_16_snr_m25dB.bin,-25.0,sto_phase_jump_corrected,continuous,sfo_cum_before,plus,5,8,8,7,15,13082182,13020741,10,4,-24,-0.3483401354552673,-2294.8143447855377,-0.31076598572039227,-0.006240603889546665,0.09562495593640769,0.09562495593640774,312,0.6008293181393325,0.19124991187281548,713,-311,556,0,163,-6.207873344421387,2.389711380004883,6.651947980862629,44.248416900634766,2.7741286853617475,0.0018436201988167242,12.297112464904785,151.2189483642578,0.40248364474041515,24000.83104374446,-3.5090566218178396,-3.768178869065067,0.2591222472472272,-0.11482562848668065,0.9519706479882672,0.26048366977259074,0.6296848214167818
D:\Desktop\proj\gr-lora_sdr\weakPacket_decoding\data\low_snr_gt_bin\0_0_0_10_14_16_extreme_snr\0_0_0_10_14_16_snr_m25dB.bin,-25.0,sto_phase_jump_corrected,continuous,sfo_cum_before,plus,5,8,8,8,16,13086278,13020741,10,4,-24,-0.3483401354552673,-2447.7994777788417,-0.31076598572039227,-0.006240603889546665,0.08938435204686102,0.08938435204686102,160,0.5616184474726047,0.17876870409372203,865,-159,610,0,105,-7.140173435211182,1.9457151889801025,7.400532702550764,54.76788330078125,2.875549817814618,0.0022238957324855865,13.605167388916016,185.10055541992188,0.8748255321526315,24627.001392537728,-3.407635489364969,-4.128914219962653,0.7212787305976844,-0.11482562848668065,0.9519706479882672,0.26048366977259074,0.6296848214167818
D:\Desktop\proj\gr-lora_sdr\weakPacket_decoding\data\low_snr_gt_bin\0_0_0_10_14_16_extreme_snr\0_0_0_10_14_16_snr_m25dB.bin,-25.0,sto_phase_jump_corrected,continuous,sfo_cum_before,plus,5,8,8,9,17,13090374,13020741,10,4,-24,-0.3483401354552673,-2600.7846107721452,-0.31076598572039227,-0.006240603889546665,0.08314374815731435,0.08314374815731429,533,0.5224075768058769,0.16628749631462858,492,492,388,0,334,0.12465540319681168,5.2100443840026855,5.211535421814197,27.16010093688965,1.5468749135112654,0.0011095862131409225,13.044181823730469,170.15065002441406,1.278803379172946,24477.684217080474,-4.7363103936683215,-4.48964957086024,-0.24666082280808155,-0.11482562848668065,0.9519706479882672,0.26048366977259074,0.6296848214167818
D:\Desktop\proj\gr-lora_sdr\weakPacket_decoding\data\low_snr_gt_bin\0_0_0_10_14_16_extreme_snr\0_0_0_10_14_16_snr_m25dB.bin,-25.0,sto_phase_jump_corrected,continuous,sfo_cum_before,plus,5,8,8,10,18,13094470,13020741,10,4,-24,-0.3483401354552673,-2753.7697437654488,-0.31076598572039227,-0.006240603889546665,0.07690314426776768,0.07690314426776768,260,0.4831967061391499,0.15380628853553535,765,-259,243,0,681,0.9125931262969971,2.9285688400268555,3.0674650226108153,9.409341812133789,1.2687157002815403,0.0003894978982322908,13.876254081726074,192.55043029785156,0.7050659036474655,24157.618962354958,-5.0144696068980465,-4.850384921757827,-0.16408468514021912,-0.11482562848668065,0.9519706479882672,0.26048366977259074,0.6296848214167818
D:\Desktop\proj\gr-lora_sdr\weakPacket_decoding\data\low_snr_gt_bin\0_0_0_10_14_16_extreme_snr\0_0_0_10_14_16_snr_m25dB.bin,-25.0,sto_phase_jump_corrected,continuous,sfo_cum_before,plus,5,8,8,11,19,13098566,13020741,10,4,-24,-0.3483401354552673,-2906.7548767587523,-0.31076598572039227,-0.006240603889546665,0.070662540378221,0.07066254037822106,2,0.4439858354724228,0.14132508075644212,1023,-1,318,0,2,-2.520930528640747,13.174280166625977,13.413304911131615,179.91676330566406,1.7598632576730702,0.007101152835268254,13.472896575927734,181.5189666748047,0.03850381034441098,25336.275317452382,-4.5233220495065165,-5.211120272655414,0.6877982231488975,-0.11482562848668065,0.9519706479882672,0.26048366977259074,0.6296848214167818
D:\Desktop\proj\gr-lora_sdr\weakPacket_decoding\data\low_snr_gt_bin\0_0_0_10_14_16_extreme_snr\0_0_0_10_14_16_snr_m25dB.bin,-25.0,sto_phase_jump_corrected,continuous,sfo_cum_before,plus,5,8,8,12,20,13102662,13020741,10,4,-24,-0.3483401354552673,-3059.740009752056,-0.31076598572039227,-0.006240603889546665,0.06442193648867434,0.06442193648867434,428,0.4047749648056951,0.12884387297734867,597,-427,418,0,268,3.7859561443328857,4.1465253829956055,5.614903087199171,31.527135848999023,0.830821681407803,0.0013456468482921863,13.4950590133667,182.1166229248047,1.105469099022976,23428.98204607796,-5.452363625771784,-5.571855623553001,0.11949199778121677,-0.11482562848668065,0.9519706479882672,0.26048366977259074,0.6296848214167818
D:\Desktop\proj\gr-lora_sdr\weakPacket_decoding\data\low_snr_gt_bin\0_0_0_10_14_16_extreme_snr\0_0_0_10_14_16_snr_m25dB.bin,-25.0,sto_phase_jump_corrected,continuous,sfo_cum_before,plus,5,8,8,13,21,13106758,13020741,10,4,-24,-0.3483401354552673,-3212.7251427453593,-0.31076598572039227,-0.006240603889546665,0.05818133259912767,0.05818133259912772,463,0.365564094138968,0.11636266519825544,562,-462,33,0,21,3.2299513816833496,9.282391548156738,9.828294805373403,96.59537506103516,1.2359351890583392,0.003913924454817118,13.799150466918945,190.4165802001953,0.9799726207303696,24679.928336927667,-5.047250118121248,-5.932590974450587,0.8853408563293391,-0.11482562848668065,0.9519706479882672,0.26048366977259074,0.6296848214167818
D:\Desktop\proj\gr-lora_sdr\weakPacket_decoding\data\low_snr_gt_bin\0_0_0_10_14_16_extreme_snr\0_0_0_10_14_16_snr_m25dB.bin,-25.0,sto_phase_jump_corrected,continuous,sfo_cum_before,plus,5,8,8,14,22,13110854,13020741,10,4,-24,-0.3483401354552673,-3365.710275738663,-0.31076598572039227,-0.006240603889546665,0.05194072870958101,0.051940728709581,547,0.3263532234722402,0.103881457419162,478,478,1001,0,126,0.9718992114067078,6.68771505355835,6.757967202844649,45.67012405395508,1.4264805840460342,0.0019521640444076852,13.091553688049316,171.38877868652344,0.5906809317983139,23394.613882365637,-4.856704723133553,-6.293326325348175,1.4366216022146219,-0.11482562848668065,0.9519706479882672,0.26048366977259074,0.6296848214167818
D:\Desktop\proj\gr-lora_sdr\weakPacket_decoding\data\low_snr_gt_bin\0_0_0_10_14_16_extreme_snr\0_0_0_10_14_16_snr_m25dB.bin,-25.0,sto_phase_jump_corrected,continuous,sfo_cum_before,plus,5,8,8,15,23,13114950,13020741,10,4,-24,-0.3483401354552673,-3518.6954087319664,-0.31076598572039227,-0.006240603889546665,0.04570012482003435,0.04570012482003438,758,0.28714235280551315,0.09140024964006876,267,267,87,0,25,8.428777694702148,3.852165460586548,9.267333605867679,85.88346099853516,0.42868086556505625,0.00354888897794782,13.743681907653809,188.8887939453125,1.1541574739278428,24200.097983397078,-5.854504441614531,-6.654061676245761,0.7995572346312301,-0.11482562848668065,0.9519706479882672,0.26048366977259074,0.6296848214167818
D:\Desktop\proj\gr-lora_sdr\weakPacket_decoding\data\low_snr_gt_bin\0_0_0_10_14_16_extreme_snr\0_0_0_10_14_16_snr_m25dB.bin,-25.0,sto_phase_jump_corrected,continuous,sfo_cum_before,plus,5,8,8,16,24,13119046,13020741,10,4,-24,-0.3483401354552673,-3671.68054172527,-0.31076598572039227,-0.006240603889546665,0.039459520930487685,0.03945952093048766,108,0.2479314821387854,0.07891904186097531,917,-107,917,1,1,12.225138664245605,3.441969633102417,12.700439768576205,161.30113220214844,0.2744440622322525,0.006965594062061353,12.700439453125,161.30113220214844,0.008405999024493996,23156.83784685179,-6.008741244947335,-7.014797027143348,1.0060557821960128,-0.11482562848668065,0.9519706479882672,0.26048366977259074,0.6296848214167818
D:\Desktop\proj\gr-lora_sdr\weakPacket_decoding\data\low_snr_gt_bin\0_0_0_10_14_16_extreme_snr\0_0_0_10_14_16_snr_m25dB.bin,-25.0,sto_phase_jump_corrected,continuous,sfo_cum_before,plus,5,8,8,17,25,13123142,13020741,10,4,-24,-0.3483401354552673,-3824.6656747185734,-0.31076598572039227,-0.006240603889546665,0.03321891704094102,0.03321891704094104,369,0.20872061147205834,0.06643783408188209,656,-368,819,0,272,5.333232879638672,-1.813073754310608,5.632992933337389,31.73061180114746,-0.32770061821446905,0.0013590535980768312,13.2708101272583,176.11439514160156,1.668413552734782,23347.579408235848,-6.610885925394056,-7.375532378040934,0.7646464526468781,-0.11482562848668065,0.9519706479882672,0.26048366977259074,0.6296848214167818
D:\Desktop\proj\gr-lora_sdr\weakPacket_decoding\data\low_snr_gt_bin\0_0_0_10_14_16_extreme_snr\0_0_0_10_14_16_snr_m25dB.bin,-25.0,sto_phase_jump_corrected,continuous,sfo_cum_before,plus,5,8,8,18,26,13127238,13020741,10,4,-24,-0.3483401354552673,-3977.650807711877,-0.31076598572039227,-0.006240603889546665,0.02697831315139436,0.026978313151394318,136,0.16950974080533057,0.053956626302788635,889,-135,707,0,72,7.858839511871338,-1.3833109140396118,7.979655854625012,63.67491149902344,-0.17423493654939295,0.002628843101943616,12.654003143310547,160.12379455566406,0.4547384861932453,24221.64770957455,-6.45742024372898,-7.736267728938521,1.2788474852095408,-0.11482562848668065,0.9519706479882672,0.26048366977259074,0.6296848214167818
D:\Desktop\proj\gr-lora_sdr\weakPacket_decoding\data\low_snr_gt_bin\0_0_0_10_14_16_extreme_snr\0_0_0_10_14_16_snr_m25dB.bin,-25.0,sto_phase_jump_corrected,continuous,sfo_cum_before,plus,5,8,8,19,27,13131334,13020741,10,4,-24,-0.3483401354552673,-4130.6359407051805,-0.31076598572039227,-0.006240603889546665,0.020737709261847696,0.020737709261847703,515,0.1302988701386035,0.0414754185236954,510,510,530,0,102,2.3020739555358887,-6.8744072914123535,7.249622066354906,52.5570182800293,-1.2476580234676318,0.0022163289801635237,12.036548614501953,144.87850952148438,0.07250820137532933,23713.54557487741,-7.530843330647219,-8.097003079836108,0.5661597491888894,-0.11482562848668065,0.9519706479882672,0.26048366977259074,0.6296848214167818
D:\Desktop\proj\gr-lora_sdr\weakPacket_decoding\data\low_snr_gt_bin\0_0_0_10_14_16_extreme_snr\0_0_0_10_14_16_snr_m25dB.bin,-25.0,sto_phase_jump_corrected,continuous,sfo_cum_before,plus,5,8,8,20,28,13135430,13020741,10,4,-24,-0.3483401354552673,-4283.621073698484,-0.31076598572039227,-0.006240603889546665,0.014497105372301032,0.014497105372300978,165,0.09108799947187575,0.028994210744601956,860,-164,286,0,114,0.12872210144996643,-7.3090901374816895,7.31022352717301,53.439369201660156,-1.5531869125524425,0.0021159157669610133,14.179902076721191,201.0696258544922,1.6828417023626936,25255.905757728964,-7.83637221973203,-8.457738430733695,0.6213662110016651,-0.11482562848668065,0.9519706479882672,0.26048366977259074,0.6296848214167818
D:\Desktop\proj\gr-lora_sdr\weakPacket_decoding\data\low_snr_gt_bin\0_0_0_10_14_16_extreme_snr\0_0_0_10_14_16_snr_m25dB.bin,-25.0,sto_phase_jump_corrected,continuous,sfo_cum_before,plus,5,8,8,21,29,13139526,13020741,10,4,-24,-0.3483401354552673,-4436.6062066917875,-0.31076598572039227,-0.006240603889546665,0.008256501482754367,0.008256501482754364,472,0.051877128805148685,0.016513002965508727,553,-471,120,0,146,-5.917815685272217,-3.559691905975342,6.905935776585259,47.69195556640625,-2.6000553356226037,0.002002251779154416,12.79295825958252,163.65977478027344,0.4972251244574727,23819.160039177164,-8.88324064280219,-8.818473781631281,-0.06476686117090935,-0.11482562848668065,0.9519706479882672,0.26048366977259074,0.6296848214167818
D:\Desktop\proj\gr-lora_sdr\weakPacket_decoding\data\low_snr_gt_bin\0_0_0_10_14_16_extreme_snr\0_0_0_10_14_16_snr_m25dB.bin,-25.0,sto_phase_jump_corrected,continuous,sfo_cum_before,plus,5,8,8,22,30,13143622,13020741,10,4,-24,-0.3483401354552673,-4589.591339685091,-0.31076598572039227,-0.006240603889546665,0.0020158975932077026,0.0020158975932077494,396,0.012666258138421621,0.004031795186415499,629,-395,438,0,8,-8.063895225524902,-6.703333854675293,10.48623340267988,109.96107482910156,-2.448068942732724,0.004690877541155216,14.677440643310547,215.42726135253906,0.949820244070321,23441.472062394023,-8.731254249912311,-9.17920913252887,0.4479548826165587,-0.11482562848668065,0.9519706479882672,0.26048366977259074,0.6296848214167818
D:\Desktop\proj\gr-lora_sdr\weakPacket_decoding\data\low_snr_gt_bin\0_0_0_10_14_16_extreme_snr\0_0_0_10_14_16_snr_m25dB.bin,-25.0,sto_phase_jump_corrected,continuous,sfo_cum_before,plus,5,8,8,23,31,13147718,13020741,10,4,-24,-0.3483401354552673,-4742.576472678395,-0.31076598572039227,-0.006240603889546665,-0.004224706296338962,-0.004224706296338976,265,-0.02654461252830614,-0.008449412592677952,759,-265,223,0,206,-6.002007961273193,0.7188632488250732,6.044903964307302,36.54086685180664,3.0223900161810584,0.0015048838445517322,12.977100372314453,168.4051055908203,0.032877832817816796,24281.519789117854,-9.543980598178115,-9.539944483426456,-0.004036114751658104,-0.11482562848668065,0.9519706479882672,0.26048366977259074,0.6296848214167818
D:\Desktop\proj\gr-lora_sdr\weakPacket_decoding\data\low_snr_gt_bin\0_0_0_10_14_16_extreme_snr\0_0_0_10_14_16_snr_m25dB.bin,-25.0,sto_phase_jump_corrected,continuous,sfo_cum_before,plus,5,8,8,24,32,13151814,13020741,10,4,-24,-0.3483401354552673,-4895.561605671698,-0.31076598572039227,-0.006240603889546665,-0.010465310185885627,-0.010465310185885646,150,-0.06575548319503355,-0.02093062037177129,874,-150,257,0,2,-8.839223861694336,9.239980697631836,12.787068536992967,163.50912475585938,2.334031390326917,0.006585780707528068,14.008723258972168,196.24432373046875,0.7925511002772023,24827.59934125282,-10.232339224032255,-9.900679834324043,-0.3316593897082125,-0.11482562848668065,0.9519706479882672,0.26048366977259074,0.6296848214167818
D:\Desktop\proj\gr-lora_sdr\weakPacket_decoding\data\low_snr_gt_bin\0_0_0_10_14_16_extreme_snr\0_0_0_10_14_16_snr_m25dB.bin,-25.0,sto_phase_jump_corrected,continuous,sfo_cum_before,plus,5,8,8,25,33,13155910,13020741,10,4,-24,-0.3483401354552673,-5048.546738665002,-0.31076598572039227,-0.006240603889546665,-0.01670591407543229,-0.016705914075432315,304,-0.10496635386176097,-0.03341182815086463,720,-304,728,0,32,-6.3118672370910645,6.999813079833984,9.42534090477785,88.83706665039062,2.3045605605326123,0.0035088492316352406,13.978771209716797,195.4060516357422,1.286174321965655,25318.006213960238,-10.26181005382656,-10.26141518522163,-0.00039486860493020964,-0.11482562848668065,0.9519706479882672,0.26048366977259074,0.6296848214167818
D:\Desktop\proj\gr-lora_sdr\weakPacket_decoding\data\low_snr_gt_bin\0_0_0_10_14_16_extreme_snr\0_0_0_10_14_16_snr_m25dB.bin,-25.0,sto_phase_jump_corrected,continuous,sfo_cum_before,plus,5,8,8,26,34,13160006,13020741,10,4,-24,-0.3483401354552673,-5201.531871658305,-0.31076598572039227,-0.006240603889546665,-0.022946517964978957,-0.02294651796497893,710,-0.14417722452848802,-0.04589303592995786,314,314,286,0,302,-3.570014238357544,4.032416820526123,5.385664961407978,29.005386352539062,2.2954463385366006,0.0011607213047358613,13.821093559265137,191.02259826660156,0.09512337054813255,24989.104821453802,-10.270924275822573,-10.622150536119216,0.3512262602966434,-0.11482562848668065,0.9519706479882672,0.26048366977259074,0.6296848214167818
D:\Desktop\proj\gr-lora_sdr\weakPacket_decoding\data\low_snr_gt_bin\0_0_0_10_14_16_extreme_snr\0_0_0_10_14_16_snr_m25dB.bin,-25.0,sto_phase_jump_corrected,continuous,sfo_cum_before,plus,5,8,8,27,35,13164102,13020741,10,4,-24,-0.3483401354552673,-5354.517004651609,-0.31076598572039227,-0.006240603889546665,-0.02918712185452562,-0.0291871218545256,422,-0.18338809519521546,-0.058374243709051206,602,-422,838,0,50,-6.087657928466797,5.682322025299072,8.327566430429936,69.34835815429688,2.390618998823976,0.002808517104636487,12.218656539916992,149.29554748535156,0.7960122746246368,24692.16158228554,-10.175751615535196,-10.982885887016803,0.8071342714816065,-0.11482562848668065,0.9519706479882672,0.26048366977259074,0.6296848214167818
D:\Desktop\proj\gr-lora_sdr\weakPacket_decoding\data\low_snr_gt_bin\0_0_0_10_14_16_extreme_snr\0_0_0_10_14_16_snr_m25dB.bin,-25.0,sto_phase_jump_corrected,continuous,sfo_cum_before,plus,5,8,8,28,36,13168198,13020741,10,4,-24,-0.3483401354552673,-5507.502137644912,-0.31076598572039227,-0.006240603889546665,-0.03542772574407228,-0.03542772574407227,1017,-0.22259896586194286,-0.07085545148814454,7,7,53,0,148,2.9103147983551025,6.283873558044434,6.925099213658582,47.956993103027344,1.1370688538808715,0.0019289481177426604,11.865571975708008,140.7917938232422,0.0656964875906575,24861.733014959842,-11.429301760478301,-11.343621237914391,-0.08568052256391034,-0.11482562848668065,0.9519706479882672,0.26048366977259074,0.6296848214167818
D:\Desktop\proj\gr-lora_sdr\weakPacket_decoding\data\low_snr_gt_bin\0_0_0_10_14_16_extreme_snr\0_0_0_10_14_16_snr_m25dB.bin,-25.0,sto_phase_jump_corrected,continuous,sfo_cum_before,plus,5,8,8,29,37,13172294,13020741,10,4,-24,-0.3483401354552673,-5660.487270638216,-0.31076598572039227,-0.006240603889546665,-0.041668329633618946,-0.04166832963361894,414,-0.2618098365286703,-0.08333665926723789,610,-414,296,0,194,3.745568037033081,4.993941783905029,6.242494249983447,38.96873092651367,0.9272809033254793,0.00161933432829014,13.71969985961914,188.23019409179688,0.07931343163101366,24064.660549536347,-11.639089711033693,-11.704356588811978,0.06526687777828499,-0.11482562848668065,0.9519706479882672,0.26048366977259074,0.6296848214167818
D:\Desktop\proj\gr-lora_sdr\weakPacket_decoding\data\low_snr_gt_bin\0_0_0_10_14_16_extreme_snr\0_0_0_10_14_16_snr_m25dB.bin,-25.0,sto_phase_jump_corrected,continuous,sfo_cum_before,plus,5,8,8,30,38,13176390,13020741,10,4,-24,-0.3483401354552673,-5813.472403631519,-0.31076598572039227,-0.006240603889546665,-0.04790893352316561,-0.04790893352316561,249,-0.3010207071953977,-0.09581786704633122,775,-249,453,0,20,3.6629652976989746,-9.372758865356445,10.063097113725217,101.26592254638672,-1.1982376219492432,0.0038084870844295295,12.46889591217041,155.47335815429688,0.33801471221745866,26589.540755014867,-13.764608236308415,-12.065091939709564,-1.6995162965988513,-0.11482562848668065,0.9519706479882672,0.26048366977259074,0.6296848214167818
D:\Desktop\proj\gr-lora_sdr\weakPacket_decoding\data\low_snr_gt_bin\0_0_0_10_14_16_extreme_snr\0_0_0_10_14_16_snr_m25dB.bin,-25.0,sto_phase_jump_corrected,continuous,sfo_cum_before,plus,5,8,8,31,39,13180486,13020741,10,4,-24,-0.3483401354552673,-5966.457536624823,-0.31076598572039227,-0.006240603889546665,-0.05414953741271227,-0.05414953741271228,104,-0.3402315778621251,-0.10829907482542456,920,-104,823,0,9,5.826116561889648,-9.240762710571289,10.924071112264405,119.33533477783203,-1.0082660014688025,0.004929172683154094,13.85047721862793,191.83572387695312,0.590878361746039,24210.013007998612,-13.574636615827975,-12.42582729060715,-1.1488093252208245,-0.11482562848668065,0.9519706479882672,0.26048366977259074,0.6296848214167818
D:\Desktop\proj\gr-lora_sdr\weakPacket_decoding\data\low_snr_gt_bin\0_0_0_10_14_16_extreme_snr\0_0_0_10_14_16_snr_m25dB.bin,-25.0,sto_phase_jump_corrected,continuous,sfo_cum_before,plus,5,8,8,32,40,13184582,13020741,10,4,-24,-0.3483401354552673,-6119.442669618127,-0.31076598572039227,-0.006240603889546665,-0.060390141302258935,-0.06039014130225895,271,-0.3794424485288525,-0.1207802826045179,753,-271,1019,0,145,1.3541374206542969,-6.697848796844482,6.8333642270412716,46.694862365722656,-1.3713103211446973,0.0019487052706282436,12.111458778381348,146.68743896484375,0.17639867056297023,23961.993160037324,-13.93768093550387,-12.786562641504737,-1.151118293999133,-0.11482562848668065,0.9519706479882672,0.26048366977259074,0.6296848214167818
D:\Desktop\proj\gr-lora_sdr\weakPacket_decoding\data\low_snr_gt_bin\0_0_0_10_14_16_extreme_snr\0_0_0_10_14_16_snr_m25dB.bin,-25.0,sto_phase_jump_corrected,continuous,sfo_cum_before,plus,5,8,8,33,41,13188678,13020741,10,4,-24,-0.3483401354552673,-6272.427802611431,-0.31076598572039227,-0.006240603889546665,-0.0666307451918056,-0.06663074519180562,438,-0.4186533191955799,-0.13326149038361124,586,-438,972,0,197,3.0691335201263428,-5.430113792419434,6.237444698190669,38.90571975708008,-1.056353559927894,0.0016274812179048618,12.554474830627441,157.61483764648438,0.1795705575543185,23905.480032000225,-13.622724174287066,-13.147297992402324,-0.4754261818847425,-0.11482562848668065,0.9519706479882672,0.26048366977259074,0.6296848214167818
D:\Desktop\proj\gr-lora_sdr\weakPacket_decoding\data\low_snr_gt_bin\0_0_0_10_14_16_extreme_snr\0_0_0_10_14_16_snr_m25dB.bin,-25.0,sto_phase_jump_corrected,continuous,sfo_cum_before,plus,5,8,8,34,42,13192774,13020741,10,4,-24,-0.3483401354552673,-6425.412935604734,-0.31076598572039227,-0.006240603889546665,-0.07287134908135227,-0.07287134908135229,933,-0.4578641898623073,-0.14574269816270458,91,91,131,0,7,0.9820300936698914,-11.23532772064209,11.278163507198407,127.19698333740234,-1.483612338600334,0.005350806441458797,13.8534574508667,191.9182891845703,0.5200764069233094,23771.553826328367,-14.049982952959507,-13.50803334329991,-0.5419496096595964,-0.11482562848668065,0.9519706479882672,0.26048366977259074,0.6296848214167818
D:\Desktop\proj\gr-lora_sdr\weakPacket_decoding\data\low_snr_gt_bin\0_0_0_10_14_16_extreme_snr\0_0_0_10_14_16_snr_m25dB.bin,-25.0,sto_phase_jump_corrected,continuous,sfo_cum_before,plus,6,9,9,0,8,14553874,14521106,10,4,-24,-0.3905926756700688,-1226.0049082653775,-0.13882633954043927,-0.006251433431328191,0.06116219300893517,0.06116219300893522,803,0.38429339246862376,0.12232438601787043,222,222,1007,0,114,3.5747227668762207,-6.263571262359619,7.211862992228878,52.01096725463867,-1.0521872539873711,0.0021540399635093287,13.142067909240723,172.7139434814453,0.526296459002835,24145.776371717453,-1.0521872539873711,0.23086423011570362,-1.2830514841030747,-0.12056891445487129,0.9606743332777473,0.2463686194896553,0.43878949638871234
D:\Desktop\proj\gr-lora_sdr\weakPacket_decoding\data\low_snr_gt_bin\0_0_0_10_14_16_extreme_snr\0_0_0_10_14_16_snr_m25dB.bin,-25.0,sto_phase_jump_corrected,continuous,sfo_cum_before,plus,6,9,9,1,9,14557970,14521106,10,4,-24,-0.3905926756700688,-1379.2555217985496,-0.13882633954043927,-0.006251433431328191,0.05491075957760698,0.05491075957760694,199,0.34501447778409067,0.10982151915521388,826,-198,409,0,5,6.235105991363525,-9.259708404541016,11.16327669014187,124.61872100830078,-0.9781750175481233,0.0051272122787875555,12.700553894042969,161.30406188964844,0.4203227960832331,24305.356250584126,-0.9781750175481233,-0.14791418578701626,-0.8302608317611071,-0.12056891445487129,0.9606743332777473,0.2463686194896553,0.43878949638871234
D:\Desktop\proj\gr-lora_sdr\weakPacket_decoding\data\low_snr_gt_bin\0_0_0_10_14_16_extreme_snr\0_0_0_10_14_16_snr_m25dB.bin,-25.0,sto_phase_jump_corrected,continuous,sfo_cum_before,plus,6,9,9,2,10,14562066,14521106,10,4,-24,-0.3905926756700688,-1532.506135331722,-0.13882633954043927,-0.006251433431328191,0.04865932614627879,0.04865932614627877,103,0.30573556309955824,0.09731865229255754,922,-102,520,0,188,4.03999137878418,-4.913010120391846,6.360754576598849,40.459197998046875,-0.8826021460348561,0.0016483789537835216,14.280994415283203,203.94677734375,1.0991809749644974,24544.840192954987,-0.8826021460348561,-0.5266926016897362,-0.3559095443451199,-0.12056891445487129,0.9606743332777473,0.2463686194896553,0.43878949638871234
D:\Desktop\proj\gr-lora_sdr\weakPacket_decoding\data\low_snr_gt_bin\0_0_0_10_14_16_extreme_snr\0_0_0_10_14_16_snr_m25dB.bin,-25.0,sto_phase_jump_corrected,continuous,sfo_cum_before,plus,6,9,9,3,11,14566162,14521106,10,4,-24,-0.3905926756700688,-1685.756748864894,-0.13882633954043927,-0.006251433431328191,0.0424078927149506,0.0424078927149506,334,0.2664566484150258,0.0848157854299012,691,-333,788,0,737,-2.0554065704345703,-2.0507540702819824,2.9034958974594263,8.43028736114502,-2.3573275433212166,0.00034224156067567106,13.090850830078125,171.37037658691406,0.2035193369908864,24632.56462628767,-2.3573275433212166,-0.9054710175924561,-1.4518565257287606,-0.12056891445487129,0.9606743332777473,0.2463686194896553,0.43878949638871234
D:\Desktop\proj\gr-lora_sdr\weakPacket_decoding\data\low_snr_gt_bin\0_0_0_10_14_16_extreme_snr\0_0_0_10_14_16_snr_m25dB.bin,-25.0,sto_phase_jump_corrected,continuous,sfo_cum_before,plus,6,9,9,4,12,14570258,14521106,10,4,-24,-0.3905926756700688,-1839.007362398066,-0.13882633954043927,-0.006251433431328191,0.03615645928362241,0.03615645928362243,939,0.2271777337304934,0.07231291856724487,86,86,914,0,6,1.8243813514709473,-11.108417510986328,11.257233537329792,126.72531127929688,-1.408015365599646,0.005353570934090969,12.110489845275879,146.66397094726562,0.20855651408712317,23671.17440666072,-1.408015365599646,-1.284249433495176,-0.12376593210446994,-0.12056891445487129,0.9606743332777473,0.2463686194896553,0.43878949638871234
D:\Desktop\proj\gr-lora_sdr\weakPacket_decoding\data\low_snr_gt_bin\0_0_0_10_14_16_extreme_snr\0_0_0_10_14_16_snr_m25dB.bin,-25.0,sto_phase_jump_corrected,continuous,sfo_cum_before,plus,6,9,9,5,13,14574354,14521106,10,4,-24,-0.3905926756700688,-1992.2579759312384,-0.13882633954043927,-0.006251433431328191,0.029905025852294223,0.029905025852294265,557,0.187898819045961,0.05981005170458853,468,468,84,0,36,-5.891368865966797,-7.135354518890381,9.253189246153582,85.62150573730469,-2.2609882931655503,0.0034566980841644287,13.93017864227295,194.0498504638672,0.6361927580757248,24769.737955868244,-2.2609882931655503,-1.6630278493978958,-0.5979604437676544,-0.12056891445487129,0.9606743332777473,0.2463686194896553,0.43878949638871234
D:\Desktop\proj\gr-lora_sdr\weakPacket_decoding\data\low_snr_gt_bin\0_0_0_10_14_16_extreme_snr\0_0_0_10_14_16_snr_m25dB.bin,-25.0,sto_phase_jump_corrected,continuous,sfo_cum_before,plus,6,9,9,6,14,14578450,14521106,10,4,-24,-0.3905926756700688,-2145.5085894644108,-0.13882633954043927,-0.006251433431328191,0.023653592420966034,0.023653592420965985,936,0.14861990436142788,0.047307184841931964,89,89,743,0,86,-1.9031367301940918,-7.257861614227295,7.503231612118068,56.29848861694336,-1.8272401440881587,0.0024311619259073988,12.244604110717773,149.93031311035156,0.24472281984787905,23157.029573803768,-1.8272401440881587,-2.0418062653006155,0.21456612121245677,-0.12056891445487129,0.9606743332777473,0.2463686194896553,0.43878949638871234
D:\Desktop\proj\gr-lora_sdr\weakPacket_decoding\data\low_snr_gt_bin\0_0_0_10_14_16_extreme_snr\0_0_0_10_14_16_snr_m25dB.bin,-25.0,sto_phase_jump_corrected,continuous,sfo_cum_before,plus,6,9,9,7,15,14582546,14521106,10,4,-24,-0.3905926756700688,-2298.7592029975826,-0.13882633954043927,-0.006251433431328191,0.017402158989637845,0.017402158989637817,312,0.10934098967689548,0.034804317979275634,713,-311,713,1,1,-10.920975685119629,-10.805527687072754,15.363174753646136,236.02713012695312,-2.361508134524161,0.008987468311565524,15.363174438476562,236.02713012695312,2.0238206108189565,26261.80387453735,-2.361508134524161,-2.4205846812033354,0.05907654667917451,-0.12056891445487129,0.9606743332777473,0.2463686194896553,0.43878949638871234
D:\Desktop\proj\gr-lora_sdr\weakPacket_decoding\data\low_snr_gt_bin\0_0_0_10_14_16_extreme_snr\0_0_0_10_14_16_snr_m25dB.bin,-25.0,sto_phase_jump_corrected,continuous,sfo_cum_before,plus,6,9,9,8,16,14586642,14521106,10,4,-24,-0.3905926756700688,-2452.009816530755,-0.13882633954043927,-0.006251433431328191,0.011150725558309654,0.011150725558309649,160,0.07006207499236307,0.022301451116619297,865,-159,431,0,3,-5.4597296714782715,-11.0681734085083,12.341519788357935,152.31312561035156,-2.029055031106869,0.006178620235121939,12.988158226013184,168.6922607421875,0.2621869644902203,24651.640627552755,-2.029055031106869,-2.7993630971060552,0.7703080659991861,-0.12056891445487129,0.9606743332777473,0.2463686194896553,0.43878949638871234
D:\Desktop\proj\gr-lora_sdr\weakPacket_decoding\data\low_snr_gt_bin\0_0_0_10_14_16_extreme_snr\0_0_0_10_14_16_snr_m25dB.bin,-25.0,sto_phase_jump_corrected,continuous,sfo_cum_before,plus,6,9,9,9,17,14590738,14521106,10,4,-24,-0.3905926756700688,-2605.2604300639273,-0.13882633954043927,-0.006251433431328191,0.004899292126981463,0.00489929212698148,533,0.03078316030783066,0.00979858425396296,492,492,752,0,18,-10.496147155761719,-0.28413093090057373,10.499992166725614,110.24983978271484,-3.1145292411978858,0.00443062418723703,13.2639741897583,175.93301391601562,0.670927033669618,24883.59091712255,-3.1145292411978858,-3.178141513008775,0.06361227181088935,-0.12056891445487129,0.9606743332777473,0.2463686194896553,0.43878949638871234
D:\Desktop\proj\gr-lora_sdr\weakPacket_decoding\data\low_snr_gt_bin\0_0_0_10_14_16_extreme_snr\0_0_0_10_14_16_snr_m25dB.bin,-25.0,sto_phase_jump_corrected,continuous,sfo_cum_before,plus,6,9,9,10,18,14594834,14521106,10,4,-24,-0.3905926756700688,-2758.511043597099,-0.13882633954043927,-0.006251433431328191,-0.0013521413043467278,-0.0013521413043467434,259,-0.0084957543767021,-0.002704282608693487,765,-259,464,0,296,-3.9209368228912354,3.5601389408111572,5.296067866538759,28.0483341217041,2.4043852251788964,0.00119010102085496,14.527170181274414,211.03868103027344,1.927031413721085,23568.027949051233,-3.8788000820006907,-3.556919928911495,-0.3218801530891957,-0.12056891445487129,0.9606743332777473,0.2463686194896553,0.43878949638871234
D:\Desktop\proj\gr-lora_sdr\weakPacket_decoding\data\low_snr_gt_bin\0_0_0_10_14_16_extreme_snr\0_0_0_10_14_16_snr_m25dB.bin,-25.0,sto_phase_jump_corrected,continuous,sfo_cum_before,plus,6,9,9,11,19,14598930,14521106,10,4,-24,-0.3905926756700688,-2911.7616571302715,-0.13882633954043927,-0.006251433431328191,-0.007603574735674919,-0.007603574735674912,1,-0.04777466906123451,-0.015207149471349823,1023,-1,519,0,132,-6.49301815032959,-2.0155622959136963,6.798659873035154,46.22178268432617,-2.840603908311794,0.001917156016201528,13.66702651977539,186.78761291503906,0.6730745261524718,24109.557226284407,-2.840603908311795,-3.935698344814215,1.09509443650242,-0.12056891445487129,0.9606743332777473,0.2463686194896553,0.43878949638871234
D:\Desktop\proj\gr-lora_sdr\weakPacket_decoding\data\low_snr_gt_bin\0_0_0_10_14_16_extreme_snr\0_0_0_10_14_16_snr_m25dB.bin,-25.0,sto_phase_jump_corrected,continuous,sfo_cum_before,plus,6,9,9,12,20,14603026,14521106,10,4,-24,-0.3905926756700688,-3065.012270663444,-0.13882633954043927,-0.006251433431328191,-0.01385500816700311,-0.013855008167003136,427,-0.08705358374576727,-0.02771001633400627,597,-427,846,0,161,-4.513666152954102,4.88677453994751,6.652349024562878,44.253753662109375,2.3165247916872658,0.001814886765541107,12.296690940856934,151.20858764648438,0.47092393551981865,24383.754679546168,-3.9666605154923213,-4.314476760716935,0.34781624522461335,-0.12056891445487129,0.9606743332777473,0.2463686194896553,0.43878949638871234
D:\Desktop\proj\gr-lora_sdr\weakPacket_decoding\data\low_snr_gt_bin\0_0_0_10_14_16_extreme_snr\0_0_0_10_14_16_snr_m25dB.bin,-25.0,sto_phase_jump_corrected,continuous,sfo_cum_before,plus,6,9,9,13,21,14607122,14521106,10,4,-24,-0.3905926756700688,-3218.2628841966157,-0.13882633954043927,-0.006251433431328191,-0.0201064415983313,-0.020106441598331304,462,-0.12633249843029967,-0.0402128831966626,562,-462,636,0,20,-7.381193161010742,7.125076770782471,10.259080439771184,105.24874114990234,2.3738482209098866,0.004246418159213504,14.972831726074219,224.1857147216797,1.6692547043098125,24785.298386486713,-3.9093370862697006,-4.693255176619655,0.7839180903499541,-0.12056891445487129,0.9606743332777473,0.2463686194896553,0.43878949638871234
D:\Desktop\proj\gr-lora_sdr\weakPacket_decoding\data\low_snr_gt_bin\0_0_0_10_14_16_extreme_snr\0_0_0_10_14_16_snr_m25dB.bin,-25.0,sto_phase_jump_corrected,continuous,sfo_cum_before,plus,6,9,9,14,22,14611218,14521106,10,4,-24,-0.3905926756700688,-3371.513497729788,-0.13882633954043927,-0.006251433431328191,-0.026357875029659493,-0.026357875029659472,546,-0.1656114131148321,-0.052715750059318944,478,478,182,0,17,-7.088005065917969,7.13002347946167,10.053708302519697,101.0770492553711,2.353239207673099,0.004244381562163683,12.655872344970703,160.17111206054688,0.06561895736856956,23814.317298052832,-3.929946099506488,-5.0720335925223745,1.1420874930158864,-0.12056891445487129,0.9606743332777473,0.2463686194896553,0.43878949638871234
D:\Desktop\proj\gr-lora_sdr\weakPacket_decoding\data\low_snr_gt_bin\0_0_0_10_14_16_extreme_snr\0_0_0_10_14_16_snr_m25dB.bin,-25.0,sto_phase_jump_corrected,continuous,sfo_cum_before,plus,6,9,9,15,23,14615314,14521106,10,4,-24,-0.3905926756700688,-3524.7641112629603,-0.13882633954043927,-0.006251433431328191,-0.03260930846098768,-0.032609308460987696,757,-0.20489032779936486,-0.06521861692197539,267,267,531,0,114,-0.47680211067199707,7.260687828063965,7.2763265449907815,52.94493103027344,1.6363711731425536,0.00214219317338914,14.212790489196777,202.00341796875,0.4018952814939789,24715.29257396981,-4.646814134037033,-5.450812008425094,0.8039978743880614,-0.12056891445487129,0.9606743332777473,0.2463686194896553,0.43878949638871234
D:\Desktop\proj\gr-lora_sdr\weakPacket_decoding\data\low_snr_gt_bin\0_0_0_10_14_16_extreme_snr\0_0_0_10_14_16_snr_m25dB.bin,-25.0,sto_phase_jump_corrected,continuous,sfo_cum_before,plus,6,9,9,16,24,14619410,14521106,10,4,-24,-0.3905926756700688,-3678.014724796132,-0.13882633954043927,-0.006251433431328191,-0.03886074189231587,-0.038860741892315864,107,-0.24416924248389726,-0.07772148378463173,917,-107,120,0,2,10.269882202148438,9.153826713562012,13.757289847492737,189.26300048828125,0.7280028578448424,0.007774898154275399,14.099227905273438,198.78822326660156,0.21324931170286188,24342.826971206814,-5.555182449334745,-5.829590424327814,0.2744079749930694,-0.12056891445487129,0.9606743332777473,0.2463686194896553,0.43878949638871234
D:\Desktop\proj\gr-lora_sdr\weakPacket_decoding\data\low_snr_gt_bin\0_0_0_10_14_16_extreme_snr\0_0_0_10_14_16_snr_m25dB.bin,-25.0,sto_phase_jump_corrected,continuous,sfo_cum_before,plus,6,9,9,17,25,14623506,14521106,10,4,-24,-0.3905926756700688,-3831.2653383293045,-0.13882633954043927,-0.006251433431328191,-0.04511217532364406,-0.04511217532364409,368,-0.28344815716843,-0.09022435064728818,656,-368,78,0,100,6.589121341705322,3.2853667736053467,7.362754572361254,54.21015167236328,0.4625307344237617,0.0022623264170456223,12.73038101196289,162.06260681152344,0.9181456130921948,23962.126448205672,-5.820654572755825,-6.208368840230534,0.38771426747470894,-0.12056891445487129,0.9606743332777473,0.2463686194896553,0.43878949638871234
D:\Desktop\proj\gr-lora_sdr\weakPacket_decoding\data\low_snr_gt_bin\0_0_0_10_14_16_extreme_snr\0_0_0_10_14_16_snr_m25dB.bin,-25.0,sto_phase_jump_corrected,continuous,sfo_cum_before,plus,6,9,9,18,26,14627602,14521106,10,4,-24,-0.3905926756700688,-3984.515951862477,-0.13882633954043927,-0.006251433431328191,-0.05136360875497225,-0.051363608754972256,135,-0.32272707185296245,-0.10272721750994451,889,-135,185,0,351,4.923699855804443,0.4088102877140045,4.940642278225525,24.40994644165039,0.08283907298450562,0.001019011046669779,13.205382347106934,174.3821258544922,1.197547200063653,23954.545459957793,-6.200346234195082,-6.587147256133254,0.38680102193817234,-0.12056891445487129,0.9606743332777473,0.2463686194896553,0.43878949638871234
D:\Desktop\proj\gr-lora_sdr\weakPacket_decoding\data\low_snr_gt_bin\0_0_0_10_14_16_extreme_snr\0_0_0_10_14_16_snr_m25dB.bin,-25.0,sto_phase_jump_corrected,continuous,sfo_cum_before,plus,6,9,9,19,27,14631698,14521106,10,4,-24,-0.3905926756700688,-4137.766565395649,-0.13882633954043927,-0.006251433431328191,-0.05761504218630044,-0.057615042186300425,514,-0.36200598653749483,-0.11523008437260084,510,510,708,0,127,6.856470108032227,-1.5902070999145508,7.038461548020142,49.53994369506836,-0.22789870671033396,0.0020452416263882682,11.798213005065918,139.19784545898438,0.4294570578361879,24222.04939303524,-6.511084013889921,-6.965925672035974,0.45484165814605326,-0.12056891445487129,0.9606743332777473,0.2463686194896553,0.43878949638871234
D:\Desktop\proj\gr-lora_sdr\weakPacket_decoding\data\low_snr_gt_bin\0_0_0_10_14_16_extreme_snr\0_0_0_10_14_16_snr_m25dB.bin,-25.0,sto_phase_jump_corrected,continuous,sfo_cum_before,plus,6,9,9,20,28,14635794,14521106,10,4,-24,-0.3905926756700688,-4291.0171789288215,-0.13882633954043927,-0.006251433431328191,-0.06386647561762863,-0.06386647561762865,164,-0.4012849012220276,-0.1277329512352573,860,-164,28,0,95,7.272607326507568,-1.8002817630767822,7.492117975048071,56.131832122802734,-0.24266469416508657,0.0022637206507438636,12.019936561584473,144.4788818359375,0.31252989311339974,24796.271617859602,-6.525850001344674,-7.344704087938694,0.8188540865940199,-0.12056891445487129,0.9606743332777473,0.2463686194896553,0.43878949638871234
D:\Desktop\proj\gr-lora_sdr\weakPacket_decoding\data\low_snr_gt_bin\0_0_0_10_14_16_extreme_snr\0_0_0_10_14_16_snr_m25dB.bin,-25.0,sto_phase_jump_corrected,continuous,sfo_cum_before,plus,6,9,9,21,29,14639890,14521106,10,4,-24,-0.3905926756700688,-4444.267792461993,-0.13882633954043927,-0.006251433431328191,-0.07011790904895683,-0.07011790904895682,471,-0.44056381590656,-0.14023581809791363,553,-471,228,0,15,6.854897499084473,-7.418398857116699,10.100606978109035,102.02227783203125,-0.8248570841123023,0.004227220789324326,12.877931594848633,165.84109497070312,0.3975884289320534,24134.598810093943,-7.10804239129189,-7.723482503841414,0.6154401125495239,-0.12056891445487129,0.9606743332777473,0.2463686194896553,0.43878949638871234
D:\Desktop\proj\gr-lora_sdr\weakPacket_decoding\data\low_snr_gt_bin\0_0_0_10_14_16_extreme_snr\0_0_0_10_14_16_snr_m25dB.bin,-25.0,sto_phase_jump_corrected,continuous,sfo_cum_before,plus,6,9,9,22,30,14643986,14521106,10,4,-24,-0.3905926756700688,-4597.518405995165,-0.13882633954043927,-0.006251433431328191,-0.07636934248028503,-0.07636934248028504,395,-0.4798427305910928,-0.15273868496057008,629,-395,432,0,548,3.2900874614715576,-1.978161334991455,3.838983950394627,14.737798690795898,-0.5413372736452476,0.0006297207409613963,15.512676239013672,240.64312744140625,1.2218422666832154,23403.705376284197,-6.824522580824834,-8.102260919744134,1.2777383389193,-0.12056891445487129,0.9606743332777473,0.2463686194896553,0.43878949638871234
D:\Desktop\proj\gr-lora_sdr\weakPacket_decoding\data\low_snr_gt_bin\0_0_0_10_14_16_extreme_snr\0_0_0_10_14_16_snr_m25dB.bin,-25.0,sto_phase_jump_corrected,continuous,sfo_cum_before,plus,6,9,9,23,31,14648082,14521106,10,4,-24,-0.3905926756700688,-4750.769019528338,-0.13882633954043927,-0.006251433431328191,-0.08262077591161322,-0.08262077591161321,265,-0.5191216452756252,-0.16524155182322642,759,-265,837,0,909,-0.24237500131130219,-1.772233247756958,1.7887303669686576,3.199556350708008,-1.7067155752846863,0.00012708019935879137,11.875622749328613,141.0303955078125,0.036269213418837154,25177.45775385946,-7.989900882464274,-8.481039335646855,0.49113845318258154,-0.12056891445487129,0.9606743332777473,0.2463686194896553,0.43878949638871234
D:\Desktop\proj\gr-lora_sdr\weakPacket_decoding\data\low_snr_gt_bin\0_0_0_10_14_16_extreme_snr\0_0_0_10_14_16_snr_m25dB.bin,-25.0,sto_phase_jump_corrected,continuous,sfo_cum_before,plus,6,9,9,24,32,14652178,14521106,10,4,-24,-0.3905926756700688,-4904.01963306151,-0.13882633954043927,-0.006251433431328191,-0.08887220934294142,-0.08887220934294143,150,-0.5584005599601579,-0.17774441868588284,874,-150,855,0,82,-7.171838760375977,3.4947779178619385,7.978016288527283,63.648746490478516,2.6881632263764472,0.0026649036262765377,13.377525329589844,178.95819091796875,0.46202554874599777,23884.070651894435,-9.878207387982725,-8.859817751549574,-1.0183896364331506,-0.12056891445487129,0.9606743332777473,0.2463686194896553,0.43878949638871234
D:\Desktop\proj\gr-lora_sdr\weakPacket_decoding\data\low_snr_gt_bin\0_0_0_10_14_16_extreme_snr\0_0_0_10_14_16_snr_m25dB.bin,-25.0,sto_phase_jump_corrected,continuous,sfo_cum_before,plus,6,9,9,25,33,14656274,14521106,10,4,-24,-0.3905926756700688,-5057.270246594682,-0.13882633954043927,-0.006251433431328191,-0.09512364277426962,-0.0951236427742696,304,-0.5976794746446904,-0.1902472855485392,720,-304,896,0,782,-1.5402199029922485,2.078287124633789,2.586803958940846,6.691554546356201,2.2085774686690782,0.00027540016150000675,12.893168449401855,166.2337646484375,0.18333680052741852,24297.56943463534,-10.357793145690094,-9.238596167452293,-1.1191969782378006,-0.12056891445487129,0.9606743332777473,0.2463686194896553,0.43878949638871234
D:\Desktop\proj\gr-lora_sdr\weakPacket_decoding\data\low_snr_gt_bin\0_0_0_10_14_16_extreme_snr\0_0_0_10_14_16_snr_m25dB.bin,-25.0,sto_phase_jump_corrected,continuous,sfo_cum_before,plus,6,9,9,26,34,14660370,14521106,10,4,-24,-0.3905926756700688,-5210.520860127855,-0.13882633954043927,-0.006251433431328191,-0.10137507620559781,-0.10137507620559782,710,-0.6369583893292231,-0.20275015241119565,314,314,866,0,530,-3.698758125305176,1.4218816757202148,3.9626454761005285,15.702559471130371,2.774587841159274,0.0006320985085958422,13.502532958984375,182.31838989257812,0.7495960455389958,24841.949882166926,-9.791782773199898,-9.617374583355014,-0.17440818984488438,-0.12056891445487129,0.9606743332777473,0.2463686194896553,0.43878949638871234
D:\Desktop\proj\gr-lora_sdr\weakPacket_decoding\data\low_snr_gt_bin\0_0_0_10_14_16_extreme_snr\0_0_0_10_14_16_snr_m25dB.bin,-25.0,sto_phase_jump_corrected,continuous,sfo_cum_before,plus,6,9,9,27,35,14664466,14521106,10,4,-24,-0.3905926756700688,-5363.771473661027,-0.13882633954043927,-0.006251433431328191,-0.10762650963692601,-0.107626509636926,422,-0.6762373040137556,-0.21525301927385201,602,-422,137,0,4,-11.645954132080078,5.822614669799805,13.02041048659684,169.53109741210938,2.677969939122961,0.006739498803017973,13.050929069519043,170.32675170898438,0.005401626630383303,25154.85236620158,-9.88840067523621,-9.996152999257735,0.1077523240215239,-0.12056891445487129,0.9606743332777473,0.2463686194896553,0.43878949638871234
D:\Desktop\proj\gr-lora_sdr\weakPacket_decoding\data\low_snr_gt_bin\0_0_0_10_14_16_extreme_snr\0_0_0_10_14_16_snr_m25dB.bin,-25.0,sto_phase_jump_corrected,continuous,sfo_cum_before,plus,6,9,9,28,36,14668562,14521106,10,4,-24,-0.3905926756700688,-5517.022087194198,-0.13882633954043927,-0.006251433431328191,-0.1138779430682542,-0.11387794306825422,1017,-0.7155162186982883,-0.22775588613650843,7,7,356,0,175,-3.1032211780548096,5.839103698730469,6.612496781432542,43.72511291503906,2.0592901853931616,0.0017202838593991401,12.77924633026123,163.30914306640625,0.6190922834056688,25417.38253029436,-10.507080428966011,-10.374931415160454,-0.13214901380555766,-0.12056891445487129,0.9606743332777473,0.2463686194896553,0.43878949638871234
D:\Desktop\proj\gr-lora_sdr\weakPacket_decoding\data\low_snr_gt_bin\0_0_0_10_14_16_extreme_snr\0_0_0_10_14_16_snr_m25dB.bin,-25.0,sto_phase_jump_corrected,continuous,sfo_cum_before,plus,6,9,9,29,37,14672658,14521106,10,4,-24,-0.3905926756700688,-5670.272700727371,-0.13882633954043927,-0.006251433431328191,-0.1201293764995824,-0.12012937649958239,414,-0.7547951333828207,-0.24025875299916474,610,-414,293,0,178,-5.108169078826904,4.175171375274658,6.597381855766436,43.52544403076172,2.4563605124925103,0.001720684913757585,13.170357704162598,173.45834350585938,0.7994887761495201,25295.417936635495,-10.110010101866662,-10.753709831063173,0.6436997291965111,-0.12056891445487129,0.9606743332777473,0.2463686194896553,0.43878949638871234
D:\Desktop\proj\gr-lora_sdr\weakPacket_decoding\data\low_snr_gt_bin\0_0_0_10_14_16_extreme_snr\0_0_0_10_14_16_snr_m25dB.bin,-25.0,sto_phase_jump_corrected,continuous,sfo_cum_before,plus,6,9,9,30,38,14676754,14521106,10,4,-24,-0.3905926756700688,-5823.523314260543,-0.13882633954043927,-0.006251433431328191,-0.12638080993091058,-0.1263808099309106,230,-0.7940740480673535,-0.2527616198618212,794,-230,875,0,2,12.044045448303223,0.9049322605133057,12.077993755459195,145.87794494628906,0.07499433113731631,0.005902595555710403,12.438448905944824,154.71498107910156,0.2554273198052329,24714.203026355244,-12.491376283221856,-11.132488246965893,-1.358888036255962,-0.12056891445487129,0.9606743332777473,0.2463686194896553,0.43878949638871234
D:\Desktop\proj\gr-lora_sdr\weakPacket_decoding\data\low_snr_gt_bin\0_0_0_10_14_16_extreme_snr\0_0_0_10_14_16_snr_m25dB.bin,-25.0,sto_phase_jump_corrected,continuous,sfo_cum_before,plus,6,9,9,31,39,14680851,14521106,10,4,-24,-0.3905926756700688,-5976.811342494285,-0.13882633954043927,-0.006251433431328191,0.11736775663776122,0.11736775663776122,120,0.7374433640430107,0.23473551327552244,905,-119,721,0,52,6.288740634918213,5.589770793914795,8.41390493776667,70.7938003540039,0.7266227197157739,0.0029559528034905033,12.95713996887207,167.8874969482422,0.14979156567112056,23949.570598829538,-11.839747894643398,-11.511266662868614,-0.3284812317747843,-0.12056891445487129,0.9606743332777473,0.2463686194896553,0.43878949638871234
D:\Desktop\proj\gr-lora_sdr\weakPacket_decoding\data\low_snr_gt_bin\0_0_0_10_14_16_extreme_snr\0_0_0_10_14_16_snr_m25dB.bin,-25.0,sto_phase_jump_corrected,continuous,sfo_cum_before,plus,6,9,9,32,40,14684947,14521106,10,4,-24,-0.3905926756700688,-6130.061956027457,-0.13882633954043927,-0.006251433431328191,0.11111632320643303,0.11111632320643305,284,0.6981644493584782,0.22223264641286608,741,-283,770,0,660,0.9235339760780334,3.076698064804077,3.212317852725607,10.318986892700195,1.2791831237174116,0.0004326764726064019,12.58910846710205,158.48565673828125,0.07017851305917105,23849.198063716292,-11.287187490641761,-11.890045078771333,0.6028575881295719,-0.12056891445487129,0.9606743332777473,0.2463686194896553,0.43878949638871234
D:\Desktop\proj\gr-lora_sdr\weakPacket_decoding\data\low_snr_gt_bin\0_0_0_10_14_16_extreme_snr\0_0_0_10_14_16_snr_m25dB.bin,-25.0,sto_phase_jump_corrected,continuous,sfo_cum_before,plus,6,9,9,33,41,14689043,14521106,10,4,-24,-0.3905926756700688,-6283.3125695606295,-0.13882633954043927,-0.006251433431328191,0.10486488977510483,0.10486488977510477,445,0.6588855346739452,0.20972977955020955,580,-444,288,0,251,2.1208157539367676,-5.446683883666992,5.84501709071446,34.164222717285156,-1.1994807482230518,0.0013716121372959467,12.67313003540039,160.60824584960938,0.4005955789444139,24908.078448939603,-13.765851362582225,-12.268823494674052,-1.497027867908173,-0.12056891445487129,0.9606743332777473,0.2463686194896553,0.43878949638871234
D:\Desktop\proj\gr-lora_sdr\weakPacket_decoding\data\low_snr_gt_bin\0_0_0_10_14_16_extreme_snr\0_0_0_10_14_16_snr_m25dB.bin,-25.0,sto_phase_jump_corrected,continuous,sfo_cum_before,plus,6,9,9,34,42,14693139,14521106,10,4,-24,-0.3905926756700688,-6436.563183093801,-0.13882633954043927,-0.006251433431328191,0.09861345634377663,0.0986134563437766,936,0.6196066199894127,0.19722691268755319,89,89,1021,0,52,5.56555700302124,-6.082242012023926,8.244337004678279,67.9690933227539,-0.8297281273855716,0.00284479706109094,11.608132362365723,134.7487335205078,0.06985495889074173,23892.42250436265,-13.396098741744744,-12.647601910576773,-0.7484968311679712,-0.12056891445487129,0.9606743332777473,0.2463686194896553,0.43878949638871234
D:\Desktop\proj\gr-lora_sdr\weakPacket_decoding\data\low_snr_gt_bin\0_0_0_10_14_16_extreme_snr\0_0_0_10_14_16_snr_m25dB.bin,-25.0,sto_phase_jump_corrected,continuous,sfo_cum_before,plus,7,10,10,0,8,16054239,16021471,10,4,-24,-0.439221980632291,-1228.4492837408736,0.02365388137379698,-0.006263897370471676,-0.026457297589976423,-0.026457297589976447,221,-0.16623610348501788,-0.052914595179952895,803,-221,740,0,36,-3.0263290405273438,-8.402756690979004,8.931124647508375,79.7649917602539,-1.916492720551332,0.003235761414553299,15.270485877990723,233.187744140625,2.2775744286933777,24651.073284173384,-1.916492720551332,-0.7297460269776218,-1.1867466935737103,-0.1212091156314093,0.9470085503773883,0.2895751689423264,0.7419502204774865
D:\Desktop\proj\gr-lora_sdr\weakPacket_decoding\data\low_snr_gt_bin\0_0_0_10_14_16_extreme_snr\0_0_0_10_14_16_snr_m25dB.bin,-25.0,sto_phase_jump_corrected,continuous,sfo_cum_before,plus,7,10,10,1,9,16058335,16021471,10,4,-24,-0.439221980632291,-1382.005444208483,0.02365388137379698,-0.006263897370471676,-0.0327211949604481,-0.03272119496044812,198,-0.20559333140884634,-0.06544238992089624,826,-198,270,0,2,-10.433032035827637,-8.914222717285156,13.722664614205527,188.3115234375,-2.434536397512924,0.007510128200488926,14.078689575195312,198.20950317382812,0.222475761187762,25074.34206319414,-2.434536397512924,-1.110535694193373,-1.3240007033195509,-0.1212091156314093,0.9470085503773883,0.2895751689423264,0.7419502204774865
D:\Desktop\proj\gr-lora_sdr\weakPacket_decoding\data\low_snr_gt_bin\0_0_0_10_14_16_extreme_snr\0_0_0_10_14_16_snr_m25dB.bin,-25.0,sto_phase_jump_corrected,continuous,sfo_cum_before,plus,7,10,10,2,10,16062431,16021471,10,4,-24,-0.439221980632291,-1535.561604676092,0.02365388137379698,-0.006263897370471676,-0.03898509233091978,-0.03898509233091979,102,-0.2449505593326748,-0.07797018466183958,922,-102,825,0,9,-5.841297149658203,-9.068011283874512,10.786546297823067,116.34957122802734,-2.143058800769059,0.004589970335393062,12.73462200164795,162.17059326171875,0.3276482506039366,25348.654288865626,-2.143058800769059,-1.4913253614091242,-0.6517334393599348,-0.1212091156314093,0.9470085503773883,0.2895751689423264,0.7419502204774865
D:\Desktop\proj\gr-lora_sdr\weakPacket_decoding\data\low_snr_gt_bin\0_0_0_10_14_16_extreme_snr\0_0_0_10_14_16_snr_m25dB.bin,-25.0,sto_phase_jump_corrected,continuous,sfo_cum_before,plus,7,10,10,3,11,16066527,16021471,10,4,-24,-0.439221980632291,-1689.1177651437013,0.02365388137379698,-0.006263897370471676,-0.045248989701391455,-0.04524898970139146,333,-0.28430778725650324,-0.09049797940278292,691,-333,695,0,79,-7.454731464385986,-2.387421131134033,7.827694479442318,61.27280044555664,-2.831657669789117,0.0025755273487340804,12.65670394897461,160.19215393066406,1.1094332176095563,23790.390141138807,-2.831657669789117,-1.8721150286248758,-0.9595426411642412,-0.1212091156314093,0.9470085503773883,0.2895751689423264,0.7419502204774865
D:\Desktop\proj\gr-lora_sdr\weakPacket_decoding\data\low_snr_gt_bin\0_0_0_10_14_16_extreme_snr\0_0_0_10_14_16_snr_m25dB.bin,-25.0,sto_phase_jump_corrected,continuous,sfo_cum_before,plus,7,10,10,4,12,16070623,16021471,10,4,-24,-0.439221980632291,-1842.6739256113106,0.02365388137379698,-0.006263897370471676,-0.051512887071863134,-0.051512887071863134,917,-0.3236650151803317,-0.10302577414372627,107,107,417,0,16,-9.680441856384277,2.4820687770843506,9.993578935947506,99.87162017822266,2.8905992528520823,0.00420056989729187,13.094783782958984,171.4733428955078,0.3053607121175502,23775.731060352176,-3.392586054327504,-2.252904695840627,-1.139681358486877,-0.1212091156314093,0.9470085503773883,0.2895751689423264,0.7419502204774865
D:\Desktop\proj\gr-lora_sdr\weakPacket_decoding\data\low_snr_gt_bin\0_0_0_10_14_16_extreme_snr\0_0_0_10_14_16_snr_m25dB.bin,-25.0,sto_phase_jump_corrected,continuous,sfo_cum_before,plus,7,10,10,5,13,16074719,16021471,10,4,-24,-0.439221980632291,-1996.2300860789196,0.02365388137379698,-0.006263897370471676,-0.05777678444233481,-0.057776784442334805,556,-0.36302224310416015,-0.11555356888466961,468,468,848,0,715,-2.967021942138672,-0.06504146009683609,2.967734758475539,8.807448387145996,-3.1196747015830586,0.00035476507818031557,13.968819618225098,195.12791442871094,0.5862953459493114,24826.142506251577,-3.1196747015830586,-2.633694363056378,-0.48598033852668054,-0.1212091156314093,0.9470085503773883,0.2895751689423264,0.7419502204774865
D:\Desktop\proj\gr-lora_sdr\weakPacket_decoding\data\low_snr_gt_bin\0_0_0_10_14_16_extreme_snr\0_0_0_10_14_16_snr_m25dB.bin,-25.0,sto_phase_jump_corrected,continuous,sfo_cum_before,plus,7,10,10,6,14,16078815,16021471,10,4,-24,-0.439221980632291,-2149.7862465465287,0.02365388137379698,-0.006263897370471676,-0.06404068181280649,-0.06404068181280648,935,-0.4023794710279886,-0.12808136362561295,89,89,340,0,24,-8.655712127685547,-4.330870628356934,9.678728885392308,93.67779541015625,-2.67766646374048,0.0038189907536045316,13.70100212097168,187.7174530029297,0.2703448873080202,24529.463791379705,-2.67766646374048,-3.0144840302721296,0.33681756653164946,-0.1212091156314093,0.9470085503773883,0.2895751689423264,0.7419502204774865
D:\Desktop\proj\gr-lora_sdr\weakPacket_decoding\data\low_snr_gt_bin\0_0_0_10_14_16_extreme_snr\0_0_0_10_14_16_snr_m25dB.bin,-25.0,sto_phase_jump_corrected,continuous,sfo_cum_before,plus,7,10,10,7,15,16082911,16021471,10,4,-24,-0.439221980632291,-2303.342407014138,0.02365388137379698,-0.006263897370471676,-0.07030457918327816,-0.07030457918327815,311,-0.44173669895181705,-0.1406091583665563,713,-311,686,0,24,-9.41888427734375,1.0509634017944336,9.477336392779598,89.81989288330078,3.0304718352524556,0.0036909175291126154,13.32291030883789,177.49993896484375,1.154298583531629,24335.383322665468,-3.2527134719271307,-3.3952736974878808,0.1425602255607501,-0.1212091156314093,0.9470085503773883,0.2895751689423264,0.7419502204774865
D:\Desktop\proj\gr-lora_sdr\weakPacket_decoding\data\low_snr_gt_bin\0_0_0_10_14_16_extreme_snr\0_0_0_10_14_16_snr_m25dB.bin,-25.0,sto_phase_jump_corrected,continuous,sfo_cum_before,plus,7,10,10,8,16,16087007,16021471,10,4,-24,-0.439221980632291,-2456.8985674817472,0.02365388137379698,-0.006263897370471676,-0.07656847655374983,-0.07656847655374982,159,-0.4810939268756455,-0.15313695310749964,865,-159,346,0,212,-4.906859397888184,3.5453217029571533,6.053641476673573,36.64657974243164,2.51590957782283,0.0015079480123342981,12.93627643585205,167.3472442626953,0.716232992089433,24302.283263534307,-3.767275729356756,-3.776063364703632,0.008787635346875877,-0.1212091156314093,0.9470085503773883,0.2895751689423264,0.7419502204774865
D:\Desktop\proj\gr-lora_sdr\weakPacket_decoding\data\low_snr_gt_bin\0_0_0_10_14_16_extreme_snr\0_0_0_10_14_16_snr_m25dB.bin,-25.0,sto_phase_jump_corrected,continuous,sfo_cum_before,plus,7,10,10,9,17,16091103,16021471,10,4,-24,-0.439221980632291,-2610.4547279493563,0.02365388137379698,-0.006263897370471676,-0.0828323739242215,-0.08283237392422149,532,-0.520451154799474,-0.165664747848443,492,492,745,0,222,-0.5177998542785645,6.147022247314453,6.1687923614002225,38.05399703979492,1.6548338178889601,0.0015828232138736362,14.403502464294434,207.46090698242188,1.6688274887057526,24041.84921363741,-4.628351489290626,-4.156853031919383,-0.4714984573712435,-0.1212091156314093,0.9470085503773883,0.2895751689423264,0.7419502204774865
D:\Desktop\proj\gr-lora_sdr\weakPacket_decoding\data\low_snr_gt_bin\0_0_0_10_14_16_extreme_snr\0_0_0_10_14_16_snr_m25dB.bin,-25.0,sto_phase_jump_corrected,continuous,sfo_cum_before,plus,7,10,10,10,18,16095199,16021471,10,4,-24,-0.439221980632291,-2764.010888416966,0.02365388137379698,-0.006263897370471676,-0.08909627129469318,-0.08909627129469316,259,-0.5598083827233025,-0.17819254258938635,765,-259,345,0,340,-1.6639057397842407,4.866833209991455,5.14340818959206,26.45464324951172,1.9002250933570637,0.001095343016167783,13.099028587341309,171.5845489501953,0.6893856727542187,24151.92579769864,-4.382960213822523,-4.537642699135134,0.15468248531261075,-0.1212091156314093,0.9470085503773883,0.2895751689423264,0.7419502204774865
D:\Desktop\proj\gr-lora_sdr\weakPacket_decoding\data\low_snr_gt_bin\0_0_0_10_14_16_extreme_snr\0_0_0_10_14_16_snr_m25dB.bin,-25.0,sto_phase_jump_corrected,continuous,sfo_cum_before,plus,7,10,10,11,19,16099295,16021471,10,4,-24,-0.439221980632291,-2917.567048884575,0.02365388137379698,-0.006263897370471676,-0.09536016866516485,-0.09536016866516484,1,-0.5991656106471309,-0.1907203373303297,1023,-1,1023,1,1,-1.717538833618164,11.901304244995117,12.024599052647254,144.5909881591797,1.7141219626874178,0.005925098006924142,12.024599075317383,144.5909881591797,0.050165561288390524,24403.13864685595,-4.569063344492168,-4.918432366350885,0.3493690218587169,-0.1212091156314093,0.9470085503773883,0.2895751689423264,0.7419502204774865
D:\Desktop\proj\gr-lora_sdr\weakPacket_decoding\data\low_snr_gt_bin\0_0_0_10_14_16_extreme_snr\0_0_0_10_14_16_snr_m25dB.bin,-25.0,sto_phase_jump_corrected,continuous,sfo_cum_before,plus,7,10,10,12,20,16103391,16021471,10,4,-24,-0.439221980632291,-3071.123209352184,0.02365388137379698,-0.006263897370471676,-0.10162406603563652,-0.1016240660356365,427,-0.6385228385709594,-0.20324813207127304,597,-427,760,0,516,-3.7020766735076904,1.596045970916748,4.031468025150311,16.25273323059082,2.734548231594298,0.0006613133226490227,11.823185920715332,139.7877197265625,0.09455921077088647,24576.44912624359,-3.548637075585288,-5.299222033566637,1.7505849579813488,-0.1212091156314093,0.9470085503773883,0.2895751689423264,0.7419502204774865
D:\Desktop\proj\gr-lora_sdr\weakPacket_decoding\data\low_snr_gt_bin\0_0_0_10_14_16_extreme_snr\0_0_0_10_14_16_snr_m25dB.bin,-25.0,sto_phase_jump_corrected,continuous,sfo_cum_before,plus,7,10,10,13,21,16107487,16021471,10,4,-24,-0.439221980632291,-3224.6793698197935,0.02365388137379698,-0.006263897370471676,-0.10788796340610819,-0.10788796340610818,462,-0.6778800664947878,-0.21577592681221638,562,-462,65,0,15,9.249957084655762,3.5377566814422607,9.903404889484356,98.0774154663086,0.36529655680248735,0.004086380325475408,11.797429084777832,139.17930603027344,0.23593787714824394,24001.049254978076,-5.917888750377099,-5.680011700782388,-0.23787704959471068,-0.1212091156314093,0.9470085503773883,0.2895751689423264,0.7419502204774865
D:\Desktop\proj\gr-lora_sdr\weakPacket_decoding\data\low_snr_gt_bin\0_0_0_10_14_16_extreme_snr\0_0_0_10_14_16_snr_m25dB.bin,-25.0,sto_phase_jump_corrected,continuous,sfo_cum_before,plus,7,10,10,14,22,16111583,16021471,10,4,-24,-0.439221980632291,-3378.2355302874025,0.02365388137379698,-0.006263897370471676,-0.11415186077657986,-0.11415186077657985,546,-0.7172372944186163,-0.22830372155315973,478,478,910,0,6,3.027721643447876,11.11651611328125,11.521459492922082,132.74400329589844,1.3048838682030826,0.005421738150619068,12.8258638381958,164.50277709960938,0.1301952006140998,24483.661808850244,-4.978301438976503,-6.060801367998139,1.082499929021636,-0.1212091156314093,0.9470085503773883,0.2895751689423264,0.7419502204774865
D:\Desktop\proj\gr-lora_sdr\weakPacket_decoding\data\low_snr_gt_bin\0_0_0_10_14_16_extreme_snr\0_0_0_10_14_16_snr_m25dB.bin,-25.0,sto_phase_jump_corrected,continuous,sfo_cum_before,plus,7,10,10,15,23,16115679,16021471,10,4,-24,-0.439221980632291,-3531.7916907550116,0.02365388137379698,-0.006263897370471676,-0.12041575814705154,-0.12041575814705152,757,-0.7565945223424447,-0.24083151629410307,267,267,747,0,75,7.565600395202637,2.520925760269165,7.974545506088667,63.59336853027344,0.32163860479906714,0.0025421277341129175,16.409778594970703,269.28082275390625,2.0277326759462215,25015.80376033485,-5.961546702380519,-6.44159103521389,0.480044332833371,-0.1212091156314093,0.9470085503773883,0.2895751689423264,0.7419502204774865
D:\Desktop\proj\gr-lora_sdr\weakPacket_decoding\data\low_snr_gt_bin\0_0_0_10_14_16_extreme_snr\0_0_0_10_14_16_snr_m25dB.bin,-25.0,sto_phase_jump_corrected,continuous,sfo_cum_before,plus,7,10,10,16,24,16119775,16021471,10,4,-24,-0.439221980632291,-3685.347851222621,0.02365388137379698,-0.006263897370471676,-0.12667965551752322,-0.12667965551752325,107,-0.7959517502662735,-0.2533593110350465,917,-107,343,0,100,7.247287273406982,-2.5005905628204346,7.666558940369104,58.77613067626953,-0.33224763876153035,0.0023003391489605615,13.487329483032227,181.9080352783203,0.10539895617312131,25551.071763843298,-6.615432945941117,-6.8223807024296415,0.20694775648852468,-0.1212091156314093,0.9470085503773883,0.2895751689423264,0.7419502204774865
D:\Desktop\proj\gr-lora_sdr\weakPacket_decoding\data\low_snr_gt_bin\0_0_0_10_14_16_extreme_snr\0_0_0_10_14_16_snr_m25dB.bin,-25.0,sto_phase_jump_corrected,continuous,sfo_cum_before,plus,7,10,10,17,25,16123872,16021471,10,4,-24,-0.439221980632291,-3838.941500987219,0.02365388137379698,-0.006263897370471676,0.11705644711200511,0.11705644711200514,369,0.7354873486047949,0.23411289422401024,656,-368,746,0,105,7.198478698730469,1.9147111177444458,7.448772666721041,55.48421096801758,0.25996895576587303,0.002300804418374615,12.325906753540039,151.927978515625,0.5290931631538234,24115.13578681927,-6.023216351413713,-7.203170369645393,1.1799540182316797,-0.1212091156314093,0.9470085503773883,0.2895751689423264,0.7419502204774865
D:\Desktop\proj\gr-lora_sdr\weakPacket_decoding\data\low_snr_gt_bin\0_0_0_10_14_16_extreme_snr\0_0_0_10_14_16_snr_m25dB.bin,-25.0,sto_phase_jump_corrected,continuous,sfo_cum_before,plus,7,10,10,18,26,16127968,16021471,10,4,-24,-0.439221980632291,-3992.4976614548286,0.02365388137379698,-0.006263897370471676,0.11079254974153344,0.11079254974153341,136,0.6961301206809661,0.22158509948306682,889,-135,895,0,30,9.120903015136719,-0.4829266369342804,9.133678883570997,83.42407989501953,-0.052897845005979945,0.003478537476254315,16.09069061279297,258.91033935546875,1.9383909150375827,23982.51577408632,-6.336083152185566,-7.583960036861144,1.247876884675578,-0.1212091156314093,0.9470085503773883,0.2895751689423264,0.7419502204774865
D:\Desktop\proj\gr-lora_sdr\weakPacket_decoding\data\low_snr_gt_bin\0_0_0_10_14_16_extreme_snr\0_0_0_10_14_16_snr_m25dB.bin,-25.0,sto_phase_jump_corrected,continuous,sfo_cum_before,plus,7,10,10,19,27,16132064,16021471,10,4,-24,-0.439221980632291,-4146.053821922437,0.02365388137379698,-0.006263897370471676,0.10452865237106176,0.10452865237106179,515,0.656772892757138,0.20905730474212356,510,510,804,0,250,5.069023609161377,-2.7771143913269043,5.7799104398554855,33.40736770629883,-0.501198598129599,0.001384804859159929,13.048874855041504,170.2731170654297,0.4318696969383257,24124.242116369307,-6.784383905309185,-7.964749704076895,1.1803657987677099,-0.1212091156314093,0.9470085503773883,0.2895751689423264,0.7419502204774865
D:\Desktop\proj\gr-lora_sdr\weakPacket_decoding\data\low_snr_gt_bin\0_0_0_10_14_16_extreme_snr\0_0_0_10_14_16_snr_m25dB.bin,-25.0,sto_phase_jump_corrected,continuous,sfo_cum_before,plus,7,10,10,20,28,16136160,16021471,10,4,-24,-0.439221980632291,-4299.609982390047,0.02365388137379698,-0.006263897370471676,0.09826475500059009,0.09826475500059006,165,0.6174156648333092,0.19652951000118013,860,-164,702,0,4,10.546875,-6.7325239181518555,12.51253174118299,156.56344604492188,-0.5681368018905614,0.006204728492202244,13.625658988952637,185.65858459472656,0.4608055373724418,25232.9245738443,-6.851322109070147,-8.345539371292647,1.4942172622224996,-0.1212091156314093,0.9470085503773883,0.2895751689423264,0.7419502204774865
D:\Desktop\proj\gr-lora_sdr\weakPacket_decoding\data\low_snr_gt_bin\0_0_0_10_14_16_extreme_snr\0_0_0_10_14_16_snr_m25dB.bin,-25.0,sto_phase_jump_corrected,continuous,sfo_cum_before,plus,7,10,10,21,29,16140256,16021471,10,4,-24,-0.439221980632291,-4453.166142857656,0.02365388137379698,-0.006263897370471676,0.09200085763011842,0.09200085763011845,472,0.5780584369094812,0.18400171526023693,553,-471,492,0,7,-3.7143898010253906,-10.948603630065918,11.561514305758308,133.66860961914062,-1.8978686226636017,0.005510590583469691,15.351095199584961,235.6561279296875,0.6350316410032604,24256.67586703156,-8.181053929843188,-8.726329038508398,0.5452751086652103,-0.1212091156314093,0.9470085503773883,0.2895751689423264,0.7419502204774865
D:\Desktop\proj\gr-lora_sdr\weakPacket_decoding\data\low_snr_gt_bin\0_0_0_10_14_16_extreme_snr\0_0_0_10_14_16_snr_m25dB.bin,-25.0,sto_phase_jump_corrected,continuous,sfo_cum_before,plus,7,10,10,22,30,16144352,16021471,10,4,-24,-0.439221980632291,-4606.722303325265,0.02365388137379698,-0.006263897370471676,0.08573696025964675,0.08573696025964672,396,0.5387012089856523,0.17147392051929344,629,-395,629,1,1,-9.927465438842773,-8.695239067077637,13.197035745691185,174.16175842285156,-2.4222661378376165,0.006846671700080275,13.197035789489746,174.16175842285156,0.3804535140265603,25437.43384406902,-8.705451445017204,-9.10711870572415,0.4016672607069456,-0.1212091156314093,0.9470085503773883,0.2895751689423264,0.7419502204774865
D:\Desktop\proj\gr-lora_sdr\weakPacket_decoding\data\low_snr_gt_bin\0_0_0_10_14_16_extreme_snr\0_0_0_10_14_16_snr_m25dB.bin,-25.0,sto_phase_jump_corrected,continuous,sfo_cum_before,plus,7,10,10,23,31,16148448,16021471,10,4,-24,-0.439221980632291,-4760.278463792874,0.02365388137379698,-0.006263897370471676,0.07947306288917508,0.0794730628891751,266,0.49934398106182426,0.1589461257783502,759,-265,935,0,794,-1.6948883533477783,-1.870403528213501,2.5240950633182293,6.371056079864502,-2.307005363255075,0.0002715625952075959,12.030393600463867,144.73037719726562,0.22597289161651044,23460.727627065688,-8.590190670434662,-9.4879083729399,0.897717702505238,-0.1212091156314093,0.9470085503773883,0.2895751689423264,0.7419502204774865
D:\Desktop\proj\gr-lora_sdr\weakPacket_decoding\data\low_snr_gt_bin\0_0_0_10_14_16_extreme_snr\0_0_0_10_14_16_snr_m25dB.bin,-25.0,sto_phase_jump_corrected,continuous,sfo_cum_before,plus,7,10,10,24,32,16152544,16021471,10,4,-24,-0.439221980632291,-4913.834624260484,0.02365388137379698,-0.006263897370471676,0.0732091655187034,0.07320916551870338,151,0.4599867531379955,0.14641833103740676,874,-150,105,0,28,-9.191157341003418,-1.1049020290374756,9.25733124398453,85.69819641113281,-3.021953173983279,0.0037199253229733675,12.553388595581055,157.58758544921875,0.17695941681715893,23037.612040726002,-9.305138481162865,-9.868698040155653,0.5635595589927878,-0.1212091156314093,0.9470085503773883,0.2895751689423264,0.7419502204774865
D:\Desktop\proj\gr-lora_sdr\weakPacket_decoding\data\low_snr_gt_bin\0_0_0_10_14_16_extreme_snr\0_0_0_10_14_16_snr_m25dB.bin,-25.0,sto_phase_jump_corrected,continuous,sfo_cum_before,plus,7,10,10,25,33,16156640,16021471,10,4,-24,-0.439221980632291,-5067.3907847280925,0.02365388137379698,-0.006263897370471676,0.06694526814823173,0.06694526814823176,305,0.42062952521416735,0.13389053629646352,720,-304,720,1,1,-14.534061431884766,-0.11527176201343536,14.53451854327889,211.2522430419922,-3.133661673962241,0.009200133107050252,14.534518241882324,211.2522430419922,2.047625407968325,22961.868114723824,-9.416846981141827,-10.249487707371404,0.8326407262295774,-0.1212091156314093,0.9470085503773883,0.2895751689423264,0.7419502204774865
D:\Desktop\proj\gr-lora_sdr\weakPacket_decoding\data\low_snr_gt_bin\0_0_0_10_14_16_extreme_snr\0_0_0_10_14_16_snr_m25dB.bin,-25.0,sto_phase_jump_corrected,continuous,sfo_cum_before,plus,7,10,10,26,34,16160736,16021471,10,4,-24,-0.439221980632291,-5220.946945195702,0.02365388137379698,-0.006263897370471676,0.060681370777760056,0.060681370777760035,711,0.38127229729033857,0.12136274155552007,314,314,1008,0,484,-2.4160609245300293,3.3648459911346436,4.142407384009422,17.15953826904297,2.193520858385739,0.00071845294495812,13.048502922058105,170.263427734375,0.14996360791648491,23884.011318296194,-10.372849755973434,-10.630277374587155,0.2574276186137219,-0.1212091156314093,0.9470085503773883,0.2895751689423264,0.7419502204774865
D:\Desktop\proj\gr-lora_sdr\weakPacket_decoding\data\low_snr_gt_bin\0_0_0_10_14_16_extreme_snr\0_0_0_10_14_16_snr_m25dB.bin,-25.0,sto_phase_jump_corrected,continuous,sfo_cum_before,plus,7,10,10,27,35,16164832,16021471,10,4,-24,-0.439221980632291,-5374.5031056633115,0.02365388137379698,-0.006263897370471676,0.05441747340728838,0.05441747340728842,423,0.34191506936651045,0.10883494681457684,602,-422,728,0,235,-2.237659454345703,5.339449882507324,5.7893734446337275,33.516845703125,1.967642460271867,0.0014071443014493615,12.290846824645996,151.06491088867188,0.362489273675973,23819.053716525435,-10.598728154087306,-11.011067041802907,0.4123388877156007,-0.1212091156314093,0.9470085503773883,0.2895751689423264,0.7419502204774865
D:\Desktop\proj\gr-lora_sdr\weakPacket_decoding\data\low_snr_gt_bin\0_0_0_10_14_16_extreme_snr\0_0_0_10_14_16_snr_m25dB.bin,-25.0,sto_phase_jump_corrected,continuous,sfo_cum_before,plus,7,10,10,28,36,16168928,16021471,10,4,-24,-0.439221980632291,-5528.05926613092,0.02365388137379698,-0.006263897370471676,0.0481535760368167,0.04815357603681669,1018,0.30255784144268166,0.09630715207363338,7,7,296,0,137,4.820445537567139,5.014623165130615,6.955799067606505,48.383140563964844,0.8051389917621097,0.001990855120578228,11.57924747467041,134.0789794921875,0.20007031008413245,24302.692879988346,-11.761231622597062,-11.391856709018658,-0.3693749135784046,-0.1212091156314093,0.9470085503773883,0.2895751689423264,0.7419502204774865
D:\Desktop\proj\gr-lora_sdr\weakPacket_decoding\data\low_snr_gt_bin\0_0_0_10_14_16_extreme_snr\0_0_0_10_14_16_snr_m25dB.bin,-25.0,sto_phase_jump_corrected,continuous,sfo_cum_before,plus,7,10,10,29,37,16173024,16021471,10,4,-24,-0.439221980632291,-5681.61542659853,0.02365388137379698,-0.006263897370471676,0.04188967866634502,0.041889678666344965,415,0.2632006135188528,0.08377935733268992,610,-414,472,0,38,8.228806495666504,-3.243042230606079,8.844805212813773,78.2305679321289,-0.3754171654720759,0.0031610483093369324,15.626021385192871,244.17251586914062,0.9193038272434344,24748.29875299777,-12.941787779831248,-11.772646376234409,-1.1691414035968393,-0.1212091156314093,0.9470085503773883,0.2895751689423264,0.7419502204774865
D:\Desktop\proj\gr-lora_sdr\weakPacket_decoding\data\low_snr_gt_bin\0_0_0_10_14_16_extreme_snr\0_0_0_10_14_16_snr_m25dB.bin,-25.0,sto_phase_jump_corrected,continuous,sfo_cum_before,plus,7,10,10,30,38,16177120,16021471,10,4,-24,-0.439221980632291,-5835.171587066139,0.02365388137379698,-0.006263897370471676,0.03562578129587334,0.03562578129587335,199,0.22384338559502476,0.0712515625917467,826,-198,191,0,448,4.118139743804932,-1.6551443338394165,4.438307978875111,19.698575973510742,-0.38215660792271877,0.000839397897337138,12.899096488952637,166.38668823242188,0.4615077735341462,23467.506930862553,-12.948527222281891,-12.15343604345016,-0.795091178831731,-0.1212091156314093,0.9470085503773883,0.2895751689423264,0.7419502204774865
D:\Desktop\proj\gr-lora_sdr\weakPacket_decoding\data\low_snr_gt_bin\0_0_0_10_14_16_extreme_snr\0_0_0_10_14_16_snr_m25dB.bin,-25.0,sto_phase_jump_corrected,continuous,sfo_cum_before,plus,7,10,10,31,39,16181216,16021471,10,4,-24,-0.439221980632291,-5988.727747533748,0.02365388137379698,-0.006263897370471676,0.029361883925401667,0.02936188392540162,121,0.18448615767119594,0.05872376785080324,904,-120,117,0,601,1.8429725170135498,-3.1303725242614746,3.6325995979626513,13.195779800415039,-1.0386980931676681,0.0005343503120320604,13.006514549255371,169.16941833496094,0.23905466331459713,24694.997838091105,-13.60506870752684,-12.534225710665911,-1.0708429968609288,-0.1212091156314093,0.9470085503773883,0.2895751689423264,0.7419502204774865
D:\Desktop\proj\gr-lora_sdr\weakPacket_decoding\data\low_snr_gt_bin\0_0_0_10_14_16_extreme_snr\0_0_0_10_14_16_snr_m25dB.bin,-25.0,sto_phase_jump_corrected,continuous,sfo_cum_before,plus,7,10,10,32,40,16185312,16021471,10,4,-24,-0.439221980632291,-6142.283908001357,0.02365388137379698,-0.006263897370471676,0.023097986554929992,0.023097986554930006,265,0.14512892974736785,0.04619597310986002,760,-264,856,0,4,8.246788024902344,-7.948368072509766,11.45364866510953,131.18606567382812,-0.766973754102787,0.005298242686110847,11.978750228881836,143.4904327392578,0.052052661486117445,24760.297601642087,-13.33334436846196,-12.915015377881662,-0.4183289905802976,-0.1212091156314093,0.9470085503773883,0.2895751689423264,0.7419502204774865
D:\Desktop\proj\gr-lora_sdr\weakPacket_decoding\data\low_snr_gt_bin\0_0_0_10_14_16_extreme_snr\0_0_0_10_14_16_snr_m25dB.bin,-25.0,sto_phase_jump_corrected,continuous,sfo_cum_before,plus,7,10,10,33,41,16189408,16021471,10,4,-24,-0.439221980632291,-6295.840068468967,0.02365388137379698,-0.006263897370471676,0.016834089184458317,0.01683408918445828,448,0.10577170182353904,0.03366817836891656,577,-447,577,1,1,-13.735862731933594,-10.217886924743652,17.1195542639804,293.0791320800781,-2.502017363831574,0.01261912781023128,17.11955451965332,293.0791320800781,2.6956656495693965,23224.991179062054,-15.068387978190746,-13.295805045097413,-1.7725829330933323,-0.1212091156314093,0.9470085503773883,0.2895751689423264,0.7419502204774865
D:\Desktop\proj\gr-lora_sdr\weakPacket_decoding\data\low_snr_gt_bin\0_0_0_10_14_16_extreme_snr\0_0_0_10_14_16_snr_m25dB.bin,-25.0,sto_phase_jump_corrected,continuous,sfo_cum_before,plus,7,10,10,34,42,16193504,16021471,10,4,-24,-0.439221980632291,-6449.396228936575,0.02365388137379698,-0.006263897370471676,0.010570191813986642,0.010570191813986662,95,0.06641447389971093,0.021140383627973325,930,-94,72,0,14,-8.984912872314453,-5.613791465759277,10.594494511023811,112.24332427978516,-2.583135738277588,0.004494445240088823,13.514852523803711,182.6512451171875,0.8446784168012895,24973.788372948766,-15.14950635263676,-13.676594712313165,-1.472911640323595,-0.1212091156314093,0.9470085503773883,0.2895751689423264,0.7419502204774865
D:\Desktop\proj\gr-lora_sdr\weakPacket_decoding\data\low_snr_gt_bin\0_0_0_10_14_16_extreme_snr\0_0_0_10_14_16_snr_m25dB.bin,-25.0,sto_phase_jump_corrected,continuous,sfo_cum_before,plus,8,11,11,0,8,17554608,17521840,10,4,-24,0.12328787264913654,-1200.1744545786207,0.33956135088487627,-0.0061197232231266305,0.04060356509986321,0.04060356509986318,803,0.2551197236545702,0.08120713019972638,222,222,168,0,20,-0.6606822609901428,9.54213809967041,9.564983040401518,91.4888916015625,1.6399243901589249,0.003943415712786836,13.827320098876953,191.1947784423828,1.6367294002351152,23200.417674683034,1.6399243901589249,7.088298769876727,0.834810927461785,-0.06575476808423678,0.3215893449241374,0.9645457702137646,0.03091321293635363
D:\Desktop\proj\gr-lora_sdr\weakPacket_decoding\data\low_snr_gt_bin\0_0_0_10_14_16_extreme_snr\0_0_0_10_14_16_snr_m25dB.bin,-25.0,sto_phase_jump_corrected,continuous,sfo_cum_before,plus,8,11,11,1,9,17558704,17521840,10,4,-24,0.12328787264913654,-1350.1962614009483,0.33956135088487627,-0.0061197232231266305,0.03448384187673658,0.03448384187673659,314,0.21666836861501546,0.06896768375347317,711,-313,711,1,1,-5.471264839172363,-12.461181640625,13.609400678244922,185.21578979492188,-1.9845193260462577,0.007379138715608341,13.609400749206543,185.21578979492188,0.7347068249971263,25099.919778327756,4.298665981133329,6.881724073524788,-2.5830580923914592,-0.06575476808423678,0.3215893449241374,0.9645457702137646,0.03091321293635363
D:\Desktop\proj\gr-lora_sdr\weakPacket_decoding\data\low_snr_gt_bin\0_0_0_10_14_16_extreme_snr\0_0_0_10_14_16_snr_m25dB.bin,-25.0,sto_phase_jump_corrected,continuous,sfo_cum_before,plus,8,11,11,2,10,17562800,17521840,10,4,-24,0.12328787264913654,-1500.2180682232758,0.33956135088487627,-0.0061197232231266305,0.02836411865360995,0.028364118653609993,154,0.17821701357546074,0.056728237307219986,871,-153,638,0,271,3.220984697341919,-4.389966011047363,5.444864001851829,29.646547317504883,-0.937799227000153,0.001282368802562058,13.488150596618652,181.93017578125,0.5872547886937712,23118.58122115396,5.345386080179433,6.675149377172849,-1.3297632969934154,-0.06575476808423678,0.3215893449241374,0.9645457702137646,0.03091321293635363
D:\Desktop\proj\gr-lora_sdr\weakPacket_decoding\data\low_snr_gt_bin\0_0_0_10_14_16_extreme_snr\0_0_0_10_14_16_snr_m25dB.bin,-25.0,sto_phase_jump_corrected,continuous,sfo_cum_before,plus,8,11,11,3,11,17566896,17521840,10,4,-24,0.12328787264913654,-1650.2398750456034,0.33956135088487627,-0.0061197232231266305,0.022244395430483323,0.022244395430483288,334,0.13976565853590533,0.04448879086096658,691,-333,6,0,6,-8.16489315032959,-6.719394207000732,10.574296130966546,111.81573486328125,-2.453006655856009,0.004547423666465884,13.244820594787598,175.42527770996094,1.1705898934640042,24588.809634748846,3.8301786513235774,6.46857468082091,-2.6383960294973328,-0.06575476808423678,0.3215893449241374,0.9645457702137646,0.03091321293635363
D:\Desktop\proj\gr-lora_sdr\weakPacket_decoding\data\low_snr_gt_bin\0_0_0_10_14_16_extreme_snr\0_0_0_10_14_16_snr_m25dB.bin,-25.0,sto_phase_jump_corrected,continuous,sfo_cum_before,plus,8,11,11,4,12,17570992,17521840,10,4,-24,0.12328787264913654,-1800.2616818679312,0.33956135088487627,-0.0061197232231266305,0.016124672207356694,0.016124672207356694,939,0.10131430349635061,0.03224934441471339,86,86,86,1,1,15.661433219909668,-7.211610317230225,17.24203624486596,297.287841796875,-0.4315260700435004,0.012229026090726633,17.242036819458008,297.287841796875,2.104995386577023,24310.017788114026,5.851659237136086,6.2619999844689715,-0.41034074733288595,-0.06575476808423678,0.3215893449241374,0.9645457702137646,0.03091321293635363
D:\Desktop\proj\gr-lora_sdr\weakPacket_decoding\data\low_snr_gt_bin\0_0_0_10_14_16_extreme_snr\0_0_0_10_14_16_snr_m25dB.bin,-25.0,sto_phase_jump_corrected,continuous,sfo_cum_before,plus,8,11,11,5,13,17575088,17521840,10,4,-24,0.12328787264913654,-1950.2834886902588,0.33956135088487627,-0.0061197232231266305,0.010004948984230063,0.0100049489842301,557,0.0628629484567959,0.020009897968460203,468,468,468,1,1,1.4947808980941772,13.192646026611328,13.27705837588925,176.28028869628906,1.4579733841564537,0.007441279372215378,13.277058601379395,176.28028869628906,0.893149558880336,23689.51357403584,7.7411586913360395,6.055425288117032,1.6857334032190074,-0.06575476808423678,0.3215893449241374,0.9645457702137646,0.03091321293635363
D:\Desktop\proj\gr-lora_sdr\weakPacket_decoding\data\low_snr_gt_bin\0_0_0_10_14_16_extreme_snr\0_0_0_10_14_16_snr_m25dB.bin,-25.0,sto_phase_jump_corrected,continuous,sfo_cum_before,plus,8,11,11,6,14,17579184,17521840,10,4,-24,0.12328787264913654,-2100.3052955125863,0.33956135088487627,-0.0061197232231266305,0.003885225761103433,0.0038852257611033947,936,0.024411593417240474,0.007770451522206789,89,89,723,0,5,8.875836372375488,-7.388451099395752,11.548579174831247,133.3696746826172,-0.6942008402096664,0.005655272841401985,14.07680606842041,198.156494140625,0.998362767263993,23583.24318257894,5.58898446696992,5.8488505917650935,-0.2598661247951739,-0.06575476808423678,0.3215893449241374,0.9645457702137646,0.03091321293635363
D:\Desktop\proj\gr-lora_sdr\weakPacket_decoding\data\low_snr_gt_bin\0_0_0_10_14_16_extreme_snr\0_0_0_10_14_16_snr_m25dB.bin,-25.0,sto_phase_jump_corrected,continuous,sfo_cum_before,plus,8,11,11,7,15,17583280,17521840,10,4,-24,0.12328787264913654,-2250.327102334914,0.33956135088487627,-0.0061197232231266305,-0.0022344974620231977,-0.0022344974620231994,311,-0.014039761622314241,-0.004468994924046399,713,-311,300,0,64,-6.751437664031982,4.197328090667725,7.949809660112498,63.19947814941406,2.5853742406687,0.0026222851102679677,13.805649757385254,190.59596252441406,0.7517603194838753,24100.917898647487,2.5853742406687,5.642275895413155,-3.056901654744455,-0.06575476808423678,0.3215893449241374,0.9645457702137646,0.03091321293635363
D:\Desktop\proj\gr-lora_sdr\weakPacket_decoding\data\low_snr_gt_bin\0_0_0_10_14_16_extreme_snr\0_0_0_10_14_16_snr_m25dB.bin,-25.0,sto_phase_jump_corrected,continuous,sfo_cum_before,plus,8,11,11,8,16,17587376,17521840,10,4,-24,0.12328787264913654,-2400.3489091572415,0.33956135088487627,-0.0061197232231266305,-0.008354220685149828,-0.008354220685149849,159,-0.05249111666186931,-0.016708441370299698,865,-159,718,0,6,-12.641799926757812,0.894925594329834,12.673436677064373,160.6160125732422,3.070919557547368,0.00640032682295115,13.940486907958984,194.33717346191406,0.17131610281783646,25094.970462646335,3.070919557547368,5.435701199061216,-2.3647816415138485,-0.06575476808423678,0.3215893449241374,0.9645457702137646,0.03091321293635363
D:\Desktop\proj\gr-lora_sdr\weakPacket_decoding\data\low_snr_gt_bin\0_0_0_10_14_16_extreme_snr\0_0_0_10_14_16_snr_m25dB.bin,-25.0,sto_phase_jump_corrected,continuous,sfo_cum_before,plus,8,11,11,9,17,17591472,17521840,10,4,-24,0.12328787264913654,-2550.370715979569,0.33956135088487627,-0.0061197232231266305,-0.014473943908276459,-0.014473943908276443,532,-0.09094247170142403,-0.028947887816552886,492,492,492,1,1,12.781266212463379,-2.419665813446045,13.0082876906462,169.21554565429688,-0.18709925005283437,0.007031558900423254,13.00828742980957,169.21554565429688,0.05587225369510514,24065.15369502362,6.096086057126752,5.229126502709278,0.8669595544174742,-0.06575476808423678,0.3215893449241374,0.9645457702137646,0.03091321293635363
D:\Desktop\proj\gr-lora_sdr\weakPacket_decoding\data\low_snr_gt_bin\0_0_0_10_14_16_extreme_snr\0_0_0_10_14_16_snr_m25dB.bin,-25.0,sto_phase_jump_corrected,continuous,sfo_cum_before,plus,8,11,11,10,18,17595568,17521840,10,4,-24,0.12328787264913654,-2700.3925228018966,0.33956135088487627,-0.0061197232231266305,-0.02059366713140309,-0.020593667131403093,259,-0.1293938267409791,-0.04118733426280619,765,-259,219,0,19,0.19873782992362976,9.456853866577148,9.458941895309323,89.47157287597656,1.5497842033483422,0.003878755043132175,12.52326774597168,156.83221435546875,0.0907670215622029,23067.08515517041,7.832969510527929,5.022551806357338,2.8104177041705904,-0.06575476808423678,0.3215893449241374,0.9645457702137646,0.03091321293635363
D:\Desktop\proj\gr-lora_sdr\weakPacket_decoding\data\low_snr_gt_bin\0_0_0_10_14_16_extreme_snr\0_0_0_10_14_16_snr_m25dB.bin,-25.0,sto_phase_jump_corrected,continuous,sfo_cum_before,plus,8,11,11,11,19,17599664,17521840,10,4,-24,0.12328787264913654,-2850.414329624224,0.33956135088487627,-0.0061197232231266305,-0.02671339035452972,-0.026713390354529742,1,-0.16784518178053415,-0.053426780709059485,1023,-1,192,0,702,-2.4706478118896484,1.7953804731369019,3.054094244406415,9.327491760253906,2.513181471277927,0.00037923773746256106,11.759953498840332,138.29647827148438,0.40939687562749283,24595.368126239628,8.796366778457513,4.8159771100054,-2.3027956387274733,-0.06575476808423678,0.3215893449241374,0.9645457702137646,0.03091321293635363
D:\Desktop\proj\gr-lora_sdr\weakPacket_decoding\data\low_snr_gt_bin\0_0_0_10_14_16_extreme_snr\0_0_0_10_14_16_snr_m25dB.bin,-25.0,sto_phase_jump_corrected,continuous,sfo_cum_before,plus,8,11,11,12,20,17603760,17521840,10,4,-24,0.12328787264913654,-3000.4361364465517,0.33956135088487627,-0.0061197232231266305,-0.03283311357765635,-0.03283311357765634,427,-0.20629653682008886,-0.06566622715531267,597,-427,973,0,442,2.9226317405700684,-3.4718337059020996,4.538216122269358,20.59540557861328,-0.8710749885835213,0.00084335886238044,12.785588264465332,163.47129821777344,0.3326777200063499,24420.690286554047,11.695295625775652,4.609402413653461,0.802707904942604,-0.06575476808423678,0.3215893449241374,0.9645457702137646,0.03091321293635363
D:\Desktop\proj\gr-lora_sdr\weakPacket_decoding\data\low_snr_gt_bin\0_0_0_10_14_16_extreme_snr\0_0_0_10_14_16_snr_m25dB.bin,-25.0,sto_phase_jump_corrected,continuous,sfo_cum_before,plus,8,11,11,13,21,17607856,17521840,10,4,-24,0.12328787264913654,-3150.4579432688793,0.33956135088487627,-0.0061197232231266305,-0.03895283680078298,-0.038952836800782986,462,-0.24474789185964393,-0.07790567360156597,562,-462,1010,0,3,2.1658785343170166,-12.778392791748047,12.96064628657127,167.97836303710938,-1.4028966571967723,0.006812001746635342,13.587262153625488,184.6136932373047,0.1931417485884607,24659.177916400135,11.1634739571624,4.402827717301522,0.4774609326812926,-0.06575476808423678,0.3215893449241374,0.9645457702137646,0.03091321293635363
D:\Desktop\proj\gr-lora_sdr\weakPacket_decoding\data\low_snr_gt_bin\0_0_0_10_14_16_extreme_snr\0_0_0_10_14_16_snr_m25dB.bin,-25.0,sto_phase_jump_corrected,continuous,sfo_cum_before,plus,8,11,11,14,22,17611952,17521840,10,4,-24,0.12328787264913654,-3300.479750091207,0.33956135088487627,-0.0061197232231266305,-0.04507256002390961,-0.04507256002390958,546,-0.2831992468991987,-0.09014512004781916,478,478,252,0,17,-4.202709197998047,-8.50809383392334,9.489490254475303,90.05043029785156,-2.029605105708629,0.0037388992663961043,13.88573169708252,192.8135223388672,1.0348254390235088,24084.743632221594,10.536765508650543,4.196253020949583,0.05732718052137351,-0.06575476808423678,0.3215893449241374,0.9645457702137646,0.03091321293635363
D:\Desktop\proj\gr-lora_sdr\weakPacket_decoding\data\low_snr_gt_bin\0_0_0_10_14_16_extreme_snr\0_0_0_10_14_16_snr_m25dB.bin,-25.0,sto_phase_jump_corrected,continuous,sfo_cum_before,plus,8,11,11,15,23,17616048,17521840,10,4,-24,0.12328787264913654,-3450.5015569135344,0.33956135088487627,-0.0061197232231266305,-0.05119228324703624,-0.05119228324703623,757,-0.3216506019387537,-0.10238456649407246,267,267,832,0,34,-4.313770294189453,7.947817802429199,9.043031680340496,81.77642059326172,2.068065243232281,0.0033409539513198625,12.34381103515625,152.3696746826172,0.7705212974352762,24476.96729281632,8.351250550411867,3.9896783245976444,-1.9216130813653634,-0.06575476808423678,0.3215893449241374,0.9645457702137646,0.03091321293635363
D:\Desktop\proj\gr-lora_sdr\weakPacket_decoding\data\low_snr_gt_bin\0_0_0_10_14_16_extreme_snr\0_0_0_10_14_16_snr_m25dB.bin,-25.0,sto_phase_jump_corrected,continuous,sfo_cum_before,plus,8,11,11,16,24,17620144,17521840,10,4,-24,0.12328787264913654,-3600.5233637358624,0.33956135088487627,-0.0061197232231266305,-0.057312006470162866,-0.05731200647016288,107,-0.36010195697830877,-0.11462401294032576,917,-107,980,0,20,7.219456672668457,-6.183645248413086,9.505683731681737,90.35802459716797,-0.7082699966364407,0.0037837513807198646,14.641244888305664,214.36602783203125,1.783203628407304,23880.539577094838,5.574915310543146,3.7831036282457053,1.7918116822974404,-0.06575476808423678,0.3215893449241374,0.9645457702137646,0.03091321293635363
D:\Desktop\proj\gr-lora_sdr\weakPacket_decoding\data\low_snr_gt_bin\0_0_0_10_14_16_extreme_snr\0_0_0_10_14_16_snr_m25dB.bin,-25.0,sto_phase_jump_corrected,continuous,sfo_cum_before,plus,8,11,11,17,25,17624240,17521840,10,4,-24,0.12328787264913654,-3750.54517055819,0.33956135088487627,-0.0061197232231266305,-0.0634317296932895,-0.06343172969328947,368,-0.3985533120178635,-0.12686345938657895,656,-368,182,0,144,-6.609051704406738,0.9116281270980835,6.671628757180511,44.51062774658203,3.004521313782082,0.0018897751373491687,13.256448745727539,175.73342895507812,0.5705048016532241,23553.39895571815,3.004521313782082,3.5765289318937663,-0.5720076181116842,-0.06575476808423678,0.3215893449241374,0.9645457702137646,0.03091321293635363
D:\Desktop\proj\gr-lora_sdr\weakPacket_decoding\data\low_snr_gt_bin\0_0_0_10_14_16_extreme_snr\0_0_0_10_14_16_snr_m25dB.bin,-25.0,sto_phase_jump_corrected,continuous,sfo_cum_before,plus,8,11,11,18,26,17628336,17521840,10,4,-24,0.12328787264913654,-3900.5669773805175,0.33956135088487627,-0.0061197232231266305,-0.06955145291641614,-0.06955145291641612,135,-0.4370046670574186,-0.13910290583283225,889,-135,963,0,226,-4.0919084548950195,4.407928466796875,6.014444959565229,36.173553466796875,2.319032069069103,0.0014569667289818968,12.308290481567383,151.49403381347656,0.26314326062614907,24827.988688577898,2.319032069069103,3.3699542355418277,-1.0509221664727249,-0.06575476808423678,0.3215893449241374,0.9645457702137646,0.03091321293635363
D:\Desktop\proj\gr-lora_sdr\weakPacket_decoding\data\low_snr_gt_bin\0_0_0_10_14_16_extreme_snr\0_0_0_10_14_16_snr_m25dB.bin,-25.0,sto_phase_jump_corrected,continuous,sfo_cum_before,plus,8,11,11,19,27,17632432,17521840,10,4,-24,0.12328787264913654,-4050.588784202845,0.33956135088487627,-0.0061197232231266305,-0.07567117613954277,-0.07567117613954277,514,-0.47545602209697363,-0.15134235227908555,510,510,321,0,3,9.537520408630371,6.995299816131592,11.827870267407041,139.8985137939453,0.6328250709134359,0.006220326773590084,12.939143180847168,167.42140197753906,0.7016746424444422,22490.540913046338,0.6328250709134359,3.1633795391898887,-2.5305544682764527,-0.06575476808423678,0.3215893449241374,0.9645457702137646,0.03091321293635363
D:\Desktop\proj\gr-lora_sdr\weakPacket_decoding\data\low_snr_gt_bin\0_0_0_10_14_16_extreme_snr\0_0_0_10_14_16_snr_m25dB.bin,-25.0,sto_phase_jump_corrected,continuous,sfo_cum_before,plus,8,11,11,20,28,17636528,17521840,10,4,-24,0.12328787264913654,-4200.610591025173,0.33956135088487627,-0.0061197232231266305,-0.08179089936266941,-0.08179089936266942,164,-0.5139073771365287,-0.16358179872533885,860,-164,815,0,3,-7.350010395050049,10.537394523620605,12.847542027709942,165.059326171875,2.1798538128771763,0.006515197519496286,13.9246244430542,193.8951873779297,0.2457494290999489,25334.5083825849,2.1798538128771763,2.9568048428379496,-0.7769510299607734,-0.06575476808423678,0.3215893449241374,0.9645457702137646,0.03091321293635363
D:\Desktop\proj\gr-lora_sdr\weakPacket_decoding\data\low_snr_gt_bin\0_0_0_10_14_16_extreme_snr\0_0_0_10_14_16_snr_m25dB.bin,-25.0,sto_phase_jump_corrected,continuous,sfo_cum_before,plus,8,11,11,21,29,17640624,17521840,10,4,-24,0.12328787264913654,-4350.6323978475,0.33956135088487627,-0.0061197232231266305,-0.08791062258579604,-0.08791062258579607,471,-0.5523587321760838,-0.17582124517159214,553,-471,299,0,49,8.043771743774414,-3.1153573989868164,8.625990701905815,74.40771484375,-0.3695108852240781,0.0030092383648686856,13.214238166809082,174.6160888671875,1.380926252822129,24726.427694270387,-0.3695108852240781,2.750230146486011,-3.119741031710089,-0.06575476808423678,0.3215893449241374,0.9645457702137646,0.03091321293635363
D:\Desktop\proj\gr-lora_sdr\weakPacket_decoding\data\low_snr_gt_bin\0_0_0_10_14_16_extreme_snr\0_0_0_10_14_16_snr_m25dB.bin,-25.0,sto_phase_jump_corrected,continuous,sfo_cum_before,plus,8,11,11,22,30,17644720,17521840,10,4,-24,0.12328787264913654,-4500.654204669828,0.33956135088487627,-0.0061197232231266305,-0.09403034580892268,-0.09403034580892267,395,-0.5908100872156384,-0.1880606916178453,629,-395,629,1,1,12.465417861938477,0.43230390548706055,12.47291181478624,155.5735321044922,0.03466636431091574,0.006089811878707504,12.472911834716797,155.5735321044922,0.02386681925988906,25546.52511491225,0.03466636431091574,2.5436554501340725,-2.5089890858231567,-0.06575476808423678,0.3215893449241374,0.9645457702137646,0.03091321293635363
D:\Desktop\proj\gr-lora_sdr\weakPacket_decoding\data\low_snr_gt_bin\0_0_0_10_14_16_extreme_snr\0_0_0_10_14_16_snr_m25dB.bin,-25.0,sto_phase_jump_corrected,continuous,sfo_cum_before,plus,8,11,11,23,31,17648816,17521840,10,4,-24,0.12328787264913654,-4650.676011492155,0.33956135088487627,-0.0061197232231266305,-0.10015006903204932,-0.10015006903204932,265,-0.6292614422551935,-0.20030013806409863,759,-265,259,0,82,7.808190822601318,-0.3483639359474182,7.81595812130696,61.08920669555664,-0.044585625308093256,0.002450034544012294,14.895702362060547,221.88197326660156,0.5166342941421976,24934.01852020994,-0.044585625308093256,2.337080753782134,-2.3816663790902273,-0.06575476808423678,0.3215893449241374,0.9645457702137646,0.03091321293635363
D:\Desktop\proj\gr-lora_sdr\weakPacket_decoding\data\low_snr_gt_bin\0_0_0_10_14_16_extreme_snr\0_0_0_10_14_16_snr_m25dB.bin,-25.0,sto_phase_jump_corrected,continuous,sfo_cum_before,plus,8,11,11,24,32,17652912,17521840,10,4,-24,0.12328787264913654,-4800.697818314483,0.33956135088487627,-0.0061197232231266305,-0.10626979225517595,-0.10626979225517597,150,-0.6677127972947486,-0.21253958451035193,874,-150,424,0,11,5.119572162628174,-9.162643432617188,10.495906525957642,110.1640396118164,-1.061264657838292,0.004557917988731202,12.895379066467285,166.29083251953125,0.41582029259373676,24169.816105551086,-1.061264657838292,2.1305060574301944,3.0914145919111005,-0.06575476808423678,0.3215893449241374,0.9645457702137646,0.03091321293635363
D:\Desktop\proj\gr-lora_sdr\weakPacket_decoding\data\low_snr_gt_bin\0_0_0_10_14_16_extreme_snr\0_0_0_10_14_16_snr_m25dB.bin,-25.0,sto_phase_jump_corrected,continuous,sfo_cum_before,plus,8,11,11,25,33,17657008,17521840,10,4,-24,0.12328787264913654,-4950.7196251368105,0.33956135088487627,-0.0061197232231266305,-0.11238951547830259,-0.11238951547830256,304,-0.7061641523343033,-0.22477903095660512,720,-304,994,0,39,-1.3616621494293213,-8.945652961730957,9.048692210530444,81.87882232666016,-1.7218517810493807,0.003269326188292889,12.752354621887207,162.62254333496094,0.12171409678654503,25044.555853698403,-1.7218517810493807,1.9239313610782558,2.6374021650519497,-0.06575476808423678,0.3215893449241374,0.9645457702137646,0.03091321293635363
D:\Desktop\proj\gr-lora_sdr\weakPacket_decoding\data\low_snr_gt_bin\0_0_0_10_14_16_extreme_snr\0_0_0_10_14_16_snr_m25dB.bin,-25.0,sto_phase_jump_corrected,continuous,sfo_cum_before,plus,8,11,11,26,34,17661104,17521840,10,4,-24,0.12328787264913654,-5100.741431959138,0.33956135088487627,-0.0061197232231266305,-0.11850923870142922,-0.11850923870142921,710,-0.7446155073738584,-0.23701847740285842,314,314,820,0,77,4.057089805603027,6.736724376678467,7.864059576202477,61.84342956542969,1.0287352169113484,0.002520309799611339,13.123528480529785,172.2269744873047,0.30542823411402287,24538.026862795465,1.0287352169113484,1.7173566647263172,-0.6886214478149688,-0.06575476808423678,0.3215893449241374,0.9645457702137646,0.03091321293635363
D:\Desktop\proj\gr-lora_sdr\weakPacket_decoding\data\low_snr_gt_bin\0_0_0_10_14_16_extreme_snr\0_0_0_10_14_16_snr_m25dB.bin,-25.0,sto_phase_jump_corrected,continuous,sfo_cum_before,plus,8,11,11,27,35,17665200,17521840,10,4,-24,0.12328787264913654,-5250.763238781466,0.33956135088487627,-0.0061197232231266305,-0.12462896192455586,-0.12462896192455586,422,-0.7830668624134135,-0.24925792384911172,602,-422,465,0,172,-3.097349166870117,5.826231956481934,6.598374850843373,43.538551330566406,2.0594198291320875,0.0017275193907405478,13.07425594329834,170.93617248535156,0.12056975237887042,25202.93060901761,2.0594198291320875,1.5107819683743777,0.5486378607577098,-0.06575476808423678,0.3215893449241374,0.9645457702137646,0.03091321293635363
D:\Desktop\proj\gr-lora_sdr\weakPacket_decoding\data\low_snr_gt_bin\0_0_0_10_14_16_extreme_snr\0_0_0_10_14_16_snr_m25dB.bin,-25.0,sto_phase_jump_corrected,continuous,sfo_cum_before,plus,8,11,11,28,36,17669296,17521840,10,4,-24,0.12328787264913654,-5400.785045603793,0.33956135088487627,-0.0061197232231266305,-0.13074868514768248,-0.13074868514768245,1017,-0.8215182174529682,-0.2614973702953649,7,7,201,0,55,-3.7948684692382812,-7.668001174926758,8.555657117807902,73.19927215576172,-2.030352966776101,0.0028624198293994473,13.09597396850586,171.5045166015625,0.032027654275201003,25572.51434745663,4.252832340403485,1.3042072720224391,2.9486250683810455,-0.06575476808423678,0.3215893449241374,0.9645457702137646,0.03091321293635363
D:\Desktop\proj\gr-lora_sdr\weakPacket_decoding\data\low_snr_gt_bin\0_0_0_10_14_16_extreme_snr\0_0_0_10_14_16_snr_m25dB.bin,-25.0,sto_phase_jump_corrected,continuous,sfo_cum_before,plus,8,11,11,29,37,17673393,17521840,10,4,-24,0.12328787264913654,-5550.843478843802,0.33956135088487627,-0.0061197232231266305,0.11313159162919088,0.11313159162919084,415,0.710826754302373,0.22626318325838168,610,-414,610,1,1,-7.331101894378662,19.92294692993164,21.228962983590012,450.6689147949219,1.9233919465749905,0.018208053337446406,21.22896385192871,450.6689147949219,3.23082788105376,24751.076155301183,1.9233919465749905,1.0976325756705005,0.8257593709044899,-0.06575476808423678,0.3215893449241374,0.9645457702137646,0.03091321293635363
D:\Desktop\proj\gr-lora_sdr\weakPacket_decoding\data\low_snr_gt_bin\0_0_0_10_14_16_extreme_snr\0_0_0_10_14_16_snr_m25dB.bin,-25.0,sto_phase_jump_corrected,continuous,sfo_cum_before,plus,8,11,11,30,38,17677489,17521840,10,4,-24,0.12328787264913654,-5700.865285666129,0.33956135088487627,-0.0061197232231266305,0.10701186840606425,0.10701186840606425,202,0.6723753992628182,0.21402373681212847,823,-201,823,1,1,-11.71926212310791,8.954903602600098,14.748945834939253,217.53138732910156,2.4891168433759976,0.009007615062826047,14.748946189880371,217.53138732910156,1.4224276998642262,24149.720632139593,2.4891168433759976,0.891057879318562,1.5980589640574356,-0.06575476808423678,0.3215893449241374,0.9645457702137646,0.03091321293635363
D:\Desktop\proj\gr-lora_sdr\weakPacket_decoding\data\low_snr_gt_bin\0_0_0_10_14_16_extreme_snr\0_0_0_10_14_16_snr_m25dB.bin,-25.0,sto_phase_jump_corrected,continuous,sfo_cum_before,plus,8,11,11,31,39,17681585,17521840,10,4,-24,0.12328787264913654,-5850.887092488458,0.33956135088487627,-0.0061197232231266305,0.10089214518293761,0.10089214518293765,120,0.6339240442232635,0.2017842903658753,905,-119,214,0,118,-2.7137091159820557,6.844451904296875,7.362794241074324,54.21074295043945,1.9482671720738574,0.00214064508806401,14.255887031555176,203.23031616210938,0.11977807851560275,25324.488983583637,1.9482671720738574,0.6844831829666225,1.2637839891072349,-0.06575476808423678,0.3215893449241374,0.9645457702137646,0.03091321293635363
D:\Desktop\proj\gr-lora_sdr\weakPacket_decoding\data\low_snr_gt_bin\0_0_0_10_14_16_extreme_snr\0_0_0_10_14_16_snr_m25dB.bin,-25.0,sto_phase_jump_corrected,continuous,sfo_cum_before,plus,8,11,11,32,40,17685681,17521840,10,4,-24,0.12328787264913654,-6000.908899310785,0.33956135088487627,-0.0061197232231266305,0.09477242195981098,0.09477242195981095,277,0.5954726891837081,0.1895448439196219,748,-276,896,0,8,10.324377059936523,-5.3693718910217285,11.637135222203005,135.4229278564453,-0.4795723413947262,0.00552498974216045,13.273153305053711,176.17660522460938,0.5825082313201854,24510.98267623037,-0.4795723413947262,0.4779084866146839,-0.95748082800941,-0.06575476808423678,0.3215893449241374,0.9645457702137646,0.03091321293635363
D:\Desktop\proj\gr-lora_sdr\weakPacket_decoding\data\low_snr_gt_bin\0_0_0_10_14_16_extreme_snr\0_0_0_10_14_16_snr_m25dB.bin,-25.0,sto_phase_jump_corrected,continuous,sfo_cum_before,plus,8,11,11,33,41,17689777,17521840,10,4,-24,0.12328787264913654,-6150.930706133113,0.33956135088487627,-0.0061197232231266305,0.08865269873668434,0.08865269873668435,439,0.5570213341441534,0.17730539747336874,586,-438,402,0,44,-4.311980724334717,-7.340135097503662,8.51297603759339,72.47077178955078,-2.101938634516106,0.002998186816421403,13.668625831604004,186.83132934570312,0.8766930960279338,24171.533072128892,-2.101938634516106,0.2713337902627453,-2.3732724247788513,-0.06575476808423678,0.3215893449241374,0.9645457702137646,0.03091321293635363
D:\Desktop\proj\gr-lora_sdr\weakPacket_decoding\data\low_snr_gt_bin\0_0_0_10_14_16_extreme_snr\0_0_0_10_14_16_snr_m25dB.bin,-25.0,sto_phase_jump_corrected,continuous,sfo_cum_before,plus,8,11,11,34,42,17693873,17521840,10,4,-24,0.12328787264913654,-6300.95251295544,0.33956135088487627,-0.0061197232231266305,0.0825329755135577,0.08253297551355776,932,0.5185699791045987,0.16506595102711552,93,93,775,0,54,5.233366012573242,-6.799144744873047,8.580005191332434,73.6164779663086,-0.9148000329211334,0.002989482100959943,12.841344833374023,164.90013122558594,0.2111638825901323,24625.160974427592,-0.9148000329211334,0.06475909391080581,-0.9795591268319392,-0.06575476808423678,0.3215893449241374,0.9645457702137646,0.03091321293635363
D:\Desktop\proj\gr-lora_sdr\weakPacket_decoding\data\low_snr_gt_bin\0_0_0_10_14_16_extreme_snr\0_0_0_10_14_16_snr_m25dB.bin,-25.0,sto_phase_jump_corrected,continuous,sfo_cum_before,plus,9,12,12,0,8,19054974,19022206,10,4,-24,-0.11851083147497382,-1212.3285830990021,0.34677628905892344,-0.006181697465520549,0.04732270933475902,0.04732270933475902,222,0.2973373519880881,0.09464541866951803,803,-221,856,0,22,-0.3544445335865021,9.16114616394043,9.168000325287396,84.05223083496094,1.6094670158356668,0.0034630627739716253,11.932528495788574,142.3852081298828,0.0010226350975698427,24271.067641827744,1.6094670158356668,0.5089025283315964,1.1005644875040703,-0.10092019330872802,0.47681511260638254,1.0676545345710196,0.038724626512227855
D:\Desktop\proj\gr-lora_sdr\weakPacket_decoding\data\low_snr_gt_bin\0_0_0_10_14_16_extreme_snr\0_0_0_10_14_16_snr_m25dB.bin,-25.0,sto_phase_jump_corrected,continuous,sfo_cum_before,plus,9,12,12,1,9,19059070,19022206,10,4,-24,-0.11851083147497382,-1363.8696559863774,0.34677628905892344,-0.006181697465520549,0.041141011869238464,0.041141011869238464,314,0.2584966012993001,0.08228202373847693,711,-313,204,0,4,5.0861005783081055,10.546412467956543,11.70876744311438,137.09523010253906,1.1214421167666044,0.0057428594820428305,13.927739143371582,193.98191833496094,1.191052014792862,23872.294025514275,1.1214421167666044,0.19185239043403468,0.9295897263325698,-0.10092019330872802,0.47681511260638254,1.0676545345710196,0.038724626512227855
D:\Desktop\proj\gr-lora_sdr\weakPacket_decoding\data\low_snr_gt_bin\0_0_0_10_14_16_extreme_snr\0_0_0_10_14_16_snr_m25dB.bin,-25.0,sto_phase_jump_corrected,continuous,sfo_cum_before,plus,9,12,12,2,10,19063166,19022206,10,4,-24,-0.11851083147497382,-1515.4107288737528,0.34677628905892344,-0.006181697465520549,0.03495931440371791,0.03495931440371791,154,0.21965585061051207,0.06991862880743582,871,-153,871,1,1,-3.4654102325439453,12.164819717407227,12.648790726264702,159.9918975830078,1.8483166174275565,0.006967416838346013,12.64879035949707,159.9918975830078,0.43348640195254035,22962.871505329385,1.8483166174275565,-0.12519774746352708,1.9735143648910836,-0.10092019330872802,0.47681511260638254,1.0676545345710196,0.038724626512227855
D:\Desktop\proj\gr-lora_sdr\weakPacket_decoding\data\low_snr_gt_bin\0_0_0_10_14_16_extreme_snr\0_0_0_10_14_16_snr_m25dB.bin,-25.0,sto_phase_jump_corrected,continuous,sfo_cum_before,plus,9,12,12,3,11,19067262,19022206,10,4,-24,-0.11851083147497382,-1666.9518017611279,0.34677628905892344,-0.006181697465520549,0.028777616938197362,0.02877761693819736,334,0.18081509992172404,0.05755523387639472,691,-333,691,1,1,17.358739852905273,-1.9072178602218628,17.463199284414955,304.9633483886719,-0.10943182553212055,0.012652482708824693,17.463199615478516,304.9633483886719,2.3800521338699756,24103.044074975885,-0.10943182553212055,-0.44224788536108883,0.3328160598289683,-0.10092019330872802,0.47681511260638254,1.0676545345710196,0.038724626512227855
D:\Desktop\proj\gr-lora_sdr\weakPacket_decoding\data\low_snr_gt_bin\0_0_0_10_14_16_extreme_snr\0_0_0_10_14_16_snr_m25dB.bin,-25.0,sto_phase_jump_corrected,continuous,sfo_cum_before,plus,9,12,12,4,12,19071358,19022206,10,4,-24,-0.11851083147497382,-1818.4928746485032,0.34677628905892344,-0.006181697465520549,0.022595919472676813,0.022595919472676806,918,0.141974349232936,0.04519183894535361,107,107,854,0,88,-6.997884273529053,3.093235969543457,7.651045227221094,58.53849411010742,2.725390955296394,0.0024047856010821224,13.211838722229004,174.5526885986328,0.14947796406264235,24342.500256058527,2.725390955296394,-0.7592980232586506,-2.798496328624542,-0.10092019330872802,0.47681511260638254,1.0676545345710196,0.038724626512227855
D:\Desktop\proj\gr-lora_sdr\weakPacket_decoding\data\low_snr_gt_bin\0_0_0_10_14_16_extreme_snr\0_0_0_10_14_16_snr_m25dB.bin,-25.0,sto_phase_jump_corrected,continuous,sfo_cum_before,plus,9,12,12,5,13,19075454,19022206,10,4,-24,-0.11851083147497382,-1970.0339475358785,0.34677628905892344,-0.006181697465520549,0.016414222007156264,0.016414222007156254,557,0.103133598544148,0.03282844401431251,468,468,255,0,3,-4.6289544105529785,-10.640799522399902,11.604043838717772,134.65383911132812,-1.981122810481624,0.005639290474086813,11.989082336425781,143.73806762695312,0.18929125093284627,23877.798054574057,4.302062496697962,-1.0763481611562125,-0.9047746493254121,-0.10092019330872802,0.47681511260638254,1.0676545345710196,0.038724626512227855
D:\Desktop\proj\gr-lora_sdr\weakPacket_decoding\data\low_snr_gt_bin\0_0_0_10_14_16_extreme_snr\0_0_0_10_14_16_snr_m25dB.bin,-25.0,sto_phase_jump_corrected,continuous,sfo_cum_before,plus,9,12,12,6,14,19079550,19022206,10,4,-24,-0.11851083147497382,-2121.5750204232536,0.34677628905892344,-0.006181697465520549,0.010232524541635715,0.010232524541635701,936,0.06429284785535996,0.020465049083271403,89,89,50,0,167,-2.939073085784912,5.83391809463501,6.532438360864573,42.67275619506836,2.0374718139689847,0.0017331712222364891,12.834595680236816,164.72686767578125,0.46476218467446756,24621.200518205762,2.0374718139689847,-1.393398299053774,-2.8523151941568274,-0.10092019330872802,0.47681511260638254,1.0676545345710196,0.038724626512227855
D:\Desktop\proj\gr-lora_sdr\weakPacket_decoding\data\low_snr_gt_bin\0_0_0_10_14_16_extreme_snr\0_0_0_10_14_16_snr_m25dB.bin,-25.0,sto_phase_jump_corrected,continuous,sfo_cum_before,plus,9,12,12,7,15,19083646,19022206,10,4,-24,-0.11851083147497382,-2273.116093310629,0.34677628905892344,-0.006181697465520549,0.004050827076115166,0.004050827076115149,312,0.025452097166571947,0.008101654152230298,713,-311,507,0,7,7.390458583831787,-8.177215576171875,11.022056643772109,121.48573303222656,-0.8358930669103348,0.004762437456719772,14.449553489685059,208.7896270751953,0.5389242504754116,25509.150332422927,-0.8358930669103348,-1.7104484369513357,0.8745553700410009,-0.10092019330872802,0.47681511260638254,1.0676545345710196,0.038724626512227855
D:\Desktop\proj\gr-lora_sdr\weakPacket_decoding\data\low_snr_gt_bin\0_0_0_10_14_16_extreme_snr\0_0_0_10_14_16_snr_m25dB.bin,-25.0,sto_phase_jump_corrected,continuous,sfo_cum_before,plus,9,12,12,8,16,19087742,19022206,10,4,-24,-0.11851083147497382,-2424.6571661980042,0.34677628905892344,-0.006181697465520549,-0.002130870389405383,-0.0021308703894054037,159,-0.013388653522216076,-0.0042617407788108075,865,-159,473,0,4,8.543314933776855,-7.083761692047119,11.09810388162811,123.16790008544922,-0.6922693410770899,0.005115221763971625,11.867779731750488,140.84422302246094,0.3018328445570121,24078.701915323734,-0.6922693410770899,-2.027498574848898,1.335229233771808,-0.10092019330872802,0.47681511260638254,1.0676545345710196,0.038724626512227855
D:\Desktop\proj\gr-lora_sdr\weakPacket_decoding\data\low_snr_gt_bin\0_0_0_10_14_16_extreme_snr\0_0_0_10_14_16_snr_m25dB.bin,-25.0,sto_phase_jump_corrected,continuous,sfo_cum_before,plus,9,12,12,9,17,19091838,19022206,10,4,-24,-0.11851083147497382,-2576.1982390853796,0.34677628905892344,-0.006181697465520549,-0.008312567854925932,-0.008312567854925956,532,-0.052229404211004096,-0.016625135709851913,492,492,44,0,16,-10.021869659423828,1.9412893056869507,10.208157308684775,104.20645904541016,2.9502569478461167,0.004125862621506677,11.959684371948242,143.0340576171875,0.12358157346907078,25256.890159700997,-3.3329283593334695,-2.3445487127464597,-0.9883796465870098,-0.10092019330872802,0.47681511260638254,1.0676545345710196,0.038724626512227855
D:\Desktop\proj\gr-lora_sdr\weakPacket_decoding\data\low_snr_gt_bin\0_0_0_10_14_16_extreme_snr\0_0_0_10_14_16_snr_m25dB.bin,-25.0,sto_phase_jump_corrected,continuous,sfo_cum_before,plus,9,12,12,10,18,19095934,19022206,10,4,-24,-0.11851083147497382,-2727.739311972755,0.34677628905892344,-0.006181697465520549,-0.014494265320446481,-0.014494265320446509,259,-0.09107015489979212,-0.028988530640893018,765,-259,1018,0,12,-2.4607391357421875,-9.66811752319336,9.976358731343401,99.52774810791016,-1.82002552057847,0.004147780968186163,11.697373390197754,136.8285675048828,0.18426544560216776,23995.42041185312,-1.82002552057847,-2.6615988506440216,0.8415733300655517,-0.10092019330872802,0.47681511260638254,1.0676545345710196,0.038724626512227855
D:\Desktop\proj\gr-lora_sdr\weakPacket_decoding\data\low_snr_gt_bin\0_0_0_10_14_16_extreme_snr\0_0_0_10_14_16_snr_m25dB.bin,-25.0,sto_phase_jump_corrected,continuous,sfo_cum_before,plus,9,12,12,11,19,19100030,19022206,10,4,-24,-0.11851083147497382,-2879.28038486013,0.34677628905892344,-0.006181697465520549,-0.02067596278596703,-0.020675962785967006,1,-0.1299109055885798,-0.04135192557193401,1023,-1,1023,1,1,12.449716567993164,-7.813644886016846,14.698587994366694,216.0485076904297,-0.5604784783849814,0.009110625508763482,14.698588371276855,216.0485076904297,1.5626726780015299,23713.904987381306,-0.5604784783849814,-2.9786489885415826,2.4181705101566013,-0.10092019330872802,0.47681511260638254,1.0676545345710196,0.038724626512227855
D:\Desktop\proj\gr-lora_sdr\weakPacket_decoding\data\low_snr_gt_bin\0_0_0_10_14_16_extreme_snr\0_0_0_10_14_16_snr_m25dB.bin,-25.0,sto_phase_jump_corrected,continuous,sfo_cum_before,plus,9,12,12,12,20,19104126,19022206,10,4,-24,-0.11851083147497382,-3030.8214577475055,0.34677628905892344,-0.006181697465520549,-0.02685766025148758,-0.02685766025148756,427,-0.16875165627736782,-0.05371532050297512,597,-427,157,0,205,-6.074081897735596,-0.6838915348052979,6.112460922719883,37.362186431884766,-3.0294730848357303,0.0015652676273720273,14.538773536682129,211.37591552734375,0.7668948441697537,23869.519677355886,-3.0294730848357303,-3.2956991264391444,0.2662260416034142,-0.10092019330872802,0.47681511260638254,1.0676545345710196,0.038724626512227855
D:\Desktop\proj\gr-lora_sdr\weakPacket_decoding\data\low_snr_gt_bin\0_0_0_10_14_16_extreme_snr\0_0_0_10_14_16_snr_m25dB.bin,-25.0,sto_phase_jump_corrected,continuous,sfo_cum_before,plus,9,12,12,13,21,19108222,19022206,10,4,-24,-0.11851083147497382,-3182.3625306348804,0.34677628905892344,-0.006181697465520549,-0.033039357717008125,-0.03303935771700811,462,-0.20759240696615583,-0.06607871543401622,562,-462,633,0,10,-3.0397424697875977,10.209945678710938,10.652841172422432,113.4830322265625,1.8601634364177613,0.004665833719922117,13.304469108581543,177.0088653564453,0.25999840837381305,24322.133843307383,-4.423021870761825,-3.6127492643367063,-0.8102726064251184,-0.10092019330872802,0.47681511260638254,1.0676545345710196,0.038724626512227855
D:\Desktop\proj\gr-lora_sdr\weakPacket_decoding\data\low_snr_gt_bin\0_0_0_10_14_16_extreme_snr\0_0_0_10_14_16_snr_m25dB.bin,-25.0,sto_phase_jump_corrected,continuous,sfo_cum_before,plus,9,12,12,14,22,19112318,19022206,10,4,-24,-0.11851083147497382,-3333.9036035222557,0.34677628905892344,-0.006181697465520549,-0.03922105518252868,-0.039221055182528664,546,-0.24643315765494386,-0.07844211036505733,478,478,65,0,3,1.5069791078567505,13.146459579467773,13.232550226849574,175.10040283203125,1.4566644524604468,0.006922844757652664,13.802393913269043,190.50607299804688,0.2505021372578856,25293.128614284098,-4.826520854719139,-3.929799402234268,-0.8967214524848712,-0.10092019330872802,0.47681511260638254,1.0676545345710196,0.038724626512227855
D:\Desktop\proj\gr-lora_sdr\weakPacket_decoding\data\low_snr_gt_bin\0_0_0_10_14_16_extreme_snr\0_0_0_10_14_16_snr_m25dB.bin,-25.0,sto_phase_jump_corrected,continuous,sfo_cum_before,plus,9,12,12,15,23,19116414,19022206,10,4,-24,-0.11851083147497382,-3485.444676409631,0.34677628905892344,-0.006181697465520549,-0.04540275264804923,-0.045402752648049216,757,-0.2852739083437319,-0.09080550529609843,267,267,884,0,28,8.190044403076172,-4.817682266235352,9.501941367044838,90.28688049316406,-0.5317248916397688,0.003690371462490308,13.419839859008789,180.09210205078125,0.9795573813771429,24465.52641403675,-6.814910198819355,-4.24684954013183,-2.568060658687525,-0.10092019330872802,0.47681511260638254,1.0676545345710196,0.038724626512227855
D:\Desktop\proj\gr-lora_sdr\weakPacket_decoding\data\low_snr_gt_bin\0_0_0_10_14_16_extreme_snr\0_0_0_10_14_16_snr_m25dB.bin,-25.0,sto_phase_jump_corrected,continuous,sfo_cum_before,plus,9,12,12,16,24,19120510,19022206,10,4,-24,-0.11851083147497382,-3636.9857492970064,0.34677628905892344,-0.006181697465520549,-0.05158445011356978,-0.05158445011356977,107,-0.3241146590325199,-0.10316890022713954,917,-107,838,0,3,-9.916254043579102,5.788834571838379,11.482277646743704,131.84268188476562,2.6131907379280364,0.005420425039802287,12.29079818725586,151.06369018554688,0.5799416543268023,24323.310610633343,-9.953179876431136,-4.563899678029392,0.8939051087778423,-0.10092019330872802,0.47681511260638254,1.0676545345710196,0.038724626512227855
D:\Desktop\proj\gr-lora_sdr\weakPacket_decoding\data\low_snr_gt_bin\0_0_0_10_14_16_extreme_snr\0_0_0_10_14_16_snr_m25dB.bin,-25.0,sto_phase_jump_corrected,continuous,sfo_cum_before,plus,9,12,12,17,25,19124606,19022206,10,4,-24,-0.11851083147497382,-3788.5268221843817,0.34677628905892344,-0.006181697465520549,-0.057766147579090335,-0.05776614757909032,368,-0.3629554097213079,-0.11553229515818063,656,-368,656,1,1,14.020578384399414,9.963570594787598,17.200272010360887,295.8493347167969,0.6178306399389488,0.01251445977948823,17.200271606445312,295.8493347167969,3.0192895678283618,23640.599748597015,-11.948539974420223,-4.880949815926954,-0.7844048513136828,-0.10092019330872802,0.47681511260638254,1.0676545345710196,0.038724626512227855
D:\Desktop\proj\gr-lora_sdr\weakPacket_decoding\data\low_snr_gt_bin\0_0_0_10_14_16_extreme_snr\0_0_0_10_14_16_snr_m25dB.bin,-25.0,sto_phase_jump_corrected,continuous,sfo_cum_before,plus,9,12,12,18,26,19128702,19022206,10,4,-24,-0.11851083147497382,-3940.067895071757,0.34677628905892344,-0.006181697465520549,-0.06394784504461089,-0.06394784504461087,135,-0.40179616041009597,-0.12789569008922175,889,-135,577,0,13,5.981014251708984,8.088385581970215,10.05954833984954,101.19451141357422,0.9340768813954147,0.0042466044242259115,13.87606143951416,192.54507446289062,1.1724604985992269,23829.512077056803,-11.632293732963758,-5.197999953824516,-0.1511084719596558,-0.10092019330872802,0.47681511260638254,1.0676545345710196,0.038724626512227855
D:\Desktop\proj\gr-lora_sdr\weakPacket_decoding\data\low_snr_gt_bin\0_0_0_10_14_16_extreme_snr\0_0_0_10_14_16_snr_m25dB.bin,-25.0,sto_phase_jump_corrected,continuous,sfo_cum_before,plus,9,12,12,19,27,19132798,19022206,10,4,-24,-0.11851083147497382,-4091.6089679591323,0.34677628905892344,-0.006181697465520549,-0.07012954251013144,-0.07012954251013143,514,-0.440636911098884,-0.14025908502026285,510,510,262,0,39,2.629192352294922,-8.352828979492188,8.756848998698711,76.68241119384766,-1.265847763479602,0.0031138162810092113,11.612517356872559,134.85055541992188,0.05224961237058456,24626.504672585987,-13.832218377838775,-5.5150500917220775,-2.0339829789371104,-0.10092019330872802,0.47681511260638254,1.0676545345710196,0.038724626512227855
D:\Desktop\proj\gr-lora_sdr\weakPacket_decoding\data\low_snr_gt_bin\0_0_0_10_14_16_extreme_snr\0_0_0_10_14_16_snr_m25dB.bin,-25.0,sto_phase_jump_corrected,continuous,sfo_cum_before,plus,9,12,12,20,28,19136894,19022206,10,4,-24,-0.11851083147497382,-4243.150040846507,0.34677628905892344,-0.006181697465520549,-0.07631123997565199,-0.07631123997565198,164,-0.479477661787672,-0.15262247995130396,860,-164,994,0,316,2.642479658126831,4.470468521118164,5.193051852419973,26.96778678894043,1.0369490142035052,0.0011280984285079456,13.996723175048828,195.90826416015625,1.3299445512320927,23905.526421669405,-11.529421600155667,-5.832100229619639,0.5858639366435592,-0.10092019330872802,0.47681511260638254,1.0676545345710196,0.038724626512227855
D:\Desktop\proj\gr-lora_sdr\weakPacket_decoding\data\low_snr_gt_bin\0_0_0_10_14_16_extreme_snr\0_0_0_10_14_16_snr_m25dB.bin,-25.0,sto_phase_jump_corrected,continuous,sfo_cum_before,plus,9,12,12,21,29,19140990,19022206,10,4,-24,-0.11851083147497382,-4394.691113733883,0.34677628905892344,-0.006181697465520549,-0.08249293744117255,-0.08249293744117253,471,-0.51831841247646,-0.16498587488234506,553,-471,553,1,1,-10.49233341217041,-7.448999881744385,12.867659448026103,165.57664489746094,-2.5242220470891366,0.007041174213944752,12.867659568786621,165.57664489746094,0.5030060701539836,23515.48759716004,-8.807407354268722,-6.1491503675172,-2.658256986751522,-0.10092019330872802,0.47681511260638254,1.0676545345710196,0.038724626512227855
D:\Desktop\proj\gr-lora_sdr\weakPacket_decoding\data\low_snr_gt_bin\0_0_0_10_14_16_extreme_snr\0_0_0_10_14_16_snr_m25dB.bin,-25.0,sto_phase_jump_corrected,continuous,sfo_cum_before,plus,9,12,12,22,30,19145086,19022206,10,4,-24,-0.11851083147497382,-4546.232186621258,0.34677628905892344,-0.006181697465520549,-0.0886746349066931,-0.08867463490669308,395,-0.557159163165248,-0.17734926981338617,629,-395,629,1,1,4.656460762023926,-11.903706550598145,12.782052122840902,163.380859375,-1.1979187163527714,0.006517815134360226,12.782052040100098,163.380859375,0.7075928115088128,25066.813956366852,-7.481104023532358,-6.466200505414762,-1.0149035181175954,-0.10092019330872802,0.47681511260638254,1.0676545345710196,0.038724626512227855
D:\Desktop\proj\gr-lora_sdr\weakPacket_decoding\data\low_snr_gt_bin\0_0_0_10_14_16_extreme_snr\0_0_0_10_14_16_snr_m25dB.bin,-25.0,sto_phase_jump_corrected,continuous,sfo_cum_before,plus,9,12,12,23,31,19149182,19022206,10,4,-24,-0.11851083147497382,-4697.773259508634,0.34677628905892344,-0.006181697465520549,-0.09485633237221365,-0.09485633237221364,265,-0.5959999138540361,-0.18971266474442727,759,-265,759,1,1,2.7478160858154297,-13.537332534790039,13.813394419872001,190.80987548828125,-1.3705364404659763,0.008263383518986115,13.813394546508789,190.80987548828125,0.2780016839650108,23091.01048618555,-7.653721747645562,-6.783250643312324,-0.8704711043332383,-0.10092019330872802,0.47681511260638254,1.0676545345710196,0.038724626512227855
D:\Desktop\proj\gr-lora_sdr\weakPacket_decoding\data\low_snr_gt_bin\0_0_0_10_14_16_extreme_snr\0_0_0_10_14_16_snr_m25dB.bin,-25.0,sto_phase_jump_corrected,continuous,sfo_cum_before,plus,9,12,12,24,32,19153278,19022206,10,4,-24,-0.11851083147497382,-4849.3143323960085,0.34677628905892344,-0.006181697465520549,-0.1010380298377342,-0.10103802983773419,150,-0.6348406645428241,-0.20207605967546838,874,-150,615,0,216,3.3334269523620605,-5.091897487640381,6.085980222722732,37.03915023803711,-0.9911569203251257,0.0014876807122530115,12.488243103027344,155.9562225341797,0.3769660751258629,24897.24437036179,-7.274342227504712,-7.100300781209886,-0.17404144629482587,-0.10092019330872802,0.47681511260638254,1.0676545345710196,0.038724626512227855
D:\Desktop\proj\gr-lora_sdr\weakPacket_decoding\data\low_snr_gt_bin\0_0_0_10_14_16_extreme_snr\0_0_0_10_14_16_snr_m25dB.bin,-25.0,sto_phase_jump_corrected,continuous,sfo_cum_before,plus,9,12,12,25,33,19157374,19022206,10,4,-24,-0.11851083147497382,-5000.855405283383,0.34677628905892344,-0.006181697465520549,-0.10721972730325476,-0.10721972730325474,304,-0.6736814152316121,-0.21443945460650946,720,-304,720,1,1,-10.785181999206543,6.129688262939453,12.405370972156637,153.89321899414062,2.6247752867535303,0.006156909854465461,12.405370712280273,153.89321899414062,0.4225539601937488,24995.20419038221,-9.941595327605642,-7.417350919107448,-2.524244408498194,-0.10092019330872802,0.47681511260638254,1.0676545345710196,0.038724626512227855
D:\Desktop\proj\gr-lora_sdr\weakPacket_decoding\data\low_snr_gt_bin\0_0_0_10_14_16_extreme_snr\0_0_0_10_14_16_snr_m25dB.bin,-25.0,sto_phase_jump_corrected,continuous,sfo_cum_before,plus,9,12,12,26,34,19161470,19022206,10,4,-24,-0.11851083147497382,-5152.396478170759,0.34677628905892344,-0.006181697465520549,-0.11340142476877531,-0.1134014247687753,710,-0.7125221659204002,-0.22680284953755062,314,314,972,0,422,3.132948160171509,-3.266303777694702,4.525936869036589,20.484102249145508,-0.8062343985600523,0.0008421990865893705,15.07260513305664,227.1834259033203,0.34521187532471254,24322.161559328437,-7.089419705739639,-7.734401057005009,0.6449813512653702,-0.10092019330872802,0.47681511260638254,1.0676545345710196,0.038724626512227855
D:\Desktop\proj\gr-lora_sdr\weakPacket_decoding\data\low_snr_gt_bin\0_0_0_10_14_16_extreme_snr\0_0_0_10_14_16_snr_m25dB.bin,-25.0,sto_phase_jump_corrected,continuous,sfo_cum_before,plus,9,12,12,27,35,19165566,19022206,10,4,-24,-0.11851083147497382,-5303.937551058134,0.34677628905892344,-0.006181697465520549,-0.11958312223429586,-0.11958312223429585,422,-0.7513629166091882,-0.2391662444685917,602,-422,822,0,8,8.749261856079102,6.348392486572266,10.809795103969728,116.85167694091797,0.6276959768934732,0.004897699206513472,13.841124534606934,191.57672119140625,1.1325559740243973,23858.483752027154,-5.655489330286113,-8.05145119490257,2.3959618646164573,-0.10092019330872802,0.47681511260638254,1.0676545345710196,0.038724626512227855
D:\Desktop\proj\gr-lora_sdr\weakPacket_decoding\data\low_snr_gt_bin\0_0_0_10_14_16_extreme_snr\0_0_0_10_14_16_snr_m25dB.bin,-25.0,sto_phase_jump_corrected,continuous,sfo_cum_before,plus,9,12,12,28,36,19169662,19022206,10,4,-24,-0.11851083147497382,-5455.47862394551,0.34677628905892344,-0.006181697465520549,-0.1257648196998164,-0.1257648196998164,1017,-0.7902036672979762,-0.2515296393996328,7,7,22,0,9,-6.458035469055176,-8.535588264465332,10.703386806990252,114.5625,-2.2185087708053466,0.004544486041468077,11.883085250854492,141.2077178955078,0.24399010319862002,25209.12132959068,-8.501694077984933,-8.368501332800133,-0.1331927451848003,-0.10092019330872802,0.47681511260638254,1.0676545345710196,0.038724626512227855
D:\Desktop\proj\gr-lora_sdr\weakPacket_decoding\data\low_snr_gt_bin\0_0_0_10_14_16_extreme_snr\0_0_0_10_14_16_snr_m25dB.bin,-25.0,sto_phase_jump_corrected,continuous,sfo_cum_before,plus,9,12,12,29,37,19173759,19022206,10,4,-24,-0.11851083147497382,-5607.056694165132,0.34677628905892344,-0.006181697465520549,0.11805348283466305,0.1180534828346631,415,0.7417519088081327,0.2361069656693262,610,-414,77,0,4,8.991098403930664,7.326984405517578,11.598471924691731,134.52455139160156,0.6837697494662557,0.0054658303983322245,12.869132041931152,165.61456298828125,0.7525896815790543,24611.91467496846,-5.59941555771333,-8.685551470697694,3.086135912984364,-0.10092019330872802,0.47681511260638254,1.0676545345710196,0.038724626512227855
D:\Desktop\proj\gr-lora_sdr\weakPacket_decoding\data\low_snr_gt_bin\0_0_0_10_14_16_extreme_snr\0_0_0_10_14_16_snr_m25dB.bin,-25.0,sto_phase_jump_corrected,continuous,sfo_cum_before,plus,9,12,12,30,38,19177855,19022206,10,4,-24,-0.11851083147497382,-5758.597767052508,0.34677628905892344,-0.006181697465520549,0.1118717853691425,0.11187178536914244,234,0.702911158119344,0.22374357073828488,791,-233,803,0,8,0.3339712619781494,10.623571395874023,10.628819596129198,112.9718017578125,1.539369860456843,0.004678906353169043,12.166269302368164,148.0181121826172,0.05389345542551752,24144.916189933196,-4.743815446722743,-9.002601608595256,-2.024399145307073,-0.10092019330872802,0.47681511260638254,1.0676545345710196,0.038724626512227855
D:\Desktop\proj\gr-lora_sdr\weakPacket_decoding\data\low_snr_gt_bin\0_0_0_10_14_16_extreme_snr\0_0_0_10_14_16_snr_m25dB.bin,-25.0,sto_phase_jump_corrected,continuous,sfo_cum_before,plus,9,12,12,31,39,19181951,19022206,10,4,-24,-0.11851083147497382,-5910.138839939883,0.34677628905892344,-0.006181697465520549,0.10569008790362194,0.105690087903622,121,0.6640704074305567,0.211380175807244,904,-120,787,0,11,1.9454365968704224,9.981260299682617,10.169084556756479,103.4102783203125,1.3783008009875903,0.0042252833027007315,15.310659408569336,234.41629028320312,1.4715466976135818,24474.164431581274,-4.904884506191996,-9.319651746492818,-1.8684180668787642,-0.10092019330872802,0.47681511260638254,1.0676545345710196,0.038724626512227855
D:\Desktop\proj\gr-lora_sdr\weakPacket_decoding\data\low_snr_gt_bin\0_0_0_10_14_16_extreme_snr\0_0_0_10_14_16_snr_m25dB.bin,-25.0,sto_phase_jump_corrected,continuous,sfo_cum_before,plus,9,12,12,32,40,19186047,19022206,10,4,-24,-0.11851083147497382,-6061.679912827259,0.34677628905892344,-0.006181697465520549,0.09950839043810139,0.09950839043810134,264,0.6252296567417679,0.19901678087620264,761,-263,986,0,12,9.831144332885742,3.3259668350219727,10.378509251414556,107.71343994140625,0.32622215335284055,0.004464685509006433,13.159828186035156,173.1810760498047,0.13075001220514015,24125.649997994304,-5.956963153826746,-9.63670188439038,-2.6034465766159527,-0.10092019330872802,0.47681511260638254,1.0676545345710196,0.038724626512227855
D:\Desktop\proj\gr-lora_sdr\weakPacket_decoding\data\low_snr_gt_bin\0_0_0_10_14_16_extreme_snr\0_0_0_10_14_16_snr_m25dB.bin,-25.0,sto_phase_jump_corrected,continuous,sfo_cum_before,plus,9,12,12,33,41,19190143,19022206,10,4,-24,-0.11851083147497382,-6213.220985714634,0.34677628905892344,-0.006181697465520549,0.09332669297258084,0.0933266929725809,438,0.5863889060529807,0.18665338594516181,587,-437,189,0,3,-6.810717582702637,-9.951215744018555,12.058713396351106,145.4125518798828,-2.1709828071468964,0.005881428769767689,13.262308120727539,175.88880920410156,0.5443788470274951,24724.018188802525,-8.454168114326482,-9.953752022287942,1.4995839079614601,-0.10092019330872802,0.47681511260638254,1.0676545345710196,0.038724626512227855
D:\Desktop\proj\gr-lora_sdr\weakPacket_decoding\data\low_snr_gt_bin\0_0_0_10_14_16_extreme_snr\0_0_0_10_14_16_snr_m25dB.bin,-25.0,sto_phase_jump_corrected,continuous,sfo_cum_before,plus,9,12,12,34,42,19194239,19022206,10,4,-24,-0.11851083147497382,-6364.762058602009,0.34677628905892344,-0.006181697465520549,0.08714499550706029,0.08714499550706023,91,0.5475481553641919,0.17428999101412046,934,-90,410,0,8,7.858273029327393,-7.924313545227051,11.160071691818258,124.54719543457031,-0.7895825301458536,0.00505833131863889,11.970128059387207,143.28396606445312,0.06450209262081483,24622.19012337923,-7.07276783732544,-10.270802160185504,-3.085150984319523,-0.10092019330872802,0.47681511260638254,1.0676545345710196,0.038724626512227855
D:\Desktop\proj\gr-lora_sdr\weakPacket_decoding\data\low_snr_gt_bin\0_0_0_10_14_16_extreme_snr\0_0_0_10_14_16_snr_m25dB.bin,-25.0,sto_phase_jump_corrected,continuous,sfo_cum_before,plus,10,13,13,0,8,20555334,20522566,10,4,-25,-0.25404660440359844,-1269.4068365729377,-0.3960338435637206,-0.006472741081710989,0.052184227782591464,0.052184227782591464,803,0.3278831732700914,0.10436845556518293,222,222,132,0,10,9.026537895202637,4.38459587097168,10.03509179456128,100.70307922363281,0.45217873318818946,0.004227149720494975,12.24133014678955,149.85015869140625,0.3161846210464553,23822.92700336175,0.45217873318818946,1.774387504228622,-1.3222087710404324,-0.12154171957054279,0.976464511512028,0.1905718889314368,0.58009992149169
D:\Desktop\proj\gr-lora_sdr\weakPacket_decoding\data\low_snr_gt_bin\0_0_0_10_14_16_extreme_snr\0_0_0_10_14_16_snr_m25dB.bin,-25.0,sto_phase_jump_corrected,continuous,sfo_cum_before,plus,10,13,13,1,9,20559430,20522566,10,4,-25,-0.25404660440359844,-1428.082691144555,-0.3960338435637206,-0.006472741081710989,0.045711486700880474,0.04571148670088043,199,0.287213741608307,0.09142297340176087,826,-198,167,0,2,9.088765144348145,8.077800750732422,12.159626508147815,147.85650634765625,0.7265746292305962,0.0056622155754300265,12.198324203491211,148.7991180419922,0.027599168967960882,26112.83593462035,0.7265746292305962,1.392552930921134,-0.6659783016905377,-0.12154171957054279,0.976464511512028,0.1905718889314368,0.58009992149169
D:\Desktop\proj\gr-lora_sdr\weakPacket_decoding\data\low_snr_gt_bin\0_0_0_10_14_16_extreme_snr\0_0_0_10_14_16_snr_m25dB.bin,-25.0,sto_phase_jump_corrected,continuous,sfo_cum_before,plus,10,13,13,2,10,20563526,20522566,10,4,-25,-0.25404660440359844,-1586.7585457161722,-0.3960338435637206,-0.006472741081710989,0.039238745619169485,0.03923874561916951,154,0.24654430994652324,0.07847749123833903,871,-153,87,0,25,8.005654335021973,4.734076976776123,9.300644394551265,86.5019760131836,0.5340287536197421,0.0034675808906700916,12.596028327941895,158.6599578857422,0.14129516383279891,24945.91438253876,0.5340287536197421,1.010718357613646,-0.4766896039939039,-0.12154171957054279,0.976464511512028,0.1905718889314368,0.58009992149169
D:\Desktop\proj\gr-lora_sdr\weakPacket_decoding\data\low_snr_gt_bin\0_0_0_10_14_16_extreme_snr\0_0_0_10_14_16_snr_m25dB.bin,-25.0,sto_phase_jump_corrected,continuous,sfo_cum_before,plus,10,13,13,3,11,20567622,20522566,10,4,-25,-0.25404660440359844,-1745.4344002877892,-0.3960338435637206,-0.006472741081710989,0.032766004537458496,0.03276600453745848,334,0.2058748782847388,0.06553200907491696,691,-333,692,0,576,3.3065176010131836,1.3097814321517944,3.556485068971833,12.648588180541992,0.3771580429199907,0.0005406552634012801,12.631885528564453,159.56451416015625,0.06794829562007693,23394.92285891995,0.3771580429199907,0.6288837843061579,-0.25172574138616716,-0.12154171957054279,0.976464511512028,0.1905718889314368,0.58009992149169
D:\Desktop\proj\gr-lora_sdr\weakPacket_decoding\data\low_snr_gt_bin\0_0_0_10_14_16_extreme_snr\0_0_0_10_14_16_snr_m25dB.bin,-25.0,sto_phase_jump_corrected,continuous,sfo_cum_before,plus,10,13,13,4,12,20571718,20522566,10,4,-25,-0.25404660440359844,-1904.1102548594065,-0.3960338435637206,-0.006472741081710989,0.026293263455747506,0.026293263455747562,918,0.16520544662295503,0.052586526911495124,107,107,107,1,1,14.001580238342285,-6.219715118408203,15.32087155891899,234.72909545898438,-0.4180329033929441,0.009596868164187249,15.320871353149414,234.72909545898438,0.7088356133391714,24458.92675017938,-0.4180329033929441,0.24704921099866994,-0.665082114391614,-0.12154171957054279,0.976464511512028,0.1905718889314368,0.58009992149169
D:\Desktop\proj\gr-lora_sdr\weakPacket_decoding\data\low_snr_gt_bin\0_0_0_10_14_16_extreme_snr\0_0_0_10_14_16_snr_m25dB.bin,-25.0,sto_phase_jump_corrected,continuous,sfo_cum_before,plus,10,13,13,5,13,20575814,20522566,10,4,-25,-0.25404660440359844,-2062.7861094310238,-0.3960338435637206,-0.006472741081710989,0.019820522374036517,0.01982052237403653,557,0.12453601496117059,0.03964104474807306,468,468,129,0,10,7.65777063369751,-7.413269519805908,10.658237004852317,113.5980224609375,-0.7691763456319355,0.004508745725237957,14.332391738891602,205.41748046875,1.3100347716788943,25195.03857249394,-0.7691763456319355,-0.134785362308818,-0.6343909833231175,-0.12154171957054279,0.976464511512028,0.1905718889314368,0.58009992149169
D:\Desktop\proj\gr-lora_sdr\weakPacket_decoding\data\low_snr_gt_bin\0_0_0_10_14_16_extreme_snr\0_0_0_10_14_16_snr_m25dB.bin,-25.0,sto_phase_jump_corrected,continuous,sfo_cum_before,plus,10,13,13,6,14,20579910,20522566,10,4,-25,-0.25404660440359844,-2221.461964002641,-0.3960338435637206,-0.006472741081710989,0.013347781292325528,0.0133477812923255,936,0.08386658329938614,0.026695562584651,89,89,818,0,38,8.779603958129883,-1.978633165359497,8.9998019347467,80.99644470214844,-0.2216637481213166,0.0033724809423762827,13.788697242736816,190.128173828125,0.46040833251553553,24016.872470472008,-0.2216637481213166,-0.5166199356163061,0.29495618749498953,-0.12154171957054279,0.976464511512028,0.1905718889314368,0.58009992149169
D:\Desktop\proj\gr-lora_sdr\weakPacket_decoding\data\low_snr_gt_bin\0_0_0_10_14_16_extreme_snr\0_0_0_10_14_16_snr_m25dB.bin,-25.0,sto_phase_jump_corrected,continuous,sfo_cum_before,plus,10,13,13,7,15,20584006,20522566,10,4,-25,-0.25404660440359844,-2380.1378185742583,-0.3960338435637206,-0.006472741081710989,0.006875040210614539,0.00687504021061458,312,0.04319715163760238,0.01375008042122916,713,-311,461,0,95,6.48705530166626,-3.865828514099121,7.551590334975683,57.026512145996094,-0.5374212114343574,0.0023374114021774985,14.057969093322754,197.62649536132812,0.9427582359127775,24397.29355853703,-0.5374212114343574,-0.8984545089237939,0.36103329748943647,-0.12154171957054279,0.976464511512028,0.1905718889314368,0.58009992149169
D:\Desktop\proj\gr-lora_sdr\weakPacket_decoding\data\low_snr_gt_bin\0_0_0_10_14_16_extreme_snr\0_0_0_10_14_16_snr_m25dB.bin,-25.0,sto_phase_jump_corrected,continuous,sfo_cum_before,plus,10,13,13,8,16,20588102,20522566,10,4,-25,-0.25404660440359844,-2538.8136731458753,-0.3960338435637206,-0.006472741081710989,0.00040229912890354935,0.00040229912890354935,160,0.0025277199758179277,0.0008045982578070987,865,-159,865,1,1,5.59248685836792,-10.71057415008545,12.082727667439027,145.99232482910156,-1.0895890371476447,0.006329423480538826,12.082727432250977,145.99232482910156,0.20290565935592425,23065.65918333421,-1.0895890371476447,-1.280289082231282,0.19070004508363736,-0.12154171957054279,0.976464511512028,0.1905718889314368,0.58009992149169
D:\Desktop\proj\gr-lora_sdr\weakPacket_decoding\data\low_snr_gt_bin\0_0_0_10_14_16_extreme_snr\0_0_0_10_14_16_snr_m25dB.bin,-25.0,sto_phase_jump_corrected,continuous,sfo_cum_before,plus,10,13,13,9,17,20592198,20522566,10,4,-25,-0.25404660440359844,-2697.4895277174924,-0.3960338435637206,-0.006472741081710989,-0.00607044195280744,-0.006070441952807426,532,-0.038141711685966175,-0.012140883905614852,492,492,312,0,216,-0.0677126795053482,-6.22990608215332,6.230274054920597,38.81631088256836,-1.5816648715849317,0.0015395779133191186,13.735322952270508,188.6591033935547,0.9804687195048323,25212.30692306161,-1.5816648715849317,-1.6621236555387702,0.08045878395383843,-0.12154171957054279,0.976464511512028,0.1905718889314368,0.58009992149169
D:\Desktop\proj\gr-lora_sdr\weakPacket_decoding\data\low_snr_gt_bin\0_0_0_10_14_16_extreme_snr\0_0_0_10_14_16_snr_m25dB.bin,-25.0,sto_phase_jump_corrected,continuous,sfo_cum_before,plus,10,13,13,10,18,20596294,20522566,10,4,-25,-0.25404660440359844,-2856.16538228911,-0.3960338435637206,-0.006472741081710989,-0.01254318303451843,-0.012543183034518401,259,-0.07881114334775027,-0.025086366069036803,765,-259,319,0,687,0.08872689306735992,-3.122872829437256,3.1241330269997847,9.76020622253418,-1.5423920225288243,0.0003939032564917711,12.746256828308105,162.46705627441406,0.2487383581935037,24778.181093148887,-1.5423920225288243,-2.043958228846258,0.5015662063174335,-0.12154171957054279,0.976464511512028,0.1905718889314368,0.58009992149169
D:\Desktop\proj\gr-lora_sdr\weakPacket_decoding\data\low_snr_gt_bin\0_0_0_10_14_16_extreme_snr\0_0_0_10_14_16_snr_m25dB.bin,-25.0,sto_phase_jump_corrected,continuous,sfo_cum_before,plus,10,13,13,11,19,20600390,20522566,10,4,-25,-0.25404660440359844,-3014.841236860727,-0.3960338435637206,-0.006472741081710989,-0.01901592411622942,-0.019015924116229432,1,-0.11948057500953473,-0.038031848232458865,1023,-1,112,0,16,0.003983106929808855,-10.611589431762695,10.611590179301052,112.60582733154297,-1.5704209723988034,0.004555043823460232,14.623311042785645,213.8412322998047,0.09307301351098635,24721.129301013425,-1.5704209723988034,-2.425792802153746,0.8553718297549426,-0.12154171957054279,0.976464511512028,0.1905718889314368,0.58009992149169
D:\Desktop\proj\gr-lora_sdr\weakPacket_decoding\data\low_snr_gt_bin\0_0_0_10_14_16_extreme_snr\0_0_0_10_14_16_snr_m25dB.bin,-25.0,sto_phase_jump_corrected,continuous,sfo_cum_before,plus,10,13,13,12,20,20604486,20522566,10,4,-25,-0.25404660440359844,-3173.5170914323444,-0.3960338435637206,-0.006472741081710989,-0.025488665197940408,-0.025488665197940408,427,-0.16015000667131882,-0.05097733039588081,597,-427,855,0,47,-7.741659641265869,-3.042062282562256,8.317898588717746,69.18743896484375,-2.767181157537519,0.002920576023698015,14.675113677978516,215.3589630126953,1.5475215309784165,23689.655192484614,-2.767181157537519,-2.807627375461234,0.04044621792371528,-0.12154171957054279,0.976464511512028,0.1905718889314368,0.58009992149169
D:\Desktop\proj\gr-lora_sdr\weakPacket_decoding\data\low_snr_gt_bin\0_0_0_10_14_16_extreme_snr\0_0_0_10_14_16_snr_m25dB.bin,-25.0,sto_phase_jump_corrected,continuous,sfo_cum_before,plus,10,13,13,13,21,20608582,20522566,10,4,-25,-0.25404660440359844,-3332.1929460039614,-0.3960338435637206,-0.006472741081710989,-0.0319614062796514,-0.03196140627965138,462,-0.20081943833310292,-0.06392281255930277,562,-462,426,0,241,-5.501711845397949,-1.4505013227462769,5.689708895636121,32.37278366088867,-2.8838130108357642,0.0013563833843356974,13.52069091796875,182.80905151367188,0.731527731810916,23866.986306930892,-2.8838130108357642,-3.1894619487687224,0.3056489379329581,-0.12154171957054279,0.976464511512028,0.1905718889314368,0.58009992149169
D:\Desktop\proj\gr-lora_sdr\weakPacket_decoding\data\low_snr_gt_bin\0_0_0_10_14_16_extreme_snr\0_0_0_10_14_16_snr_m25dB.bin,-25.0,sto_phase_jump_corrected,continuous,sfo_cum_before,plus,10,13,13,14,22,20612678,20522566,10,4,-25,-0.25404660440359844,-3490.8688005755785,-0.3960338435637206,-0.006472741081710989,-0.038434147361362386,-0.038434147361362414,546,-0.2414888699948874,-0.07686829472272483,478,478,521,0,16,-9.936198234558105,0.6792300939559937,9.959386972950247,99.18938446044922,3.0733396833522955,0.004107412662166956,12.776140213012695,163.22975158691406,0.09069375519500872,24148.872445682064,-3.20984562382729,-3.5712965220762096,0.36145089824891974,-0.12154171957054279,0.976464511512028,0.1905718889314368,0.58009992149169
D:\Desktop\proj\gr-lora_sdr\weakPacket_decoding\data\low_snr_gt_bin\0_0_0_10_14_16_extreme_snr\0_0_0_10_14_16_snr_m25dB.bin,-25.0,sto_phase_jump_corrected,continuous,sfo_cum_before,plus,10,13,13,15,23,20616774,20522566,10,4,-25,-0.25404660440359844,-3649.544655147196,-0.3960338435637206,-0.006472741081710989,-0.044906888443073376,-0.04490688844307339,757,-0.2821583016566715,-0.08981377688614678,267,267,838,0,40,-7.930433750152588,-3.608438491821289,8.71278415977446,75.91260528564453,-2.7145789918670786,0.0033378019018687004,11.909485816955566,141.83584594726562,0.47056508048673396,22743.292597186228,-2.7145789918670777,-3.953131095383698,1.23855210351662,-0.12154171957054279,0.976464511512028,0.1905718889314368,0.58009992149169
D:\Desktop\proj\gr-lora_sdr\weakPacket_decoding\data\low_snr_gt_bin\0_0_0_10_14_16_extreme_snr\0_0_0_10_14_16_snr_m25dB.bin,-25.0,sto_phase_jump_corrected,continuous,sfo_cum_before,plus,10,13,13,16,24,20620870,20522566,10,4,-25,-0.25404660440359844,-3808.220509718813,-0.3960338435637206,-0.006472741081710989,-0.051379629524784365,-0.051379629524784365,107,-0.3228277333184556,-0.10275925904956873,917,-107,810,0,15,-2.5482969284057617,10.095693588256836,10.41234105584774,108.41682434082031,1.818045931569802,0.004618435677164846,13.80288314819336,190.5195770263672,0.519470840734445,23474.793613965623,-4.465139375609783,-4.334965668691186,-0.13017370691859664,-0.12154171957054279,0.976464511512028,0.1905718889314368,0.58009992149169
D:\Desktop\proj\gr-lora_sdr\weakPacket_decoding\data\low_snr_gt_bin\0_0_0_10_14_16_extreme_snr\0_0_0_10_14_16_snr_m25dB.bin,-25.0,sto_phase_jump_corrected,continuous,sfo_cum_before,plus,10,13,13,17,25,20624966,20522566,10,4,-25,-0.25404660440359844,-3966.89636429043,-0.3960338435637206,-0.006472741081710989,-0.057852370606495354,-0.05785237060649534,368,-0.3634971649802397,-0.11570474121299068,656,-368,656,1,1,-8.877920150756836,10.787959098815918,13.971310880548733,195.19752502441406,2.259373657452891,0.007824606041567726,13.97131061553955,195.19752502441406,0.06315236539149771,24946.62657614192,-4.023811649726694,-4.7168002419986745,0.6929885922719805,-0.12154171957054279,0.976464511512028,0.1905718889314368,0.58009992149169
D:\Desktop\proj\gr-lora_sdr\weakPacket_decoding\data\low_snr_gt_bin\0_0_0_10_14_16_extreme_snr\0_0_0_10_14_16_snr_m25dB.bin,-25.0,sto_phase_jump_corrected,continuous,sfo_cum_before,plus,10,13,13,18,26,20629062,20522566,10,4,-25,-0.25404660440359844,-4125.5722188620475,-0.3960338435637206,-0.006472741081710989,-0.06432511168820634,-0.06432511168820632,135,-0.4041665966420238,-0.12865022337641263,889,-135,724,0,3,3.7506954669952393,11.570189476013184,12.162935541923456,147.93699645996094,1.2573163228122994,0.006091625254141901,13.52720832824707,182.98533630371094,0.2939076541928109,24285.308154728264,-5.0258689843672855,-5.098634815306163,0.07276583093887723,-0.12154171957054279,0.976464511512028,0.1905718889314368,0.58009992149169
D:\Desktop\proj\gr-lora_sdr\weakPacket_decoding\data\low_snr_gt_bin\0_0_0_10_14_16_extreme_snr\0_0_0_10_14_16_snr_m25dB.bin,-25.0,sto_phase_jump_corrected,continuous,sfo_cum_before,plus,10,13,13,19,27,20633158,20522566,10,4,-25,-0.25404660440359844,-4284.248073433665,-0.3960338435637206,-0.006472741081710989,-0.07079785276991733,-0.07079785276991735,514,-0.44483602830380825,-0.1415957055398347,510,510,724,0,6,4.046449184417725,9.798890113830566,10.601509254111004,112.39199829101562,1.1791764615780174,0.004659827273776282,13.113598823547363,171.96649169921875,1.4270754589861265,24119.348569745198,-5.104008845601568,-5.480469388613649,0.3764605430120813,-0.12154171957054279,0.976464511512028,0.1905718889314368,0.58009992149169
D:\Desktop\proj\gr-lora_sdr\weakPacket_decoding\data\low_snr_gt_bin\0_0_0_10_14_16_extreme_snr\0_0_0_10_14_16_snr_m25dB.bin,-25.0,sto_phase_jump_corrected,continuous,sfo_cum_before,plus,10,13,13,20,28,20637254,20522566,10,4,-25,-0.25404660440359844,-4442.923928005282,-0.3960338435637206,-0.006472741081710989,-0.07727059385162832,-0.07727059385162832,164,-0.48550545996559236,-0.15454118770325664,860,-164,334,0,22,8.136699676513672,4.515831470489502,9.305837710579368,86.59861755371094,0.5066704135959055,0.0036965081313671275,10.881845474243164,118.41455841064453,0.04386559923534418,23427.141095367493,-5.77651489358368,-5.862303961921137,0.08578906833745759,-0.12154171957054279,0.976464511512028,0.1905718889314368,0.58009992149169
D:\Desktop\proj\gr-lora_sdr\weakPacket_decoding\data\low_snr_gt_bin\0_0_0_10_14_16_extreme_snr\0_0_0_10_14_16_snr_m25dB.bin,-25.0,sto_phase_jump_corrected,continuous,sfo_cum_before,plus,10,13,13,21,29,20641350,20522566,10,4,-25,-0.25404660440359844,-4601.599782576899,-0.3960338435637206,-0.006472741081710989,-0.08374333493333931,-0.0837433349333393,471,-0.5261748916273764,-0.1674866698666786,553,-471,75,0,83,6.052501678466797,4.699312210083008,7.662656968420199,58.71631622314453,0.6601995866051762,0.0024878681012108694,13.985570907592773,195.59616088867188,1.5059118307306074,23601.05674194172,-5.622985720574409,-6.244138535228625,0.6211528146542165,-0.12154171957054279,0.976464511512028,0.1905718889314368,0.58009992149169
D:\Desktop\proj\gr-lora_sdr\weakPacket_decoding\data\low_snr_gt_bin\0_0_0_10_14_16_extreme_snr\0_0_0_10_14_16_snr_m25dB.bin,-25.0,sto_phase_jump_corrected,continuous,sfo_cum_before,plus,10,13,13,22,30,20645446,20522566,10,4,-25,-0.25404660440359844,-4760.275637148517,-0.3960338435637206,-0.006472741081710989,-0.0902160760150503,-0.09021607601505033,395,-0.5668443232891609,-0.18043215203010066,629,-395,352,0,73,7.041319370269775,-2.9380874633789062,7.62971404553281,58.21254348754883,-0.39529978591907405,0.0024562552150813616,13.838129997253418,191.49383544921875,0.3482690767304917,23699.7129329741,-6.67848509309866,-6.6259731085361135,-0.05251198456254613,-0.12154171957054279,0.976464511512028,0.1905718889314368,0.58009992149169
D:\Desktop\proj\gr-lora_sdr\weakPacket_decoding\data\low_snr_gt_bin\0_0_0_10_14_16_extreme_snr\0_0_0_10_14_16_snr_m25dB.bin,-25.0,sto_phase_jump_corrected,continuous,sfo_cum_before,plus,10,13,13,23,31,20649542,20522566,10,4,-25,-0.25404660440359844,-4918.951491720133,-0.3960338435637206,-0.006472741081710989,-0.09668881709676129,-0.0966888170967613,265,-0.607513754950945,-0.19337763419352258,759,-265,759,1,1,7.60752534866333,-11.107473373413086,13.462927121233175,181.25039672851562,-0.9702756099329372,0.007594482531380115,13.462926864624023,181.25039672851562,0.12096001880809214,23866.0627606418,-7.253460917112522,-7.007807681843602,-0.2456532352689207,-0.12154171957054279,0.976464511512028,0.1905718889314368,0.58009992149169
D:\Desktop\proj\gr-lora_sdr\weakPacket_decoding\data\low_snr_gt_bin\0_0_0_10_14_16_extreme_snr\0_0_0_10_14_16_snr_m25dB.bin,-25.0,sto_phase_jump_corrected,continuous,sfo_cum_before,plus,10,13,13,24,32,20653638,20522566,10,4,-25,-0.25404660440359844,-5077.627346291751,-0.3960338435637206,-0.006472741081710989,-0.10316155817847228,-0.10316155817847228,150,-0.6481831866127291,-0.20632311635694456,874,-150,676,0,850,1.7713066339492798,0.8989017009735107,1.9863412243332712,3.9455511569976807,0.469613243216468,0.0001579856600635797,12.050875663757324,145.2236328125,0.08398950443965507,24974.109393281862,-5.813572063963117,-7.38964225515109,1.5760701911879726,-0.12154171957054279,0.976464511512028,0.1905718889314368,0.58009992149169
D:\Desktop\proj\gr-lora_sdr\weakPacket_decoding\data\low_snr_gt_bin\0_0_0_10_14_16_extreme_snr\0_0_0_10_14_16_snr_m25dB.bin,-25.0,sto_phase_jump_corrected,continuous,sfo_cum_before,plus,10,13,13,25,33,20657734,20522566,10,4,-25,-0.25404660440359844,-5236.303200863368,-0.3960338435637206,-0.006472741081710989,-0.10963429926018327,-0.10963429926018325,304,-0.6888526182745132,-0.2192685985203665,720,-304,672,0,528,1.350947618484497,-3.717176914215088,3.955055458455992,15.642463684082031,-1.2222042682045966,0.0006711700274380285,14.227457046508789,202.4205322265625,1.0805269884765492,23306.26077536866,-7.505389575384182,-7.771476828458578,0.26608725307439585,-0.12154171957054279,0.976464511512028,0.1905718889314368,0.58009992149169
D:\Desktop\proj\gr-lora_sdr\weakPacket_decoding\data\low_snr_gt_bin\0_0_0_10_14_16_extreme_snr\0_0_0_10_14_16_snr_m25dB.bin,-25.0,sto_phase_jump_corrected,continuous,sfo_cum_before,plus,10,13,13,26,34,20661830,20522566,10,4,-25,-0.25404660440359844,-5394.979055434985,-0.3960338435637206,-0.006472741081710989,-0.11610704034189426,-0.11610704034189423,710,-0.7295220499362973,-0.23221408068378846,314,314,982,0,721,-0.4792467951774597,-2.8287525177001953,2.8690622678992277,8.231518745422363,-1.7386225643297286,0.0003478902238562475,11.930937767028809,142.34730529785156,0.10761349800941046,23661.253409706987,-8.021807871509314,-8.153311401766066,0.13150353025675265,-0.12154171957054279,0.976464511512028,0.1905718889314368,0.58009992149169
D:\Desktop\proj\gr-lora_sdr\weakPacket_decoding\data\low_snr_gt_bin\0_0_0_10_14_16_extreme_snr\0_0_0_10_14_16_snr_m25dB.bin,-25.0,sto_phase_jump_corrected,continuous,sfo_cum_before,plus,10,13,13,27,35,20665926,20522566,10,4,-25,-0.25404660440359844,-5553.654910006602,-0.3960338435637206,-0.006472741081710989,-0.12257978142360525,-0.12257978142360526,422,-0.7701914815980817,-0.2451595628472105,602,-422,773,0,206,-4.263442039489746,-4.322084426879883,6.071025598460782,36.85734939575195,-2.349364218842425,0.0015363098840394528,14.304939270019531,204.63128662109375,0.5401983072746176,23990.830091414973,-8.63254952602201,-8.535145975073553,-0.09740355094845832,-0.12154171957054279,0.976464511512028,0.1905718889314368,0.58009992149169
D:\Desktop\proj\gr-lora_sdr\weakPacket_decoding\data\low_snr_gt_bin\0_0_0_10_14_16_extreme_snr\0_0_0_10_14_16_snr_m25dB.bin,-25.0,sto_phase_jump_corrected,continuous,sfo_cum_before,plus,10,13,13,28,36,20670022,20522566,10,4,-25,-0.25404660440359844,-5712.33076457822,-0.3960338435637206,-0.006472741081710989,-0.12905252250531624,-0.12905252250531624,1017,-0.8108609132598659,-0.2581050450106325,7,7,7,1,1,-11.936006546020508,-2.3878793716430664,12.172519055650023,148.1702423095703,-2.9441424711164563,0.0062001742381692735,12.172518730163574,148.1702423095703,0.0013455148506461318,23897.75458202616,-9.227327778296042,-8.91698054838104,-0.31034722991500097,-0.12154171957054279,0.976464511512028,0.1905718889314368,0.58009992149169
D:\Desktop\proj\gr-lora_sdr\weakPacket_decoding\data\low_snr_gt_bin\0_0_0_10_14_16_extreme_snr\0_0_0_10_14_16_snr_m25dB.bin,-25.0,sto_phase_jump_corrected,continuous,sfo_cum_before,plus,10,13,13,29,37,20674119,20522566,10,4,-25,-0.25404660440359844,-5871.045358372145,-0.3960338435637206,-0.006472741081710989,0.11447473641297277,0.11447473641297279,415,0.7192659818732466,0.2289494728259456,610,-414,970,0,39,-8.364407539367676,2.812300682067871,8.824531070317008,77.87236022949219,2.8172442499081933,0.0031813448892572985,12.411375999450684,154.04225158691406,0.040900838393187415,24477.811410026625,-9.74912636445098,-9.298815121688529,-0.45031124276245116,-0.12154171957054279,0.976464511512028,0.1905718889314368,0.58009992149169
D:\Desktop\proj\gr-lora_sdr\weakPacket_decoding\data\low_snr_gt_bin\0_0_0_10_14_16_extreme_snr\0_0_0_10_14_16_snr_m25dB.bin,-25.0,sto_phase_jump_corrected,continuous,sfo_cum_before,plus,10,13,13,30,38,20678215,20522566,10,4,-25,-0.25404660440359844,-6029.721212943761,-0.3960338435637206,-0.006472741081710989,0.10800199533126179,0.10800199533126176,247,0.6785965502114621,0.21600399066252352,778,-246,546,0,185,-6.2017412185668945,1.6782031059265137,6.424792588622063,41.27796173095703,2.8773198788923287,0.0016472249512371167,14.897894859313965,221.947265625,0.9739269750088366,25059.092080869712,-9.689050735466843,-9.680649694996017,-0.008401040470825906,-0.12154171957054279,0.976464511512028,0.1905718889314368,0.58009992149169
D:\Desktop\proj\gr-lora_sdr\weakPacket_decoding\data\low_snr_gt_bin\0_0_0_10_14_16_extreme_snr\0_0_0_10_14_16_snr_m25dB.bin,-25.0,sto_phase_jump_corrected,continuous,sfo_cum_before,plus,10,13,13,31,39,20682311,20522566,10,4,-25,-0.25404660440359844,-6188.397067515379,-0.3960338435637206,-0.006472741081710989,0.1015292542495508,0.10152925424955084,104,0.6379271185496784,0.20305850849910168,921,-103,117,0,2,-7.753854751586914,9.3804349899292,12.170243387418141,148.1148223876953,2.261546839507635,0.00589234495518239,14.039895057678223,197.11868286132812,1.2412926643611246,25136.821335863322,-10.304823774851538,-10.062484268303505,-0.24233950654803316,-0.12154171957054279,0.976464511512028,0.1905718889314368,0.58009992149169
D:\Desktop\proj\gr-lora_sdr\weakPacket_decoding\data\low_snr_gt_bin\0_0_0_10_14_16_extreme_snr\0_0_0_10_14_16_snr_m25dB.bin,-25.0,sto_phase_jump_corrected,continuous,sfo_cum_before,plus,10,13,13,32,40,20686407,20522566,10,4,-25,-0.25404660440359844,-6347.072922086996,-0.3960338435637206,-0.006472741081710989,0.0950565131678398,0.0950565131678398,276,0.5972576868878939,0.1901130263356796,749,-275,167,0,5,0.631912350654602,10.55832290649414,10.577215882107573,111.87750244140625,1.511017944052902,0.004796776805897285,12.719670295715332,161.7900390625,0.5124274981310777,23323.47469322756,-11.05535267030627,-10.444318841610993,-0.6110338286952768,-0.12154171957054279,0.976464511512028,0.1905718889314368,0.58009992149169
D:\Desktop\proj\gr-lora_sdr\weakPacket_decoding\data\low_snr_gt_bin\0_0_0_10_14_16_extreme_snr\0_0_0_10_14_16_snr_m25dB.bin,-25.0,sto_phase_jump_corrected,continuous,sfo_cum_before,plus,10,13,13,33,41,20690503,20522566,10,4,-25,-0.25404660440359844,-6505.748776658613,-0.3960338435637206,-0.006472741081710989,0.08858377208612882,0.08858377208612878,448,0.5565882552261094,0.17716754417225752,577,-447,577,1,1,10.279877662658691,8.669602394104004,13.447597942795694,180.83790588378906,0.7006245461569182,0.00753165349334338,13.44759750366211,180.83790588378906,1.4022577885644538,24010.385773006827,-11.865746068202254,-10.826153414918481,-1.0395926532837727,-0.12154171957054279,0.976464511512028,0.1905718889314368,0.58009992149169
D:\Desktop\proj\gr-lora_sdr\weakPacket_decoding\data\low_snr_gt_bin\0_0_0_10_14_16_extreme_snr\0_0_0_10_14_16_snr_m25dB.bin,-25.0,sto_phase_jump_corrected,continuous,sfo_cum_before,plus,10,13,13,34,42,20694599,20522566,10,4,-25,-0.25404660440359844,-6664.42463123023,-0.3960338435637206,-0.006472741081710989,0.08211103100441783,0.08211103100441786,89,0.5159188235643257,0.1642220620088357,936,-88,1002,0,224,5.161889553070068,2.882089853286743,5.911983227353771,34.951541900634766,0.5092237898826557,0.0014635701986795394,14.70934009552002,216.36465454101562,0.6640421748328694,23881.01502214838,-12.057146824476517,-11.20798798822597,-0.8491588362505471,-0.12154171957054279,0.976464511512028,0.1905718889314368,0.58009992149169
