frame_index,packet_index,event_index,stage,frame_symbol_index,stage_symbol_index,start_sample,sf,bw,os_factor,cfo_int,cfo_frac,cfo_correction_mode,cfo_common_phase_rad,cfo_common_phase_pi,sto_frac,sfo_hat,sfo_cum_before,source_grlora_branch_sample_phases,source_grlora_branch_valid,source_grlora_branch_payload_sto_frac,source_grlora_branch_payload_sto_sample_correction,source_grlora_branch_sfo_hat,source_grlora_branch_sfo_cum_initial,sfo_sample_adjust_after,raw_fft_bin,signed_fft_bin,symbol_value,peak_real,peak_imag,peak_amp,peak_power,peak_phase,peak_margin_db,total_power,header_valid,payload_len,payload_cr,payload_has_crc,payload_ldro
0,4,4,header,0,0,7283503,10,125000.0,4,-27,0.38392945767970926,continuous,-0.0,-0.0,0.04321853439216217,-0.006821834770945327,0.04321853439216217,0|1|2|3,1|1|1|1,-0.464731971120234|-0.24182553533635565|0.04321853439216217|0.17446029723060041,-2|-1|0|1,-0.006821194316128795|-0.006821793627799945|-0.006821834770945327|-0.006821443986242668,0.03526802887976599|0.008174464663644354|0.04321853439216217|-0.07553970276939959,0,337,337,84,-0.05260599032044411,-0.06144735962152481,0.08088985240468459,0.006543167866766453,-2.278829618592427,8.4640022609944,0.13104946230450665,1,33,3,1,0
0,4,4,header,1,1,7287599,10,125000.0,4,-27,0.38392945767970926,continuous,-167.23370336636225,-53.23214108464058,0.04321853439216217,-0.006821834770945327,0.03639669962121684,0|1|2|3,1|1|1|1,-0.464731971120234|-0.24182553533635565|0.04321853439216217|0.17446029723060041,-2|-1|0|1,-0.006821194316128795|-0.006821793627799945|-0.006821834770945327|-0.006821443986242668,0.03526802887976599|0.008174464663644354|0.04321853439216217|-0.07553970276939959,0,689,-335,172,0.08069255203008652,-0.005821829196065664,0.08090229692855687,0.006545182317495346,-0.07202348768641614,8.932284421053357,0.1362387198936561,1,33,3,1,0
0,4,4,header,2,2,7291695,10,125000.0,4,-27,0.38392945767970926,continuous,-334.4674067327245,-106.46428216928116,0.04321853439216217,-0.006821834770945327,0.029574864850271512,0|1|2|3,1|1|1|1,-0.464731971120234|-0.24182553533635565|0.04321853439216217|0.17446029723060041,-2|-1|0|1,-0.006821194316128795|-0.006821793627799945|-0.006821834770945327|-0.006821443986242668,0.03526802887976599|0.008174464663644354|0.04321853439216217|-0.07553970276939959,0,57,57,14,-0.03508820757269859,0.06036148965358734,0.06981899271591445,0.004874691367149353,2.0973532459814663,4.190277333210676,0.2652166596014922,1,33,3,1,0
0,4,4,header,3,3,7295791,10,125000.0,4,-27,0.38392945767970926,continuous,-501.70111009908675,-159.69642325392175,0.04321853439216217,-0.006821834770945327,0.022753030079326185,0|1|2|3,1|1|1|1,-0.464731971120234|-0.24182553533635565|0.04321853439216217|0.17446029723060041,-2|-1|0|1,-0.006821194316128795|-0.006821793627799945|-0.006821834770945327|-0.006821443986242668,0.03526802887976599|0.008174464663644354|0.04321853439216217|-0.07553970276939959,0,81,81,20,-0.06323958188295364,0.065104641020298,0.09076265200572683,0.00823785737156868,2.3416638176761033,7.275621573837352,0.25470750067012915,1,33,3,1,0
0,4,4,header,4,4,7299887,10,125000.0,4,-27,0.38392945767970926,continuous,-668.934813465449,-212.92856433856232,0.04321853439216217,-0.006821834770945327,0.015931195308380858,0|1|2|3,1|1|1|1,-0.464731971120234|-0.24182553533635565|0.04321853439216217|0.17446029723060041,-2|-1|0|1,-0.006821194316128795|-0.006821793627799945|-0.006821834770945327|-0.006821443986242668,0.03526802887976599|0.008174464663644354|0.04321853439216217|-0.07553970276939959,0,689,-335,172,0.0720471441745758,-0.035301025956869125,0.08023062642980959,0.006436954252421856,-0.45559243202512345,7.816260697267069,0.12530322609755729,1,33,3,1,0
0,4,4,header,5,5,7303983,10,125000.0,4,-27,0.38392945767970926,continuous,-836.1685168318113,-266.1607054232029,0.04321853439216217,-0.006821834770945327,0.00910936053743553,0|1|2|3,1|1|1|1,-0.464731971120234|-0.24182553533635565|0.04321853439216217|0.17446029723060041,-2|-1|0|1,-0.006821194316128795|-0.006821793627799945|-0.006821834770945327|-0.006821443986242668,0.03526802887976599|0.008174464663644354|0.04321853439216217|-0.07553970276939959,0,57,57,14,-0.030478859320282936,0.07771315425634384,0.08347631526328825,0.006968294735997915,1.944557859642738,8.545226457532124,0.1302034974565629,1,33,3,1,0
0,4,4,header,6,6,7308079,10,125000.0,4,-27,0.38392945767970926,continuous,-1003.4022201981735,-319.3928465078435,0.04321853439216217,-0.006821834770945327,0.0022875257664902032,0|1|2|3,1|1|1|1,-0.464731971120234|-0.24182553533635565|0.04321853439216217|0.17446029723060041,-2|-1|0|1,-0.006821194316128795|-0.006821793627799945|-0.006821834770945327|-0.006821443986242668,0.03526802887976599|0.008174464663644354|0.04321853439216217|-0.07553970276939959,0,729,-295,182,0.08472784608602524,-0.0239403136074543,0.08804513909353795,0.007751947268843651,-0.27537678373290725,10.224839070283274,0.12801944610928828,1,33,3,1,0
0,4,4,header,7,7,7312175,10,125000.0,4,-27,0.38392945767970926,continuous,-1170.6359235645357,-372.62498759248405,0.04321853439216217,-0.006821834770945327,-0.004534309004455124,0|1|2|3,1|1|1|1,-0.464731971120234|-0.24182553533635565|0.04321853439216217|0.17446029723060041,-2|-1|0|1,-0.006821194316128795|-0.006821793627799945|-0.006821834770945327|-0.006821443986242668,0.03526802887976599|0.008174464663644354|0.04321853439216217|-0.07553970276939959,0,409,409,102,-0.06641263514757156,-0.05706418305635452,0.08756117344538958,0.007666959427297115,-2.431760507636592,10.087332593246485,0.13103802046997526,1,33,3,1,0
0,4,4,payload,8,0,7316271,10,125000.0,4,-27,0.38392945767970926,continuous,-1337.869626930898,-425.85712867712465,0.04321853439216217,-0.006821834770945327,-0.011356143775400451,0|1|2|3,1|1|1|1,-0.464731971120234|-0.24182553533635565|0.04321853439216217|0.17446029723060041,-2|-1|0|1,-0.006821194316128795|-0.006821793627799945|-0.006821834770945327|-0.006821443986242668,0.03526802887976599|0.008174464663644354|0.04321853439216217|-0.07553970276939959,0,803,-221,802,0.08323007076978683,-0.02972661517560482,0.08837938860470931,0.007810915354639292,-0.34304088188330273,9.439140332423833,0.1339383171248727,1,33,3,1,0
0,4,4,payload,9,1,7320367,10,125000.0,4,-27,0.38392945767970926,continuous,-1505.1033302972603,-479.08926976176525,0.04321853439216217,-0.006821834770945327,-0.01817797854634578,0|1|2|3,1|1|1|1,-0.464731971120234|-0.24182553533635565|0.04321853439216217|0.17446029723060041,-2|-1|0|1,-0.006821194316128795|-0.006821793627799945|-0.006821834770945327|-0.006821443986242668,0.03526802887976599|0.008174464663644354|0.04321853439216217|-0.07553970276939959,0,711,-313,710,0.04548124969005585,-0.06760727614164352,0.08148182533952984,0.006639288272708654,-0.9786097369081371,10.160036594083472,0.12811387012357045,1,33,3,1,0
0,4,4,payload,10,2,7324463,10,125000.0,4,-27,0.38392945767970926,continuous,-1672.3370336636226,-532.3214108464058,0.04321853439216217,-0.006821834770945327,-0.024999813317291106,0|1|2|3,1|1|1|1,-0.464731971120234|-0.24182553533635565|0.04321853439216217|0.17446029723060041,-2|-1|0|1,-0.006821194316128795|-0.006821793627799945|-0.006821834770945327|-0.006821443986242668,0.03526802887976599|0.008174464663644354|0.04321853439216217|-0.07553970276939959,0,922,-102,921,0.06442558765411377,0.018718017265200615,0.06708964536288924,0.004501020535826683,0.2827526969186899,6.962620313142538,0.13397455996176788,1,33,3,1,0
0,4,4,payload,11,3,7328559,10,125000.0,4,-27,0.38392945767970926,continuous,-1839.5707370299847,-585.5535519310464,0.04321853439216217,-0.006821834770945327,-0.03182164808823643,0|1|2|3,1|1|1|1,-0.464731971120234|-0.24182553533635565|0.04321853439216217|0.17446029723060041,-2|-1|0|1,-0.006821194316128795|-0.006821793627799945|-0.006821834770945327|-0.006821443986242668,0.03526802887976599|0.008174464663644354|0.04321853439216217|-0.07553970276939959,0,718,-306,717,0.02915431745350361,-0.08424109220504761,0.08914334435098897,0.00794653594493866,-1.2376162727580382,8.161772630293624,0.13368843716236256,1,33,3,1,0
0,4,4,payload,12,4,7332655,10,125000.0,4,-27,0.38392945767970926,continuous,-2006.804440396347,-638.785693015687,0.04321853439216217,-0.006821834770945327,-0.03864348285918176,0|1|2|3,1|1|1|1,-0.464731971120234|-0.24182553533635565|0.04321853439216217|0.17446029723060041,-2|-1|0|1,-0.006821194316128795|-0.006821793627799945|-0.006821834770945327|-0.006821443986242668,0.03526802887976599|0.008174464663644354|0.04321853439216217|-0.07553970276939959,0,756,-268,755,0.042488060891628265,-0.07550683617591858,0.08664016174746973,0.00750651815906167,-1.0582512874957823,8.936869591617949,0.13056020725858275,1,33,3,1,0
0,4,4,payload,13,5,7336751,10,125000.0,4,-27,0.38392945767970926,continuous,-2174.0381437627093,-692.0178341003276,0.04321853439216217,-0.006821834770945327,-0.04546531763012709,0|1|2|3,1|1|1|1,-0.464731971120234|-0.24182553533635565|0.04321853439216217|0.17446029723060041,-2|-1|0|1,-0.006821194316128795|-0.006821793627799945|-0.006821834770945327|-0.006821443986242668,0.03526802887976599|0.008174464663644354|0.04321853439216217|-0.07553970276939959,0,109,109,108,0.034251101315021515,0.08292245119810104,0.08971772876078238,0.008049270138144493,1.179090992815858,9.490106333931873,0.12926216213681513,1,33,3,1,0
0,4,4,payload,14,6,7340847,10,125000.0,4,-27,0.38392945767970926,continuous,-2341.2718471290714,-745.2499751849681,0.04321853439216217,-0.006821834770945327,-0.052287152401072415,0|1|2|3,1|1|1|1,-0.464731971120234|-0.24182553533635565|0.04321853439216217|0.17446029723060041,-2|-1|0|1,-0.006821194316128795|-0.006821793627799945|-0.006821834770945327|-0.006821443986242668,0.03526802887976599|0.008174464663644354|0.04321853439216217|-0.07553970276939959,0,932,-92,931,0.05209635943174362,-0.018771393224596977,0.0553750473555903,0.003066396340727806,-0.3458393983580736,3.475098109622878,0.20198232349591194,1,33,3,1,0
0,4,4,payload,15,7,7344943,10,125000.0,4,-27,0.38392945767970926,continuous,-2508.505550495434,-798.4821162696088,0.04321853439216217,-0.006821834770945327,-0.05910898717201774,0|1|2|3,1|1|1|1,-0.464731971120234|-0.24182553533635565|0.04321853439216217|0.17446029723060041,-2|-1|0|1,-0.006821194316128795|-0.006821793627799945|-0.006821834770945327|-0.006821443986242668,0.03526802887976599|0.008174464663644354|0.04321853439216217|-0.07553970276939959,0,468,468,467,-0.08863352984189987,0.020489519461989403,0.09097100098393003,0.008275723084807396,2.914412194132011,6.948088267075844,0.28922116340018533,1,33,3,1,0
0,4,4,payload,16,8,7349039,10,125000.0,4,-27,0.38392945767970926,continuous,-2675.739253861796,-851.7142573542493,0.04321853439216217,-0.006821834770945327,-0.06593082194296307,0|1|2|3,1|1|1|1,-0.464731971120234|-0.24182553533635565|0.04321853439216217|0.17446029723060041,-2|-1|0|1,-0.006821194316128795|-0.006821793627799945|-0.006821834770945327|-0.006821443986242668,0.03526802887976599|0.008174464663644354|0.04321853439216217|-0.07553970276939959,0,89,89,88,0.05654434114694595,0.054455965757369995,0.07850295995890894,0.006162714678794146,0.766586242138814,7.857145699128346,0.18383948537049832,1,33,3,1,0
0,4,4,payload,17,9,7353135,10,125000.0,4,-27,0.38392945767970926,continuous,-2842.972957228158,-904.9463984388898,0.04321853439216217,-0.006821834770945327,-0.0727526567139084,0|1|2|3,1|1|1|1,-0.464731971120234|-0.24182553533635565|0.04321853439216217|0.17446029723060041,-2|-1|0|1,-0.006821194316128795|-0.006821793627799945|-0.006821834770945327|-0.006821443986242668,0.03526802887976599|0.008174464663644354|0.04321853439216217|-0.07553970276939959,0,713,-311,712,-0.05342274159193039,-0.06933491677045822,0.08752896664970139,0.007661319803446531,-2.227290565222088,9.821715227538807,0.12853161116197498,1,33,3,1,0
0,4,4,payload,18,10,7357231,10,125000.0,4,-27,0.38392945767970926,continuous,-3010.2066605945206,-958.1785395235305,0.04321853439216217,-0.006821834770945327,-0.07957449148485374,0|1|2|3,1|1|1|1,-0.464731971120234|-0.24182553533635565|0.04321853439216217|0.17446029723060041,-2|-1|0|1,-0.006821194316128795|-0.006821793627799945|-0.006821834770945327|-0.006821443986242668,0.03526802887976599|0.008174464663644354|0.04321853439216217|-0.07553970276939959,0,865,-159,864,-0.0016817711293697357,-0.0759369358420372,0.07595555660522313,0.005769246257841587,-1.5929396517688414,8.137846317478491,0.13069371460163648,1,33,3,1,0
0,4,4,payload,19,11,7361327,10,125000.0,4,-27,0.38392945767970926,continuous,-3177.4403639608827,-1011.410680608171,0.04321853439216217,-0.006821834770945327,-0.08639632625579907,0|1|2|3,1|1|1|1,-0.464731971120234|-0.24182553533635565|0.04321853439216217|0.17446029723060041,-2|-1|0|1,-0.006821194316128795|-0.006821793627799945|-0.006821834770945327|-0.006821443986242668,0.03526802887976599|0.008174464663644354|0.04321853439216217|-0.07553970276939959,0,92,92,91,0.06689473241567612,0.0013838389422744513,0.06690904449462019,0.0044768201187253,0.020683864647937835,7.330719429098412,0.12784873928120533,1,33,3,1,0
0,4,4,payload,20,12,7365423,10,125000.0,4,-27,0.38392945767970926,continuous,-3344.674067327245,-1064.6428216928116,0.04321853439216217,-0.006821834770945327,-0.0932181610267444,0|1|2|3,1|1|1|1,-0.464731971120234|-0.24182553533635565|0.04321853439216217|0.17446029723060041,-2|-1|0|1,-0.006821194316128795|-0.006821793627799945|-0.006821834770945327|-0.006821443986242668,0.03526802887976599|0.008174464663644354|0.04321853439216217|-0.07553970276939959,0,645,-379,644,-0.06746242195367813,-0.003911395091563463,0.06757571595934755,0.004566478542983532,-3.0836786176831854,6.626930738982163,0.13434937784873924,1,33,3,1,0
0,4,4,payload,21,13,7369519,10,125000.0,4,-27,0.38392945767970926,continuous,-3511.9077706936073,-1117.8749627774523,0.04321853439216217,-0.006821834770945327,-0.10003999579768974,0|1|2|3,1|1|1|1,-0.464731971120234|-0.24182553533635565|0.04321853439216217|0.17446029723060041,-2|-1|0|1,-0.006821194316128795|-0.006821793627799945|-0.006821834770945327|-0.006821443986242668,0.03526802887976599|0.008174464663644354|0.04321853439216217|-0.07553970276939959,0,426,426,425,-0.010589092038571835,0.09016053378582001,0.09078023310581074,0.008241049945354462,1.6877078247691604,9.806847569096254,0.13305611690043406,1,33,3,1,0
0,4,4,payload,22,14,7373615,10,125000.0,4,-27,0.38392945767970926,continuous,-3679.1414740599694,-1171.1071038620928,0.04321853439216217,-0.006821834770945327,-0.10686183056863507,0|1|2|3,1|1|1|1,-0.464731971120234|-0.24182553533635565|0.04321853439216217|0.17446029723060041,-2|-1|0|1,-0.006821194316128795|-0.006821793627799945|-0.006821834770945327|-0.006821443986242668,0.03526802887976599|0.008174464663644354|0.04321853439216217|-0.07553970276939959,0,765,-259,764,-0.07242283970117569,-0.02803465723991394,0.07765957582257096,0.0060310098342597485,-2.7722588804714796,6.848737594708009,0.12714773693375037,1,33,3,1,0
0,4,4,payload,23,15,7377711,10,125000.0,4,-27,0.38392945767970926,continuous,-3846.375177426332,-1224.3392449467335,0.04321853439216217,-0.006821834770945327,-0.11368366533958041,0|1|2|3,1|1|1|1,-0.464731971120234|-0.24182553533635565|0.04321853439216217|0.17446029723060041,-2|-1|0|1,-0.006821194316128795|-0.006821793627799945|-0.006821834770945327|-0.006821443986242668,0.03526802887976599|0.008174464663644354|0.04321853439216217|-0.07553970276939959,0,1023,-1,1022,0.01149081252515316,-0.06940709799528122,0.07035185871471192,0.004949384368956089,-1.4067277769516884,7.166020574803436,0.13251535104615186,1,33,3,1,0
0,4,4,payload,24,16,7381807,10,125000.0,4,-27,0.38392945767970926,continuous,-4013.608880792694,-1277.571386031374,0.04321853439216217,-0.006821834770945327,-0.12050550011052574,0|1|2|3,1|1|1|1,-0.464731971120234|-0.24182553533635565|0.04321853439216217|0.17446029723060041,-2|-1|0|1,-0.006821194316128795|-0.006821793627799945|-0.006821834770945327|-0.006821443986242668,0.03526802887976599|0.008174464663644354|0.04321853439216217|-0.07553970276939959,0,597,-427,596,-0.04432746395468712,0.06731739640235901,0.0806012153695366,0.006496556103229523,2.1531129610878077,8.123290534679564,0.12856690009115823,1,33,3,1,0
0,4,4,payload,25,17,7385903,10,125000.0,4,-27,0.38392945767970926,continuous,-4180.842584159056,-1330.8035271160145,0.04321853439216217,-0.006821834770945327,-0.12732733488147108,0|1|2|3,1|1|1|1,-0.464731971120234|-0.24182553533635565|0.04321853439216217|0.17446029723060041,-2|-1|0|1,-0.006821194316128795|-0.006821793627799945|-0.006821834770945327|-0.006821443986242668,0.03526802887976599|0.008174464663644354|0.04321853439216217|-0.07553970276939959,1,562,-462,561,-0.012354101985692978,0.07256537675857544,0.07360949490376159,0.005418357439339161,1.7394273973299534,7.8356855948335005,0.12742718518332907,1,33,3,1,0
0,4,4,payload,26,18,7390000,10,125000.0,4,-27,0.38392945767970926,continuous,-4348.11711606628,-1384.0486643288498,0.04321853439216217,-0.006821834770945327,0.11585083034758359,0|1|2|3,1|1|1|1,-0.464731971120234|-0.24182553533635565|0.04321853439216217|0.17446029723060041,-2|-1|0|1,-0.006821194316128795|-0.006821793627799945|-0.006821834770945327|-0.006821443986242668,0.03526802887976599|0.008174464663644354|0.04321853439216217|-0.07553970276939959,0,827,-197,826,-0.07424689829349518,0.017669297754764557,0.07632041659576515,0.005824807099997997,2.9079582649550386,9.171912916634819,0.12832179680677314,1,33,3,1,0
0,4,4,payload,27,19,7394096,10,125000.0,4,-27,0.38392945767970926,continuous,-4515.350819432641,-1437.28080541349,0.04321853439216217,-0.006821834770945327,0.10902899557663825,0|1|2|3,1|1|1|1,-0.464731971120234|-0.24182553533635565|0.04321853439216217|0.17446029723060041,-2|-1|0|1,-0.006821194316128795|-0.006821793627799945|-0.006821834770945327|-0.006821443986242668,0.03526802887976599|0.008174464663644354|0.04321853439216217|-0.07553970276939959,0,890,-134,889,-0.09338384121656418,0.006546548567712307,0.0936130284656462,0.008763398975133896,3.071603503341063,7.18733796880949,0.272152214683274,1,33,3,1,0
0,4,4,payload,28,20,7398192,10,125000.0,4,-27,0.38392945767970926,continuous,-4682.584522799004,-1490.5129464981308,0.04321853439216217,-0.006821834770945327,0.10220716080569292,0|1|2|3,1|1|1|1,-0.464731971120234|-0.24182553533635565|0.04321853439216217|0.17446029723060041,-2|-1|0|1,-0.006821194316128795|-0.006821793627799945|-0.006821834770945327|-0.006821443986242668,0.03526802887976599|0.008174464663644354|0.04321853439216217|-0.07553970276939959,0,174,174,173,0.004300972912460566,-0.06932789832353592,0.06946118235354372,0.0048248558305203915,-1.5088376065201494,3.702423673232,0.2705022582668448,1,33,3,1,0
0,4,4,payload,29,21,7402288,10,125000.0,4,-27,0.38392945767970926,continuous,-4849.8182261653665,-1543.7450875827715,0.04321853439216217,-0.006821834770945327,0.09538532603474759,0|1|2|3,1|1|1|1,-0.464731971120234|-0.24182553533635565|0.04321853439216217|0.17446029723060041,-2|-1|0|1,-0.006821194316128795|-0.006821793627799945|-0.006821834770945327|-0.006821443986242668,0.03526802887976599|0.008174464663644354|0.04321853439216217|-0.07553970276939959,0,267,267,266,0.03391892835497856,-0.07650070637464523,0.08368304354270258,0.00700285192579031,-1.1534607208810925,8.910163191219134,0.1255159106703836,1,33,3,1,0
0,4,4,payload,30,22,7406384,10,125000.0,4,-27,0.38392945767970926,continuous,-5017.051929531728,-1596.9772286674117,0.04321853439216217,-0.006821834770945327,0.08856349126380225,0|1|2|3,1|1|1|1,-0.464731971120234|-0.24182553533635565|0.04321853439216217|0.17446029723060041,-2|-1|0|1,-0.006821194316128795|-0.006821793627799945|-0.006821834770945327|-0.006821443986242668,0.03526802887976599|0.008174464663644354|0.04321853439216217|-0.07553970276939959,0,917,-107,916,-0.07489081472158432,0.028133824467658997,0.0800009138000293,0.006400146521627903,2.7822394884739063,8.898260352217411,0.126207369051059,1,33,3,1,0
0,4,4,payload,31,23,7410480,10,125000.0,4,-27,0.38392945767970926,continuous,-5184.285632898091,-1650.2093697520525,0.04321853439216217,-0.006821834770945327,0.08174165649285692,0|1|2|3,1|1|1|1,-0.464731971120234|-0.24182553533635565|0.04321853439216217|0.17446029723060041,-2|-1|0|1,-0.006821194316128795|-0.006821793627799945|-0.006821834770945327|-0.006821443986242668,0.03526802887976599|0.008174464663644354|0.04321853439216217|-0.07553970276939959,0,656,-368,655,0.07154685258865356,0.05830773711204529,0.09229704395304275,0.008518743328750134,0.6837958389404043,10.102670088055529,0.13539466076094442,1,33,3,1,0
0,4,4,payload,32,24,7414576,10,125000.0,4,-27,0.38392945767970926,continuous,-5351.519336264453,-1703.4415108366932,0.04321853439216217,-0.006821834770945327,0.07491982172191158,0|1|2|3,1|1|1|1,-0.464731971120234|-0.24182553533635565|0.04321853439216217|0.17446029723060041,-2|-1|0|1,-0.006821194316128795|-0.006821793627799945|-0.006821834770945327|-0.006821443986242668,0.03526802887976599|0.008174464663644354|0.04321853439216217|-0.07553970276939959,0,889,-135,888,-0.01838637702167034,0.0670962855219841,0.069569895722436,0.004839970264583826,1.838260262050798,6.8455084596177525,0.13359115361385143,1,33,3,1,0
0,4,4,payload,33,25,7418672,10,125000.0,4,-27,0.38392945767970926,continuous,-5518.753039630815,-1756.6736519213334,0.04321853439216217,-0.006821834770945327,0.06809798695096625,0|1|2|3,1|1|1|1,-0.464731971120234|-0.24182553533635565|0.04321853439216217|0.17446029723060041,-2|-1|0|1,-0.006821194316128795|-0.006821793627799945|-0.006821834770945327|-0.006821443986242668,0.03526802887976599|0.008174464663644354|0.04321853439216217|-0.07553970276939959,0,66,66,65,-0.0636330246925354,0.015427031554281712,0.06547637080731968,0.004287154413759708,2.903744202552516,7.09721783984988,0.12620545483782664,1,33,3,1,0
0,4,4,payload,34,26,7422768,10,125000.0,4,-27,0.38392945767970926,continuous,-5685.986742997177,-1809.9057930059741,0.04321853439216217,-0.006821834770945327,0.06127615218002092,0|1|2|3,1|1|1|1,-0.464731971120234|-0.24182553533635565|0.04321853439216217|0.17446029723060041,-2|-1|0|1,-0.006821194316128795|-0.006821793627799945|-0.006821834770945327|-0.006821443986242668,0.03526802887976599|0.008174464663644354|0.04321853439216217|-0.07553970276939959,0,586,-438,585,0.07745631039142609,-0.04601737856864929,0.0900948342014309,0.008117078803479671,-0.5360755489294659,9.141971476579982,0.1350503643319776,1,33,3,1,0
0,4,4,payload,35,27,7426864,10,125000.0,4,-27,0.38392945767970926,continuous,-5853.22044636354,-1863.1379340906149,0.04321853439216217,-0.006821834770945327,0.054454317409075595,0|1|2|3,1|1|1|1,-0.464731971120234|-0.24182553533635565|0.04321853439216217|0.17446029723060041,-2|-1|0|1,-0.006821194316128795|-0.006821793627799945|-0.006821834770945327|-0.006821443986242668,0.03526802887976599|0.008174464663644354|0.04321853439216217|-0.07553970276939959,0,425,425,424,0.004158613737672567,-0.07485353201627731,0.0749689624013232,0.00562034547328949,-1.5152967003971631,7.262040500963453,0.13319058809162243,1,33,3,1,0
0,4,4,payload,36,28,7430960,10,125000.0,4,-27,0.38392945767970926,continuous,-6020.4541497299015,-1916.3700751752554,0.04321853439216217,-0.006821834770945327,0.04763248263813027,0|1|2|3,1|1|1|1,-0.464731971120234|-0.24182553533635565|0.04321853439216217|0.17446029723060041,-2|-1|0|1,-0.006821194316128795|-0.006821793627799945|-0.006821834770945327|-0.006821443986242668,0.03526802887976599|0.008174464663644354|0.04321853439216217|-0.07553970276939959,0,860,-164,859,0.07039535045623779,0.038090337067842484,0.08003985971875759,0.006406378000974655,0.49597807780458886,9.314686207815754,0.1300556762348961,1,33,3,1,0
0,4,4,payload,37,29,7435056,10,125000.0,4,-27,0.38392945767970926,continuous,-6187.687853096264,-1969.6022162598958,0.04321853439216217,-0.006821834770945327,0.04081064786718494,0|1|2|3,1|1|1|1,-0.464731971120234|-0.24182553533635565|0.04321853439216217|0.17446029723060041,-2|-1|0|1,-0.006821194316128795|-0.006821793627799945|-0.006821834770945327|-0.006821443986242668,0.03526802887976599|0.008174464663644354|0.04321853439216217|-0.07553970276939959,0,553,-471,552,0.001191679504700005,-0.07268016785383224,0.07268993671274691,0.00528382696211338,-1.5544015829685598,8.659638829778217,0.13176762490417104,1,33,3,1,0
0,4,4,payload,38,30,7439152,10,125000.0,4,-27,0.38392945767970926,continuous,-6354.9215564626265,-2022.8343573445366,0.04321853439216217,-0.006821834770945327,0.03398881309623961,0|1|2|3,1|1|1|1,-0.464731971120234|-0.24182553533635565|0.04321853439216217|0.17446029723060041,-2|-1|0|1,-0.006821194316128795|-0.006821793627799945|-0.006821834770945327|-0.006821443986242668,0.03526802887976599|0.008174464663644354|0.04321853439216217|-0.07553970276939959,0,629,-395,628,0.013976499438285828,-0.09106919169425964,0.09213544492970234,0.008488940075039864,-1.4185132894080537,9.940832759717976,0.14387715307184124,1,33,3,1,0
0,4,4,payload,39,31,7443248,10,125000.0,4,-27,0.38392945767970926,continuous,-6522.155259828989,-2076.066498429177,0.04321853439216217,-0.006821834770945327,0.027166978325294286,0|1|2|3,1|1|1|1,-0.464731971120234|-0.24182553533635565|0.04321853439216217|0.17446029723060041,-2|-1|0|1,-0.006821194316128795|-0.006821793627799945|-0.006821834770945327|-0.006821443986242668,0.03526802887976599|0.008174464663644354|0.04321853439216217|-0.07553970276939959,0,759,-265,758,0.05582670494914055,-0.050303179770708084,0.07514672900747289,0.005647030659019947,-0.7334001221940084,7.3288356376597825,0.19936910374732975,1,33,3,1,0
0,4,4,payload,40,32,7447344,10,125000.0,4,-27,0.38392945767970926,continuous,-6689.388963195351,-2129.2986395138178,0.04321853439216217,-0.006821834770945327,0.02034514355434896,0|1|2|3,1|1|1|1,-0.464731971120234|-0.24182553533635565|0.04321853439216217|0.17446029723060041,-2|-1|0|1,-0.006821194316128795|-0.006821793627799945|-0.006821834770945327|-0.006821443986242668,0.03526802887976599|0.008174464663644354|0.04321853439216217|-0.07553970276939959,0,494,494,493,-0.0743294283747673,-0.01531167235225439,0.07589012605565004,0.005759310908615589,-2.9384370266379047,5.1610084178134565,0.2977694373102935,1,33,3,1,0
0,4,4,payload,41,33,7451440,10,125000.0,4,-27,0.38392945767970926,continuous,-6856.622666561713,-2182.5307805984585,0.04321853439216217,-0.006821834770945327,0.013523308783403631,0|1|2|3,1|1|1|1,-0.464731971120234|-0.24182553533635565|0.04321853439216217|0.17446029723060041,-2|-1|0|1,-0.006821194316128795|-0.006821793627799945|-0.006821834770945327|-0.006821443986242668,0.03526802887976599|0.008174464663644354|0.04321853439216217|-0.07553970276939959,0,303,303,302,-0.02207030914723873,0.07796845585107803,0.08103196069240948,0.006566178984940052,1.8466469329620452,7.518819614408,0.18631823598501285,1,33,3,1,0
0,4,4,payload,42,34,7455536,10,125000.0,4,-27,0.38392945767970926,continuous,-7023.856369928076,-2235.762921683099,0.04321853439216217,-0.006821834770945327,0.006701474012458304,0|1|2|3,1|1|1|1,-0.464731971120234|-0.24182553533635565|0.04321853439216217|0.17446029723060041,-2|-1|0|1,-0.006821194316128795|-0.006821793627799945|-0.006821834770945327|-0.006821443986242668,0.03526802887976599|0.008174464663644354|0.04321853439216217|-0.07553970276939959,0,1022,-2,1021,0.07584129273891449,-0.024555189535021782,0.07971736960920478,0.006354860030114651,-0.31311965089503363,9.05002106732588,0.1314309521797412,1,33,3,1,0
0,4,4,payload,43,35,7459632,10,125000.0,4,-27,0.38392945767970926,continuous,-7191.090073294437,-2288.9950627677395,0.04321853439216217,-0.006821834770945327,-0.0001203607584870231,0|1|2|3,1|1|1|1,-0.464731971120234|-0.24182553533635565|0.04321853439216217|0.17446029723060041,-2|-1|0|1,-0.006821194316128795|-0.006821793627799945|-0.006821834770945327|-0.006821443986242668,0.03526802887976599|0.008174464663644354|0.04321853439216217|-0.07553970276939959,0,720,-304,719,-0.06846017390489578,-0.04454552009701729,0.08167679457350382,0.006671098992228508,-2.5647410467262732,8.853783568126028,0.12742528217333415,1,33,3,1,0
0,4,4,payload,44,36,7463728,10,125000.0,4,-27,0.38392945767970926,continuous,-7358.3237766608,-2342.22720385238,0.04321853439216217,-0.006821834770945327,-0.00694219552943235,0|1|2|3,1|1|1|1,-0.464731971120234|-0.24182553533635565|0.04321853439216217|0.17446029723060041,-2|-1|0|1,-0.006821194316128795|-0.006821793627799945|-0.006821834770945327|-0.006821443986242668,0.03526802887976599|0.008174464663644354|0.04321853439216217|-0.07553970276939959,0,314,314,313,0.039429355412721634,0.06134006753563881,0.07291966781012822,0.005317277740687132,0.9994997426553442,7.143434373401481,0.13338992025373386,1,33,3,1,0
0,4,4,payload,45,37,7467824,10,125000.0,4,-27,0.38392945767970926,continuous,-7525.5574800271625,-2395.459344937021,0.04321853439216217,-0.006821834770945327,-0.013764030300377678,0|1|2|3,1|1|1|1,-0.464731971120234|-0.24182553533635565|0.04321853439216217|0.17446029723060041,-2|-1|0|1,-0.006821194316128795|-0.006821793627799945|-0.006821834770945327|-0.006821443986242668,0.03526802887976599|0.008174464663644354|0.04321853439216217|-0.07553970276939959,0,602,-422,601,-0.06016530841588974,0.05974438786506653,0.08478948176602238,0.007189256604760885,2.3597047886501707,9.365697485131065,0.1372029406470574,1,33,3,1,0
0,4,4,payload,46,38,7471920,10,125000.0,4,-27,0.38392945767970926,continuous,-7692.791183393524,-2448.691486021661,0.04321853439216217,-0.006821834770945327,-0.020585865071323005,0|1|2|3,1|1|1|1,-0.464731971120234|-0.24182553533635565|0.04321853439216217|0.17446029723060041,-2|-1|0|1,-0.006821194316128795|-0.006821793627799945|-0.006821834770945327|-0.006821443986242668,0.03526802887976599|0.008174464663644354|0.04321853439216217|-0.07553970276939959,0,7,7,6,-0.007171916775405407,-0.06317371129989624,0.0635795107690833,0.004042353946715593,-1.6838392572153735,5.063160628307315,0.13778472554145083,1,33,3,1,0
0,4,4,payload,47,39,7476016,10,125000.0,4,-27,0.38392945767970926,continuous,-7860.024886759887,-2501.923627106302,0.04321853439216217,-0.006821834770945327,-0.027407699842268332,0|1|2|3,1|1|1|1,-0.464731971120234|-0.24182553533635565|0.04321853439216217|0.17446029723060041,-2|-1|0|1,-0.006821194316128795|-0.006821793627799945|-0.006821834770945327|-0.006821443986242668,0.03526802887976599|0.008174464663644354|0.04321853439216217|-0.07553970276939959,0,414,414,413,0.07327330857515335,0.0383610837161541,0.08270762052814375,0.006840550806373358,0.48229723248484285,8.65443262900556,0.13137849768737908,1,33,3,1,0
0,4,4,payload,48,40,7480112,10,125000.0,4,-27,0.38392945767970926,continuous,-8027.258590126249,-2555.1557681909426,0.04321853439216217,-0.006821834770945327,-0.03422953461321366,0|1|2|3,1|1|1|1,-0.464731971120234|-0.24182553533635565|0.04321853439216217|0.17446029723060041,-2|-1|0|1,-0.006821194316128795|-0.006821793627799945|-0.006821834770945327|-0.006821443986242668,0.03526802887976599|0.008174464663644354|0.04321853439216217|-0.07553970276939959,0,807,-217,806,-0.05708153173327446,0.037197794765233994,0.0681320570687051,0.00464197713881731,2.564050819893946,6.4635611306998975,0.13216724130718838,1,33,3,1,0
0,4,4,payload,49,41,7484208,10,125000.0,4,-27,0.38392945767970926,continuous,-8194.49229349261,-2608.387909275583,0.04321853439216217,-0.006821834770945327,-0.04105136938415899,0|1|2|3,1|1|1|1,-0.464731971120234|-0.24182553533635565|0.04321853439216217|0.17446029723060041,-2|-1|0|1,-0.006821194316128795|-0.006821793627799945|-0.006821834770945327|-0.006821443986242668,0.03526802887976599|0.008174464663644354|0.04321853439216217|-0.07553970276939959,0,195,195,194,0.0038942075334489346,-0.0845274105668068,0.08461706677404442,0.007160048466175795,-1.5247585280703997,9.775420133154993,0.1253528219023643,1,33,3,1,0
0,4,4,payload,50,42,7488304,10,125000.0,4,-27,0.38392945767970926,continuous,-8361.725996858973,-2661.6200503602236,0.04321853439216217,-0.006821834770945327,-0.047873204155104314,0|1|2|3,1|1|1|1,-0.464731971120234|-0.24182553533635565|0.04321853439216217|0.17446029723060041,-2|-1|0|1,-0.006821194316128795|-0.006821793627799945|-0.006821834770945327|-0.006821443986242668,0.03526802887976599|0.008174464663644354|0.04321853439216217|-0.07553970276939959,0,826,-198,825,-0.028575953096151352,0.06643406301736832,0.07231922167964135,0.005230070091784,1.977012598971443,7.542557982097813,0.12475769626584565,1,33,3,1,0
0,4,4,payload,51,43,7492400,10,125000.0,4,-27,0.38392945767970926,continuous,-8528.959700225336,-2714.8521914448643,0.04321853439216217,-0.006821834770945327,-0.05469503892604964,0|1|2|3,1|1|1|1,-0.464731971120234|-0.24182553533635565|0.04321853439216217|0.17446029723060041,-2|-1|0|1,-0.006821194316128795|-0.006821793627799945|-0.006821834770945327|-0.006821443986242668,0.03526802887976599|0.008174464663644354|0.04321853439216217|-0.07553970276939959,0,928,-96,927,-0.03319372981786728,0.06967718154191971,0.07717987643710766,0.005956733599305153,2.0153807091961644,8.639645852425446,0.13163695781284446,1,33,3,1,0
0,4,4,payload,52,44,7496496,10,125000.0,4,-27,0.38392945767970926,continuous,-8696.193403591698,-2768.084332529505,0.04321853439216217,-0.006821834770945327,-0.06151687369699497,0|1|2|3,1|1|1|1,-0.464731971120234|-0.24182553533635565|0.04321853439216217|0.17446029723060041,-2|-1|0|1,-0.006821194316128795|-0.006821793627799945|-0.006821834770945327|-0.006821443986242668,0.03526802887976599|0.008174464663644354|0.04321853439216217|-0.07553970276939959,0,761,-263,760,0.051258210092782974,0.02331998012959957,0.05631363578353645,0.0031712253112345934,0.42696364456111324,3.3684243782670125,0.26649277727950604,1,33,3,1,0
0,4,4,payload,53,45,7500592,10,125000.0,4,-27,0.38392945767970926,continuous,-8863.42710695806,-2821.3164736141457,0.04321853439216217,-0.006821834770945327,-0.0683387084679403,0|1|2|3,1|1|1|1,-0.464731971120234|-0.24182553533635565|0.04321853439216217|0.17446029723060041,-2|-1|0|1,-0.006821194316128795|-0.006821793627799945|-0.006821834770945327|-0.006821443986242668,0.03526802887976599|0.008174464663644354|0.04321853439216217|-0.07553970276939959,0,590,-434,589,0.07295485585927963,-0.06141972169280052,0.09536662522218839,0.00909479334950447,-0.6997649677478648,7.150403482126181,0.265602944599479,1,33,3,1,0
0,4,4,payload,54,46,7504688,10,125000.0,4,-27,0.38392945767970926,continuous,-9030.660810324422,-2874.5486146987855,0.04321853439216217,-0.006821834770945327,-0.07516054323888563,0|1|2|3,1|1|1|1,-0.464731971120234|-0.24182553533635565|0.04321853439216217|0.17446029723060041,-2|-1|0|1,-0.006821194316128795|-0.006821793627799945|-0.006821834770945327|-0.006821443986242668,0.03526802887976599|0.008174464663644354|0.04321853439216217|-0.07553970276939959,0,383,383,382,-0.05199190974235535,-0.05863232910633087,0.07836395022642949,0.0061409082263708115,-2.2962396285145967,7.565808098186925,0.13259355724594002,1,33,3,1,0
0,4,4,payload,55,47,7508784,10,125000.0,4,-27,0.38392945767970926,continuous,-9197.894513690784,-2927.7807557834262,0.04321853439216217,-0.006821834770945327,-0.08198237800983096,0|1|2|3,1|1|1|1,-0.464731971120234|-0.24182553533635565|0.04321853439216217|0.17446029723060041,-2|-1|0|1,-0.006821194316128795|-0.006821793627799945|-0.006821834770945327|-0.006821443986242668,0.03526802887976599|0.008174464663644354|0.04321853439216217|-0.07553970276939959,0,267,267,266,-0.06933916360139847,0.045841578394174576,0.08312261977711455,0.006909369491040707,2.5574391786057045,9.703371177258113,0.1301224358283548,1,33,3,1,0
0,4,4,payload,56,48,7512880,10,125000.0,4,-27,0.38392945767970926,continuous,-9365.128217057147,-2981.012896868067,0.04321853439216217,-0.006821834770945327,-0.0888042127807763,0|1|2|3,1|1|1|1,-0.464731971120234|-0.24182553533635565|0.04321853439216217|0.17446029723060041,-2|-1|0|1,-0.006821194316128795|-0.006821793627799945|-0.006821834770945327|-0.006821443986242668,0.03526802887976599|0.008174464663644354|0.04321853439216217|-0.07553970276939959,0,314,314,313,-0.05922640487551689,0.056748032569885254,0.08202503419707552,0.006728106644004583,2.3775612257609335,8.43485410909834,0.13539085195426992,1,33,3,1,0
1,5,5,header,0,0,8783870,10,125000.0,4,-27,0.3714773104614319,continuous,-0.0,-0.0,-0.06217088705603968,-0.0068250263198530265,-0.06217088705603968,0|1|2|3,1|1|1|1,0.44166421208969586|-0.28901785155067217|-0.06217088705603968|0.20261398399275832,2|-1|0|1,-0.00682509032921732|-0.0068252639958529425|-0.0068250263198530265|-0.006824920064202686,-0.05833578791030414|-0.03901785155067217|-0.06217088705603968|-0.04738601600724168,0,337,337,84,-0.015858644619584084,-0.08406169712543488,0.08554452368666629,0.007317866198718548,-1.7572596459300438,9.072671900773127,0.12806332697691403,1,33,3,1,0
1,5,5,header,1,1,8787966,10,125000.0,4,-27,0.3714773104614319,continuous,-167.31194251480696,-53.257045379077134,-0.06217088705603968,-0.0068250263198530265,-0.06899591337589271,0|1|2|3,1|1|1|1,0.44166421208969586|-0.28901785155067217|-0.06217088705603968|0.20261398399275832,2|-1|0|1,-0.00682509032921732|-0.0068252639958529425|-0.0068250263198530265|-0.006824920064202686,-0.05833578791030414|-0.03901785155067217|-0.06217088705603968|-0.04738601600724168,0,689,-335,172,0.06387326866388321,0.01990804634988308,0.066903847118665,0.004476124420762062,0.3021380184353854,6.829397044693475,0.12386022170173305,1,33,3,1,0
1,5,5,header,2,2,8792062,10,125000.0,4,-27,0.3714773104614319,continuous,-334.6238850296139,-106.51409075815427,-0.06217088705603968,-0.0068250263198530265,-0.07582093969574574,0|1|2|3,1|1|1|1,0.44166421208969586|-0.28901785155067217|-0.06217088705603968|0.20261398399275832,2|-1|0|1,-0.00682509032921732|-0.0068252639958529425|-0.0068250263198530265|-0.006824920064202686,-0.05833578791030414|-0.03901785155067217|-0.06217088705603968|-0.04738601600724168,0,57,57,14,-0.0711255893111229,0.04942182078957558,0.08661042561384538,0.007501366548240185,2.534329489744985,9.033863745277836,0.13304084977534814,1,33,3,1,0
1,5,5,header,3,3,8796158,10,125000.0,4,-27,0.3714773104614319,continuous,-501.9358275444209,-159.7711361372314,-0.06217088705603968,-0.0068250263198530265,-0.08264596601559877,0|1|2|3,1|1|1|1,0.44166421208969586|-0.28901785155067217|-0.06217088705603968|0.20261398399275832,2|-1|0|1,-0.00682509032921732|-0.0068252639958529425|-0.0068250263198530265|-0.006824920064202686,-0.05833578791030414|-0.03901785155067217|-0.06217088705603968|-0.04738601600724168,0,81,81,20,-0.06487742811441422,0.05710987001657486,0.08643273646050471,0.0074706184677779675,2.419783779949542,9.788430592374768,0.1326517327798058,1,33,3,1,0
1,5,5,header,4,4,8800254,10,125000.0,4,-27,0.3714773104614319,continuous,-669.2477700592278,-213.02818151630854,-0.06217088705603968,-0.0068250263198530265,-0.0894709923354518,0|1|2|3,1|1|1|1,0.44166421208969586|-0.28901785155067217|-0.06217088705603968|0.20261398399275832,2|-1|0|1,-0.00682509032921732|-0.0068252639958529425|-0.0068250263198530265|-0.006824920064202686,-0.05833578791030414|-0.03901785155067217|-0.06217088705603968|-0.04738601600724168,0,689,-335,172,0.08392300456762314,-0.022187674418091774,0.08680647206136498,0.007535364478826523,-0.25846755450550774,8.530252997224633,0.126354248103274,1,33,3,1,0
1,5,5,header,5,5,8804350,10,125000.0,4,-27,0.3714773104614319,continuous,-836.5597125740348,-266.2852268953857,-0.06217088705603968,-0.0068250263198530265,-0.09629601865530484,0|1|2|3,1|1|1|1,0.44166421208969586|-0.28901785155067217|-0.06217088705603968|0.20261398399275832,2|-1|0|1,-0.00682509032921732|-0.0068252639958529425|-0.0068250263198530265|-0.006824920064202686,-0.05833578791030414|-0.03901785155067217|-0.06217088705603968|-0.04738601600724168,0,57,57,14,-0.052297428250312805,0.07072900235652924,0.0879637014679722,0.007737612351775169,2.2074825398552855,9.761564410468678,0.13465742176256157,1,33,3,1,0
1,5,5,header,6,6,8808446,10,125000.0,4,-27,0.3714773104614319,continuous,-1003.8716550888417,-319.5422722744628,-0.06217088705603968,-0.0068250263198530265,-0.10312104497515787,0|1|2|3,1|1|1|1,0.44166421208969586|-0.28901785155067217|-0.06217088705603968|0.20261398399275832,2|-1|0|1,-0.00682509032921732|-0.0068252639958529425|-0.0068250263198530265|-0.006824920064202686,-0.05833578791030414|-0.03901785155067217|-0.06217088705603968|-0.04738601600724168,0,729,-295,182,0.07265982776880264,-0.010185159742832184,0.07337021228249972,0.005383187904953957,-0.13926849632628924,8.052085680090928,0.12805378865975836,1,33,3,1,0
1,5,5,header,7,7,8812542,10,125000.0,4,-27,0.3714773104614319,continuous,-1171.1835976036486,-372.7993176535399,-0.06217088705603968,-0.0068250263198530265,-0.1099460712950109,0|1|2|3,1|1|1|1,0.44166421208969586|-0.28901785155067217|-0.06217088705603968|0.20261398399275832,2|-1|0|1,-0.00682509032921732|-0.0068252639958529425|-0.0068250263198530265|-0.006824920064202686,-0.05833578791030414|-0.03901785155067217|-0.06217088705603968|-0.04738601600724168,0,409,409,102,-0.03793087229132652,-0.06439471244812012,0.07473573485326145,0.005585430655628443,-2.1031158439537,6.912677699962197,0.12668517830980974,1,33,3,1,0
1,5,5,payload,8,0,8816638,10,125000.0,4,-27,0.3714773104614319,continuous,-1338.4955401184557,-426.05636303261707,-0.06217088705603968,-0.0068250263198530265,-0.11677109761486393,0|1|2|3,1|1|1|1,0.44166421208969586|-0.28901785155067217|-0.06217088705603968|0.20261398399275832,2|-1|0|1,-0.00682509032921732|-0.0068252639958529425|-0.0068250263198530265|-0.006824920064202686,-0.05833578791030414|-0.03901785155067217|-0.06217088705603968|-0.04738601600724168,0,803,-221,802,0.0738385021686554,0.012637855485081673,0.07491221391583842,0.005611839704215527,0.16951285116916898,7.0147671821360715,0.1287614642095889,1,33,3,1,0
1,5,5,payload,9,1,8820734,10,125000.0,4,-27,0.3714773104614319,continuous,-1505.8074826332627,-479.3134084116942,-0.06217088705603968,-0.0068250263198530265,-0.12359612393471696,0|1|2|3,1|1|1|1,0.44166421208969586|-0.28901785155067217|-0.06217088705603968|0.20261398399275832,2|-1|0|1,-0.00682509032921732|-0.0068252639958529425|-0.0068250263198530265|-0.006824920064202686,-0.05833578791030414|-0.03901785155067217|-0.06217088705603968|-0.04738601600724168,0,711,-313,710,0.0670333132147789,-0.04399082809686661,0.08017891267159165,0.0064286584965884686,-0.5807586089847057,7.254515304113806,0.1336684087782487,1,33,3,1,0
1,5,5,payload,10,2,8824830,10,125000.0,4,-27,0.3714773104614319,continuous,-1673.1194251480697,-532.5704537907714,-0.06217088705603968,-0.0068250263198530265,-0.13042115025457,0|1|2|3,1|1|1|1,0.44166421208969586|-0.28901785155067217|-0.06217088705603968|0.20261398399275832,2|-1|0|1,-0.00682509032921732|-0.0068252639958529425|-0.0068250263198530265|-0.006824920064202686,-0.05833578791030414|-0.03901785155067217|-0.06217088705603968|-0.04738601600724168,1,922,-102,921,0.04398287087678909,0.04834619536995888,0.06535937222246352,0.004271847195923328,0.8326214347812904,4.955330165331505,0.15593328507483406,1,33,3,1,0
1,5,5,payload,11,3,8828927,10,125000.0,4,-27,0.3714773104614319,continuous,-1840.472215305092,-585.8405013781929,-0.06217088705603968,-0.0068250263198530265,0.11275382342557698,0|1|2|3,1|1|1|1,0.44166421208969586|-0.28901785155067217|-0.06217088705603968|0.20261398399275832,2|-1|0|1,-0.00682509032921732|-0.0068252639958529425|-0.0068250263198530265|-0.006824920064202686,-0.05833578791030414|-0.03901785155067217|-0.06217088705603968|-0.04738601600724168,0,718,-306,717,0.062107209116220474,-0.05393848568201065,0.08225974508758466,0.006766665726900101,-0.7151217847276442,3.461520129544062,0.28091510381779017,1,33,3,1,0
1,5,5,payload,12,4,8833023,10,125000.0,4,-27,0.3714773104614319,continuous,-2007.784157819899,-639.0975467572702,-0.06217088705603968,-0.0068250263198530265,0.10592879710572395,0|1|2|3,1|1|1|1,0.44166421208969586|-0.28901785155067217|-0.06217088705603968|0.20261398399275832,2|-1|0|1,-0.00682509032921732|-0.0068252639958529425|-0.0068250263198530265|-0.006824920064202686,-0.05833578791030414|-0.03901785155067217|-0.06217088705603968|-0.04738601600724168,0,756,-268,755,0.05787818506360054,-0.042710937559604645,0.0719312761841248,0.005174109246581793,-0.6357413883827069,5.366343397288393,0.22790475974218793,1,33,3,1,0
1,5,5,payload,13,5,8837119,10,125000.0,4,-27,0.3714773104614319,continuous,-2175.096100334706,-692.3545921363473,-0.06217088705603968,-0.0068250263198530265,0.09910377078587092,0|1|2|3,1|1|1|1,0.44166421208969586|-0.28901785155067217|-0.06217088705603968|0.20261398399275832,2|-1|0|1,-0.00682509032921732|-0.0068252639958529425|-0.0068250263198530265|-0.006824920064202686,-0.05833578791030414|-0.03901785155067217|-0.06217088705603968|-0.04738601600724168,0,109,109,108,-0.002439250471070409,0.07562480121850967,0.07566412956084091,0.005725059658288956,1.6030397847424955,8.083208120465383,0.1345420321123072,1,33,3,1,0
1,5,5,payload,14,6,8841215,10,125000.0,4,-27,0.3714773104614319,continuous,-2342.408042849513,-745.6116375154244,-0.06217088705603968,-0.0068250263198530265,0.09227874446601789,0|1|2|3,1|1|1|1,0.44166421208969586|-0.28901785155067217|-0.06217088705603968|0.20261398399275832,2|-1|0|1,-0.00682509032921732|-0.0068252639958529425|-0.0068250263198530265|-0.006824920064202686,-0.05833578791030414|-0.03901785155067217|-0.06217088705603968|-0.04738601600724168,0,932,-92,931,0.06507396697998047,0.010959380306303501,0.06599037198872106,0.004354729317128658,0.16684850001435017,7.118328551620834,0.12450304610131724,1,33,3,1,0
1,5,5,payload,15,7,8845311,10,125000.0,4,-27,0.3714773104614319,continuous,-2509.71998536432,-798.8686828945016,-0.06217088705603968,-0.0068250263198530265,0.08545371814616486,0|1|2|3,1|1|1|1,0.44166421208969586|-0.28901785155067217|-0.06217088705603968|0.20261398399275832,2|-1|0|1,-0.00682509032921732|-0.0068252639958529425|-0.0068250263198530265|-0.006824920064202686,-0.05833578791030414|-0.03901785155067217|-0.06217088705603968|-0.04738601600724168,0,468,468,467,-0.0669611468911171,-0.02304365299642086,0.07081528886047996,0.005014806054532528,-2.8101525875011593,7.109714251091994,0.13584291262935722,1,33,3,1,0
1,5,5,payload,16,8,8849407,10,125000.0,4,-27,0.3714773104614319,continuous,-2677.0319278791267,-852.1257282735786,-0.06217088705603968,-0.0068250263198530265,0.07862869182631183,0|1|2|3,1|1|1|1,0.44166421208969586|-0.28901785155067217|-0.06217088705603968|0.20261398399275832,2|-1|0|1,-0.00682509032921732|-0.0068252639958529425|-0.0068250263198530265|-0.006824920064202686,-0.05833578791030414|-0.03901785155067217|-0.06217088705603968|-0.04738601600724168,0,89,89,88,0.048890866339206696,0.049321290105581284,0.06944714874692182,0.004822907038033009,0.7897807268830215,7.4012956299434585,0.138237748899801,1,33,3,1,0
1,5,5,payload,17,9,8853503,10,125000.0,4,-27,0.3714773104614319,continuous,-2844.3438703939337,-905.3827736526557,-0.06217088705603968,-0.0068250263198530265,0.0718036655064588,0|1|2|3,1|1|1|1,0.44166421208969586|-0.28901785155067217|-0.06217088705603968|0.20261398399275832,2|-1|0|1,-0.00682509032921732|-0.0068252639958529425|-0.0068250263198530265|-0.006824920064202686,-0.05833578791030414|-0.03901785155067217|-0.06217088705603968|-0.04738601600724168,0,713,-311,712,-0.0017098734388127923,-0.06992822140455246,0.06994912305369429,0.004892879631370306,-1.5952432918867832,6.878058089777362,0.14229492224279738,1,33,3,1,0
1,5,5,payload,18,10,8857599,10,125000.0,4,-27,0.3714773104614319,continuous,-3011.6558129087407,-958.6398190317328,-0.06217088705603968,-0.0068250263198530265,0.06497863918660576,0|1|2|3,1|1|1|1,0.44166421208969586|-0.28901785155067217|-0.06217088705603968|0.20261398399275832,2|-1|0|1,-0.00682509032921732|-0.0068252639958529425|-0.0068250263198530265|-0.006824920064202686,-0.05833578791030414|-0.03901785155067217|-0.06217088705603968|-0.04738601600724168,0,865,-159,864,0.05663374438881874,-0.060673993080854416,0.0829982797404478,0.00688871368765831,-0.8198260057769748,9.30811733781443,0.14008989324089427,1,33,3,1,0
1,5,5,payload,19,11,8861695,10,125000.0,4,-27,0.3714773104614319,continuous,-3178.9677554235477,-1011.89686441081,-0.06217088705603968,-0.0068250263198530265,0.05815361286675274,0|1|2|3,1|1|1|1,0.44166421208969586|-0.28901785155067217|-0.06217088705603968|0.20261398399275832,2|-1|0|1,-0.00682509032921732|-0.0068252639958529425|-0.0068250263198530265|-0.006824920064202686,-0.05833578791030414|-0.03901785155067217|-0.06217088705603968|-0.04738601600724168,0,92,92,91,0.06847980618476868,0.022309117019176483,0.07202208381655444,0.005187179893255234,0.31493412820534544,5.604051213181922,0.1401995727392631,1,33,3,1,0
1,5,5,payload,20,12,8865791,10,125000.0,4,-27,0.3714773104614319,continuous,-3346.2796979383547,-1065.1539097898872,-0.06217088705603968,-0.0068250263198530265,0.051328586546899715,0|1|2|3,1|1|1|1,0.44166421208969586|-0.28901785155067217|-0.06217088705603968|0.20261398399275832,2|-1|0|1,-0.00682509032921732|-0.0068252639958529425|-0.0068250263198530265|-0.006824920064202686,-0.05833578791030414|-0.03901785155067217|-0.06217088705603968|-0.04738601600724168,0,645,-379,644,-0.0751447007060051,-0.04166261479258537,0.0859214729596184,0.007382498588413,-2.6353532459605264,9.346626645146598,0.13661735126872543,1,33,3,1,0
1,5,5,payload,21,13,8869887,10,125000.0,4,-27,0.3714773104614319,continuous,-3513.5916404531617,-1118.4109551689644,-0.06217088705603968,-0.0068250263198530265,0.04450356022704669,0|1|2|3,1|1|1|1,0.44166421208969586|-0.28901785155067217|-0.06217088705603968|0.20261398399275832,2|-1|0|1,-0.00682509032921732|-0.0068252639958529425|-0.0068250263198530265|-0.006824920064202686,-0.05833578791030414|-0.03901785155067217|-0.06217088705603968|-0.04738601600724168,0,426,426,425,-0.03478684276342392,0.05857430025935173,0.06812542168911596,0.004641072824597359,2.106712980520447,7.173271919855647,0.13102371693662196,1,33,3,1,0
1,5,5,payload,22,14,8873983,10,125000.0,4,-27,0.3714773104614319,continuous,-3680.9035829679688,-1171.6680005480414,-0.06217088705603968,-0.0068250263198530265,0.03767853390719367,0|1|2|3,1|1|1|1,0.44166421208969586|-0.28901785155067217|-0.06217088705603968|0.20261398399275832,2|-1|0|1,-0.00682509032921732|-0.0068252639958529425|-0.0068250263198530265|-0.006824920064202686,-0.05833578791030414|-0.03901785155067217|-0.06217088705603968|-0.04738601600724168,0,765,-259,764,-0.0511709488928318,-0.05960991978645325,0.07856085887730731,0.006171808578073978,-2.2801641798182715,8.227183939802337,0.13533838894601047,1,33,3,1,0
1,5,5,payload,23,15,8878079,10,125000.0,4,-27,0.3714773104614319,continuous,-3848.215525482776,-1224.9250459271186,-0.06217088705603968,-0.0068250263198530265,0.03085350758734064,0|1|2|3,1|1|1|1,0.44166421208969586|-0.28901785155067217|-0.06217088705603968|0.20261398399275832,2|-1|0|1,-0.00682509032921732|-0.0068252639958529425|-0.0068250263198530265|-0.006824920064202686,-0.05833578791030414|-0.03901785155067217|-0.06217088705603968|-0.04738601600724168,0,1023,-1,1022,0.03759405016899109,-0.07900189608335495,0.08749064060157426,0.007654612418264151,-1.1266443957792929,5.729256657093824,0.22966535663318055,1,33,3,1,0
1,5,5,payload,24,16,8882175,10,125000.0,4,-27,0.3714773104614319,continuous,-4015.5274679975823,-1278.1820913061956,-0.06217088705603968,-0.0068250263198530265,0.024028481267487613,0|1|2|3,1|1|1|1,0.44166421208969586|-0.28901785155067217|-0.06217088705603968|0.20261398399275832,2|-1|0|1,-0.00682509032921732|-0.0068252639958529425|-0.0068250263198530265|-0.006824920064202686,-0.05833578791030414|-0.03901785155067217|-0.06217088705603968|-0.04738601600724168,0,597,-427,596,-0.058844007551670074,0.05140895023941994,0.0781376822631703,0.006105497013777494,2.423528894696281,4.099082212958949,0.2839336644315793,1,33,3,1,0
1,5,5,payload,25,17,8886271,10,125000.0,4,-27,0.3714773104614319,continuous,-4182.83941051239,-1331.4391366852728,-0.06217088705603968,-0.0068250263198530265,0.017203454947634585,0|1|2|3,1|1|1|1,0.44166421208969586|-0.28901785155067217|-0.06217088705603968|0.20261398399275832,2|-1|0|1,-0.00682509032921732|-0.0068252639958529425|-0.0068250263198530265|-0.006824920064202686,-0.05833578791030414|-0.03901785155067217|-0.06217088705603968|-0.04738601600724168,0,562,-462,561,-0.03576010465621948,0.06000830605626106,0.06985543558496839,0.004879781976342201,2.1082098719045046,6.720130059473494,0.13593828682752473,1,33,3,1,0
1,5,5,payload,26,18,8890367,10,125000.0,4,-27,0.3714773104614319,continuous,-4350.151353027197,-1384.69618206435,-0.06217088705603968,-0.0068250263198530265,0.010378428627781558,0|1|2|3,1|1|1|1,0.44166421208969586|-0.28901785155067217|-0.06217088705603968|0.20261398399275832,2|-1|0|1,-0.00682509032921732|-0.0068252639958529425|-0.0068250263198530265|-0.006824920064202686,-0.05833578791030414|-0.03901785155067217|-0.06217088705603968|-0.04738601600724168,0,827,-197,826,-0.088267482817173,-0.0035807073581963778,0.08834008143569358,0.007803971413522959,-3.1010483331903136,8.882065404996382,0.13445142273946686,1,33,3,1,0
1,5,5,payload,27,19,8894463,10,125000.0,4,-27,0.3714773104614319,continuous,-4517.463295542004,-1437.9532274434273,-0.06217088705603968,-0.0068250263198530265,0.0035534023079285314,0|1|2|3,1|1|1|1,0.44166421208969586|-0.28901785155067217|-0.06217088705603968|0.20261398399275832,2|-1|0|1,-0.00682509032921732|-0.0068252639958529425|-0.0068250263198530265|-0.006824920064202686,-0.05833578791030414|-0.03901785155067217|-0.06217088705603968|-0.04738601600724168,0,890,-134,889,-0.08425910025835037,-0.028772573918104172,0.08903626781384937,0.007927457801997662,-2.81253048233089,10.07573639490247,0.13637986697943483,1,33,3,1,0
1,5,5,payload,28,20,8898559,10,125000.0,4,-27,0.3714773104614319,continuous,-4684.77523805681,-1491.210272822504,-0.06217088705603968,-0.0068250263198530265,-0.003271624011924495,0|1|2|3,1|1|1|1,0.44166421208969586|-0.28901785155067217|-0.06217088705603968|0.20261398399275832,2|-1|0|1,-0.00682509032921732|-0.0068252639958529425|-0.0068250263198530265|-0.006824920064202686,-0.05833578791030414|-0.03901785155067217|-0.06217088705603968|-0.04738601600724168,0,174,174,173,0.03631950914859772,-0.06059307977557182,0.07064437742300433,0.004990628454834223,-1.0308179117838294,7.60143330697135,0.13117153624890676,1,33,3,1,0
1,5,5,payload,29,21,8902655,10,125000.0,4,-27,0.3714773104614319,continuous,-4852.087180571617,-1544.4673182015813,-0.06217088705603968,-0.0068250263198530265,-0.01009665033177752,0|1|2|3,1|1|1|1,0.44166421208969586|-0.28901785155067217|-0.06217088705603968|0.20261398399275832,2|-1|0|1,-0.00682509032921732|-0.0068252639958529425|-0.0068250263198530265|-0.006824920064202686,-0.05833578791030414|-0.03901785155067217|-0.06217088705603968|-0.04738601600724168,0,267,267,266,0.06454882770776749,-0.046600960195064545,0.07961281711853338,0.006338200066238642,-0.625305440627122,9.335288969717903,0.13171230109261955,1,33,3,1,0
1,5,5,payload,30,22,8906751,10,125000.0,4,-27,0.3714773104614319,continuous,-5019.399123086424,-1597.7243635806583,-0.06217088705603968,-0.0068250263198530265,-0.016921676651630548,0|1|2|3,1|1|1|1,0.44166421208969586|-0.28901785155067217|-0.06217088705603968|0.20261398399275832,2|-1|0|1,-0.00682509032921732|-0.0068252639958529425|-0.0068250263198530265|-0.006824920064202686,-0.05833578791030414|-0.03901785155067217|-0.06217088705603968|-0.04738601600724168,0,917,-107,916,-0.06826116144657135,0.014862616546452045,0.069860457575382,0.004880483727902174,2.9272069886458127,7.138565473572392,0.1314385838741572,1,33,3,1,0
1,5,5,payload,31,23,8910847,10,125000.0,4,-27,0.3714773104614319,continuous,-5186.711065601231,-1650.9814089597355,-0.06217088705603968,-0.0068250263198530265,-0.023746702971483576,0|1|2|3,1|1|1|1,0.44166421208969586|-0.28901785155067217|-0.06217088705603968|0.20261398399275832,2|-1|0|1,-0.00682509032921732|-0.0068252639958529425|-0.0068250263198530265|-0.006824920064202686,-0.05833578791030414|-0.03901785155067217|-0.06217088705603968|-0.04738601600724168,0,656,-368,655,0.047887641936540604,0.0717577338218689,0.08626933762057357,0.0074423993937671185,0.9823196551782406,8.10861935271906,0.13557110764588387,1,33,3,1,0
1,5,5,payload,32,24,8914943,10,125000.0,4,-27,0.3714773104614319,continuous,-5354.023008116038,-1704.2384543388127,-0.06217088705603968,-0.0068250263198530265,-0.030571729291336603,0|1|2|3,1|1|1|1,0.44166421208969586|-0.28901785155067217|-0.06217088705603968|0.20261398399275832,2|-1|0|1,-0.00682509032921732|-0.0068252639958529425|-0.0068250263198530265|-0.006824920064202686,-0.05833578791030414|-0.03901785155067217|-0.06217088705603968|-0.04738601600724168,0,889,-135,888,-0.0566742978990078,0.07189307361841202,0.09154556284521871,0.008380589075386524,2.238370770590713,9.79409727549274,0.13842276159243738,1,33,3,1,0
1,5,5,payload,33,25,8919039,10,125000.0,4,-27,0.3714773104614319,continuous,-5521.334950630845,-1757.4954997178897,-0.06217088705603968,-0.0068250263198530265,-0.03739675561118963,0|1|2|3,1|1|1|1,0.44166421208969586|-0.28901785155067217|-0.06217088705603968|0.20261398399275832,2|-1|0|1,-0.00682509032921732|-0.0068252639958529425|-0.0068250263198530265|-0.006824920064202686,-0.05833578791030414|-0.03901785155067217|-0.06217088705603968|-0.04738601600724168,0,66,66,65,-0.07456708699464798,0.0008215542184188962,0.07457161265656792,0.005560924764722586,3.1305754473196257,6.639522574013844,0.13449624461554777,1,33,3,1,0
1,5,5,payload,34,26,8923135,10,125000.0,4,-27,0.3714773104614319,continuous,-5688.646893145652,-1810.752545096967,-0.06217088705603968,-0.0068250263198530265,-0.044221781931042654,0|1|2|3,1|1|1|1,0.44166421208969586|-0.28901785155067217|-0.06217088705603968|0.20261398399275832,2|-1|0|1,-0.00682509032921732|-0.0068252639958529425|-0.0068250263198530265|-0.006824920064202686,-0.05833578791030414|-0.03901785155067217|-0.06217088705603968|-0.04738601600724168,0,586,-438,585,0.08502897620201111,-0.017582444474101067,0.08682781321470108,0.007539069280028343,-0.20390793268518054,9.582663054111087,0.1331162017138574,1,33,3,1,0
1,5,5,payload,35,27,8927231,10,125000.0,4,-27,0.3714773104614319,continuous,-5855.958835660459,-1864.0095904760442,-0.06217088705603968,-0.0068250263198530265,-0.05104680825089568,0|1|2|3,1|1|1|1,0.44166421208969586|-0.28901785155067217|-0.06217088705603968|0.20261398399275832,2|-1|0|1,-0.00682509032921732|-0.0068252639958529425|-0.0068250263198530265|-0.006824920064202686,-0.05833578791030414|-0.03901785155067217|-0.06217088705603968|-0.04738601600724168,0,425,425,424,0.02069973573088646,-0.07044842094182968,0.07342655563572191,0.005391459446400404,-1.285011268491219,6.997286423159267,0.153252353266069,1,33,3,1,0
1,5,5,payload,36,28,8931327,10,125000.0,4,-27,0.3714773104614319,continuous,-6023.270778175266,-1917.2666358551212,-0.06217088705603968,-0.0068250263198530265,-0.0578718345707487,0|1|2|3,1|1|1|1,0.44166421208969586|-0.28901785155067217|-0.06217088705603968|0.20261398399275832,2|-1|0|1,-0.00682509032921732|-0.0068252639958529425|-0.0068250263198530265|-0.006824920064202686,-0.05833578791030414|-0.03901785155067217|-0.06217088705603968|-0.04738601600724168,0,860,-164,859,0.06120526045560837,0.07548989355564117,0.09718440171385989,0.009444808587431908,0.889520171834654,7.5084157729257015,0.26984229916603386,1,33,3,1,0
1,5,5,payload,37,29,8935423,10,125000.0,4,-27,0.3714773104614319,continuous,-6190.582720690073,-1970.5236812341984,-0.06217088705603968,-0.0068250263198530265,-0.06469686089060173,0|1|2|3,1|1|1|1,0.44166421208969586|-0.28901785155067217|-0.06217088705603968|0.20261398399275832,2|-1|0|1,-0.00682509032921732|-0.0068252639958529425|-0.0068250263198530265|-0.006824920064202686,-0.05833578791030414|-0.03901785155067217|-0.06217088705603968|-0.04738601600724168,0,553,-471,552,0.016207776963710785,-0.0701955258846283,0.07204237564326231,0.005190103780478239,-1.3438783286951095,5.43473484962835,0.2017105058715245,1,33,3,1,0
1,5,5,payload,38,30,8939519,10,125000.0,4,-27,0.3714773104614319,continuous,-6357.89466320488,-2023.7807266132756,-0.06217088705603968,-0.0068250263198530265,-0.07152188721045476,0|1|2|3,1|1|1|1,0.44166421208969586|-0.28901785155067217|-0.06217088705603968|0.20261398399275832,2|-1|0|1,-0.00682509032921732|-0.0068252639958529425|-0.0068250263198530265|-0.006824920064202686,-0.05833578791030414|-0.03901785155067217|-0.06217088705603968|-0.04738601600724168,0,629,-395,628,0.035521022975444794,-0.06634438037872314,0.0752550322640206,0.005663319490849972,-1.0792285532313122,8.56242687155694,0.13024546048630725,1,33,3,1,0
1,5,5,payload,39,31,8943615,10,125000.0,4,-27,0.3714773104614319,continuous,-6525.206605719687,-2077.0377719923526,-0.06217088705603968,-0.0068250263198530265,-0.07834691353030779,0|1|2|3,1|1|1|1,0.44166421208969586|-0.28901785155067217|-0.06217088705603968|0.20261398399275832,2|-1|0|1,-0.00682509032921732|-0.0068252639958529425|-0.0068250263198530265|-0.006824920064202686,-0.05833578791030414|-0.03901785155067217|-0.06217088705603968|-0.04738601600724168,0,759,-265,758,0.05518731102347374,-0.0508287213742733,0.07502798287669164,0.00562919769436121,-0.7443087512796074,7.685919020688035,0.13244954164282774,1,33,3,1,0
1,5,5,payload,40,32,8947711,10,125000.0,4,-27,0.3714773104614319,continuous,-6692.518548234494,-2130.29481737143,-0.06217088705603968,-0.0068250263198530265,-0.08517193985016082,0|1|2|3,1|1|1|1,0.44166421208969586|-0.28901785155067217|-0.06217088705603968|0.20261398399275832,2|-1|0|1,-0.00682509032921732|-0.0068252639958529425|-0.0068250263198530265|-0.006824920064202686,-0.05833578791030414|-0.03901785155067217|-0.06217088705603968|-0.04738601600724168,0,494,494,493,-0.05343932285904884,-0.04734843596816063,0.07139772836907815,0.005097635556012392,-2.4165538857820614,7.02358305034006,0.1258067933052569,1,33,3,1,0
1,5,5,payload,41,33,8951807,10,125000.0,4,-27,0.3714773104614319,continuous,-6859.830490749301,-2183.551862750507,-0.06217088705603968,-0.0068250263198530265,-0.09199696617001385,0|1|2|3,1|1|1|1,0.44166421208969586|-0.28901785155067217|-0.06217088705603968|0.20261398399275832,2|-1|0|1,-0.00682509032921732|-0.0068252639958529425|-0.0068250263198530265|-0.006824920064202686,-0.05833578791030414|-0.03901785155067217|-0.06217088705603968|-0.04738601600724168,0,303,303,302,-0.05945800989866257,0.06963527202606201,0.09156596557265756,0.008384324610233307,2.277520714880195,9.273241422932244,0.13895398747177268,1,33,3,1,0
1,5,5,payload,42,34,8955903,10,125000.0,4,-27,0.3714773104614319,continuous,-7027.142433264108,-2236.8089081295843,-0.06217088705603968,-0.0068250263198530265,-0.09882199248986688,0|1|2|3,1|1|1|1,0.44166421208969586|-0.28901785155067217|-0.06217088705603968|0.20261398399275832,2|-1|0|1,-0.00682509032921732|-0.0068252639958529425|-0.0068250263198530265|-0.006824920064202686,-0.05833578791030414|-0.03901785155067217|-0.06217088705603968|-0.04738601600724168,0,1022,-2,1021,0.0643705502152443,0.0013050627894699574,0.06438377842203535,0.004145271610468626,0.020271444261802947,6.0486175535931475,0.13066415225827654,1,33,3,1,0
1,5,5,payload,43,35,8959999,10,125000.0,4,-27,0.3714773104614319,continuous,-7194.454375778915,-2290.0659535086616,-0.06217088705603968,-0.0068250263198530265,-0.10564701880971991,0|1|2|3,1|1|1|1,0.44166421208969586|-0.28901785155067217|-0.06217088705603968|0.20261398399275832,2|-1|0|1,-0.00682509032921732|-0.0068252639958529425|-0.0068250263198530265|-0.006824920064202686,-0.05833578791030414|-0.03901785155067217|-0.06217088705603968|-0.04738601600724168,0,720,-304,719,-0.029761124402284622,-0.05450586602091789,0.062101642139145666,0.0038566142320632935,-2.070576358753607,5.496458906292649,0.13050869152617928,1,33,3,1,0
1,5,5,payload,44,36,8964095,10,125000.0,4,-27,0.3714773104614319,continuous,-7361.766318293721,-2343.3229988877383,-0.06217088705603968,-0.0068250263198530265,-0.11247204512957294,0|1|2|3,1|1|1|1,0.44166421208969586|-0.28901785155067217|-0.06217088705603968|0.20261398399275832,2|-1|0|1,-0.00682509032921732|-0.0068252639958529425|-0.0068250263198530265|-0.006824920064202686,-0.05833578791030414|-0.03901785155067217|-0.06217088705603968|-0.04738601600724168,0,314,314,313,0.02579094097018242,0.06671451777219772,0.07152621559752984,0.00511599937453866,1.2019064043064636,6.042200015186639,0.13216436976812673,1,33,3,1,0
1,5,5,payload,45,37,8968191,10,125000.0,4,-27,0.3714773104614319,continuous,-7529.078260808528,-2396.5800442668155,-0.06217088705603968,-0.0068250263198530265,-0.11929707144942597,0|1|2|3,1|1|1|1,0.44166421208969586|-0.28901785155067217|-0.06217088705603968|0.20261398399275832,2|-1|0|1,-0.00682509032921732|-0.0068252639958529425|-0.0068250263198530265|-0.006824920064202686,-0.05833578791030414|-0.03901785155067217|-0.06217088705603968|-0.04738601600724168,0,602,-422,601,-0.07485925406217575,0.02644769288599491,0.07939388123613357,0.00630338815972209,2.8019819669297186,8.226226482909636,0.13100273629835346,1,33,3,1,0
1,5,5,payload,46,38,8972287,10,125000.0,4,-27,0.3714773104614319,continuous,-7696.390203323335,-2449.8370896458923,-0.06217088705603968,-0.0068250263198530265,-0.126122097769279,0|1|2|3,1|1|1|1,0.44166421208969586|-0.28901785155067217|-0.06217088705603968|0.20261398399275832,2|-1|0|1,-0.00682509032921732|-0.0068252639958529425|-0.0068250263198530265|-0.006824920064202686,-0.05833578791030414|-0.03901785155067217|-0.06217088705603968|-0.04738601600724168,1,7,7,6,0.02797926962375641,-0.07819326221942902,0.08304833403022148,0.0068970248103141785,-1.227170197544092,8.738361594566118,0.12488549689676276,1,33,3,1,0
1,5,5,payload,47,39,8976384,10,125000.0,4,-27,0.3714773104614319,continuous,-7863.742993480358,-2503.107137233314,-0.06217088705603968,-0.0068250263198530265,0.11705287591086798,0|1|2|3,1|1|1|1,0.44166421208969586|-0.28901785155067217|-0.06217088705603968|0.20261398399275832,2|-1|0|1,-0.00682509032921732|-0.0068252639958529425|-0.0068250263198530265|-0.006824920064202686,-0.05833578791030414|-0.03901785155067217|-0.06217088705603968|-0.04738601600724168,0,414,414,413,0.04748469963669777,0.0539342537522316,0.0718588924726614,0.005163700319826603,0.8489058287478444,8.182412165346069,0.13444283384857592,1,33,3,1,0
1,5,5,payload,48,40,8980480,10,125000.0,4,-27,0.3714773104614319,continuous,-8031.054935995165,-2556.3641826123912,-0.06217088705603968,-0.0068250263198530265,0.11022784959101495,0|1|2|3,1|1|1|1,0.44166421208969586|-0.28901785155067217|-0.06217088705603968|0.20261398399275832,2|-1|0|1,-0.00682509032921732|-0.0068252639958529425|-0.0068250263198530265|-0.006824920064202686,-0.05833578791030414|-0.03901785155067217|-0.06217088705603968|-0.04738601600724168,0,807,-217,806,-0.059357184916734695,0.019997984170913696,0.06263541148695002,0.003923194948583841,2.8166272413924864,2.531253389117195,0.23043691665638377,1,33,3,1,0
1,5,5,payload,49,41,8984576,10,125000.0,4,-27,0.3714773104614319,continuous,-8198.366878509973,-2609.6212279914685,-0.06217088705603968,-0.0068250263198530265,0.10340282327116192,0|1|2|3,1|1|1|1,0.44166421208969586|-0.28901785155067217|-0.06217088705603968|0.20261398399275832,2|-1|0|1,-0.00682509032921732|-0.0068252639958529425|-0.0068250263198530265|-0.006824920064202686,-0.05833578791030414|-0.03901785155067217|-0.06217088705603968|-0.04738601600724168,0,195,195,194,0.01824847422540188,-0.07303042709827423,0.07527582675541666,0.005666450597345829,-1.3259353624630321,4.313590513548812,0.2832784396356942,1,33,3,1,0
1,5,5,payload,50,42,8988672,10,125000.0,4,-27,0.3714773104614319,continuous,-8365.67882102478,-2662.8782733705457,-0.06217088705603968,-0.0068250263198530265,0.09657779695130889,0|1|2|3,1|1|1|1,0.44166421208969586|-0.28901785155067217|-0.06217088705603968|0.20261398399275832,2|-1|0|1,-0.00682509032921732|-0.0068252639958529425|-0.0068250263198530265|-0.006824920064202686,-0.05833578791030414|-0.03901785155067217|-0.06217088705603968|-0.04738601600724168,0,826,-198,825,-0.04817207530140877,0.06386228650808334,0.07999337770643968,0.0063989413902163506,2.2170512712308743,8.15776826828626,0.12827600742501488,1,33,3,1,0
1,5,5,payload,51,43,8992768,10,125000.0,4,-27,0.3714773104614319,continuous,-8532.990763539587,-2716.135318749623,-0.06217088705603968,-0.0068250263198530265,0.08975277063145586,0|1|2|3,1|1|1|1,0.44166421208969586|-0.28901785155067217|-0.06217088705603968|0.20261398399275832,2|-1|0|1,-0.00682509032921732|-0.0068252639958529425|-0.0068250263198530265|-0.006824920064202686,-0.05833578791030414|-0.03901785155067217|-0.06217088705603968|-0.04738601600724168,0,928,-96,927,-0.04986267536878586,0.043708644807338715,0.06630785794931866,0.004396732896566391,2.421868250831534,6.751845924338791,0.12932797269766638,1,33,3,1,0
1,5,5,payload,52,44,8996864,10,125000.0,4,-27,0.3714773104614319,continuous,-8700.302706054394,-2769.3923641287,-0.06217088705603968,-0.0068250263198530265,0.08292774431160282,0|1|2|3,1|1|1|1,0.44166421208969586|-0.28901785155067217|-0.06217088705603968|0.20261398399275832,2|-1|0|1,-0.00682509032921732|-0.0068252639958529425|-0.0068250263198530265|-0.006824920064202686,-0.05833578791030414|-0.03901785155067217|-0.06217088705603968|-0.04738601600724168,0,761,-263,760,0.04977664723992348,0.06739034503698349,0.08378050617328274,0.007019174285233021,0.9346106989514152,9.253305020422824,0.13532122640124555,1,33,3,1,0
1,5,5,payload,53,45,9000960,10,125000.0,4,-27,0.3714773104614319,continuous,-8867.6146485692,-2822.6494095077774,-0.06217088705603968,-0.0068250263198530265,0.0761027179917498,0|1|2|3,1|1|1|1,0.44166421208969586|-0.28901785155067217|-0.06217088705603968|0.20261398399275832,2|-1|0|1,-0.00682509032921732|-0.0068252639958529425|-0.0068250263198530265|-0.006824920064202686,-0.05833578791030414|-0.03901785155067217|-0.06217088705603968|-0.04738601600724168,0,590,-434,589,0.07657440751791,-0.03131979703903198,0.08273191387418224,0.006844568997621536,-0.388250509797338,8.556367898190047,0.13220824838134604,1,33,3,1,0
1,5,5,payload,54,46,9005056,10,125000.0,4,-27,0.3714773104614319,continuous,-9034.926591084008,-2875.9064548868546,-0.06217088705603968,-0.0068250263198530265,0.06927769167189676,0|1|2|3,1|1|1|1,0.44166421208969586|-0.28901785155067217|-0.06217088705603968|0.20261398399275832,2|-1|0|1,-0.00682509032921732|-0.0068252639958529425|-0.0068250263198530265|-0.006824920064202686,-0.05833578791030414|-0.03901785155067217|-0.06217088705603968|-0.04738601600724168,0,383,383,382,-0.026783037930727005,-0.0777016282081604,0.08218804138679757,0.006754875183105469,-1.9027335569796084,9.138027593818357,0.1332211078928367,1,33,3,1,0
1,5,5,payload,55,47,9009152,10,125000.0,4,-27,0.3714773104614319,continuous,-9202.238533598813,-2929.163500265931,-0.06217088705603968,-0.0068250263198530265,0.06245266535204374,0|1|2|3,1|1|1|1,0.44166421208969586|-0.28901785155067217|-0.06217088705603968|0.20261398399275832,2|-1|0|1,-0.00682509032921732|-0.0068252639958529425|-0.0068250263198530265|-0.006824920064202686,-0.05833578791030414|-0.03901785155067217|-0.06217088705603968|-0.04738601600724168,0,267,267,266,-0.07365791499614716,-0.003854237264022231,0.07375868482061633,0.005440343637019396,-3.0893141528929293,7.427213979391121,0.13312478397457284,1,33,3,1,0
1,5,5,payload,56,48,9013248,10,125000.0,4,-27,0.3714773104614319,continuous,-9369.55047611362,-2982.420545645008,-0.06217088705603968,-0.0068250263198530265,0.055627639032190715,0|1|2|3,1|1|1|1,0.44166421208969586|-0.28901785155067217|-0.06217088705603968|0.20261398399275832,2|-1|0|1,-0.00682509032921732|-0.0068252639958529425|-0.0068250263198530265|-0.006824920064202686,-0.05833578791030414|-0.03901785155067217|-0.06217088705603968|-0.04738601600724168,0,314,314,313,-0.05763667821884155,-0.006780265364795923,0.05803411647056699,0.0033679583575576544,-3.024492813168369,5.524540517448088,0.13370750891591854,1,33,3,1,0
2,8,8,header,0,0,14785333,10,125000.0,4,-27,0.3101939766016953,continuous,-0.0,-0.0,-0.011768818246281731,-0.006840733551209326,-0.011768818246281731,0|1|2|3,1|1|1|1,0.4744985043183323|-0.25812667572856035|-0.011768818246281731|0.2431519888950383,2|-1|0|1,-0.006840860215321127|-0.006840438732466121|-0.006840733551209326|-0.006840596243343814,-0.025501495681667707|-0.00812667572856035|-0.011768818246281731|-0.006848011104961693,0,337,337,84,-0.008711118251085281,-0.07554273307323456,0.07604333041995437,0.005782589316368103,-1.685603028892266,8.47269275588481,0.14008512148522811,1,33,3,1,0
2,8,8,header,1,1,14789429,10,125000.0,4,-27,0.3101939766016953,continuous,-167.69699705768946,-53.37961204679661,-0.011768818246281731,-0.006840733551209326,-0.018609551797491058,0|1|2|3,1|1|1|1,0.4744985043183323|-0.25812667572856035|-0.011768818246281731|0.2431519888950383,2|-1|0|1,-0.006840860215321127|-0.006840438732466121|-0.006840733551209326|-0.006840596243343814,-0.025501495681667707|-0.00812667572856035|-0.011768818246281731|-0.006848011104961693,0,689,-335,172,0.07130074501037598,0.016417866572737694,0.07316654004280149,0.005353342741727829,0.22631740242228005,7.377625747451113,0.139928709823808,1,33,3,1,0
2,8,8,header,2,2,14793525,10,125000.0,4,-27,0.3101939766016953,continuous,-335.3939941153789,-106.75922409359322,-0.011768818246281731,-0.006840733551209326,-0.025450285348700384,0|1|2|3,1|1|1|1,0.4744985043183323|-0.25812667572856035|-0.011768818246281731|0.2431519888950383,2|-1|0|1,-0.006840860215321127|-0.006840438732466121|-0.006840733551209326|-0.006840596243343814,-0.025501495681667707|-0.00812667572856035|-0.011768818246281731|-0.006848011104961693,0,57,57,14,-0.07654616236686707,0.013686020858585835,0.07776002919261554,0.006046621594578028,2.9646677793863283,7.305671094007828,0.14613654870127846,1,33,3,1,0
2,8,8,header,3,3,14797621,10,125000.0,4,-27,0.3101939766016953,continuous,-503.09099117306835,-160.13883614038983,-0.011768818246281731,-0.006840733551209326,-0.03229101889990971,0|1|2|3,1|1|1|1,0.4744985043183323|-0.25812667572856035|-0.011768818246281731|0.2431519888950383,2|-1|0|1,-0.006840860215321127|-0.006840438732466121|-0.006840733551209326|-0.006840596243343814,-0.025501495681667707|-0.00812667572856035|-0.011768818246281731|-0.006848011104961693,0,81,81,20,-0.07332955300807953,0.02534976415336132,0.07758758848550319,0.006019833963364363,2.8087568887575998,7.553734102329149,0.15520748838048348,1,33,3,1,0
2,8,8,header,4,4,14801717,10,125000.0,4,-27,0.3101939766016953,continuous,-670.7879882307578,-213.51844818718644,-0.011768818246281731,-0.006840733551209326,-0.03913175245111904,0|1|2|3,1|1|1|1,0.4744985043183323|-0.25812667572856035|-0.011768818246281731|0.2431519888950383,2|-1|0|1,-0.006840860215321127|-0.006840438732466121|-0.006840733551209326|-0.006840596243343814,-0.025501495681667707|-0.00812667572856035|-0.011768818246281731|-0.006848011104961693,0,689,-335,172,0.06691493093967438,0.024058498442173004,0.07110850392149615,0.005056419409811497,0.34514702894729665,6.891648589292647,0.1583147596979515,1,33,3,1,0
2,8,8,header,5,5,14805813,10,125000.0,4,-27,0.3101939766016953,continuous,-838.4849852884473,-266.8980602339831,-0.011768818246281731,-0.006840733551209326,-0.04597248600232837,0|1|2|3,1|1|1|1,0.4744985043183323|-0.25812667572856035|-0.011768818246281731|0.2431519888950383,2|-1|0|1,-0.006840860215321127|-0.006840438732466121|-0.006840733551209326|-0.006840596243343814,-0.025501495681667707|-0.00812667572856035|-0.011768818246281731|-0.006848011104961693,0,57,57,14,-0.05698009580373764,0.04686364158987999,0.07377623073096001,0.005442933179438114,2.4533080145130923,7.231353827103163,0.1620114256398395,1,33,3,1,0
2,8,8,header,6,6,14809909,10,125000.0,4,-27,0.3101939766016953,continuous,-1006.1819823461367,-320.27767228077965,-0.011768818246281731,-0.006840733551209326,-0.052813219553537696,0|1|2|3,1|1|1|1,0.4744985043183323|-0.25812667572856035|-0.011768818246281731|0.2431519888950383,2|-1|0|1,-0.006840860215321127|-0.006840438732466121|-0.006840733551209326|-0.006840596243343814,-0.025501495681667707|-0.00812667572856035|-0.011768818246281731|-0.006848011104961693,0,729,-295,182,0.07272849977016449,0.0034698639065027237,0.07281122601871545,0.005301475524902344,0.047673673653089776,7.047002162954124,0.15520845579848697,1,33,3,1,0
2,8,8,header,7,7,14814005,10,125000.0,4,-27,0.3101939766016953,continuous,-1173.8789794038262,-373.6572843275763,-0.011768818246281731,-0.006840733551209326,-0.059653953104747026,0|1|2|3,1|1|1|1,0.4744985043183323|-0.25812667572856035|-0.011768818246281731|0.2431519888950383,2|-1|0|1,-0.006840860215321127|-0.006840438732466121|-0.006840733551209326|-0.006840596243343814,-0.025501495681667707|-0.00812667572856035|-0.011768818246281731|-0.006848011104961693,0,409,409,102,-0.01400254387408495,-0.06418699771165848,0.06569658979111567,0.004316041711717844,-1.78558359020608,5.74673070972087,0.16542769658182976,1,33,3,1,0
2,8,8,payload,8,0,14818101,10,125000.0,4,-27,0.3101939766016953,continuous,-1341.5759764615157,-427.0368963743729,-0.011768818246281731,-0.006840733551209326,-0.06649468665595636,0|1|2|3,1|1|1|1,0.4744985043183323|-0.25812667572856035|-0.011768818246281731|0.2431519888950383,2|-1|0|1,-0.006840860215321127|-0.006840438732466121|-0.006840733551209326|-0.006840596243343814,-0.025501495681667707|-0.00812667572856035|-0.011768818246281731|-0.006848011104961693,0,803,-221,802,0.07901047170162201,0.029933881014585495,0.08449077979938506,0.007138692308217287,0.3621501868361223,2.4356072697385205,0.3739125889631012,1,33,3,1,0
2,8,8,payload,9,1,14822197,10,125000.0,4,-27,0.3101939766016953,continuous,-1509.2729735192052,-480.4165084211695,-0.011768818246281731,-0.006840733551209326,-0.07333542020716569,0|1|2|3,1|1|1|1,0.4744985043183323|-0.25812667572856035|-0.011768818246281731|0.2431519888950383,2|-1|0|1,-0.006840860215321127|-0.006840438732466121|-0.006840733551209326|-0.006840596243343814,-0.025501495681667707|-0.00812667572856035|-0.011768818246281731|-0.006848011104961693,0,711,-313,710,0.0702967569231987,-0.028258545324206352,0.07576397176600175,0.005740179214626551,-0.38222012855876764,2.1753145977990314,0.3764733195734067,1,33,3,1,0
2,8,8,payload,10,2,14826293,10,125000.0,4,-27,0.3101939766016953,continuous,-1676.9699705768946,-533.7961204679661,-0.011768818246281731,-0.006840733551209326,-0.08017615375837502,0|1|2|3,1|1|1|1,0.4744985043183323|-0.25812667572856035|-0.011768818246281731|0.2431519888950383,2|-1|0|1,-0.006840860215321127|-0.006840438732466121|-0.006840733551209326|-0.006840596243343814,-0.025501495681667707|-0.00812667572856035|-0.011768818246281731|-0.006848011104961693,0,922,-102,921,0.03885430097579956,0.06248036399483681,0.07357616862303526,0.005413452163338661,1.0144551542957663,7.997593191123134,0.1393803146146979,1,33,3,1,0
2,8,8,payload,11,3,14830389,10,125000.0,4,-27,0.3101939766016953,continuous,-1844.6669676345841,-587.1757325147628,-0.011768818246281731,-0.006840733551209326,-0.08701688730958435,0|1|2|3,1|1|1|1,0.4744985043183323|-0.25812667572856035|-0.011768818246281731|0.2431519888950383,2|-1|0|1,-0.006840860215321127|-0.006840438732466121|-0.006840733551209326|-0.006840596243343814,-0.025501495681667707|-0.00812667572856035|-0.011768818246281731|-0.006848011104961693,0,718,-306,717,0.06614377349615097,-0.0545099601149559,0.08571076084158982,0.007346334867179394,-0.6892721836633816,8.672018518183723,0.14122863627474658,1,33,3,1,0
2,8,8,payload,12,4,14834485,10,125000.0,4,-27,0.3101939766016953,continuous,-2012.3639646922734,-640.5553445615593,-0.011768818246281731,-0.006840733551209326,-0.09385762086079368,0|1|2|3,1|1|1|1,0.4744985043183323|-0.25812667572856035|-0.011768818246281731|0.2431519888950383,2|-1|0|1,-0.006840860215321127|-0.006840438732466121|-0.006840733551209326|-0.006840596243343814,-0.025501495681667707|-0.00812667572856035|-0.011768818246281731|-0.006848011104961693,0,756,-268,755,0.055147379636764526,-0.03704873472452164,0.06643675357427849,0.004413842223584652,-0.5915570942642867,7.557962210753878,0.1377637402796381,1,33,3,1,0
2,8,8,payload,13,5,14838581,10,125000.0,4,-27,0.3101939766016953,continuous,-2180.060961749963,-693.9349566083561,-0.011768818246281731,-0.006840733551209326,-0.100698354412003,0|1|2|3,1|1|1|1,0.4744985043183323|-0.25812667572856035|-0.011768818246281731|0.2431519888950383,2|-1|0|1,-0.006840860215321127|-0.006840438732466121|-0.006840733551209326|-0.006840596243343814,-0.025501495681667707|-0.00812667572856035|-0.011768818246281731|-0.006848011104961693,0,109,109,108,-0.007066295947879553,0.08083399385213852,0.08114226457593224,0.006584066431969404,1.6579920467914486,7.01402807384821,0.13755964418157873,1,33,3,1,0
2,8,8,payload,14,6,14842677,10,125000.0,4,-27,0.3101939766016953,continuous,-2347.7579588076524,-747.3145686551526,-0.011768818246281731,-0.006840733551209326,-0.10753908796321233,0|1|2|3,1|1|1|1,0.4744985043183323|-0.25812667572856035|-0.011768818246281731|0.2431519888950383,2|-1|0|1,-0.006840860215321127|-0.006840438732466121|-0.006840733551209326|-0.006840596243343814,-0.025501495681667707|-0.00812667572856035|-0.011768818246281731|-0.006848011104961693,0,932,-92,931,0.0559389665722847,0.008631492964923382,0.05660097748253741,0.0032036704942584038,0.1530945788113769,6.706652376777587,0.13272231329435868,1,33,3,1,0
2,8,8,payload,15,7,14846773,10,125000.0,4,-27,0.3101939766016953,continuous,-2515.454955865342,-800.6941807019492,-0.011768818246281731,-0.006840733551209326,-0.11437982151442166,0|1|2|3,1|1|1|1,0.4744985043183323|-0.25812667572856035|-0.011768818246281731|0.2431519888950383,2|-1|0|1,-0.006840860215321127|-0.006840438732466121|-0.006840733551209326|-0.006840596243343814,-0.025501495681667707|-0.00812667572856035|-0.011768818246281731|-0.006848011104961693,0,468,468,467,-0.06535805761814117,-0.02579139731824398,0.07026287690696834,0.00493687205016613,-2.765735433753735,7.62924981563819,0.13543280849422956,1,33,3,1,0
2,8,8,payload,16,8,14850869,10,125000.0,4,-27,0.3101939766016953,continuous,-2683.1519529230313,-854.0737927487457,-0.011768818246281731,-0.006840733551209326,-0.121220555065631,0|1|2|3,1|1|1|1,0.4744985043183323|-0.25812667572856035|-0.011768818246281731|0.2431519888950383,2|-1|0|1,-0.006840860215321127|-0.006840438732466121|-0.006840733551209326|-0.006840596243343814,-0.025501495681667707|-0.00812667572856035|-0.011768818246281731|-0.006848011104961693,0,89,89,88,0.02201119437813759,0.07336641103029251,0.07659714711017625,0.005867122672498226,1.2793236379476927,7.6305299612308435,0.14806117825021659,1,33,3,1,0
2,8,8,payload,17,9,14854965,10,125000.0,4,-27,0.3101939766016953,continuous,-2850.8489499807206,-907.4534047955424,-0.011768818246281731,-0.006840733551209326,-0.12806128861684032,0|1|2|3,1|1|1|1,0.4744985043183323|-0.25812667572856035|-0.011768818246281731|0.2431519888950383,2|-1|0|1,-0.006840860215321127|-0.006840438732466121|-0.006840733551209326|-0.006840596243343814,-0.025501495681667707|-0.00812667572856035|-0.011768818246281731|-0.006848011104961693,1,713,-311,712,0.012071550823748112,-0.07215207070112228,0.07315492905983904,0.005351643078029156,-1.4050246287299701,6.402835721594982,0.1375405565778749,1,33,3,1,0
2,8,8,payload,18,10,14859062,10,125000.0,4,-27,0.3101939766016953,continuous,-3018.5868886880826,-960.8460489741864,-0.011768818246281731,-0.006840733551209326,0.11509797783195035,0|1|2|3,1|1|1|1,0.4744985043183323|-0.25812667572856035|-0.011768818246281731|0.2431519888950383,2|-1|0|1,-0.006840860215321127|-0.006840438732466121|-0.006840733551209326|-0.006840596243343814,-0.025501495681667707|-0.00812667572856035|-0.011768818246281731|-0.006848011104961693,0,865,-159,864,0.04295962676405907,-0.03794877976179123,0.05732049735579931,0.003285639453679323,-0.7235448237872989,5.274085787010032,0.13893968211357333,1,33,3,1,0
2,8,8,payload,19,11,14863158,10,125000.0,4,-27,0.3101939766016953,continuous,-3186.283885745772,-1014.2256610209829,-0.011768818246281731,-0.006840733551209326,0.10825724428074102,0|1|2|3,1|1|1|1,0.4744985043183323|-0.25812667572856035|-0.011768818246281731|0.2431519888950383,2|-1|0|1,-0.006840860215321127|-0.006840438732466121|-0.006840733551209326|-0.006840596243343814,-0.025501495681667707|-0.00812667572856035|-0.011768818246281731|-0.006848011104961693,0,92,92,91,0.06115887686610222,0.049489576369524,0.07867417866592571,0.006189627107232809,0.6803237315997401,8.645104048897087,0.1342349393994482,1,33,3,1,0
2,8,8,payload,20,12,14867254,10,125000.0,4,-27,0.3101939766016953,continuous,-3353.9808828034616,-1067.6052730677795,-0.011768818246281731,-0.006840733551209326,0.10141651072953169,0|1|2|3,1|1|1|1,0.4744985043183323|-0.25812667572856035|-0.011768818246281731|0.2431519888950383,2|-1|0|1,-0.006840860215321127|-0.006840438732466121|-0.006840733551209326|-0.006840596243343814,-0.025501495681667707|-0.00812667572856035|-0.011768818246281731|-0.006848011104961693,0,645,-379,644,-0.04294021055102348,-0.049321480095386505,0.0653947251769272,0.004276469815522432,-2.287139576141692,5.28934509572453,0.2063466209772713,1,33,3,1,0
2,8,8,payload,21,13,14871350,10,125000.0,4,-27,0.3101939766016953,continuous,-3521.677879861151,-1120.9848851145762,-0.011768818246281731,-0.006840733551209326,0.09457577717832236,0|1|2|3,1|1|1|1,0.4744985043183323|-0.25812667572856035|-0.011768818246281731|0.2431519888950383,2|-1|0|1,-0.006840860215321127|-0.006840438732466121|-0.006840733551209326|-0.006840596243343814,-0.025501495681667707|-0.00812667572856035|-0.011768818246281731|-0.006848011104961693,0,426,426,425,-0.03784628584980965,0.041315723210573196,0.056029727261858044,0.0031393305398523808,2.312395468648335,2.1957854831835157,0.33194930951236756,1,33,3,1,0
2,8,8,payload,22,14,14875446,10,125000.0,4,-27,0.3101939766016953,continuous,-3689.3748769188405,-1174.3644971613728,-0.011768818246281731,-0.006840733551209326,0.08773504362711303,0|1|2|3,1|1|1|1,0.4744985043183323|-0.25812667572856035|-0.011768818246281731|0.2431519888950383,2|-1|0|1,-0.006840860215321127|-0.006840438732466121|-0.006840733551209326|-0.006840596243343814,-0.025501495681667707|-0.00812667572856035|-0.011768818246281731|-0.006848011104961693,0,765,-259,764,-0.031114332377910614,-0.06226221099495888,0.0696037685567662,0.004844685085117817,-2.034228396685573,5.377261391096226,0.21410903220534294,1,33,3,1,0
2,8,8,payload,23,15,14879542,10,125000.0,4,-27,0.3101939766016953,continuous,-3857.07187397653,-1227.7441092081694,-0.011768818246281731,-0.006840733551209326,0.0808943100759037,0|1|2|3,1|1|1|1,0.4744985043183323|-0.25812667572856035|-0.011768818246281731|0.2431519888950383,2|-1|0|1,-0.006840860215321127|-0.006840438732466121|-0.006840733551209326|-0.006840596243343814,-0.025501495681667707|-0.00812667572856035|-0.011768818246281731|-0.006848011104961693,0,1023,-1,1022,0.05203752592206001,-0.04106118530035019,0.0662866882741834,0.004393925424665213,-0.6680399108921109,7.268894303104828,0.13131365280459306,1,33,3,1,0
2,8,8,payload,24,16,14883638,10,125000.0,4,-27,0.3101939766016953,continuous,-4024.7688710342195,-1281.123721254966,-0.011768818246281731,-0.006840733551209326,0.07405357652469437,0|1|2|3,1|1|1|1,0.4744985043183323|-0.25812667572856035|-0.011768818246281731|0.2431519888950383,2|-1|0|1,-0.006840860215321127|-0.006840438732466121|-0.006840733551209326|-0.006840596243343814,-0.025501495681667707|-0.00812667572856035|-0.011768818246281731|-0.006848011104961693,0,597,-427,596,-0.06053655222058296,0.03818017244338989,0.0715709418867906,0.005122399423271418,2.5789076887344047,8.63733038946748,0.13501985285560636,1,33,3,1,0
2,8,8,payload,25,17,14887734,10,125000.0,4,-27,0.3101939766016953,continuous,-4192.465868091908,-1334.5033333017625,-0.011768818246281731,-0.006840733551209326,0.06721284297348504,0|1|2|3,1|1|1|1,0.4744985043183323|-0.25812667572856035|-0.011768818246281731|0.2431519888950383,2|-1|0|1,-0.006840860215321127|-0.006840438732466121|-0.006840733551209326|-0.006840596243343814,-0.025501495681667707|-0.00812667572856035|-0.011768818246281731|-0.006848011104961693,0,562,-462,561,-0.05164157226681709,0.05125069245696068,0.07275634311526974,0.005293486639857292,2.3599933951008274,6.946512882213619,0.135997423031597,1,33,3,1,0
2,8,8,payload,26,18,14891830,10,125000.0,4,-27,0.3101939766016953,continuous,-4360.1628651495985,-1387.8829453485594,-0.011768818246281731,-0.006840733551209326,0.06037210942227571,0|1|2|3,1|1|1|1,0.4744985043183323|-0.25812667572856035|-0.011768818246281731|0.2431519888950383,2|-1|0|1,-0.006840860215321127|-0.006840438732466121|-0.006840733551209326|-0.006840596243343814,-0.025501495681667707|-0.00812667572856035|-0.011768818246281731|-0.006848011104961693,0,827,-197,826,-0.04772932082414627,-0.017732011154294014,0.050916719119659413,0.0025925119407474995,-2.7858835359471286,3.3550197698903776,0.1318839742820508,1,33,3,1,0
2,8,8,payload,27,19,14895926,10,125000.0,4,-27,0.3101939766016953,continuous,-4527.859862207288,-1441.262557395356,-0.011768818246281731,-0.006840733551209326,0.05353137587106638,0|1|2|3,1|1|1|1,0.4744985043183323|-0.25812667572856035|-0.011768818246281731|0.2431519888950383,2|-1|0|1,-0.006840860215321127|-0.006840438732466121|-0.006840733551209326|-0.006840596243343814,-0.025501495681667707|-0.00812667572856035|-0.011768818246281731|-0.006848011104961693,0,890,-134,889,-0.06577438861131668,-0.04170462489128113,0.0778816148684333,0.006065545603632927,-2.576507873412054,8.269753144280385,0.14193441032000464,1,33,3,1,0
2,8,8,payload,28,20,14900022,10,125000.0,4,-27,0.3101939766016953,continuous,-4695.556859264977,-1494.6421694421524,-0.011768818246281731,-0.006840733551209326,0.04669064231985705,0|1|2|3,1|1|1|1,0.4744985043183323|-0.25812667572856035|-0.011768818246281731|0.2431519888950383,2|-1|0|1,-0.006840860215321127|-0.006840438732466121|-0.006840733551209326|-0.006840596243343814,-0.025501495681667707|-0.00812667572856035|-0.011768818246281731|-0.006848011104961693,0,174,174,173,0.059959832578897476,-0.05714760720729828,0.08283133786441618,0.006861030589789152,-0.7613887154623372,8.179959349185191,0.1352430223185479,1,33,3,1,0
2,8,8,payload,29,21,14904118,10,125000.0,4,-27,0.3101939766016953,continuous,-4863.253856322666,-1548.021781488949,-0.011768818246281731,-0.006840733551209326,0.03984990876864772,0|1|2|3,1|1|1|1,0.4744985043183323|-0.25812667572856035|-0.011768818246281731|0.2431519888950383,2|-1|0|1,-0.006840860215321127|-0.006840438732466121|-0.006840733551209326|-0.006840596243343814,-0.025501495681667707|-0.00812667572856035|-0.011768818246281731|-0.006848011104961693,0,267,267,266,0.06383957713842392,-0.03546389564871788,0.07302862112758209,0.005333180073648691,-0.5070681471743994,8.579872688404393,0.12893980756963686,1,33,3,1,0
2,8,8,payload,30,22,14908214,10,125000.0,4,-27,0.3101939766016953,continuous,-5030.950853380356,-1601.401393535746,-0.011768818246281731,-0.006840733551209326,0.03300917521743839,0|1|2|3,1|1|1|1,0.4744985043183323|-0.25812667572856035|-0.011768818246281731|0.2431519888950383,2|-1|0|1,-0.006840860215321127|-0.006840438732466121|-0.006840733551209326|-0.006840596243343814,-0.025501495681667707|-0.00812667572856035|-0.011768818246281731|-0.006848011104961693,0,917,-107,916,-0.07907327264547348,-0.008339405059814453,0.07951181122083086,0.00632212869822979,-3.0365168098423116,8.08914041645965,0.14292915480609025,1,33,3,1,0
2,8,8,payload,31,23,14912310,10,125000.0,4,-27,0.3101939766016953,continuous,-5198.647850438046,-1654.7810055825423,-0.011768818246281731,-0.006840733551209326,0.026168441666229062,0|1|2|3,1|1|1|1,0.4744985043183323|-0.25812667572856035|-0.011768818246281731|0.2431519888950383,2|-1|0|1,-0.006840860215321127|-0.006840438732466121|-0.006840733551209326|-0.006840596243343814,-0.025501495681667707|-0.00812667572856035|-0.011768818246281731|-0.006848011104961693,0,656,-368,655,0.010285597294569016,0.07483897358179092,0.07554247466480063,0.005706665106117725,1.434215608505795,8.290599653267805,0.1338334026191461,1,33,3,1,0
2,8,8,payload,32,24,14916406,10,125000.0,4,-27,0.3101939766016953,continuous,-5366.344847495735,-1708.160617629339,-0.011768818246281731,-0.006840733551209326,0.019327708115019736,0|1|2|3,1|1|1|1,0.4744985043183323|-0.25812667572856035|-0.011768818246281731|0.2431519888950383,2|-1|0|1,-0.006840860215321127|-0.006840438732466121|-0.006840733551209326|-0.006840596243343814,-0.025501495681667707|-0.00812667572856035|-0.011768818246281731|-0.006848011104961693,0,889,-135,888,-0.06437192112207413,0.021532457321882248,0.06787776474859211,0.004607390612363815,2.8187917724774434,5.0857664878426645,0.13408900509416455,1,33,3,1,0
2,8,8,payload,33,25,14920502,10,125000.0,4,-27,0.3101939766016953,continuous,-5534.041844553424,-1761.5402296761356,-0.011768818246281731,-0.006840733551209326,0.01248697456381041,0|1|2|3,1|1|1|1,0.4744985043183323|-0.25812667572856035|-0.011768818246281731|0.2431519888950383,2|-1|0|1,-0.006840860215321127|-0.006840438732466121|-0.006840733551209326|-0.006840596243343814,-0.025501495681667707|-0.00812667572856035|-0.011768818246281731|-0.006848011104961693,0,66,66,65,-0.04709304869174957,-0.019140472635626793,0.05083417086762283,0.0025841130409389734,-2.7555473855228554,1.3687176978491291,0.33317581104321903,1,33,3,1,0
2,8,8,payload,34,26,14924598,10,125000.0,4,-27,0.3101939766016953,continuous,-5701.7388416111135,-1814.919841722932,-0.011768818246281731,-0.006840733551209326,0.005646241012601083,0|1|2|3,1|1|1|1,0.4744985043183323|-0.25812667572856035|-0.011768818246281731|0.2431519888950383,2|-1|0|1,-0.006840860215321127|-0.006840438732466121|-0.006840733551209326|-0.006840596243343814,-0.025501495681667707|-0.00812667572856035|-0.011768818246281731|-0.006848011104961693,0,586,-438,585,0.05359427258372307,0.03690445423126221,0.06507138231116454,0.00423428462818265,0.6030268005400758,3.0861536344358282,0.3188478791068974,1,33,3,1,0
2,8,8,payload,35,27,14928694,10,125000.0,4,-27,0.3101939766016953,continuous,-5869.435838668804,-1868.2994537697289,-0.011768818246281731,-0.006840733551209326,-0.0011944925386082432,0|1|2|3,1|1|1|1,0.4744985043183323|-0.25812667572856035|-0.011768818246281731|0.2431519888950383,2|-1|0|1,-0.006840860215321127|-0.006840438732466121|-0.006840733551209326|-0.006840596243343814,-0.025501495681667707|-0.00812667572856035|-0.011768818246281731|-0.006848011104961693,0,425,425,424,0.046833235770463943,-0.06356260180473328,0.07895287405103721,0.006233555730432272,-0.9357937122156105,8.799747081935871,0.13642373274443287,1,33,3,1,0
2,8,8,payload,36,28,14932790,10,125000.0,4,-27,0.3101939766016953,continuous,-6037.132835726493,-1921.6790658165255,-0.011768818246281731,-0.006840733551209326,-0.00803522608981757,0|1|2|3,1|1|1|1,0.4744985043183323|-0.25812667572856035|-0.011768818246281731|0.2431519888950383,2|-1|0|1,-0.006840860215321127|-0.006840438732466121|-0.006840733551209326|-0.006840596243343814,-0.025501495681667707|-0.00812667572856035|-0.011768818246281731|-0.006848011104961693,0,860,-164,859,0.028856899589300156,0.059903111308813095,0.06649137837632035,0.004421102814376354,1.1218743192042508,5.896586256812517,0.1333574924519798,1,33,3,1,0
2,8,8,payload,37,29,14936886,10,125000.0,4,-27,0.3101939766016953,continuous,-6204.829832784182,-1975.058677863322,-0.011768818246281731,-0.006840733551209326,-0.014875959641026896,0|1|2|3,1|1|1|1,0.4744985043183323|-0.25812667572856035|-0.011768818246281731|0.2431519888950383,2|-1|0|1,-0.006840860215321127|-0.006840438732466121|-0.006840733551209326|-0.006840596243343814,-0.025501495681667707|-0.00812667572856035|-0.011768818246281731|-0.006848011104961693,0,553,-471,552,0.05615542456507683,-0.05311804264783859,0.07729785354601791,0.0059749591164290905,-0.7576091666388123,7.049539983819608,0.13661925692900923,1,33,3,1,0
2,8,8,payload,38,30,14940982,10,125000.0,4,-27,0.3101939766016953,continuous,-6372.526829841871,-2028.4382899101186,-0.011768818246281731,-0.006840733551209326,-0.021716693192236222,0|1|2|3,1|1|1|1,0.4744985043183323|-0.25812667572856035|-0.011768818246281731|0.2431519888950383,2|-1|0|1,-0.006840860215321127|-0.006840438732466121|-0.006840733551209326|-0.006840596243343814,-0.025501495681667707|-0.00812667572856035|-0.011768818246281731|-0.006848011104961693,0,629,-395,628,0.05790625140070915,-0.03582534193992615,0.06809250381939823,0.0046365889720618725,-0.5540404621023971,6.729021867455138,0.13013006251492953,1,33,3,1,0
2,8,8,payload,39,31,14945078,10,125000.0,4,-27,0.3101939766016953,continuous,-6540.223826899562,-2081.817901956915,-0.011768818246281731,-0.006840733551209326,-0.02855742674344555,0|1|2|3,1|1|1|1,0.4744985043183323|-0.25812667572856035|-0.011768818246281731|0.2431519888950383,2|-1|0|1,-0.006840860215321127|-0.006840438732466121|-0.006840733551209326|-0.006840596243343814,-0.025501495681667707|-0.00812667572856035|-0.011768818246281731|-0.006848011104961693,0,759,-265,758,0.06893479079008102,-0.012627518735826015,0.07008180655987599,0.004911459982395172,-0.18117203732747184,7.208979409512111,0.127340395766268,1,33,3,1,0
2,8,8,payload,40,32,14949174,10,125000.0,4,-27,0.3101939766016953,continuous,-6707.920823957251,-2135.197514003712,-0.011768818246281731,-0.006840733551209326,-0.035398160294654875,0|1|2|3,1|1|1|1,0.4744985043183323|-0.25812667572856035|-0.011768818246281731|0.2431519888950383,2|-1|0|1,-0.006840860215321127|-0.006840438732466121|-0.006840733551209326|-0.006840596243343814,-0.025501495681667707|-0.00812667572856035|-0.011768818246281731|-0.006848011104961693,0,494,494,493,-0.031897224485874176,-0.06678073853254318,0.07400743184879575,0.005477099679410458,-2.01639734571156,8.23347723504331,0.1412162511250834,1,33,3,1,0
2,8,8,payload,41,33,14953270,10,125000.0,4,-27,0.3101939766016953,continuous,-6875.61782101494,-2188.5771260505085,-0.011768818246281731,-0.006840733551209326,-0.0422388938458642,0|1|2|3,1|1|1|1,0.4744985043183323|-0.25812667572856035|-0.011768818246281731|0.2431519888950383,2|-1|0|1,-0.006840860215321127|-0.006840438732466121|-0.006840733551209326|-0.006840596243343814,-0.025501495681667707|-0.00812667572856035|-0.011768818246281731|-0.006848011104961693,0,303,303,302,-0.07150992751121521,0.02937781810760498,0.07730928747196404,0.005976725835353136,2.7517923175642562,7.766437945739111,0.13247052231269763,1,33,3,1,0
2,8,8,payload,42,34,14957366,10,125000.0,4,-27,0.3101939766016953,continuous,-7043.314818072629,-2241.956738097305,-0.011768818246281731,-0.006840733551209326,-0.04907962739707353,0|1|2|3,1|1|1|1,0.4744985043183323|-0.25812667572856035|-0.011768818246281731|0.2431519888950383,2|-1|0|1,-0.006840860215321127|-0.006840438732466121|-0.006840733551209326|-0.006840596243343814,-0.025501495681667707|-0.00812667572856035|-0.011768818246281731|-0.006848011104961693,0,1022,-2,1021,0.05910560488700867,0.047377776354551315,0.07575042060187563,0.0057381256483495235,0.6757026421199258,7.5310230493204875,0.14024820279175287,1,33,3,1,0
2,8,8,payload,43,35,14961462,10,125000.0,4,-27,0.3101939766016953,continuous,-7211.011815130319,-2295.3363501441017,-0.011768818246281731,-0.006840733551209326,-0.05592036094828286,0|1|2|3,1|1|1|1,0.4744985043183323|-0.25812667572856035|-0.011768818246281731|0.2431519888950383,2|-1|0|1,-0.006840860215321127|-0.006840438732466121|-0.006840733551209326|-0.006840596243343814,-0.025501495681667707|-0.00812667572856035|-0.011768818246281731|-0.006848011104961693,0,720,-304,719,-0.01842389442026615,-0.08034466207027435,0.08242999823362668,0.006794704589992762,-1.7962099922156858,8.553168591955004,0.14788092031520206,1,33,3,1,0
2,8,8,payload,44,36,14965558,10,125000.0,4,-27,0.3101939766016953,continuous,-7378.708812188009,-2348.7159621908986,-0.011768818246281731,-0.006840733551209326,-0.06276109449949219,0|1|2|3,1|1|1|1,0.4744985043183323|-0.25812667572856035|-0.011768818246281731|0.2431519888950383,2|-1|0|1,-0.006840860215321127|-0.006840438732466121|-0.006840733551209326|-0.006840596243343814,-0.025501495681667707|-0.00812667572856035|-0.011768818246281731|-0.006848011104961693,0,314,314,313,-0.029468124732375145,0.06459888815879822,0.0710027233744998,0.005041386466473341,1.9987700051900859,7.268517321337682,0.1382405983010493,1,33,3,1,0
2,8,8,payload,45,37,14969654,10,125000.0,4,-27,0.3101939766016953,continuous,-7546.405809245698,-2402.095574237695,-0.011768818246281731,-0.006840733551209326,-0.06960182805070152,0|1|2|3,1|1|1|1,0.4744985043183323|-0.25812667572856035|-0.011768818246281731|0.2431519888950383,2|-1|0|1,-0.006840860215321127|-0.006840438732466121|-0.006840733551209326|-0.006840596243343814,-0.025501495681667707|-0.00812667572856035|-0.011768818246281731|-0.006848011104961693,0,602,-422,601,-0.07016465067863464,-0.034546177834272385,0.07820816202809013,0.00611651549115777,-2.6840767308405353,6.610245064152251,0.2075044332826934,1,33,3,1,0
2,8,8,payload,46,38,14973750,10,125000.0,4,-27,0.3101939766016953,continuous,-7714.102806303387,-2455.4751862844914,-0.011768818246281731,-0.006840733551209326,-0.07644256160191085,0|1|2|3,1|1|1|1,0.4744985043183323|-0.25812667572856035|-0.011768818246281731|0.2431519888950383,2|-1|0|1,-0.006840860215321127|-0.006840438732466121|-0.006840733551209326|-0.006840596243343814,-0.025501495681667707|-0.00812667572856035|-0.011768818246281731|-0.006848011104961693,0,7,7,6,0.07697238773107529,-0.04415133595466614,0.0887360633542236,0.007874087430536747,-0.5207812554254067,6.318096373779884,0.3090959800199471,1,33,3,1,0
2,8,8,payload,47,39,14977846,10,125000.0,4,-27,0.3101939766016953,continuous,-7881.799803361077,-2508.8547983312883,-0.011768818246281731,-0.006840733551209326,-0.08328329515312018,0|1|2|3,1|1|1|1,0.4744985043183323|-0.25812667572856035|-0.011768818246281731|0.2431519888950383,2|-1|0|1,-0.006840860215321127|-0.006840438732466121|-0.006840733551209326|-0.006840596243343814,-0.025501495681667707|-0.00812667572856035|-0.011768818246281731|-0.006848011104961693,0,414,414,413,0.0006481906166300178,0.07036294043064117,0.07036592596648925,0.004951363895088434,1.5615844849100515,5.756088569672745,0.2133298289860477,1,33,3,1,0
2,8,8,payload,48,40,14981942,10,125000.0,4,-27,0.3101939766016953,continuous,-8049.496800418767,-2562.2344103780847,-0.011768818246281731,-0.006840733551209326,-0.0901240287043295,0|1|2|3,1|1|1|1,0.4744985043183323|-0.25812667572856035|-0.011768818246281731|0.2431519888950383,2|-1|0|1,-0.006840860215321127|-0.006840438732466121|-0.006840733551209326|-0.006840596243343814,-0.025501495681667707|-0.00812667572856035|-0.011768818246281731|-0.006848011104961693,0,807,-217,806,-0.060110922902822495,-0.017137683928012848,0.06250618579505184,0.003907022997736931,-2.863860091046915,6.658944349737794,0.13254777464361212,1,33,3,1,0
2,8,8,payload,49,41,14986038,10,125000.0,4,-27,0.3101939766016953,continuous,-8217.193797476455,-2615.614022424881,-0.011768818246281731,-0.006840733551209326,-0.09696476225553884,0|1|2|3,1|1|1|1,0.4744985043183323|-0.25812667572856035|-0.011768818246281731|0.2431519888950383,2|-1|0|1,-0.006840860215321127|-0.006840438732466121|-0.006840733551209326|-0.006840596243343814,-0.025501495681667707|-0.00812667572856035|-0.011768818246281731|-0.006848011104961693,0,195,195,194,0.06032916158437729,-0.03639880567789078,0.07045907175269028,0.004964481107890606,-0.5428694471390965,6.646083346592797,0.1347184653234521,1,33,3,1,0
2,8,8,payload,50,42,14990134,10,125000.0,4,-27,0.3101939766016953,continuous,-8384.890794534145,-2668.993634471678,-0.011768818246281731,-0.006840733551209326,-0.10380549580674817,0|1|2|3,1|1|1|1,0.4744985043183323|-0.25812667572856035|-0.011768818246281731|0.2431519888950383,2|-1|0|1,-0.006840860215321127|-0.006840438732466121|-0.006840733551209326|-0.006840596243343814,-0.025501495681667707|-0.00812667572856035|-0.011768818246281731|-0.006848011104961693,0,826,-198,825,-0.07791520655155182,0.01291011180728674,0.07897753097462358,0.006237449590116739,2.9773901341556535,8.160463295199289,0.13951478200976553,1,33,3,1,0
2,8,8,payload,51,43,14994230,10,125000.0,4,-27,0.3101939766016953,continuous,-8552.587791591835,-2722.373246518475,-0.011768818246281731,-0.006840733551209326,-0.1106462293579575,0|1|2|3,1|1|1|1,0.4744985043183323|-0.25812667572856035|-0.011768818246281731|0.2431519888950383,2|-1|0|1,-0.006840860215321127|-0.006840438732466121|-0.006840733551209326|-0.006840596243343814,-0.025501495681667707|-0.00812667572856035|-0.011768818246281731|-0.006848011104961693,0,928,-96,927,-0.06725498288869858,-0.007910587824881077,0.06771860987272475,0.004585811402648687,-3.0245097664203735,8.078466805467032,0.13328404891328205,1,33,3,1,0
2,8,8,payload,52,44,14998326,10,125000.0,4,-27,0.3101939766016953,continuous,-8720.284788649524,-2775.7528585652713,-0.011768818246281731,-0.006840733551209326,-0.11748696290916683,0|1|2|3,1|1|1|1,0.4744985043183323|-0.25812667572856035|-0.011768818246281731|0.2431519888950383,2|-1|0|1,-0.006840860215321127|-0.006840438732466121|-0.006840733551209326|-0.006840596243343814,-0.025501495681667707|-0.00812667572856035|-0.011768818246281731|-0.006848011104961693,0,761,-263,760,-0.01513305027037859,0.073587566614151,0.07512748611978119,0.005644139833748341,1.7736155939930696,8.001909471297221,0.13132413962934208,1,33,3,1,0
2,8,8,payload,53,45,15002422,10,125000.0,4,-27,0.3101939766016953,continuous,-8887.981785707214,-2829.132470612068,-0.011768818246281731,-0.006840733551209326,-0.12432769646037616,0|1|2|3,1|1|1|1,0.4744985043183323|-0.25812667572856035|-0.011768818246281731|0.2431519888950383,2|-1|0|1,-0.006840860215321127|-0.006840438732466121|-0.006840733551209326|-0.006840596243343814,-0.025501495681667707|-0.00812667572856035|-0.011768818246281731|-0.006848011104961693,0,590,-434,589,0.06263630837202072,0.028983863070607185,0.06901718224450039,0.004763372242450714,0.43339178061788963,6.327960750227566,0.1284867826019962,1,33,3,1,0
2,8,8,payload,54,46,15006518,10,125000.0,4,-27,0.3101939766016953,continuous,-9055.678782764902,-2882.512082658864,-0.011768818246281731,-0.006840733551209326,-0.13116843001158549,0|1|2|3,1|1|1|1,0.4744985043183323|-0.25812667572856035|-0.011768818246281731|0.2431519888950383,2|-1|0|1,-0.006840860215321127|-0.006840438732466121|-0.006840733551209326|-0.006840596243343814,-0.025501495681667707|-0.00812667572856035|-0.011768818246281731|-0.006848011104961693,1,383,383,382,0.030407974496483803,-0.06058485060930252,0.06778767613903218,0.004595169331878424,-1.105624098792546,7.6338507477729785,0.13530407052047622,1,33,3,1,0
2,8,8,payload,55,47,15010615,10,125000.0,4,-27,0.3101939766016953,continuous,-9223.416721472266,-2935.904726837509,-0.011768818246281731,-0.006840733551209326,0.11199083643720519,0|1|2|3,1|1|1|1,0.4744985043183323|-0.25812667572856035|-0.011768818246281731|0.2431519888950383,2|-1|0|1,-0.006840860215321127|-0.006840438732466121|-0.006840733551209326|-0.006840596243343814,-0.025501495681667707|-0.00812667572856035|-0.011768818246281731|-0.006848011104961693,0,267,267,266,-0.05778895691037178,-0.04582330211997032,0.07375187155568924,0.005439337808638811,-2.471170094035626,8.404539518397222,0.13028265484047097,1,33,3,1,0
2,8,8,payload,56,48,15014711,10,125000.0,4,-27,0.3101939766016953,continuous,-9391.113718529954,-2989.284338884305,-0.011768818246281731,-0.006840733551209326,0.10515010288599586,0|1|2|3,1|1|1|1,0.4744985043183323|-0.25812667572856035|-0.011768818246281731|0.2431519888950383,2|-1|0|1,-0.006840860215321127|-0.006840438732466121|-0.006840733551209326|-0.006840596243343814,-0.025501495681667707|-0.00812667572856035|-0.011768818246281731|-0.006848011104961693,0,314,314,313,-0.05547823756933212,-0.03305891156196594,0.06458116193954039,0.004170726519078016,-2.6042008977071895,7.469277048197061,0.12320691959346419,1,33,3,1,0
3,9,9,header,0,0,16285700,10,125000.0,4,-27,0.30009089383712184,continuous,-0.0,-0.0,-0.005624259930170572,-0.006843323022904161,-0.005624259930170572,0|1|2|3,1|1|1|1,-0.48082066412486046|-0.22598212080556318|-0.005624259930170572|0.1777714817708541,-2|-1|0|1,-0.006843237722485506|-0.006843774004475343|-0.006843323022904161|-0.0068428090174160695,0.019179335875139536|0.02401787919443682|-0.005624259930170572|-0.07222851822914589,0,337,337,84,-0.022072818130254745,0.0769934430718422,0.08009494101544933,0.006415199488401413,1.8499926430854048,7.909132218016433,0.12933846894563672,1,33,3,1,0
3,9,9,header,1,1,16289796,10,125000.0,4,-27,0.30009089383712184,continuous,-167.76047659887303,-53.399818212325755,-0.005624259930170572,-0.006843323022904161,-0.012467582953074733,0|1|2|3,1|1|1|1,-0.48082066412486046|-0.22598212080556318|-0.005624259930170572|0.1777714817708541,-2|-1|0|1,-0.006843237722485506|-0.006843774004475343|-0.006843323022904161|-0.0068428090174160695,0.019179335875139536|0.02401787919443682|-0.005624259930170572|-0.07222851822914589,0,689,-335,172,-0.047776151448488235,-0.060832660645246506,0.07735097445028477,0.005983173381537199,-2.236552706276215,8.818975766795155,0.12717253977075416,1,33,3,1,0
3,9,9,header,2,2,16293892,10,125000.0,4,-27,0.30009089383712184,continuous,-335.52095319774605,-106.79963642465151,-0.005624259930170572,-0.006843323022904161,-0.019310905975978895,0|1|2|3,1|1|1|1,-0.48082066412486046|-0.22598212080556318|-0.005624259930170572|0.1777714817708541,-2|-1|0|1,-0.006843237722485506|-0.006843774004475343|-0.006843323022904161|-0.0068428090174160695,0.019179335875139536|0.02401787919443682|-0.005624259930170572|-0.07222851822914589,0,57,57,14,0.09325699508190155,-0.021806268021464348,0.09577254542263011,0.009172380901873112,-0.22970274969284166,10.787274674748517,0.13419868407081736,1,33,3,1,0
3,9,9,header,3,3,16297988,10,125000.0,4,-27,0.30009089383712184,continuous,-503.2814297966191,-160.19945463697726,-0.005624259930170572,-0.006843323022904161,-0.026154228998883054,0|1|2|3,1|1|1|1,-0.48082066412486046|-0.22598212080556318|-0.005624259930170572|0.1777714817708541,-2|-1|0|1,-0.006843237722485506|-0.006843774004475343|-0.006843323022904161|-0.0068428090174160695,0.019179335875139536|0.02401787919443682|-0.005624259930170572|-0.07222851822914589,0,81,81,20,0.07429736852645874,0.029185250401496887,0.07982404281264195,0.006371878087520599,0.374298618170297,7.9103589029971815,0.13670796315427935,1,33,3,1,0
3,9,9,header,4,4,16302084,10,125000.0,4,-27,0.30009089383712184,continuous,-671.0419063954921,-213.59927284930302,-0.005624259930170572,-0.006843323022904161,-0.03299755202178722,0|1|2|3,1|1|1|1,-0.48082066412486046|-0.22598212080556318|-0.005624259930170572|0.1777714817708541,-2|-1|0|1,-0.006843237722485506|-0.006843774004475343|-0.006843323022904161|-0.0068428090174160695,0.019179335875139536|0.02401787919443682|-0.005624259930170572|-0.07222851822914589,0,689,-335,172,-0.048705168068408966,-0.030914051458239555,0.05768771077217961,0.0033278719056397676,-2.5760355479176615,3.066263973764533,0.2421468373039204,1,33,3,1,0
3,9,9,header,5,5,16306180,10,125000.0,4,-27,0.30009089383712184,continuous,-838.8023829943652,-266.9990910616288,-0.005624259930170572,-0.006843323022904161,-0.03984087504469138,0|1|2|3,1|1|1|1,-0.48082066412486046|-0.22598212080556318|-0.005624259930170572|0.1777714817708541,-2|-1|0|1,-0.006843237722485506|-0.006843774004475343|-0.006843323022904161|-0.0068428090174160695,0.019179335875139536|0.02401787919443682|-0.005624259930170572|-0.07222851822914589,0,57,57,14,0.08505214750766754,-0.01394602656364441,0.0861879310146143,0.007428359240293503,-0.16252404875167042,4.771277614484016,0.29637320855550797,1,33,3,1,0
3,9,9,header,6,6,16310276,10,125000.0,4,-27,0.30009089383712184,continuous,-1006.5628595932382,-320.39890927395453,-0.005624259930170572,-0.006843323022904161,-0.04668419806759554,0|1|2|3,1|1|1|1,-0.48082066412486046|-0.22598212080556318|-0.005624259930170572|0.1777714817708541,-2|-1|0|1,-0.006843237722485506|-0.006843774004475343|-0.006843323022904161|-0.0068428090174160695,0.019179335875139536|0.02401787919443682|-0.005624259930170572|-0.07222851822914589,0,729,-295,182,-0.059213146567344666,-0.0412508100271225,0.0721652690308821,0.00520782545208931,-2.5331188759621233,7.507252800921352,0.15581979350687902,1,33,3,1,0
3,9,9,header,7,7,16314372,10,125000.0,4,-27,0.30009089383712184,continuous,-1174.3233361921111,-373.79872748628026,-0.005624259930170572,-0.006843323022904161,-0.053527521090499706,0|1|2|3,1|1|1|1,-0.48082066412486046|-0.22598212080556318|-0.005624259930170572|0.1777714817708541,-2|-1|0|1,-0.006843237722485506|-0.006843774004475343|-0.006843323022904161|-0.0068428090174160695,0.019179335875139536|0.02401787919443682|-0.005624259930170572|-0.07222851822914589,0,409,409,102,0.0005545817548409104,0.0782277062535286,0.07822967203440878,0.006119881756603718,1.5637071190083531,6.867343945432199,0.13662878679787127,1,33,3,1,0
3,9,9,payload,8,0,16318468,10,125000.0,4,-27,0.30009089383712184,continuous,-1342.0838127909842,-427.19854569860604,-0.005624259930170572,-0.006843323022904161,-0.06037084411340387,0|1|2|3,1|1|1|1,-0.48082066412486046|-0.22598212080556318|-0.005624259930170572|0.1777714817708541,-2|-1|0|1,-0.006843237722485506|-0.006843774004475343|-0.006843323022904161|-0.0068428090174160695,0.019179335875139536|0.02401787919443682|-0.005624259930170572|-0.07222851822914589,0,803,-221,802,-0.05137293040752411,-0.049441684037446976,0.07129977629077847,0.005083658266812563,-2.3753485602386943,7.143782499909774,0.12803662817073302,1,33,3,1,0
3,9,9,payload,9,1,16322564,10,125000.0,4,-27,0.30009089383712184,continuous,-1509.8442893898573,-480.5983639109318,-0.005624259930170572,-0.006843323022904161,-0.06721416713630803,0|1|2|3,1|1|1|1,-0.48082066412486046|-0.22598212080556318|-0.005624259930170572|0.1777714817708541,-2|-1|0|1,-0.006843237722485506|-0.006843774004475343|-0.006843323022904161|-0.0068428090174160695,0.019179335875139536|0.02401787919443682|-0.005624259930170572|-0.07222851822914589,0,711,-313,710,-0.07908398658037186,-0.014584807679057121,0.08041761963947652,0.006466993130743504,-2.9592200536156295,8.782473591948284,0.1283894962776344,1,33,3,1,0
3,9,9,payload,10,2,16326660,10,125000.0,4,-27,0.30009089383712184,continuous,-1677.6047659887304,-533.9981821232576,-0.005624259930170572,-0.006843323022904161,-0.07405749015921219,0|1|2|3,1|1|1|1,-0.48082066412486046|-0.22598212080556318|-0.005624259930170572|0.1777714817708541,-2|-1|0|1,-0.006843237722485506|-0.006843774004475343|-0.006843323022904161|-0.0068428090174160695,0.019179335875139536|0.02401787919443682|-0.005624259930170572|-0.07222851822914589,0,922,-102,921,-0.026110868901014328,-0.08303287625312805,0.08704157635080625,0.007576235104352236,-1.8754696630512089,8.693527556572423,0.13127167284372376,1,33,3,1,0
3,9,9,payload,11,3,16330756,10,125000.0,4,-27,0.30009089383712184,continuous,-1845.3652425876032,-587.3980003355832,-0.005624259930170572,-0.006843323022904161,-0.08090081318211635,0|1|2|3,1|1|1|1,-0.48082066412486046|-0.22598212080556318|-0.005624259930170572|0.1777714817708541,-2|-1|0|1,-0.006843237722485506|-0.006843774004475343|-0.006843323022904161|-0.0068428090174160695,0.019179335875139536|0.02401787919443682|-0.005624259930170572|-0.07222851822914589,0,718,-306,717,-0.06949324905872345,0.012219063006341457,0.07055931664557637,0.004978617187589407,2.9675408565947614,7.524195071256453,0.13226166321908295,1,33,3,1,0
3,9,9,payload,12,4,16334852,10,125000.0,4,-27,0.30009089383712184,continuous,-2013.1257191864763,-640.7978185479091,-0.005624259930170572,-0.006843323022904161,-0.08774413620502051,0|1|2|3,1|1|1|1,-0.48082066412486046|-0.22598212080556318|-0.005624259930170572|0.1777714817708541,-2|-1|0|1,-0.006843237722485506|-0.006843774004475343|-0.006843323022904161|-0.0068428090174160695,0.019179335875139536|0.02401787919443682|-0.005624259930170572|-0.07222851822914589,0,756,-268,755,-0.06920722872018814,0.01729634404182434,0.0713358537086477,0.005088804755359888,2.896688287219796,6.598090355247006,0.13025976974422804,1,33,3,1,0
3,9,9,payload,13,5,16338948,10,125000.0,4,-27,0.30009089383712184,continuous,-2180.886195785349,-694.1976367602348,-0.005624259930170572,-0.006843323022904161,-0.09458745922792468,0|1|2|3,1|1|1|1,-0.48082066412486046|-0.22598212080556318|-0.005624259930170572|0.1777714817708541,-2|-1|0|1,-0.006843237722485506|-0.006843774004475343|-0.006843323022904161|-0.0068428090174160695,0.019179335875139536|0.02401787919443682|-0.005624259930170572|-0.07222851822914589,0,109,109,108,0.037071045488119125,-0.06325016915798187,0.07331334334277437,0.005374846048653126,-1.0406586872890586,8.191132502072659,0.13520200319438658,1,33,3,1,0
3,9,9,payload,14,6,16343044,10,125000.0,4,-27,0.30009089383712184,continuous,-2348.6466723842223,-747.5974549725605,-0.005624259930170572,-0.006843323022904161,-0.10143078225082884,0|1|2|3,1|1|1|1,-0.48082066412486046|-0.22598212080556318|-0.005624259930170572|0.1777714817708541,-2|-1|0|1,-0.006843237722485506|-0.006843774004475343|-0.006843323022904161|-0.0068428090174160695,0.019179335875139536|0.02401787919443682|-0.005624259930170572|-0.07222851822914589,0,932,-92,931,-0.04822997748851776,-0.05488857999444008,0.07306768740249672,0.0053388867527246475,-2.291711712094593,8.687903028189792,0.12812436358696289,1,33,3,1,0
3,9,9,payload,15,7,16347140,10,125000.0,4,-27,0.30009089383712184,continuous,-2516.4071489830953,-800.9972731848862,-0.005624259930170572,-0.006843323022904161,-0.108274105273733,0|1|2|3,1|1|1|1,-0.48082066412486046|-0.22598212080556318|-0.005624259930170572|0.1777714817708541,-2|-1|0|1,-0.006843237722485506|-0.006843774004475343|-0.006843323022904161|-0.0068428090174160695,0.019179335875139536|0.02401787919443682|-0.005624259930170572|-0.07222851822914589,0,468,468,467,0.04889653995633125,0.07152450829744339,0.0866407923953385,0.007506626658141613,0.9711393453820888,9.646733423921615,0.12630082077903637,1,33,3,1,0
3,9,9,payload,16,8,16351236,10,125000.0,4,-27,0.30009089383712184,continuous,-2684.1676255819684,-854.3970913972121,-0.005624259930170572,-0.006843323022904161,-0.11511742829663717,0|1|2|3,1|1|1|1,-0.48082066412486046|-0.22598212080556318|-0.005624259930170572|0.1777714817708541,-2|-1|0|1,-0.006843237722485506|-0.006843774004475343|-0.006843323022904161|-0.0068428090174160695,0.019179335875139536|0.02401787919443682|-0.005624259930170572|-0.07222851822914589,0,89,89,88,-0.01816527545452118,-0.07020261138677597,0.0725147149057439,0.005258383695036173,-1.8239978483271786,6.742313071348768,0.14741932887062603,1,33,3,1,0
3,9,9,payload,17,9,16355332,10,125000.0,4,-27,0.30009089383712184,continuous,-2851.9281021808415,-907.7969096095378,-0.005624259930170572,-0.006843323022904161,-0.12196075131954133,0|1|2|3,1|1|1|1,-0.48082066412486046|-0.22598212080556318|-0.005624259930170572|0.1777714817708541,-2|-1|0|1,-0.006843237722485506|-0.006843774004475343|-0.006843323022904161|-0.0068428090174160695,0.019179335875139536|0.02401787919443682|-0.005624259930170572|-0.07222851822914589,0,713,-311,712,-0.03324158489704132,0.05819132924079895,0.0670166678168817,0.004491233732551336,2.0898050693810895,2.4060760841489066,0.3172446801220943,1,33,3,1,0
3,9,9,payload,18,10,16359428,10,125000.0,4,-27,0.30009089383712184,continuous,-3019.6885787797146,-961.1967278218636,-0.005624259930170572,-0.006843323022904161,-0.12880407434244548,0|1|2|3,1|1|1|1,-0.48082066412486046|-0.22598212080556318|-0.005624259930170572|0.1777714817708541,-2|-1|0|1,-0.006843237722485506|-0.006843774004475343|-0.006843323022904161|-0.0068428090174160695,0.019179335875139536|0.02401787919443682|-0.005624259930170572|-0.07222851822914589,1,865,-159,864,-0.06950017064809799,0.05381844937801361,0.08790164511298156,0.007726699113845825,2.482679879411546,5.7722821249218494,0.23248174370701236,1,33,3,1,0
3,9,9,payload,19,11,16363525,10,125000.0,4,-27,0.30009089383712184,continuous,-3187.4900125261947,-1014.6095830991826,-0.005624259930170572,-0.006843323022904161,0.11435260263465036,0|1|2|3,1|1|1|1,-0.48082066412486046|-0.22598212080556318|-0.005624259930170572|0.1777714817708541,-2|-1|0|1,-0.006843237722485506|-0.006843774004475343|-0.006843323022904161|-0.0068428090174160695,0.019179335875139536|0.02401787919443682|-0.005624259930170572|-0.07222851822914589,0,92,92,91,-0.05865888297557831,-0.0518767349421978,0.07830747205858223,0.006132060196250677,-2.417474794432345,8.308615454613886,0.1251029499262586,1,33,3,1,0
3,9,9,payload,20,12,16367621,10,125000.0,4,-27,0.30009089383712184,continuous,-3355.250489125068,-1068.0094013115083,-0.005624259930170572,-0.006843323022904161,0.1075092796117462,0|1|2|3,1|1|1|1,-0.48082066412486046|-0.22598212080556318|-0.005624259930170572|0.1777714817708541,-2|-1|0|1,-0.006843237722485506|-0.006843774004475343|-0.006843323022904161|-0.0068428090174160695,0.019179335875139536|0.02401787919443682|-0.005624259930170572|-0.07222851822914589,0,645,-379,644,0.04413936659693718,0.05827387794852257,0.0731035466631963,0.005344128701835871,0.9225462307195967,8.2110310632522,0.13211478282967448,1,33,3,1,0
3,9,9,payload,21,13,16371717,10,125000.0,4,-27,0.30009089383712184,continuous,-3523.010965723941,-1121.409219523834,-0.005624259930170572,-0.006843323022904161,0.10066595658884203,0|1|2|3,1|1|1|1,-0.48082066412486046|-0.22598212080556318|-0.005624259930170572|0.1777714817708541,-2|-1|0|1,-0.006843237722485506|-0.006843774004475343|-0.006843323022904161|-0.0068428090174160695,0.019179335875139536|0.02401787919443682|-0.005624259930170572|-0.07222851822914589,0,426,426,425,0.05656158924102783,-0.050770267844200134,0.07600548318669238,0.005776834208518267,-0.7314932826254127,6.942884708750585,0.1332773743393929,1,33,3,1,0
3,9,9,payload,22,14,16375813,10,125000.0,4,-27,0.30009089383712184,continuous,-3690.7714423228135,-1174.8090377361598,-0.005624259930170572,-0.006843323022904161,0.09382263356593787,0|1|2|3,1|1|1|1,-0.48082066412486046|-0.22598212080556318|-0.005624259930170572|0.1777714817708541,-2|-1|0|1,-0.006843237722485506|-0.006843774004475343|-0.006843323022904161|-0.0068428090174160695,0.019179335875139536|0.02401787919443682|-0.005624259930170572|-0.07222851822914589,0,765,-259,764,0.04211076349020004,0.06127902492880821,0.07435344846039801,0.005528435576707125,0.9687147449525197,7.294478835218436,0.12494938826926472,1,33,3,1,0
3,9,9,payload,23,15,16379909,10,125000.0,4,-27,0.30009089383712184,continuous,-3858.5319189216866,-1228.2088559484855,-0.005624259930170572,-0.006843323022904161,0.0869793105430337,0|1|2|3,1|1|1|1,-0.48082066412486046|-0.22598212080556318|-0.005624259930170572|0.1777714817708541,-2|-1|0|1,-0.006843237722485506|-0.006843774004475343|-0.006843323022904161|-0.0068428090174160695,0.019179335875139536|0.02401787919443682|-0.005624259930170572|-0.07222851822914589,0,1023,-1,1022,-0.058931976556777954,0.038882263004779816,0.07060317441348862,0.004984808620065451,2.558371447924488,7.291030630384528,0.14296921481241753,1,33,3,1,0
3,9,9,payload,24,16,16384005,10,125000.0,4,-27,0.30009089383712184,continuous,-4026.2923955205597,-1281.6086741608112,-0.005624259930170572,-0.006843323022904161,0.08013598752012954,0|1|2|3,1|1|1|1,-0.48082066412486046|-0.22598212080556318|-0.005624259930170572|0.1777714817708541,-2|-1|0|1,-0.006843237722485506|-0.006843774004475343|-0.006843323022904161|-0.0068428090174160695,0.019179335875139536|0.02401787919443682|-0.005624259930170572|-0.07222851822914589,0,597,-427,596,0.07583239674568176,-0.016809331253170967,0.07767307135277525,0.006033105775713921,-0.21813716716269888,9.290679525589633,0.12987541150218362,1,33,3,1,0
3,9,9,payload,25,17,16388101,10,125000.0,4,-27,0.30009089383712184,continuous,-4194.052872119433,-1335.0084923731372,-0.005624259930170572,-0.006843323022904161,0.07329266449722538,0|1|2|3,1|1|1|1,-0.48082066412486046|-0.22598212080556318|-0.005624259930170572|0.1777714817708541,-2|-1|0|1,-0.006843237722485506|-0.006843774004475343|-0.006843323022904161|-0.0068428090174160695,0.019179335875139536|0.02401787919443682|-0.005624259930170572|-0.07222851822914589,0,562,-462,561,0.04953223094344139,-0.05547960475087166,0.07437357356983294,0.0055314283818006516,-0.8419729974356915,8.297107402814701,0.13039424332298566,1,33,3,1,0
3,9,9,payload,26,18,16392197,10,125000.0,4,-27,0.30009089383712184,continuous,-4361.813348718306,-1388.408310585463,-0.005624259930170572,-0.006843323022904161,0.06644934147432122,0|1|2|3,1|1|1|1,-0.48082066412486046|-0.22598212080556318|-0.005624259930170572|0.1777714817708541,-2|-1|0|1,-0.006843237722485506|-0.006843774004475343|-0.006843323022904161|-0.0068428090174160695,0.019179335875139536|0.02401787919443682|-0.005624259930170572|-0.07222851822914589,0,827,-197,826,0.06826277822256088,0.03892211616039276,0.0785795012523345,0.006174738053232431,0.5182048777517781,8.136959791783951,0.12840285432258813,1,33,3,1,0
3,9,9,payload,27,19,16396293,10,125000.0,4,-27,0.30009089383712184,continuous,-4529.5738253171785,-1441.8081287977884,-0.005624259930170572,-0.006843323022904161,0.05960601845141705,0|1|2|3,1|1|1|1,-0.48082066412486046|-0.22598212080556318|-0.005624259930170572|0.1777714817708541,-2|-1|0|1,-0.006843237722485506|-0.006843774004475343|-0.006843323022904161|-0.0068428090174160695,0.019179335875139536|0.02401787919443682|-0.005624259930170572|-0.07222851822914589,0,890,-134,889,0.053087588399648666,0.0486895814538002,0.07203448746424698,0.0051889680325984955,0.7422129130319923,6.909696982956616,0.126238833995572,1,33,3,1,0
3,9,9,payload,28,20,16400389,10,125000.0,4,-27,0.30009089383712184,continuous,-4697.334301916052,-1495.2079470101144,-0.005624259930170572,-0.006843323022904161,0.05276269542851289,0|1|2|3,1|1|1|1,-0.48082066412486046|-0.22598212080556318|-0.005624259930170572|0.1777714817708541,-2|-1|0|1,-0.006843237722485506|-0.006843774004475343|-0.006843323022904161|-0.0068428090174160695,0.019179335875139536|0.02401787919443682|-0.005624259930170572|-0.07222851822914589,0,174,174,173,-0.05830434709787369,0.05556314438581467,0.08053980323137262,0.006486659403890371,2.3802634612008373,7.104897612946934,0.13319726231675588,1,33,3,1,0
3,9,9,payload,29,21,16404485,10,125000.0,4,-27,0.30009089383712184,continuous,-4865.094778514925,-1548.60776522244,-0.005624259930170572,-0.006843323022904161,0.04591937240560873,0|1|2|3,1|1|1|1,-0.48082066412486046|-0.22598212080556318|-0.005624259930170572|0.1777714817708541,-2|-1|0|1,-0.006843237722485506|-0.006843774004475343|-0.006843323022904161|-0.0068428090174160695,0.019179335875139536|0.02401787919443682|-0.005624259930170572|-0.07222851822914589,0,267,267,266,-0.08897296339273453,0.03213251009583473,0.09459749690104807,0.00894868653267622,2.7950201388437446,6.253144928139957,0.24660268386489292,1,33,3,1,0
3,9,9,payload,30,22,16408581,10,125000.0,4,-27,0.30009089383712184,continuous,-5032.855255113798,-1602.0075834347658,-0.005624259930170572,-0.006843323022904161,0.039076049382704564,0|1|2|3,1|1|1|1,-0.48082066412486046|-0.22598212080556318|-0.005624259930170572|0.1777714817708541,-2|-1|0|1,-0.006843237722485506|-0.006843774004475343|-0.006843323022904161|-0.0068428090174160695,0.019179335875139536|0.02401787919443682|-0.005624259930170572|-0.07222851822914589,0,917,-107,916,0.0881325900554657,-0.00967949815094471,0.08866254064901881,0.007861045189201832,-0.10939038769554396,4.572818497274977,0.33863496910629465,1,33,3,1,0
3,9,9,payload,31,23,16412677,10,125000.0,4,-27,0.30009089383712184,continuous,-5200.615731712671,-1655.4074016470915,-0.005624259930170572,-0.006843323022904161,0.0322327263598004,0|1|2|3,1|1|1|1,-0.48082066412486046|-0.22598212080556318|-0.005624259930170572|0.1777714817708541,-2|-1|0|1,-0.006843237722485506|-0.006843774004475343|-0.006843323022904161|-0.0068428090174160695,0.019179335875139536|0.02401787919443682|-0.005624259930170572|-0.07222851822914589,0,656,-368,655,-0.00591098889708519,-0.08596888929605484,0.08617186151255407,0.007425590418279171,-1.6394455836823654,9.836522567154136,0.13188588432291226,1,33,3,1,0
3,9,9,payload,32,24,16416773,10,125000.0,4,-27,0.30009089383712184,continuous,-5368.376208311544,-1708.8072198594175,-0.005624259930170572,-0.006843323022904161,0.025389403336896238,0|1|2|3,1|1|1|1,-0.48082066412486046|-0.22598212080556318|-0.005624259930170572|0.1777714817708541,-2|-1|0|1,-0.006843237722485506|-0.006843774004475343|-0.006843323022904161|-0.0068428090174160695,0.019179335875139536|0.02401787919443682|-0.005624259930170572|-0.07222851822914589,0,889,-135,888,0.06808042526245117,-0.041024789214134216,0.07948570710499053,0.0063179777935147285,-0.5423239533069285,8.939379451181859,0.13117344458918012,1,33,3,1,0
3,9,9,payload,33,25,16420869,10,125000.0,4,-27,0.30009089383712184,continuous,-5536.136684910417,-1762.207038071743,-0.005624259930170572,-0.006843323022904161,0.018546080313992075,0|1|2|3,1|1|1|1,-0.48082066412486046|-0.22598212080556318|-0.005624259930170572|0.1777714817708541,-2|-1|0|1,-0.006843237722485506|-0.006843774004475343|-0.006843323022904161|-0.0068428090174160695,0.019179335875139536|0.02401787919443682|-0.005624259930170572|-0.07222851822914589,0,66,66,65,0.08688507974147797,0.03168972209095955,0.09248381246404819,0.00855325534939766,0.3497378661885535,10.477263692346572,0.1343970656012914,1,33,3,1,0
3,9,9,payload,34,26,16424965,10,125000.0,4,-27,0.30009089383712184,continuous,-5703.89716150929,-1815.6068562840687,-0.005624259930170572,-0.006843323022904161,0.011702757291087914,0|1|2|3,1|1|1|1,-0.48082066412486046|-0.22598212080556318|-0.005624259930170572|0.1777714817708541,-2|-1|0|1,-0.006843237722485506|-0.006843774004475343|-0.006843323022904161|-0.0068428090174160695,0.019179335875139536|0.02401787919443682|-0.005624259930170572|-0.07222851822914589,0,586,-438,585,-0.08409629017114639,-0.0031716544181108475,0.0841560776907858,0.0070822457782924175,-3.1038959618635715,9.201825821336126,0.13982475327142652,1,33,3,1,0
3,9,9,payload,35,27,16429061,10,125000.0,4,-27,0.30009089383712184,continuous,-5871.657638108163,-1869.0066744963947,-0.005624259930170572,-0.006843323022904161,0.004859434268183752,0|1|2|3,1|1|1|1,-0.48082066412486046|-0.22598212080556318|-0.005624259930170572|0.1777714817708541,-2|-1|0|1,-0.006843237722485506|-0.006843774004475343|-0.006843323022904161|-0.0068428090174160695,0.019179335875139536|0.02401787919443682|-0.005624259930170572|-0.07222851822914589,0,425,425,424,-0.015129231847822666,0.07880610972642899,0.08024522781149752,0.0064392974600195885,1.7604690169612458,8.436335617828167,0.12376104379566755,1,33,3,1,0
3,9,9,payload,36,28,16433157,10,125000.0,4,-27,0.30009089383712184,continuous,-6039.418114707036,-1922.4064927087202,-0.005624259930170572,-0.006843323022904161,-0.001983888754720409,0|1|2|3,1|1|1|1,-0.48082066412486046|-0.22598212080556318|-0.005624259930170572|0.1777714817708541,-2|-1|0|1,-0.006843237722485506|-0.006843774004475343|-0.006843323022904161|-0.0068428090174160695,0.019179335875139536|0.02401787919443682|-0.005624259930170572|-0.07222851822914589,0,860,-164,859,-0.039873942732810974,-0.07417294383049011,0.08421138228019137,0.00709155760705471,-2.06405458933686,9.208524963242459,0.12250212290408946,1,33,3,1,0
3,9,9,payload,37,29,16437253,10,125000.0,4,-27,0.30009089383712184,continuous,-6207.178591305909,-1975.8063109210461,-0.005624259930170572,-0.006843323022904161,-0.00882721177762457,0|1|2|3,1|1|1|1,-0.48082066412486046|-0.22598212080556318|-0.005624259930170572|0.1777714817708541,-2|-1|0|1,-0.006843237722485506|-0.006843774004475343|-0.006843323022904161|-0.0068428090174160695,0.019179335875139536|0.02401787919443682|-0.005624259930170572|-0.07222851822914589,0,553,-471,552,-0.02853051759302616,0.06751983612775803,0.07330019580359437,0.005372919142246246,1.9705901095520202,7.6628834362352,0.1317323383558744,1,33,3,1,0
3,9,9,payload,38,30,16441349,10,125000.0,4,-27,0.30009089383712184,continuous,-6374.939067904782,-2029.2061291333719,-0.005624259930170572,-0.006843323022904161,-0.015670534800528733,0|1|2|3,1|1|1|1,-0.48082066412486046|-0.22598212080556318|-0.005624259930170572|0.1777714817708541,-2|-1|0|1,-0.006843237722485506|-0.006843774004475343|-0.006843323022904161|-0.0068428090174160695,0.019179335875139536|0.02401787919443682|-0.005624259930170572|-0.07222851822914589,0,629,-395,628,-0.05147899314761162,0.05978542938828468,0.07889476727029124,0.006224384997040033,2.2816778039654366,8.984913942638752,0.12642672468019,1,33,3,1,0
3,9,9,payload,39,31,16445445,10,125000.0,4,-27,0.30009089383712184,continuous,-6542.6995445036555,-2082.6059473456976,-0.005624259930170572,-0.006843323022904161,-0.022513857823432896,0|1|2|3,1|1|1|1,-0.48082066412486046|-0.22598212080556318|-0.005624259930170572|0.1777714817708541,-2|-1|0|1,-0.006843237722485506|-0.006843774004475343|-0.006843323022904161|-0.0068428090174160695,0.019179335875139536|0.02401787919443682|-0.005624259930170572|-0.07222851822914589,0,759,-265,758,-0.07436613738536835,0.02606210671365261,0.07880073474259804,0.006209556479007006,2.804511084995368,7.809348330084922,0.1302006347314446,1,33,3,1,0
3,9,9,payload,40,32,16449541,10,125000.0,4,-27,0.30009089383712184,continuous,-6710.460021102528,-2136.0057655580235,-0.005624259930170572,-0.006843323022904161,-0.02935718084633706,0|1|2|3,1|1|1|1,-0.48082066412486046|-0.22598212080556318|-0.005624259930170572|0.1777714817708541,-2|-1|0|1,-0.006843237722485506|-0.006843774004475343|-0.006843323022904161|-0.0068428090174160695,0.019179335875139536|0.02401787919443682|-0.005624259930170572|-0.07222851822914589,0,494,494,493,0.05797210708260536,0.0589536651968956,0.08268191966654331,0.006836299318820238,0.7937926776173996,9.278828356930052,0.13533172026076912,1,33,3,1,0
3,9,9,payload,41,33,16453637,10,125000.0,4,-27,0.30009089383712184,continuous,-6878.220497701402,-2189.4055837703495,-0.005624259930170572,-0.006843323022904161,-0.03620050386924122,0|1|2|3,1|1|1|1,-0.48082066412486046|-0.22598212080556318|-0.005624259930170572|0.1777714817708541,-2|-1|0|1,-0.006843237722485506|-0.006843774004475343|-0.006843323022904161|-0.0068428090174160695,0.019179335875139536|0.02401787919443682|-0.005624259930170572|-0.07222851822914589,0,303,303,302,0.07054305076599121,-0.06500455737113953,0.09592660991816078,0.009201913140714169,-0.7445607462715416,9.264673423684464,0.16708145637402438,1,33,3,1,0
3,9,9,payload,42,34,16457733,10,125000.0,4,-27,0.30009089383712184,continuous,-7045.980974300274,-2242.805401982675,-0.005624259930170572,-0.006843323022904161,-0.043043826892145386,0|1|2|3,1|1|1|1,-0.48082066412486046|-0.22598212080556318|-0.005624259930170572|0.1777714817708541,-2|-1|0|1,-0.006843237722485506|-0.006843774004475343|-0.006843323022904161|-0.0068428090174160695,0.019179335875139536|0.02401787919443682|-0.005624259930170572|-0.07222851822914589,0,1022,-2,1021,-0.08230272680521011,-0.001087562763132155,0.08230991211474353,0.006774920970201492,-3.1283792460809323,4.867307079691104,0.2812603349130569,1,33,3,1,0
3,9,9,payload,43,35,16461829,10,125000.0,4,-27,0.30009089383712184,continuous,-7213.741450899147,-2296.2052201950005,-0.005624259930170572,-0.006843323022904161,-0.04988714991504955,0|1|2|3,1|1|1|1,-0.48082066412486046|-0.22598212080556318|-0.005624259930170572|0.1777714817708541,-2|-1|0|1,-0.006843237722485506|-0.006843774004475343|-0.006843323022904161|-0.0068428090174160695,0.019179335875139536|0.02401787919443682|-0.005624259930170572|-0.07222851822914589,0,720,-304,719,0.03326883167028427,0.060377053916454315,0.06893622995447417,0.0047522047534585,1.0671720281899821,4.325740991969066,0.26109846392540703,1,33,3,1,0
3,9,9,payload,44,36,16465925,10,125000.0,4,-27,0.30009089383712184,continuous,-7381.50192749802,-2349.6050384073264,-0.005624259930170572,-0.006843323022904161,-0.05673047293795371,0|1|2|3,1|1|1|1,-0.48082066412486046|-0.22598212080556318|-0.005624259930170572|0.1777714817708541,-2|-1|0|1,-0.006843237722485506|-0.006843774004475343|-0.006843323022904161|-0.0068428090174160695,0.019179335875139536|0.02401787919443682|-0.005624259930170572|-0.07222851822914589,0,314,314,313,-0.02086290903389454,-0.06837932765483856,0.07149121221439966,0.005110993515700102,-1.86693046062234,7.31696592279601,0.13241330462436984,1,33,3,1,0
3,9,9,payload,45,37,16470021,10,125000.0,4,-27,0.30009089383712184,continuous,-7549.262404096893,-2403.004856619652,-0.005624259930170572,-0.006843323022904161,-0.06357379596085787,0|1|2|3,1|1|1|1,-0.48082066412486046|-0.22598212080556318|-0.005624259930170572|0.1777714817708541,-2|-1|0|1,-0.006843237722485506|-0.006843774004475343|-0.006843323022904161|-0.0068428090174160695,0.019179335875139536|0.02401787919443682|-0.005624259930170572|-0.07222851822914589,0,602,-422,601,0.07327007502317429,-0.03540993481874466,0.08137792930376966,0.006622367538511753,-0.45018206269709105,8.528850206651581,0.1260709737178587,1,33,3,1,0
3,9,9,payload,46,38,16474117,10,125000.0,4,-27,0.30009089383712184,continuous,-7717.022880695767,-2456.404674831978,-0.005624259930170572,-0.006843323022904161,-0.07041711898376203,0|1|2|3,1|1|1|1,-0.48082066412486046|-0.22598212080556318|-0.005624259930170572|0.1777714817708541,-2|-1|0|1,-0.006843237722485506|-0.006843774004475343|-0.006843323022904161|-0.0068428090174160695,0.019179335875139536|0.02401787919443682|-0.005624259930170572|-0.07222851822914589,0,7,7,6,-0.028818370774388313,0.08076457679271698,0.08575205745984639,0.0073534161783754826,1.9135334031742213,9.439434742539452,0.1276761128753776,1,33,3,1,0
3,9,9,payload,47,39,16478213,10,125000.0,4,-27,0.30009089383712184,continuous,-7884.783357294639,-2509.8044930443034,-0.005624259930170572,-0.006843323022904161,-0.0772604420066662,0|1|2|3,1|1|1|1,-0.48082066412486046|-0.22598212080556318|-0.005624259930170572|0.1777714817708541,-2|-1|0|1,-0.006843237722485506|-0.006843774004475343|-0.006843323022904161|-0.0068428090174160695,0.019179335875139536|0.02401787919443682|-0.005624259930170572|-0.07222851822914589,0,414,414,413,-0.0699632465839386,-0.06336378306150436,0.09439186869868815,0.008909824304282665,-2.4056524410977653,10.054218569994118,0.12933369648593018,1,33,3,1,0
3,9,9,payload,48,40,16482309,10,125000.0,4,-27,0.30009089383712184,continuous,-8052.543833893513,-2563.2043112566294,-0.005624259930170572,-0.006843323022904161,-0.08410376502957036,0|1|2|3,1|1|1|1,-0.48082066412486046|-0.22598212080556318|-0.005624259930170572|0.1777714817708541,-2|-1|0|1,-0.006843237722485506|-0.006843774004475343|-0.006843323022904161|-0.0068428090174160695,0.019179335875139536|0.02401787919443682|-0.005624259930170572|-0.07222851822914589,0,807,-217,806,0.07121387124061584,-0.022322578355669975,0.07463050958904165,0.005569713655859232,-0.3037576635864049,7.829172718915098,0.13185059192457516,1,33,3,1,0
3,9,9,payload,49,41,16486405,10,125000.0,4,-27,0.30009089383712184,continuous,-8220.304310492385,-2616.6041294689553,-0.005624259930170572,-0.006843323022904161,-0.09094708805247452,0|1|2|3,1|1|1|1,-0.48082066412486046|-0.22598212080556318|-0.005624259930170572|0.1777714817708541,-2|-1|0|1,-0.006843237722485506|-0.006843774004475343|-0.006843323022904161|-0.0068428090174160695,0.019179335875139536|0.02401787919443682|-0.005624259930170572|-0.07222851822914589,0,195,195,194,-0.040407661348581314,0.057027705013751984,0.06989233316177923,0.00488493824377656,2.1872454766184655,5.937756057314086,0.12939664245969595,1,33,3,1,0
3,9,9,payload,50,42,16490501,10,125000.0,4,-27,0.30009089383712184,continuous,-8388.064787091258,-2670.003947681281,-0.005624259930170572,-0.006843323022904161,-0.09779041107537868,0|1|2|3,1|1|1|1,-0.48082066412486046|-0.22598212080556318|-0.005624259930170572|0.1777714817708541,-2|-1|0|1,-0.006843237722485506|-0.006843774004475343|-0.006843323022904161|-0.0068428090174160695,0.019179335875139536|0.02401787919443682|-0.005624259930170572|-0.07222851822914589,0,826,-198,825,0.05008791387081146,-0.06277696043252945,0.08031030990524937,0.006449745502322912,-0.8973549268148572,9.05043990104418,0.1342740326901648,1,33,3,1,0
3,9,9,payload,51,43,16494597,10,125000.0,4,-27,0.30009089383712184,continuous,-8555.82526369013,-2723.4037658936063,-0.005624259930170572,-0.006843323022904161,-0.10463373409828285,0|1|2|3,1|1|1|1,-0.48082066412486046|-0.22598212080556318|-0.005624259930170572|0.1777714817708541,-2|-1|0|1,-0.006843237722485506|-0.006843774004475343|-0.006843323022904161|-0.0068428090174160695,0.019179335875139536|0.02401787919443682|-0.005624259930170572|-0.07222851822914589,0,928,-96,927,0.05982833728194237,-0.045064542442560196,0.07490155490695213,0.005610242486000061,-0.6455655745432323,8.892428671501397,0.12555882346616087,1,33,3,1,0
3,9,9,payload,52,44,16498693,10,125000.0,4,-27,0.30009089383712184,continuous,-8723.585740289005,-2776.8035841059327,-0.005624259930170572,-0.006843323022904161,-0.11147705712118701,0|1|2|3,1|1|1|1,-0.48082066412486046|-0.22598212080556318|-0.005624259930170572|0.1777714817708541,-2|-1|0|1,-0.006843237722485506|-0.006843774004475343|-0.006843323022904161|-0.0068428090174160695,0.019179335875139536|0.02401787919443682|-0.005624259930170572|-0.07222851822914589,0,761,-263,760,-0.029286900535225868,-0.06397435069084167,0.07035936390612843,0.004950440023094416,-2.000110570019586,8.765827141429499,0.12214637726873434,1,33,3,1,0
3,9,9,payload,53,45,16502789,10,125000.0,4,-27,0.30009089383712184,continuous,-8891.346216887878,-2830.203402318258,-0.005624259930170572,-0.006843323022904161,-0.11832038014409117,0|1|2|3,1|1|1|1,-0.48082066412486046|-0.22598212080556318|-0.005624259930170572|0.1777714817708541,-2|-1|0|1,-0.006843237722485506|-0.006843774004475343|-0.006843323022904161|-0.0068428090174160695,0.019179335875139536|0.02401787919443682|-0.005624259930170572|-0.07222851822914589,0,590,-434,589,-0.07115773856639862,0.04088210314512253,0.08206564515954512,0.006734770722687244,2.6201132731325405,8.804241894610987,0.1350694397383876,1,33,3,1,0
3,9,9,payload,54,46,16506885,10,125000.0,4,-27,0.30009089383712184,continuous,-9059.10669348675,-2883.6032205305837,-0.005624259930170572,-0.006843323022904161,-0.12516370316699532,0|1|2|3,1|1|1|1,-0.48082066412486046|-0.22598212080556318|-0.005624259930170572|0.1777714817708541,-2|-1|0|1,-0.006843237722485506|-0.006843774004475343|-0.006843323022904161|-0.0068428090174160695,0.019179335875139536|0.02401787919443682|-0.005624259930170572|-0.07222851822914589,1,383,383,382,0.03846990689635277,0.07233498245477676,0.08192852631011321,0.006712282542139292,1.0820102198087695,6.390720919876729,0.2609143939880454,1,33,3,1,0
3,9,9,payload,55,47,16510982,10,125000.0,4,-27,0.30009089383712184,continuous,-9226.908127233231,-2937.0160758079032,-0.005624259930170572,-0.006843323022904161,0.11799297381010052,0|1|2|3,1|1|1|1,-0.48082066412486046|-0.22598212080556318|-0.005624259930170572|0.1777714817708541,-2|-1|0|1,-0.006843237722485506|-0.006843774004475343|-0.006843323022904161|-0.0068428090174160695,0.019179335875139536|0.02401787919443682|-0.005624259930170572|-0.07222851822914589,0,267,267,266,0.06711457669734955,-0.031234486028552055,0.07402674869756357,0.0054799593053758144,-0.43557869574813224,2.6894614921430153,0.3668663718539591,1,33,3,1,0
3,9,9,payload,56,48,16515078,10,125000.0,4,-27,0.30009089383712184,continuous,-9394.668603832104,-2990.4158940202287,-0.005624259930170572,-0.006843323022904161,0.11114965078719635,0|1|2|3,1|1|1|1,-0.48082066412486046|-0.22598212080556318|-0.005624259930170572|0.1777714817708541,-2|-1|0|1,-0.006843237722485506|-0.006843774004475343|-0.006843323022904161|-0.0068428090174160695,0.019179335875139536|0.02401787919443682|-0.005624259930170572|-0.07222851822914589,0,314,314,313,0.08186114579439163,-0.021012479439377785,0.08451491870055201,0.0071427724324166775,-0.2512599052441414,9.466647863938958,0.12420738580951252,1,33,3,1,0
4,10,10,header,0,0,17786065,10,125000.0,4,-27,0.2840118263906606,continuous,-0.0,-0.0,-0.017932344562426983,-0.0068474441699839395,-0.017932344562426983,0|1|2|3,1|1|1|1,-0.4642255392715648|-0.2337480642523636|-0.017932344562426983|0.1569647227209663,-2|-1|0|1,-0.006846671806960305|-0.006847683330583028|-0.0068474441699839395|-0.006847578550403729,0.03577446072843521|0.016251935747636392|-0.017932344562426983|-0.09303527727903371,0,337,337,84,0.096930131316185,-0.01590145193040371,0.09822579361078132,0.009648305363953114,-0.16260229805131543,9.21795279789716,0.20293224550341904,1,33,3,1,0
4,10,10,header,1,1,17790161,10,125000.0,4,-27,0.2840118263906606,continuous,-167.86150435920578,-53.43197634721868,-0.017932344562426983,-0.0068474441699839395,-0.02477978873241092,0|1|2|3,1|1|1|1,-0.4642255392715648|-0.2337480642523636|-0.017932344562426983|0.1569647227209663,-2|-1|0|1,-0.006846671806960305|-0.006847683330583028|-0.0068474441699839395|-0.006847578550403729,0.03577446072843521|0.016251935747636392|-0.017932344562426983|-0.09303527727903371,0,689,-335,172,-0.024764535948634148,0.07615190744400024,0.08007743282667579,0.006412395276129246,1.8852083441741518,4.519821218078174,0.3522113465676284,1,33,3,1,0
4,10,10,header,2,2,17794257,10,125000.0,4,-27,0.2840118263906606,continuous,-335.72300871841156,-106.86395269443736,-0.017932344562426983,-0.0068474441699839395,-0.03162723290239486,0|1|2|3,1|1|1|1,-0.4642255392715648|-0.2337480642523636|-0.017932344562426983|0.1569647227209663,-2|-1|0|1,-0.006846671806960305|-0.006847683330583028|-0.0068474441699839395|-0.006847578550403729,0.03577446072843521|0.016251935747636392|-0.017932344562426983|-0.09303527727903371,0,57,57,14,-0.042738087475299835,-0.06298474222421646,0.07611584509218416,0.005793622229248285,-2.166978519415572,7.026733506555613,0.20361607263549786,1,33,3,1,0
4,10,10,header,3,3,17798353,10,125000.0,4,-27,0.2840118263906606,continuous,-503.5845130776173,-160.29592904165602,-0.017932344562426983,-0.0068474441699839395,-0.038474677072378796,0|1|2|3,1|1|1|1,-0.4642255392715648|-0.2337480642523636|-0.017932344562426983|0.1569647227209663,-2|-1|0|1,-0.006846671806960305|-0.006847683330583028|-0.0068474441699839395|-0.006847578550403729,0.03577446072843521|0.016251935747636392|-0.017932344562426983|-0.09303527727903371,0,81,81,20,-0.035850632935762405,-0.07865636050701141,0.0864412571062205,0.0074720908887684345,-1.998453199565375,10.108954118584387,0.12495893365642985,1,33,3,1,0
4,10,10,header,4,4,17802449,10,125000.0,4,-27,0.2840118263906606,continuous,-671.4460174368231,-213.72790538887472,-0.017932344562426983,-0.0068474441699839395,-0.045322121242362734,0|1|2|3,1|1|1|1,-0.4642255392715648|-0.2337480642523636|-0.017932344562426983|0.1569647227209663,-2|-1|0|1,-0.006846671806960305|-0.006847683330583028|-0.0068474441699839395|-0.006847578550403729,0.03577446072843521|0.016251935747636392|-0.017932344562426983|-0.09303527727903371,0,689,-335,172,-0.005365605000406504,0.06806638091802597,0.06827753604442824,0.004661822225898504,1.6494626552365494,8.57388726079002,0.12353119049151928,1,33,3,1,0
4,10,10,header,5,5,17806545,10,125000.0,4,-27,0.2840118263906606,continuous,-839.3075217960289,-267.1598817360934,-0.017932344562426983,-0.0068474441699839395,-0.05216956541234667,0|1|2|3,1|1|1|1,-0.4642255392715648|-0.2337480642523636|-0.017932344562426983|0.1569647227209663,-2|-1|0|1,-0.006846671806960305|-0.006847683330583028|-0.0068474441699839395|-0.006847578550403729,0.03577446072843521|0.016251935747636392|-0.017932344562426983|-0.09303527727903371,0,57,57,14,-0.061031416058540344,-0.06543038040399551,0.08947607739458752,0.008005968295037746,-2.321423582934426,9.91245066892028,0.13396692123312448,1,33,3,1,0
4,10,10,header,6,6,17810641,10,125000.0,4,-27,0.2840118263906606,continuous,-1007.1690261552346,-320.59185808331205,-0.017932344562426983,-0.0068474441699839395,-0.05901700958233061,0|1|2|3,1|1|1|1,-0.4642255392715648|-0.2337480642523636|-0.017932344562426983|0.1569647227209663,-2|-1|0|1,-0.006846671806960305|-0.006847683330583028|-0.0068474441699839395|-0.006847578550403729,0.03577446072843521|0.016251935747636392|-0.017932344562426983|-0.09303527727903371,0,729,-295,182,-0.010243242606520653,0.06670995056629181,0.06749178856463309,0.00455514108762145,1.7231553063778384,6.595480659028951,0.13768361549515618,1,33,3,1,0
4,10,10,header,7,7,17814737,10,125000.0,4,-27,0.2840118263906606,continuous,-1175.0305305144404,-374.0238344305307,-0.017932344562426983,-0.0068474441699839395,-0.06586445375231455,0|1|2|3,1|1|1|1,-0.4642255392715648|-0.2337480642523636|-0.017932344562426983|0.1569647227209663,-2|-1|0|1,-0.006846671806960305|-0.006847683330583028|-0.0068474441699839395|-0.006847578550403729,0.03577446072843521|0.016251935747636392|-0.017932344562426983|-0.09303527727903371,0,409,409,102,0.08109172433614731,-0.026736941188573837,0.08538578207132005,0.007290732115507126,-0.3184881169028482,9.735726431033513,0.1319411981711056,1,33,3,1,0
4,10,10,payload,8,0,17818833,10,125000.0,4,-27,0.2840118263906606,continuous,-1342.8920348736463,-427.45581077774943,-0.017932344562426983,-0.0068474441699839395,-0.07271189792229849,0|1|2|3,1|1|1|1,-0.4642255392715648|-0.2337480642523636|-0.017932344562426983|0.1569647227209663,-2|-1|0|1,-0.006846671806960305|-0.006847683330583028|-0.0068474441699839395|-0.006847578550403729,0.03577446072843521|0.016251935747636392|-0.017932344562426983|-0.09303527727903371,0,803,-221,802,-0.03676227107644081,0.07167819887399673,0.08055574944420754,0.006489227991551161,2.044694281446382,7.824881152693187,0.12681774838375048,1,33,3,1,0
4,10,10,payload,9,1,17822929,10,125000.0,4,-27,0.2840118263906606,continuous,-1510.753539232852,-480.8877871249681,-0.017932344562426983,-0.0068474441699839395,-0.07955934209228242,0|1|2|3,1|1|1|1,-0.4642255392715648|-0.2337480642523636|-0.017932344562426983|0.1569647227209663,-2|-1|0|1,-0.006846671806960305|-0.006847683330583028|-0.0068474441699839395|-0.006847578550403729,0.03577446072843521|0.016251935747636392|-0.017932344562426983|-0.09303527727903371,0,711,-313,710,0.018820395693182945,0.07243388146162033,0.07483899035692587,0.005600874312222004,1.316588800230961,7.2205417175268884,0.1368023685137949,1,33,3,1,0
4,10,10,payload,10,2,17827025,10,125000.0,4,-27,0.2840118263906606,continuous,-1678.6150435920579,-534.3197634721868,-0.017932344562426983,-0.0068474441699839395,-0.08640678626226636,0|1|2|3,1|1|1|1,-0.4642255392715648|-0.2337480642523636|-0.017932344562426983|0.1569647227209663,-2|-1|0|1,-0.006846671806960305|-0.006847683330583028|-0.0068474441699839395|-0.006847578550403729,0.03577446072843521|0.016251935747636392|-0.017932344562426983|-0.09303527727903371,0,922,-102,921,-0.05894329398870468,0.04748062416911125,0.07568831863456382,0.005728721618652344,2.4634885093591965,7.972403842775088,0.13021303423222652,1,33,3,1,0
4,10,10,payload,11,3,17831121,10,125000.0,4,-27,0.2840118263906606,continuous,-1846.4765479512637,-587.7517398194054,-0.017932344562426983,-0.0068474441699839395,-0.0932542304322503,0|1|2|3,1|1|1|1,-0.4642255392715648|-0.2337480642523636|-0.017932344562426983|0.1569647227209663,-2|-1|0|1,-0.006846671806960305|-0.006847683330583028|-0.0068474441699839395|-0.006847578550403729,0.03577446072843521|0.016251935747636392|-0.017932344562426983|-0.09303527727903371,0,718,-306,717,0.033472683280706406,0.0776090994477272,0.08451977782210324,0.007143593393266201,1.1636029652125603,10.352127085239783,0.13034083986917722,1,33,3,1,0
4,10,10,payload,12,4,17835217,10,125000.0,4,-27,0.2840118263906606,continuous,-2014.3380523104693,-641.1837161666241,-0.017932344562426983,-0.0068474441699839395,-0.10010167460223424,0|1|2|3,1|1|1|1,-0.4642255392715648|-0.2337480642523636|-0.017932344562426983|0.1569647227209663,-2|-1|0|1,-0.006846671806960305|-0.006847683330583028|-0.0068474441699839395|-0.006847578550403729,0.03577446072843521|0.016251935747636392|-0.017932344562426983|-0.09303527727903371,0,756,-268,755,0.025296980515122414,0.08044878393411636,0.08433234290389792,0.007111943326890469,1.2661375125766787,9.809625191000523,0.1354957569025217,1,33,3,1,0
4,10,10,payload,13,5,17839313,10,125000.0,4,-27,0.2840118263906606,continuous,-2182.199556669675,-694.6156925138428,-0.017932344562426983,-0.0068474441699839395,-0.10694911877221817,0|1|2|3,1|1|1|1,-0.4642255392715648|-0.2337480642523636|-0.017932344562426983|0.1569647227209663,-2|-1|0|1,-0.006846671806960305|-0.006847683330583028|-0.0068474441699839395|-0.006847578550403729,0.03577446072843521|0.016251935747636392|-0.017932344562426983|-0.09303527727903371,0,109,109,108,-0.06004834175109863,-0.028403183445334435,0.06642698380090771,0.004412544425576925,-2.6997730772802067,2.616598839935991,0.3269164496777819,1,33,3,1,0
4,10,10,payload,14,6,17843409,10,125000.0,4,-27,0.2840118263906606,continuous,-2350.061061028881,-748.0476688610614,-0.017932344562426983,-0.0068474441699839395,-0.11379656294220211,0|1|2|3,1|1|1|1,-0.4642255392715648|-0.2337480642523636|-0.017932344562426983|0.1569647227209663,-2|-1|0|1,-0.006846671806960305|-0.006847683330583028|-0.0068474441699839395|-0.006847578550403729,0.03577446072843521|0.016251935747636392|-0.017932344562426983|-0.09303527727903371,0,932,-92,931,-0.032850950956344604,0.06239011511206627,0.07051036407814838,0.004971711430698633,2.055450564189018,2.265449786102102,0.26606549925488565,1,33,3,1,0
4,10,10,payload,15,7,17847505,10,125000.0,4,-27,0.2840118263906606,continuous,-2517.9225653880867,-801.4796452082801,-0.017932344562426983,-0.0068474441699839395,-0.12064400711218605,0|1|2|3,1|1|1|1,-0.4642255392715648|-0.2337480642523636|-0.017932344562426983|0.1569647227209663,-2|-1|0|1,-0.006846671806960305|-0.006847683330583028|-0.0068474441699839395|-0.006847578550403729,0.03577446072843521|0.016251935747636392|-0.017932344562426983|-0.09303527727903371,0,468,468,467,0.03837370499968529,-0.0653422549366951,0.07577698539540173,0.005742151755839586,-1.0397878999206622,9.011119729914952,0.13099032367709285,1,33,3,1,0
4,10,10,payload,16,8,17851601,10,125000.0,4,-27,0.2840118263906606,continuous,-2685.7840697472925,-854.9116215554989,-0.017932344562426983,-0.0068474441699839395,-0.12749145128217,0|1|2|3,1|1|1|1,-0.4642255392715648|-0.2337480642523636|-0.017932344562426983|0.1569647227209663,-2|-1|0|1,-0.006846671806960305|-0.006847683330583028|-0.0068474441699839395|-0.006847578550403729,0.03577446072843521|0.016251935747636392|-0.017932344562426983|-0.09303527727903371,1,89,89,88,-0.0807194635272026,0.03380627557635307,0.08751283369005781,0.0076584951020777225,2.744974997010944,9.30997051717136,0.1294948776615712,1,33,3,1,0
4,10,10,payload,17,9,17855698,10,125000.0,4,-27,0.2840118263906606,continuous,-2853.686555919086,-908.3566428188179,-0.017932344562426983,-0.0068474441699839395,0.11566110454784607,0|1|2|3,1|1|1|1,-0.4642255392715648|-0.2337480642523636|-0.017932344562426983|0.1569647227209663,-2|-1|0|1,-0.006846671806960305|-0.006847683330583028|-0.0068474441699839395|-0.006847578550403729,0.03577446072843521|0.016251935747636392|-0.017932344562426983|-0.09303527727903371,0,713,-311,712,0.0747496634721756,0.0370606891810894,0.08343264871608008,0.0069610076025128365,0.4602798845130123,8.257533172231856,0.13264696101568063,1,33,3,1,0
4,10,10,payload,18,10,17859794,10,125000.0,4,-27,0.2840118263906606,continuous,-3021.548060278292,-961.7886191660366,-0.017932344562426983,-0.0068474441699839395,0.10881366037786214,0|1|2|3,1|1|1|1,-0.4642255392715648|-0.2337480642523636|-0.017932344562426983|0.1569647227209663,-2|-1|0|1,-0.006846671806960305|-0.006847683330583028|-0.0068474441699839395|-0.006847578550403729,0.03577446072843521|0.016251935747636392|-0.017932344562426983|-0.09303527727903371,0,865,-159,864,0.04401719570159912,0.0681067705154419,0.0810928215533036,0.006576045416295528,0.9970287355810625,7.840624742018568,0.13581429943326384,1,33,3,1,0
4,10,10,payload,19,11,17863890,10,125000.0,4,-27,0.2840118263906606,continuous,-3189.4095646374976,-1015.2205955132553,-0.017932344562426983,-0.0068474441699839395,0.1019662162078782,0|1|2|3,1|1|1|1,-0.4642255392715648|-0.2337480642523636|-0.017932344562426983|0.1569647227209663,-2|-1|0|1,-0.006846671806960305|-0.006847683330583028|-0.0068474441699839395|-0.006847578550403729,0.03577446072843521|0.016251935747636392|-0.017932344562426983|-0.09303527727903371,0,92,92,91,-0.04418846219778061,0.04578450694680214,0.06363050579530591,0.004048841539770365,2.3384571921733452,7.2442000845463195,0.13353011685235572,1,33,3,1,0
4,10,10,payload,20,12,17867986,10,125000.0,4,-27,0.2840118263906606,continuous,-3357.2710689967034,-1068.652571860474,-0.017932344562426983,-0.0068474441699839395,0.09511877203789426,0|1|2|3,1|1|1|1,-0.4642255392715648|-0.2337480642523636|-0.017932344562426983|0.1569647227209663,-2|-1|0|1,-0.006846671806960305|-0.006847683330583028|-0.0068474441699839395|-0.006847578550403729,0.03577446072843521|0.016251935747636392|-0.017932344562426983|-0.09303527727903371,0,645,-379,644,0.06439752131700516,-0.04217032343149185,0.07697646997681021,0.005925376899540424,-0.5797728829777054,7.836575281313256,0.13413097432868515,1,33,3,1,0
4,10,10,payload,21,13,17872082,10,125000.0,4,-27,0.2840118263906606,continuous,-3525.1325733559092,-1122.0845482076927,-0.017932344562426983,-0.0068474441699839395,0.08827132786791032,0|1|2|3,1|1|1|1,-0.4642255392715648|-0.2337480642523636|-0.017932344562426983|0.1569647227209663,-2|-1|0|1,-0.006846671806960305|-0.006847683330583028|-0.0068474441699839395|-0.006847578550403729,0.03577446072843521|0.016251935747636392|-0.017932344562426983|-0.09303527727903371,0,426,426,425,-0.053812529891729355,-0.07160726189613342,0.08957336841723497,0.008023389615118504,-2.215253822405789,9.96733023396844,0.1329225884234404,1,33,3,1,0
4,10,10,payload,22,14,17876178,10,125000.0,4,-27,0.2840118263906606,continuous,-3692.994077715115,-1175.5165245549113,-0.017932344562426983,-0.0068474441699839395,0.08142388369792639,0|1|2|3,1|1|1|1,-0.4642255392715648|-0.2337480642523636|-0.017932344562426983|0.1569647227209663,-2|-1|0|1,-0.006846671806960305|-0.006847683330583028|-0.0068474441699839395|-0.006847578550403729,0.03577446072843521|0.016251935747636392|-0.017932344562426983|-0.09303527727903371,0,765,-259,764,0.08569004386663437,-0.03840133920311928,0.09390125915267988,0.00881744734942913,-0.42130804470494354,10.793863164762136,0.13223781711370475,1,33,3,1,0
4,10,10,payload,23,15,17880274,10,125000.0,4,-27,0.2840118263906606,continuous,-3860.855582074321,-1228.94850090213,-0.017932344562426983,-0.0068474441699839395,0.07457643952794245,0|1|2|3,1|1|1|1,-0.4642255392715648|-0.2337480642523636|-0.017932344562426983|0.1569647227209663,-2|-1|0|1,-0.006846671806960305|-0.006847683330583028|-0.0068474441699839395|-0.006847578550403729,0.03577446072843521|0.016251935747636392|-0.017932344562426983|-0.09303527727903371,0,1023,-1,1022,0.030257025733590126,0.07790612429380417,0.0835754258662485,0.0069848522543907166,1.200348878280315,8.795960909497584,0.13199366490186293,1,33,3,1,0
4,10,10,payload,24,16,17884370,10,125000.0,4,-27,0.2840118263906606,continuous,-4028.7170864335267,-1282.3804772493486,-0.017932344562426983,-0.0068474441699839395,0.06772899535795851,0|1|2|3,1|1|1|1,-0.4642255392715648|-0.2337480642523636|-0.017932344562426983|0.1569647227209663,-2|-1|0|1,-0.006846671806960305|-0.006847683330583028|-0.0068474441699839395|-0.006847578550403729,0.03577446072843521|0.016251935747636392|-0.017932344562426983|-0.09303527727903371,0,597,-427,596,-0.011191358789801598,-0.07808631658554077,0.07888421483072117,0.0062227193266153336,-1.7131473020414594,7.6453213188711056,0.12713438612000427,1,33,3,1,0
4,10,10,payload,25,17,17888466,10,125000.0,4,-27,0.2840118263906606,continuous,-4196.578590792732,-1335.8124535965671,-0.017932344562426983,-0.0068474441699839395,0.06088155118797457,0|1|2|3,1|1|1|1,-0.4642255392715648|-0.2337480642523636|-0.017932344562426983|0.1569647227209663,-2|-1|0|1,-0.006846671806960305|-0.006847683330583028|-0.0068474441699839395|-0.006847578550403729,0.03577446072843521|0.016251935747636392|-0.017932344562426983|-0.09303527727903371,0,562,-462,561,-0.036691538989543915,-0.08158695697784424,0.08945781454029507,0.008002701215445995,-1.9934199565339052,5.8852438658405095,0.22875453275118218,1,33,3,1,0
4,10,10,payload,26,18,17892562,10,125000.0,4,-27,0.2840118263906606,continuous,-4364.440095151938,-1389.2444299437861,-0.017932344562426983,-0.0068474441699839395,0.054034107017990635,0|1|2|3,1|1|1|1,-0.4642255392715648|-0.2337480642523636|-0.017932344562426983|0.1569647227209663,-2|-1|0|1,-0.006846671806960305|-0.006847683330583028|-0.0068474441699839395|-0.006847578550403729,0.03577446072843521|0.016251935747636392|-0.017932344562426983|-0.09303527727903371,0,827,-197,826,0.04125527665019035,-0.06672966480255127,0.07845282669314466,0.006154846865683794,-1.0170693469683023,4.651905397859267,0.3323556015085387,1,33,3,1,0
4,10,10,payload,27,19,17896658,10,125000.0,4,-27,0.2840118263906606,continuous,-4532.301599511144,-1442.6764062910047,-0.017932344562426983,-0.0068474441699839395,0.0471866628480067,0|1|2|3,1|1|1|1,-0.4642255392715648|-0.2337480642523636|-0.017932344562426983|0.1569647227209663,-2|-1|0|1,-0.006846671806960305|-0.006847683330583028|-0.0068474441699839395|-0.006847578550403729,0.03577446072843521|0.016251935747636392|-0.017932344562426983|-0.09303527727903371,0,890,-134,889,0.07456691563129425,-0.042975760996341705,0.08606474853259748,0.007407140918076038,-0.5228393816159451,6.733712009993953,0.20635519116818557,1,33,3,1,0
4,10,10,payload,28,20,17900754,10,125000.0,4,-27,0.2840118263906606,continuous,-4700.16310387035,-1496.1083826382235,-0.017932344562426983,-0.0068474441699839395,0.04033921867802276,0|1|2|3,1|1|1|1,-0.4642255392715648|-0.2337480642523636|-0.017932344562426983|0.1569647227209663,-2|-1|0|1,-0.006846671806960305|-0.006847683330583028|-0.0068474441699839395|-0.006847578550403729,0.03577446072843521|0.016251935747636392|-0.017932344562426983|-0.09303527727903371,0,174,174,173,0.029622038826346397,0.08308618515729904,0.0882087260321934,0.007780779618769884,1.2283232693889612,9.698481193203584,0.12414253382930429,1,33,3,1,0
4,10,10,payload,29,21,17904850,10,125000.0,4,-27,0.2840118263906606,continuous,-4868.024608229555,-1549.540358985442,-0.017932344562426983,-0.0068474441699839395,0.03349177450803882,0|1|2|3,1|1|1|1,-0.4642255392715648|-0.2337480642523636|-0.017932344562426983|0.1569647227209663,-2|-1|0|1,-0.006846671806960305|-0.006847683330583028|-0.0068474441699839395|-0.006847578550403729,0.03577446072843521|0.016251935747636392|-0.017932344562426983|-0.09303527727903371,0,267,267,266,-0.0002760007628239691,0.0652410089969635,0.06524159280216074,0.004256465006619692,1.5750267812369758,6.371043089394978,0.13251916962170185,1,33,3,1,0
4,10,10,payload,30,22,17908946,10,125000.0,4,-27,0.2840118263906606,continuous,-5035.8861125887615,-1602.9723353326608,-0.017932344562426983,-0.0068474441699839395,0.026644330338054883,0|1|2|3,1|1|1|1,-0.4642255392715648|-0.2337480642523636|-0.017932344562426983|0.1569647227209663,-2|-1|0|1,-0.006846671806960305|-0.006847683330583028|-0.0068474441699839395|-0.006847578550403729,0.03577446072843521|0.016251935747636392|-0.017932344562426983|-0.09303527727903371,0,917,-107,916,0.028441285714507103,-0.07271619886159897,0.07808042206580235,0.006096552591770887,-1.197962209816177,7.9211803306508255,0.12757119828066266,1,33,3,1,0
4,10,10,payload,31,23,17913042,10,125000.0,4,-27,0.2840118263906606,continuous,-5203.747616947967,-1656.4043116798794,-0.017932344562426983,-0.0068474441699839395,0.019796886168070946,0|1|2|3,1|1|1|1,-0.4642255392715648|-0.2337480642523636|-0.017932344562426983|0.1569647227209663,-2|-1|0|1,-0.006846671806960305|-0.006847683330583028|-0.0068474441699839395|-0.006847578550403729,0.03577446072843521|0.016251935747636392|-0.017932344562426983|-0.09303527727903371,0,656,-368,655,-0.07239174097776413,-0.015202187933027744,0.07397074205213024,0.005471671931445599,-2.9346014869961463,7.68585002054961,0.12480156827694344,1,33,3,1,0
4,10,10,payload,32,24,17917138,10,125000.0,4,-27,0.2840118263906606,continuous,-5371.609121307173,-1709.8362880270981,-0.017932344562426983,-0.0068474441699839395,0.012949441998087006,0|1|2|3,1|1|1|1,-0.4642255392715648|-0.2337480642523636|-0.017932344562426983|0.1569647227209663,-2|-1|0|1,-0.006846671806960305|-0.006847683330583028|-0.0068474441699839395|-0.006847578550403729,0.03577446072843521|0.016251935747636392|-0.017932344562426983|-0.09303527727903371,0,889,-135,888,-0.02096220850944519,-0.07880135625600815,0.08154181708411808,0.006649067625403404,-1.8307886260460844,7.986310397334075,0.12608910386378547,1,33,3,1,0
4,10,10,payload,33,25,17921234,10,125000.0,4,-27,0.2840118263906606,continuous,-5539.4706256663785,-1763.2682643743167,-0.017932344562426983,-0.0068474441699839395,0.006101997828103067,0|1|2|3,1|1|1|1,-0.4642255392715648|-0.2337480642523636|-0.017932344562426983|0.1569647227209663,-2|-1|0|1,-0.006846671806960305|-0.006847683330583028|-0.0068474441699839395|-0.006847578550403729,0.03577446072843521|0.016251935747636392|-0.017932344562426983|-0.09303527727903371,0,66,66,65,0.04427913948893547,-0.061424415558576584,0.07572054556455143,0.0057336012832820415,-0.9461992418416527,8.398259562726393,0.13501412966724047,1,33,3,1,0
4,10,10,payload,34,26,17925330,10,125000.0,4,-27,0.2840118263906606,continuous,-5707.332130025584,-1816.7002407215352,-0.017932344562426983,-0.0068474441699839395,-0.0007454463418808729,0|1|2|3,1|1|1|1,-0.4642255392715648|-0.2337480642523636|-0.017932344562426983|0.1569647227209663,-2|-1|0|1,-0.006846671806960305|-0.006847683330583028|-0.0068474441699839395|-0.006847578550403729,0.03577446072843521|0.016251935747636392|-0.017932344562426983|-0.09303527727903371,0,586,-438,585,-0.04959014058113098,0.05422922596335411,0.07348463098798859,0.005399990826845169,2.3115399941768646,7.07835096966659,0.13309330610138836,1,33,3,1,0
4,10,10,payload,35,27,17929426,10,125000.0,4,-27,0.2840118263906606,continuous,-5875.19363438479,-1870.132217068754,-0.017932344562426983,-0.0068474441699839395,-0.007592890511864812,0|1|2|3,1|1|1|1,-0.4642255392715648|-0.2337480642523636|-0.017932344562426983|0.1569647227209663,-2|-1|0|1,-0.006846671806960305|-0.006847683330583028|-0.0068474441699839395|-0.006847578550403729,0.03577446072843521|0.016251935747636392|-0.017932344562426983|-0.09303527727903371,0,425,425,424,0.04885311424732208,0.056252386420965195,0.07450474984667416,0.0055509572848677635,0.8556807353465241,8.244817130206064,0.12949965265819685,1,33,3,1,0
4,10,10,payload,36,28,17933522,10,125000.0,4,-27,0.2840118263906606,continuous,-6043.0551387439955,-1923.5641934159726,-0.017932344562426983,-0.0068474441699839395,-0.014440334681848752,0|1|2|3,1|1|1|1,-0.4642255392715648|-0.2337480642523636|-0.017932344562426983|0.1569647227209663,-2|-1|0|1,-0.006846671806960305|-0.006847683330583028|-0.0068474441699839395|-0.006847578550403729,0.03577446072843521|0.016251935747636392|-0.017932344562426983|-0.09303527727903371,0,860,-164,859,-0.08123686164617538,-0.0008454220951534808,0.08124126062930594,0.006600141990929842,-3.131186151425718,9.583833237488532,0.1264047891328417,1,33,3,1,0
4,10,10,payload,37,29,17937618,10,125000.0,4,-27,0.2840118263906606,continuous,-6210.916643103202,-1976.9961697631913,-0.017932344562426983,-0.0068474441699839395,-0.02128777885183269,0|1|2|3,1|1|1|1,-0.4642255392715648|-0.2337480642523636|-0.017932344562426983|0.1569647227209663,-2|-1|0|1,-0.006846671806960305|-0.006847683330583028|-0.0068474441699839395|-0.006847578550403729,0.03577446072843521|0.016251935747636392|-0.017932344562426983|-0.09303527727903371,0,553,-471,552,0.0396842397749424,0.06906254589557648,0.07965220732719042,0.006344473920762539,1.0492529027502557,8.332702438222801,0.12956258967209067,1,33,3,1,0
4,10,10,payload,38,30,17941714,10,125000.0,4,-27,0.2840118263906606,continuous,-6378.778147462407,-2030.42814611041,-0.017932344562426983,-0.0068474441699839395,-0.028135223021816633,0|1|2|3,1|1|1|1,-0.4642255392715648|-0.2337480642523636|-0.017932344562426983|0.1569647227209663,-2|-1|0|1,-0.006846671806960305|-0.006847683330583028|-0.0068474441699839395|-0.006847578550403729,0.03577446072843521|0.016251935747636392|-0.017932344562426983|-0.09303527727903371,0,629,-395,628,0.03524155542254448,0.0869610533118248,0.09383065608692241,0.008804190903902054,1.18576648347658,4.7009001171127345,0.33644805410158085,1,33,3,1,0
4,10,10,payload,39,31,17945810,10,125000.0,4,-27,0.2840118263906606,continuous,-6546.639651821613,-2083.8601224576287,-0.017932344562426983,-0.0068474441699839395,-0.03498266719180057,0|1|2|3,1|1|1|1,-0.4642255392715648|-0.2337480642523636|-0.017932344562426983|0.1569647227209663,-2|-1|0|1,-0.006846671806960305|-0.006847683330583028|-0.0068474441699839395|-0.006847578550403729,0.03577446072843521|0.016251935747636392|-0.017932344562426983|-0.09303527727903371,0,759,-265,758,0.0013034859439358115,0.10921333730220795,0.10922111572535727,0.011929250322282314,1.5588616667275228,6.888092415150664,0.2945038746463524,1,33,3,1,0
4,10,10,payload,40,32,17949906,10,125000.0,4,-27,0.2840118263906606,continuous,-6714.501156180819,-2137.2920988048472,-0.017932344562426983,-0.0068474441699839395,-0.04183011136178451,0|1|2|3,1|1|1|1,-0.4642255392715648|-0.2337480642523636|-0.017932344562426983|0.1569647227209663,-2|-1|0|1,-0.006846671806960305|-0.006847683330583028|-0.0068474441699839395|-0.006847578550403729,0.03577446072843521|0.016251935747636392|-0.017932344562426983|-0.09303527727903371,0,494,494,493,0.07671355456113815,-0.02656194381415844,0.08118193341249783,0.00659050652757287,-0.3333287151878898,8.709372661168286,0.12597370956106602,1,33,3,1,0
4,10,10,payload,41,33,17954002,10,125000.0,4,-27,0.2840118263906606,continuous,-6882.362660540025,-2190.7240751520662,-0.017932344562426983,-0.0068474441699839395,-0.048677555531768446,0|1|2|3,1|1|1|1,-0.4642255392715648|-0.2337480642523636|-0.017932344562426983|0.1569647227209663,-2|-1|0|1,-0.006846671806960305|-0.006847683330583028|-0.0068474441699839395|-0.006847578550403729,0.03577446072843521|0.016251935747636392|-0.017932344562426983|-0.09303527727903371,0,303,303,302,-0.01920105703175068,-0.07665225118398666,0.07902055557074708,0.00624424871057272,-1.8162414486037577,9.002145988842894,0.12468043337027268,1,33,3,1,0
4,10,10,payload,42,34,17958098,10,125000.0,4,-27,0.2840118263906606,continuous,-7050.22416489923,-2244.156051499285,-0.017932344562426983,-0.0068474441699839395,-0.055524999701752384,0|1|2|3,1|1|1|1,-0.4642255392715648|-0.2337480642523636|-0.017932344562426983|0.1569647227209663,-2|-1|0|1,-0.006846671806960305|-0.006847683330583028|-0.0068474441699839395|-0.006847578550403729,0.03577446072843521|0.016251935747636392|-0.017932344562426983|-0.09303527727903371,0,1022,-2,1021,-0.06338806450366974,0.05705337971448898,0.08528267619139926,0.007273134775459766,2.4087416288378027,8.611983459810094,0.13777900164540924,1,33,3,1,0
4,10,10,payload,43,35,17962194,10,125000.0,4,-27,0.2840118263906606,continuous,-7218.085669258437,-2297.5880278465033,-0.017932344562426983,-0.0068474441699839395,-0.06237244387173632,0|1|2|3,1|1|1|1,-0.4642255392715648|-0.2337480642523636|-0.017932344562426983|0.1569647227209663,-2|-1|0|1,-0.006846671806960305|-0.006847683330583028|-0.0068474441699839395|-0.006847578550403729,0.03577446072843521|0.016251935747636392|-0.017932344562426983|-0.09303527727903371,0,720,-304,719,0.09293366223573685,0.020347297191619873,0.09513505179243938,0.00905067753046751,0.21554313529160016,9.566327396583548,0.140219586403731,1,33,3,1,0
4,10,10,payload,44,36,17966290,10,125000.0,4,-27,0.2840118263906606,continuous,-7385.947173617642,-2351.020004193722,-0.017932344562426983,-0.0068474441699839395,-0.06921988804172026,0|1|2|3,1|1|1|1,-0.4642255392715648|-0.2337480642523636|-0.017932344562426983|0.1569647227209663,-2|-1|0|1,-0.006846671806960305|-0.006847683330583028|-0.0068474441699839395|-0.006847578550403729,0.03577446072843521|0.016251935747636392|-0.017932344562426983|-0.09303527727903371,0,314,314,313,-0.06755390018224716,-0.028140787035226822,0.07318082621011465,0.005355433095246553,-2.7468856842303646,6.535948093817598,0.12173721852452957,1,33,3,1,0
4,10,10,payload,45,37,17970386,10,125000.0,4,-27,0.2840118263906606,continuous,-7553.808677976848,-2404.451980540941,-0.017932344562426983,-0.0068474441699839395,-0.0760673322117042,0|1|2|3,1|1|1|1,-0.4642255392715648|-0.2337480642523636|-0.017932344562426983|0.1569647227209663,-2|-1|0|1,-0.006846671806960305|-0.006847683330583028|-0.0068474441699839395|-0.006847578550403729,0.03577446072843521|0.016251935747636392|-0.017932344562426983|-0.09303527727903371,0,602,-422,601,0.019273102283477783,-0.08151240646839142,0.08375992406812255,0.007015725132077932,-1.3386165779057222,9.18593907487649,0.13737747908711384,1,33,3,1,0
4,10,10,payload,46,38,17974482,10,125000.0,4,-27,0.2840118263906606,continuous,-7721.670182336054,-2457.8839568881594,-0.017932344562426983,-0.0068474441699839395,-0.08291477638168814,0|1|2|3,1|1|1|1,-0.4642255392715648|-0.2337480642523636|-0.017932344562426983|0.1569647227209663,-2|-1|0|1,-0.006846671806960305|-0.006847683330583028|-0.0068474441699839395|-0.006847578550403729,0.03577446072843521|0.016251935747636392|-0.017932344562426983|-0.09303527727903371,0,7,7,6,0.05154172703623772,0.07058639079332352,0.0874013054313597,0.007638987153768539,0.9400923194803117,9.720752818185428,0.13772081058925778,1,33,3,1,0
4,10,10,payload,47,39,17978578,10,125000.0,4,-27,0.2840118263906606,continuous,-7889.53168669526,-2511.3159332353785,-0.017932344562426983,-0.0068474441699839395,-0.08976222055167207,0|1|2|3,1|1|1|1,-0.4642255392715648|-0.2337480642523636|-0.017932344562426983|0.1569647227209663,-2|-1|0|1,-0.006846671806960305|-0.006847683330583028|-0.0068474441699839395|-0.006847578550403729,0.03577446072843521|0.016251935747636392|-0.017932344562426983|-0.09303527727903371,0,414,414,413,-0.08090145140886307,-0.0048807840794324875,0.0810485465217648,0.00656886724755168,-3.081335694667739,8.758452916236232,0.13130506730788483,1,33,3,1,0
4,10,10,payload,48,40,17982674,10,125000.0,4,-27,0.2840118263906606,continuous,-8057.393191054465,-2564.747909582597,-0.017932344562426983,-0.0068474441699839395,-0.09660966472165601,0|1|2|3,1|1|1|1,-0.4642255392715648|-0.2337480642523636|-0.017932344562426983|0.1569647227209663,-2|-1|0|1,-0.006846671806960305|-0.006847683330583028|-0.0068474441699839395|-0.006847578550403729,0.03577446072843521|0.016251935747636392|-0.017932344562426983|-0.09303527727903371,0,807,-217,806,0.027782071381807327,-0.08595392107963562,0.09033227573369369,0.008159920573234558,-1.2581747441361,8.721320428880405,0.13596881699439223,1,33,3,1,0
4,10,10,payload,49,41,17986770,10,125000.0,4,-27,0.2840118263906606,continuous,-8225.25469541367,-2618.1798859298156,-0.017932344562426983,-0.0068474441699839395,-0.10345710889163995,0|1|2|3,1|1|1|1,-0.4642255392715648|-0.2337480642523636|-0.017932344562426983|0.1569647227209663,-2|-1|0|1,-0.006846671806960305|-0.006847683330583028|-0.0068474441699839395|-0.006847578550403729,0.03577446072843521|0.016251935747636392|-0.017932344562426983|-0.09303527727903371,0,195,195,194,0.04537897929549217,0.06834979355335236,0.08204234297414106,0.006730946246534586,0.9846958009412649,7.726403242836976,0.13555680773568568,1,33,3,1,0
4,10,10,payload,50,42,17990866,10,125000.0,4,-27,0.2840118263906606,continuous,-8393.116199772876,-2671.611862277034,-0.017932344562426983,-0.0068474441699839395,-0.11030455306162389,0|1|2|3,1|1|1|1,-0.4642255392715648|-0.2337480642523636|-0.017932344562426983|0.1569647227209663,-2|-1|0|1,-0.006846671806960305|-0.006847683330583028|-0.0068474441699839395|-0.006847578550403729,0.03577446072843521|0.016251935747636392|-0.017932344562426983|-0.09303527727903371,0,826,-198,825,-0.011022616177797318,-0.08339808881282806,0.08412335754732687,0.0070767393335700035,-1.7022033851207188,8.692589726170677,0.15836339513262487,1,33,3,1,0
4,10,10,payload,51,43,17994962,10,125000.0,4,-27,0.2840118263906606,continuous,-8560.977704132083,-2725.043838624253,-0.017932344562426983,-0.0068474441699839395,-0.11715199723160782,0|1|2|3,1|1|1|1,-0.4642255392715648|-0.2337480642523636|-0.017932344562426983|0.1569647227209663,-2|-1|0|1,-0.006846671806960305|-0.006847683330583028|-0.0068474441699839395|-0.006847578550403729,0.03577446072843521|0.016251935747636392|-0.017932344562426983|-0.09303527727903371,0,928,-96,927,0.02265382930636406,-0.06938187777996063,0.07298658059201893,0.005327040795236826,-1.2551999112028331,4.555053232297757,0.33854626524468756,1,33,3,1,0
4,10,10,payload,52,44,17999058,10,125000.0,4,-27,0.2840118263906606,continuous,-8728.839208491288,-2778.4758149714717,-0.017932344562426983,-0.0068474441699839395,-0.12399944140159176,0|1|2|3,1|1|1|1,-0.4642255392715648|-0.2337480642523636|-0.017932344562426983|0.1569647227209663,-2|-1|0|1,-0.006846671806960305|-0.006847683330583028|-0.0068474441699839395|-0.006847578550403729,0.03577446072843521|0.016251935747636392|-0.017932344562426983|-0.09303527727903371,0,761,-263,760,-0.0669618770480156,-0.03746035695075989,0.07672790444598303,0.005887171253561974,-2.6315397914681933,5.596684911752408,0.23964426239760428,1,33,3,1,0
4,10,10,payload,53,45,18003154,10,125000.0,4,-27,0.2840118263906606,continuous,-8896.700712850494,-2831.90779131869,-0.017932344562426983,-0.0068474441699839395,-0.1308468855715757,0|1|2|3,1|1|1|1,-0.4642255392715648|-0.2337480642523636|-0.017932344562426983|0.1569647227209663,-2|-1|0|1,-0.006846671806960305|-0.006847683330583028|-0.0068474441699839395|-0.006847578550403729,0.03577446072843521|0.016251935747636392|-0.017932344562426983|-0.09303527727903371,1,590,-434,589,-0.034128449857234955,0.0709637999534607,0.0787439648067875,0.006200612057000399,2.0190699286455778,7.346106692693928,0.13129648305855568,1,33,3,1,0
4,10,10,payload,54,46,18007251,10,125000.0,4,-27,0.2840118263906606,continuous,-9064.603199022287,-2885.3528125820094,-0.017932344562426983,-0.0068474441699839395,0.11230567025844036,0|1|2|3,1|1|1|1,-0.4642255392715648|-0.2337480642523636|-0.017932344562426983|0.1569647227209663,-2|-1|0|1,-0.006846671806960305|-0.006847683330583028|-0.0068474441699839395|-0.006847578550403729,0.03577446072843521|0.016251935747636392|-0.017932344562426983|-0.09303527727903371,0,383,383,382,0.07213914394378662,0.023722458630800247,0.07593952286150076,0.005766810849308968,0.3177039016512492,7.981456502036726,0.13082725044029075,1,33,3,1,0
4,10,10,payload,55,47,18011347,10,125000.0,4,-27,0.2840118263906606,continuous,-9232.464703381493,-2938.784788929228,-0.017932344562426983,-0.0068474441699839395,0.10545822608845642,0|1|2|3,1|1|1|1,-0.4642255392715648|-0.2337480642523636|-0.017932344562426983|0.1569647227209663,-2|-1|0|1,-0.006846671806960305|-0.006847683330583028|-0.0068474441699839395|-0.006847578550403729,0.03577446072843521|0.016251935747636392|-0.017932344562426983|-0.09303527727903371,0,267,267,266,0.05636002495884895,-0.042219989001750946,0.0704200247420437,0.00495898025110364,-0.6429327509119851,5.841017493745543,0.12258890583061932,1,33,3,1,0
4,10,10,payload,56,48,18015443,10,125000.0,4,-27,0.2840118263906606,continuous,-9400.3262077407,-2992.216765276447,-0.017932344562426983,-0.0068474441699839395,0.09861078191847249,0|1|2|3,1|1|1|1,-0.4642255392715648|-0.2337480642523636|-0.017932344562426983|0.1569647227209663,-2|-1|0|1,-0.006846671806960305|-0.006847683330583028|-0.0068474441699839395|-0.006847578550403729,0.03577446072843521|0.016251935747636392|-0.017932344562426983|-0.09303527727903371,0,314,314,313,0.05958851799368858,-0.05641603842377663,0.08205827726754437,0.006733560003340244,-0.758057090632079,9.441577893670589,0.13026835666925507,1,33,3,1,0
5,11,11,header,0,0,19286433,10,125000.0,4,-27,0.27028176621821676,continuous,-0.0,-0.0,-0.14786443685729067,-0.0068509632545063,0.10213556314270933,0|1|2|3,0|1|1|1,0.2511831732328518|-0.38153571162172606|-0.14786443685729067|0.10451022404559507,1|-2|-1|0,-0.006850318715010586|-0.00685074002793707|-0.0068509632545063|-0.006851333062385658,0.0011831732328517752|0.11846428837827394|0.10213556314270933|0.10451022404559507,0,337,337,84,0.05066896229982376,0.0713794007897377,0.08753492216048958,0.007662363350391388,0.953487424680887,8.525039851713736,0.13442376823362423,1,33,3,1,0
5,11,11,header,1,1,19290529,10,125000.0,4,-27,0.27028176621821676,continuous,-167.94777287154798,-53.45943646756357,-0.14786443685729067,-0.0068509632545063,0.09528459988820302,0|1|2|3,0|1|1|1,0.2511831732328518|-0.38153571162172606|-0.14786443685729067|0.10451022404559507,1|-2|-1|0,-0.006850318715010586|-0.00685074002793707|-0.0068509632545063|-0.006851333062385658,0.0011831732328517752|0.11846428837827394|0.10213556314270933|0.10451022404559507,0,689,-335,172,-0.07691532373428345,0.012419522739946842,0.07791156249387945,0.0060702115297317505,2.9815043450426653,8.375182028208721,0.13140234570680853,1,33,3,1,0
5,11,11,header,2,2,19294625,10,125000.0,4,-27,0.27028176621821676,continuous,-335.89554574309597,-106.91887293512714,-0.14786443685729067,-0.0068509632545063,0.08843363663369672,0|1|2|3,0|1|1|1,0.2511831732328518|-0.38153571162172606|-0.14786443685729067|0.10451022404559507,1|-2|-1|0,-0.006850318715010586|-0.00685074002793707|-0.0068509632545063|-0.006851333062385658,0.0011831732328517752|0.11846428837827394|0.10213556314270933|0.10451022404559507,0,57,57,14,0.04742472246289253,-0.054557207971811295,0.07228826490075588,0.005225593689829111,-0.8552231819324277,7.776215577926118,0.12987637629729676,1,33,3,1,0
5,11,11,header,3,3,19298721,10,125000.0,4,-27,0.27028176621821676,continuous,-503.843318614644,-160.37830940269072,-0.14786443685729067,-0.0068509632545063,0.08158267337919041,0|1|2|3,0|1|1|1,0.2511831732328518|-0.38153571162172606|-0.14786443685729067|0.10451022404559507,1|-2|-1|0,-0.006850318715010586|-0.00685074002793707|-0.0068509632545063|-0.006851333062385658,0.0011831732328517752|0.11846428837827394|0.10213556314270933|0.10451022404559507,0,81,81,20,0.06415551900863647,-0.062280863523483276,0.08941385004851467,0.007994837127625942,-0.77057238229334,9.848759751211327,0.13429024811583368,1,33,3,1,0
5,11,11,header,4,4,19302817,10,125000.0,4,-27,0.27028176621821676,continuous,-671.7910914861919,-213.83774587025428,-0.14786443685729067,-0.0068509632545063,0.0747317101246841,0|1|2|3,0|1|1|1,0.2511831732328518|-0.38153571162172606|-0.14786443685729067|0.10451022404559507,1|-2|-1|0,-0.006850318715010586|-0.00685074002793707|-0.0068509632545063|-0.006851333062385658,0.0011831732328517752|0.11846428837827394|0.10213556314270933|0.10451022404559507,0,689,-335,172,-0.09336068481206894,0.014393561519682407,0.09446370774958689,0.008923392742872238,2.988625467859419,10.457301317017793,0.12676721156827853,1,33,3,1,0
5,11,11,header,5,5,19306913,10,125000.0,4,-27,0.27028176621821676,continuous,-839.7388643577399,-267.29718233781784,-0.14786443685729067,-0.0068509632545063,0.0678807468701778,0|1|2|3,0|1|1|1,0.2511831732328518|-0.38153571162172606|-0.14786443685729067|0.10451022404559507,1|-2|-1|0,-0.006850318715010586|-0.00685074002793707|-0.0068509632545063|-0.006851333062385658,0.0011831732328517752|0.11846428837827394|0.10213556314270933|0.10451022404559507,0,57,57,14,0.03459971025586128,-0.061313800513744354,0.07040257156687382,0.004956522025167942,-1.0570364444639602,5.774624189725963,0.12968753611509598,1,33,3,1,0
5,11,11,header,6,6,19311009,10,125000.0,4,-27,0.27028176621821676,continuous,-1007.686637229288,-320.75661880538144,-0.14786443685729067,-0.0068509632545063,0.0610297836156715,0|1|2|3,0|1|1|1,0.2511831732328518|-0.38153571162172606|-0.14786443685729067|0.10451022404559507,1|-2|-1|0,-0.006850318715010586|-0.00685074002793707|-0.0068509632545063|-0.006851333062385658,0.0011831732328517752|0.11846428837827394|0.10213556314270933|0.10451022404559507,0,729,-295,182,-0.09034807980060577,0.011709949001669884,0.09110377834798257,0.008299898356199265,3.012701901498544,9.812504613760334,0.12369523205532351,1,33,3,1,0
5,11,11,header,7,7,19315105,10,125000.0,4,-27,0.27028176621821676,continuous,-1175.6344101008358,-374.21605527294497,-0.14786443685729067,-0.0068509632545063,0.0541788203611652,0|1|2|3,0|1|1|1,0.2511831732328518|-0.38153571162172606|-0.14786443685729067|0.10451022404559507,1|-2|-1|0,-0.006850318715010586|-0.00685074002793707|-0.0068509632545063|-0.006851333062385658,0.0011831732328517752|0.11846428837827394|0.10213556314270933|0.10451022404559507,0,409,409,102,0.041011352092027664,0.07723072171211243,0.08744435588755867,0.007646514568477869,1.0826387963580535,8.538329743350165,0.1336636336519348,1,33,3,1,0
5,11,11,payload,8,0,19319201,10,125000.0,4,-27,0.27028176621821676,continuous,-1343.5821829723839,-427.67549174050856,-0.14786443685729067,-0.0068509632545063,0.0473278571066589,0|1|2|3,0|1|1|1,0.2511831732328518|-0.38153571162172606|-0.14786443685729067|0.10451022404559507,1|-2|-1|0,-0.006850318715010586|-0.00685074002793707|-0.0068509632545063|-0.006851333062385658,0.0011831732328517752|0.11846428837827394|0.10213556314270933|0.10451022404559507,0,803,-221,802,-0.08468281477689743,-0.0042286524549126625,0.08478832832485116,0.007189061027020216,-3.0916989063463123,9.945886008036862,0.12602425306798182,1,33,3,1,0
5,11,11,payload,9,1,19323297,10,125000.0,4,-27,0.27028176621821676,continuous,-1511.529955843932,-481.13492820807215,-0.14786443685729067,-0.0068509632545063,0.0404768938521526,0|1|2|3,0|1|1|1,0.2511831732328518|-0.38153571162172606|-0.14786443685729067|0.10451022404559507,1|-2|-1|0,-0.006850318715010586|-0.00685074002793707|-0.0068509632545063|-0.006851333062385658,0.0011831732328517752|0.11846428837827394|0.10213556314270933|0.10451022404559507,0,711,-313,710,-0.04612870514392853,0.06311309337615967,0.07817365281067111,0.006111119873821735,2.2019541923416566,6.793587154815205,0.23490515844250126,1,33,3,1,0
5,11,11,payload,10,2,19327393,10,125000.0,4,-27,0.27028176621821676,continuous,-1679.4777287154798,-534.5943646756357,-0.14786443685729067,-0.0068509632545063,0.0336259305976463,0|1|2|3,0|1|1|1,0.2511831732328518|-0.38153571162172606|-0.14786443685729067|0.10451022404559507,1|-2|-1|0,-0.006850318715010586|-0.00685074002793707|-0.0068509632545063|-0.006851333062385658,0.0011831732328517752|0.11846428837827394|0.10213556314270933|0.10451022404559507,0,922,-102,921,-0.052711132913827896,-0.036534324288368225,0.06413439314647705,0.004113220609724522,-2.5355095377308774,2.8960281535904016,0.2584966737113632,1,33,3,1,0
5,11,11,payload,11,3,19331489,10,125000.0,4,-27,0.27028176621821676,continuous,-1847.4255015870278,-588.0538011431993,-0.14786443685729067,-0.0068509632545063,0.02677496734314,0|1|2|3,0|1|1|1,0.2511831732328518|-0.38153571162172606|-0.14786443685729067|0.10451022404559507,1|-2|-1|0,-0.006850318715010586|-0.00685074002793707|-0.0068509632545063|-0.006851333062385658,0.0011831732328517752|0.11846428837827394|0.10213556314270933|0.10451022404559507,0,718,-306,717,-0.05401571840047836,0.04788580164313316,0.07218550985707084,0.005210748873651028,2.4162773892325338,6.5502289289973294,0.15635198170227227,1,33,3,1,0
5,11,11,payload,12,4,19335585,10,125000.0,4,-27,0.27028176621821676,continuous,-2015.373274458576,-641.5132376107629,-0.14786443685729067,-0.0068509632545063,0.0199240040886337,0|1|2|3,0|1|1|1,0.2511831732328518|-0.38153571162172606|-0.14786443685729067|0.10451022404559507,1|-2|-1|0,-0.006850318715010586|-0.00685074002793707|-0.0068509632545063|-0.006851333062385658,0.0011831732328517752|0.11846428837827394|0.10213556314270933|0.10451022404559507,0,756,-268,755,-0.07050486654043198,0.044080257415771484,0.08315049789222433,0.0069140056148171425,2.5828432610061602,9.922523039450228,0.12256601484460816,1,33,3,1,0
5,11,11,payload,13,5,19339681,10,125000.0,4,-27,0.27028176621821676,continuous,-2183.3210473301237,-694.9726740783263,-0.14786443685729067,-0.0068509632545063,0.0130730408341274,0|1|2|3,0|1|1|1,0.2511831732328518|-0.38153571162172606|-0.14786443685729067|0.10451022404559507,1|-2|-1|0,-0.006850318715010586|-0.00685074002793707|-0.0068509632545063|-0.006851333062385658,0.0011831732328517752|0.11846428837827394|0.10213556314270933|0.10451022404559507,0,109,109,108,-0.007404667790979147,-0.07385887950658798,0.07422912627172333,0.005509962327778339,-1.6707167219736112,7.733767825771385,0.1311391056866924,1,33,3,1,0
5,11,11,payload,14,6,19343777,10,125000.0,4,-27,0.27028176621821676,continuous,-2351.2688202016716,-748.4321105458899,-0.14786443685729067,-0.0068509632545063,0.0062220775796211,0|1|2|3,0|1|1|1,0.2511831732328518|-0.38153571162172606|-0.14786443685729067|0.10451022404559507,1|-2|-1|0,-0.006850318715010586|-0.00685074002793707|-0.0068509632545063|-0.006851333062385658,0.0011831732328517752|0.11846428837827394|0.10213556314270933|0.10451022404559507,0,932,-92,931,-0.07335703074932098,0.0020995503291487694,0.07338707019592385,0.00538566242903471,3.112979481823835,7.91301957719147,0.1259593996185835,1,33,3,1,0
5,11,11,payload,15,7,19347873,10,125000.0,4,-27,0.27028176621821676,continuous,-2519.21659307322,-801.8915470134535,-0.14786443685729067,-0.0068509632545063,-0.0006288856748852007,0|1|2|3,0|1|1|1,0.2511831732328518|-0.38153571162172606|-0.14786443685729067|0.10451022404559507,1|-2|-1|0,-0.006850318715010586|-0.00685074002793707|-0.0068509632545063|-0.006851333062385658,0.0011831732328517752|0.11846428837827394|0.10213556314270933|0.10451022404559507,0,468,468,467,0.07994304597377777,0.02128451317548752,0.08272799466131793,0.006843920331448317,0.260209576499253,9.019558539702006,0.13551007144033278,1,33,3,1,0
5,11,11,payload,16,8,19351969,10,125000.0,4,-27,0.27028176621821676,continuous,-2687.1643659447677,-855.3509834810171,-0.14786443685729067,-0.0068509632545063,-0.007479848929391501,0|1|2|3,0|1|1|1,0.2511831732328518|-0.38153571162172606|-0.14786443685729067|0.10451022404559507,1|-2|-1|0,-0.006850318715010586|-0.00685074002793707|-0.0068509632545063|-0.006851333062385658,0.0011831732328517752|0.11846428837827394|0.10213556314270933|0.10451022404559507,0,89,89,88,-0.043831322342157364,-0.05699554458260536,0.0719004653707461,0.0051696766167879105,-2.2263662335447756,5.946870952362584,0.17636508807865336,1,33,3,1,0
5,11,11,payload,17,9,19356065,10,125000.0,4,-27,0.27028176621821676,continuous,-2855.1121388163156,-908.8104199485806,-0.14786443685729067,-0.0068509632545063,-0.014330812183897802,0|1|2|3,0|1|1|1,0.2511831732328518|-0.38153571162172606|-0.14786443685729067|0.10451022404559507,1|-2|-1|0,-0.006850318715010586|-0.00685074002793707|-0.0068509632545063|-0.006851333062385658,0.0011831732328517752|0.11846428837827394|0.10213556314270933|0.10451022404559507,0,713,-311,712,0.019986042752861977,0.07645846903324127,0.07902745973284439,0.006245339289307594,1.3151198247610856,8.614810877366692,0.13054112525404094,1,33,3,1,0
5,11,11,payload,18,10,19360161,10,125000.0,4,-27,0.27028176621821676,continuous,-3023.059911687864,-962.2698564161443,-0.14786443685729067,-0.0068509632545063,-0.0211817754384041,0|1|2|3,0|1|1|1,0.2511831732328518|-0.38153571162172606|-0.14786443685729067|0.10451022404559507,1|-2|-1|0,-0.006850318715010586|-0.00685074002793707|-0.0068509632545063|-0.006851333062385658,0.0011831732328517752|0.11846428837827394|0.10213556314270933|0.10451022404559507,0,865,-159,864,-0.04244160279631615,0.07346890866756439,0.08484674530424363,0.007198969833552837,2.094643218750479,9.221774677062362,0.1322091981911484,1,33,3,1,0
5,11,11,payload,19,11,19364257,10,125000.0,4,-27,0.27028176621821676,continuous,-3191.0076845594117,-1015.7292928837078,-0.14786443685729067,-0.0068509632545063,-0.0280327386929104,0|1|2|3,0|1|1|1,0.2511831732328518|-0.38153571162172606|-0.14786443685729067|0.10451022404559507,1|-2|-1|0,-0.006850318715010586|-0.00685074002793707|-0.0068509632545063|-0.006851333062385658,0.0011831732328517752|0.11846428837827394|0.10213556314270933|0.10451022404559507,0,92,92,91,-0.06548354029655457,-0.022711629047989845,0.06931026001815302,0.004803912714123726,-2.807745045456255,8.049709931185777,0.12824740368021992,1,33,3,1,0
5,11,11,payload,20,12,19368353,10,125000.0,4,-27,0.27028176621821676,continuous,-3358.9554574309595,-1069.1887293512714,-0.14786443685729067,-0.0068509632545063,-0.034883701947416704,0|1|2|3,0|1|1|1,0.2511831732328518|-0.38153571162172606|-0.14786443685729067|0.10451022404559507,1|-2|-1|0,-0.006850318715010586|-0.00685074002793707|-0.0068509632545063|-0.006851333062385658,0.0011831732328517752|0.11846428837827394|0.10213556314270933|0.10451022404559507,0,645,-379,644,0.07537747919559479,0.034351933747529984,0.08283610156252535,0.0068618194200098515,0.42761047163752913,7.905569422225117,0.13452772851313277,1,33,3,1,0
5,11,11,payload,21,13,19372449,10,125000.0,4,-27,0.27028176621821676,continuous,-3526.903230302508,-1122.648165818835,-0.14786443685729067,-0.0068509632545063,-0.041734665201923,0|1|2|3,0|1|1|1,0.2511831732328518|-0.38153571162172606|-0.14786443685729067|0.10451022404559507,1|-2|-1|0,-0.006850318715010586|-0.00685074002793707|-0.0068509632545063|-0.006851333062385658,0.0011831732328517752|0.11846428837827394|0.10213556314270933|0.10451022404559507,0,426,426,425,0.021741770207881927,-0.08002877235412598,0.08292954224087373,0.0068773082457482815,-1.3055245034493623,7.995028104593112,0.1688544513507111,1,33,3,1,0
5,11,11,payload,22,14,19376545,10,125000.0,4,-27,0.27028176621821676,continuous,-3694.8510031740557,-1176.1076022863986,-0.14786443685729067,-0.0068509632545063,-0.0485856284564293,0|1|2|3,0|1|1|1,0.2511831732328518|-0.38153571162172606|-0.14786443685729067|0.10451022404559507,1|-2|-1|0,-0.006850318715010586|-0.00685074002793707|-0.0068509632545063|-0.006851333062385658,0.0011831732328517752|0.11846428837827394|0.10213556314270933|0.10451022404559507,0,765,-259,764,0.0522332601249218,0.06422653049230576,0.08278502692127862,0.006853361614048481,0.8880184808680324,6.044887596527799,0.2748417288407268,1,33,3,1,0
5,11,11,payload,23,15,19380641,10,125000.0,4,-27,0.27028176621821676,continuous,-3862.7987760456035,-1229.567038753962,-0.14786443685729067,-0.0068509632545063,-0.0554365917109356,0|1|2|3,0|1|1|1,0.2511831732328518|-0.38153571162172606|-0.14786443685729067|0.10451022404559507,1|-2|-1|0,-0.006850318715010586|-0.00685074002793707|-0.0068509632545063|-0.006851333062385658,0.0011831732328517752|0.11846428837827394|0.10213556314270933|0.10451022404559507,0,1023,-1,1022,-0.04100802540779114,0.06966151297092438,0.08083554006279854,0.0065343850292265415,2.102847367466253,7.416090721315887,0.219301155225736,1,33,3,1,0
5,11,11,payload,24,16,19384737,10,125000.0,4,-27,0.27028176621821676,continuous,-4030.746548917152,-1283.0264752215257,-0.14786443685729067,-0.0068509632545063,-0.0622875549654419,0|1|2|3,0|1|1|1,0.2511831732328518|-0.38153571162172606|-0.14786443685729067|0.10451022404559507,1|-2|-1|0,-0.006850318715010586|-0.00685074002793707|-0.0068509632545063|-0.006851333062385658,0.0011831732328517752|0.11846428837827394|0.10213556314270933|0.10451022404559507,0,597,-427,596,0.059871818870306015,-0.049865372478961945,0.07791784177776195,0.006071189418435097,-0.6944640878118652,8.066996348465773,0.12899607026062476,1,33,3,1,0
5,11,11,payload,25,17,19388833,10,125000.0,4,-27,0.27028176621821676,continuous,-4198.694321788699,-1336.485911689089,-0.14786443685729067,-0.0068509632545063,-0.06913851821994821,0|1|2|3,0|1|1|1,0.2511831732328518|-0.38153571162172606|-0.14786443685729067|0.10451022404559507,1|-2|-1|0,-0.006850318715010586|-0.00685074002793707|-0.0068509632545063|-0.006851333062385658,0.0011831732328517752|0.11846428837827394|0.10213556314270933|0.10451022404559507,0,562,-462,561,0.040522247552871704,-0.06942728161811829,0.08038780989439706,0.006462199613451958,-1.0424747405859391,9.95011570666403,0.12700373031000822,1,33,3,1,0
5,11,11,payload,26,18,19392929,10,125000.0,4,-27,0.27028176621821676,continuous,-4366.6420946602475,-1389.9453481566527,-0.14786443685729067,-0.0068509632545063,-0.07598948147445451,0|1|2|3,0|1|1|1,0.2511831732328518|-0.38153571162172606|-0.14786443685729067|0.10451022404559507,1|-2|-1|0,-0.006850318715010586|-0.00685074002793707|-0.0068509632545063|-0.006851333062385658,0.0011831732328517752|0.11846428837827394|0.10213556314270933|0.10451022404559507,0,827,-197,826,0.08814740180969238,0.016909359022974968,0.08975461474691553,0.00805589184165001,0.18952806071487147,9.190963388856405,0.13255349940310612,1,33,3,1,0
5,11,11,payload,27,19,19397025,10,125000.0,4,-27,0.27028176621821676,continuous,-4534.589867531796,-1443.4047846242163,-0.14786443685729067,-0.0068509632545063,-0.08284044472896082,0|1|2|3,0|1|1|1,0.2511831732328518|-0.38153571162172606|-0.14786443685729067|0.10451022404559507,1|-2|-1|0,-0.006850318715010586|-0.00685074002793707|-0.0068509632545063|-0.006851333062385658,0.0011831732328517752|0.11846428837827394|0.10213556314270933|0.10451022404559507,0,890,-134,889,0.08940857648849487,0.023722421377897263,0.09250214497907362,0.008556647226214409,0.2593503294965599,10.223403251668397,0.135794274964951,1,33,3,1,0
5,11,11,payload,28,20,19401121,10,125000.0,4,-27,0.27028176621821676,continuous,-4702.537640403343,-1496.8642210917799,-0.14786443685729067,-0.0068509632545063,-0.08969140798346713,0|1|2|3,0|1|1|1,0.2511831732328518|-0.38153571162172606|-0.14786443685729067|0.10451022404559507,1|-2|-1|0,-0.006850318715010586|-0.00685074002793707|-0.0068509632545063|-0.006851333062385658,0.0011831732328517752|0.11846428837827394|0.10213556314270933|0.10451022404559507,0,174,174,173,-0.06010694429278374,0.06719425320625305,0.09015493561731303,0.008127912878990173,2.300578359582458,10.113403779674059,0.13074999519941954,1,33,3,1,0
5,11,11,payload,29,21,19405217,10,125000.0,4,-27,0.27028176621821676,continuous,-4870.4854132748915,-1550.3236575593435,-0.14786443685729067,-0.0068509632545063,-0.09654237123797343,0|1|2|3,0|1|1|1,0.2511831732328518|-0.38153571162172606|-0.14786443685729067|0.10451022404559507,1|-2|-1|0,-0.006850318715010586|-0.00685074002793707|-0.0068509632545063|-0.006851333062385658,0.0011831732328517752|0.11846428837827394|0.10213556314270933|0.10451022404559507,0,267,267,266,-0.04573666304349899,0.05924089998006821,0.07484201077471804,0.005601326934993267,2.2282578352852247,7.95109534534561,0.13291305624855454,1,33,3,1,0
5,11,11,payload,30,22,19409313,10,125000.0,4,-27,0.27028176621821676,continuous,-5038.43318614644,-1603.783094026907,-0.14786443685729067,-0.0068509632545063,-0.10339333449247974,0|1|2|3,0|1|1|1,0.2511831732328518|-0.38153571162172606|-0.14786443685729067|0.10451022404559507,1|-2|-1|0,-0.006850318715010586|-0.00685074002793707|-0.0068509632545063|-0.006851333062385658,0.0011831732328517752|0.11846428837827394|0.10213556314270933|0.10451022404559507,0,917,-107,916,0.08213579654693604,-0.008209961466491222,0.08254509398917019,0.006813692394644022,-0.09962503715741292,8.29144350768535,0.12785540745852586,1,33,3,1,0
5,11,11,payload,31,23,19413409,10,125000.0,4,-27,0.27028176621821676,continuous,-5206.380959017987,-1657.2425304944704,-0.14786443685729067,-0.0068509632545063,-0.11024429774698605,0|1|2|3,0|1|1|1,0.2511831732328518|-0.38153571162172606|-0.14786443685729067|0.10451022404559507,1|-2|-1|0,-0.006850318715010586|-0.00685074002793707|-0.0068509632545063|-0.006851333062385658,0.0011831732328517752|0.11846428837827394|0.10213556314270933|0.10451022404559507,0,656,-368,655,-0.04031567648053169,-0.07879918068647385,0.088513641021836,0.007834664545953274,-2.043701085810256,9.467965328238689,0.12951681343341237,1,33,3,1,0
5,11,11,payload,32,24,19417505,10,125000.0,4,-27,0.27028176621821676,continuous,-5374.328731889535,-1710.7019669620342,-0.14786443685729067,-0.0068509632545063,-0.11709526100149235,0|1|2|3,0|1|1|1,0.2511831732328518|-0.38153571162172606|-0.14786443685729067|0.10451022404559507,1|-2|-1|0,-0.006850318715010586|-0.00685074002793707|-0.0068509632545063|-0.006851333062385658,0.0011831732328517752|0.11846428837827394|0.10213556314270933|0.10451022404559507,0,889,-135,888,0.05732574686408043,-0.07253313064575195,0.09245158892522264,0.008547295816242695,-0.9019741902419407,9.431324140432361,0.129447201093555,1,33,3,1,0
5,11,11,payload,33,25,19421601,10,125000.0,4,-27,0.27028176621821676,continuous,-5542.276504761084,-1764.1614034295978,-0.14786443685729067,-0.0068509632545063,-0.12394622425599866,0|1|2|3,0|1|1|1,0.2511831732328518|-0.38153571162172606|-0.14786443685729067|0.10451022404559507,1|-2|-1|0,-0.006850318715010586|-0.00685074002793707|-0.0068509632545063|-0.006851333062385658,0.0011831732328517752|0.11846428837827394|0.10213556314270933|0.10451022404559507,0,66,66,65,0.07417802512645721,0.013607927598059177,0.07541588098786182,0.005687554832547903,0.18143223918916782,8.385913527618364,0.12944052040030307,1,33,3,1,0
5,11,11,payload,34,26,19425697,10,125000.0,4,-27,0.27028176621821676,continuous,-5710.224277632631,-1817.6208398971612,-0.14786443685729067,-0.0068509632545063,-0.13079718751050495,0|1|2|3,0|1|1|1,0.2511831732328518|-0.38153571162172606|-0.14786443685729067|0.10451022404559507,1|-2|-1|0,-0.006850318715010586|-0.00685074002793707|-0.0068509632545063|-0.006851333062385658,0.0011831732328517752|0.11846428837827394|0.10213556314270933|0.10451022404559507,1,586,-438,585,-0.08893147855997086,0.0032282983884215355,0.08899005444063533,0.007919229567050934,3.1053076224624756,6.6046335332699595,0.25535793644662874,1,33,3,1,0
5,11,11,payload,35,27,19429794,10,125000.0,4,-27,0.27028176621821676,continuous,-5878.213053378416,-1871.0933279849562,-0.14786443685729067,-0.0068509632545063,0.11235184923498874,0|1|2|3,0|1|1|1,0.2511831732328518|-0.38153571162172606|-0.14786443685729067|0.10451022404559507,1|-2|-1|0,-0.006850318715010586|-0.00685074002793707|-0.0068509632545063|-0.006851333062385658,0.0011831732328517752|0.11846428837827394|0.10213556314270933|0.10451022404559507,0,425,425,424,-0.007920322939753532,0.07377932220697403,0.0742032337623535,0.005506119225174189,1.677738297013593,4.935005308693919,0.3014212821084925,1,33,3,1,0
5,11,11,payload,36,28,19433890,10,125000.0,4,-27,0.27028176621821676,continuous,-6046.160826249964,-1924.5527644525198,-0.14786443685729067,-0.0068509632545063,0.10550088598048243,0|1|2|3,0|1|1|1,0.2511831732328518|-0.38153571162172606|-0.14786443685729067|0.10451022404559507,1|-2|-1|0,-0.006850318715010586|-0.00685074002793707|-0.0068509632545063|-0.006851333062385658,0.0011831732328517752|0.11846428837827394|0.10213556314270933|0.10451022404559507,0,860,-164,859,-0.053548239171504974,-0.06659363210201263,0.08545247658732254,0.007302125450223684,-2.2480350060915892,8.77661122631971,0.13064602903586575,1,33,3,1,0
5,11,11,payload,37,29,19437986,10,125000.0,4,-27,0.27028176621821676,continuous,-6214.108599121511,-1978.0122009200832,-0.14786443685729067,-0.0068509632545063,0.09864992272597613,0|1|2|3,0|1|1|1,0.2511831732328518|-0.38153571162172606|-0.14786443685729067|0.10451022404559507,1|-2|-1|0,-0.006850318715010586|-0.00685074002793707|-0.0068509632545063|-0.006851333062385658,0.0011831732328517752|0.11846428837827394|0.10213556314270933|0.10451022404559507,0,553,-471,552,-0.03496340662240982,0.0909304991364479,0.0974207137925376,0.009490794502198696,1.937875674421872,9.973114827559604,0.12695890498443063,1,33,3,1,0
5,11,11,payload,38,30,19442082,10,125000.0,4,-27,0.27028176621821676,continuous,-6382.05637199306,-2031.471637387647,-0.14786443685729067,-0.0068509632545063,0.09179895947146982,0|1|2|3,0|1|1|1,0.2511831732328518|-0.38153571162172606|-0.14786443685729067|0.10451022404559507,1|-2|-1|0,-0.006850318715010586|-0.00685074002793707|-0.0068509632545063|-0.006851333062385658,0.0011831732328517752|0.11846428837827394|0.10213556314270933|0.10451022404559507,0,629,-395,628,-0.05330420657992363,0.056693967431783676,0.07781737840785516,0.006055544596165419,2.325387720392551,7.60604865387029,0.12974953179976012,1,33,3,1,0
5,11,11,payload,39,31,19446178,10,125000.0,4,-27,0.27028176621821676,continuous,-6550.004144864608,-2084.931073855211,-0.14786443685729067,-0.0068509632545063,0.08494799621696351,0|1|2|3,0|1|1|1,0.2511831732328518|-0.38153571162172606|-0.14786443685729067|0.10451022404559507,1|-2|-1|0,-0.006850318715010586|-0.00685074002793707|-0.0068509632545063|-0.006851333062385658,0.0011831732328517752|0.11846428837827394|0.10213556314270933|0.10451022404559507,0,759,-265,758,-0.07648374885320663,0.03132997080683708,0.08265186573452321,0.006831331178545952,2.752812970142926,9.011255985547553,0.12750730109747765,1,33,3,1,0
5,11,11,payload,40,32,19450274,10,125000.0,4,-27,0.27028176621821676,continuous,-6717.951917736155,-2138.390510322774,-0.14786443685729067,-0.0068509632545063,0.07809703296245721,0|1|2|3,0|1|1|1,0.2511831732328518|-0.38153571162172606|-0.14786443685729067|0.10451022404559507,1|-2|-1|0,-0.006850318715010586|-0.00685074002793707|-0.0068509632545063|-0.006851333062385658,0.0011831732328517752|0.11846428837827394|0.10213556314270933|0.10451022404559507,0,494,494,493,0.0528772696852684,0.04993947967886925,0.07273209250368642,0.0052899569272994995,0.7568328671245689,7.3691926795784415,0.12949392757409495,1,33,3,1,0
5,11,11,payload,41,33,19454370,10,125000.0,4,-27,0.27028176621821676,continuous,-6885.899690607704,-2191.8499467903375,-0.14786443685729067,-0.0068509632545063,0.0712460697079509,0|1|2|3,0|1|1|1,0.2511831732328518|-0.38153571162172606|-0.14786443685729067|0.10451022404559507,1|-2|-1|0,-0.006850318715010586|-0.00685074002793707|-0.0068509632545063|-0.006851333062385658,0.0011831732328517752|0.11846428837827394|0.10213556314270933|0.10451022404559507,0,303,303,302,0.06942041963338852,-0.056064024567604065,0.08923211032354142,0.007962369360029697,-0.6793587556489178,9.454849571489792,0.12891691394968063,1,33,3,1,0
5,11,11,payload,42,34,19458466,10,125000.0,4,-27,0.27028176621821676,continuous,-7053.847463479252,-2245.309383257901,-0.14786443685729067,-0.0068509632545063,0.0643951064534446,0|1|2|3,0|1|1|1,0.2511831732328518|-0.38153571162172606|-0.14786443685729067|0.10451022404559507,1|-2|-1|0,-0.006850318715010586|-0.00685074002793707|-0.0068509632545063|-0.006851333062385658,0.0011831732328517752|0.11846428837827394|0.10213556314270933|0.10451022404559507,0,1022,-2,1021,-0.07655064761638641,-0.019615475088357925,0.0790238477513602,0.006244768388569355,-2.8907480455770402,7.531308535674244,0.12911910799319415,1,33,3,1,0
5,11,11,payload,43,35,19462562,10,125000.0,4,-27,0.27028176621821676,continuous,-7221.795236350799,-2298.7688197254647,-0.14786443685729067,-0.0068509632545063,0.057544143198938295,0|1|2|3,0|1|1|1,0.2511831732328518|-0.38153571162172606|-0.14786443685729067|0.10451022404559507,1|-2|-1|0,-0.006850318715010586|-0.00685074002793707|-0.0068509632545063|-0.006851333062385658,0.0011831732328517752|0.11846428837827394|0.10213556314270933|0.10451022404559507,0,720,-304,719,0.03547866642475128,0.06819713115692139,0.07687382174260046,0.005909584928303957,1.0910905493796064,8.775394826232265,0.1326603196937981,1,33,3,1,0
5,11,11,payload,44,36,19466658,10,125000.0,4,-27,0.27028176621821676,continuous,-7389.743009222348,-2352.2282561930283,-0.14786443685729067,-0.0068509632545063,0.050693179944431996,0|1|2|3,0|1|1|1,0.2511831732328518|-0.38153571162172606|-0.14786443685729067|0.10451022404559507,1|-2|-1|0,-0.006850318715010586|-0.00685074002793707|-0.0068509632545063|-0.006851333062385658,0.0011831732328517752|0.11846428837827394|0.10213556314270933|0.10451022404559507,0,314,314,313,-0.026357565075159073,-0.08773447573184967,0.09160818450681012,0.008392059244215488,-1.8626423064933582,10.02367681408882,0.1311877472618832,1,33,3,1,0
5,11,11,payload,45,37,19470754,10,125000.0,4,-27,0.27028176621821676,continuous,-7557.690782093895,-2405.687692660592,-0.14786443685729067,-0.0068509632545063,0.043842216689925696,0|1|2|3,0|1|1|1,0.2511831732328518|-0.38153571162172606|-0.14786443685729067|0.10451022404559507,1|-2|-1|0,-0.006850318715010586|-0.00685074002793707|-0.0068509632545063|-0.006851333062385658,0.0011831732328517752|0.11846428837827394|0.10213556314270933|0.10451022404559507,0,602,-422,601,0.056967951357364655,-0.017874138429760933,0.05970621664836353,0.0035648320335894823,-0.3040303432441215,5.0999967552130885,0.12271669858028744,1,33,3,1,0
5,11,11,payload,46,38,19474850,10,125000.0,4,-27,0.27028176621821676,continuous,-7725.638554965443,-2459.1471291281555,-0.14786443685729067,-0.0068509632545063,0.0369912534354194,0|1|2|3,0|1|1|1,0.2511831732328518|-0.38153571162172606|-0.14786443685729067|0.10451022404559507,1|-2|-1|0,-0.006850318715010586|-0.00685074002793707|-0.0068509632545063|-0.006851333062385658,0.0011831732328517752|0.11846428837827394|0.10213556314270933|0.10451022404559507,0,7,7,6,-0.03343938663601875,0.06395454704761505,0.07216908387016394,0.005208376329392195,2.0525656193921846,5.411807899203135,0.16580441746612706,1,33,3,1,0
5,11,11,payload,47,39,19478946,10,125000.0,4,-27,0.27028176621821676,continuous,-7893.586327836992,-2512.606565595719,-0.14786443685729067,-0.0068509632545063,0.030140290180913097,0|1|2|3,0|1|1|1,0.2511831732328518|-0.38153571162172606|-0.14786443685729067|0.10451022404559507,1|-2|-1|0,-0.006850318715010586|-0.00685074002793707|-0.0068509632545063|-0.006851333062385658,0.0011831732328517752|0.11846428837827394|0.10213556314270933|0.10451022404559507,0,414,414,413,-0.011700347065925598,-0.06762025505304337,0.06862504655664542,0.004709396976977587,-1.7421301002942033,2.9951487555157446,0.273801199514196,1,33,3,1,0
5,11,11,payload,48,40,19483042,10,125000.0,4,-27,0.27028176621821676,continuous,-8061.534100708539,-2566.066002063282,-0.14786443685729067,-0.0068509632545063,0.023289326926406798,0|1|2|3,0|1|1|1,0.2511831732328518|-0.38153571162172606|-0.14786443685729067|0.10451022404559507,1|-2|-1|0,-0.006850318715010586|-0.00685074002793707|-0.0068509632545063|-0.006851333062385658,0.0011831732328517752|0.11846428837827394|0.10213556314270933|0.10451022404559507,0,807,-217,806,0.07897791266441345,-0.023594828322529793,0.08242709877459822,0.006794226821511984,-0.2903116678144825,6.200358630753322,0.23882214642080335,1,33,3,1,0
5,11,11,payload,49,41,19487138,10,125000.0,4,-27,0.27028176621821676,continuous,-8229.481873580087,-2619.5254385308463,-0.14786443685729067,-0.0068509632545063,0.016438363671900498,0|1|2|3,0|1|1|1,0.2511831732328518|-0.38153571162172606|-0.14786443685729067|0.10451022404559507,1|-2|-1|0,-0.006850318715010586|-0.00685074002793707|-0.0068509632545063|-0.006851333062385658,0.0011831732328517752|0.11846428837827394|0.10213556314270933|0.10451022404559507,0,195,195,194,-0.04653104022145271,0.08083275705575943,0.09326881749719933,0.008699072524905205,2.093115835996004,10.330009830789075,0.12506288326143533,1,33,3,1,0
5,11,11,payload,50,42,19491234,10,125000.0,4,-27,0.27028176621821676,continuous,-8397.429646451636,-2672.98487499841,-0.14786443685729067,-0.0068509632545063,0.009587400417394198,0|1|2|3,0|1|1|1,0.2511831732328518|-0.38153571162172606|-0.14786443685729067|0.10451022404559507,1|-2|-1|0,-0.006850318715010586|-0.00685074002793707|-0.0068509632545063|-0.006851333062385658,0.0011831732328517752|0.11846428837827394|0.10213556314270933|0.10451022404559507,0,826,-198,825,0.05860721692442894,-0.057816509157419205,0.08232590483424405,0.006777554750442505,-0.7786066301209362,9.97931487646375,0.1292926939374155,1,33,3,1,0
5,11,11,payload,51,43,19495330,10,125000.0,4,-27,0.27028176621821676,continuous,-8565.377419323184,-2726.4443114659734,-0.14786443685729067,-0.0068509632545063,0.002736437162887898,0|1|2|3,0|1|1|1,0.2511831732328518|-0.38153571162172606|-0.14786443685729067|0.10451022404559507,1|-2|-1|0,-0.006850318715010586|-0.00685074002793707|-0.0068509632545063|-0.006851333062385658,0.0011831732328517752|0.11846428837827394|0.10213556314270933|0.10451022404559507,0,928,-96,927,0.06668902188539505,-0.03624594584107399,0.07590253111685255,0.005761194042861462,-0.49784446774918034,7.160579670496157,0.1314252349581082,1,33,3,1,0
5,11,11,payload,52,44,19499426,10,125000.0,4,-27,0.27028176621821676,continuous,-8733.325192194732,-2779.903747933537,-0.14786443685729067,-0.0068509632545063,-0.004114526091618402,0|1|2|3,0|1|1|1,0.2511831732328518|-0.38153571162172606|-0.14786443685729067|0.10451022404559507,1|-2|-1|0,-0.006850318715010586|-0.00685074002793707|-0.0068509632545063|-0.006851333062385658,0.0011831732328517752|0.11846428837827394|0.10213556314270933|0.10451022404559507,0,761,-263,760,-0.025322921574115753,-0.08102381229400635,0.08488880088505898,0.00720610748976469,-1.8737147045606555,9.43619921999897,0.12434281486588361,1,33,3,1,0
5,11,11,payload,53,45,19503522,10,125000.0,4,-27,0.27028176621821676,continuous,-8901.272965066279,-2833.3631844011,-0.14786443685729067,-0.0068509632545063,-0.010965489346124704,0|1|2|3,0|1|1|1,0.2511831732328518|-0.38153571162172606|-0.14786443685729067|0.10451022404559507,1|-2|-1|0,-0.006850318715010586|-0.00685074002793707|-0.0068509632545063|-0.006851333062385658,0.0011831732328517752|0.11846428837827394|0.10213556314270933|0.10451022404559507,0,590,-434,589,-0.08485542237758636,0.017752474173903465,0.08669252012817308,0.0075155929662287235,2.935358665543018,7.51091072107597,0.1283132020191715,1,33,3,1,0
5,11,11,payload,54,46,19507618,10,125000.0,4,-27,0.27028176621821676,continuous,-9069.220737937827,-2886.8226208686638,-0.14786443685729067,-0.0068509632545063,-0.017816452600631003,0|1|2|3,0|1|1|1,0.2511831732328518|-0.38153571162172606|-0.14786443685729067|0.10451022404559507,1|-2|-1|0,-0.006850318715010586|-0.00685074002793707|-0.0068509632545063|-0.006851333062385658,0.0011831732328517752|0.11846428837827394|0.10213556314270933|0.10451022404559507,0,383,383,382,0.009047347120940685,0.08259779214859009,0.08309181522718398,0.006904250010848045,1.461696288405728,9.468710338600719,0.13553295254537545,1,33,3,1,0
5,11,11,payload,55,47,19511714,10,125000.0,4,-27,0.27028176621821676,continuous,-9237.168510809375,-2940.2820573362274,-0.14786443685729067,-0.0068509632545063,-0.024667415855137303,0|1|2|3,0|1|1|1,0.2511831732328518|-0.38153571162172606|-0.14786443685729067|0.10451022404559507,1|-2|-1|0,-0.006850318715010586|-0.00685074002793707|-0.0068509632545063|-0.006851333062385658,0.0011831732328517752|0.11846428837827394|0.10213556314270933|0.10451022404559507,0,267,267,266,0.07670985162258148,0.019437527284026146,0.07913418226579287,0.006262218579649925,0.248166917891793,8.750243020902094,0.12632467344954534,1,33,3,1,0
5,11,11,payload,56,48,19515810,10,125000.0,4,-27,0.27028176621821676,continuous,-9405.116283680924,-2993.7414938037914,-0.14786443685729067,-0.0068509632545063,-0.031518379109643606,0|1|2|3,0|1|1|1,0.2511831732328518|-0.38153571162172606|-0.14786443685729067|0.10451022404559507,1|-2|-1|0,-0.006850318715010586|-0.00685074002793707|-0.0068509632545063|-0.006851333062385658,0.0011831732328517752|0.11846428837827394|0.10213556314270933|0.10451022404559507,0,314,314,313,0.057001519948244095,-0.0005194117547944188,0.05700388640242951,0.0032494429033249617,-0.009111991748265151,5.616836603866444,0.13204706651881182,1,33,3,1,0
6,12,12,header,0,0,20786797,10,125000.0,4,-27,0.25586856169596944,continuous,-0.0,-0.0,-0.07936761451686669,-0.006854657432413376,-0.07936761451686669,0|1|2|3,1|1|1|1,0.4244475026227279|-0.3236139238422194|-0.07936761451686669|0.15673660706611425,2|-1|0|1,-0.006854619138146178|-0.006854625744861269|-0.006854657432413376|-0.0068546707333380094,-0.0755524973772721|-0.07361392384221938|-0.07936761451686669|-0.09326339293388575,0,337,337,84,0.016538171097636223,-0.0694844126701355,0.07142544859759983,0.005101594142615795,-1.3371312788465728,7.016000295382395,0.12995934661469732,1,33,3,1,0
6,12,12,header,1,1,20790893,10,125000.0,4,-27,0.25586856169596944,continuous,-168.03833370643153,-53.48826287660806,-0.07936761451686669,-0.006854657432413376,-0.08622227194928006,0|1|2|3,1|1|1|1,0.4244475026227279|-0.3236139238422194|-0.07936761451686669|0.15673660706611425,2|-1|0|1,-0.006854619138146178|-0.006854625744861269|-0.006854657432413376|-0.0068546707333380094,-0.0755524973772721|-0.07361392384221938|-0.07936761451686669|-0.09326339293388575,0,689,-335,172,0.04999225586652756,0.0511099211871624,0.07149440321019758,0.005111450329422951,0.7964525227299977,7.552944543776897,0.13103325343724848,1,33,3,1,0
6,12,12,header,2,2,20794989,10,125000.0,4,-27,0.25586856169596944,continuous,-336.07666741286306,-106.97652575321612,-0.07936761451686669,-0.006854657432413376,-0.09307692938169343,0|1|2|3,1|1|1|1,0.4244475026227279|-0.3236139238422194|-0.07936761451686669|0.15673660706611425,2|-1|0|1,-0.006854619138146178|-0.006854625744861269|-0.006854657432413376|-0.0068546707333380094,-0.0755524973772721|-0.07361392384221938|-0.07936761451686669|-0.09326339293388575,0,57,57,14,-0.059776581823825836,0.014840452931821346,0.06159122322021337,0.0037934782449156046,2.8982472843654903,6.437079752678735,0.128748109348777,1,33,3,1,0
6,12,12,header,3,3,20799085,10,125000.0,4,-27,0.25586856169596944,continuous,-504.11500111929456,-160.46478862982417,-0.07936761451686669,-0.006854657432413376,-0.0999315868141068,0|1|2|3,1|1|1|1,0.4244475026227279|-0.3236139238422194|-0.07936761451686669|0.15673660706611425,2|-1|0|1,-0.006854619138146178|-0.006854625744861269|-0.006854657432413376|-0.0068546707333380094,-0.0755524973772721|-0.07361392384221938|-0.07936761451686669|-0.09326339293388575,0,81,81,20,-0.08376955986022949,0.012867872603237629,0.08475211681432934,0.007182920817285776,2.9891736711661814,7.55467431340604,0.13778184846522024,1,33,3,1,0
6,12,12,header,4,4,20803181,10,125000.0,4,-27,0.25586856169596944,continuous,-672.1533348257261,-213.95305150643225,-0.07936761451686669,-0.006854657432413376,-0.10678624424652017,0|1|2|3,1|1|1|1,0.4244475026227279|-0.3236139238422194|-0.07936761451686669|0.15673660706611425,2|-1|0|1,-0.006854619138146178|-0.006854625744861269|-0.006854657432413376|-0.0068546707333380094,-0.0755524973772721|-0.07361392384221938|-0.07936761451686669|-0.09326339293388575,0,689,-335,172,0.07044831663370132,0.030716225504875183,0.07685344381215836,0.005906451027840376,0.411159790289403,8.587063954762108,0.12907237195921084,1,33,3,1,0
6,12,12,header,5,5,20807277,10,125000.0,4,-27,0.25586856169596944,continuous,-840.1916685321577,-267.4413143830403,-0.07936761451686669,-0.006854657432413376,-0.11364090167893354,0|1|2|3,1|1|1|1,0.4244475026227279|-0.3236139238422194|-0.07936761451686669|0.15673660706611425,2|-1|0|1,-0.006854619138146178|-0.006854625744861269|-0.006854657432413376|-0.0068546707333380094,-0.0755524973772721|-0.07361392384221938|-0.07936761451686669|-0.09326339293388575,0,57,57,14,-0.0693165510892868,0.05353281646966934,0.087581657292432,0.007670546416193247,2.483974849315321,6.167350546528246,0.2515582748931351,1,33,3,1,0
6,12,12,header,6,6,20811373,10,125000.0,4,-27,0.25586856169596944,continuous,-1008.2300022385891,-320.92957725964834,-0.07936761451686669,-0.006854657432413376,-0.1204955591113469,0|1|2|3,1|1|1|1,0.4244475026227279|-0.3236139238422194|-0.07936761451686669|0.15673660706611425,2|-1|0|1,-0.006854619138146178|-0.006854625744861269|-0.006854657432413376|-0.0068546707333380094,-0.0755524973772721|-0.07361392384221938|-0.07936761451686669|-0.09326339293388575,0,729,-295,182,0.07052026689052582,0.03528689965605736,0.07885602912680585,0.006218273192644119,0.4639512056612956,6.39384650001343,0.2817066933457113,1,33,3,1,0
6,12,12,header,7,7,20815469,10,125000.0,4,-27,0.25586856169596944,continuous,-1176.2683359450207,-374.4178401362564,-0.07936761451686669,-0.006854657432413376,-0.12735021654376028,0|1|2|3,1|1|1|1,0.4244475026227279|-0.3236139238422194|-0.07936761451686669|0.15673660706611425,2|-1|0|1,-0.006854619138146178|-0.006854625744861269|-0.006854657432413376|-0.0068546707333380094,-0.0755524973772721|-0.07361392384221938|-0.07936761451686669|-0.09326339293388575,1,409,409,102,-0.014687027782201767,-0.09061975032091141,0.09180222183204222,0.008427646942436695,-1.7314723282773787,7.873958057951076,0.14196873976726465,1,33,3,1,0
6,12,12,payload,8,0,20819566,10,125000.0,4,-27,0.25586856169596944,continuous,-1344.3476946352673,-427.91916167079336,-0.07936761451686669,-0.006854657432413376,0.11579512602382636,0|1|2|3,1|1|1|1,0.4244475026227279|-0.3236139238422194|-0.07936761451686669|0.15673660706611425,2|-1|0|1,-0.006854619138146178|-0.006854625744861269|-0.006854657432413376|-0.0068546707333380094,-0.0755524973772721|-0.07361392384221938|-0.07936761451686669|-0.09326339293388575,0,803,-221,802,0.0642121434211731,0.038258254528045654,0.0747455242959338,0.005586892832070589,0.5373331215527379,7.420357833838916,0.1255387997382229,1,33,3,1,0
6,12,12,payload,9,1,20823662,10,125000.0,4,-27,0.25586856169596944,continuous,-1512.3860283416989,-481.4074245474014,-0.07936761451686669,-0.006854657432413376,0.10894046859141299,0|1|2|3,1|1|1|1,0.4244475026227279|-0.3236139238422194|-0.07936761451686669|0.15673660706611425,2|-1|0|1,-0.006854619138146178|-0.006854625744861269|-0.006854657432413376|-0.0068546707333380094,-0.0755524973772721|-0.07361392384221938|-0.07936761451686669|-0.09326339293388575,0,711,-313,710,0.10073303431272507,-0.0021947408095002174,0.10075694064961248,0.01015196181833744,-0.021784250216111814,9.664845500154437,0.1414871081337452,1,33,3,1,0
6,12,12,payload,10,2,20827758,10,125000.0,4,-27,0.25586856169596944,continuous,-1680.4243620481304,-534.8956874240095,-0.07936761451686669,-0.006854657432413376,0.10208581115899962,0|1|2|3,1|1|1|1,0.4244475026227279|-0.3236139238422194|-0.07936761451686669|0.15673660706611425,2|-1|0|1,-0.006854619138146178|-0.006854625744861269|-0.006854657432413376|-0.0068546707333380094,-0.0755524973772721|-0.07361392384221938|-0.07936761451686669|-0.09326339293388575,0,922,-102,921,0.030073314905166626,0.06426788866519928,0.07095608348033146,0.005034765228629112,1.1331266215564837,7.679143375842957,0.12970088741876395,1,33,3,1,0
6,12,12,payload,11,3,20831854,10,125000.0,4,-27,0.25586856169596944,continuous,-1848.4626957545618,-588.3839503006175,-0.07936761451686669,-0.006854657432413376,0.09523115372658625,0|1|2|3,1|1|1|1,0.4244475026227279|-0.3236139238422194|-0.07936761451686669|0.15673660706611425,2|-1|0|1,-0.006854619138146178|-0.006854625744861269|-0.006854657432413376|-0.0068546707333380094,-0.0755524973772721|-0.07361392384221938|-0.07936761451686669|-0.09326339293388575,0,718,-306,717,0.07962119579315186,-0.02423771657049656,0.08322861121082789,0.006927002687007189,-0.2955003641078029,9.273169815816468,0.13002993011828323,1,33,3,1,0
6,12,12,payload,12,4,20835950,10,125000.0,4,-27,0.25586856169596944,continuous,-2016.5010294609933,-641.8722131772255,-0.07936761451686669,-0.006854657432413376,0.08837649629417288,0|1|2|3,1|1|1|1,0.4244475026227279|-0.3236139238422194|-0.07936761451686669|0.15673660706611425,2|-1|0|1,-0.006854619138146178|-0.006854625744861269|-0.006854657432413376|-0.0068546707333380094,-0.0755524973772721|-0.07361392384221938|-0.07936761451686669|-0.09326339293388575,0,756,-268,755,0.08720726519823074,-0.006214479450136423,0.08742840990313569,0.00764372618868947,-0.07114077079516765,9.974157785190915,0.13771222743098122,1,33,3,1,0
6,12,12,payload,13,5,20840046,10,125000.0,4,-27,0.25586856169596944,continuous,-2184.539363167425,-695.3604760538336,-0.07936761451686669,-0.006854657432413376,0.08152183886175951,0|1|2|3,1|1|1|1,0.4244475026227279|-0.3236139238422194|-0.07936761451686669|0.15673660706611425,2|-1|0|1,-0.006854619138146178|-0.006854625744861269|-0.006854657432413376|-0.0068546707333380094,-0.0755524973772721|-0.07361392384221938|-0.07936761451686669|-0.09326339293388575,0,109,109,108,-0.030972927808761597,0.07636649161577225,0.08240851472237909,0.0067911637015640736,1.9561060918877329,8.726647459239652,0.13839128675797951,1,33,3,1,0
6,12,12,payload,14,6,20844142,10,125000.0,4,-27,0.25586856169596944,continuous,-2352.5776968738564,-748.8487389304416,-0.07936761451686669,-0.006854657432413376,0.07466718142934614,0|1|2|3,1|1|1|1,0.4244475026227279|-0.3236139238422194|-0.07936761451686669|0.15673660706611425,2|-1|0|1,-0.006854619138146178|-0.006854625744861269|-0.006854657432413376|-0.0068546707333380094,-0.0755524973772721|-0.07361392384221938|-0.07936761451686669|-0.09326339293388575,0,932,-92,931,0.05890939012169838,0.034640099853277206,0.06833924759869302,0.004670253023505211,0.5315666298318935,7.298161654671203,0.12295799744146052,1,33,3,1,0
6,12,12,payload,15,7,20848238,10,125000.0,4,-27,0.25586856169596944,continuous,-2520.6160305802878,-802.3370018070497,-0.07936761451686669,-0.006854657432413376,0.06781252399693277,0|1|2|3,1|1|1|1,0.4244475026227279|-0.3236139238422194|-0.07936761451686669|0.15673660706611425,2|-1|0|1,-0.006854619138146178|-0.006854625744861269|-0.006854657432413376|-0.0068546707333380094,-0.0755524973772721|-0.07361392384221938|-0.07936761451686669|-0.09326339293388575,0,468,468,467,-0.05645664036273956,-0.06598836928606033,0.0868436360482516,0.0075418162159621716,-2.278506186946025,9.616929536229087,0.13313527996308316,1,33,3,1,0
6,12,12,payload,16,8,20852334,10,125000.0,4,-27,0.25586856169596944,continuous,-2688.6543642867196,-855.8252646836578,-0.07936761451686669,-0.006854657432413376,0.060957866564519396,0|1|2|3,1|1|1|1,0.4244475026227279|-0.3236139238422194|-0.07936761451686669|0.15673660706611425,2|-1|0|1,-0.006854619138146178|-0.006854625744861269|-0.006854657432413376|-0.0068546707333380094,-0.0755524973772721|-0.07361392384221938|-0.07936761451686669|-0.09326339293388575,0,89,89,88,0.00010601019312161952,0.07992113381624222,0.0799212041240292,0.006387398578226566,1.569469892522919,8.79148211900752,0.13116485568893665,1,33,3,1,0
6,12,12,payload,17,9,20856430,10,125000.0,4,-27,0.25586856169596944,continuous,-2856.692697993151,-909.3135275602658,-0.07936761451686669,-0.006854657432413376,0.05410320913210602,0|1|2|3,1|1|1|1,0.4244475026227279|-0.3236139238422194|-0.07936761451686669|0.15673660706611425,2|-1|0|1,-0.006854619138146178|-0.006854625744861269|-0.006854657432413376|-0.0068546707333380094,-0.0755524973772721|-0.07361392384221938|-0.07936761451686669|-0.09326339293388575,0,713,-311,712,0.03807131573557854,-0.07049356400966644,0.08011721193740487,0.006418767385184765,-1.0756104432145381,7.094663525585765,0.1282397665918893,1,33,3,1,0
6,12,12,payload,18,10,20860526,10,125000.0,4,-27,0.25586856169596944,continuous,-3024.7310316995827,-962.801790436874,-0.07936761451686669,-0.006854657432413376,0.047248551699692644,0|1|2|3,1|1|1|1,0.4244475026227279|-0.3236139238422194|-0.07936761451686669|0.15673660706611425,2|-1|0|1,-0.006854619138146178|-0.006854625744861269|-0.006854657432413376|-0.0068546707333380094,-0.0755524973772721|-0.07361392384221938|-0.07936761451686669|-0.09326339293388575,0,865,-159,864,0.09455258399248123,-0.026524076238274574,0.0982024325561695,0.009643718600273132,-0.2734926513415434,6.306134858468699,0.2988252386849126,1,33,3,1,0
6,12,12,payload,19,11,20864622,10,125000.0,4,-27,0.25586856169596944,continuous,-3192.769365406014,-1016.290053313482,-0.07936761451686669,-0.006854657432413376,0.04039389426727927,0|1|2|3,1|1|1|1,0.4244475026227279|-0.3236139238422194|-0.07936761451686669|0.15673660706611425,2|-1|0|1,-0.006854619138146178|-0.006854625744861269|-0.006854657432413376|-0.0068546707333380094,-0.0755524973772721|-0.07361392384221938|-0.07936761451686669|-0.09326339293388575,0,92,92,91,0.05003703385591507,0.07417198270559311,0.08947171494710937,0.008005188778042793,0.977315815085112,8.249289249496915,0.2239486843492955,1,33,3,1,0
6,12,12,payload,20,12,20868718,10,125000.0,4,-27,0.25586856169596944,continuous,-3360.807699112446,-1069.77831619009,-0.07936761451686669,-0.006854657432413376,0.03353923683486589,0|1|2|3,1|1|1|1,0.4244475026227279|-0.3236139238422194|-0.07936761451686669|0.15673660706611425,2|-1|0|1,-0.006854619138146178|-0.006854625744861269|-0.006854657432413376|-0.0068546707333380094,-0.0755524973772721|-0.07361392384221938|-0.07936761451686669|-0.09326339293388575,0,645,-379,644,-0.04838404059410095,-0.0776122584939003,0.09145861387936954,0.008364677429199219,-2.1282494363649773,10.2433377624549,0.13323541468371047,1,33,3,1,0
6,12,12,payload,21,13,20872814,10,125000.0,4,-27,0.25586856169596944,continuous,-3528.846032818877,-1123.2665790666981,-0.07936761451686669,-0.006854657432413376,0.026684579402452516,0|1|2|3,1|1|1|1,0.4244475026227279|-0.3236139238422194|-0.07936761451686669|0.15673660706611425,2|-1|0|1,-0.006854619138146178|-0.006854625744861269|-0.006854657432413376|-0.0068546707333380094,-0.0755524973772721|-0.07361392384221938|-0.07936761451686669|-0.09326339293388575,0,426,426,425,-0.07604015618562698,0.030274413526058197,0.08184525317378719,0.006698644254356623,2.762693184614249,8.92272813385134,0.13168177635150835,1,33,3,1,0
6,12,12,payload,22,14,20876910,10,125000.0,4,-27,0.25586856169596944,continuous,-3696.884366525309,-1176.7548419433062,-0.07936761451686669,-0.006854657432413376,0.01982992197003914,0|1|2|3,1|1|1|1,0.4244475026227279|-0.3236139238422194|-0.07936761451686669|0.15673660706611425,2|-1|0|1,-0.006854619138146178|-0.006854625744861269|-0.006854657432413376|-0.0068546707333380094,-0.0755524973772721|-0.07361392384221938|-0.07936761451686669|-0.09326339293388575,0,765,-259,764,-0.028858358040452003,-0.09130661934614182,0.09575856914768599,0.009169704280793667,-1.87692105386197,10.206924410879253,0.13627877104759278,1,33,3,1,0
6,12,12,payload,23,15,20881006,10,125000.0,4,-27,0.25586856169596944,continuous,-3864.9227002317402,-1230.2431048199142,-0.07936761451686669,-0.006854657432413376,0.012975264537625764,0|1|2|3,1|1|1|1,0.4244475026227279|-0.3236139238422194|-0.07936761451686669|0.15673660706611425,2|-1|0|1,-0.006854619138146178|-0.006854625744861269|-0.006854657432413376|-0.0068546707333380094,-0.0755524973772721|-0.07361392384221938|-0.07936761451686669|-0.09326339293388575,0,1023,-1,1022,0.0774211511015892,-0.038293953984975815,0.08637396337843108,0.007460461463779211,-0.4593333596805154,7.788099186331942,0.19202346430456885,1,33,3,1,0
6,12,12,payload,24,16,20885102,10,125000.0,4,-27,0.25586856169596944,continuous,-4032.9610339381716,-1283.7313676965223,-0.07936761451686669,-0.006854657432413376,0.0061206071052123875,0|1|2|3,1|1|1|1,0.4244475026227279|-0.3236139238422194|-0.07936761451686669|0.15673660706611425,2|-1|0|1,-0.006854619138146178|-0.006854625744861269|-0.006854657432413376|-0.0068546707333380094,-0.0755524973772721|-0.07361392384221938|-0.07936761451686669|-0.09326339293388575,0,597,-427,596,-0.06649422645568848,0.018254853785037994,0.06895449106949814,0.004754721652716398,2.8736607402081478,6.2922692945421845,0.17994921257073315,1,33,3,1,0
6,12,12,payload,25,17,20889198,10,125000.0,4,-27,0.25586856169596944,continuous,-4200.999367644603,-1337.2196305731302,-0.07936761451686669,-0.006854657432413376,-0.0007340503272009885,0|1|2|3,1|1|1|1,0.4244475026227279|-0.3236139238422194|-0.07936761451686669|0.15673660706611425,2|-1|0|1,-0.006854619138146178|-0.006854625744861269|-0.006854657432413376|-0.0068546707333380094,-0.0755524973772721|-0.07361392384221938|-0.07936761451686669|-0.09326339293388575,0,562,-462,561,-0.06870725005865097,0.04722680523991585,0.08337300128813246,0.006951057352125645,2.539398503522344,8.812532361052893,0.13731834606028315,1,33,3,1,0
6,12,12,payload,26,18,20893294,10,125000.0,4,-27,0.25586856169596944,continuous,-4369.037701351035,-1390.7078934497385,-0.07936761451686669,-0.006854657432413376,-0.0075887077596143646,0|1|2|3,1|1|1|1,0.4244475026227279|-0.3236139238422194|-0.07936761451686669|0.15673660706611425,2|-1|0|1,-0.006854619138146178|-0.006854625744861269|-0.006854657432413376|-0.0068546707333380094,-0.0755524973772721|-0.07361392384221938|-0.07936761451686669|-0.09326339293388575,0,827,-197,826,-0.06976207345724106,-0.06764187663793564,0.0971708308503905,0.009442172013223171,-2.3716236577747796,6.824575296157988,0.25019539576260286,1,33,3,1,0
6,12,12,payload,27,19,20897390,10,125000.0,4,-27,0.25586856169596944,continuous,-4537.0760350574665,-1444.1961563263465,-0.07936761451686669,-0.006854657432413376,-0.01444336519202774,0|1|2|3,1|1|1|1,0.4244475026227279|-0.3236139238422194|-0.07936761451686669|0.15673660706611425,2|-1|0|1,-0.006854619138146178|-0.006854625744861269|-0.006854657432413376|-0.0068546707333380094,-0.0755524973772721|-0.07361392384221938|-0.07936761451686669|-0.09326339293388575,0,890,-134,889,-0.05205954238772392,-0.05497846007347107,0.07571543452737675,0.0057328264228999615,-2.3289313276544372,3.7535699955339497,0.2666291391556683,1,33,3,1,0
6,12,12,payload,28,20,20901486,10,125000.0,4,-27,0.25586856169596944,continuous,-4705.114368763898,-1497.6844192029544,-0.07936761451686669,-0.006854657432413376,-0.021298022624441117,0|1|2|3,1|1|1|1,0.4244475026227279|-0.3236139238422194|-0.07936761451686669|0.15673660706611425,2|-1|0|1,-0.006854619138146178|-0.006854625744861269|-0.006854657432413376|-0.0068546707333380094,-0.0755524973772721|-0.07361392384221938|-0.07936761451686669|-0.09326339293388575,0,174,174,173,0.06089779734611511,-0.04646235704421997,0.07659825287637494,0.005867291707545519,-0.6517416932450586,8.269321679401195,0.13537368107111547,1,33,3,1,0
6,12,12,payload,29,21,20905582,10,125000.0,4,-27,0.25586856169596944,continuous,-4873.152702470329,-1551.1726820795625,-0.07936761451686669,-0.006854657432413376,-0.028152680056854493,0|1|2|3,1|1|1|1,0.4244475026227279|-0.3236139238422194|-0.07936761451686669|0.15673660706611425,2|-1|0|1,-0.006854619138146178|-0.006854625744861269|-0.006854657432413376|-0.0068546707333380094,-0.0755524973772721|-0.07361392384221938|-0.07936761451686669|-0.09326339293388575,0,267,267,266,0.08139535039663315,-0.012019744142889977,0.08227804880678215,0.006769677624106407,-0.14661155897390796,7.239772198919406,0.13860970551230878,1,33,3,1,0
6,12,12,payload,30,22,20909678,10,125000.0,4,-27,0.25586856169596944,continuous,-5041.191036176761,-1604.6609449561706,-0.07936761451686669,-0.006854657432413376,-0.03500733748926787,0|1|2|3,1|1|1|1,0.4244475026227279|-0.3236139238422194|-0.07936761451686669|0.15673660706611425,2|-1|0|1,-0.006854619138146178|-0.006854625744861269|-0.006854657432413376|-0.0068546707333380094,-0.0755524973772721|-0.07361392384221938|-0.07936761451686669|-0.09326339293388575,0,917,-107,916,-0.07880716770887375,-0.024795373901724815,0.08261585955021523,0.006825380492955446,-2.8367652934044414,6.914482139071892,0.22464394874862137,1,33,3,1,0
6,12,12,payload,31,23,20913774,10,125000.0,4,-27,0.25586856169596944,continuous,-5209.229369883193,-1658.1492078327788,-0.07936761451686669,-0.006854657432413376,-0.041861994921681245,0|1|2|3,1|1|1|1,0.4244475026227279|-0.3236139238422194|-0.07936761451686669|0.15673660706611425,2|-1|0|1,-0.006854619138146178|-0.006854625744861269|-0.006854657432413376|-0.0068546707333380094,-0.0755524973772721|-0.07361392384221938|-0.07936761451686669|-0.09326339293388575,0,656,-368,655,-0.010152289643883705,0.07563818991184235,0.0763164776319848,0.005824204534292221,1.7042206483194318,6.554927099052257,0.2262347799341029,1,33,3,1,0
6,12,12,payload,32,24,20917870,10,125000.0,4,-27,0.25586856169596944,continuous,-5377.267703589624,-1711.6374707093867,-0.07936761451686669,-0.006854657432413376,-0.04871665235409462,0|1|2|3,1|1|1|1,0.4244475026227279|-0.3236139238422194|-0.07936761451686669|0.15673660706611425,2|-1|0|1,-0.006854619138146178|-0.006854625744861269|-0.006854657432413376|-0.0068546707333380094,-0.0755524973772721|-0.07361392384221938|-0.07936761451686669|-0.09326339293388575,0,889,-135,888,-0.0742594376206398,0.03802046552300453,0.08342673357095835,0.006960020400583744,2.6683951059028534,5.762063665715287,0.23663045415500505,1,33,3,1,0
6,12,12,payload,33,25,20921966,10,125000.0,4,-27,0.25586856169596944,continuous,-5545.306037296055,-1765.1257335859948,-0.07936761451686669,-0.006854657432413376,-0.055571309786508,0|1|2|3,1|1|1|1,0.4244475026227279|-0.3236139238422194|-0.07936761451686669|0.15673660706611425,2|-1|0|1,-0.006854619138146178|-0.006854625744861269|-0.006854657432413376|-0.0068546707333380094,-0.0755524973772721|-0.07361392384221938|-0.07936761451686669|-0.09326339293388575,0,66,66,65,-0.061792392283678055,-0.04866212233901024,0.07865304758670674,0.006186301354318857,-2.474514145515309,4.772367497481806,0.1505370716416854,1,33,3,1,0
6,12,12,payload,34,26,20926062,10,125000.0,4,-27,0.25586856169596944,continuous,-5713.344371002487,-1818.6139964626027,-0.07936761451686669,-0.006854657432413376,-0.06242596721892137,0|1|2|3,1|1|1|1,0.4244475026227279|-0.3236139238422194|-0.07936761451686669|0.15673660706611425,2|-1|0|1,-0.006854619138146178|-0.006854625744861269|-0.006854657432413376|-0.0068546707333380094,-0.0755524973772721|-0.07361392384221938|-0.07936761451686669|-0.09326339293388575,0,586,-438,585,0.08698553591966629,0.03378783166408539,0.09331720649372294,0.008708100765943527,0.37049302016700775,10.08031435322389,0.1315415879743682,1,33,3,1,0
6,12,12,payload,35,27,20930158,10,125000.0,4,-27,0.25586856169596944,continuous,-5881.382704708919,-1872.102259339211,-0.07936761451686669,-0.006854657432413376,-0.06928062465133475,0|1|2|3,1|1|1|1,0.4244475026227279|-0.3236139238422194|-0.07936761451686669|0.15673660706611425,2|-1|0|1,-0.006854619138146178|-0.006854625744861269|-0.006854657432413376|-0.0068546707333380094,-0.0755524973772721|-0.07361392384221938|-0.07936761451686669|-0.09326339293388575,0,425,425,424,0.06329945474863052,-0.06685348600149155,0.09206633240238013,0.008476209826767445,-0.8126979560409354,11.284577349065543,0.1275540339800898,1,33,3,1,0
6,12,12,payload,36,28,20934254,10,125000.0,4,-27,0.25586856169596944,continuous,-6049.42103841535,-1925.590522215819,-0.07936761451686669,-0.006854657432413376,-0.07613528208374812,0|1|2|3,1|1|1|1,0.4244475026227279|-0.3236139238422194|-0.07936761451686669|0.15673660706611425,2|-1|0|1,-0.006854619138146178|-0.006854625744861269|-0.006854657432413376|-0.0068546707333380094,-0.0755524973772721|-0.07361392384221938|-0.07936761451686669|-0.09326339293388575,0,860,-164,859,0.008274730294942856,0.08549535274505615,0.08589485725266459,0.007377925794571638,1.474311120266898,9.265980664705003,0.13234081858680113,1,33,3,1,0
6,12,12,payload,37,29,20938350,10,125000.0,4,-27,0.25586856169596944,continuous,-6217.459372121782,-1979.078785092427,-0.07936761451686669,-0.006854657432413376,-0.08298993951616149,0|1|2|3,1|1|1|1,0.4244475026227279|-0.3236139238422194|-0.07936761451686669|0.15673660706611425,2|-1|0|1,-0.006854619138146178|-0.006854625744861269|-0.006854657432413376|-0.0068546707333380094,-0.0755524973772721|-0.07361392384221938|-0.07936761451686669|-0.09326339293388575,0,553,-471,552,0.06582017242908478,-0.01734183356165886,0.0680663961869198,0.004633034113794565,-0.2576183218212772,7.179161427028765,0.12930508675369978,1,33,3,1,0
6,12,12,payload,38,30,20942446,10,125000.0,4,-27,0.25586856169596944,continuous,-6385.497705828213,-2032.567047969035,-0.07936761451686669,-0.006854657432413376,-0.08984459694857486,0|1|2|3,1|1|1|1,0.4244475026227279|-0.3236139238422194|-0.07936761451686669|0.15673660706611425,2|-1|0|1,-0.006854619138146178|-0.006854625744861269|-0.006854657432413376|-0.0068546707333380094,-0.0755524973772721|-0.07361392384221938|-0.07936761451686669|-0.09326339293388575,0,629,-395,628,0.08400599658489227,-0.0465339757502079,0.09603342314705786,0.009222419001162052,-0.5058603421395882,10.474301597180771,0.13383244865611843,1,33,3,1,0
6,12,12,payload,39,31,20946542,10,125000.0,4,-27,0.25586856169596944,continuous,-6553.536039534644,-2086.055310845643,-0.07936761451686669,-0.006854657432413376,-0.09669925438098823,0|1|2|3,1|1|1|1,0.4244475026227279|-0.3236139238422194|-0.07936761451686669|0.15673660706611425,2|-1|0|1,-0.006854619138146178|-0.006854625744861269|-0.006854657432413376|-0.0068546707333380094,-0.0755524973772721|-0.07361392384221938|-0.07936761451686669|-0.09326339293388575,0,759,-265,758,0.08746664226055145,0.003938054665923119,0.08755524988764,0.007665921933948994,0.04499311773756314,9.854925059134501,0.14117714080720134,1,33,3,1,0
6,12,12,payload,40,32,20950638,10,125000.0,4,-27,0.25586856169596944,continuous,-6721.5743732410765,-2139.543573722251,-0.07936761451686669,-0.006854657432413376,-0.1035539118134016,0|1|2|3,1|1|1|1,0.4244475026227279|-0.3236139238422194|-0.07936761451686669|0.15673660706611425,2|-1|0|1,-0.006854619138146178|-0.006854625744861269|-0.006854657432413376|-0.0068546707333380094,-0.0755524973772721|-0.07361392384221938|-0.07936761451686669|-0.09326339293388575,0,494,494,493,-0.04373272880911827,-0.08022197335958481,0.09136802820898467,0.008348117582499981,-2.0699056146781487,9.840595354841383,0.12668232141436153,1,33,3,1,0
6,12,12,payload,41,33,20954734,10,125000.0,4,-27,0.25586856169596944,continuous,-6889.612706947508,-2193.031836598859,-0.07936761451686669,-0.006854657432413376,-0.11040856924581496,0|1|2|3,1|1|1|1,0.4244475026227279|-0.3236139238422194|-0.07936761451686669|0.15673660706611425,2|-1|0|1,-0.006854619138146178|-0.006854625744861269|-0.006854657432413376|-0.0068546707333380094,-0.0755524973772721|-0.07361392384221938|-0.07936761451686669|-0.09326339293388575,0,303,303,302,-0.08135687559843063,0.023510348051786423,0.08468575838152868,0.007171677425503731,2.86027819688802,9.466614250517935,0.13695401404115692,1,33,3,1,0
6,12,12,payload,42,34,20958830,10,125000.0,4,-27,0.25586856169596944,continuous,-7057.651040653939,-2246.5200994754673,-0.07936761451686669,-0.006854657432413376,-0.11726322667822833,0|1|2|3,1|1|1|1,0.4244475026227279|-0.3236139238422194|-0.07936761451686669|0.15673660706611425,2|-1|0|1,-0.006854619138146178|-0.006854625744861269|-0.006854657432413376|-0.0068546707333380094,-0.0755524973772721|-0.07361392384221938|-0.07936761451686669|-0.09326339293388575,0,1022,-2,1021,0.06430928409099579,0.04492110386490822,0.07844481877560988,0.006153589114546776,0.6097297145130143,7.9538320059130925,0.1377856725859985,1,33,3,1,0
6,12,12,payload,43,35,20962926,10,125000.0,4,-27,0.25586856169596944,continuous,-7225.6893743603705,-2300.0083623520754,-0.07936761451686669,-0.006854657432413376,-0.1241178841106417,0|1|2|3,1|1|1|1,0.4244475026227279|-0.3236139238422194|-0.07936761451686669|0.15673660706611425,2|-1|0|1,-0.006854619138146178|-0.006854625744861269|-0.006854657432413376|-0.0068546707333380094,-0.0755524973772721|-0.07361392384221938|-0.07936761451686669|-0.09326339293388575,0,720,-304,719,0.004531203303486109,-0.0659589171409607,0.06611437478934246,0.00437111034989357,-1.5022067328617819,4.52110819378508,0.22058297486810474,1,33,3,1,0
6,12,12,payload,44,36,20967022,10,125000.0,4,-27,0.25586856169596944,continuous,-7393.727708066803,-2353.4966252286836,-0.07936761451686669,-0.006854657432413376,-0.13097254154305507,0|1|2|3,1|1|1|1,0.4244475026227279|-0.3236139238422194|-0.07936761451686669|0.15673660706611425,2|-1|0|1,-0.006854619138146178|-0.006854625744861269|-0.006854657432413376|-0.0068546707333380094,-0.0755524973772721|-0.07361392384221938|-0.07936761451686669|-0.09326339293388575,1,314,314,313,-0.04221327602863312,0.08775370568037033,0.09737901998740094,0.00948267336934805,2.019163372885561,5.343047161313685,0.28599277519558797,1,33,3,1,0
6,12,12,payload,45,37,20971119,10,125000.0,4,-27,0.25586856169596944,continuous,-7561.807066757049,-2406.99794676322,-0.07936761451686669,-0.006854657432413376,0.11217280102453156,0|1|2|3,1|1|1|1,0.4244475026227279|-0.3236139238422194|-0.07936761451686669|0.15673660706611425,2|-1|0|1,-0.006854619138146178|-0.006854625744861269|-0.006854657432413376|-0.0068546707333380094,-0.0755524973772721|-0.07361392384221938|-0.07936761451686669|-0.09326339293388575,0,602,-422,601,-0.06374458968639374,0.0008184735779650509,0.06374984402557014,0.004064042586833239,3.128753468212254,5.60143381622439,0.13939366623230853,1,33,3,1,0
6,12,12,payload,46,38,20975215,10,125000.0,4,-27,0.25586856169596944,continuous,-7729.8454004634805,-2460.4862096398283,-0.07936761451686669,-0.006854657432413376,0.10531814359211819,0|1|2|3,1|1|1|1,0.4244475026227279|-0.3236139238422194|-0.07936761451686669|0.15673660706611425,2|-1|0|1,-0.006854619138146178|-0.006854625744861269|-0.006854657432413376|-0.0068546707333380094,-0.0755524973772721|-0.07361392384221938|-0.07936761451686669|-0.09326339293388575,0,7,7,6,0.05148037523031235,-0.04982819780707359,0.07164550460813722,0.005133078433573246,-0.7690912416387565,7.530315767592175,0.12951586838999418,1,33,3,1,0
6,12,12,payload,47,39,20979311,10,125000.0,4,-27,0.25586856169596944,continuous,-7897.883734169912,-2513.9744725164364,-0.07936761451686669,-0.006854657432413376,0.09846348615970482,0|1|2|3,1|1|1|1,0.4244475026227279|-0.3236139238422194|-0.07936761451686669|0.15673660706611425,2|-1|0|1,-0.006854619138146178|-0.006854625744861269|-0.006854657432413376|-0.0068546707333380094,-0.0755524973772721|-0.07361392384221938|-0.07936761451686669|-0.09326339293388575,0,414,414,413,-0.004805027507245541,0.07128610461950302,0.07144786211754776,0.005104797426611185,1.6380993479843389,7.842212294573252,0.14155291164050254,1,33,3,1,0
6,12,12,payload,48,40,20983407,10,125000.0,4,-27,0.25586856169596944,continuous,-8065.922067876343,-2567.4627353930446,-0.07936761451686669,-0.006854657432413376,0.09160882872729145,0|1|2|3,1|1|1|1,0.4244475026227279|-0.3236139238422194|-0.07936761451686669|0.15673660706611425,2|-1|0|1,-0.006854619138146178|-0.006854625744861269|-0.006854657432413376|-0.0068546707333380094,-0.0755524973772721|-0.07361392384221938|-0.07936761451686669|-0.09326339293388575,0,807,-217,806,-0.07501804828643799,-0.015020111575722694,0.07650693642052007,0.005853311158716679,-2.9439855905323995,7.738576341006121,0.13492066616410803,1,33,3,1,0
6,12,12,payload,49,41,20987503,10,125000.0,4,-27,0.25586856169596944,continuous,-8233.960401582775,-2620.9509982696527,-0.07936761451686669,-0.006854657432413376,0.08475417129487808,0|1|2|3,1|1|1|1,0.4244475026227279|-0.3236139238422194|-0.07936761451686669|0.15673660706611425,2|-1|0|1,-0.006854619138146178|-0.006854625744861269|-0.006854657432413376|-0.0068546707333380094,-0.0755524973772721|-0.07361392384221938|-0.07936761451686669|-0.09326339293388575,0,195,195,194,0.055213067680597305,-0.04959218204021454,0.07421500766160438,0.005507866386324167,-0.7318177778288614,7.704217215660494,0.13136419049337178,1,33,3,1,0
6,12,12,payload,50,42,20991599,10,125000.0,4,-27,0.25586856169596944,continuous,-8401.998735289206,-2674.4392611462604,-0.07936761451686669,-0.006854657432413376,0.07789951386246471,0|1|2|3,1|1|1|1,0.4244475026227279|-0.3236139238422194|-0.07936761451686669|0.15673660706611425,2|-1|0|1,-0.006854619138146178|-0.006854625744861269|-0.006854657432413376|-0.0068546707333380094,-0.0755524973772721|-0.07361392384221938|-0.07936761451686669|-0.09326339293388575,0,826,-198,825,-0.09286316484212875,0.02883487194776535,0.09723691287129803,0.009455017745494843,2.8405224459661187,10.708866769748699,0.13876134614250546,1,33,3,1,0
6,12,12,payload,51,43,20995695,10,125000.0,4,-27,0.25586856169596944,continuous,-8570.037068995638,-2727.9275240228685,-0.07936761451686669,-0.006854657432413376,0.07104485643005135,0|1|2|3,1|1|1|1,0.4244475026227279|-0.3236139238422194|-0.07936761451686669|0.15673660706611425,2|-1|0|1,-0.006854619138146178|-0.006854625744861269|-0.006854657432413376|-0.0068546707333380094,-0.0755524973772721|-0.07361392384221938|-0.07936761451686669|-0.09326339293388575,0,928,-96,927,-0.06851553916931152,0.00972230825573206,0.06920189582288146,0.004788902122527361,3.0006343933126507,7.985321070448865,0.13024451013960459,1,33,3,1,0
6,12,12,payload,52,44,20999791,10,125000.0,4,-27,0.25586856169596944,continuous,-8738.07540270207,-2781.415786899477,-0.07936761451686669,-0.006854657432413376,0.06419019899763798,0|1|2|3,1|1|1|1,0.4244475026227279|-0.3236139238422194|-0.07936761451686669|0.15673660706611425,2|-1|0|1,-0.006854619138146178|-0.006854625744861269|-0.006854657432413376|-0.0068546707333380094,-0.0755524973772721|-0.07361392384221938|-0.07936761451686669|-0.09326339293388575,0,761,-263,760,-0.01655777543783188,0.08196257799863815,0.08361832406615498,0.006992023438215256,1.7701298674278187,8.268054610846093,0.12849059982109878,1,33,3,1,0
6,12,12,payload,53,45,21003887,10,125000.0,4,-27,0.25586856169596944,continuous,-8906.1137364085,-2834.904049776085,-0.07936761451686669,-0.006854657432413376,0.0573355415652246,0|1|2|3,1|1|1|1,0.4244475026227279|-0.3236139238422194|-0.07936761451686669|0.15673660706611425,2|-1|0|1,-0.006854619138146178|-0.006854625744861269|-0.006854657432413376|-0.0068546707333380094,-0.0755524973772721|-0.07361392384221938|-0.07936761451686669|-0.09326339293388575,0,590,-434,589,0.06164363771677017,0.0039947484619915485,0.061772939757073195,0.0038158963434398174,0.06471341754874436,6.577303773055365,0.134018433981975,1,33,3,1,0
6,12,12,payload,54,46,21007983,10,125000.0,4,-27,0.25586856169596944,continuous,-9074.152070114933,-2888.392312652693,-0.07936761451686669,-0.006854657432413376,0.050480884132811224,0|1|2|3,1|1|1|1,0.4244475026227279|-0.3236139238422194|-0.07936761451686669|0.15673660706611425,2|-1|0|1,-0.006854619138146178|-0.006854625744861269|-0.006854657432413376|-0.0068546707333380094,-0.0755524973772721|-0.07361392384221938|-0.07936761451686669|-0.09326339293388575,0,383,383,382,-0.003264031372964382,-0.0933128371834755,0.09336990673677201,0.00871793832629919,-1.6057615170091033,10.291022209297807,0.13713427623484575,1,33,3,1,0
6,12,12,payload,55,47,21012079,10,125000.0,4,-27,0.25586856169596944,continuous,-9242.190403821363,-2941.8805755293006,-0.07936761451686669,-0.006854657432413376,0.04362622670039785,0|1|2|3,1|1|1|1,0.4244475026227279|-0.3236139238422194|-0.07936761451686669|0.15673660706611425,2|-1|0|1,-0.006854619138146178|-0.006854625744861269|-0.006854657432413376|-0.0068546707333380094,-0.0755524973772721|-0.07361392384221938|-0.07936761451686669|-0.09326339293388575,0,267,267,266,-0.08449669927358627,-0.053128331899642944,0.09981138130779221,0.009962311945855618,-2.5802924977112807,8.343123840838937,0.21554153055075176,1,33,3,1,0
6,12,12,payload,56,48,21016175,10,125000.0,4,-27,0.25586856169596944,continuous,-9410.228737527796,-2995.3688384059087,-0.07936761451686669,-0.006854657432413376,0.03677156926798447,0|1|2|3,1|1|1|1,0.4244475026227279|-0.3236139238422194|-0.07936761451686669|0.15673660706611425,2|-1|0|1,-0.006854619138146178|-0.006854625744861269|-0.006854657432413376|-0.0068546707333380094,-0.0755524973772721|-0.07361392384221938|-0.07936761451686669|-0.09326339293388575,0,314,314,313,-0.058884598314762115,-0.028045130893588066,0.06522212266960783,0.0042539252899587154,-2.6971063614555,3.906512646430703,0.2823972049815122,1,33,3,1,0
7,13,13,header,0,0,22287164,10,125000.0,4,-27,0.24323543702926173,continuous,-0.0,-0.0,0.03993537713337736,-0.006857895366765106,0.03993537713337736,0|1|2|3,1|1|1|1,-0.46976986506574525|-0.2572242318786937|0.03993537713337736|0.2479934350962838,-2|-1|0|1,-0.006857184748370981|-0.006857597140249201|-0.006857895366765106|-0.00685740232578447,0.03023013493425475|-0.007224231878693699|0.03993537713337736|-0.0020065649037162014,0,337,337,84,0.07677469402551651,0.011715658009052277,0.07766344239921864,0.0060316105373203754,0.15142971952225714,9.095807893009422,0.13205564987309515,1,33,3,1,0
7,13,13,header,1,1,22291260,10,125000.0,4,-27,0.24323543702926173,continuous,-168.11770996972115,-53.513529125941474,0.03993537713337736,-0.006857895366765106,0.03307748176661225,0|1|2|3,1|1|1|1,-0.46976986506574525|-0.2572242318786937|0.03993537713337736|0.2479934350962838,-2|-1|0|1,-0.006857184748370981|-0.006857597140249201|-0.006857895366765106|-0.00685740232578447,0.03023013493425475|-0.007224231878693699|0.03993537713337736|-0.0020065649037162014,0,689,-335,172,-0.047572724521160126,0.06185295432806015,0.07803173762947538,0.006088952533900738,2.2264262212997554,6.815147352533243,0.19661090964190464,1,33,3,1,0
7,13,13,header,2,2,22295356,10,125000.0,4,-27,0.24323543702926173,continuous,-336.2354199394423,-107.02705825188295,0.03993537713337736,-0.006857895366765106,0.026219586399847145,0|1|2|3,1|1|1|1,-0.46976986506574525|-0.2572242318786937|0.03993537713337736|0.2479934350962838,-2|-1|0|1,-0.006857184748370981|-0.006857597140249201|-0.006857895366765106|-0.00685740232578447,0.03023013493425475|-0.007224231878693699|0.03993537713337736|-0.0020065649037162014,0,57,57,14,-0.013484491966664791,-0.0857643187046051,0.08681791224432965,0.007537350058555603,-1.7267469316037358,3.23576173032635,0.3337365879008729,1,33,3,1,0
7,13,13,header,3,3,22299452,10,125000.0,4,-27,0.24323543702926173,continuous,-504.35312990916344,-160.5405873778244,0.03993537713337736,-0.006857895366765106,0.019361691033082037,0|1|2|3,1|1|1|1,-0.46976986506574525|-0.2572242318786937|0.03993537713337736|0.2479934350962838,-2|-1|0|1,-0.006857184748370981|-0.006857597140249201|-0.006857895366765106|-0.00685740232578447,0.03023013493425475|-0.007224231878693699|0.03993537713337736|-0.0020065649037162014,0,81,81,20,0.010960148647427559,-0.06036790460348129,0.06135477784646218,0.0037644088733941317,-1.3911967372030019,5.396275031563134,0.20364372999925706,1,33,3,1,0
7,13,13,header,4,4,22303548,10,125000.0,4,-27,0.24323543702926173,continuous,-672.4708398788846,-214.0541165037659,0.03993537713337736,-0.006857895366765106,0.01250379566631693,0|1|2|3,1|1|1|1,-0.46976986506574525|-0.2572242318786937|0.03993537713337736|0.2479934350962838,-2|-1|0|1,-0.006857184748370981|-0.006857597140249201|-0.006857895366765106|-0.00685740232578447,0.03023013493425475|-0.007224231878693699|0.03993537713337736|-0.0020065649037162014,0,689,-335,172,-0.0396098867058754,0.06025908887386322,0.07211172523772005,0.005200101062655449,2.152304649131856,5.751492300104647,0.12881677015038662,1,33,3,1,0
7,13,13,header,5,5,22307644,10,125000.0,4,-27,0.24323543702926173,continuous,-840.5885498486057,-267.56764562970733,0.03993537713337736,-0.006857895366765106,0.005645900299551824,0|1|2|3,1|1|1|1,-0.46976986506574525|-0.2572242318786937|0.03993537713337736|0.2479934350962838,-2|-1|0|1,-0.006857184748370981|-0.006857597140249201|-0.006857895366765106|-0.00685740232578447,0.03023013493425475|-0.007224231878693699|0.03993537713337736|-0.0020065649037162014,0,57,57,14,-0.02474326640367508,-0.07719391584396362,0.08106250597932545,0.006571129430085421,-1.8809834973697628,8.371831588804179,0.1256494274747979,1,33,3,1,0
7,13,13,header,6,6,22311740,10,125000.0,4,-27,0.24323543702926173,continuous,-1008.7062598183269,-321.0811747556488,0.03993537713337736,-0.006857895366765106,-0.0012119950672132822,0|1|2|3,1|1|1|1,-0.46976986506574525|-0.2572242318786937|0.03993537713337736|0.2479934350962838,-2|-1|0|1,-0.006857184748370981|-0.006857597140249201|-0.006857895366765106|-0.00685740232578447,0.03023013493425475|-0.007224231878693699|0.03993537713337736|-0.0020065649037162014,0,729,-295,182,-0.03417833149433136,0.061619263142347336,0.07046340847519546,0.004965092521160841,2.0772175660260057,8.276047925092385,0.1329159181801458,1,33,3,1,0
7,13,13,header,7,7,22315836,10,125000.0,4,-27,0.24323543702926173,continuous,-1176.823969788048,-374.5947038815903,0.03993537713337736,-0.006857895366765106,-0.008069890433978388,0|1|2|3,1|1|1|1,-0.46976986506574525|-0.2572242318786937|0.03993537713337736|0.2479934350962838,-2|-1|0|1,-0.006857184748370981|-0.006857597140249201|-0.006857895366765106|-0.00685740232578447,0.03023013493425475|-0.007224231878693699|0.03993537713337736|-0.0020065649037162014,0,409,409,102,0.06552863866090775,-0.004468350205570459,0.06568080875195915,0.00431396858766675,-0.06808387819135421,6.4091456891601215,0.123811587182729,1,33,3,1,0
7,13,13,payload,8,0,22319932,10,125000.0,4,-27,0.24323543702926173,continuous,-1344.9416797577692,-428.1082330075318,0.03993537713337736,-0.006857895366765106,-0.014927785800743495,0|1|2|3,1|1|1|1,-0.46976986506574525|-0.2572242318786937|0.03993537713337736|0.2479934350962838,-2|-1|0|1,-0.006857184748370981|-0.006857597140249201|-0.006857895366765106|-0.00685740232578447,0.03023013493425475|-0.007224231878693699|0.03993537713337736|-0.0020065649037162014,0,803,-221,802,-0.03437831252813339,0.05463167279958725,0.06454833882574497,0.004166487604379654,2.1324634570233747,7.626332334664995,0.12836279464350753,1,33,3,1,0
7,13,13,payload,9,1,22324028,10,125000.0,4,-27,0.24323543702926173,continuous,-1513.0593897274903,-481.6217621334732,0.03993537713337736,-0.006857895366765106,-0.021785681167508602,0|1|2|3,1|1|1|1,-0.46976986506574525|-0.2572242318786937|0.03993537713337736|0.2479934350962838,-2|-1|0|1,-0.006857184748370981|-0.006857597140249201|-0.006857895366765106|-0.00685740232578447,0.03023013493425475|-0.007224231878693699|0.03993537713337736|-0.0020065649037162014,0,711,-313,710,-0.004231825936585665,0.07462067157030106,0.07474057115355953,0.005586153361946344,1.6274468211251425,7.791615673184711,0.13954340260380604,1,33,3,1,0
7,13,13,payload,10,2,22328124,10,125000.0,4,-27,0.24323543702926173,continuous,-1681.1770996972114,-535.1352912594147,0.03993537713337736,-0.006857895366765106,-0.02864357653427371,0|1|2|3,1|1|1|1,-0.46976986506574525|-0.2572242318786937|0.03993537713337736|0.2479934350962838,-2|-1|0|1,-0.006857184748370981|-0.006857597140249201|-0.006857895366765106|-0.00685740232578447,0.03023013493425475|-0.007224231878693699|0.03993537713337736|-0.0020065649037162014,0,922,-102,921,-0.06963393092155457,0.02239958755671978,0.07314797234577995,0.005350626073777676,2.8303698283472682,7.717455647182558,0.1317065874080594,1,33,3,1,0
7,13,13,payload,11,3,22332220,10,125000.0,4,-27,0.24323543702926173,continuous,-1849.2948096669327,-588.6488203853562,0.03993537713337736,-0.006857895366765106,-0.03550147190103881,0|1|2|3,1|1|1|1,-0.46976986506574525|-0.2572242318786937|0.03993537713337736|0.2479934350962838,-2|-1|0|1,-0.006857184748370981|-0.006857597140249201|-0.006857895366765106|-0.00685740232578447,0.03023013493425475|-0.007224231878693699|0.03993537713337736|-0.0020065649037162014,0,718,-306,717,-0.00394536042585969,0.08050316572189331,0.0805997863529213,0.006496325135231018,1.6197659070851738,9.616847192066423,0.12435808316154606,1,33,3,1,0
7,13,13,payload,12,4,22336316,10,125000.0,4,-27,0.24323543702926173,continuous,-2017.4125196366538,-642.1623495112976,0.03993537713337736,-0.006857895366765106,-0.04235936726780392,0|1|2|3,1|1|1|1,-0.46976986506574525|-0.2572242318786937|0.03993537713337736|0.2479934350962838,-2|-1|0|1,-0.006857184748370981|-0.006857597140249201|-0.006857895366765106|-0.00685740232578447,0.03023013493425475|-0.007224231878693699|0.03993537713337736|-0.0020065649037162014,0,756,-268,755,0.0021444722078740597,0.07363317906856537,0.07366439995543136,0.005426444578915834,1.5416808351658688,8.799339075808916,0.12326891545949792,1,33,3,1,0
7,13,13,payload,13,5,22340412,10,125000.0,4,-27,0.24323543702926173,continuous,-2185.530229606375,-695.6758786372392,0.03993537713337736,-0.006857895366765106,-0.04921726263456903,0|1|2|3,1|1|1|1,-0.46976986506574525|-0.2572242318786937|0.03993537713337736|0.2479934350962838,-2|-1|0|1,-0.006857184748370981|-0.006857597140249201|-0.006857895366765106|-0.00685740232578447,0.03023013493425475|-0.007224231878693699|0.03993537713337736|-0.0020065649037162014,0,109,109,108,-0.07721289247274399,-0.042130883783102036,0.08795932089524552,0.007736843079328537,-2.6420986106310624,10.702050232027496,0.12686640094245938,1,33,3,1,0
7,13,13,payload,14,6,22344508,10,125000.0,4,-27,0.24323543702926173,continuous,-2353.647939576096,-749.1894077631806,0.03993537713337736,-0.006857895366765106,-0.056075158001334134,0|1|2|3,1|1|1|1,-0.46976986506574525|-0.2572242318786937|0.03993537713337736|0.2479934350962838,-2|-1|0|1,-0.006857184748370981|-0.006857597140249201|-0.006857895366765106|-0.00685740232578447,0.03023013493425475|-0.007224231878693699|0.03993537713337736|-0.0020065649037162014,0,932,-92,931,-0.05550653859972954,0.05779891833662987,0.08013545275474317,0.0064216903410851955,2.3359653935781606,4.1313704933902455,0.3007880348186234,1,33,3,1,0
7,13,13,payload,15,7,22348604,10,125000.0,4,-27,0.24323543702926173,continuous,-2521.7656495458173,-802.702936889122,0.03993537713337736,-0.006857895366765106,-0.06293305336809923,0|1|2|3,1|1|1|1,-0.46976986506574525|-0.2572242318786937|0.03993537713337736|0.2479934350962838,-2|-1|0|1,-0.006857184748370981|-0.006857597140249201|-0.006857895366765106|-0.00685740232578447,0.03023013493425475|-0.007224231878693699|0.03993537713337736|-0.0020065649037162014,0,468,468,467,0.04359132796525955,-0.05809127539396286,0.07262781939912594,0.00527480011805892,-0.9270432878710527,4.002613717238868,0.31184845636707337,1,33,3,1,0
7,13,13,payload,16,8,22352700,10,125000.0,4,-27,0.24323543702926173,continuous,-2689.8833595155384,-856.2164660150636,0.03993537713337736,-0.006857895366765106,-0.06979094873486434,0|1|2|3,1|1|1|1,-0.46976986506574525|-0.2572242318786937|0.03993537713337736|0.2479934350962838,-2|-1|0|1,-0.006857184748370981|-0.006857597140249201|-0.006857895366765106|-0.00685740232578447,0.03023013493425475|-0.007224231878693699|0.03993537713337736|-0.0020065649037162014,0,89,89,88,-0.07796628028154373,0.006685984320938587,0.07825243285214889,0.006123443599790335,3.0560471215315284,8.302973864270932,0.13398505284556705,1,33,3,1,0
7,13,13,payload,17,9,22356796,10,125000.0,4,-27,0.24323543702926173,continuous,-2858.0010694852594,-909.729995141005,0.03993537713337736,-0.006857895366765106,-0.07664884410162945,0|1|2|3,1|1|1|1,-0.46976986506574525|-0.2572242318786937|0.03993537713337736|0.2479934350962838,-2|-1|0|1,-0.006857184748370981|-0.006857597140249201|-0.006857895366765106|-0.00685740232578447,0.03023013493425475|-0.007224231878693699|0.03993537713337736|-0.0020065649037162014,0,713,-311,712,0.07057251781225204,0.04678472504019737,0.08467166448964791,0.007169290445744991,0.5854120617764816,9.167197819982935,0.12489217170393374,1,33,3,1,0
7,13,13,payload,18,10,22360892,10,125000.0,4,-27,0.24323543702926173,continuous,-3026.1187794549805,-963.2435242669465,0.03993537713337736,-0.006857895366765106,-0.08350673946839456,0|1|2|3,1|1|1|1,-0.46976986506574525|-0.2572242318786937|0.03993537713337736|0.2479934350962838,-2|-1|0|1,-0.006857184748370981|-0.006857597140249201|-0.006857895366765106|-0.00685740232578447,0.03023013493425475|-0.007224231878693699|0.03993537713337736|-0.0020065649037162014,0,865,-159,864,0.009569845162332058,0.06450475752353668,0.06521077886056317,0.004252445884048939,1.4235118993410396,5.946953640757643,0.12476055740397007,1,33,3,1,0
7,13,13,payload,19,11,22364988,10,125000.0,4,-27,0.24323543702926173,continuous,-3194.2364894247016,-1016.7570533928879,0.03993537713337736,-0.006857895366765106,-0.09036463483515966,0|1|2|3,1|1|1|1,-0.46976986506574525|-0.2572242318786937|0.03993537713337736|0.2479934350962838,-2|-1|0|1,-0.006857184748370981|-0.006857597140249201|-0.006857895366765106|-0.00685740232578447,0.03023013493425475|-0.007224231878693699|0.03993537713337736|-0.0020065649037162014,0,92,92,91,-0.06708507239818573,0.048225484788417816,0.08262024159821696,0.0068261041305959225,2.518313822627616,9.60281353716417,0.13132126956856638,1,33,3,1,0
7,13,13,payload,20,12,22369084,10,125000.0,4,-27,0.24323543702926173,continuous,-3362.3541993944227,-1070.2705825188293,0.03993537713337736,-0.006857895366765106,-0.09722253020192477,0|1|2|3,1|1|1|1,-0.46976986506574525|-0.2572242318786937|0.03993537713337736|0.2479934350962838,-2|-1|0|1,-0.006857184748370981|-0.006857597140249201|-0.006857895366765106|-0.00685740232578447,0.03023013493425475|-0.007224231878693699|0.03993537713337736|-0.0020065649037162014,0,645,-379,644,0.057310063391923904,-0.014649667777121067,0.05915282015226624,0.0034990564454346895,-0.25026217676578816,5.471601277146766,0.12570284713147561,1,33,3,1,0
7,13,13,payload,21,13,22373180,10,125000.0,4,-27,0.24323543702926173,continuous,-3530.4719093641443,-1123.784111644771,0.03993537713337736,-0.006857895366765106,-0.10408042556868988,0|1|2|3,1|1|1|1,-0.46976986506574525|-0.2572242318786937|0.03993537713337736|0.2479934350962838,-2|-1|0|1,-0.006857184748370981|-0.006857597140249201|-0.006857895366765106|-0.00685740232578447,0.03023013493425475|-0.007224231878693699|0.03993537713337736|-0.0020065649037162014,0,426,426,425,-0.03184354305267334,-0.06320756673812866,0.07077575663390996,0.005009207408875227,-2.0374738985775056,7.524203285303221,0.12155601173628838,1,33,3,1,0
7,13,13,payload,22,14,22377276,10,125000.0,4,-27,0.24323543702926173,continuous,-3698.5896193338654,-1177.2976407707124,0.03993537713337736,-0.006857895366765106,-0.11093832093545498,0|1|2|3,1|1|1|1,-0.46976986506574525|-0.2572242318786937|0.03993537713337736|0.2479934350962838,-2|-1|0|1,-0.006857184748370981|-0.006857597140249201|-0.006857895366765106|-0.00685740232578447,0.03023013493425475|-0.007224231878693699|0.03993537713337736|-0.0020065649037162014,0,765,-259,764,0.06166084483265877,-0.007583368569612503,0.062125415606978505,0.0038595672231167555,-0.12237065785506476,7.350528824805721,0.12222553691378835,1,33,3,1,0
7,13,13,payload,23,15,22381372,10,125000.0,4,-27,0.24323543702926173,continuous,-3866.7073293035864,-1230.8111698966538,0.03993537713337736,-0.006857895366765106,-0.11779621630222009,0|1|2|3,1|1|1|1,-0.46976986506574525|-0.2572242318786937|0.03993537713337736|0.2479934350962838,-2|-1|0|1,-0.006857184748370981|-0.006857597140249201|-0.006857895366765106|-0.00685740232578447,0.03023013493425475|-0.007224231878693699|0.03993537713337736|-0.0020065649037162014,0,1023,-1,1022,0.012201943434774876,0.06278473138809204,0.06395943963998055,0.004090810194611549,1.3788434451193425,6.32307785022074,0.13134702711160529,1,33,3,1,0
7,13,13,payload,24,16,22385468,10,125000.0,4,-27,0.24323543702926173,continuous,-4034.8250392733075,-1284.3246990225953,0.03993537713337736,-0.006857895366765106,-0.1246541116689852,0|1|2|3,1|1|1|1,-0.46976986506574525|-0.2572242318786937|0.03993537713337736|0.2479934350962838,-2|-1|0|1,-0.006857184748370981|-0.006857597140249201|-0.006857895366765106|-0.00685740232578447,0.03023013493425475|-0.007224231878693699|0.03993537713337736|-0.0020065649037162014,0,597,-427,596,0.009672686457633972,-0.08113763481378555,0.08171215727468539,0.006676876451820135,-1.4521429898575804,8.410733633753582,0.12309151699670906,1,33,3,1,0
7,13,13,payload,25,17,22389564,10,125000.0,4,-27,0.24323543702926173,continuous,-4202.942749243029,-1337.8382281485367,0.03993537713337736,-0.006857895366765106,-0.1315120070357503,0|1|2|3,1|1|1|1,-0.46976986506574525|-0.2572242318786937|0.03993537713337736|0.2479934350962838,-2|-1|0|1,-0.006857184748370981|-0.006857597140249201|-0.006857895366765106|-0.00685740232578447,0.03023013493425475|-0.007224231878693699|0.03993537713337736|-0.0020065649037162014,1,562,-462,561,-0.02747643180191517,-0.08106294274330139,0.08559296110527463,0.007326154038310051,-1.8975949655150979,9.175625482441456,0.13260594793150204,1,33,3,1,0
7,13,13,payload,26,18,22393661,10,125000.0,4,-27,0.24323543702926173,continuous,-4371.101503575535,-1391.364822100925,0.03993537713337736,-0.006857895366765106,0.11163009759748459,0|1|2|3,1|1|1|1,-0.46976986506574525|-0.2572242318786937|0.03993537713337736|0.2479934350962838,-2|-1|0|1,-0.006857184748370981|-0.006857597140249201|-0.006857895366765106|-0.00685740232578447,0.03023013493425475|-0.007224231878693699|0.03993537713337736|-0.0020065649037162014,0,827,-197,826,0.07389485836029053,-0.028445782139897346,0.07918088540574614,0.00626961188390851,-0.36746478226686624,5.157811149765012,0.19592422911986773,1,33,3,1,0
7,13,13,payload,27,19,22397757,10,125000.0,4,-27,0.24323543702926173,continuous,-4539.219213545257,-1444.8783512268667,0.03993537713337736,-0.006857895366765106,0.10477220223071948,0|1|2|3,1|1|1|1,-0.46976986506574525|-0.2572242318786937|0.03993537713337736|0.2479934350962838,-2|-1|0|1,-0.006857184748370981|-0.006857597140249201|-0.006857895366765106|-0.00685740232578447,0.03023013493425475|-0.007224231878693699|0.03993537713337736|-0.0020065649037162014,0,890,-134,889,0.07447303086519241,-0.04053875058889389,0.08479164242752021,0.007189623080193996,-0.49848838421407576,5.572414862374386,0.3307476074351712,1,33,3,1,0
7,13,13,payload,28,20,22401853,10,125000.0,4,-27,0.24323543702926173,continuous,-4707.336923514978,-1498.391880352808,0.03993537713337736,-0.006857895366765106,0.09791430686395437,0|1|2|3,1|1|1|1,-0.46976986506574525|-0.2572242318786937|0.03993537713337736|0.2479934350962838,-2|-1|0|1,-0.006857184748370981|-0.006857597140249201|-0.006857895366765106|-0.00685740232578447,0.03023013493425475|-0.007224231878693699|0.03993537713337736|-0.0020065649037162014,0,174,174,173,0.03609257563948631,0.0692400112748146,0.07808234869436559,0.0060968524776399136,1.0902797436778,6.804269484607452,0.19794423100864833,1,33,3,1,0
7,13,13,payload,29,21,22405949,10,125000.0,4,-27,0.24323543702926173,continuous,-4875.454633484699,-1551.9054094787496,0.03993537713337736,-0.006857895366765106,0.09105641149718927,0|1|2|3,1|1|1|1,-0.46976986506574525|-0.2572242318786937|0.03993537713337736|0.2479934350962838,-2|-1|0|1,-0.006857184748370981|-0.006857597140249201|-0.006857895366765106|-0.00685740232578447,0.03023013493425475|-0.007224231878693699|0.03993537713337736|-0.0020065649037162014,0,267,267,266,-0.020998792722821236,0.0567873939871788,0.060545498690415304,0.0036657575983554125,1.924981951534806,6.851393988835676,0.1272774574916795,1,33,3,1,0
7,13,13,payload,30,22,22410045,10,125000.0,4,-27,0.24323543702926173,continuous,-5043.57234345442,-1605.4189386046908,0.03993537713337736,-0.006857895366765106,0.08419851613042416,0|1|2|3,1|1|1|1,-0.46976986506574525|-0.2572242318786937|0.03993537713337736|0.2479934350962838,-2|-1|0|1,-0.006857184748370981|-0.006857597140249201|-0.006857895366765106|-0.00685740232578447,0.03023013493425475|-0.007224231878693699|0.03993537713337736|-0.0020065649037162014,0,917,-107,916,0.04713572561740875,-0.044613681733608246,0.06490113425285673,0.0042121573351323605,-0.757916689503371,6.227028615613321,0.12454310030755522,1,33,3,1,0
7,13,13,payload,31,23,22414141,10,125000.0,4,-27,0.24323543702926173,continuous,-5211.690053424141,-1658.9324677306324,0.03993537713337736,-0.006857895366765106,0.07734062076365905,0|1|2|3,1|1|1|1,-0.46976986506574525|-0.2572242318786937|0.03993537713337736|0.2479934350962838,-2|-1|0|1,-0.006857184748370981|-0.006857597140249201|-0.006857895366765106|-0.00685740232578447,0.03023013493425475|-0.007224231878693699|0.03993537713337736|-0.0020065649037162014,0,656,-368,655,-0.07559037953615189,-0.03809517249464989,0.08464719514441467,0.007165147457271814,-2.674775262573959,9.75666657564088,0.12975715234920493,1,33,3,1,0
7,13,13,payload,32,24,22418237,10,125000.0,4,-27,0.24323543702926173,continuous,-5379.807763393862,-1712.4459968565736,0.03993537713337736,-0.006857895366765106,0.07048272539689394,0|1|2|3,1|1|1|1,-0.46976986506574525|-0.2572242318786937|0.03993537713337736|0.2479934350962838,-2|-1|0|1,-0.006857184748370981|-0.006857597140249201|-0.006857895366765106|-0.00685740232578447,0.03023013493425475|-0.007224231878693699|0.03993537713337736|-0.0020065649037162014,0,889,-135,888,0.022424228489398956,-0.07648550719022751,0.07970494861356549,0.006352878641337156,-1.285605599500944,8.581373901335798,0.13062504579582068,1,33,3,1,0
7,13,13,payload,33,25,22422333,10,125000.0,4,-27,0.24323543702926173,continuous,-5547.9254733635835,-1765.9595259825153,0.03993537713337736,-0.006857895366765106,0.06362483003012884,0|1|2|3,1|1|1|1,-0.46976986506574525|-0.2572242318786937|0.03993537713337736|0.2479934350962838,-2|-1|0|1,-0.006857184748370981|-0.006857597140249201|-0.006857895366765106|-0.00685740232578447,0.03023013493425475|-0.007224231878693699|0.03993537713337736|-0.0020065649037162014,0,66,66,65,0.06116999313235283,-0.03257763758301735,0.0693041884037503,0.0048030707985162735,-0.4893671052805403,8.118318724272106,0.1336073754221161,1,33,3,1,0
7,13,13,payload,34,26,22426429,10,125000.0,4,-27,0.24323543702926173,continuous,-5716.043183333305,-1819.473055108457,0.03993537713337736,-0.006857895366765106,0.05676693466336373,0|1|2|3,1|1|1|1,-0.46976986506574525|-0.2572242318786937|0.03993537713337736|0.2479934350962838,-2|-1|0|1,-0.006857184748370981|-0.006857597140249201|-0.006857895366765106|-0.00685740232578447,0.03023013493425475|-0.007224231878693699|0.03993537713337736|-0.0020065649037162014,0,586,-438,585,-0.04726488143205643,0.06514673680067062,0.08048643570541687,0.006478065624833107,2.1984414668429357,9.843444101516074,0.12267282635156107,1,33,3,1,0
7,13,13,payload,35,27,22430525,10,125000.0,4,-27,0.24323543702926173,continuous,-5884.160893303026,-1872.9865842343982,0.03993537713337736,-0.006857895366765106,0.04990903929659862,0|1|2|3,1|1|1|1,-0.46976986506574525|-0.2572242318786937|0.03993537713337736|0.2479934350962838,-2|-1|0|1,-0.006857184748370981|-0.006857597140249201|-0.006857895366765106|-0.00685740232578447,0.03023013493425475|-0.007224231878693699|0.03993537713337736|-0.0020065649037162014,0,425,425,424,0.029327988624572754,0.07496798783540726,0.08050049761866593,0.0064803301356732845,1.1978931793999366,9.054653924282047,0.12601089610874583,1,33,3,1,0
7,13,13,payload,36,28,22434621,10,125000.0,4,-27,0.24323543702926173,continuous,-6052.278603272747,-1926.5001133603398,0.03993537713337736,-0.006857895366765106,0.043051143929833516,0|1|2|3,1|1|1|1,-0.46976986506574525|-0.2572242318786937|0.03993537713337736|0.2479934350962838,-2|-1|0|1,-0.006857184748370981|-0.006857597140249201|-0.006857895366765106|-0.00685740232578447,0.03023013493425475|-0.007224231878693699|0.03993537713337736|-0.0020065649037162014,0,860,-164,859,-0.07497034966945648,-0.0228799507021904,0.07838396183974906,0.006144045386463404,-2.8453842731728325,8.895383849710397,0.12932892671129181,1,33,3,1,0
7,13,13,payload,37,29,22438717,10,125000.0,4,-27,0.24323543702926173,continuous,-6220.396313242468,-1980.013642486281,0.03993537713337736,-0.006857895366765106,0.03619324856306841,0|1|2|3,1|1|1|1,-0.46976986506574525|-0.2572242318786937|0.03993537713337736|0.2479934350962838,-2|-1|0|1,-0.006857184748370981|-0.006857597140249201|-0.006857895366765106|-0.00685740232578447,0.03023013493425475|-0.007224231878693699|0.03993537713337736|-0.0020065649037162014,0,553,-471,552,0.015000374056398869,0.09241294115781784,0.09362244877843233,0.008765163831412792,1.4098807932962727,9.4180298847713,0.13017869999745812,1,33,3,1,0
7,13,13,payload,38,30,22442813,10,125000.0,4,-27,0.24323543702926173,continuous,-6388.514023212189,-2033.5271716122227,0.03993537713337736,-0.006857895366765106,0.0293353531963033,0|1|2|3,1|1|1|1,-0.46976986506574525|-0.2572242318786937|0.03993537713337736|0.2479934350962838,-2|-1|0|1,-0.006857184748370981|-0.006857597140249201|-0.006857895366765106|-0.00685740232578447,0.03023013493425475|-0.007224231878693699|0.03993537713337736|-0.0020065649037162014,0,629,-395,628,0.010670929215848446,0.07572352886199951,0.07647170426794293,0.005847922060638666,1.4307985794617084,8.586965463958482,0.13108952104681393,1,33,3,1,0
7,13,13,payload,39,31,22446909,10,125000.0,4,-27,0.24323543702926173,continuous,-6556.63173318191,-2087.040700738164,0.03993537713337736,-0.006857895366765106,0.022477457829538194,0|1|2|3,1|1|1|1,-0.46976986506574525|-0.2572242318786937|0.03993537713337736|0.2479934350962838,-2|-1|0|1,-0.006857184748370981|-0.006857597140249201|-0.006857895366765106|-0.00685740232578447,0.03023013493425475|-0.007224231878693699|0.03993537713337736|-0.0020065649037162014,0,759,-265,758,-0.019557436928153038,0.06419583410024643,0.06710885526534517,0.004503598436713219,1.866516207506297,3.526809914642288,0.2936731724943229,1,33,3,1,0
7,13,13,payload,40,32,22451005,10,125000.0,4,-27,0.24323543702926173,continuous,-6724.749443151632,-2140.5542298641058,0.03993537713337736,-0.006857895366765106,0.015619562462773087,0|1|2|3,1|1|1|1,-0.46976986506574525|-0.2572242318786937|0.03993537713337736|0.2479934350962838,-2|-1|0|1,-0.006857184748370981|-0.006857597140249201|-0.006857895366765106|-0.00685740232578447,0.03023013493425475|-0.007224231878693699|0.03993537713337736|-0.0020065649037162014,0,494,494,493,0.07752789556980133,-0.009273062460124493,0.07808049871044236,0.00609656423330307,-0.11904381982042311,4.388746957536496,0.30278225776862655,1,33,3,1,0
7,13,13,payload,41,33,22455101,10,125000.0,4,-27,0.24323543702926173,continuous,-6892.867153121352,-2194.067758990047,0.03993537713337736,-0.006857895366765106,0.00876166709600798,0|1|2|3,1|1|1|1,-0.46976986506574525|-0.2572242318786937|0.03993537713337736|0.2479934350962838,-2|-1|0|1,-0.006857184748370981|-0.006857597140249201|-0.006857895366765106|-0.00685740232578447,0.03023013493425475|-0.007224231878693699|0.03993537713337736|-0.0020065649037162014,0,303,303,302,0.01976855844259262,-0.06572028994560242,0.06862909305412866,0.004709952510893345,-1.2786072110109283,6.255176319459804,0.12287311932204048,1,33,3,1,0
7,13,13,payload,42,34,22459197,10,125000.0,4,-27,0.24323543702926173,continuous,-7060.984863091074,-2247.5812881159886,0.03993537713337736,-0.006857895366765106,0.0019037717292428738,0|1|2|3,1|1|1|1,-0.46976986506574525|-0.2572242318786937|0.03993537713337736|0.2479934350962838,-2|-1|0|1,-0.006857184748370981|-0.006857597140249201|-0.006857895366765106|-0.00685740232578447,0.03023013493425475|-0.007224231878693699|0.03993537713337736|-0.0020065649037162014,0,1022,-2,1021,-0.06916005164384842,0.04109449312090874,0.08044793414528552,0.006471869070082903,2.605453150485884,8.270498017030963,0.126194969508731,1,33,3,1,0
7,13,13,payload,43,35,22463293,10,125000.0,4,-27,0.24323543702926173,continuous,-7229.102573060795,-2301.0948172419303,0.03993537713337736,-0.006857895366765106,-0.0049541236375222324,0|1|2|3,1|1|1|1,-0.46976986506574525|-0.2572242318786937|0.03993537713337736|0.2479934350962838,-2|-1|0|1,-0.006857184748370981|-0.006857597140249201|-0.006857895366765106|-0.00685740232578447,0.03023013493425475|-0.007224231878693699|0.03993537713337736|-0.0020065649037162014,0,720,-304,719,0.07419572025537491,0.026342786848545074,0.07873339395175169,0.006198946852236986,0.34116177168558,7.920332399074905,0.128627940799106,1,33,3,1,0
7,13,13,payload,44,36,22467389,10,125000.0,4,-27,0.24323543702926173,continuous,-7397.220283030516,-2354.6083463678715,0.03993537713337736,-0.006857895366765106,-0.011812019004287338,0|1|2|3,1|1|1|1,-0.46976986506574525|-0.2572242318786937|0.03993537713337736|0.2479934350962838,-2|-1|0|1,-0.006857184748370981|-0.006857597140249201|-0.006857895366765106|-0.00685740232578447,0.03023013493425475|-0.007224231878693699|0.03993537713337736|-0.0020065649037162014,0,314,314,313,-0.048813678324222565,-0.0508776418864727,0.07050751474466277,0.004971310030668974,-2.335493904255061,8.638378263904956,0.1256112880480842,1,33,3,1,0
7,13,13,payload,45,37,22471485,10,125000.0,4,-27,0.24323543702926173,continuous,-7565.3379930002375,-2408.121875493813,0.03993537713337736,-0.006857895366765106,-0.018669914371052445,0|1|2|3,1|1|1|1,-0.46976986506574525|-0.2572242318786937|0.03993537713337736|0.2479934350962838,-2|-1|0|1,-0.006857184748370981|-0.006857597140249201|-0.006857895366765106|-0.00685740232578447,0.03023013493425475|-0.007224231878693699|0.03993537713337736|-0.0020065649037162014,0,602,-422,601,0.04058098793029785,-0.06012433394789696,0.07253793568938403,0.005261752288788557,-0.9770802250062215,7.817813986397136,0.12454406154733277,1,33,3,1,0
7,13,13,payload,46,38,22475581,10,125000.0,4,-27,0.24323543702926173,continuous,-7733.455702969958,-2461.6354046197544,0.03993537713337736,-0.006857895366765106,-0.025527809737817552,0|1|2|3,1|1|1|1,-0.46976986506574525|-0.2572242318786937|0.03993537713337736|0.2479934350962838,-2|-1|0|1,-0.006857184748370981|-0.006857597140249201|-0.006857895366765106|-0.00685740232578447,0.03023013493425475|-0.007224231878693699|0.03993537713337736|-0.0020065649037162014,0,7,7,6,0.012401945888996124,0.08112389594316483,0.08206640454431413,0.006734894122928381,1.4190942665589579,9.390874486045139,0.13098078904531718,1,33,3,1,0
7,13,13,payload,47,39,22479677,10,125000.0,4,-27,0.24323543702926173,continuous,-7901.57341293968,-2515.148933745696,0.03993537713337736,-0.006857895366765106,-0.032385705104582656,0|1|2|3,1|1|1|1,-0.46976986506574525|-0.2572242318786937|0.03993537713337736|0.2479934350962838,-2|-1|0|1,-0.006857184748370981|-0.006857597140249201|-0.006857895366765106|-0.00685740232578447,0.03023013493425475|-0.007224231878693699|0.03993537713337736|-0.0020065649037162014,0,414,414,413,-0.06695865094661713,-0.03205277770757675,0.07423504223318149,0.005510840564966202,-2.695133772510192,7.841136308293075,0.1300747432219822,1,33,3,1,0
7,13,13,payload,48,40,22483773,10,125000.0,4,-27,0.24323543702926173,continuous,-8069.6911229094,-2568.662462871637,0.03993537713337736,-0.006857895366765106,-0.03924360047134776,0|1|2|3,1|1|1|1,-0.46976986506574525|-0.2572242318786937|0.03993537713337736|0.2479934350962838,-2|-1|0|1,-0.006857184748370981|-0.006857597140249201|-0.006857895366765106|-0.00685740232578447,0.03023013493425475|-0.007224231878693699|0.03993537713337736|-0.0020065649037162014,0,807,-217,806,0.05992275848984718,-0.0568019300699234,0.08256631422499748,0.006817196030169725,-0.7586678706306337,8.662345955394827,0.125138228916434,1,33,3,1,0
7,13,13,payload,49,41,22487869,10,125000.0,4,-27,0.24323543702926173,continuous,-8237.808832879122,-2622.175991997579,0.03993537713337736,-0.006857895366765106,-0.04610149583811287,0|1|2|3,1|1|1|1,-0.46976986506574525|-0.2572242318786937|0.03993537713337736|0.2479934350962838,-2|-1|0|1,-0.006857184748370981|-0.006857597140249201|-0.006857895366765106|-0.00685740232578447,0.03023013493425475|-0.007224231878693699|0.03993537713337736|-0.0020065649037162014,0,195,195,194,-7.02508186805062e-05,0.07420925796031952,0.07420929121207648,0.0055070193484425545,1.571742984929286,7.799773054721085,0.13273661604514508,1,33,3,1,0
7,13,13,payload,50,42,22491965,10,125000.0,4,-27,0.24323543702926173,continuous,-8405.926542848843,-2675.6895211235205,0.03993537713337736,-0.006857895366765106,-0.05295939120487798,0|1|2|3,1|1|1|1,-0.46976986506574525|-0.2572242318786937|0.03993537713337736|0.2479934350962838,-2|-1|0|1,-0.006857184748370981|-0.006857597140249201|-0.006857895366765106|-0.00685740232578447,0.03023013493425475|-0.007224231878693699|0.03993537713337736|-0.0020065649037162014,0,826,-198,825,0.028681956231594086,-0.0676790326833725,0.07350582343071929,0.005403106566518545,-1.1699477626324701,6.568151992434928,0.13408805511298993,1,33,3,1,0
7,13,13,payload,51,43,22496061,10,125000.0,4,-27,0.24323543702926173,continuous,-8574.044252818565,-2729.203050249462,0.03993537713337736,-0.006857895366765106,-0.059817286571643084,0|1|2|3,1|1|1|1,-0.46976986506574525|-0.2572242318786937|0.03993537713337736|0.2479934350962838,-2|-1|0|1,-0.006857184748370981|-0.006857597140249201|-0.006857895366765106|-0.00685740232578447,0.03023013493425475|-0.007224231878693699|0.03993537713337736|-0.0020065649037162014,0,928,-96,927,0.049900397658348083,-0.05678555741906166,0.07559529891372095,0.0057146488688886166,-0.8498454911432963,6.869335327373223,0.20169621538403248,1,33,3,1,0
7,13,13,payload,52,44,22500157,10,125000.0,4,-27,0.24323543702926173,continuous,-8742.161962788285,-2782.716579375403,0.03993537713337736,-0.006857895366765106,-0.06667518193840818,0|1|2|3,1|1|1|1,-0.46976986506574525|-0.2572242318786937|0.03993537713337736|0.2479934350962838,-2|-1|0|1,-0.006857184748370981|-0.006857597140249201|-0.006857895366765106|-0.00685740232578447,0.03023013493425475|-0.007224231878693699|0.03993537713337736|-0.0020065649037162014,0,761,-263,760,-0.06399238109588623,-0.06174927577376366,0.08892692447681665,0.007907996885478497,-2.374031597498899,5.243824768156985,0.34599492588927205,1,33,3,1,0
7,13,13,payload,53,45,22504253,10,125000.0,4,-27,0.24323543702926173,continuous,-8910.279672758006,-2836.2301085013446,0.03993537713337736,-0.006857895366765106,-0.07353307730517329,0|1|2|3,1|1|1|1,-0.46976986506574525|-0.2572242318786937|0.03993537713337736|0.2479934350962838,-2|-1|0|1,-0.006857184748370981|-0.006857597140249201|-0.006857895366765106|-0.00685740232578447,0.03023013493425475|-0.007224231878693699|0.03993537713337736|-0.0020065649037162014,0,590,-434,589,-0.07182765752077103,0.05501237139105797,0.09047415869179921,0.008185574784874916,2.487996749493172,7.589758455451047,0.21965784976586633,1,33,3,1,0
7,13,13,payload,54,46,22508349,10,125000.0,4,-27,0.24323543702926173,continuous,-9078.397382727728,-2889.7436376272863,0.03993537713337736,-0.006857895366765106,-0.0803909726719384,0|1|2|3,1|1|1|1,-0.46976986506574525|-0.2572242318786937|0.03993537713337736|0.2479934350962838,-2|-1|0|1,-0.006857184748370981|-0.006857597140249201|-0.006857895366765106|-0.00685740232578447,0.03023013493425475|-0.007224231878693699|0.03993537713337736|-0.0020065649037162014,0,383,383,382,0.045995187014341354,0.04605986177921295,0.0650927653092449,0.004237067885696888,0.7861007294715319,5.94150984832094,0.12047924931276022,1,33,3,1,0
7,13,13,payload,55,47,22512445,10,125000.0,4,-27,0.24323543702926173,continuous,-9246.51509269745,-2943.257166753228,0.03993537713337736,-0.006857895366765106,-0.0872488680387035,0|1|2|3,1|1|1|1,-0.46976986506574525|-0.2572242318786937|0.03993537713337736|0.2479934350962838,-2|-1|0|1,-0.006857184748370981|-0.006857597140249201|-0.006857895366765106|-0.00685740232578447,0.03023013493425475|-0.007224231878693699|0.03993537713337736|-0.0020065649037162014,0,267,267,266,0.07309414446353912,0.0003373010258655995,0.07309492271586841,0.005342867225408554,0.004614578009468931,8.790475894963723,0.12928601219765312,1,33,3,1,0
7,13,13,payload,56,48,22516541,10,125000.0,4,-27,0.24323543702926173,continuous,-9414.632802667169,-2996.7706958791687,0.03993537713337736,-0.006857895366765106,-0.09410676340546861,0|1|2|3,1|1|1|1,-0.46976986506574525|-0.2572242318786937|0.03993537713337736|0.2479934350962838,-2|-1|0|1,-0.006857184748370981|-0.006857597140249201|-0.006857895366765106|-0.00685740232578447,0.03023013493425475|-0.007224231878693699|0.03993537713337736|-0.0020065649037162014,0,314,314,313,0.08093971014022827,-0.016915176063776016,0.08268832964120579,0.0068373591639101505,-0.20601975730480288,9.540728583663237,0.13015390863252208,1,33,3,1,0
8,14,14,header,0,0,23787529,10,125000.0,4,-27,0.23874494514005412,continuous,-0.0,-0.0,-0.01171670598204777,-0.006859046302762954,-0.01171670598204777,0|1|2|3,1|1|1|1,0.47383362992898115|-0.28396718552054345|-0.01171670598204777|0.2158878476782321,2|-1|0|1,-0.006859894572417351|-0.006859781840419508|-0.006859046302762954|-0.006859519557410545,-0.026166370071018852|-0.03396718552054345|-0.01171670598204777|-0.0341121523217679,0,337,337,84,-0.05653487518429756,0.028798813000321388,0.0634473304586693,0.0040255640633404255,2.6704540901978677,6.84135616580263,0.1204754365846128,1,33,3,1,0
8,14,14,header,1,1,23791625,10,125000.0,4,-27,0.23874494514005412,continuous,-168.14592456238142,-53.52251010971989,-0.01171670598204777,-0.006859046302762954,-0.018575752284810725,0|1|2|3,1|1|1|1,0.47383362992898115|-0.28396718552054345|-0.01171670598204777|0.2158878476782321,2|-1|0|1,-0.006859894572417351|-0.006859781840419508|-0.006859046302762954|-0.006859519557410545,-0.026166370071018852|-0.03396718552054345|-0.01171670598204777|-0.0341121523217679,0,689,-335,172,0.004332230892032385,-0.08416001498699188,0.08427144443471096,0.0071016764268279076,-1.5193656032729124,9.657676515168026,0.1337408930961601,1,33,3,1,0
8,14,14,header,2,2,23795721,10,125000.0,4,-27,0.23874494514005412,continuous,-336.29184912476285,-107.04502021943978,-0.01171670598204777,-0.006859046302762954,-0.02543479858757368,0|1|2|3,1|1|1|1,0.47383362992898115|-0.28396718552054345|-0.01171670598204777|0.2158878476782321,2|-1|0|1,-0.006859894572417351|-0.006859781840419508|-0.006859046302762954|-0.006859519557410545,-0.026166370071018852|-0.03396718552054345|-0.01171670598204777|-0.0341121523217679,0,57,57,14,0.05818963050842285,0.039618656039237976,0.07039652693892096,0.004955671261996031,0.5977605545215631,8.24575609906004,0.13350056109771913,1,33,3,1,0
8,14,14,header,3,3,23799817,10,125000.0,4,-27,0.23874494514005412,continuous,-504.4377736871443,-160.56753032915967,-0.01171670598204777,-0.006859046302762954,-0.03229384489033663,0|1|2|3,1|1|1|1,0.47383362992898115|-0.28396718552054345|-0.01171670598204777|0.2158878476782321,2|-1|0|1,-0.006859894572417351|-0.006859781840419508|-0.006859046302762954|-0.006859519557410545,-0.026166370071018852|-0.03396718552054345|-0.01171670598204777|-0.0341121523217679,0,81,81,20,0.05297679081559181,0.06494452059268951,0.08381128277346223,0.007024330087006092,0.8865409707994703,10.054832995497293,0.12200999230037723,1,33,3,1,0
8,14,14,header,4,4,23803913,10,125000.0,4,-27,0.23874494514005412,continuous,-672.5836982495257,-214.09004043887956,-0.01171670598204777,-0.006859046302762954,-0.03915289119309959,0|1|2|3,1|1|1|1,0.47383362992898115|-0.28396718552054345|-0.01171670598204777|0.2158878476782321,2|-1|0|1,-0.006859894572417351|-0.006859781840419508|-0.006859046302762954|-0.006859519557410545,-0.026166370071018852|-0.03396718552054345|-0.01171670598204777|-0.0341121523217679,0,689,-335,172,-0.034179095178842545,-0.0824827030301094,0.08928385546333445,0.007971606217324734,-1.9636365602074621,9.597271320874905,0.13514002307209694,1,33,3,1,0
8,14,14,header,5,5,23808009,10,125000.0,4,-27,0.23874494514005412,continuous,-840.7296228119071,-267.6125505485994,-0.01171670598204777,-0.006859046302762954,-0.04601193749586254,0|1|2|3,1|1|1|1,0.47383362992898115|-0.28396718552054345|-0.01171670598204777|0.2158878476782321,2|-1|0|1,-0.006859894572417351|-0.006859781840419508|-0.006859046302762954|-0.006859519557410545,-0.026166370071018852|-0.03396718552054345|-0.01171670598204777|-0.0341121523217679,0,57,57,14,0.07366009801626205,0.03609301522374153,0.08202753066932206,0.006728515960276127,0.45561091511908586,8.86986674167257,0.13316769601905598,1,33,3,1,0
8,14,14,header,6,6,23812105,10,125000.0,4,-27,0.23874494514005412,continuous,-1008.8755473742885,-321.13506065831933,-0.01171670598204777,-0.006859046302762954,-0.052870983798625495,0|1|2|3,1|1|1|1,0.47383362992898115|-0.28396718552054345|-0.01171670598204777|0.2158878476782321,2|-1|0|1,-0.006859894572417351|-0.006859781840419508|-0.006859046302762954|-0.006859519557410545,-0.026166370071018852|-0.03396718552054345|-0.01171670598204777|-0.0341121523217679,0,729,-295,182,-0.03732467070221901,-0.07289550453424454,0.08189557756271795,0.006706885062158108,-2.044021396594737,8.164281785411498,0.13268511702682606,1,33,3,1,0
8,14,14,header,7,7,23816201,10,125000.0,4,-27,0.23874494514005412,continuous,-1177.02147193667,-374.6575707680392,-0.01171670598204777,-0.006859046302762954,-0.05973003010138845,0|1|2|3,1|1|1|1,0.47383362992898115|-0.28396718552054345|-0.01171670598204777|0.2158878476782321,2|-1|0|1,-0.006859894572417351|-0.006859781840419508|-0.006859046302762954|-0.006859519557410545,-0.026166370071018852|-0.03396718552054345|-0.01171670598204777|-0.0341121523217679,0,409,409,102,-0.03675755113363266,0.07499433308839798,0.08351806727119111,0.006975268479436636,2.0265230263054765,8.865048210847538,0.12410628855002859,1,33,3,1,0
8,14,14,payload,8,0,23820297,10,125000.0,4,-27,0.23874494514005412,continuous,-1345.1673964990514,-428.1800808777591,-0.01171670598204777,-0.006859046302762954,-0.0665890764041514,0|1|2|3,1|1|1|1,0.47383362992898115|-0.28396718552054345|-0.01171670598204777|0.2158878476782321,2|-1|0|1,-0.006859894572417351|-0.006859781840419508|-0.006859046302762954|-0.006859519557410545,-0.026166370071018852|-0.03396718552054345|-0.01171670598204777|-0.0341121523217679,0,803,-221,802,-0.0158058013767004,-0.0730716660618782,0.07476156591603969,0.005589290987700224,-1.7838199463676256,7.760605502052971,0.13159117669482612,1,33,3,1,0
8,14,14,payload,9,1,23824393,10,125000.0,4,-27,0.23874494514005412,continuous,-1513.3133210614328,-481.70259098747897,-0.01171670598204777,-0.006859046302762954,-0.07344812270691436,0|1|2|3,1|1|1|1,0.47383362992898115|-0.28396718552054345|-0.01171670598204777|0.2158878476782321,2|-1|0|1,-0.006859894572417351|-0.006859781840419508|-0.006859046302762954|-0.006859519557410545,-0.026166370071018852|-0.03396718552054345|-0.01171670598204777|-0.0341121523217679,0,711,-313,710,-0.058448560535907745,-0.04920835793018341,0.07640482130667356,0.005837696138769388,-2.4418147387758387,8.87748317506154,0.12696558352820375,1,33,3,1,0
8,14,14,payload,10,2,23828489,10,125000.0,4,-27,0.23874494514005412,continuous,-1681.4592456238142,-535.2251010971988,-0.01171670598204777,-0.006859046302762954,-0.08030716900967733,0|1|2|3,1|1|1|1,0.47383362992898115|-0.28396718552054345|-0.01171670598204777|0.2158878476782321,2|-1|0|1,-0.006859894572417351|-0.006859781840419508|-0.006859046302762954|-0.006859519557410545,-0.026166370071018852|-0.03396718552054345|-0.01171670598204777|-0.0341121523217679,0,922,-102,921,0.013705182820558548,-0.06358011811971664,0.06504047552303145,0.004230263642966747,-1.3584871867205761,4.188184421817198,0.25466743643485756,1,33,3,1,0
8,14,14,payload,11,3,23832585,10,125000.0,4,-27,0.23874494514005412,continuous,-1849.6051701861957,-588.7476112069187,-0.01171670598204777,-0.006859046302762954,-0.08716621531244029,0|1|2|3,1|1|1|1,0.47383362992898115|-0.28396718552054345|-0.01171670598204777|0.2158878476782321,2|-1|0|1,-0.006859894572417351|-0.006859781840419508|-0.006859046302762954|-0.006859519557410545,-0.026166370071018852|-0.03396718552054345|-0.01171670598204777|-0.0341121523217679,0,718,-306,717,-0.0815545916557312,-0.04062890261411667,0.09111453861903948,0.008301859721541405,-2.6794017492410593,4.827209992659273,0.34910887337144914,1,33,3,1,0
8,14,14,payload,12,4,23836681,10,125000.0,4,-27,0.23874494514005412,continuous,-2017.751094748577,-642.2701213166387,-0.01171670598204777,-0.006859046302762954,-0.09402526161520325,0|1|2|3,1|1|1|1,0.47383362992898115|-0.28396718552054345|-0.01171670598204777|0.2158878476782321,2|-1|0|1,-0.006859894572417351|-0.006859781840419508|-0.006859046302762954|-0.006859519557410545,-0.026166370071018852|-0.03396718552054345|-0.01171670598204777|-0.0341121523217679,0,756,-268,755,-0.07622914016246796,-0.043551940470933914,0.0877932419306461,0.007707654032856226,-2.6225213860150838,9.44032434325812,0.12867657839399715,1,33,3,1,0
8,14,14,payload,13,5,23840777,10,125000.0,4,-27,0.23874494514005412,continuous,-2185.8970193109585,-695.7926314263585,-0.01171670598204777,-0.006859046302762954,-0.10088430791796621,0|1|2|3,1|1|1|1,0.47383362992898115|-0.28396718552054345|-0.01171670598204777|0.2158878476782321,2|-1|0|1,-0.006859894572417351|-0.006859781840419508|-0.006859046302762954|-0.006859519557410545,-0.026166370071018852|-0.03396718552054345|-0.01171670598204777|-0.0341121523217679,0,109,109,108,0.055551979690790176,-0.046287957578897476,0.07230904137375752,0.005228598136454821,-0.6946813432428675,7.346756398347273,0.13172280112065946,1,33,3,1,0
8,14,14,payload,14,6,23844873,10,125000.0,4,-27,0.23874494514005412,continuous,-2354.04294387334,-749.3151415360784,-0.01171670598204777,-0.006859046302762954,-0.10774335422072917,0|1|2|3,1|1|1|1,0.47383362992898115|-0.28396718552054345|-0.01171670598204777|0.2158878476782321,2|-1|0|1,-0.006859894572417351|-0.006859781840419508|-0.006859046302762954|-0.006859519557410545,-0.026166370071018852|-0.03396718552054345|-0.01171670598204777|-0.0341121523217679,0,932,-92,931,-0.03150396794080734,-0.0686657652258873,0.07554791400212245,0.0057074869982898235,-2.0009455723182024,7.377641772777138,0.13637223736019877,1,33,3,1,0
8,14,14,payload,15,7,23848969,10,125000.0,4,-27,0.23874494514005412,continuous,-2522.1888684357214,-802.8376516457982,-0.01171670598204777,-0.006859046302762954,-0.11460240052349213,0|1|2|3,1|1|1|1,0.47383362992898115|-0.28396718552054345|-0.01171670598204777|0.2158878476782321,2|-1|0|1,-0.006859894572417351|-0.006859781840419508|-0.006859046302762954|-0.006859519557410545,-0.026166370071018852|-0.03396718552054345|-0.01171670598204777|-0.0341121523217679,0,468,468,467,0.014976219274103642,0.06945545971393585,0.07105172783134975,0.005048347637057304,1.3584244292606271,7.329225060225721,0.12596035014412976,1,33,3,1,0
8,14,14,payload,16,8,23853065,10,125000.0,4,-27,0.23874494514005412,continuous,-2690.334792998103,-856.3601617555182,-0.01171670598204777,-0.006859046302762954,-0.12146144682625509,0|1|2|3,1|1|1|1,0.47383362992898115|-0.28396718552054345|-0.01171670598204777|0.2158878476782321,2|-1|0|1,-0.006859894572417351|-0.006859781840419508|-0.006859046302762954|-0.006859519557410545,-0.026166370071018852|-0.03396718552054345|-0.01171670598204777|-0.0341121523217679,0,89,89,88,0.011487308889627457,-0.07112299650907516,0.07204470069308104,0.005190439987927675,-1.4106659008859441,8.744898480575714,0.1285220735691155,1,33,3,1,0
8,14,14,payload,17,9,23857161,10,125000.0,4,-27,0.23874494514005412,continuous,-2858.480717560484,-909.8826718652381,-0.01171670598204777,-0.006859046302762954,-0.12832049312901805,0|1|2|3,1|1|1|1,0.47383362992898115|-0.28396718552054345|-0.01171670598204777|0.2158878476782321,2|-1|0|1,-0.006859894572417351|-0.006859781840419508|-0.006859046302762954|-0.006859519557410545,-0.026166370071018852|-0.03396718552054345|-0.01171670598204777|-0.0341121523217679,1,713,-311,712,-0.05900833010673523,0.04753270372748375,0.07577163681503907,0.0057413410395383835,2.463491685413148,8.986795281462719,0.13141855172910155,1,33,3,1,0
8,14,14,payload,18,10,23861258,10,125000.0,4,-27,0.23874494514005412,continuous,-3026.6676933739795,-963.4182489940277,-0.01171670598204777,-0.006859046302762954,0.11482046056821898,0|1|2|3,1|1|1|1,0.47383362992898115|-0.28396718552054345|-0.01171670598204777|0.2158878476782321,2|-1|0|1,-0.006859894572417351|-0.006859781840419508|-0.006859046302762954|-0.006859519557410545,-0.026166370071018852|-0.03396718552054345|-0.01171670598204777|-0.0341121523217679,0,865,-159,864,-0.0710856020450592,-0.004647101741284132,0.07123733833252315,0.005074758548289537,-3.0763122244980807,6.480053490653406,0.13079003961977165,1,33,3,1,0
8,14,14,payload,19,11,23865354,10,125000.0,4,-27,0.23874494514005412,continuous,-3194.813617936361,-1016.9407591037476,-0.01171670598204777,-0.006859046302762954,0.10796141426545602,0|1|2|3,1|1|1|1,0.47383362992898115|-0.28396718552054345|-0.01171670598204777|0.2158878476782321,2|-1|0|1,-0.006859894572417351|-0.006859781840419508|-0.006859046302762954|-0.006859519557410545,-0.026166370071018852|-0.03396718552054345|-0.01171670598204777|-0.0341121523217679,0,92,92,91,-0.017915185540914536,-0.07078486680984497,0.07301678740024711,0.0053314510732889175,-1.8186843383556635,7.149292773982607,0.13443617043555456,1,33,3,1,0
8,14,14,payload,20,12,23869450,10,125000.0,4,-27,0.23874494514005412,continuous,-3362.9595424987424,-1070.4632692134676,-0.01171670598204777,-0.006859046302762954,0.10110236796269306,0|1|2|3,1|1|1|1,0.47383362992898115|-0.28396718552054345|-0.01171670598204777|0.2158878476782321,2|-1|0|1,-0.006859894572417351|-0.006859781840419508|-0.006859046302762954|-0.006859519557410545,-0.026166370071018852|-0.03396718552054345|-0.01171670598204777|-0.0341121523217679,0,645,-379,644,0.007940862327814102,0.08658672124147415,0.08695008677314847,0.007560317404568195,1.4793422201676296,8.277940261375123,0.1365906521570608,1,33,3,1,0
8,14,14,payload,21,13,23873546,10,125000.0,4,-27,0.23874494514005412,continuous,-3531.105467061124,-1123.9857793231874,-0.01171670598204777,-0.006859046302762954,0.0942433216599301,0|1|2|3,1|1|1|1,0.47383362992898115|-0.28396718552054345|-0.01171670598204777|0.2158878476782321,2|-1|0|1,-0.006859894572417351|-0.006859781840419508|-0.006859046302762954|-0.006859519557410545,-0.026166370071018852|-0.03396718552054345|-0.01171670598204777|-0.0341121523217679,0,426,426,425,0.07655160129070282,-0.024196479469537735,0.08028460175457368,0.006445617415010929,-0.3061436166332584,9.094048351636449,0.13000226481821642,1,33,3,1,0
8,14,14,payload,22,14,23877642,10,125000.0,4,-27,0.23874494514005412,continuous,-3699.2513916235052,-1177.5082894329073,-0.01171670598204777,-0.006859046302762954,0.08738427535716714,0|1|2|3,1|1|1|1,0.47383362992898115|-0.28396718552054345|-0.01171670598204777|0.2158878476782321,2|-1|0|1,-0.006859894572417351|-0.006859781840419508|-0.006859046302762954|-0.006859519557410545,-0.026166370071018852|-0.03396718552054345|-0.01171670598204777|-0.0341121523217679,0,765,-259,764,-0.0196682158857584,0.07885021716356277,0.08126620123316833,0.006604194175451994,1.8152456853330967,8.71644092071679,0.14587712934307717,1,33,3,1,0
8,14,14,payload,23,15,23881738,10,125000.0,4,-27,0.23874494514005412,continuous,-3867.3973161858867,-1231.0307995426272,-0.01171670598204777,-0.006859046302762954,0.08052522905440418,0|1|2|3,1|1|1|1,0.47383362992898115|-0.28396718552054345|-0.01171670598204777|0.2158878476782321,2|-1|0|1,-0.006859894572417351|-0.006859781840419508|-0.006859046302762954|-0.006859519557410545,-0.026166370071018852|-0.03396718552054345|-0.01171670598204777|-0.0341121523217679,0,1023,-1,1022,-0.08990548551082611,0.003267257707193494,0.08996483367328914,0.00809367187321186,3.1052676117536553,6.386258632193194,0.3390470004044914,1,33,3,1,0
8,14,14,payload,24,16,23885834,10,125000.0,4,-27,0.23874494514005412,continuous,-4035.543240748268,-1284.553309652347,-0.01171670598204777,-0.006859046302762954,0.07366618275164122,0|1|2|3,1|1|1|1,0.47383362992898115|-0.28396718552054345|-0.01171670598204777|0.2158878476782321,2|-1|0|1,-0.006859894572417351|-0.006859781840419508|-0.006859046302762954|-0.006859519557410545,-0.026166370071018852|-0.03396718552054345|-0.01171670598204777|-0.0341121523217679,0,597,-427,596,0.07818493992090225,0.0024504580069333315,0.07822333139721703,0.006118889898061752,0.03133155966666921,5.985170934509906,0.24600184532590674,1,33,3,1,0
8,14,14,payload,25,17,23889930,10,125000.0,4,-27,0.23874494514005412,continuous,-4203.6891653106495,-1338.0758197620669,-0.01171670598204777,-0.006859046302762954,0.06680713644887826,0|1|2|3,1|1|1|1,0.47383362992898115|-0.28396718552054345|-0.01171670598204777|0.2158878476782321,2|-1|0|1,-0.006859894572417351|-0.006859781840419508|-0.006859046302762954|-0.006859519557410545,-0.026166370071018852|-0.03396718552054345|-0.01171670598204777|-0.0341121523217679,0,562,-462,561,0.052170589566230774,-0.03858748823404312,0.06489040502185607,0.00421076500788331,-0.6368380843975149,6.208933041300012,0.13027885347101176,1,33,3,1,0
8,14,14,payload,26,18,23894026,10,125000.0,4,-27,0.23874494514005412,continuous,-4371.8350898730305,-1391.5983298717867,-0.01171670598204777,-0.006859046302762954,0.0599480901461153,0|1|2|3,1|1|1|1,0.47383362992898115|-0.28396718552054345|-0.01171670598204777|0.2158878476782321,2|-1|0|1,-0.006859894572417351|-0.006859781840419508|-0.006859046302762954|-0.006859519557410545,-0.026166370071018852|-0.03396718552054345|-0.01171670598204777|-0.0341121523217679,0,827,-197,826,0.03153880313038826,0.059748172760009766,0.0675613813584163,0.00456453999504447,1.0851081902506976,6.912862226536581,0.12716777047998562,1,33,3,1,0
8,14,14,payload,27,19,23898122,10,125000.0,4,-27,0.23874494514005412,continuous,-4539.981014435412,-1445.1208399815066,-0.01171670598204777,-0.006859046302762954,0.05308904384335235,0|1|2|3,1|1|1|1,0.47383362992898115|-0.28396718552054345|-0.01171670598204777|0.2158878476782321,2|-1|0|1,-0.006859894572417351|-0.006859781840419508|-0.006859046302762954|-0.006859519557410545,-0.026166370071018852|-0.03396718552054345|-0.01171670598204777|-0.0341121523217679,0,890,-134,889,0.024493180215358734,0.07382893562316895,0.07778578027063857,0.006050626747310162,1.2504661917838096,8.69766073281421,0.12773810666154617,1,33,3,1,0
8,14,14,payload,28,20,23902218,10,125000.0,4,-27,0.23874494514005412,continuous,-4708.126938997793,-1498.6433500912265,-0.01171670598204777,-0.006859046302762954,0.046229997540589395,0|1|2|3,1|1|1|1,0.47383362992898115|-0.28396718552054345|-0.01171670598204777|0.2158878476782321,2|-1|0|1,-0.006859894572417351|-0.006859781840419508|-0.006859046302762954|-0.006859519557410545,-0.026166370071018852|-0.03396718552054345|-0.01171670598204777|-0.0341121523217679,0,174,174,173,-0.07734502106904984,0.025166405364871025,0.08133634023707222,0.006615600548684597,2.8270184706892687,8.682807266553104,0.13236847538554386,1,33,3,1,0
8,14,14,payload,29,21,23906314,10,125000.0,4,-27,0.23874494514005412,continuous,-4876.272863560175,-1552.1658602009466,-0.01171670598204777,-0.006859046302762954,0.03937095123782644,0|1|2|3,1|1|1|1,0.47383362992898115|-0.28396718552054345|-0.01171670598204777|0.2158878476782321,2|-1|0|1,-0.006859894572417351|-0.006859781840419508|-0.006859046302762954|-0.006859519557410545,-0.026166370071018852|-0.03396718552054345|-0.01171670598204777|-0.0341121523217679,0,267,267,266,-0.08031067997217178,0.01658153347671032,0.08200458871326567,0.006724752020090818,2.9379862899727445,8.978406725709029,0.1285688080015106,1,33,3,1,0
8,14,14,payload,30,22,23910410,10,125000.0,4,-27,0.23874494514005412,continuous,-5044.418788122556,-1605.6883703106662,-0.01171670598204777,-0.006859046302762954,0.032511904935063486,0|1|2|3,1|1|1|1,0.47383362992898115|-0.28396718552054345|-0.01171670598204777|0.2158878476782321,2|-1|0|1,-0.006859894572417351|-0.006859781840419508|-0.006859046302762954|-0.006859519557410545,-0.026166370071018852|-0.03396718552054345|-0.01171670598204777|-0.0341121523217679,0,917,-107,916,0.06474442034959793,0.04684995859861374,0.07991719831861757,0.006386757828295231,0.6263990083234253,9.088052074004548,0.12221408687247504,1,33,3,1,0
8,14,14,payload,31,23,23914506,10,125000.0,4,-27,0.23874494514005412,continuous,-5212.564712684938,-1659.2108804203863,-0.01171670598204777,-0.006859046302762954,0.025652858632300532,0|1|2|3,1|1|1|1,0.47383362992898115|-0.28396718552054345|-0.01171670598204777|0.2158878476782321,2|-1|0|1,-0.006859894572417351|-0.006859781840419508|-0.006859046302762954|-0.006859519557410545,-0.026166370071018852|-0.03396718552054345|-0.01171670598204777|-0.0341121523217679,0,656,-368,655,0.017798081040382385,-0.07410845905542374,0.07621571617645166,0.005808834917843342,-1.3350975968112677,8.845991164628202,0.1351600433699751,1,33,3,1,0
8,14,14,payload,32,24,23918602,10,125000.0,4,-27,0.23874494514005412,continuous,-5380.710637247319,-1712.733390530106,-0.01171670598204777,-0.006859046302762954,0.018793812329537578,0|1|2|3,1|1|1|1,0.47383362992898115|-0.28396718552054345|-0.01171670598204777|0.2158878476782321,2|-1|0|1,-0.006859894572417351|-0.006859781840419508|-0.006859046302762954|-0.006859519557410545,-0.026166370071018852|-0.03396718552054345|-0.01171670598204777|-0.0341121523217679,0,889,-135,888,0.07438188046216965,-0.021937118843197823,0.07754934767120275,0.006013900972902775,-0.28679488118503654,8.398987592628316,0.13091594453970856,1,33,3,1,0
8,14,14,payload,33,25,23922698,10,125000.0,4,-27,0.23874494514005412,continuous,-5548.856561809701,-1766.255900639826,-0.01171670598204777,-0.006859046302762954,0.011934766026774624,0|1|2|3,1|1|1|1,0.47383362992898115|-0.28396718552054345|-0.01171670598204777|0.2158878476782321,2|-1|0|1,-0.006859894572417351|-0.006859781840419508|-0.006859046302762954|-0.006859519557410545,-0.026166370071018852|-0.03396718552054345|-0.01171670598204777|-0.0341121523217679,0,66,66,65,0.06320621073246002,0.05317375808954239,0.08259826647406905,0.006822473835200071,0.6994064590123621,7.6591452633311095,0.13607563316679716,1,33,3,1,0
8,14,14,payload,34,26,23926794,10,125000.0,4,-27,0.23874494514005412,continuous,-5717.002486372082,-1819.7784107495456,-0.01171670598204777,-0.006859046302762954,0.005075719724011669,0|1|2|3,1|1|1|1,0.47383362992898115|-0.28396718552054345|-0.01171670598204777|0.2158878476782321,2|-1|0|1,-0.006859894572417351|-0.006859781840419508|-0.006859046302762954|-0.006859519557410545,-0.026166370071018852|-0.03396718552054345|-0.01171670598204777|-0.0341121523217679,0,586,-438,585,-0.06861870735883713,-0.05419938266277313,0.08744198122540135,0.007646100129932165,-2.4730634043037423,8.69043478423415,0.12887589890156503,1,33,3,1,0
8,14,14,payload,35,27,23930890,10,125000.0,4,-27,0.23874494514005412,continuous,-5885.148410934464,-1873.3009208592657,-0.01171670598204777,-0.006859046302762954,-0.0017833265787512848,0|1|2|3,1|1|1|1,0.47383362992898115|-0.28396718552054345|-0.01171670598204777|0.2158878476782321,2|-1|0|1,-0.006859894572417351|-0.006859781840419508|-0.006859046302762954|-0.006859519557410545,-0.026166370071018852|-0.03396718552054345|-0.01171670598204777|-0.0341121523217679,0,425,425,424,-0.050742413848638535,0.0529404878616333,0.07333135630965956,0.005377487745136023,2.3349976991518853,4.783025804972355,0.24360321255470296,1,33,3,1,0
8,14,14,payload,36,28,23934986,10,125000.0,4,-27,0.23874494514005412,continuous,-6053.294335496845,-1926.8234309689856,-0.01171670598204777,-0.006859046302762954,-0.008642372881514239,0|1|2|3,1|1|1|1,0.47383362992898115|-0.28396718552054345|-0.01171670598204777|0.2158878476782321,2|-1|0|1,-0.006859894572417351|-0.006859781840419508|-0.006859046302762954|-0.006859519557410545,-0.026166370071018852|-0.03396718552054345|-0.01171670598204777|-0.0341121523217679,0,860,-164,859,-0.014286497607827187,-0.06860578060150146,0.07007750813092463,0.004910857416689396,-1.7761026804890458,2.6337610729987464,0.29752910120636766,1,33,3,1,0
8,14,14,payload,37,29,23939082,10,125000.0,4,-27,0.23874494514005412,continuous,-6221.440260059227,-1980.3459410787054,-0.01171670598204777,-0.006859046302762954,-0.015501419184277193,0|1|2|3,1|1|1|1,0.47383362992898115|-0.28396718552054345|-0.01171670598204777|0.2158878476782321,2|-1|0|1,-0.006859894572417351|-0.006859781840419508|-0.006859046302762954|-0.006859519557410545,-0.026166370071018852|-0.03396718552054345|-0.01171670598204777|-0.0341121523217679,0,553,-471,552,-0.08281585574150085,0.05751527473330498,0.10082892833827319,0.01016647182404995,2.534570255873988,10.442255088308956,0.16083451003921745,1,33,3,1,0
8,14,14,payload,38,30,23943178,10,125000.0,4,-27,0.23874494514005412,continuous,-6389.586184621608,-2033.8684511884253,-0.01171670598204777,-0.006859046302762954,-0.022360465487040147,0|1|2|3,1|1|1|1,0.47383362992898115|-0.28396718552054345|-0.01171670598204777|0.2158878476782321,2|-1|0|1,-0.006859894572417351|-0.006859781840419508|-0.006859046302762954|-0.006859519557410545,-0.026166370071018852|-0.03396718552054345|-0.01171670598204777|-0.0341121523217679,0,629,-395,628,-0.066713847219944,0.042840227484703064,0.07928444047748043,0.006286021787673235,2.570756433410285,7.548696720680356,0.12821211231356244,1,33,3,1,0
8,14,14,payload,39,31,23947274,10,125000.0,4,-27,0.23874494514005412,continuous,-6557.732109183989,-2087.390961298145,-0.01171670598204777,-0.006859046302762954,-0.0292195117898031,0|1|2|3,1|1|1|1,0.47383362992898115|-0.28396718552054345|-0.01171670598204777|0.2158878476782321,2|-1|0|1,-0.006859894572417351|-0.006859781840419508|-0.006859046302762954|-0.006859519557410545,-0.026166370071018852|-0.03396718552054345|-0.01171670598204777|-0.0341121523217679,0,759,-265,758,-0.07474145293235779,0.0001481816580053419,0.07474159982395094,0.005586306098848581,3.1396100661762305,8.351031310801332,0.13506753664754,1,33,3,1,0
8,14,14,payload,40,32,23951370,10,125000.0,4,-27,0.23874494514005412,continuous,-6725.87803374637,-2140.913471407865,-0.01171670598204777,-0.006859046302762954,-0.036078558092566056,0|1|2|3,1|1|1|1,0.47383362992898115|-0.28396718552054345|-0.01171670598204777|0.2158878476782321,2|-1|0|1,-0.006859894572417351|-0.006859781840419508|-0.006859046302762954|-0.006859519557410545,-0.026166370071018852|-0.03396718552054345|-0.01171670598204777|-0.0341121523217679,0,494,494,493,0.034531135112047195,0.07498352974653244,0.08255258339613349,0.006814928725361824,1.1392315671322117,9.82243992093381,0.1252097605753688,1,33,3,1,0
8,14,14,payload,41,33,23955466,10,125000.0,4,-27,0.23874494514005412,continuous,-6894.023958308752,-2194.435981517585,-0.01171670598204777,-0.006859046302762954,-0.04293760439532901,0|1|2|3,1|1|1|1,0.47383362992898115|-0.28396718552054345|-0.01171670598204777|0.2158878476782321,2|-1|0|1,-0.006859894572417351|-0.006859781840419508|-0.006859046302762954|-0.006859519557410545,-0.026166370071018852|-0.03396718552054345|-0.01171670598204777|-0.0341121523217679,0,303,303,302,0.08441190421581268,-0.010080798529088497,0.0850117172648783,0.00722699286416173,-0.11886096219194843,9.396109687279312,0.13276903834283704,1,33,3,1,0
8,14,14,payload,42,34,23959562,10,125000.0,4,-27,0.23874494514005412,continuous,-7062.169882871133,-2247.9584916273047,-0.01171670598204777,-0.006859046302762954,-0.049796650698091964,0|1|2|3,1|1|1|1,0.47383362992898115|-0.28396718552054345|-0.01171670598204777|0.2158878476782321,2|-1|0|1,-0.006859894572417351|-0.006859781840419508|-0.006859046302762954|-0.006859519557410545,-0.026166370071018852|-0.03396718552054345|-0.01171670598204777|-0.0341121523217679,0,1022,-2,1021,-0.055153001099824905,-0.06165807321667671,0.0827258818212919,0.0068435706198215485,-2.300563121071384,8.199452634692692,0.1353384040704455,1,33,3,1,0
8,14,14,payload,43,35,23963658,10,125000.0,4,-27,0.23874494514005412,continuous,-7230.315807433515,-2301.481001737025,-0.01171670598204777,-0.006859046302762954,-0.05665569700085492,0|1|2|3,1|1|1|1,0.47383362992898115|-0.28396718552054345|-0.01171670598204777|0.2158878476782321,2|-1|0|1,-0.006859894572417351|-0.006859781840419508|-0.006859046302762954|-0.006859519557410545,-0.026166370071018852|-0.03396718552054345|-0.01171670598204777|-0.0341121523217679,0,720,-304,719,0.0036875091027468443,0.0707845389842987,0.07088052400062055,0.005024048965424299,1.5187485382884542,7.911253669538692,0.1296932496005212,1,33,3,1,0
8,14,14,payload,44,36,23967754,10,125000.0,4,-27,0.23874494514005412,continuous,-7398.461731995896,-2355.0035118467445,-0.01171670598204777,-0.006859046302762954,-0.06351474330361787,0|1|2|3,1|1|1|1,0.47383362992898115|-0.28396718552054345|-0.01171670598204777|0.2158878476782321,2|-1|0|1,-0.006859894572417351|-0.006859781840419508|-0.006859046302762954|-0.006859519557410545,-0.026166370071018852|-0.03396718552054345|-0.01171670598204777|-0.0341121523217679,0,314,314,313,0.021596336737275124,-0.07455861568450928,0.0776233787802369,0.006025388371199369,-1.2888564167803285,8.550827444720937,0.12243535531092675,1,33,3,1,0
8,14,14,payload,45,37,23971850,10,125000.0,4,-27,0.23874494514005412,continuous,-7566.607656558278,-2408.526021956465,-0.01171670598204777,-0.006859046302762954,-0.07037378960638083,0|1|2|3,1|1|1|1,0.47383362992898115|-0.28396718552054345|-0.01171670598204777|0.2158878476782321,2|-1|0|1,-0.006859894572417351|-0.006859781840419508|-0.006859046302762954|-0.006859519557410545,-0.026166370071018852|-0.03396718552054345|-0.01171670598204777|-0.0341121523217679,0,602,-422,601,0.08087633550167084,0.006639405619353056,0.08114840325697802,0.006585062947124243,0.08190962899091322,8.836305789490865,0.12659743786380773,1,33,3,1,0
8,14,14,payload,46,38,23975946,10,125000.0,4,-27,0.23874494514005412,continuous,-7734.753581120659,-2462.048532066184,-0.01171670598204777,-0.006859046302762954,-0.07723283590914379,0|1|2|3,1|1|1|1,0.47383362992898115|-0.28396718552054345|-0.01171670598204777|0.2158878476782321,2|-1|0|1,-0.006859894572417351|-0.006859781840419508|-0.006859046302762954|-0.006859519557410545,-0.026166370071018852|-0.03396718552054345|-0.01171670598204777|-0.0341121523217679,0,7,7,6,-0.051223188638687134,0.057995256036520004,0.07737741774611012,0.005987264681607485,2.294268972351921,8.784724566417793,0.1267080766612736,1,33,3,1,0
8,14,14,payload,47,39,23980042,10,125000.0,4,-27,0.23874494514005412,continuous,-7902.899505683041,-2515.5710421759045,-0.01171670598204777,-0.006859046302762954,-0.08409188221190675,0|1|2|3,1|1|1|1,0.47383362992898115|-0.28396718552054345|-0.01171670598204777|0.2158878476782321,2|-1|0|1,-0.006859894572417351|-0.006859781840419508|-0.006859046302762954|-0.006859519557410545,-0.026166370071018852|-0.03396718552054345|-0.01171670598204777|-0.0341121523217679,0,414,414,413,-0.020312340930104256,-0.0866951048374176,0.08904286830977323,0.007928633131086826,-1.8009412958908724,9.994722660640003,0.15468103799274502,1,33,3,1,0
8,14,14,payload,48,40,23984138,10,125000.0,4,-27,0.23874494514005412,continuous,-8071.045430245422,-2569.0935522856244,-0.01171670598204777,-0.006859046302762954,-0.09095092851466971,0|1|2|3,1|1|1|1,0.47383362992898115|-0.28396718552054345|-0.01171670598204777|0.2158878476782321,2|-1|0|1,-0.006859894572417351|-0.006859781840419508|-0.006859046302762954|-0.006859519557410545,-0.026166370071018852|-0.03396718552054345|-0.01171670598204777|-0.0341121523217679,0,807,-217,806,0.06395356357097626,0.03864748775959015,0.07472406977376549,0.005583686754107475,0.5435792684990436,3.7515157461624082,0.3105723688176383,1,33,3,1,0
8,14,14,payload,49,41,23988234,10,125000.0,4,-27,0.23874494514005412,continuous,-8239.191354807803,-2622.6160623953438,-0.01171670598204777,-0.006859046302762954,-0.09780997481743267,0|1|2|3,1|1|1|1,0.47383362992898115|-0.28396718552054345|-0.01171670598204777|0.2158878476782321,2|-1|0|1,-0.006859894572417351|-0.006859781840419508|-0.006859046302762954|-0.006859519557410545,-0.026166370071018852|-0.03396718552054345|-0.01171670598204777|-0.0341121523217679,0,195,195,194,-0.06373117864131927,0.05621309205889702,0.08497984966939975,0.007221575826406479,2.4187924291630027,7.098601517222552,0.23795901232321626,1,33,3,1,0
8,14,14,payload,50,42,23992330,10,125000.0,4,-27,0.23874494514005412,continuous,-8407.337279370186,-2676.138572505064,-0.01171670598204777,-0.006859046302762954,-0.10466902112019563,0|1|2|3,1|1|1|1,0.47383362992898115|-0.28396718552054345|-0.01171670598204777|0.2158878476782321,2|-1|0|1,-0.006859894572417351|-0.006859781840419508|-0.006859046302762954|-0.006859519557410545,-0.026166370071018852|-0.03396718552054345|-0.01171670598204777|-0.0341121523217679,0,826,-198,825,0.05856364592909813,-0.029413333162665367,0.06553506536387006,0.004294844344258308,-0.4654424704172401,5.464996350316346,0.12491981972804922,1,33,3,1,0
8,14,14,payload,51,43,23996426,10,125000.0,4,-27,0.23874494514005412,continuous,-8575.483203932567,-2729.661082614784,-0.01171670598204777,-0.006859046302762954,-0.1115280674229586,0|1|2|3,1|1|1|1,0.47383362992898115|-0.28396718552054345|-0.01171670598204777|0.2158878476782321,2|-1|0|1,-0.006859894572417351|-0.006859781840419508|-0.006859046302762954|-0.006859519557410545,-0.026166370071018852|-0.03396718552054345|-0.01171670598204777|-0.0341121523217679,0,928,-96,927,0.07452700287103653,-0.01338524091988802,0.07571947458496349,0.0057334392331540585,-0.17770794990144123,8.032215124957801,0.13163505833504985,1,33,3,1,0
8,14,14,payload,52,44,24000522,10,125000.0,4,-27,0.23874494514005412,continuous,-8743.629128494948,-2783.183592724504,-0.01171670598204777,-0.006859046302762954,-0.11838711372572155,0|1|2|3,1|1|1|1,0.47383362992898115|-0.28396718552054345|-0.01171670598204777|0.2158878476782321,2|-1|0|1,-0.006859894572417351|-0.006859781840419508|-0.006859046302762954|-0.006859519557410545,-0.026166370071018852|-0.03396718552054345|-0.01171670598204777|-0.0341121523217679,0,761,-263,760,-0.008029144257307053,-0.07872974127531052,0.0791381028252635,0.006262840237468481,-1.6724285743362182,9.487440255377614,0.12824071907286339,1,33,3,1,0
8,14,14,payload,53,45,24004618,10,125000.0,4,-27,0.23874494514005412,continuous,-8911.775053057328,-2836.706102834223,-0.01171670598204777,-0.006859046302762954,-0.12524616002848452,0|1|2|3,1|1|1|1,0.47383362992898115|-0.28396718552054345|-0.01171670598204777|0.2158878476782321,2|-1|0|1,-0.006859894572417351|-0.006859781840419508|-0.006859046302762954|-0.006859519557410545,-0.026166370071018852|-0.03396718552054345|-0.01171670598204777|-0.0341121523217679,1,590,-434,589,-0.08579973131418228,0.002440844429656863,0.08583444305822494,0.007367551792412996,3.1131521648472704,8.230660512464603,0.12530418208878302,1,33,3,1,0
8,14,14,payload,54,46,24008715,10,125000.0,4,-27,0.23874494514005412,continuous,-9079.962028870825,-2890.241679963013,-0.01171670598204777,-0.006859046302762954,0.11789479366875252,0|1|2|3,1|1|1|1,0.47383362992898115|-0.28396718552054345|-0.01171670598204777|0.2158878476782321,2|-1|0|1,-0.006859894572417351|-0.006859781840419508|-0.006859046302762954|-0.006859519557410545,-0.026166370071018852|-0.03396718552054345|-0.01171670598204777|-0.0341121523217679,0,383,383,382,0.01681109517812729,0.07510536909103394,0.07696381869026829,0.005923428572714329,1.3505924840402337,7.388121636428844,0.13309235668384645,1,33,3,1,0
8,14,14,payload,55,47,24012811,10,125000.0,4,-27,0.23874494514005412,continuous,-9248.107953433206,-2943.764190072733,-0.01171670598204777,-0.006859046302762954,0.11103574736598956,0|1|2|3,1|1|1|1,0.47383362992898115|-0.28396718552054345|-0.01171670598204777|0.2158878476782321,2|-1|0|1,-0.006859894572417351|-0.006859781840419508|-0.006859046302762954|-0.006859519557410545,-0.026166370071018852|-0.03396718552054345|-0.01171670598204777|-0.0341121523217679,0,267,267,266,0.0647657960653305,0.02226228080689907,0.06848516252956699,0.004690216388553381,0.3310827984512751,7.424972399415103,0.12558838978393538,1,33,3,1,0
8,14,14,payload,56,48,24016907,10,125000.0,4,-27,0.23874494514005412,continuous,-9416.253877995587,-2997.286700182453,-0.01171670598204777,-0.006859046302762954,0.1041767010632266,0|1|2|3,1|1|1|1,0.47383362992898115|-0.28396718552054345|-0.01171670598204777|0.2158878476782321,2|-1|0|1,-0.006859894572417351|-0.006859781840419508|-0.006859046302762954|-0.006859519557410545,-0.026166370071018852|-0.03396718552054345|-0.01171670598204777|-0.0341121523217679,0,314,314,313,0.06773049384355545,0.014050424098968506,0.06917249607794111,0.0047848341055214405,0.20454487372438684,6.695135105389695,0.13114293349318018,1,33,3,1,0
9,15,15,header,0,0,25287895,10,125000.0,4,-27,0.22166429650172048,continuous,-0.0,-0.0,-0.0574127443228688,-0.00686342416021588,-0.0574127443228688,0|1|2|3,0|0|0|0,0.4201403940964993|-0.26247388309373126|-0.0574127443228688|0.2259691182734831,2|-1|0|1,-0.006861121384498028|-0.006863073018811878|-0.00686342416021588|-0.006862290954199938,-0.07985960590350072|-0.012473883093731264|-0.0574127443228688|-0.024030881726516906,0,337,337,84,-0.04459789767861366,0.04132382944226265,0.06079992892368631,0.003696631407365203,2.3942813055503707,6.165760677127825,0.12671188852422688,1,33,3,1,0
9,15,15,header,1,1,25291991,10,125000.0,4,-27,0.22166429650172048,continuous,-168.25324544294293,-53.556671406996564,-0.0574127443228688,-0.00686342416021588,-0.06427616848308468,0|1|2|3,0|0|0|0,0.4201403940964993|-0.26247388309373126|-0.0574127443228688|0.2259691182734831,2|-1|0|1,-0.006861121384498028|-0.006863073018811878|-0.00686342416021588|-0.006862290954199938,-0.07985960590350072|-0.012473883093731264|-0.0574127443228688|-0.024030881726516906,0,689,-335,172,-0.008447256870567799,-0.06532815098762512,0.06587202334906148,0.004339123144745827,-1.699387825144336,7.111245768012551,0.12089698278797201,1,33,3,1,0
9,15,15,header,2,2,25296087,10,125000.0,4,-27,0.22166429650172048,continuous,-336.50649088588585,-107.11334281399313,-0.0574127443228688,-0.00686342416021588,-0.07113959264330055,0|1|2|3,0|0|0|0,0.4201403940964993|-0.26247388309373126|-0.0574127443228688|0.2259691182734831,2|-1|0|1,-0.006861121384498028|-0.006863073018811878|-0.00686342416021588|-0.006862290954199938,-0.07985960590350072|-0.012473883093731264|-0.0574127443228688|-0.024030881726516906,0,57,57,14,0.06464351713657379,0.026272498071193695,0.0697784240484649,0.004869027994573116,0.3860296385499117,7.736679962918977,0.1265697810823383,1,33,3,1,0
9,15,15,header,3,3,25300183,10,125000.0,4,-27,0.22166429650172048,continuous,-504.7597363288288,-160.67001422098969,-0.0574127443228688,-0.00686342416021588,-0.07800301680351643,0|1|2|3,0|0|0|0,0.4201403940964993|-0.26247388309373126|-0.0574127443228688|0.2259691182734831,2|-1|0|1,-0.006861121384498028|-0.006863073018811878|-0.00686342416021588|-0.006862290954199938,-0.07985960590350072|-0.012473883093731264|-0.0574127443228688|-0.024030881726516906,0,81,81,20,0.04589439556002617,0.03505253419280052,0.05774924845534875,0.003334975801408291,0.6522526767028085,5.63769812626624,0.12746151895109392,1,33,3,1,0
9,15,15,header,4,4,25304279,10,125000.0,4,-27,0.22166429650172048,continuous,-673.0129817717717,-214.22668562798626,-0.0574127443228688,-0.00686342416021588,-0.0848664409637323,0|1|2|3,0|0|0|0,0.4201403940964993|-0.26247388309373126|-0.0574127443228688|0.2259691182734831,2|-1|0|1,-0.006861121384498028|-0.006863073018811878|-0.00686342416021588|-0.006862290954199938,-0.07985960590350072|-0.012473883093731264|-0.0574127443228688|-0.024030881726516906,0,689,-335,172,-0.018369300290942192,-0.052758701145648956,0.055865120958919524,0.0031209115404635668,-1.9058450548058221,4.7556753235556215,0.12726887372831186,1,33,3,1,0
9,15,15,header,5,5,25308375,10,125000.0,4,-27,0.22166429650172048,continuous,-841.2662272147146,-267.78335703498277,-0.0574127443228688,-0.00686342416021588,-0.09172986512394818,0|1|2|3,0|0|0|0,0.4201403940964993|-0.26247388309373126|-0.0574127443228688|0.2259691182734831,2|-1|0|1,-0.006861121384498028|-0.006863073018811878|-0.00686342416021588|-0.006862290954199938,-0.07985960590350072|-0.012473883093731264|-0.0574127443228688|-0.024030881726516906,0,57,57,14,0.062019966542720795,0.03511525318026543,0.07127101273220655,0.005079558119177818,0.5151901814729102,5.102759299857366,0.12646391916357658,1,33,3,1,0
9,15,15,header,6,6,25312471,10,125000.0,4,-27,0.22166429650172048,continuous,-1009.5194726576576,-321.34002844197937,-0.0574127443228688,-0.00686342416021588,-0.09859328928416405,0|1|2|3,0|0|0|0,0.4201403940964993|-0.26247388309373126|-0.0574127443228688|0.2259691182734831,2|-1|0|1,-0.006861121384498028|-0.006863073018811878|-0.00686342416021588|-0.006862290954199938,-0.07985960590350072|-0.012473883093731264|-0.0574127443228688|-0.024030881726516906,0,729,-295,182,-0.025533249601721764,-0.05450603365898132,0.0601901531851999,0.0036228548269718885,-2.0088853689566855,3.790978370676814,0.22530299039230073,1,33,3,1,0
9,15,15,header,7,7,25316567,10,125000.0,4,-27,0.22166429650172048,continuous,-1177.7727181006005,-374.8966998489759,-0.0574127443228688,-0.00686342416021588,-0.10545671344437993,0|1|2|3,0|0|0|0,0.4201403940964993|-0.26247388309373126|-0.0574127443228688|0.2259691182734831,2|-1|0|1,-0.006861121384498028|-0.006863073018811878|-0.00686342416021588|-0.006862290954199938,-0.07985960590350072|-0.012473883093731264|-0.0574127443228688|-0.024030881726516906,0,409,409,102,-0.03687603399157524,0.04633823409676552,0.05922055236279425,0.003507073502987623,2.242971930580116,2.909945486443867,0.250604539928986,1,33,3,1,0
9,15,15,payload,8,0,25320663,10,125000.0,4,-27,0.22166429650172048,continuous,-1346.0259635435434,-428.4533712559725,-0.0574127443228688,-0.00686342416021588,-0.1123201376045958,0|1|2|3,0|0|0|0,0.4201403940964993|-0.26247388309373126|-0.0574127443228688|0.2259691182734831,2|-1|0|1,-0.006861121384498028|-0.006863073018811878|-0.00686342416021588|-0.006862290954199938,-0.07985960590350072|-0.012473883093731264|-0.0574127443228688|-0.024030881726516906,0,803,-221,802,-0.010547689162194729,-0.0566302128136158,0.05760412094614148,0.0033182341139763594,-1.754941781889052,3.31795224613039,0.24426411822900462,1,33,3,1,0
9,15,15,payload,9,1,25324759,10,125000.0,4,-27,0.22166429650172048,continuous,-1514.2792089864863,-482.01004266296906,-0.0574127443228688,-0.00686342416021588,-0.11918356176481168,0|1|2|3,0|0|0|0,0.4201403940964993|-0.26247388309373126|-0.0574127443228688|0.2259691182734831,2|-1|0|1,-0.006861121384498028|-0.006863073018811878|-0.00686342416021588|-0.006862290954199938,-0.07985960590350072|-0.012473883093731264|-0.0574127443228688|-0.024030881726516906,0,711,-313,710,-0.041734494268894196,-0.04723530635237694,0.0630312793625773,0.003972942009568214,-2.2944452360701715,6.769332134522477,0.117950910947485,1,33,3,1,0
9,15,15,payload,10,2,25328855,10,125000.0,4,-27,0.22166429650172048,continuous,-1682.5324544294292,-535.5667140699655,-0.0574127443228688,-0.00686342416021588,-0.12604698592502755,0|1|2|3,0|0|0|0,0.4201403940964993|-0.26247388309373126|-0.0574127443228688|0.2259691182734831,2|-1|0|1,-0.006861121384498028|-0.006863073018811878|-0.00686342416021588|-0.006862290954199938,-0.07985960590350072|-0.012473883093731264|-0.0574127443228688|-0.024030881726516906,1,922,-102,921,-0.000828706833999604,-0.07089480757713318,0.07089965089064584,0.005026760511100292,-1.5824850402705817,8.047971680675554,0.12218261590200541,1,33,3,1,0
9,15,15,payload,11,3,25332952,10,125000.0,4,-27,0.22166429650172048,continuous,-1850.8267773248729,-589.1364608361924,-0.0574127443228688,-0.00686342416021588,0.11708958991475657,0|1|2|3,0|0|0|0,0.4201403940964993|-0.26247388309373126|-0.0574127443228688|0.2259691182734831,2|-1|0|1,-0.006861121384498028|-0.006863073018811878|-0.00686342416021588|-0.006862290954199938,-0.07985960590350072|-0.012473883093731264|-0.0574127443228688|-0.024030881726516906,0,718,-306,717,-0.054066743701696396,-0.036377765238285065,0.06516559351557161,0.0042465548031032085,-2.549334771218321,6.845860448332008,0.12897700876456497,1,33,3,1,0
9,15,15,payload,12,4,25337048,10,125000.0,4,-27,0.22166429650172048,continuous,-2019.0800227678158,-642.693132243189,-0.0574127443228688,-0.00686342416021588,0.1102261657545407,0|1|2|3,0|0|0|0,0.4201403940964993|-0.26247388309373126|-0.0574127443228688|0.2259691182734831,2|-1|0|1,-0.006861121384498028|-0.006863073018811878|-0.00686342416021588|-0.006862290954199938,-0.07985960590350072|-0.012473883093731264|-0.0574127443228688|-0.024030881726516906,0,756,-268,755,-0.040924832224845886,-0.04463699087500572,0.060558259940384086,0.003667303128167987,-2.3128359923438397,6.089876137889382,0.1337313616907636,1,33,3,1,0
9,15,15,payload,13,5,25341144,10,125000.0,4,-27,0.22166429650172048,continuous,-2187.333268210759,-696.2498036501855,-0.0574127443228688,-0.00686342416021588,0.10336274159432482,0|1|2|3,0|0|0|0,0.4201403940964993|-0.26247388309373126|-0.0574127443228688|0.2259691182734831,2|-1|0|1,-0.006861121384498028|-0.006863073018811878|-0.00686342416021588|-0.006862290954199938,-0.07985960590350072|-0.012473883093731264|-0.0574127443228688|-0.024030881726516906,0,109,109,108,0.05763916298747063,-0.011445345357060432,0.05876452195192767,0.003453268902376294,-0.19601912698164445,5.473471151511139,0.12407958816079656,1,33,3,1,0
9,15,15,payload,14,6,25345240,10,125000.0,4,-27,0.22166429650172048,continuous,-2355.586513653702,-749.8064750571821,-0.0574127443228688,-0.00686342416021588,0.09649931743410894,0|1|2|3,0|0|0|0,0.4201403940964993|-0.26247388309373126|-0.0574127443228688|0.2259691182734831,2|-1|0|1,-0.006861121384498028|-0.006863073018811878|-0.00686342416021588|-0.006862290954199938,-0.07985960590350072|-0.012473883093731264|-0.0574127443228688|-0.024030881726516906,0,932,-92,931,-0.0063984752632677555,-0.05578429996967316,0.056150054397134164,0.003152828896418214,-1.6849975433024096,4.4110342580586,0.1345162724063087,1,33,3,1,0
9,15,15,payload,15,7,25349336,10,125000.0,4,-27,0.22166429650172048,continuous,-2523.8397590966447,-803.3631464641786,-0.0574127443228688,-0.00686342416021588,0.08963589327389307,0|1|2|3,0|0|0|0,0.4201403940964993|-0.26247388309373126|-0.0574127443228688|0.2259691182734831,2|-1|0|1,-0.006861121384498028|-0.006863073018811878|-0.00686342416021588|-0.006862290954199938,-0.07985960590350072|-0.012473883093731264|-0.0574127443228688|-0.024030881726516906,0,468,468,467,0.0013248014729470015,0.048583678901195526,0.0486017381841143,0.0023621285799890757,1.5435346354360595,5.088972865164941,0.12793838966475235,1,33,3,1,0
9,15,15,payload,16,8,25353432,10,125000.0,4,-27,0.22166429650172048,continuous,-2692.0930045395876,-856.9198178711753,-0.0574127443228688,-0.00686342416021588,0.0827724691136772,0|1|2|3,0|0|0|0,0.4201403940964993|-0.26247388309373126|-0.0574127443228688|0.2259691182734831,2|-1|0|1,-0.006861121384498028|-0.006863073018811878|-0.00686342416021588|-0.006862290954199938,-0.07985960590350072|-0.012473883093731264|-0.0574127443228688|-0.024030881726516906,0,89,89,88,0.023934178054332733,-0.046036139130592346,0.051886134806783966,0.0026921709068119526,-1.091355936011753,4.9541686998557175,0.12707430888841031,1,33,3,1,0
9,15,15,payload,17,9,25357528,10,125000.0,4,-27,0.22166429650172048,continuous,-2860.3462499825305,-910.4764892781718,-0.0574127443228688,-0.00686342416021588,0.07590904495346132,0|1|2|3,0|0|0|0,0.4201403940964993|-0.26247388309373126|-0.0574127443228688|0.2259691182734831,2|-1|0|1,-0.006861121384498028|-0.006863073018811878|-0.00686342416021588|-0.006862290954199938,-0.07985960590350072|-0.012473883093731264|-0.0574127443228688|-0.024030881726516906,0,713,-311,712,-0.043141983449459076,0.015551569871604443,0.04585937266715274,0.0021030819043517113,2.795617384900656,3.7897177755587714,0.11609589819937582,1,33,3,1,0
9,15,15,payload,18,10,25361624,10,125000.0,4,-27,0.22166429650172048,continuous,-3028.5994954254734,-964.0331606851684,-0.0574127443228688,-0.00686342416021588,0.06904562079324544,0|1|2|3,0|0|0|0,0.4201403940964993|-0.26247388309373126|-0.0574127443228688|0.2259691182734831,2|-1|0|1,-0.006861121384498028|-0.006863073018811878|-0.00686342416021588|-0.006862290954199938,-0.07985960590350072|-0.012473883093731264|-0.0574127443228688|-0.024030881726516906,0,865,-159,864,-0.04683926701545715,-0.02146647870540619,0.05152403946271051,0.00265472661703825,-2.711857169277834,4.915713496960565,0.1247882058951717,1,33,3,1,0
9,15,15,payload,19,11,25365720,10,125000.0,4,-27,0.22166429650172048,continuous,-3196.8527408684163,-1017.5898320921649,-0.0574127443228688,-0.00686342416021588,0.06218219663302956,0|1|2|3,0|0|0|0,0.4201403940964993|-0.26247388309373126|-0.0574127443228688|0.2259691182734831,2|-1|0|1,-0.006861121384498028|-0.006863073018811878|-0.00686342416021588|-0.006862290954199938,-0.07985960590350072|-0.012473883093731264|-0.0574127443228688|-0.024030881726516906,0,92,92,91,0.01834067516028881,-0.06944750994443893,0.0718285249940313,0.005159336607903242,-1.312597276861284,4.409157425894414,0.3396916891217927,1,33,3,1,0
9,15,15,payload,20,12,25369816,10,125000.0,4,-27,0.22166429650172048,continuous,-3365.105986311359,-1071.1465034991613,-0.0574127443228688,-0.00686342416021588,0.05531877247281368,0|1|2|3,0|0|0|0,0.4201403940964993|-0.26247388309373126|-0.0574127443228688|0.2259691182734831,2|-1|0|1,-0.006861121384498028|-0.006863073018811878|-0.00686342416021588|-0.006862290954199938,-0.07985960590350072|-0.012473883093731264|-0.0574127443228688|-0.024030881726516906,0,645,-379,644,-0.011942432262003422,0.0510375052690506,0.05241611042819667,0.0027474488597363234,1.8006540214907494,1.4092889013896703,0.2722571392947657,1,33,3,1,0
9,15,15,payload,21,13,25373912,10,125000.0,4,-27,0.22166429650172048,continuous,-3533.359231754302,-1124.703174906158,-0.0574127443228688,-0.00686342416021588,0.0484553483125978,0|1|2|3,0|0|0|0,0.4201403940964993|-0.26247388309373126|-0.0574127443228688|0.2259691182734831,2|-1|0|1,-0.006861121384498028|-0.006863073018811878|-0.00686342416021588|-0.006862290954199938,-0.07985960590350072|-0.012473883093731264|-0.0574127443228688|-0.024030881726516906,0,426,426,425,0.04937049001455307,0.006530302576720715,0.0498005033711569,0.002480090130120516,0.13150797821571014,3.577670507645045,0.11889128684757111,1,33,3,1,0
9,15,15,payload,22,14,25378008,10,125000.0,4,-27,0.22166429650172048,continuous,-3701.612477197245,-1178.2598463131546,-0.0574127443228688,-0.00686342416021588,0.041591924152381915,0|1|2|3,0|0|0|0,0.4201403940964993|-0.26247388309373126|-0.0574127443228688|0.2259691182734831,2|-1|0|1,-0.006861121384498028|-0.006863073018811878|-0.00686342416021588|-0.006862290954199938,-0.07985960590350072|-0.012473883093731264|-0.0574127443228688|-0.024030881726516906,0,765,-259,764,-0.03706436976790428,0.03623640164732933,0.05183477896777904,0.002686844440177083,2.36748949970354,3.97899798461373,0.12536522037544984,1,33,3,1,0
9,15,15,payload,23,15,25382104,10,125000.0,4,-27,0.22166429650172048,continuous,-3869.865722640188,-1231.816517720151,-0.0574127443228688,-0.00686342416021588,0.03472849999216603,0|1|2|3,0|0|0|0,0.4201403940964993|-0.26247388309373126|-0.0574127443228688|0.2259691182734831,2|-1|0|1,-0.006861121384498028|-0.006863073018811878|-0.00686342416021588|-0.006862290954199938,-0.07985960590350072|-0.012473883093731264|-0.0574127443228688|-0.024030881726516906,0,1023,-1,1022,-0.032214317470788956,-0.027881521731615067,0.04260447751327672,0.0018151417607441545,-2.4281680517241155,2.9722625159366034,0.12357697423012581,1,33,3,1,0
9,15,15,payload,24,16,25386200,10,125000.0,4,-27,0.22166429650172048,continuous,-4038.1189680831308,-1285.3731891271477,-0.0574127443228688,-0.00686342416021588,0.02786507583195015,0|1|2|3,0|0|0|0,0.4201403940964993|-0.26247388309373126|-0.0574127443228688|0.2259691182734831,2|-1|0|1,-0.006861121384498028|-0.006863073018811878|-0.00686342416021588|-0.006862290954199938,-0.07985960590350072|-0.012473883093731264|-0.0574127443228688|-0.024030881726516906,0,597,-427,596,0.03950529173016548,0.03321381285786629,0.051612260551567056,0.002663825172930956,0.6990955171570563,5.352121350230775,0.11943395754096287,1,33,3,1,0
9,15,15,payload,25,17,25390296,10,125000.0,4,-27,0.22166429650172048,continuous,-4206.372213526074,-1338.9298605341444,-0.0574127443228688,-0.00686342416021588,0.02100165167173427,0|1|2|3,0|0|0|0,0.4201403940964993|-0.26247388309373126|-0.0574127443228688|0.2259691182734831,2|-1|0|1,-0.006861121384498028|-0.006863073018811878|-0.00686342416021588|-0.006862290954199938,-0.07985960590350072|-0.012473883093731264|-0.0574127443228688|-0.024030881726516906,0,562,-462,561,0.038528818637132645,0.008842076174914837,0.03953039560459845,0.0015626519452780485,0.22558636366196103,2.724529963016282,0.12744626088694133,1,33,3,1,0
9,15,15,payload,26,18,25394392,10,125000.0,4,-27,0.22166429650172048,continuous,-4374.625458969017,-1392.4865319411408,-0.0574127443228688,-0.00686342416021588,0.014138227511518388,0|1|2|3,0|0|0|0,0.4201403940964993|-0.26247388309373126|-0.0574127443228688|0.2259691182734831,2|-1|0|1,-0.006861121384498028|-0.006863073018811878|-0.00686342416021588|-0.006862290954199938,-0.07985960590350072|-0.012473883093731264|-0.0574127443228688|-0.024030881726516906,0,827,-197,826,0.0012215747265145183,0.0497598871588707,0.04977487935571521,0.0024775387719273567,1.546251869766873,4.864777260259887,0.1209065253822601,1,33,3,1,0
9,15,15,payload,27,19,25398488,10,125000.0,4,-27,0.22166429650172048,continuous,-4542.87870441196,-1446.0432033481375,-0.0574127443228688,-0.00686342416021588,0.007274803351302508,0|1|2|3,0|0|0|0,0.4201403940964993|-0.26247388309373126|-0.0574127443228688|0.2259691182734831,2|-1|0|1,-0.006861121384498028|-0.006863073018811878|-0.00686342416021588|-0.006862290954199938,-0.07985960590350072|-0.012473883093731264|-0.0574127443228688|-0.024030881726516906,0,890,-134,889,-0.013219439424574375,0.04298941045999527,0.04497602684095097,0.00202284287661314,1.8691237324004029,3.012781050010287,0.12349209021036245,1,33,3,1,0
9,15,15,payload,28,20,25402584,10,125000.0,4,-27,0.22166429650172048,continuous,-4711.131949854903,-1499.599874755134,-0.0574127443228688,-0.00686342416021588,0.00041137919108662734,0|1|2|3,0|0|0|0,0.4201403940964993|-0.26247388309373126|-0.0574127443228688|0.2259691182734831,2|-1|0|1,-0.006861121384498028|-0.006863073018811878|-0.00686342416021588|-0.006862290954199938,-0.07985960590350072|-0.012473883093731264|-0.0574127443228688|-0.024030881726516906,0,174,174,173,-0.0287331435829401,-0.02699461206793785,0.03942464484121966,0.001554302521981299,-2.387381244769472,1.1293651953017538,0.12251450936696706,1,33,3,1,0
9,15,15,payload,29,21,25406680,10,125000.0,4,-27,0.22166429650172048,continuous,-4879.385195297846,-1553.1565461621306,-0.0574127443228688,-0.00686342416021588,-0.006452044969129253,0|1|2|3,0|0|0|0,0.4201403940964993|-0.26247388309373126|-0.0574127443228688|0.2259691182734831,2|-1|0|1,-0.006861121384498028|-0.006863073018811878|-0.00686342416021588|-0.006862290954199938,-0.07985960590350072|-0.012473883093731264|-0.0574127443228688|-0.024030881726516906,0,267,267,266,-0.04774053767323494,-0.03244905546307564,0.05772434614419918,0.0033321005757898092,-2.5446238598105015,6.0152667849101285,0.12192701798841199,1,33,3,1,0
9,15,15,payload,30,22,25410776,10,125000.0,4,-27,0.22166429650172048,continuous,-5047.638440740789,-1606.7132175691272,-0.0574127443228688,-0.00686342416021588,-0.013315469129345133,0|1|2|3,0|0|0|0,0.4201403940964993|-0.26247388309373126|-0.0574127443228688|0.2259691182734831,2|-1|0|1,-0.006861121384498028|-0.006863073018811878|-0.00686342416021588|-0.006862290954199938,-0.07985960590350072|-0.012473883093731264|-0.0574127443228688|-0.024030881726516906,0,917,-107,916,0.024846520274877548,0.05175422132015228,0.05740948522870769,0.0032958488445729017,1.1232057799934374,6.175019765276019,0.1268187126215956,1,33,3,1,0
9,15,15,payload,31,23,25414872,10,125000.0,4,-27,0.22166429650172048,continuous,-5215.8916861837315,-1660.2698889761236,-0.0574127443228688,-0.00686342416021588,-0.020178893289561014,0|1|2|3,0|0|0|0,0.4201403940964993|-0.26247388309373126|-0.0574127443228688|0.2259691182734831,2|-1|0|1,-0.006861121384498028|-0.006863073018811878|-0.00686342416021588|-0.006862290954199938,-0.07985960590350072|-0.012473883093731264|-0.0574127443228688|-0.024030881726516906,0,656,-368,655,0.060534119606018066,-0.01420366670936346,0.06217816163627211,0.0038661241997033358,-0.23046984799657888,3.763761338131528,0.1962141656994305,1,33,3,1,0
9,15,15,payload,32,24,25418968,10,125000.0,4,-27,0.22166429650172048,continuous,-5384.144931626674,-1713.8265603831203,-0.0574127443228688,-0.00686342416021588,-0.027042317449776893,0|1|2|3,0|0|0|0,0.4201403940964993|-0.26247388309373126|-0.0574127443228688|0.2259691182734831,2|-1|0|1,-0.006861121384498028|-0.006863073018811878|-0.00686342416021588|-0.006862290954199938,-0.07985960590350072|-0.012473883093731264|-0.0574127443228688|-0.024030881726516906,0,889,-135,888,0.046355146914720535,0.04071982577443123,0.061700112289892625,0.0038069039583206177,0.72077025741477,2.275108165763266,0.3343708230537459,1,33,3,1,0
9,15,15,payload,33,25,25423064,10,125000.0,4,-27,0.22166429650172048,continuous,-5552.398177069617,-1767.3832317901167,-0.0574127443228688,-0.00686342416021588,-0.033905741609992775,0|1|2|3,0|0|0|0,0.4201403940964993|-0.26247388309373126|-0.0574127443228688|0.2259691182734831,2|-1|0|1,-0.006861121384498028|-0.006863073018811878|-0.00686342416021588|-0.006862290954199938,-0.07985960590350072|-0.012473883093731264|-0.0574127443228688|-0.024030881726516906,0,66,66,65,0.020593861117959023,0.04958321154117584,0.053689868527337425,0.0028826019261032343,1.1771366688953622,3.8607180431834025,0.19578594187227338,1,33,3,1,0
9,15,15,payload,34,26,25427160,10,125000.0,4,-27,0.22166429650172048,continuous,-5720.65142251256,-1820.9399031971134,-0.0574127443228688,-0.00686342416021588,-0.04076916577020866,0|1|2|3,0|0|0|0,0.4201403940964993|-0.26247388309373126|-0.0574127443228688|0.2259691182734831,2|-1|0|1,-0.006861121384498028|-0.006863073018811878|-0.00686342416021588|-0.006862290954199938,-0.07985960590350072|-0.012473883093731264|-0.0574127443228688|-0.024030881726516906,0,586,-438,585,-0.01299626100808382,-0.03889262676239014,0.04100657528578588,0.0016815393464639783,-1.8932884033121162,2.4730046041186924,0.12948630018730967,1,33,3,1,0
9,15,15,payload,35,27,25431256,10,125000.0,4,-27,0.22166429650172048,continuous,-5888.904667955503,-1874.4965746041098,-0.0574127443228688,-0.00686342416021588,-0.04763258993042454,0|1|2|3,0|0|0|0,0.4201403940964993|-0.26247388309373126|-0.0574127443228688|0.2259691182734831,2|-1|0|1,-0.006861121384498028|-0.006863073018811878|-0.00686342416021588|-0.006862290954199938,-0.07985960590350072|-0.012473883093731264|-0.0574127443228688|-0.024030881726516906,0,425,425,424,-0.04985776171088219,-0.010446437634527683,0.050940401078821376,0.002594924531877041,-2.9350556300552477,4.475996065819422,0.13386393310632627,1,33,3,1,0
9,15,15,payload,36,28,25435352,10,125000.0,4,-27,0.22166429650172048,continuous,-6057.157913398446,-1928.0532460111065,-0.0574127443228688,-0.00686342416021588,-0.05449601409064042,0|1|2|3,0|0|0|0,0.4201403940964993|-0.26247388309373126|-0.0574127443228688|0.2259691182734831,2|-1|0|1,-0.006861121384498028|-0.006863073018811878|-0.00686342416021588|-0.006862290954199938,-0.07985960590350072|-0.012473883093731264|-0.0574127443228688|-0.024030881726516906,0,860,-164,859,0.0489044226706028,-0.016591796651482582,0.05164233024243888,0.002666930202394724,-0.3270838796525974,2.883838368794334,0.1203628890972368,1,33,3,1,0
9,15,15,payload,37,29,25439448,10,125000.0,4,-27,0.22166429650172048,continuous,-6225.411158841389,-1981.609917418103,-0.0574127443228688,-0.00686342416021588,-0.0613594382508563,0|1|2|3,0|0|0|0,0.4201403940964993|-0.26247388309373126|-0.0574127443228688|0.2259691182734831,2|-1|0|1,-0.006861121384498028|-0.006863073018811878|-0.00686342416021588|-0.006862290954199938,-0.07985960590350072|-0.012473883093731264|-0.0574127443228688|-0.024030881726516906,0,553,-471,552,-0.06870022416114807,-0.00018845972954295576,0.0687004826537751,0.004719755612313747,-3.138849441917476,6.729877873037021,0.11924893636253131,1,33,3,1,0
9,15,15,payload,38,30,25443544,10,125000.0,4,-27,0.22166429650172048,continuous,-6393.664404284332,-2035.1665888250996,-0.0574127443228688,-0.00686342416021588,-0.06822286241107219,0|1|2|3,0|0|0|0,0.4201403940964993|-0.26247388309373126|-0.0574127443228688|0.2259691182734831,2|-1|0|1,-0.006861121384498028|-0.006863073018811878|-0.00686342416021588|-0.006862290954199938,-0.07985960590350072|-0.012473883093731264|-0.0574127443228688|-0.024030881726516906,0,629,-395,628,-0.04934930056333542,-0.020670931786298752,0.053503653024856476,0.0028626411221921444,-2.744925775003666,5.2339467906753505,0.12354931053955909,1,33,3,1,0
9,15,15,payload,39,31,25447640,10,125000.0,4,-27,0.22166429650172048,continuous,-6561.917649727275,-2088.723260232096,-0.0574127443228688,-0.00686342416021588,-0.07508628657128806,0|1|2|3,0|0|0|0,0.4201403940964993|-0.26247388309373126|-0.0574127443228688|0.2259691182734831,2|-1|0|1,-0.006861121384498028|-0.006863073018811878|-0.00686342416021588|-0.006862290954199938,-0.07985960590350072|-0.012473883093731264|-0.0574127443228688|-0.024030881726516906,0,759,-265,758,-0.03208228200674057,-0.05637424439191818,0.06486392101561352,0.004207327961921692,-2.088181269584531,6.22200263010552,0.11974297551097379,1,33,3,1,0
9,15,15,payload,40,32,25451736,10,125000.0,4,-27,0.22166429650172048,continuous,-6730.170895170218,-2142.2799316390924,-0.0574127443228688,-0.00686342416021588,-0.08194971073150394,0|1|2|3,0|0|0|0,0.4201403940964993|-0.26247388309373126|-0.0574127443228688|0.2259691182734831,2|-1|0|1,-0.006861121384498028|-0.006863073018811878|-0.00686342416021588|-0.006862290954199938,-0.07985960590350072|-0.012473883093731264|-0.0574127443228688|-0.024030881726516906,0,494,494,493,-0.04209883138537407,0.04900961369276047,0.06460846568622235,0.00417425436899066,2.2804871944954925,7.597996007451457,0.12303143749818446,1,33,3,1,0
9,15,15,payload,41,33,25455832,10,125000.0,4,-27,0.22166429650172048,continuous,-6898.4241406131605,-2195.8366030460893,-0.0574127443228688,-0.00686342416021588,-0.08881313489171981,0|1|2|3,0|0|0|0,0.4201403940964993|-0.26247388309373126|-0.0574127443228688|0.2259691182734831,2|-1|0|1,-0.006861121384498028|-0.006863073018811878|-0.00686342416021588|-0.006862290954199938,-0.07985960590350072|-0.012473883093731264|-0.0574127443228688|-0.024030881726516906,0,303,303,302,0.030123474076390266,0.04569005221128464,0.05472663484539199,0.002995004877448082,0.9879107321454818,6.073724426996616,0.12947771378409456,1,33,3,1,0
9,15,15,payload,42,34,25459928,10,125000.0,4,-27,0.22166429650172048,continuous,-7066.677386056103,-2249.3932744530857,-0.0574127443228688,-0.00686342416021588,-0.09567655905193569,0|1|2|3,0|0|0|0,0.4201403940964993|-0.26247388309373126|-0.0574127443228688|0.2259691182734831,2|-1|0|1,-0.006861121384498028|-0.006863073018811878|-0.00686342416021588|-0.006862290954199938,-0.07985960590350072|-0.012473883093731264|-0.0574127443228688|-0.024030881726516906,0,1022,-2,1021,0.014691130258142948,-0.04889371618628502,0.05105315652108803,0.0026064247358590364,-1.2789077322201432,5.217924718580692,0.1208521529820672,1,33,3,1,0
9,15,15,payload,43,35,25464024,10,125000.0,4,-27,0.22166429650172048,continuous,-7234.930631499046,-2302.949945860082,-0.0574127443228688,-0.00686342416021588,-0.10253998321215156,0|1|2|3,0|0|0|0,0.4201403940964993|-0.26247388309373126|-0.0574127443228688|0.2259691182734831,2|-1|0|1,-0.006861121384498028|-0.006863073018811878|-0.00686342416021588|-0.006862290954199938,-0.07985960590350072|-0.012473883093731264|-0.0574127443228688|-0.024030881726516906,0,720,-304,719,-0.03785121813416481,0.0313904769718647,0.049173943900823074,0.002418076852336526,2.4492322033757463,4.399914525140341,0.12883299185109331,1,33,3,1,0
9,15,15,payload,44,36,25468120,10,125000.0,4,-27,0.22166429650172048,continuous,-7403.183876941989,-2356.506617267079,-0.0574127443228688,-0.00686342416021588,-0.10940340737236744,0|1|2|3,0|0|0|0,0.4201403940964993|-0.26247388309373126|-0.0574127443228688|0.2259691182734831,2|-1|0|1,-0.006861121384498028|-0.006863073018811878|-0.00686342416021588|-0.006862290954199938,-0.07985960590350072|-0.012473883093731264|-0.0574127443228688|-0.024030881726516906,0,314,314,313,0.06244044750928879,-0.0157561544328928,0.06439771647871853,0.004147065803408623,-0.2471787753674534,3.4676794791614314,0.30016047176148675,1,33,3,1,0
9,15,15,payload,45,37,25472216,10,125000.0,4,-27,0.22166429650172048,continuous,-7571.437122384932,-2410.0632886740755,-0.0574127443228688,-0.00686342416021588,-0.11626683153258331,0|1|2|3,0|0|0|0,0.4201403940964993|-0.26247388309373126|-0.0574127443228688|0.2259691182734831,2|-1|0|1,-0.006861121384498028|-0.006863073018811878|-0.00686342416021588|-0.006862290954199938,-0.07985960590350072|-0.012473883093731264|-0.0574127443228688|-0.024030881726516906,0,602,-422,601,0.01018325425684452,0.06520044803619385,0.0659908864266874,0.004354797303676605,1.4158642000321324,4.213089836728209,0.2731278729751807,1,33,3,1,0
9,15,15,payload,46,38,25476312,10,125000.0,4,-27,0.22166429650172048,continuous,-7739.690367827875,-2463.619960081072,-0.0574127443228688,-0.00686342416021588,-0.12313025569279919,0|1|2|3,0|0|0|0,0.4201403940964993|-0.26247388309373126|-0.0574127443228688|0.2259691182734831,2|-1|0|1,-0.006861121384498028|-0.006863073018811878|-0.00686342416021588|-0.006862290954199938,-0.07985960590350072|-0.012473883093731264|-0.0574127443228688|-0.024030881726516906,0,7,7,6,-0.04635853320360184,-0.02582814358174801,0.05306794325832541,0.0028162063099443913,-2.6332850255297053,5.398897208671211,0.12643816436860789,1,33,3,1,0
9,15,15,payload,47,39,25480408,10,125000.0,4,-27,0.22166429650172048,continuous,-7907.943613270818,-2517.1766314880683,-0.0574127443228688,-0.00686342416021588,-0.12999367985301508,0|1|2|3,0|0|0|0,0.4201403940964993|-0.26247388309373126|-0.0574127443228688|0.2259691182734831,2|-1|0|1,-0.006861121384498028|-0.006863073018811878|-0.00686342416021588|-0.006862290954199938,-0.07985960590350072|-0.012473883093731264|-0.0574127443228688|-0.024030881726516906,1,414,414,413,0.05187917873263359,-0.03375266492366791,0.061892580940060525,0.0038306915666908026,-0.5767978623847972,5.488806301203151,0.12012254821947366,1,33,3,1,0
9,15,15,payload,48,40,25484505,10,125000.0,4,-27,0.22166429650172048,continuous,-8076.2379361662615,-2570.7463782542955,-0.0574127443228688,-0.00686342416021588,0.11314289598676905,0|1|2|3,0|0|0|0,0.4201403940964993|-0.26247388309373126|-0.0574127443228688|0.2259691182734831,2|-1|0|1,-0.006861121384498028|-0.006863073018811878|-0.00686342416021588|-0.006862290954199938,-0.07985960590350072|-0.012473883093731264|-0.0574127443228688|-0.024030881726516906,0,807,-217,806,0.00680458452552557,0.05156874656677246,0.052015747548535995,0.002705638064071536,1.4396025251368842,5.091280587982129,0.12275675626241878,1,33,3,1,0
9,15,15,payload,49,41,25488601,10,125000.0,4,-27,0.22166429650172048,continuous,-8244.491181609204,-2624.303049661292,-0.0574127443228688,-0.00686342416021588,0.10627947182655317,0|1|2|3,0|0|0|0,0.4201403940964993|-0.26247388309373126|-0.0574127443228688|0.2259691182734831,2|-1|0|1,-0.006861121384498028|-0.006863073018811878|-0.00686342416021588|-0.006862290954199938,-0.07985960590350072|-0.012473883093731264|-0.0574127443228688|-0.024030881726516906,0,195,195,194,-0.0461055226624012,-0.01565813086926937,0.048691850265648734,0.0023708962835371494,-2.814199219358817,4.250197425160064,0.12605668308017925,1,33,3,1,0
9,15,15,payload,50,42,25492697,10,125000.0,4,-27,0.22166429650172048,continuous,-8412.744427052148,-2677.8597210682888,-0.0574127443228688,-0.00686342416021588,0.0994160476663373,0|1|2|3,0|0|0|0,0.4201403940964993|-0.26247388309373126|-0.0574127443228688|0.2259691182734831,2|-1|0|1,-0.006861121384498028|-0.006863073018811878|-0.00686342416021588|-0.006862290954199938,-0.07985960590350072|-0.012473883093731264|-0.0574127443228688|-0.024030881726516906,0,826,-198,825,0.0316351056098938,0.04430285468697548,0.054438247954580604,0.0029635229147970676,0.9506931889267644,6.912733334959814,0.11887792895074867,1,33,3,1,0
9,15,15,payload,51,43,25496793,10,125000.0,4,-27,0.22166429650172048,continuous,-8580.99767249509,-2731.4163924752847,-0.0574127443228688,-0.00686342416021588,0.09255262350612142,0|1|2|3,0|0|0|0,0.4201403940964993|-0.26247388309373126|-0.0574127443228688|0.2259691182734831,2|-1|0|1,-0.006861121384498028|-0.006863073018811878|-0.00686342416021588|-0.006862290954199938,-0.07985960590350072|-0.012473883093731264|-0.0574127443228688|-0.024030881726516906,0,928,-96,927,0.011539959348738194,0.04953562840819359,0.05086205996187301,0.002586949383839965,1.3419158112514964,4.193981850717485,0.12086647092676728,1,33,3,1,0
9,15,15,payload,52,44,25500889,10,125000.0,4,-27,0.22166429650172048,continuous,-8749.250917938034,-2784.9730638822816,-0.0574127443228688,-0.00686342416021588,0.08568919934590555,0|1|2|3,0|0|0|0,0.4201403940964993|-0.26247388309373126|-0.0574127443228688|0.2259691182734831,2|-1|0|1,-0.006861121384498028|-0.006863073018811878|-0.00686342416021588|-0.006862290954199938,-0.07985960590350072|-0.012473883093731264|-0.0574127443228688|-0.024030881726516906,0,761,-263,760,0.07041891664266586,-0.02379927597939968,0.0743318865512665,0.005525229498744011,-0.32591511742994694,7.162707262472077,0.12857548710009326,1,33,3,1,0
9,15,15,payload,53,45,25504985,10,125000.0,4,-27,0.22166429650172048,continuous,-8917.504163380976,-2838.529735289278,-0.0574127443228688,-0.00686342416021588,0.07882577518568967,0|1|2|3,0|0|0|0,0.4201403940964993|-0.26247388309373126|-0.0574127443228688|0.2259691182734831,2|-1|0|1,-0.006861121384498028|-0.006863073018811878|-0.00686342416021588|-0.006862290954199938,-0.07985960590350072|-0.012473883093731264|-0.0574127443228688|-0.024030881726516906,0,590,-434,589,-0.009026436135172844,-0.054505132138729095,0.05524749748868878,0.0030522854067385197,-1.7349138845816234,5.239360569610053,0.13539465710256593,1,33,3,1,0
9,15,15,payload,54,46,25509081,10,125000.0,4,-27,0.22166429650172048,continuous,-9085.75740882392,-2892.086406696275,-0.0574127443228688,-0.00686342416021588,0.0719623510254738,0|1|2|3,0|0|0|0,0.4201403940964993|-0.26247388309373126|-0.0574127443228688|0.2259691182734831,2|-1|0|1,-0.006861121384498028|-0.006863073018811878|-0.00686342416021588|-0.006862290954199938,-0.07985960590350072|-0.012473883093731264|-0.0574127443228688|-0.024030881726516906,0,383,383,382,-0.05318235605955124,0.019027750939130783,0.05648378795589473,0.003190418239682913,2.7980009657727427,5.803746207326411,0.12283115804328304,1,33,3,1,0
9,15,15,payload,55,47,25513177,10,125000.0,4,-27,0.22166429650172048,continuous,-9254.010654266862,-2945.6430781032714,-0.0574127443228688,-0.00686342416021588,0.06509892686525792,0|1|2|3,0|0|0|0,0.4201403940964993|-0.26247388309373126|-0.0574127443228688|0.2259691182734831,2|-1|0|1,-0.006861121384498028|-0.006863073018811878|-0.00686342416021588|-0.006862290954199938,-0.07985960590350072|-0.012473883093731264|-0.0574127443228688|-0.024030881726516906,0,267,267,266,-0.018902529031038284,0.06671281158924103,0.0693390570595737,0.0048079052940011024,1.8469011963217916,6.9634920588011875,0.131731389920688,1,33,3,1,0
9,15,15,payload,56,48,25517273,10,125000.0,4,-27,0.22166429650172048,continuous,-9422.263899709806,-2999.199749510268,-0.0574127443228688,-0.00686342416021588,0.05823550270504204,0|1|2|3,0|0|0|0,0.4201403940964993|-0.26247388309373126|-0.0574127443228688|0.2259691182734831,2|-1|0|1,-0.006861121384498028|-0.006863073018811878|-0.00686342416021588|-0.006862290954199938,-0.07985960590350072|-0.012473883093731264|-0.0574127443228688|-0.024030881726516906,0,314,314,313,0.003750074189156294,0.048204455524683,0.04835010433137986,0.002337732585147023,1.4931575226672544,2.5674930682650494,0.2005011891938011,1,33,3,1,0
10,16,16,header,0,0,26788262,10,125000.0,4,-27,0.21397355880248173,continuous,-0.0,-0.0,-0.13888029222698384,-0.006865395335554008,0.11111970777301616,0|1|2|3,0|1|1|1,0.24664656262604845|-0.3974780095588607|-0.13888029222698384|0.11509584867629719,1|-2|-1|0,-0.006865941186197004|-0.006865486891805707|-0.006865395335554008|-0.006865099473959283,-0.003353437373951551|0.1025219904411393|0.11111970777301616|0.11509584867629719,0,337,337,84,-0.04384482279419899,-0.013364313170313835,0.045836375864251475,0.0021009736228734255,-2.8457294468399197,2.613285284793005,0.11925084444118283,1,33,3,1,0
10,16,16,header,1,1,26792358,10,125000.0,4,-27,0.21397355880248173,continuous,-168.30156777305615,-53.572052882395035,-0.13888029222698384,-0.006865395335554008,0.10425431243746215,0|1|2|3,0|1|1|1,0.24664656262604845|-0.3974780095588607|-0.13888029222698384|0.11509584867629719,1|-2|-1|0,-0.006865941186197004|-0.006865486891805707|-0.006865395335554008|-0.006865099473959283,-0.003353437373951551|0.1025219904411393|0.11111970777301616|0.11509584867629719,0,689,-335,172,0.03531316667795181,-0.06119999662041664,0.07065733739084579,0.0049924589693546295,-1.0474508706660302,6.798538720442981,0.12042203324969591,1,33,3,1,0
10,16,16,header,2,2,26796454,10,125000.0,4,-27,0.21397355880248173,continuous,-336.6031355461123,-107.14410576479007,-0.13888029222698384,-0.006865395335554008,0.09738891710190814,0|1|2|3,0|1|1|1,0.24664656262604845|-0.3974780095588607|-0.13888029222698384|0.11509584867629719,1|-2|-1|0,-0.006865941186197004|-0.006865486891805707|-0.006865395335554008|-0.006865099473959283,-0.003353437373951551|0.1025219904411393|0.11111970777301616|0.11509584867629719,0,57,57,14,0.02034994401037693,0.051907915621995926,0.055754389293092656,0.003108552424237132,1.1971713853766648,4.4682267320542275,0.16237098452932486,1,33,3,1,0
10,16,16,header,3,3,26800550,10,125000.0,4,-27,0.21397355880248173,continuous,-504.90470331916845,-160.71615864718513,-0.13888029222698384,-0.006865395335554008,0.09052352176635413,0|1|2|3,0|1|1|1,0.24664656262604845|-0.3974780095588607|-0.13888029222698384|0.11509584867629719,1|-2|-1|0,-0.006865941186197004|-0.006865486891805707|-0.006865395335554008|-0.006865099473959283,-0.003353437373951551|0.1025219904411393|0.11111970777301616|0.11509584867629719,0,81,81,20,-0.0032661480363458395,0.07606866955757141,0.07613875630225593,0.005797110497951508,1.6137068068426126,5.027397948025837,0.2911105121273039,1,33,3,1,0
10,16,16,header,4,4,26804646,10,125000.0,4,-27,0.21397355880248173,continuous,-673.2062710922246,-214.28821152958014,-0.13888029222698384,-0.006865395335554008,0.08365812643080012,0|1|2|3,0|1|1|1,0.24664656262604845|-0.3974780095588607|-0.13888029222698384|0.11509584867629719,1|-2|-1|0,-0.006865941186197004|-0.006865486891805707|-0.006865395335554008|-0.006865099473959283,-0.003353437373951551|0.1025219904411393|0.11111970777301616|0.11509584867629719,0,689,-335,172,0.029765257611870766,-0.060131702572107315,0.0670953963765131,0.004501792602241039,-1.1111558462957212,3.9459380278408664,0.21098365686467346,1,33,3,1,0
10,16,16,header,5,5,26808742,10,125000.0,4,-27,0.21397355880248173,continuous,-841.5078388652807,-267.8602644119752,-0.13888029222698384,-0.006865395335554008,0.0767927310952461,0|1|2|3,0|1|1|1,0.24664656262604845|-0.3974780095588607|-0.13888029222698384|0.11509584867629719,1|-2|-1|0,-0.006865941186197004|-0.006865486891805707|-0.006865395335554008|-0.006865099473959283,-0.003353437373951551|0.1025219904411393|0.11111970777301616|0.11509584867629719,0,57,57,14,0.026728665456175804,0.05141478404402733,0.05794740352562945,0.0033579012379050255,1.091384550495911,5.996944607772308,0.11723273921097643,1,33,3,1,0
10,16,16,header,6,6,26812838,10,125000.0,4,-27,0.21397355880248173,continuous,-1009.8094066383369,-321.43231729437025,-0.13888029222698384,-0.006865395335554008,0.0699273357596921,0|1|2|3,0|1|1|1,0.24664656262604845|-0.3974780095588607|-0.13888029222698384|0.11509584867629719,1|-2|-1|0,-0.006865941186197004|-0.006865486891805707|-0.006865395335554008|-0.006865099473959283,-0.003353437373951551|0.1025219904411393|0.11111970777301616|0.11509584867629719,0,729,-295,182,0.026638593524694443,-0.06173618882894516,0.06723817127270094,0.0045209722593426704,-1.163440838584373,7.8468844417922865,0.1207558369918047,1,33,3,1,0
10,16,16,header,7,7,26816934,10,125000.0,4,-27,0.21397355880248173,continuous,-1178.110974411393,-375.00437017676524,-0.13888029222698384,-0.006865395335554008,0.06306194042413808,0|1|2|3,0|1|1|1,0.24664656262604845|-0.3974780095588607|-0.13888029222698384|0.11509584867629719,1|-2|-1|0,-0.006865941186197004|-0.006865486891805707|-0.006865395335554008|-0.006865099473959283,-0.003353437373951551|0.1025219904411393|0.11111970777301616|0.11509584867629719,0,409,409,102,-0.05309632420539856,-0.012022215873003006,0.05444036479141078,0.0029637531843036413,-2.9189244282691402,5.1655750738758455,0.12386786310597842,1,33,3,1,0
10,16,16,payload,8,0,26821030,10,125000.0,4,-27,0.21397355880248173,continuous,-1346.4125421844492,-428.5764230591603,-0.13888029222698384,-0.006865395335554008,0.05619654508858407,0|1|2|3,0|1|1|1,0.24664656262604845|-0.3974780095588607|-0.13888029222698384|0.11509584867629719,1|-2|-1|0,-0.006865941186197004|-0.006865486891805707|-0.006865395335554008|-0.006865099473959283,-0.003353437373951551|0.1025219904411393|0.11111970777301616|0.11509584867629719,0,803,-221,802,0.042973604053258896,-0.0525430291891098,0.06787857218367159,0.004607500974088907,-0.8852509265248563,7.331935871611814,0.12670140430238064,1,33,3,1,0
10,16,16,payload,9,1,26825126,10,125000.0,4,-27,0.21397355880248173,continuous,-1514.7141099575053,-482.1484759415553,-0.13888029222698384,-0.006865395335554008,0.04933114975303006,0|1|2|3,0|1|1|1,0.24664656262604845|-0.3974780095588607|-0.13888029222698384|0.11509584867629719,1|-2|-1|0,-0.006865941186197004|-0.006865486891805707|-0.006865395335554008|-0.006865099473959283,-0.003353437373951551|0.1025219904411393|0.11111970777301616|0.11509584867629719,0,711,-313,710,-0.003633141051977873,-0.06487643718719482,0.06497808719874418,0.004222152754664421,-1.6267388287229023,6.013176270512616,0.12195944327400632,1,33,3,1,0
10,16,16,payload,10,2,26829222,10,125000.0,4,-27,0.21397355880248173,continuous,-1683.0156777305615,-535.7205288239504,-0.13888029222698384,-0.006865395335554008,0.04246575441747605,0|1|2|3,0|1|1|1,0.24664656262604845|-0.3974780095588607|-0.13888029222698384|0.11509584867629719,1|-2|-1|0,-0.006865941186197004|-0.006865486891805707|-0.006865395335554008|-0.006865099473959283,-0.003353437373951551|0.1025219904411393|0.11111970777301616|0.11509584867629719,0,922,-102,921,0.058046501129865646,-0.015466372482478619,0.06007166529393259,0.003608604660257697,-0.26039820470771724,4.748950199426072,0.12140055338482014,1,33,3,1,0
10,16,16,payload,11,3,26833318,10,125000.0,4,-27,0.21397355880248173,continuous,-1851.3172455036176,-589.2925817063455,-0.13888029222698384,-0.006865395335554008,0.03560035908192204,0|1|2|3,0|1|1|1,0.24664656262604845|-0.3974780095588607|-0.13888029222698384|0.11509584867629719,1|-2|-1|0,-0.006865941186197004|-0.006865486891805707|-0.006865395335554008|-0.006865099473959283,-0.003353437373951551|0.1025219904411393|0.11111970777301616|0.11509584867629719,0,718,-306,717,-0.023817995563149452,-0.05386917293071747,0.05889978527028558,0.003469184273853898,-1.9870990208334052,5.576082750798436,0.1278019988818926,1,33,3,1,0
10,16,16,payload,12,4,26837414,10,125000.0,4,-27,0.21397355880248173,continuous,-2019.6188132766738,-642.8646345887405,-0.13888029222698384,-0.006865395335554008,0.02873496374636803,0|1|2|3,0|1|1|1,0.24664656262604845|-0.3974780095588607|-0.13888029222698384|0.11509584867629719,1|-2|-1|0,-0.006865941186197004|-0.006865486891805707|-0.006865395335554008|-0.006865099473959283,-0.003353437373951551|0.1025219904411393|0.11111970777301616|0.11509584867629719,0,756,-268,755,-0.01774020679295063,-0.06738639622926712,0.06968243203149871,0.004855641629546881,-1.828216421471737,6.7916448651876795,0.12824262966847044,1,33,3,1,0
10,16,16,payload,13,5,26841510,10,125000.0,4,-27,0.21397355880248173,continuous,-2187.92038104973,-696.4366874711355,-0.13888029222698384,-0.006865395335554008,0.02186956841081402,0|1|2|3,0|1|1|1,0.24664656262604845|-0.3974780095588607|-0.13888029222698384|0.11509584867629719,1|-2|-1|0,-0.006865941186197004|-0.006865486891805707|-0.006865395335554008|-0.006865099473959283,-0.003353437373951551|0.1025219904411393|0.11111970777301616|0.11509584867629719,0,109,109,108,0.05639863386750221,0.03518754988908768,0.06647533053184167,0.0044189696200191975,0.5578135570130672,7.122829990141603,0.11990224251226067,1,33,3,1,0
10,16,16,payload,14,6,26845606,10,125000.0,4,-27,0.21397355880248173,continuous,-2356.221948822786,-750.0087403535305,-0.13888029222698384,-0.006865395335554008,0.015004173075260013,0|1|2|3,0|1|1|1,0.24664656262604845|-0.3974780095588607|-0.13888029222698384|0.11509584867629719,1|-2|-1|0,-0.006865941186197004|-0.006865486891805707|-0.006865395335554008|-0.006865099473959283,-0.003353437373951551|0.1025219904411393|0.11111970777301616|0.11509584867629719,0,932,-92,931,0.038969095796346664,-0.061035022139549255,0.07241453137844718,0.0052438643760979176,-1.0025685450815711,8.29371666099072,0.12818445793332245,1,33,3,1,0
10,16,16,payload,15,7,26849702,10,125000.0,4,-27,0.21397355880248173,continuous,-2524.523516595842,-803.5807932359255,-0.13888029222698384,-0.006865395335554008,0.008138777739706005,0|1|2|3,0|1|1|1,0.24664656262604845|-0.3974780095588607|-0.13888029222698384|0.11509584867629719,1|-2|-1|0,-0.006865941186197004|-0.006865486891805707|-0.006865395335554008|-0.006865099473959283,-0.003353437373951551|0.1025219904411393|0.11111970777301616|0.11509584867629719,0,468,468,467,-0.046389225870370865,0.0556657612323761,0.07246128104327297,0.005250637885183096,2.265546174982061,4.96585340252612,0.23305206724354832,1,33,3,1,0
10,16,16,payload,16,8,26853798,10,125000.0,4,-27,0.21397355880248173,continuous,-2692.8250843688984,-857.1528461183206,-0.13888029222698384,-0.006865395335554008,0.0012733824041519966,0|1|2|3,0|1|1|1,0.24664656262604845|-0.3974780095588607|-0.13888029222698384|0.11509584867629719,1|-2|-1|0,-0.006865941186197004|-0.006865486891805707|-0.006865395335554008|-0.006865099473959283,-0.003353437373951551|0.1025219904411393|0.11111970777301616|0.11509584867629719,0,89,89,88,0.06774580478668213,-0.02906504087150097,0.07371750583855415,0.005434270482510328,-0.40527986183719883,3.872932905232383,0.27865095151781816,1,33,3,1,0
10,16,16,payload,17,9,26857894,10,125000.0,4,-27,0.21397355880248173,continuous,-2861.1266521419548,-910.7248990007157,-0.13888029222698384,-0.006865395335554008,-0.0055920129314020114,0|1|2|3,0|1|1|1,0.24664656262604845|-0.3974780095588607|-0.13888029222698384|0.11509584867629719,1|-2|-1|0,-0.006865941186197004|-0.006865486891805707|-0.006865395335554008|-0.006865099473959283,-0.003353437373951551|0.1025219904411393|0.11111970777301616|0.11509584867629719,0,713,-311,712,-0.07305476069450378,-0.032443735748529434,0.07993493635108258,0.006389593239873648,-2.7236546573753597,8.67731067066795,0.129667508951826,1,33,3,1,0
10,16,16,payload,18,10,26861990,10,125000.0,4,-27,0.21397355880248173,continuous,-3029.4282199150107,-964.2969518831106,-0.13888029222698384,-0.006865395335554008,-0.01245740826695602,0|1|2|3,0|1|1|1,0.24664656262604845|-0.3974780095588607|-0.13888029222698384|0.11509584867629719,1|-2|-1|0,-0.006865941186197004|-0.006865486891805707|-0.006865395335554008|-0.006865099473959283,-0.003353437373951551|0.1025219904411393|0.11111970777301616|0.11509584867629719,0,865,-159,864,-0.021916590631008148,-0.06904524564743042,0.07244020217670022,0.00524758268147707,-1.8781604463013735,7.188985838806859,0.12605763358127442,1,33,3,1,0
10,16,16,payload,19,11,26866086,10,125000.0,4,-27,0.21397355880248173,continuous,-3197.7297876880666,-1017.8690047655057,-0.13888029222698384,-0.006865395335554008,-0.019322803602510027,0|1|2|3,0|1|1|1,0.24664656262604845|-0.3974780095588607|-0.13888029222698384|0.11509584867629719,1|-2|-1|0,-0.006865941186197004|-0.006865486891805707|-0.006865395335554008|-0.006865099473959283,-0.003353437373951551|0.1025219904411393|0.11111970777301616|0.11509584867629719,0,92,92,91,0.05980285257101059,-0.05572918802499771,0.08174425712889913,0.006682123988866806,-0.7501527235966434,8.761048732121173,0.12989831474641456,1,33,3,1,0
10,16,16,payload,20,12,26870182,10,125000.0,4,-27,0.21397355880248173,continuous,-3366.031355461123,-1071.4410576479008,-0.13888029222698384,-0.006865395335554008,-0.026188198938064036,0|1|2|3,0|1|1|1,0.24664656262604845|-0.3974780095588607|-0.13888029222698384|0.11509584867629719,1|-2|-1|0,-0.006865941186197004|-0.006865486891805707|-0.006865395335554008|-0.006865099473959283,-0.003353437373951551|0.1025219904411393|0.11111970777301616|0.11509584867629719,0,645,-379,644,-0.040779877454042435,0.04291856661438942,0.05920305537217231,0.003505001775920391,2.3306477324065735,4.906544480470282,0.12095706695921749,1,33,3,1,0
10,16,16,payload,21,13,26874278,10,125000.0,4,-27,0.21397355880248173,continuous,-3534.3329232341794,-1125.0131105302958,-0.13888029222698384,-0.006865395335554008,-0.033053594273618044,0|1|2|3,0|1|1|1,0.24664656262604845|-0.3974780095588607|-0.13888029222698384|0.11509584867629719,1|-2|-1|0,-0.006865941186197004|-0.006865486891805707|-0.006865395335554008|-0.006865099473959283,-0.003353437373951551|0.1025219904411393|0.11111970777301616|0.11509584867629719,0,426,426,425,0.03758101910352707,0.0511833019554615,0.0634985306595642,0.004032062832266092,0.9374557206871365,7.004226558951312,0.12886350731588436,1,33,3,1,0
10,16,16,payload,22,14,26878374,10,125000.0,4,-27,0.21397355880248173,continuous,-3702.6344910072353,-1178.585163412691,-0.13888029222698384,-0.006865395335554008,-0.03991898960917205,0|1|2|3,0|1|1|1,0.24664656262604845|-0.3974780095588607|-0.13888029222698384|0.11509584867629719,1|-2|-1|0,-0.006865941186197004|-0.006865486891805707|-0.006865395335554008|-0.006865099473959283,-0.003353437373951551|0.1025219904411393|0.11111970777301616|0.11509584867629719,0,765,-259,764,-0.062103912234306335,0.01610468700528145,0.06415806152265283,0.004116257652640343,2.8878631445579868,7.565406294057775,0.12852016334603178,1,33,3,1,0
10,16,16,payload,23,15,26882470,10,125000.0,4,-27,0.21397355880248173,continuous,-3870.936058780291,-1232.1572162950858,-0.13888029222698384,-0.006865395335554008,-0.04678438494472606,0|1|2|3,0|1|1|1,0.24664656262604845|-0.3974780095588607|-0.13888029222698384|0.11509584867629719,1|-2|-1|0,-0.006865941186197004|-0.006865486891805707|-0.006865395335554008|-0.006865099473959283,-0.003353437373951551|0.1025219904411393|0.11111970777301616|0.11509584867629719,0,1023,-1,1022,-0.043809834867715836,-0.06572451442480087,0.07898742575570107,0.006239012349396944,-2.15873037447269,8.173336951428785,0.12336238277283584,1,33,3,1,0
10,16,16,payload,24,16,26886566,10,125000.0,4,-27,0.21397355880248173,continuous,-4039.2376265533476,-1285.729269177481,-0.13888029222698384,-0.006865395335554008,-0.05364978028028007,0|1|2|3,0|1|1|1,0.24664656262604845|-0.3974780095588607|-0.13888029222698384|0.11509584867629719,1|-2|-1|0,-0.006865941186197004|-0.006865486891805707|-0.006865395335554008|-0.006865099473959283,-0.003353437373951551|0.1025219904411393|0.11111970777301616|0.11509584867629719,0,597,-427,596,0.009325467981398106,0.06461464613676071,0.06528412401534456,0.004262017086148262,1.4274616876228794,7.379692943952021,0.1337122883683577,1,33,3,1,0
10,16,16,payload,25,17,26890662,10,125000.0,4,-27,0.21397355880248173,continuous,-4207.539194326404,-1339.301322059876,-0.13888029222698384,-0.006865395335554008,-0.06051517561583408,0|1|2|3,0|1|1|1,0.24664656262604845|-0.3974780095588607|-0.13888029222698384|0.11509584867629719,1|-2|-1|0,-0.006865941186197004|-0.006865486891805707|-0.006865395335554008|-0.006865099473959283,-0.003353437373951551|0.1025219904411393|0.11111970777301616|0.11509584867629719,0,562,-462,561,0.031224122270941734,0.05420564115047455,0.06255555406296662,0.003913197200745344,1.0481876709194262,6.45349025680067,0.12682919718943708,1,33,3,1,0
10,16,16,payload,26,18,26894758,10,125000.0,4,-27,0.21397355880248173,continuous,-4375.84076209946,-1392.873374942271,-0.13888029222698384,-0.006865395335554008,-0.0673805709513881,0|1|2|3,0|1|1|1,0.24664656262604845|-0.3974780095588607|-0.13888029222698384|0.11509584867629719,1|-2|-1|0,-0.006865941186197004|-0.006865486891805707|-0.006865395335554008|-0.006865099473959283,-0.003353437373951551|0.1025219904411393|0.11111970777301616|0.11509584867629719,0,827,-197,826,-0.041580766439437866,0.05760560929775238,0.07104481937661872,0.00504736602306366,2.1960156694185735,8.5604205804391,0.12202143368251228,1,33,3,1,0
10,16,16,payload,27,19,26898854,10,125000.0,4,-27,0.21397355880248173,continuous,-4544.142329872516,-1446.445427824666,-0.13888029222698384,-0.006865395335554008,-0.0742459662869421,0|1|2|3,0|1|1|1,0.24664656262604845|-0.3974780095588607|-0.13888029222698384|0.11509584867629719,1|-2|-1|0,-0.006865941186197004|-0.006865486891805707|-0.006865395335554008|-0.006865099473959283,-0.003353437373951551|0.1025219904411393|0.11111970777301616|0.11509584867629719,0,890,-134,889,-0.04490306228399277,0.04525189474225044,0.06374965866766541,0.004064018838107586,2.352325255166627,5.688085077037961,0.16090318566826767,1,33,3,1,0
10,16,16,payload,28,20,26902950,10,125000.0,4,-27,0.21397355880248173,continuous,-4712.443897645572,-1500.017480707061,-0.13888029222698384,-0.006865395335554008,-0.08111136162249612,0|1|2|3,0|1|1|1,0.24664656262604845|-0.3974780095588607|-0.13888029222698384|0.11509584867629719,1|-2|-1|0,-0.006865941186197004|-0.006865486891805707|-0.006865395335554008|-0.006865099473959283,-0.003353437373951551|0.1025219904411393|0.11111970777301616|0.11509584867629719,0,174,174,173,-0.03688795864582062,-0.05488010123372078,0.0661252372735192,0.004372546914964914,-2.162589230930017,3.682463573813102,0.2879221702241068,1,33,3,1,0
10,16,16,payload,29,21,26907046,10,125000.0,4,-27,0.21397355880248173,continuous,-4880.745465418629,-1553.589533589456,-0.13888029222698384,-0.006865395335554008,-0.08797675695805013,0|1|2|3,0|1|1|1,0.24664656262604845|-0.3974780095588607|-0.13888029222698384|0.11509584867629719,1|-2|-1|0,-0.006865941186197004|-0.006865486891805707|-0.006865395335554008|-0.006865099473959283,-0.003353437373951551|0.1025219904411393|0.11111970777301616|0.11509584867629719,0,267,267,266,-0.02221568115055561,-0.07274174690246582,0.07605851846706947,0.0057848975993692875,-1.8672042790316192,5.724386265067198,0.217920154931722,1,33,3,1,0
10,16,16,payload,30,22,26911142,10,125000.0,4,-27,0.21397355880248173,continuous,-5049.047033191684,-1607.161586471851,-0.13888029222698384,-0.006865395335554008,-0.09484215229360414,0|1|2|3,0|1|1|1,0.24664656262604845|-0.3974780095588607|-0.13888029222698384|0.11509584867629719,1|-2|-1|0,-0.006865941186197004|-0.006865486891805707|-0.006865395335554008|-0.006865099473959283,-0.003353437373951551|0.1025219904411393|0.11111970777301616|0.11509584867629719,0,917,-107,916,-0.019598746672272682,0.06398601830005646,0.06692026157315197,0.004478320945054293,1.8680204298016523,6.127952932531533,0.12530418688749023,1,33,3,1,0
10,16,16,payload,31,23,26915238,10,125000.0,4,-27,0.21397355880248173,continuous,-5217.34860096474,-1660.7336393542462,-0.13888029222698384,-0.006865395335554008,-0.10170754762915815,0|1|2|3,0|1|1|1,0.24664656262604845|-0.3974780095588607|-0.13888029222698384|0.11509584867629719,1|-2|-1|0,-0.006865941186197004|-0.006865486891805707|-0.006865395335554008|-0.006865099473959283,-0.003353437373951551|0.1025219904411393|0.11111970777301616|0.11509584867629719,0,656,-368,655,0.07362089306116104,-0.006921084597706795,0.07394550227790413,0.005467936862260103,-0.09373430019095658,7.637772248463159,0.13136514859783865,1,33,3,1,0
10,16,16,payload,32,24,26919334,10,125000.0,4,-27,0.21397355880248173,continuous,-5385.650168737797,-1714.305692236641,-0.13888029222698384,-0.006865395335554008,-0.10857294296471216,0|1|2|3,0|1|1|1,0.24664656262604845|-0.3974780095588607|-0.13888029222698384|0.11509584867629719,1|-2|-1|0,-0.006865941186197004|-0.006865486891805707|-0.006865395335554008|-0.006865099473959283,-0.003353437373951551|0.1025219904411393|0.11111970777301616|0.11509584867629719,0,889,-135,888,0.02824995666742325,0.0732930451631546,0.07854890528199303,0.006169931031763554,1.2029057030586907,9.092010195858526,0.12452308054417238,1,33,3,1,0
10,16,16,payload,33,25,26923430,10,125000.0,4,-27,0.21397355880248173,continuous,-5553.951736510853,-1767.8777451190363,-0.13888029222698384,-0.006865395335554008,-0.11543833830026617,0|1|2|3,0|1|1|1,0.24664656262604845|-0.3974780095588607|-0.13888029222698384|0.11509584867629719,1|-2|-1|0,-0.006865941186197004|-0.006865486891805707|-0.006865395335554008|-0.006865099473959283,-0.003353437373951551|0.1025219904411393|0.11111970777301616|0.11509584867629719,0,66,66,65,-0.04235874488949776,0.06057266145944595,0.07391421098066461,0.0054633100517094135,2.181055472705545,8.373993680892,0.12893885244253056,1,33,3,1,0
10,16,16,payload,34,26,26927526,10,125000.0,4,-27,0.21397355880248173,continuous,-5722.2533042839095,-1821.4497980014314,-0.13888029222698384,-0.006865395335554008,-0.12230373363582019,0|1|2|3,0|1|1|1,0.24664656262604845|-0.3974780095588607|-0.13888029222698384|0.11509584867629719,1|-2|-1|0,-0.006865941186197004|-0.006865486891805707|-0.006865395335554008|-0.006865099473959283,-0.003353437373951551|0.1025219904411393|0.11111970777301616|0.11509584867629719,0,586,-438,585,0.017788127064704895,-0.07595237344503403,0.078007566917601,0.006085180211812258,-1.3407416199434865,9.352919190877639,0.13892252412618689,1,33,3,1,0
10,16,16,payload,35,27,26931622,10,125000.0,4,-27,0.21397355880248173,continuous,-5890.554872056965,-1875.0218508838261,-0.13888029222698384,-0.006865395335554008,-0.1291691289713742,0|1|2|3,0|1|1|1,0.24664656262604845|-0.3974780095588607|-0.13888029222698384|0.11509584867629719,1|-2|-1|0,-0.006865941186197004|-0.006865486891805707|-0.006865395335554008|-0.006865099473959283,-0.003353437373951551|0.1025219904411393|0.11111970777301616|0.11509584867629719,1,425,425,424,-0.06581101566553116,-0.037017472088336945,0.07550750308902812,0.005701383575797081,-2.629217324368446,7.707575713421947,0.14072602115049904,1,33,3,1,0
10,16,16,payload,36,28,26935719,10,125000.0,4,-27,0.21397355880248173,continuous,-6058.897529079966,-1928.6069828806947,-0.13888029222698384,-0.006865395335554008,0.11396547569307179,0|1|2|3,0|1|1|1,0.24664656262604845|-0.3974780095588607|-0.13888029222698384|0.11509584867629719,1|-2|-1|0,-0.006865941186197004|-0.006865486891805707|-0.006865395335554008|-0.006865099473959283,-0.003353437373951551|0.1025219904411393|0.11111970777301616|0.11509584867629719,0,860,-164,859,0.08468807488679886,-0.019322164356708527,0.08686435438924132,0.00754541577771306,-0.22431713810314474,9.054861127898434,0.15167486366636496,1,33,3,1,0
10,16,16,payload,37,29,26939815,10,125000.0,4,-27,0.21397355880248173,continuous,-6227.199096853022,-1982.1790357630896,-0.13888029222698384,-0.006865395335554008,0.10710008035751778,0|1|2|3,0|1|1|1,0.24664656262604845|-0.3974780095588607|-0.13888029222698384|0.11509584867629719,1|-2|-1|0,-0.006865941186197004|-0.006865486891805707|-0.006865395335554008|-0.006865099473959283,-0.003353437373951551|0.1025219904411393|0.11111970777301616|0.11509584867629719,0,553,-471,552,-0.05397246778011322,-0.05260290578007698,0.07536639154678308,0.005680093076080084,-2.369044425148119,7.746635659740848,0.1516224216498614,1,33,3,1,0
10,16,16,payload,38,30,26943911,10,125000.0,4,-27,0.21397355880248173,continuous,-6395.500664626078,-2035.7510886454845,-0.13888029222698384,-0.006865395335554008,0.10023468502196377,0|1|2|3,0|1|1|1,0.24664656262604845|-0.3974780095588607|-0.13888029222698384|0.11509584867629719,1|-2|-1|0,-0.006865941186197004|-0.006865486891805707|-0.006865395335554008|-0.006865099473959283,-0.003353437373951551|0.1025219904411393|0.11111970777301616|0.11509584867629719,0,629,-395,628,-0.05265561491250992,-0.05050932988524437,0.07296441726808334,0.005323805846273899,-2.376995891849729,5.2268423965887525,0.1514459806082804,1,33,3,1,0
10,16,16,payload,39,31,26948007,10,125000.0,4,-27,0.21397355880248173,continuous,-6563.8022323991345,-2089.3231415278797,-0.13888029222698384,-0.006865395335554008,0.09336928968640976,0|1|2|3,0|1|1|1,0.24664656262604845|-0.3974780095588607|-0.13888029222698384|0.11509584867629719,1|-2|-1|0,-0.006865941186197004|-0.006865486891805707|-0.006865395335554008|-0.006865099473959283,-0.003353437373951551|0.1025219904411393|0.11111970777301616|0.11509584867629719,0,759,-265,758,-0.024727951735258102,-0.07529490441083908,0.07925146198814662,0.006280793808400631,-1.8881135780052103,6.707291740347622,0.13249531927140268,1,33,3,1,0
10,16,16,payload,40,32,26952103,10,125000.0,4,-27,0.21397355880248173,continuous,-6732.103800172191,-2142.8951944102746,-0.13888029222698384,-0.006865395335554008,0.08650389435085575,0|1|2|3,0|1|1|1,0.24664656262604845|-0.3974780095588607|-0.13888029222698384|0.11509584867629719,1|-2|-1|0,-0.006865941186197004|-0.006865486891805707|-0.006865395335554008|-0.006865099473959283,-0.003353437373951551|0.1025219904411393|0.11111970777301616|0.11509584867629719,0,494,494,493,-0.05002659186720848,0.04153710603713989,0.06502300417382184,0.0042279912158846855,2.4486468967490302,3.747760786905538,0.2427553458606937,1,33,3,1,0
10,16,16,payload,41,33,26956199,10,125000.0,4,-27,0.21397355880248173,continuous,-6900.405367945246,-2196.4672472926695,-0.13888029222698384,-0.006865395335554008,0.07963849901530173,0|1|2|3,0|1|1|1,0.24664656262604845|-0.3974780095588607|-0.13888029222698384|0.11509584867629719,1|-2|-1|0,-0.006865941186197004|-0.006865486891805707|-0.006865395335554008|-0.006865099473959283,-0.003353437373951551|0.1025219904411393|0.11111970777301616|0.11509584867629719,0,303,303,302,0.04377223551273346,0.05267057567834854,0.06848502131174995,0.004690198227763176,0.8774031348255088,4.751771861990994,0.28139292919917125,1,33,3,1,0
10,16,16,payload,42,34,26960295,10,125000.0,4,-27,0.21397355880248173,continuous,-7068.706935718303,-2250.039300175065,-0.13888029222698384,-0.006865395335554008,0.07277310367974772,0|1|2|3,0|1|1|1,0.24664656262604845|-0.3974780095588607|-0.13888029222698384|0.11509584867629719,1|-2|-1|0,-0.006865941186197004|-0.006865486891805707|-0.006865395335554008|-0.006865099473959283,-0.003353437373951551|0.1025219904411393|0.11111970777301616|0.11509584867629719,0,1022,-2,1021,0.011086730286478996,-0.07529263198375702,0.0761045072218893,0.0057918960228562355,-1.4245983716962296,8.86755614494189,0.12198232440271894,1,33,3,1,0
10,16,16,payload,43,35,26964391,10,125000.0,4,-27,0.21397355880248173,continuous,-7237.008503491359,-2303.61135305746,-0.13888029222698384,-0.006865395335554008,0.06590770834419371,0|1|2|3,0|1|1|1,0.24664656262604845|-0.3974780095588607|-0.13888029222698384|0.11509584867629719,1|-2|-1|0,-0.006865941186197004|-0.006865486891805707|-0.006865395335554008|-0.006865099473959283,-0.003353437373951551|0.1025219904411393|0.11111970777301616|0.11509584867629719,0,720,-304,719,-0.07248936593532562,0.025250248610973358,0.0767612091399133,0.005892283283174038,2.806406017058247,6.803760630682651,0.12366185424991727,1,33,3,1,0
10,16,16,payload,44,36,26968487,10,125000.0,4,-27,0.21397355880248173,continuous,-7405.3100712644155,-2357.1834059398548,-0.13888029222698384,-0.006865395335554008,0.0590423130086397,0|1|2|3,0|1|1|1,0.24664656262604845|-0.3974780095588607|-0.13888029222698384|0.11509584867629719,1|-2|-1|0,-0.006865941186197004|-0.006865486891805707|-0.006865395335554008|-0.006865099473959283,-0.003353437373951551|0.1025219904411393|0.11111970777301616|0.11509584867629719,0,314,314,313,0.08007263392210007,0.0018472621450200677,0.0800939391006278,0.006415039766579866,0.023065739745572727,8.786142773141156,0.12952635780096244,1,33,3,1,0
10,16,16,payload,45,37,26972583,10,125000.0,4,-27,0.21397355880248173,continuous,-7573.611639037471,-2410.7554588222497,-0.13888029222698384,-0.006865395335554008,0.05217691767308569,0|1|2|3,0|1|1|1,0.24664656262604845|-0.3974780095588607|-0.13888029222698384|0.11509584867629719,1|-2|-1|0,-0.006865941186197004|-0.006865486891805707|-0.006865395335554008|-0.006865099473959283,-0.003353437373951551|0.1025219904411393|0.11111970777301616|0.11509584867629719,0,602,-422,601,0.023813432082533836,0.06517502665519714,0.06938921852172072,0.004814863204956055,1.2204891528931263,6.923329398278994,0.1252650812186502,1,33,3,1,0
10,16,16,payload,46,38,26976679,10,125000.0,4,-27,0.21397355880248173,continuous,-7741.913206810527,-2464.327511704645,-0.13888029222698384,-0.006865395335554008,0.045311522337531676,0|1|2|3,0|1|1|1,0.24664656262604845|-0.3974780095588607|-0.13888029222698384|0.11509584867629719,1|-2|-1|0,-0.006865941186197004|-0.006865486891805707|-0.006865395335554008|-0.006865099473959283,-0.003353437373951551|0.1025219904411393|0.11111970777301616|0.11509584867629719,0,7,7,6,-0.05275849625468254,-0.04975193738937378,0.07251699249866558,0.005258714314550161,-2.385515380904244,8.69247546016787,0.12385164830491746,1,33,3,1,0
10,16,16,payload,47,39,26980775,10,125000.0,4,-27,0.21397355880248173,continuous,-7910.214774583584,-2517.89956458704,-0.13888029222698384,-0.006865395335554008,0.038446127001977665,0|1|2|3,0|1|1|1,0.24664656262604845|-0.3974780095588607|-0.13888029222698384|0.11509584867629719,1|-2|-1|0,-0.006865941186197004|-0.006865486891805707|-0.006865395335554008|-0.006865099473959283,-0.003353437373951551|0.1025219904411393|0.11111970777301616|0.11509584867629719,0,414,414,413,0.07238797843456268,-0.03835775703191757,0.0819227498706088,0.0067113363184034824,-0.4872736815002866,9.538565878655268,0.12405383737514342,1,33,3,1,0
10,16,16,payload,48,40,26984871,10,125000.0,4,-27,0.21397355880248173,continuous,-8078.51634235664,-2571.471617469435,-0.13888029222698384,-0.006865395335554008,0.03158073166642365,0|1|2|3,0|1|1|1,0.24664656262604845|-0.3974780095588607|-0.13888029222698384|0.11509584867629719,1|-2|-1|0,-0.006865941186197004|-0.006865486891805707|-0.006865395335554008|-0.006865099473959283,-0.003353437373951551|0.1025219904411393|0.11111970777301616|0.11509584867629719,0,807,-217,806,0.002587937517091632,0.07359248399734497,0.07363797336627242,0.005422550719231367,1.5356450261247199,7.462497284910942,0.1227834615610277,1,33,3,1,0
10,16,16,payload,49,41,26988967,10,125000.0,4,-27,0.21397355880248173,continuous,-8246.817910129696,-2625.04367035183,-0.13888029222698384,-0.006865395335554008,0.024715336330869645,0|1|2|3,0|1|1|1,0.24664656262604845|-0.3974780095588607|-0.13888029222698384|0.11509584867629719,1|-2|-1|0,-0.006865941186197004|-0.006865486891805707|-0.006865395335554008|-0.006865099473959283,-0.003353437373951551|0.1025219904411393|0.11111970777301616|0.11509584867629719,0,195,195,194,-0.06814821064472198,-0.027974527329206467,0.07366649708904258,0.005426752846688032,-2.752071384481417,7.884898686371714,0.13895875580898576,1,33,3,1,0
10,16,16,payload,50,42,26993063,10,125000.0,4,-27,0.21397355880248173,continuous,-8415.119477902752,-2678.6157232342252,-0.13888029222698384,-0.006865395335554008,0.017849940995315637,0|1|2|3,0|1|1|1,0.24664656262604845|-0.3974780095588607|-0.13888029222698384|0.11509584867629719,1|-2|-1|0,-0.006865941186197004|-0.006865486891805707|-0.006865395335554008|-0.006865099473959283,-0.003353437373951551|0.1025219904411393|0.11111970777301616|0.11509584867629719,0,826,-198,825,0.061450447887182236,0.0589316263794899,0.08514161223084214,0.007249094545841217,0.7644776563913547,7.734480406749379,0.1301920636963132,1,33,3,1,0
10,16,16,payload,51,43,26997159,10,125000.0,4,-27,0.21397355880248173,continuous,-8583.421045675808,-2732.18777611662,-0.13888029222698384,-0.006865395335554008,0.010984545659761629,0|1|2|3,0|1|1|1,0.24664656262604845|-0.3974780095588607|-0.13888029222698384|0.11509584867629719,1|-2|-1|0,-0.006865941186197004|-0.006865486891805707|-0.006865395335554008|-0.006865099473959283,-0.003353437373951551|0.1025219904411393|0.11111970777301616|0.11509584867629719,0,928,-96,927,0.031164467334747314,0.054203812032938004,0.06252421341496914,0.003909277264028788,1.0489998236925926,4.7966527189830845,0.12516208137826368,1,33,3,1,0
10,16,16,payload,52,44,27001255,10,125000.0,4,-27,0.21397355880248173,continuous,-8751.722613448865,-2785.759828999015,-0.13888029222698384,-0.006865395335554008,0.004119150324207621,0|1|2|3,0|1|1|1,0.24664656262604845|-0.3974780095588607|-0.13888029222698384|0.11509584867629719,1|-2|-1|0,-0.006865941186197004|-0.006865486891805707|-0.006865395335554008|-0.006865099473959283,-0.003353437373951551|0.1025219904411393|0.11111970777301616|0.11509584867629719,0,761,-263,760,0.06857356429100037,-0.03896690905094147,0.07887175489715127,0.006220752838999033,-0.5167464717471308,6.7004703774871714,0.1652245461323787,1,33,3,1,0
10,16,16,payload,53,45,27005351,10,125000.0,4,-27,0.21397355880248173,continuous,-8920.024181221921,-2839.3318818814105,-0.13888029222698384,-0.006865395335554008,-0.002746245011346387,0|1|2|3,0|1|1|1,0.24664656262604845|-0.3974780095588607|-0.13888029222698384|0.11509584867629719,1|-2|-1|0,-0.006865941186197004|-0.006865486891805707|-0.006865395335554008|-0.006865099473959283,-0.003353437373951551|0.1025219904411393|0.11111970777301616|0.11509584867629719,0,590,-434,589,-0.0288756862282753,-0.05965681001543999,0.06627775068884058,0.0043927403166890144,-2.0215865130318065,3.068620664593322,0.29245048004996477,1,33,3,1,0
10,16,16,payload,54,46,27009447,10,125000.0,4,-27,0.21397355880248173,continuous,-9088.325748994977,-2892.9039347638054,-0.13888029222698384,-0.006865395335554008,-0.009611640346900395,0|1|2|3,0|1|1|1,0.24664656262604845|-0.3974780095588607|-0.13888029222698384|0.11509584867629719,1|-2|-1|0,-0.006865941186197004|-0.006865486891805707|-0.006865395335554008|-0.006865099473959283,-0.003353437373951551|0.1025219904411393|0.11111970777301616|0.11509584867629719,0,383,383,382,-0.06677388399839401,0.030098220333456993,0.0732438014542685,0.005364655051380396,2.718116544683404,4.606206689728939,0.2253134816708382,1,33,3,1,0
10,16,16,payload,55,47,27013543,10,125000.0,4,-27,0.21397355880248173,continuous,-9256.627316768032,-2946.4759876462,-0.13888029222698384,-0.006865395335554008,-0.016477035682454403,0|1|2|3,0|1|1|1,0.24664656262604845|-0.3974780095588607|-0.13888029222698384|0.11509584867629719,1|-2|-1|0,-0.006865941186197004|-0.006865486891805707|-0.006865395335554008|-0.006865099473959283,-0.003353437373951551|0.1025219904411393|0.11111970777301616|0.11509584867629719,0,267,267,266,-0.003732253797352314,0.0711454451084137,0.07124327391468023,0.005075604654848576,1.62320777373043,7.48937615668572,0.12677387798512996,1,33,3,1,0
10,16,16,payload,56,48,27017639,10,125000.0,4,-27,0.21397355880248173,continuous,-9424.928884541088,-3000.0480405285953,-0.13888029222698384,-0.006865395335554008,-0.02334243101800841,0|1|2|3,0|1|1|1,0.24664656262604845|-0.3974780095588607|-0.13888029222698384|0.11509584867629719,1|-2|-1|0,-0.006865941186197004|-0.006865486891805707|-0.006865395335554008|-0.006865099473959283,-0.003353437373951551|0.1025219904411393|0.11111970777301616|0.11509584867629719,0,314,314,313,-0.004926271270960569,0.06817346066236496,0.06835121716047282,0.004671887960284948,1.6429317824500378,7.325390860443736,0.13366364518295626,1,33,3,1,0
11,17,17,header,0,0,28288624,10,125000.0,4,-28,0.20351518755105458,continuous,-0.0,-0.0,0.3673368612911647,-0.007124380975099689,0.11733686129116472,0|1|2|3,1|1|0|0,-0.09442617222417476|0.13007153206066668|0.3673368612911647|-0.3654711335626293,0|1|1|-1,-0.0068691842760461065|-0.0068685108912820625|-0.007124380975099689|-0.007124754368455367,-0.09442617222417476|-0.11992846793933332|0.11733686129116472|-0.11547113356262928,0,337,337,84,-0.025233933702111244,0.0793214812874794,0.08323850553513375,0.006928648799657822,1.8787950790843193,6.35253027106173,0.24273148698676295,1,33,3,1,0
11,17,17,header,1,1,28292720,10,125000.0,4,-28,0.20351518755105458,continuous,-174.65046496481972,-55.59296962489789,0.3673368612911647,-0.007124380975099689,0.11021248031606502,0|1|2|3,1|1|0|0,-0.09442617222417476|0.13007153206066668|0.3673368612911647|-0.3654711335626293,0|1|1|-1,-0.0068691842760461065|-0.0068685108912820625|-0.007124380975099689|-0.007124754368455367,-0.09442617222417476|-0.11992846793933332|0.11733686129116472|-0.11547113356262928,0,689,-335,172,-0.01756059192121029,0.08120138943195343,0.08307851728517447,0.00690204044803977,1.783776262474321,9.050614942556281,0.1368204912766835,1,33,3,1,0
11,17,17,header,2,2,28296816,10,125000.0,4,-28,0.20351518755105458,continuous,-349.30092992963944,-111.18593924979578,0.3673368612911647,-0.007124380975099689,0.10308809934096533,0|1|2|3,1|1|0|0,-0.09442617222417476|0.13007153206066668|0.3673368612911647|-0.3654711335626293,0|1|1|-1,-0.0068691842760461065|-0.0068685108912820625|-0.007124380975099689|-0.007124754368455367,-0.09442617222417476|-0.11992846793933332|0.11733686129116472|-0.11547113356262928,0,57,57,14,-0.015951594337821007,0.07885803282260895,0.08045522172345355,0.006473042536526918,1.770385562457615,8.398252271416204,0.12969420790453867,1,33,3,1,0
11,17,17,header,3,3,28300912,10,125000.0,4,-28,0.20351518755105458,continuous,-523.9513948944591,-166.77890887469366,0.3673368612911647,-0.007124380975099689,0.09596371836586563,0|1|2|3,1|1|0|0,-0.09442617222417476|0.13007153206066668|0.3673368612911647|-0.3654711335626293,0|1|1|-1,-0.0068691842760461065|-0.0068685108912820625|-0.007124380975099689|-0.007124754368455367,-0.09442617222417476|-0.11992846793933332|0.11733686129116472|-0.11547113356262928,0,81,81,20,-0.0025726116728037596,0.07756605744361877,0.07760870826244833,0.006023112218827009,1.6039508928757769,7.7411792588000425,0.12968276374181187,1,33,3,1,0
11,17,17,header,4,4,28305008,10,125000.0,4,-28,0.20351518755105458,continuous,-698.6018598592789,-222.37187849959156,0.3673368612911647,-0.007124380975099689,0.08883933739076594,0|1|2|3,1|1|0|0,-0.09442617222417476|0.13007153206066668|0.3673368612911647|-0.3654711335626293,0|1|1|-1,-0.0068691842760461065|-0.0068685108912820625|-0.007124380975099689|-0.007124754368455367,-0.09442617222417476|-0.11992846793933332|0.11733686129116472|-0.11547113356262928,0,689,-335,172,0.004948608111590147,0.08520343899726868,0.08534702536821878,0.007284115068614483,1.512781590953247,8.462521273709722,0.13285964644651926,1,33,3,1,0
11,17,17,header,5,5,28309104,10,125000.0,4,-28,0.20351518755105458,continuous,-873.2523248240987,-277.96484812448944,0.3673368612911647,-0.007124380975099689,0.08171495641566624,0|1|2|3,1|1|0|0,-0.09442617222417476|0.13007153206066668|0.3673368612911647|-0.3654711335626293,0|1|1|-1,-0.0068691842760461065|-0.0068685108912820625|-0.007124380975099689|-0.007124754368455367,-0.09442617222417476|-0.11992846793933332|0.11733686129116472|-0.11547113356262928,0,57,57,14,0.024361003190279007,0.06781911849975586,0.0720617187591353,0.005192891228944063,1.225944233720703,7.244220740285609,0.13556061015196974,1,33,3,1,0
11,17,17,header,6,6,28313200,10,125000.0,4,-28,0.20351518755105458,continuous,-1047.9027897889182,-333.5578177493873,0.3673368612911647,-0.007124380975099689,0.07459057544056655,0|1|2|3,1|1|0|0,-0.09442617222417476|0.13007153206066668|0.3673368612911647|-0.3654711335626293,0|1|1|-1,-0.0068691842760461065|-0.0068685108912820625|-0.007124380975099689|-0.007124754368455367,-0.09442617222417476|-0.11992846793933332|0.11733686129116472|-0.11547113356262928,0,729,-295,182,0.024385184049606323,0.07465501129627228,0.07853666604064445,0.006168007850646973,1.2550833790493814,8.510092131773586,0.1488766279313012,1,33,3,1,0
11,17,17,header,7,7,28317296,10,125000.0,4,-28,0.20351518755105458,continuous,-1222.553254753738,-389.1507873742852,0.3673368612911647,-0.007124380975099689,0.06746619446546685,0|1|2|3,1|1|0|0,-0.09442617222417476|0.13007153206066668|0.3673368612911647|-0.3654711335626293,0|1|1|-1,-0.0068691842760461065|-0.0068685108912820625|-0.007124380975099689|-0.007124754368455367,-0.09442617222417476|-0.11992846793933332|0.11733686129116472|-0.11547113356262928,0,409,409,102,0.05653403326869011,0.054875489324331284,0.07878715787620567,0.006207415834069252,0.7705123493326388,7.1915782471256975,0.18103931940274975,1,33,3,1,0
11,17,17,payload,8,0,28321392,10,125000.0,4,-28,0.20351518755105458,continuous,-1397.2037197185577,-444.7437569991831,0.3673368612911647,-0.007124380975099689,0.060341813490367165,0|1|2|3,1|1|0|0,-0.09442617222417476|0.13007153206066668|0.3673368612911647|-0.3654711335626293,0|1|1|-1,-0.0068691842760461065|-0.0068685108912820625|-0.007124380975099689|-0.007124754368455367,-0.09442617222417476|-0.11992846793933332|0.11733686129116472|-0.11547113356262928,0,803,-221,802,0.05195481702685356,0.0500800795853138,0.07216174459895768,0.00520731694996357,0.7670267376865374,6.943928761849275,0.1642813008021733,1,33,3,1,0
11,17,17,payload,9,1,28325488,10,125000.0,4,-28,0.20351518755105458,continuous,-1571.8541846833775,-500.336726624081,0.3673368612911647,-0.007124380975099689,0.05321743251526748,0|1|2|3,1|1|0|0,-0.09442617222417476|0.13007153206066668|0.3673368612911647|-0.3654711335626293,0|1|1|-1,-0.0068691842760461065|-0.0068685108912820625|-0.007124380975099689|-0.007124754368455367,-0.09442617222417476|-0.11992846793933332|0.11733686129116472|-0.11547113356262928,0,711,-313,710,0.058897726237773895,0.057660989463329315,0.08242409757995495,0.006793731823563576,0.7747881428672285,7.31779811389801,0.1661000624850999,1,33,3,1,0
11,17,17,payload,10,2,28329584,10,125000.0,4,-28,0.20351518755105458,continuous,-1746.5046496481973,-555.9296962489789,0.3673368612911647,-0.007124380975099689,0.04609305154016779,0|1|2|3,1|1|0|0,-0.09442617222417476|0.13007153206066668|0.3673368612911647|-0.3654711335626293,0|1|1|-1,-0.0068691842760461065|-0.0068685108912820625|-0.007124380975099689|-0.007124754368455367,-0.09442617222417476|-0.11992846793933332|0.11733686129116472|-0.11547113356262928,0,922,-102,921,0.05697271227836609,0.06671784073114395,0.08773346121167098,0.007697160355746746,0.8640221113634682,7.815742505371265,0.17356015664886826,1,33,3,1,0
11,17,17,payload,11,3,28333680,10,125000.0,4,-28,0.20351518755105458,continuous,-1921.1551146130168,-611.5226658738767,0.3673368612911647,-0.007124380975099689,0.0389686705650681,0|1|2|3,1|1|0|0,-0.09442617222417476|0.13007153206066668|0.3673368612911647|-0.3654711335626293,0|1|1|-1,-0.0068691842760461065|-0.0068685108912820625|-0.007124380975099689|-0.007124754368455367,-0.09442617222417476|-0.11992846793933332|0.11733686129116472|-0.11547113356262928,0,718,-306,717,0.06778386980295181,0.035237833857536316,0.07639605971799106,0.0058363573625683784,0.4794057312107009,6.766307468958774,0.20132997609381675,1,33,3,1,0
11,17,17,payload,12,4,28337776,10,125000.0,4,-28,0.20351518755105458,continuous,-2095.8055795778364,-667.1156354987746,0.3673368612911647,-0.007124380975099689,0.03184428958996841,0|1|2|3,1|1|0|0,-0.09442617222417476|0.13007153206066668|0.3673368612911647|-0.3654711335626293,0|1|1|-1,-0.0068691842760461065|-0.0068685108912820625|-0.007124380975099689|-0.007124754368455367,-0.09442617222417476|-0.11992846793933332|0.11733686129116472|-0.11547113356262928,0,756,-268,755,0.07036904245615005,0.021893659606575966,0.07369623102414441,0.005431134719401598,0.30163289201170723,4.770397898335532,0.26558387771529723,1,33,3,1,0
11,17,17,payload,13,5,28341872,10,125000.0,4,-28,0.20351518755105458,continuous,-2270.4560445426564,-722.7086051236726,0.3673368612911647,-0.007124380975099689,0.024719908614868724,0|1|2|3,1|1|0|0,-0.09442617222417476|0.13007153206066668|0.3673368612911647|-0.3654711335626293,0|1|1|-1,-0.0068691842760461065|-0.0068685108912820625|-0.007124380975099689|-0.007124754368455367,-0.09442617222417476|-0.11992846793933332|0.11733686129116472|-0.11547113356262928,0,109,109,108,0.0752514973282814,0.015439567156136036,0.07681906068234093,0.00590116810053587,0.20236450821149496,5.908737931456241,0.24179301432288725,1,33,3,1,0
11,17,17,payload,14,6,28345968,10,125000.0,4,-28,0.20351518755105458,continuous,-2445.106509507476,-778.3015747485704,0.3673368612911647,-0.007124380975099689,0.017595527639769036,0|1|2|3,1|1|0|0,-0.09442617222417476|0.13007153206066668|0.3673368612911647|-0.3654711335626293,0|1|1|-1,-0.0068691842760461065|-0.0068685108912820625|-0.007124380975099689|-0.007124754368455367,-0.09442617222417476|-0.11992846793933332|0.11733686129116472|-0.11547113356262928,0,932,-92,931,0.08449112623929977,-0.030605196952819824,0.08986338794918754,0.008075429126620293,-0.3475280781262446,7.903508281115048,0.19912590596393542,1,33,3,1,0
11,17,17,payload,15,7,28350064,10,125000.0,4,-28,0.20351518755105458,continuous,-2619.756974472296,-833.8945443734683,0.3673368612911647,-0.007124380975099689,0.010471146664669348,0|1|2|3,1|1|0|0,-0.09442617222417476|0.13007153206066668|0.3673368612911647|-0.3654711335626293,0|1|1|-1,-0.0068691842760461065|-0.0068685108912820625|-0.007124380975099689|-0.007124754368455367,-0.09442617222417476|-0.11992846793933332|0.11733686129116472|-0.11547113356262928,0,468,468,467,0.07413264364004135,-0.014831893146038055,0.07560181153488886,0.005715633276849985,-0.1974651381384665,8.864837340636907,0.13055446963731754,1,33,3,1,0
11,17,17,payload,16,8,28354160,10,125000.0,4,-28,0.20351518755105458,continuous,-2794.4074394371155,-889.4875139983662,0.3673368612911647,-0.007124380975099689,0.003346765689569659,0|1|2|3,1|1|0|0,-0.09442617222417476|0.13007153206066668|0.3673368612911647|-0.3654711335626293,0|1|1|-1,-0.0068691842760461065|-0.0068685108912820625|-0.007124380975099689|-0.007124754368455367,-0.09442617222417476|-0.11992846793933332|0.11733686129116472|-0.11547113356262928,0,89,89,88,0.061169181019067764,-0.04070156067609787,0.07347302735027023,0.0053982860408723354,-0.5871204950459982,7.7074198839646515,0.12329943121876141,1,33,3,1,0
11,17,17,payload,17,9,28358256,10,125000.0,4,-28,0.20351518755105458,continuous,-2969.057904401935,-945.0804836232641,0.3673368612911647,-0.007124380975099689,-0.00377761528553003,0|1|2|3,1|1|0|0,-0.09442617222417476|0.13007153206066668|0.3673368612911647|-0.3654711335626293,0|1|1|-1,-0.0068691842760461065|-0.0068685108912820625|-0.007124380975099689|-0.007124754368455367,-0.09442617222417476|-0.11992846793933332|0.11733686129116472|-0.11547113356262928,0,713,-311,712,0.06635317206382751,-0.0806577280163765,0.10444334603839378,0.010908412747085094,-0.882395504309322,11.599733208301641,0.13505227609343073,1,33,3,1,0
11,17,17,payload,18,10,28362352,10,125000.0,4,-28,0.20351518755105458,continuous,-3143.708369366755,-1000.673453248162,0.3673368612911647,-0.007124380975099689,-0.01090199626062972,0|1|2|3,1|1|0|0,-0.09442617222417476|0.13007153206066668|0.3673368612911647|-0.3654711335626293,0|1|1|-1,-0.0068691842760461065|-0.0068685108912820625|-0.007124380975099689|-0.007124754368455367,-0.09442617222417476|-0.11992846793933332|0.11733686129116472|-0.11547113356262928,0,865,-159,864,0.03443334624171257,-0.062194667756557465,0.07109030897914448,0.005053832195699215,-1.065164135229463,7.896721963647461,0.12256125209469815,1,33,3,1,0
11,17,17,payload,19,11,28366448,10,125000.0,4,-28,0.20351518755105458,continuous,-3318.3588343315746,-1056.2664228730598,0.3673368612911647,-0.007124380975099689,-0.018026377235729408,0|1|2|3,1|1|0|0,-0.09442617222417476|0.13007153206066668|0.3673368612911647|-0.3654711335626293,0|1|1|-1,-0.0068691842760461065|-0.0068685108912820625|-0.007124380975099689|-0.007124754368455367,-0.09442617222417476|-0.11992846793933332|0.11733686129116472|-0.11547113356262928,0,92,92,91,0.057248566299676895,-0.06389045715332031,0.0857868804574963,0.007359388750046492,-0.8401719849537861,8.714798688735119,0.1285230236461885,1,33,3,1,0
11,17,17,payload,20,12,28370544,10,125000.0,4,-28,0.20351518755105458,continuous,-3493.0092992963946,-1111.8593924979577,0.3673368612911647,-0.007124380975099689,-0.025150758210829096,0|1|2|3,1|1|0|0,-0.09442617222417476|0.13007153206066668|0.3673368612911647|-0.3654711335626293,0|1|1|-1,-0.0068691842760461065|-0.0068685108912820625|-0.007124380975099689|-0.007124754368455367,-0.09442617222417476|-0.11992846793933332|0.11733686129116472|-0.11547113356262928,0,645,-379,644,0.02984037436544895,-0.07960540801286697,0.08501452186047492,0.007227468769997358,-1.212154006862172,8.409348853722209,0.13008714730664117,1,33,3,1,0
11,17,17,payload,21,13,28374640,10,125000.0,4,-28,0.20351518755105458,continuous,-3667.659764261214,-1167.4523621228557,0.3673368612911647,-0.007124380975099689,-0.03227513918592879,0|1|2|3,1|1|0|0,-0.09442617222417476|0.13007153206066668|0.3673368612911647|-0.3654711335626293,0|1|1|-1,-0.0068691842760461065|-0.0068685108912820625|-0.007124380975099689|-0.007124754368455367,-0.09442617222417476|-0.11992846793933332|0.11733686129116472|-0.11547113356262928,0,426,426,425,0.014564448036253452,-0.07916299253702164,0.08049163021095591,0.006478902883827686,-1.3888504890373552,7.9678360075535934,0.12848487030797173,1,33,3,1,0
11,17,17,payload,22,14,28378736,10,125000.0,4,-28,0.20351518755105458,continuous,-3842.3102292260337,-1223.0453317477534,0.3673368612911647,-0.007124380975099689,-0.039399520161028476,0|1|2|3,1|1|0|0,-0.09442617222417476|0.13007153206066668|0.3673368612911647|-0.3654711335626293,0|1|1|-1,-0.0068691842760461065|-0.0068685108912820625|-0.007124380975099689|-0.007124754368455367,-0.09442617222417476|-0.11992846793933332|0.11733686129116472|-0.11547113356262928,0,765,-259,764,-0.004472075961530209,-0.06767722964286804,0.06782482492081489,0.004600206855684519,-1.6367798766934778,6.7506043235317295,0.12466041486601398,1,33,3,1,0
11,17,17,payload,23,15,28382832,10,125000.0,4,-28,0.20351518755105458,continuous,-4016.9606941908537,-1278.6383013726515,0.3673368612911647,-0.007124380975099689,-0.046523901136128164,0|1|2|3,1|1|0|0,-0.09442617222417476|0.13007153206066668|0.3673368612911647|-0.3654711335626293,0|1|1|-1,-0.0068691842760461065|-0.0068685108912820625|-0.007124380975099689|-0.007124754368455367,-0.09442617222417476|-0.11992846793933332|0.11733686129116472|-0.11547113356262928,0,1023,-1,1022,-0.028541378676891327,-0.06336267292499542,0.06949416246691267,0.0048294379375875,-1.9940199843257107,7.027286010952696,0.13368463428280108,1,33,3,1,0
11,17,17,payload,24,16,28386928,10,125000.0,4,-28,0.20351518755105458,continuous,-4191.611159155673,-1334.2312709975492,0.3673368612911647,-0.007124380975099689,-0.05364828211122785,0|1|2|3,1|1|0|0,-0.09442617222417476|0.13007153206066668|0.3673368612911647|-0.3654711335626293,0|1|1|-1,-0.0068691842760461065|-0.0068685108912820625|-0.007124380975099689|-0.007124754368455367,-0.09442617222417476|-0.11992846793933332|0.11733686129116472|-0.11547113356262928,0,597,-427,596,-0.05391412600874901,-0.04295651614665985,0.06893471739802459,0.004751995205879211,-2.468831613278507,3.5835048757907684,0.32827837963083084,1,33,3,1,0
11,17,17,payload,25,17,28391024,10,125000.0,4,-28,0.20351518755105458,continuous,-4366.261624120493,-1389.8242406224472,0.3673368612911647,-0.007124380975099689,-0.06077266308632754,0|1|2|3,1|1|0|0,-0.09442617222417476|0.13007153206066668|0.3673368612911647|-0.3654711335626293,0|1|1|-1,-0.0068691842760461065|-0.0068685108912820625|-0.007124380975099689|-0.007124754368455367,-0.09442617222417476|-0.11992846793933332|0.11733686129116472|-0.11547113356262928,0,562,-462,561,-0.058674201369285583,-0.051391955465078354,0.0779986858405196,0.00608379440382123,-2.422260645312836,5.165293116123698,0.24605810887179302,1,33,3,1,0
11,17,17,payload,26,18,28395120,10,125000.0,4,-28,0.20351518755105458,continuous,-4540.912089085313,-1445.417210247345,0.3673368612911647,-0.007124380975099689,-0.06789704406142723,0|1|2|3,1|1|0|0,-0.09442617222417476|0.13007153206066668|0.3673368612911647|-0.3654711335626293,0|1|1|-1,-0.0068691842760461065|-0.0068685108912820625|-0.007124380975099689|-0.007124754368455367,-0.09442617222417476|-0.11992846793933332|0.11733686129116472|-0.11547113356262928,0,827,-197,826,-0.07317847013473511,-0.0376843586564064,0.08231159929563385,0.006775199435651302,-2.6660447602616335,9.43730187900292,0.12787925940308753,1,33,3,1,0
11,17,17,payload,27,19,28399216,10,125000.0,4,-28,0.20351518755105458,continuous,-4715.562554050132,-1501.010179872243,0.3673368612911647,-0.007124380975099689,-0.07502142503652692,0|1|2|3,1|1|0|0,-0.09442617222417476|0.13007153206066668|0.3673368612911647|-0.3654711335626293,0|1|1|-1,-0.0068691842760461065|-0.0068685108912820625|-0.007124380975099689|-0.007124754368455367,-0.09442617222417476|-0.11992846793933332|0.11733686129116472|-0.11547113356262928,0,890,-134,889,-0.07555598020553589,-0.020686402916908264,0.07833666708802463,0.006136633921414614,-2.874352566046509,8.125167425198885,0.13088446814326815,1,33,3,1,0
11,17,17,payload,28,20,28403312,10,125000.0,4,-28,0.20351518755105458,continuous,-4890.213019014952,-1556.6031494971407,0.3673368612911647,-0.007124380975099689,-0.08214580601162662,0|1|2|3,1|1|0|0,-0.09442617222417476|0.13007153206066668|0.3673368612911647|-0.3654711335626293,0|1|1|-1,-0.0068691842760461065|-0.0068685108912820625|-0.007124380975099689|-0.007124754368455367,-0.09442617222417476|-0.11992846793933332|0.11733686129116472|-0.11547113356262928,0,174,174,173,-0.07677340507507324,0.008513768203556538,0.07724402873908877,0.005966638680547476,3.031149151799798,6.870446585953232,0.12778960383931803,1,33,3,1,0
11,17,17,payload,29,21,28407408,10,125000.0,4,-28,0.20351518755105458,continuous,-5064.863483979771,-1612.1961191220387,0.3673368612911647,-0.007124380975099689,-0.08927018698672631,0|1|2|3,1|1|0|0,-0.09442617222417476|0.13007153206066668|0.3673368612911647|-0.3654711335626293,0|1|1|-1,-0.0068691842760461065|-0.0068685108912820625|-0.007124380975099689|-0.007124754368455367,-0.09442617222417476|-0.11992846793933332|0.11733686129116472|-0.11547113356262928,0,267,267,266,-0.0771087184548378,0.024379819631576538,0.0808710706434362,0.006540130823850632,2.835363601187706,9.766378416838,0.12395847233489121,1,33,3,1,0
11,17,17,payload,30,22,28411504,10,125000.0,4,-28,0.20351518755105458,continuous,-5239.513948944592,-1667.7890887469366,0.3673368612911647,-0.007124380975099689,-0.09639456796182601,0|1|2|3,1|1|0|0,-0.09442617222417476|0.13007153206066668|0.3673368612911647|-0.3654711335626293,0|1|1|-1,-0.0068691842760461065|-0.0068685108912820625|-0.007124380975099689|-0.007124754368455367,-0.09442617222417476|-0.11992846793933332|0.11733686129116472|-0.11547113356262928,0,917,-107,916,-0.06974601745605469,0.03879213333129883,0.07980812339213064,0.006369336508214474,2.6340084185184987,9.195530376993519,0.12410819973914755,1,33,3,1,0
11,17,17,payload,31,23,28415600,10,125000.0,4,-28,0.20351518755105458,continuous,-5414.164413909411,-1723.3820583718345,0.3673368612911647,-0.007124380975099689,-0.1035189489369257,0|1|2|3,1|1|0|0,-0.09442617222417476|0.13007153206066668|0.3673368612911647|-0.3654711335626293,0|1|1|-1,-0.0068691842760461065|-0.0068685108912820625|-0.007124380975099689|-0.007124754368455367,-0.09442617222417476|-0.11992846793933332|0.11733686129116472|-0.11547113356262928,0,656,-368,655,-0.05996664986014366,0.05392751097679138,0.08064846889805796,0.006504175253212452,2.409169011188657,9.452278696032607,0.12496751989362664,1,33,3,1,0
11,17,17,payload,32,24,28419696,10,125000.0,4,-28,0.20351518755105458,continuous,-5588.814878874231,-1778.9750279967325,0.3673368612911647,-0.007124380975099689,-0.1106433299120254,0|1|2|3,1|1|0|0,-0.09442617222417476|0.13007153206066668|0.3673368612911647|-0.3654711335626293,0|1|1|-1,-0.0068691842760461065|-0.0068685108912820625|-0.007124380975099689|-0.007124754368455367,-0.09442617222417476|-0.11992846793933332|0.11733686129116472|-0.11547113356262928,0,889,-135,888,-0.019712362438440323,0.05838266760110855,0.06162071980369885,0.003797113662585616,1.8964184532473678,6.502408152936154,0.13055065843553848,1,33,3,1,0
11,17,17,payload,33,25,28423792,10,125000.0,4,-28,0.20351518755105458,continuous,-5763.465343839051,-1834.5679976216302,0.3673368612911647,-0.007124380975099689,-0.1177677108871251,0|1|2|3,1|1|0|0,-0.09442617222417476|0.13007153206066668|0.3673368612911647|-0.3654711335626293,0|1|1|-1,-0.0068691842760461065|-0.0068685108912820625|-0.007124380975099689|-0.007124754368455367,-0.09442617222417476|-0.11992846793933332|0.11733686129116472|-0.11547113356262928,0,66,66,65,-0.004926867783069611,0.07432904094457626,0.07449214961250845,0.005549080204218626,1.6369840651302345,6.783700569946667,0.12464324287208228,1,33,3,1,0
11,17,17,payload,34,26,28427888,10,125000.0,4,-28,0.20351518755105458,continuous,-5938.11580880387,-1890.1609672465281,0.3673368612911647,-0.007124380975099689,-0.12489209186222479,0|1|2|3,1|1|0|0,-0.09442617222417476|0.13007153206066668|0.3673368612911647|-0.3654711335626293,0|1|1|-1,-0.0068691842760461065|-0.0068685108912820625|-0.007124380975099689|-0.007124754368455367,-0.09442617222417476|-0.11992846793933332|0.11733686129116472|-0.11547113356262928,0,586,-438,585,0.013806256465613842,0.08801675587892532,0.08909299654318872,0.007937561720609665,1.4152047530674532,9.312214912867264,0.1300976343470026,1,33,3,1,0
11,17,17,payload,35,27,28431984,10,125000.0,4,-28,0.20351518755105458,continuous,-6112.766273768691,-1945.7539368714263,0.3673368612911647,-0.007124380975099689,-0.13201647283732448,0|1|2|3,1|1|0|0,-0.09442617222417476|0.13007153206066668|0.3673368612911647|-0.3654711335626293,0|1|1|-1,-0.0068691842760461065|-0.0068685108912820625|-0.007124380975099689|-0.007124754368455367,-0.09442617222417476|-0.11992846793933332|0.11733686129116472|-0.11547113356262928,1,425,425,424,0.040386002510786057,0.04936548322439194,0.06378071913030567,0.0040679797530174255,0.8851146059288,6.332205391255421,0.12749013815314925,1,33,3,1,0
11,17,17,payload,36,28,28436081,10,125000.0,4,-28,0.20351518755105458,continuous,-6287.459378007183,-2001.3604789986737,0.3673368612911647,-0.007124380975099689,0.11085914618757582,0|1|2|3,1|1|0|0,-0.09442617222417476|0.13007153206066668|0.3673368612911647|-0.3654711335626293,0|1|1|-1,-0.0068691842760461065|-0.0068685108912820625|-0.007124380975099689|-0.007124754368455367,-0.09442617222417476|-0.11992846793933332|0.11733686129116472|-0.11547113356262928,0,860,-164,859,0.03317106515169144,0.053906649351119995,0.06329491612730334,0.004006246570497751,1.0191717201771435,3.4016504925078155,0.21577424218423857,1,33,3,1,0
11,17,17,payload,37,29,28440177,10,125000.0,4,-28,0.20351518755105458,continuous,-6462.109842972002,-2056.9534486235716,0.3673368612911647,-0.007124380975099689,0.10373476521247613,0|1|2|3,1|1|0|0,-0.09442617222417476|0.13007153206066668|0.3673368612911647|-0.3654711335626293,0|1|1|-1,-0.0068691842760461065|-0.0068685108912820625|-0.007124380975099689|-0.007124754368455367,-0.09442617222417476|-0.11992846793933332|0.11733686129116472|-0.11547113356262928,0,553,-471,552,0.08219990879297256,0.03951997682452202,0.09120665312236693,0.008318654261529446,0.44815278046731666,5.934790656597839,0.2723153002925187,1,33,3,1,0
11,17,17,payload,38,30,28444273,10,125000.0,4,-28,0.20351518755105458,continuous,-6636.760307936823,-2112.5464182484698,0.3673368612911647,-0.007124380975099689,0.09661038423737643,0|1|2|3,1|1|0|0,-0.09442617222417476|0.13007153206066668|0.3673368612911647|-0.3654711335626293,0|1|1|-1,-0.0068691842760461065|-0.0068685108912820625|-0.007124380975099689|-0.007124754368455367,-0.09442617222417476|-0.11992846793933332|0.11733686129116472|-0.11547113356262928,0,629,-395,628,0.06428398936986923,-0.0046860286965966225,0.06445455883217872,0.004154389724135399,-0.07276702826886504,6.70906094779906,0.15388084662360768,1,33,3,1,0
11,17,17,payload,39,31,28448369,10,125000.0,4,-28,0.20351518755105458,continuous,-6811.410772901642,-2168.1393878733675,0.3673368612911647,-0.007124380975099689,0.08948600326227674,0|1|2|3,1|1|0|0,-0.09442617222417476|0.13007153206066668|0.3673368612911647|-0.3654711335626293,0|1|1|-1,-0.0068691842760461065|-0.0068685108912820625|-0.007124380975099689|-0.007124754368455367,-0.09442617222417476|-0.11992846793933332|0.11733686129116472|-0.11547113356262928,0,759,-265,758,0.06304438412189484,-0.02470739744603634,0.06771299622572781,0.0045850505121052265,-0.37350834523752746,8.033660057311657,0.12706095611362223,1,33,3,1,0
11,17,17,payload,40,32,28452465,10,125000.0,4,-28,0.20351518755105458,continuous,-6986.061237866462,-2223.732357498265,0.3673368612911647,-0.007124380975099689,0.08236162228717704,0|1|2|3,1|1|0|0,-0.09442617222417476|0.13007153206066668|0.3673368612911647|-0.3654711335626293,0|1|1|-1,-0.0068691842760461065|-0.0068685108912820625|-0.007124380975099689|-0.007124754368455367,-0.09442617222417476|-0.11992846793933332|0.11733686129116472|-0.11547113356262928,0,494,494,493,0.07122672349214554,-0.05065743252635002,0.08740378486992575,0.00763942115008831,-0.6182124595724341,10.24313283200035,0.12749870909060235,1,33,3,1,0
11,17,17,payload,41,33,28456561,10,125000.0,4,-28,0.20351518755105458,continuous,-7160.711702831281,-2279.3253271231633,0.3673368612911647,-0.007124380975099689,0.07523724131207735,0|1|2|3,1|1|0|0,-0.09442617222417476|0.13007153206066668|0.3673368612911647|-0.3654711335626293,0|1|1|-1,-0.0068691842760461065|-0.0068685108912820625|-0.007124380975099689|-0.007124754368455367,-0.09442617222417476|-0.11992846793933332|0.11733686129116472|-0.11547113356262928,0,303,303,302,0.043610818684101105,-0.04965576156973839,0.066087806465098,0.004367597866803408,-0.8501212357175613,7.545057736497802,0.12653544581188214,1,33,3,1,0
11,17,17,payload,42,34,28460657,10,125000.0,4,-28,0.20351518755105458,continuous,-7335.362167796101,-2334.918296748061,0.3673368612911647,-0.007124380975099689,0.06811286033697765,0|1|2|3,1|1|0|0,-0.09442617222417476|0.13007153206066668|0.3673368612911647|-0.3654711335626293,0|1|1|-1,-0.0068691842760461065|-0.0068685108912820625|-0.007124380975099689|-0.007124754368455367,-0.09442617222417476|-0.11992846793933332|0.11733686129116472|-0.11547113356262928,0,1022,-2,1021,0.030715124681591988,-0.08396020531654358,0.08940209707273031,0.00799273606389761,-1.2200896354714523,8.766272081375826,0.12306005463642578,1,33,3,1,0
11,17,17,payload,43,35,28464753,10,125000.0,4,-28,0.20351518755105458,continuous,-7510.012632760921,-2390.511266372959,0.3673368612911647,-0.007124380975099689,0.06098847936187796,0|1|2|3,1|1|0|0,-0.09442617222417476|0.13007153206066668|0.3673368612911647|-0.3654711335626293,0|1|1|-1,-0.0068691842760461065|-0.0068685108912820625|-0.007124380975099689|-0.007124754368455367,-0.09442617222417476|-0.11992846793933332|0.11733686129116472|-0.11547113356262928,0,720,-304,719,0.0011056122602894902,-0.07710010558366776,0.0771080323927593,0.0059456476010382175,-1.5564573518051512,8.729122733496364,0.12444867965757567,1,33,3,1,0
11,17,17,payload,44,36,28468849,10,125000.0,4,-28,0.20351518755105458,continuous,-7684.663097725741,-2446.104235997857,0.3673368612911647,-0.007124380975099689,0.053864098386778275,0|1|2|3,1|1|0|0,-0.09442617222417476|0.13007153206066668|0.3673368612911647|-0.3654711335626293,0|1|1|-1,-0.0068691842760461065|-0.0068685108912820625|-0.007124380975099689|-0.007124754368455367,-0.09442617222417476|-0.11992846793933332|0.11733686129116472|-0.11547113356262928,0,314,314,313,-0.014660191722214222,-0.07696110755205154,0.07834496344354577,0.006137932185083628,-1.759029532408472,8.220288564484067,0.12661555809620495,1,33,3,1,0
11,17,17,payload,45,37,28472945,10,125000.0,4,-28,0.20351518755105458,continuous,-7859.3135626905605,-2501.6972056227546,0.3673368612911647,-0.007124380975099689,0.04673971741167859,0|1|2|3,1|1|0|0,-0.09442617222417476|0.13007153206066668|0.3673368612911647|-0.3654711335626293,0|1|1|-1,-0.0068691842760461065|-0.0068685108912820625|-0.007124380975099689|-0.007124754368455367,-0.09442617222417476|-0.11992846793933332|0.11733686129116472|-0.11547113356262928,0,602,-422,601,-0.06158313527703285,-0.049653567373752594,0.07910726454308173,0.006257960107177496,-2.4630310362817784,8.695727445221756,0.1281997159178161,1,33,3,1,0
11,17,17,payload,46,38,28477041,10,125000.0,4,-28,0.20351518755105458,continuous,-8033.96402765538,-2557.2901752476528,0.3673368612911647,-0.007124380975099689,0.0396153364365789,0|1|2|3,1|1|0|0,-0.09442617222417476|0.13007153206066668|0.3673368612911647|-0.3654711335626293,0|1|1|-1,-0.0068691842760461065|-0.0068685108912820625|-0.007124380975099689|-0.007124754368455367,-0.09442617222417476|-0.11992846793933332|0.11733686129116472|-0.11547113356262928,0,7,7,6,-0.06550241261720657,-0.0431913323700428,0.07846054582128709,0.0061560580506920815,-2.558647904387889,9.789621386854929,0.11939581565122825,1,33,3,1,0
11,17,17,payload,47,39,28481137,10,125000.0,4,-28,0.20351518755105458,continuous,-8208.6144926202,-2612.8831448725505,0.3673368612911647,-0.007124380975099689,0.03249095546147921,0|1|2|3,1|1|0|0,-0.09442617222417476|0.13007153206066668|0.3673368612911647|-0.3654711335626293,0|1|1|-1,-0.0068691842760461065|-0.0068685108912820625|-0.007124380975099689|-0.007124754368455367,-0.09442617222417476|-0.11992846793933332|0.11733686129116472|-0.11547113356262928,0,414,414,413,-0.08264757692813873,0.003789267037063837,0.08273439742193563,0.006844980642199516,3.0957762436997167,8.88102794392204,0.12569616516906734,1,33,3,1,0
11,17,17,payload,48,40,28485233,10,125000.0,4,-28,0.20351518755105458,continuous,-8383.26495758502,-2668.476114497448,0.3673368612911647,-0.007124380975099689,0.025366574486379523,0|1|2|3,1|1|0|0,-0.09442617222417476|0.13007153206066668|0.3673368612911647|-0.3654711335626293,0|1|1|-1,-0.0068691842760461065|-0.0068685108912820625|-0.007124380975099689|-0.007124754368455367,-0.09442617222417476|-0.11992846793933332|0.11733686129116472|-0.11547113356262928,0,807,-217,806,-0.07349824160337448,0.03488513082265854,0.08135701488686767,0.006618964020162821,2.6984389138994254,9.644206008747286,0.12705428284620268,1,33,3,1,0
11,17,17,payload,49,41,28489329,10,125000.0,4,-28,0.20351518755105458,continuous,-8557.915422549839,-2724.0690841223463,0.3673368612911647,-0.007124380975099689,0.018242193511279835,0|1|2|3,1|1|0|0,-0.09442617222417476|0.13007153206066668|0.3673368612911647|-0.3654711335626293,0|1|1|-1,-0.0068691842760461065|-0.0068685108912820625|-0.007124380975099689|-0.007124754368455367,-0.09442617222417476|-0.11992846793933332|0.11733686129116472|-0.11547113356262928,0,195,195,194,-0.07243678718805313,0.056912291795015335,0.09212001463030858,0.008486096747219563,2.475643276548939,5.31814588072902,0.31213552935141387,1,33,3,1,0
11,17,17,payload,50,42,28493425,10,125000.0,4,-28,0.20351518755105458,continuous,-8732.565887514658,-2779.662053747244,0.3673368612911647,-0.007124380975099689,0.011117812536180147,0|1|2|3,1|1|0|0,-0.09442617222417476|0.13007153206066668|0.3673368612911647|-0.3654711335626293,0|1|1|-1,-0.0068691842760461065|-0.0068685108912820625|-0.007124380975099689|-0.007124754368455367,-0.09442617222417476|-0.11992846793933332|0.11733686129116472|-0.11547113356262928,0,826,-198,825,-0.02582278661429882,0.06942488253116608,0.07407179370714483,0.005486630834639072,1.926892897259609,4.178034907203608,0.23549647110901617,1,33,3,1,0
11,17,17,payload,51,43,28497521,10,125000.0,4,-28,0.20351518755105458,continuous,-8907.21635247948,-2835.255023372142,0.3673368612911647,-0.007124380975099689,0.003993431561080458,0|1|2|3,1|1|0|0,-0.09442617222417476|0.13007153206066668|0.3673368612911647|-0.3654711335626293,0|1|1|-1,-0.0068691842760461065|-0.0068685108912820625|-0.007124380975099689|-0.007124754368455367,-0.09442617222417476|-0.11992846793933332|0.11733686129116472|-0.11547113356262928,0,928,-96,927,0.004797321278601885,0.07950364053249359,0.07964824636719935,0.006343843415379524,1.5105285007504932,7.80122768150834,0.12370954174369686,1,33,3,1,0
11,17,17,payload,52,44,28501617,10,125000.0,4,-28,0.20351518755105458,continuous,-9081.8668174443,-2890.8479929970404,0.3673368612911647,-0.007124380975099689,-0.0031309494140192313,0|1|2|3,1|1|0|0,-0.09442617222417476|0.13007153206066668|0.3673368612911647|-0.3654711335626293,0|1|1|-1,-0.0068691842760461065|-0.0068685108912820625|-0.007124380975099689|-0.007124754368455367,-0.09442617222417476|-0.11992846793933332|0.11733686129116472|-0.11547113356262928,0,761,-263,760,0.036148156970739365,0.054261114448308945,0.0651993695794192,0.004250957630574703,0.9831244961541026,5.000407544903105,0.19319082153111822,1,33,3,1,0
11,17,17,payload,53,45,28505713,10,125000.0,4,-28,0.20351518755105458,continuous,-9256.517282409119,-2946.440962621938,0.3673368612911647,-0.007124380975099689,-0.010255330389118921,0|1|2|3,1|1|0|0,-0.09442617222417476|0.13007153206066668|0.3673368612911647|-0.3654711335626293,0|1|1|-1,-0.0068691842760461065|-0.0068685108912820625|-0.007124380975099689|-0.007124754368455367,-0.09442617222417476|-0.11992846793933332|0.11733686129116472|-0.11547113356262928,0,590,-434,589,0.056759774684906006,0.06523072719573975,0.0864680275753201,0.0074767195619642735,0.8547263197163774,8.574585607849844,0.18938257308336404,1,33,3,1,0
11,17,17,payload,54,46,28509809,10,125000.0,4,-28,0.20351518755105458,continuous,-9431.167747373938,-3002.033932246836,0.3673368612911647,-0.007124380975099689,-0.01737971136421861,0|1|2|3,1|1|0|0,-0.09442617222417476|0.13007153206066668|0.3673368612911647|-0.3654711335626293,0|1|1|-1,-0.0068691842760461065|-0.0068685108912820625|-0.007124380975099689|-0.007124754368455367,-0.09442617222417476|-0.11992846793933332|0.11733686129116472|-0.11547113356262928,0,383,383,382,0.05989780277013779,-0.005319848190993071,0.06013358097989457,0.003616047790274024,-0.08858298316468524,2.9677064613060105,0.23456275780476687,1,33,3,1,0
11,17,17,payload,55,47,28513905,10,125000.0,4,-28,0.20351518755105458,continuous,-9605.818212338758,-3057.6269018717335,0.3673368612911647,-0.007124380975099689,-0.024504092339318297,0|1|2|3,1|1|0|0,-0.09442617222417476|0.13007153206066668|0.3673368612911647|-0.3654711335626293,0|1|1|-1,-0.0068691842760461065|-0.0068685108912820625|-0.007124380975099689|-0.007124754368455367,-0.09442617222417476|-0.11992846793933332|0.11733686129116472|-0.11547113356262928,0,267,267,266,0.05559138208627701,-0.003428075695410371,0.05569697895968778,0.0031021530739963055,-0.06158760947671022,1.6014697480601323,0.21796306853014613,1,33,3,1,0
11,17,17,payload,56,48,28518001,10,125000.0,4,-28,0.20351518755105458,continuous,-9780.468677303577,-3113.2198714966316,0.3673368612911647,-0.007124380975099689,-0.03162847331441799,0|1|2|3,1|1|0|0,-0.09442617222417476|0.13007153206066668|0.3673368612911647|-0.3654711335626293,0|1|1|-1,-0.0068691842760461065|-0.0068685108912820625|-0.007124380975099689|-0.007124754368455367,-0.09442617222417476|-0.11992846793933332|0.11733686129116472|-0.11547113356262928,0,314,314,313,0.05751772224903107,-0.03477873280644417,0.06721494348981273,0.00451784860342741,-0.5438397789181355,2.2503473450755043,0.3419539355066945,1,33,3,1,0
