dataset,snr_db,seed,packet_index,payload_symbol_index,frame_symbol_index,gt_bin,ordinary_fft_bin,savaux_bin,branch_gls_bin,savaux_dual_bin,proposed_bin,savaux_top_l_contains_gt,gls_top_l_contains_gt,phase_observations,phase_rmse_rad,phase_reliability,adaptive_consistency_weight,predicted_phase_rad,predicted_fractional_bin,frequency_rmse_bins,selected_pair_consistency,selected_pair_phase_residual_rad,gls_candidates,gls_candidate_consistency
collector_low4_cr47,,42,7,0,8,803,803,803,803,803,803,1,1,8,0.3719036094329046,0.6809946570283648,0.20429839710850944,-0.11045170306913515,-0.003398600932863723,0.16347227957268104,0.9983932935698829,-0.013111473600135037,803|67|773|827|281|618|990|678,0.99839329|0.80624427|0.79629571|0.93373399|0.89086293|0.97507274|0.74874082|0.70119147
collector_low4_cr47,,42,7,1,9,711,711,711,711,711,711,1,1,8,0.3719036094329046,0.6809946570283648,0.20429839710850944,-0.08856331008323232,-0.003398600932863723,0.16347227957268104,0.9881463209279435,-0.28835360294927576,711|915|874|786|464|698|435|687,0.98814632|0.91171132|0.94773657|0.97565578|0.90579283|0.97632118|0.78680536|0.82101529
collector_low4_cr47,,42,7,2,10,922,922,922,922,922,922,1,1,8,0.3719036094329046,0.6809946570283648,0.20429839710850944,-0.06667491709732948,-0.003398600932863723,0.16347227957268104,0.9994620299417055,-0.20337767441579657,922|417|467|757|697|252|865|864,0.99946203|0.86234706|0.66988987|0.78046426|0.91709201|0.99202158|0.85136825|0.81937692
collector_low4_cr47,,42,7,3,11,718,718,718,718,718,718,1,1,8,0.3719036094329046,0.6809946570283648,0.20429839710850944,-0.044786524111426584,-0.003398600932863723,0.16347227957268104,0.9968068407211337,0.008889339524144578,718|688|581|397|686|286|601|931,0.99680684|0.80086372|0.86075436|0.69593086|0.72351231|0.88671277|0.88627121|0.86322124
collector_low4_cr47,,42,7,4,12,756,756,756,756,756,756,1,1,8,0.3719036094329046,0.6809946570283648,0.20429839710850944,-0.022898131125523746,-0.003398600932863723,0.16347227957268104,0.9969192862083934,0.05733680611254093,756|614|535|863|460|806|561|1019,0.99691929|0.80008809|0.94489964|0.81864074|0.43477261|0.89793818|0.95246619|0.93785117
collector_low4_cr47,,42,7,5,13,109,109,109,109,109,109,1,1,8,0.3719036094329046,0.6809946570283648,0.20429839710850944,-0.0010097381396209082,-0.003398600932863723,0.16347227957268104,0.9750129792852648,-0.2225109739424962,109|834|459|898|975|132|564|169,0.97501298|0.99138549|0.81776258|0.89050703|0.99731661|0.84705323|0.88110794|0.95593035
collector_low4_cr47,,42,7,6,14,932,932,932,932,932,932,1,1,8,0.3719036094329046,0.6809946570283648,0.20429839710850944,0.02087865484628193,-0.003398600932863723,0.16347227957268104,0.9984080950328602,0.3917601805021643,932|145|805|907|31|605|80|433,0.9984081|0.94299233|0.83598952|0.73646993|0.99906795|0.50268916|0.94881884|0.65340503
collector_low4_cr47,,42,7,7,15,468,468,468,468,468,468,1,1,8,0.3719036094329046,0.6809946570283648,0.20429839710850944,0.04276704783218488,-0.003398600932863723,0.16347227957268104,0.9774348746889331,-0.2759640618810717,468|495|325|912|578|408|51|82,0.97743487|0.92585311|0.58598496|0.84821074|0.7658653|0.75271606|0.86530752|0.87508564
collector_low4_cr47,,42,7,8,16,89,89,89,89,89,89,1,1,8,0.3719036094329046,0.6809946570283648,0.20429839710850944,0.06465544081808772,-0.003398600932863723,0.16347227957268104,0.9824327441558693,-0.5297492928297871,89|734|594|803|271|628|577|801,0.98243274|0.93478599|0.50018919|0.7318393|0.60734195|0.97773042|0.9879863|0.95198191
collector_low4_cr47,,42,7,9,17,713,713,713,713,713,713,1,1,8,0.3719036094329046,0.6809946570283648,0.20429839710850944,0.08654383380399056,-0.003398600932863723,0.16347227957268104,0.978952685039793,0.21922820075647356,713|828|808|243|792|25|110|109,0.97895269|0.95939582|0.89584964|0.84620726|0.93053976|0.81173806|0.9129359|0.89093514
collector_low4_cr47,,42,7,10,18,865,865,865,865,865,865,1,1,8,0.3719036094329046,0.6809946570283648,0.20429839710850944,0.1084322267898934,-0.003398600932863723,0.16347227957268104,0.984460782096176,0.695925164476065,865|4|122|759|957|669|925|735,0.98446078|0.96258172|0.93642157|0.72744713|0.90597114|0.22903196|0.94678745|0.76321336
collector_low4_cr47,,42,7,11,19,92,92,92,92,92,92,1,1,8,0.3719036094329046,0.6809946570283648,0.20429839710850944,0.13032061977579623,-0.003398600932863723,0.16347227957268104,0.9760172789270858,-0.612740586515663,92|814|794|792|1004|890|387|1008,0.97601728|0.94184278|0.6494857|0.85201098|0.87499567|0.83212662|0.90750176|0.90806619
collector_low4_cr47,,42,7,12,20,645,645,645,645,645,645,1,1,8,0.3719036094329046,0.6809946570283648,0.20429839710850944,0.15220901276169918,-0.003398600932863723,0.16347227957268104,0.9859892131070119,-0.2451345675339476,645|263|913|243|577|199|890|697,0.98598921|0.81644234|0.91188812|0.80280425|0.82146328|0.97065769|0.93095088|0.8797177
collector_low4_cr47,,42,7,13,21,426,426,426,426,426,426,1,1,8,0.3719036094329046,0.6809946570283648,0.20429839710850944,0.17409740574760202,-0.003398600932863723,0.16347227957268104,0.988290518976372,-0.07440802459182813,426|642|854|522|31|402|124|37,0.98829052|0.98046538|0.89397634|0.90587731|0.70257872|0.8388775|0.86629187|0.71704342
collector_low4_cr47,,42,7,14,22,765,765,765,765,765,765,1,1,8,0.3719036094329046,0.6809946570283648,0.20429839710850944,0.19598579873350486,-0.003398600932863723,0.16347227957268104,0.9776501584145189,-0.03329236817325687,765|83|11|844|434|303|492|755,0.97765016|0.94097906|0.93418905|0.54703726|0.60417382|0.69570711|0.9295747|0.89612401
collector_low4_cr47,,42,7,15,23,1023,1023,1023,1023,1023,1023,1,1,8,0.3719036094329046,0.6809946570283648,0.20429839710850944,0.2178741917194077,-0.003398600932863723,0.16347227957268104,0.9954913498386062,-1.7467775855591876,1023|357|515|714|100|873|840|104,0.99549135|0.93343631|0.97418102|0.91306171|0.84536141|0.45700685|0.88013696|0.95105214
collector_low4_cr47,,42,7,16,24,597,597,597,597,597,597,1,1,8,0.3719036094329046,0.6809946570283648,0.20429839710850944,0.23976258470531053,-0.003398600932863723,0.16347227957268104,0.9876414229000744,-0.2336417813380155,597|857|868|1001|978|87|821|211,0.98764142|0.95660182|0.95967985|0.94913881|0.84937005|0.9716534|0.87271477|0.96227231
collector_low4_cr47,,42,7,17,25,562,562,562,562,562,562,1,1,8,0.3719036094329046,0.6809946570283648,0.20429839710850944,0.26165097769121337,-0.003398600932863723,0.16347227957268104,0.9989040356194804,-0.013029383520356458,562|210|355|420|993|108|388|979,0.99890404|0.50553431|0.73774246|0.76405531|0.91919675|0.99135799|0.36122278|0.82434931
collector_low4_cr47,,42,7,18,26,827,827,827,827,827,827,1,1,8,0.3719036094329046,0.6809946570283648,0.20429839710850944,0.2835393706771163,-0.003398600932863723,0.16347227957268104,0.9831969067576912,-0.5703419486454381,827|314|516|884|635|801|124|184,0.98319691|0.91254714|0.91438854|0.98812733|0.95405839|0.72955475|0.90004912|0.93934023
collector_low4_cr47,,42,7,19,27,890,890,890,890,890,890,1,1,8,0.3719036094329046,0.6809946570283648,0.20429839710850944,0.30542776366301916,-0.003398600932863723,0.16347227957268104,0.9892720793146261,0.1278320886455832,890|188|62|233|944|635|135|293,0.98927208|0.89759568|0.70419511|0.85661925|0.87346367|0.4105314|0.88282097|0.96919397
collector_low4_cr47,,42,7,20,28,174,174,174,174,174,174,1,1,8,0.3719036094329046,0.6809946570283648,0.20429839710850944,0.327316156648922,-0.003398600932863723,0.16347227957268104,0.9947559316634639,-0.17573105429591418,174|389|173|771|936|428|337|680,0.99475593|0.87644206|0.62865158|0.56209138|0.95157524|0.8222037|0.72022374|0.97826566
collector_low4_cr47,,42,7,21,29,267,267,267,267,267,267,1,1,8,0.3719036094329046,0.6809946570283648,0.20429839710850944,0.34920454963482483,-0.003398600932863723,0.16347227957268104,0.9643871938714843,-0.596364470953432,267|1006|74|537|192|722|425|959,0.96438719|0.89915388|0.95171596|0.89777305|0.68713729|0.46443831|0.53530035|0.89427718
collector_low4_cr47,,42,7,22,30,917,909,917,917,917,917,1,1,8,0.3719036094329046,0.6809946570283648,0.20429839710850944,0.3710929426207277,-0.003398600932863723,0.16347227957268104,0.9691815442577195,1.7290665353998893,917|433|475|594|758|676|838|787,0.96918154|0.23909412|0.84466575|0.73149196|0.86091798|0.6039623|0.92293625|0.43785039
collector_low4_cr47,,42,7,23,31,656,656,656,656,656,656,1,1,8,0.3719036094329046,0.6809946570283648,0.20429839710850944,0.3929813356066306,-0.003398600932863723,0.16347227957268104,0.9514219281539652,-0.456855487922181,656|328|207|755|282|45|287|283,0.95142193|0.96165519|0.99424745|0.90216988|0.65137032|0.90774489|0.95145511|0.81521153
collector_low4_cr47,,42,7,24,32,889,889,889,889,889,889,1,1,8,0.3719036094329046,0.6809946570283648,0.20429839710850944,0.41486972859253346,-0.003398600932863723,0.16347227957268104,0.9897058647860716,0.7550457378278462,889|888|850|473|424|661|609|375,0.98970586|0.99058489|0.93539173|0.96057955|0.74002427|0.67535984|0.86367453|0.98736295
collector_low4_cr47,,42,7,25,33,66,66,66,66,66,66,1,1,8,0.3719036094329046,0.6809946570283648,0.20429839710850944,0.4367581215784363,-0.003398600932863723,0.16347227957268104,0.9965478616176592,0.9668867357580072,66|102|913|283|238|874|499|1,0.99654786|0.77139814|0.85080436|0.97700986|0.85169684|0.9159886|0.8572787|0.96066624
collector_low4_cr47,,42,7,26,34,586,586,586,586,586,586,1,1,8,0.3719036094329046,0.6809946570283648,0.20429839710850944,0.45864651456433914,-0.003398600932863723,0.16347227957268104,0.9925126311530728,-0.17899050066720337,586|587|636|561|509|327|142|138,0.99251263|0.081247026|0.89754835|0.68956762|0.63020301|0.52902052|0.95263324|0.68356734
collector_low4_cr47,,42,7,27,35,425,425,425,425,425,425,1,1,8,0.3719036094329046,0.6809946570283648,0.20429839710850944,0.480534907550242,-0.003398600932863723,0.16347227957268104,0.9557526339951659,-0.35290877890678496,425|173|187|224|163|208|1|809,0.95575263|0.79791197|0.93567223|0.72620264|0.7583845|0.95597929|0.86199203|0.85887417
collector_low4_cr47,,42,7,28,36,860,860,860,860,860,860,1,1,8,0.3719036094329046,0.6809946570283648,0.20429839710850944,0.5024233005361448,-0.003398600932863723,0.16347227957268104,0.9996674395559214,-0.09869158331369005,860|870|307|578|326|858|294|257,0.99966744|0.99759666|0.71595911|0.87671511|0.72250757|0.68424201|0.86651418|0.86219141
collector_low4_cr47,,42,7,29,37,553,553,553,553,553,553,1,1,8,0.3719036094329046,0.6809946570283648,0.20429839710850944,0.5243116935220477,-0.003398600932863723,0.16347227957268104,0.7741077901997232,-0.997790226653587,553|261|857|908|395|422|949|787,0.77410779|0.88907922|0.9444188|0.97595198|0.98331209|0.95432635|0.96028892|0.97455015
collector_low4_cr47,,42,7,30,38,629,629,629,629,629,629,1,1,8,0.3719036094329046,0.6809946570283648,0.20429839710850944,0.5462000865079505,-0.003398600932863723,0.16347227957268104,0.899129457927322,-0.726125898010709,629|628|201|70|216|75|194|664,0.89912946|0.30103795|0.72781831|0.91088218|0.98722021|0.93840326|0.96285016|0.91380687
collector_low4_cr47,,42,7,31,39,759,759,759,759,759,759,1,1,8,0.3719036094329046,0.6809946570283648,0.20429839710850944,0.5680884794938535,-0.003398600932863723,0.16347227957268104,0.8833900389457191,-1.09485020297521,759|170|758|867|67|895|769|823,0.88339004|0.94159886|0.57740678|0.59025764|0.91400542|0.99203895|0.88416342|0.95345351
collector_low4_cr47,,42,7,32,40,494,494,494,494,494,494,1,1,8,0.3719036094329046,0.6809946570283648,0.20429839710850944,0.5899768724797564,-0.003398600932863723,0.16347227957268104,0.8055311612266643,-0.8990537562779664,494|126|648|573|1003|523|917|191,0.80553116|0.7973359|0.88676237|0.66757684|0.92294118|0.65354942|0.88593032|0.76685109
collector_low4_cr47,,42,7,33,41,303,303,303,303,303,303,1,1,8,0.3719036094329046,0.6809946570283648,0.20429839710850944,0.6118652654656592,-0.003398600932863723,0.16347227957268104,0.8660692184399468,-1.0655705179621164,303|4|370|899|716|922|490|435,0.86606922|0.90917624|0.89442464|0.99270472|0.99982558|0.8590718|0.72969298|0.97382474
collector_low4_cr47,,42,7,34,42,1022,1022,1022,1022,1022,1022,1,1,8,0.3719036094329046,0.6809946570283648,0.20429839710850944,0.6337536584515621,-0.003398600932863723,0.16347227957268104,0.9827885157142043,1.4132083245879898,1022|331|852|827|998|537|680|833,0.98278852|0.90126195|0.58389518|0.96326275|0.92044357|0.8932568|0.95230897|0.70998076
collector_low4_cr47,,42,7,35,43,720,720,720,720,720,720,1,1,8,0.3719036094329046,0.6809946570283648,0.20429839710850944,0.6556420514374649,-0.003398600932863723,0.16347227957268104,0.9209979820666852,-0.8611357918214873,720|606|385|504|796|790|270|522,0.92099798|0.30484981|0.84184405|0.29484984|0.9995792|0.49921577|0.48651809|0.64714424
collector_low4_cr47,,42,7,36,44,314,314,314,314,314,314,1,1,8,0.3719036094329046,0.6809946570283648,0.20429839710850944,0.6775304444233677,-0.003398600932863723,0.16347227957268104,0.8380597379062212,-1.1306223263763493,314|606|371|865|325|658|218|863,0.83805974|0.95019201|0.51664492|0.86724249|0.95607079|0.85713751|0.87880914|0.62883913
collector_low4_cr47,,42,7,37,45,602,602,602,602,602,602,1,1,8,0.3719036094329046,0.6809946570283648,0.20429839710850944,0.6994188374092706,-0.003398600932863723,0.16347227957268104,0.8042739818521742,-0.9243444198593442,602|814|943|121|670|161|297|308,0.80427398|0.68226121|0.70535116|0.97650342|0.8185745|0.85665454|0.46916792|0.77870166
collector_low4_cr47,,42,7,38,46,7,7,7,7,7,7,1,1,8,0.3719036094329046,0.6809946570283648,0.20429839710850944,0.7213072303951734,-0.003398600932863723,0.16347227957268104,0.9821333917523835,-1.7775185793742563,7|73|55|155|150|948|808|443,0.98213339|0.9524875|0.9267272|0.8174278|0.94547909|0.90649576|0.69784467|0.81527921
collector_low4_cr47,,42,7,39,47,414,414,414,414,414,414,1,1,8,0.3719036094329046,0.6809946570283648,0.20429839710850944,0.7431956233810763,-0.003398600932863723,0.16347227957268104,0.7280081613120047,-1.148555359363414,414|715|711|413|616|411|579|449,0.72800816|0.90294778|0.99739415|0.55943732|0.47941553|0.99794643|0.93101078|0.78223427
collector_low4_cr47,,42,7,40,48,807,807,807,807,807,807,1,1,8,0.3719036094329046,0.6809946570283648,0.20429839710850944,0.7650840163669791,-0.003398600932863723,0.16347227957268104,0.8923900921071425,-1.3530676162765414,807|146|205|974|50|825|966|657,0.89239009|0.92962108|0.77993573|0.93845038|0.85285887|0.91832265|0.9219649|0.93971019
collector_low4_cr47,,42,7,41,49,195,195,195,195,195,195,1,1,8,0.3719036094329046,0.6809946570283648,0.20429839710850944,0.7869724093528819,-0.003398600932863723,0.16347227957268104,0.9307855534662767,-1.0159169216321648,195|456|589|97|1002|443|654|283,0.93078555|0.87058923|0.99136786|0.77638293|0.86754319|0.25423768|0.97025523|0.85446958
collector_low4_cr47,,42,7,42,50,826,826,826,826,826,826,1,1,8,0.3719036094329046,0.6809946570283648,0.20429839710850944,0.808860802338785,-0.003398600932863723,0.16347227957268104,0.9754473000053693,-0.7385082562370496,826|112|924|15|848|31|502|837,0.9754473|0.90896176|0.84165964|0.77569063|0.92738899|0.98409758|0.85302209|0.90758294
collector_low4_cr47,,42,7,43,51,928,928,928,928,928,928,1,1,8,0.3719036094329046,0.6809946570283648,0.20429839710850944,0.8307491953246878,-0.003398600932863723,0.16347227957268104,0.9738337390552742,2.450306077088449,928|743|812|142|769|751|409|843,0.97383374|0.94567465|0.85882403|0.85731428|0.97325889|0.87280676|0.72477887|0.81600913
collector_low4_cr47,,42,7,44,52,761,761,761,761,761,761,1,1,8,0.3719036094329046,0.6809946570283648,0.20429839710850944,0.8526375883105907,-0.003398600932863723,0.16347227957268104,0.9446281806161281,-0.7954550813654014,761|550|636|285|788|255|475|484,0.94462818|0.96000751|0.90792583|0.33391756|0.90684405|0.83072706|0.87269681|0.58365278
collector_low4_cr47,,42,7,45,53,590,590,590,590,590,590,1,1,8,0.3719036094329046,0.6809946570283648,0.20429839710850944,0.8745259812964935,-0.003398600932863723,0.16347227957268104,0.7197104281119932,-1.1666136108030676,590|820|169|846|934|541|598|334,0.71971043|0.66862886|0.94552674|0.98134537|0.97301007|0.62112023|0.5640942|0.98453253
collector_low4_cr47,,42,7,46,54,383,383,383,383,383,383,1,1,8,0.3719036094329046,0.6809946570283648,0.20429839710850944,0.8964143742823963,-0.003398600932863723,0.16347227957268104,0.8479880687335866,-0.9255616142253515,383|301|490|704|592|259|329|364,0.84798807|0.4709745|0.78053458|0.89740911|0.6426032|0.75771668|0.88252617|0.92395591
collector_low4_cr47,,42,7,47,55,267,267,267,267,267,267,1,1,8,0.3719036094329046,0.6809946570283648,0.20429839710850944,0.9183027672682992,-0.003398600932863723,0.16347227957268104,0.80846521011401,-1.4557443529176666,267|837|345|736|291|3|849|949,0.80846521|0.69249138|0.99524955|0.99043072|0.83703656|0.7509943|0.70437576|0.98178308
collector_low4_cr47,,42,7,48,56,314,314,314,314,314,314,1,1,8,0.3719036094329046,0.6809946570283648,0.20429839710850944,0.940191160254202,-0.003398600932863723,0.16347227957268104,0.866564603390941,-0.9872607046345659,314|229|161|880|293|947|281|84,0.8665646|0.97384495|0.97974271|0.73305776|0.37570439|0.64612628|0.81057902|0.95117779
collector_low4_cr47,,42,8,0,8,803,803,803,803,803,803,1,1,8,0.6761500656798625,0.28084807328390193,0.08425442198517058,0.3302856878601415,0.025633942116313986,0.09260413249050249,0.9973756646241451,-0.1323803041763264,803|788|382|325|641|487|269|881,0.99737566|0.90589308|0.44150423|0.97340032|0.49428464|0.88608247|0.73705039|0.72921199
collector_low4_cr47,,42,8,1,9,711,711,711,711,711,711,1,1,8,0.6761500656798625,0.28084807328390193,0.08425442198517058,0.35223616993524537,0.025633942116313986,0.09260413249050249,0.9613970090595669,-0.5441413644122841,711|755|221|726|194|488|973|707,0.96139701|0.85086473|0.79156859|0.95669616|0.95556862|0.85928922|0.87121357|0.53481382
collector_low4_cr47,,42,8,2,10,922,922,922,922,922,922,1,1,8,0.6761500656798625,0.28084807328390193,0.08425442198517058,0.3741866520103493,0.025633942116313986,0.09260413249050249,0.984980744255616,-2.766406952129048,922|112|605|261|100|61|435|223,0.98498074|0.99297053|0.99711883|0.73793914|0.94853462|0.74928875|0.84684743|0.92010803
collector_low4_cr47,,42,8,3,11,718,718,718,718,718,718,1,1,8,0.6761500656798625,0.28084807328390193,0.08425442198517058,0.3961371340854532,0.025633942116313986,0.09260413249050249,0.9919283748733356,-0.24843063672028512,718|276|703|945|825|610|272|1016,0.99192837|0.88304063|0.94444725|0.85032606|0.6894119|0.75372456|0.90512093|0.91639568
collector_low4_cr47,,42,8,4,12,756,756,756,756,756,756,1,1,8,0.6761500656798625,0.28084807328390193,0.08425442198517058,0.41808761616055706,0.025633942116313986,0.09260413249050249,0.9726154618461962,-0.55317186671295,756|999|422|293|612|986|109|881,0.97261546|0.91745465|0.80449536|0.9472996|0.97718597|0.91980679|0.95886999|0.94334935
collector_low4_cr47,,42,8,5,13,109,109,109,109,109,109,1,1,8,0.6761500656798625,0.28084807328390193,0.08425442198517058,0.4400380982356609,0.025633942116313986,0.09260413249050249,0.7849223162710114,-0.5130477090258276,109|411|911|178|657|821|682|212,0.78492232|0.7612148|0.5846099|0.6623336|0.6518178|0.9695793|0.87303923|0.94099618
collector_low4_cr47,,42,8,6,14,932,932,932,932,932,932,1,1,8,0.6761500656798625,0.28084807328390193,0.08425442198517058,0.4619885803107649,0.025633942116313986,0.09260413249050249,0.9965565290556754,-0.5981675839608915,932|483|999|5|8|42|117|490,0.99655653|0.62212616|0.97474558|0.87052817|0.90853282|0.95080157|0.98628125|0.64534191
collector_low4_cr47,,42,8,7,15,468,468,468,468,468,468,1,1,8,0.6761500656798625,0.28084807328390193,0.08425442198517058,0.48393906238586876,0.025633942116313986,0.09260413249050249,0.9815810655142254,0.01880338555821287,468|369|308|345|564|503|854|478,0.98158107|0.95927895|0.60564415|0.6901612|0.78571573|0.83838931|0.81504158|0.91717339
collector_low4_cr47,,42,8,8,16,89,89,89,89,89,89,1,1,8,0.6761500656798625,0.28084807328390193,0.08425442198517058,0.5058895444609726,0.025633942116313986,0.09260413249050249,0.9796291953537757,-0.7328628826344333,89|682|108|149|759|934|62|85,0.9796292|0.99024805|0.94170346|0.83700135|0.98482173|0.99181675|0.8688662|0.67055903
collector_low4_cr47,,42,8,9,17,713,713,713,713,713,713,1,1,8,0.6761500656798625,0.28084807328390193,0.08425442198517058,0.5278400265360764,0.025633942116313986,0.09260413249050249,0.935317621802971,-0.4269031723164575,713|310|571|784|734|835|271|992,0.93531762|0.94987988|0.94969941|0.95724352|0.91961386|0.7626782|0.90491602|0.84423586
collector_low4_cr47,,42,8,10,18,865,865,865,865,865,865,1,1,8,0.6761500656798625,0.28084807328390193,0.08425442198517058,0.5497905086111804,0.025633942116313986,0.09260413249050249,0.9325845630237346,-1.4596976292146184,865|211|681|488|919|672|813|887,0.93258456|0.89544604|0.52471885|0.59365061|0.79655233|0.81630567|0.82808102|0.9175054
collector_low4_cr47,,42,8,11,19,92,92,92,92,92,92,1,1,8,0.6761500656798625,0.28084807328390193,0.08425442198517058,0.5717409906862843,0.025633942116313986,0.09260413249050249,0.9736218970322027,-0.26784089665166966,92|606|615|848|864|708|90|364,0.9736219|0.88176307|0.94007633|0.81802679|0.82316634|0.91955376|0.78204783|0.9464649
collector_low4_cr47,,42,8,12,20,645,682,645,645,645,645,1,1,8,0.6761500656798625,0.28084807328390193,0.08425442198517058,0.5936914727613881,0.025633942116313986,0.09260413249050249,0.7549112481419731,-0.46323671117781023,645|550|686|842|133|685|1015|69,0.75491125|0.85069043|0.17047193|0.81045628|0.97171287|0.86054427|0.85649184|0.89256742
collector_low4_cr47,,42,8,13,21,426,426,426,426,426,426,1,1,8,0.6761500656798625,0.28084807328390193,0.08425442198517058,0.6156419548364921,0.025633942116313986,0.09260413249050249,0.9711981369285979,-0.33821526253467726,426|666|695|720|980|841|697|319,0.97119814|0.53461912|0.97366868|0.9468395|0.72934263|0.81259166|0.77303477|0.67512502
collector_low4_cr47,,42,8,14,22,765,765,765,765,765,765,1,1,8,0.6761500656798625,0.28084807328390193,0.08425442198517058,0.637592436911596,0.025633942116313986,0.09260413249050249,0.9955536513684629,-0.18137571421901671,765|190|227|1000|219|509|294|46,0.99555365|0.69364433|0.95723712|0.65172158|0.84605679|0.66764526|0.98034505|0.95069095
collector_low4_cr47,,42,8,15,23,1023,1023,1023,1023,1023,1023,1,1,8,0.6761500656798625,0.28084807328390193,0.08425442198517058,0.6595429189866998,0.025633942116313986,0.09260413249050249,0.9888715588034895,-1.9821109600525513,1023|489|982|132|33|277|113|226,0.98887156|0.77037305|0.91971532|0.84240673|0.53973942|0.68037096|0.87109084|0.66923864
collector_low4_cr47,,42,8,16,24,597,940,597,597,597,597,1,1,8,0.6761500656798625,0.28084807328390193,0.08425442198517058,0.6814934010618037,0.025633942116313986,0.09260413249050249,0.9840348353408874,-0.08310917308212695,597|127|311|1005|979|1013|109|764,0.98403484|0.79938312|0.22600685|0.91859348|0.96829645|0.87402839|0.67534281|0.53994054
collector_low4_cr47,,42,8,17,25,562,742,562,562,562,562,1,1,8,0.6761500656798625,0.28084807328390193,0.08425442198517058,0.7034438831369076,0.025633942116313986,0.09260413249050249,0.7697155942574431,-1.0191131579156527,562|105|983|208|859|4|79|82,0.76971559|0.99070779|0.80741094|0.77762041|0.54659873|0.92897288|0.45689101|0.87285025
collector_low4_cr47,,42,8,18,26,827,827,827,827,827,827,1,1,8,0.6761500656798625,0.28084807328390193,0.08425442198517058,0.7253943652120115,0.025633942116313986,0.09260413249050249,0.9385250697283224,-1.1243618580535995,827|154|258|586|650|42|543|696,0.93852507|0.70371976|0.8642105|0.61038462|0.38853597|0.99862558|0.20655171|0.91303464
collector_low4_cr47,,42,8,19,27,890,589,890,890,890,890,1,1,8,0.6761500656798625,0.28084807328390193,0.08425442198517058,0.7473448472871154,0.025633942116313986,0.09260413249050249,0.960373061772704,-2.143454394189211,890|974|992|519|694|787|206|907,0.96037306|0.89521317|0.90115506|0.79649674|0.66561338|0.83586519|0.74326992|0.5970757
collector_low4_cr47,,42,8,20,28,174,518,174,174,174,174,1,1,8,0.6761500656798625,0.28084807328390193,0.08425442198517058,0.7692953293622193,0.025633942116313986,0.09260413249050249,0.9648010686000162,0.7611446884883539,174|465|784|633|518|635|16|141,0.96480107|0.65691565|0.97718881|0.92186373|0.92430231|0.54079276|0.86257453|0.92032643
collector_low4_cr47,,42,8,21,29,267,378,708,708,708,708,1,1,8,0.6761500656798625,0.28084807328390193,0.08425442198517058,0.7912458114373232,0.025633942116313986,0.09260413249050249,0.7709688454122854,-1.9060621809411358,708|91|267|258|2|483|609|300,0.77096885|0.8598201|0.8128442|0.88116019|0.95950533|0.7659948|0.77574787|0.8898584
collector_low4_cr47,,42,8,22,30,917,917,917,917,917,917,1,1,8,0.6761500656798625,0.28084807328390193,0.08425442198517058,0.8131962935124271,0.025633942116313986,0.09260413249050249,0.9761955749300859,-2.0861501425969236,917|949|287|703|202|493|220|922,0.97619557|0.70027395|0.79660481|0.42512215|0.91231063|0.68582906|0.78812828|0.89909009
collector_low4_cr47,,42,8,23,31,656,95,656,656,656,656,1,1,8,0.6761500656798625,0.28084807328390193,0.08425442198517058,0.8351467755875309,0.025633942116313986,0.09260413249050249,0.9697640239592775,0.09555998698395708,656|735|902|756|500|504|376|525,0.96976402|0.90316393|0.94064489|0.73937984|0.38225985|0.94205024|0.49405455|0.75864183
collector_low4_cr47,,42,8,24,32,889,360,889,889,889,889,1,1,8,0.6761500656798625,0.28084807328390193,0.08425442198517058,0.8570972576626349,0.025633942116313986,0.09260413249050249,0.9741998097845135,2.9170811386121973,889|668|807|391|321|865|116|620,0.97419981|0.96413423|0.72358141|0.78475923|0.78823622|0.52421408|0.9603568|0.91861955
collector_low4_cr47,,42,8,25,33,66,66,66,66,66,66,1,1,8,0.6761500656798625,0.28084807328390193,0.08425442198517058,0.8790477397377388,0.025633942116313986,0.09260413249050249,0.9877876975667358,0.46373185533405614,66|856|855|247|109|285|363|186,0.9877877|0.69211519|0.70743379|0.7542527|0.9853288|0.82084622|0.64137218|0.94067199
collector_low4_cr47,,42,8,26,34,586,586,586,586,586,586,1,1,8,0.6761500656798625,0.28084807328390193,0.08425442198517058,0.9009982218128427,0.025633942116313986,0.09260413249050249,0.9576445641086991,-0.2896919677604384,586|587|29|919|986|39|225|633,0.95764456|0.0082240488|0.95693517|0.97482686|0.8311639|0.94836555|0.68703613|0.47639925
collector_low4_cr47,,42,8,27,35,425,425,425,425,425,425,1,1,8,0.6761500656798625,0.28084807328390193,0.08425442198517058,0.9229487038879465,0.025633942116313986,0.09260413249050249,0.9588280125819644,-0.35595755500538484,425|337|300|70|212|774|426|602,0.95882801|0.93974955|0.94184972|0.77916899|0.98747169|0.71793327|0.20311702|0.86686147
collector_low4_cr47,,42,8,28,36,860,860,860,860,860,860,1,1,8,0.6761500656798625,0.28084807328390193,0.08425442198517058,0.9448991859630504,0.025633942116313986,0.09260413249050249,0.9690411921343087,-0.37729104982895456,860|953|947|358|578|839|880|689,0.96904119|0.9724948|0.94666392|0.80349609|0.72730329|0.46071197|0.96229578|0.91689944
collector_low4_cr47,,42,8,29,37,553,553,553,553,553,553,1,1,8,0.6761500656798625,0.28084807328390193,0.08425442198517058,0.9668496680381544,0.025633942116313986,0.09260413249050249,0.9180564782277226,-0.5673763223034729,553|618|228|555|945|1006|788|496,0.91805648|0.24964059|0.65802441|0.24882192|0.59143381|0.74915406|0.84914258|0.66743232
collector_low4_cr47,,42,8,30,38,629,629,629,629,629,629,1,1,8,0.6761500656798625,0.28084807328390193,0.08425442198517058,0.9888001501132582,0.025633942116313986,0.09260413249050249,0.9963494797424207,-0.12901452411473316,629|651|37|342|957|568|825|650,0.99634948|0.25986551|0.80044948|0.87697844|0.72602619|0.93350454|0.82179856|0.23609907
collector_low4_cr47,,42,8,31,39,759,786,759,759,759,759,1,1,8,0.6761500656798625,0.28084807328390193,0.08425442198517058,1.0107506321883621,0.025633942116313986,0.09260413249050249,0.9990504128486886,0.09860167181813884,759|613|587|178|179|1008|343|958,0.99905041|0.92403775|0.8441094|0.75936588|0.70852399|0.81914149|0.90750151|0.61435865
collector_low4_cr47,,42,8,32,40,494,494,494,494,494,494,1,1,8,0.6761500656798625,0.28084807328390193,0.08425442198517058,1.032701114263466,0.025633942116313986,0.09260413249050249,0.8534536802925943,-0.7216675852321085,494|1010|636|492|420|150|537|19,0.85345368|0.89636034|0.79884389|0.93002541|0.87750218|0.97930634|0.96236297|0.89157989
collector_low4_cr47,,42,8,33,41,303,303,303,303,303,303,1,1,8,0.6761500656798625,0.28084807328390193,0.08425442198517058,1.0546515963385699,0.025633942116313986,0.09260413249050249,0.8788038467629672,-0.9434649918021926,303|318|255|368|394|325|814|752,0.87880385|0.80870221|0.99419976|0.56598568|0.46848075|0.63013707|0.83664855|0.35944461
collector_low4_cr47,,42,8,34,42,1022,1022,1022,1022,1022,1022,1,1,8,0.6761500656798625,0.28084807328390193,0.08425442198517058,1.0766020784136738,0.025633942116313986,0.09260413249050249,0.9961577672263938,-2.8430787422835007,1022|40|968|326|171|583|498|421,0.99615777|0.7931477|0.9407434|0.69656927|0.71526261|0.8495497|0.89612664|0.53706374
collector_low4_cr47,,42,8,35,43,720,720,720,720,720,720,1,1,8,0.6761500656798625,0.28084807328390193,0.08425442198517058,1.0985525604887776,0.025633942116313986,0.09260413249050249,0.8697294011329572,-1.2041449632711354,720|218|450|111|654|247|128|120,0.8697294|0.65942367|0.95286236|0.97219482|0.63332333|0.9673637|0.65004781|0.66039083
collector_low4_cr47,,42,8,36,44,314,314,314,314,314,314,1,1,8,0.6761500656798625,0.28084807328390193,0.08425442198517058,1.1205030425638816,0.025633942116313986,0.09260413249050249,0.7990177711914012,-1.121449742073372,314|398|732|541|70|883|737|252,0.79901777|0.69079226|0.76261135|0.90886111|0.8854202|0.65989517|0.45525187|0.99420428
collector_low4_cr47,,42,8,37,45,602,602,602,602,602,602,1,1,8,0.6761500656798625,0.28084807328390193,0.08425442198517058,1.1424535246389855,0.025633942116313986,0.09260413249050249,0.6613885722973709,-1.3906826194023805,602|901|569|862|981|648|483|905,0.66138857|0.92035584|0.93807889|0.90785866|0.94512252|0.45320894|0.6093865|0.96163544
collector_low4_cr47,,42,8,38,46,7,7,7,7,7,7,1,1,8,0.6761500656798625,0.28084807328390193,0.08425442198517058,1.1644040067140893,0.025633942116313986,0.09260413249050249,0.9915154185662497,-1.5212629902978299,7|275|853|70|880|815|868|19,0.99151542|0.72685663|0.86172148|0.95016832|0.97814704|0.52436421|0.99945896|0.69087782
collector_low4_cr47,,42,8,39,47,414,414,414,414,414,414,1,1,8,0.6761500656798625,0.28084807328390193,0.08425442198517058,1.1863544887891933,0.025633942116313986,0.09260413249050249,0.7172868524199443,-1.2131232948689545,414|60|1003|603|551|492|76|146,0.71728685|0.93094855|0.79836227|0.81644209|0.078442527|0.043078208|0.95719225|0.62101687
collector_low4_cr47,,42,8,40,48,807,807,807,807,807,807,1,1,8,0.6761500656798625,0.28084807328390193,0.08425442198517058,1.2083049708642972,0.025633942116313986,0.09260413249050249,0.932273517363926,-1.0824498467176293,807|271|161|721|674|629|1|992,0.93227352|0.74232391|0.8737189|0.95451589|0.98117733|0.85282764|0.67228242|0.75648104
collector_low4_cr47,,42,8,41,49,195,195,195,195,195,195,1,1,8,0.6761500656798625,0.28084807328390193,0.08425442198517058,1.230255452939401,0.025633942116313986,0.09260413249050249,0.8439301610637938,-1.4599536868941092,195|489|780|89|631|622|450|495,0.84393016|0.50741977|0.87435293|0.99040678|0.90086854|0.51710281|0.48736877|0.88953763
collector_low4_cr47,,42,8,42,50,826,826,826,826,826,826,1,1,8,0.6761500656798625,0.28084807328390193,0.08425442198517058,1.252205935014505,0.025633942116313986,0.09260413249050249,0.9444674122591628,-1.4297966823021973,826|874|129|877|463|638|943|215,0.94446741|0.97808596|0.98583303|0.78551796|0.82900759|0.57697856|0.83381532|0.99832521
collector_low4_cr47,,42,8,43,51,928,901,928,928,928,928,1,1,8,0.6761500656798625,0.28084807328390193,0.08425442198517058,1.274156417089609,0.025633942116313986,0.09260413249050249,0.9510715077654857,-2.2188660843524595,928|64|597|356|600|923|54|591,0.95107151|0.78084085|0.27075222|0.79584128|0.80455959|0.79360756|0.81408941|0.35783671
collector_low4_cr47,,42,8,44,52,761,126,761,761,761,761,1,1,8,0.6761500656798625,0.28084807328390193,0.08425442198517058,1.2961068991647127,0.025633942116313986,0.09260413249050249,0.894018519872594,-1.344881185849154,761|822|992|328|984|581|327|661,0.89401852|0.55157539|0.90802601|0.497761|0.94692755|0.23122511|0.55681656|0.3505106
collector_low4_cr47,,42,8,45,53,590,590,590,590,590,590,1,1,8,0.6761500656798625,0.28084807328390193,0.08425442198517058,1.3180573812398166,0.025633942116313986,0.09260413249050249,0.685718979913219,-1.2786173429252254,590|147|1010|905|581|202|57|760,0.68571898|0.89933667|0.88356354|0.98177209|0.81026303|0.31537207|0.94832364|0.79614061
collector_low4_cr47,,42,8,46,54,383,383,383,383,383,383,1,1,8,0.6761500656798625,0.28084807328390193,0.08425442198517058,1.3400078633149204,0.025633942116313986,0.09260413249050249,0.7218870018640829,-1.2448755162466603,383|1018|40|36|251|1015|384|431,0.721887|0.86853355|0.98359367|0.97956092|0.91193401|0.99755562|0.17895553|0.77160132
collector_low4_cr47,,42,8,47,55,267,267,267,267,267,267,1,1,8,0.6761500656798625,0.28084807328390193,0.08425442198517058,1.3619583453900244,0.025633942116313986,0.09260413249050249,0.8904418585405264,-1.0669710778636774,267|680|80|713|277|632|691|647,0.89044186|0.35276756|0.74286893|0.95737984|0.74940935|0.99730161|0.55726555|0.025244266
collector_low4_cr47,,42,8,48,56,314,314,314,314,314,314,1,1,8,0.6761500656798625,0.28084807328390193,0.08425442198517058,1.3839088274651283,0.025633942116313986,0.09260413249050249,0.7156065875046893,-1.4241343955254058,314|846|684|131|656|788|310|191,0.71560659|0.92421194|0.092072104|0.75949056|0.65193269|0.96747833|0.98666937|0.85306254
collector_low4_cr47,,42,9,0,8,803,803,803,803,803,803,1,1,8,0.5708022407021923,0.4045248070641081,0.12135744211923243,-0.029247273656273443,0.00595761040190742,0.04744228425113909,0.9411221001746292,-1.135477249217722,803|300|798|1013|804|185|839|132,0.9411221|0.86429363|0.80138674|0.90145194|0.57980585|0.84551697|0.84163673|0.64794631
collector_low4_cr47,,42,9,1,9,711,903,711,711,711,711,1,1,8,0.5708022407021923,0.4045248070641081,0.12135744211923243,-0.00735117868433649,0.00595761040190742,0.04744228425113909,0.7694219634030774,-1.0623594837152384,711|207|246|82|976|872|22|796,0.76942196|0.86208545|0.99600071|0.98304469|0.91991261|0.87487814|0.90449325|0.98001057
collector_low4_cr47,,42,9,2,10,922,922,922,922,922,922,1,1,8,0.5708022407021923,0.4045248070641081,0.12135744211923243,0.014544916287600518,0.00595761040190742,0.04744228425113909,0.9893178503580187,0.6278721611772504,922|140|986|313|980|229|143|293,0.98931785|0.99698461|0.99648153|0.71762517|0.88420437|0.96974619|0.93138556|0.87447271
collector_low4_cr47,,42,9,3,11,718,718,718,718,718,718,1,1,8,0.5708022407021923,0.4045248070641081,0.12135744211923243,0.03644101125953747,0.00595761040190742,0.04744228425113909,0.9345297545148264,-0.7251868705202001,718|263|571|269|711|34|848|537,0.93452975|0.89088888|0.56585616|0.63079486|0.86667614|0.88224243|0.83527962|0.64376622
collector_low4_cr47,,42,9,4,12,756,756,756,756,756,756,1,1,8,0.5708022407021923,0.4045248070641081,0.12135744211923243,0.05833710623147448,0.00595761040190742,0.04744228425113909,0.9278485382008824,-0.9088268155581547,756|560|0|801|115|762|37|987,0.92784854|0.95105513|0.90804517|0.62174047|0.97418886|0.77472813|0.72229138|0.93940262
collector_low4_cr47,,42,9,5,13,109,109,109,109,109,109,1,1,8,0.5708022407021923,0.4045248070641081,0.12135744211923243,0.08023320120341138,0.00595761040190742,0.04744228425113909,0.9905746761188363,-0.8090391239600759,109|1018|106|291|169|713|876|351,0.99057468|0.8126092|0.94485928|0.88539792|0.98898338|0.98119026|0.95557205|0.76202677
collector_low4_cr47,,42,9,6,14,932,932,932,932,932,932,1,1,8,0.5708022407021923,0.4045248070641081,0.12135744211923243,0.10212929617534838,0.00595761040190742,0.04744228425113909,0.960317946665841,-2.4330729882371203,932|983|901|917|170|365|487|363,0.96031795|0.94462585|0.72377244|0.60956486|0.82076282|0.70162908|0.99391226|0.67434189
collector_low4_cr47,,42,9,7,15,468,468,468,468,468,468,1,1,8,0.5708022407021923,0.4045248070641081,0.12135744211923243,0.12402539114728539,0.00595761040190742,0.04744228425113909,0.8345684689975327,-0.8265662659300382,468|309|111|49|843|626|24|412,0.83456847|0.86898529|0.91510458|0.9160099|0.96912226|0.84388955|0.96610421|0.5185348
collector_low4_cr47,,42,9,8,16,89,89,89,89,89,89,1,1,8,0.5708022407021923,0.4045248070641081,0.12135744211923243,0.1459214861192223,0.00595761040190742,0.04744228425113909,0.998474731365554,-0.09351421387085486,89|864|648|731|219|535|785|400,0.99847473|0.83281882|0.9567996|0.64566605|0.60126291|0.89817715|0.95571316|0.93529949
collector_low4_cr47,,42,9,9,17,713,713,713,713,713,713,1,1,8,0.5708022407021923,0.4045248070641081,0.12135744211923243,0.1678175810911593,0.00595761040190742,0.04744228425113909,0.9442305229539434,-0.5596992068772657,713|505|167|974|613|642|587|724,0.94423052|0.81606968|0.93816712|0.94505289|0.88874697|0.98886898|0.38513399|0.9347764
collector_low4_cr47,,42,9,10,18,865,865,865,865,865,865,1,1,8,0.5708022407021923,0.4045248070641081,0.12135744211923243,0.1897136760630963,0.00595761040190742,0.04744228425113909,0.961914368546755,-0.9522409278568671,865|693|615|135|1005|967|183|140,0.96191437|0.9628896|0.90341982|0.7927669|0.97790155|0.77858935|0.77122264|0.62806627
collector_low4_cr47,,42,9,11,19,92,92,92,92,92,92,1,1,8,0.5708022407021923,0.4045248070641081,0.12135744211923243,0.2116097710350332,0.00595761040190742,0.04744228425113909,0.9781532629925364,-0.9933927016036647,92|963|555|669|93|192|861|546,0.97815326|0.87576467|0.4204709|0.86713754|0.8947727|0.8932301|0.64288274|0.47001928
collector_low4_cr47,,42,9,12,20,645,645,645,645,645,645,1,1,8,0.5708022407021923,0.4045248070641081,0.12135744211923243,0.2335058660069702,0.00595761040190742,0.04744228425113909,0.876476105307468,-0.8104044399695511,645|95|14|478|620|290|880|240,0.87647611|0.85938189|0.79369117|0.95933233|0.51526923|0.94431495|0.82882992|0.89490263
collector_low4_cr47,,42,9,13,21,426,426,426,426,426,426,1,1,8,0.5708022407021923,0.4045248070641081,0.12135744211923243,0.2554019609789072,0.00595761040190742,0.04744228425113909,0.9404403669682642,-0.4145575855396715,426|782|620|516|84|442|403|288,0.94044037|0.85159908|0.47255364|0.49075372|0.7099726|0.77995917|0.52250485|0.75558089
collector_low4_cr47,,42,9,14,22,765,1005,765,765,765,765,1,1,8,0.5708022407021923,0.4045248070641081,0.12135744211923243,0.2772980559508442,0.00595761040190742,0.04744228425113909,0.8928722098106529,-0.7081650975387117,765|883|927|87|30|158|638|748,0.89287221|0.68366081|0.86983373|0.98502111|0.87357215|0.83413817|0.90398765|0.57083978
collector_low4_cr47,,42,9,15,23,1023,1023,1023,1023,1023,1023,1,1,8,0.5708022407021923,0.4045248070641081,0.12135744211923243,0.2991941509227811,0.00595761040190742,0.04744228425113909,0.9841715848600047,1.060068691417509,1023|580|248|130|490|579|161|704,0.98417158|0.68962707|0.95105101|0.89266148|0.4696697|0.85067571|0.96873167|0.1178879
collector_low4_cr47,,42,9,16,24,597,597,597,597,597,597,1,1,8,0.5708022407021923,0.4045248070641081,0.12135744211923243,0.32109024589471813,0.00595761040190742,0.04744228425113909,0.9850401943817301,-0.2489650868437288,597|407|366|222|277|984|287|276,0.98504019|0.77218172|0.99761072|0.56894739|0.87581928|0.65982222|0.83914625|0.89835071
collector_low4_cr47,,42,9,17,25,562,562,562,562,562,562,1,1,8,0.5708022407021923,0.4045248070641081,0.12135744211923243,0.34298634086665514,0.00595761040190742,0.04744228425113909,0.885667130510468,-0.683208632620314,562|281|504|39|949|148|497|761,0.88566713|0.87560302|0.96115507|0.8248172|0.98831656|0.94425095|0.74316157|0.96290967
collector_low4_cr47,,42,9,18,26,827,827,827,827,827,827,1,1,8,0.5708022407021923,0.4045248070641081,0.12135744211923243,0.36488243583859203,0.00595761040190742,0.04744228425113909,0.977135317111041,-0.7088848541178204,827|846|108|769|15|659|481|653,0.97713532|0.90919482|0.94660211|0.73914488|0.83617169|0.85995821|0.55006101|0.75489632
collector_low4_cr47,,42,9,19,27,890,890,890,890,890,890,1,1,8,0.5708022407021923,0.4045248070641081,0.12135744211923243,0.38677853081052904,0.00595761040190742,0.04744228425113909,0.993790922236275,0.32398503398480205,890|930|114|894|820|631|479|647,0.99379092|0.92079883|0.85201247|0.98448864|0.89030527|0.99158615|0.75687592|0.9345821
collector_low4_cr47,,42,9,20,28,174,174,174,174,174,174,1,1,8,0.5708022407021923,0.4045248070641081,0.12135744211923243,0.40867462578246605,0.00595761040190742,0.04744228425113909,0.9991916596884649,-0.14064215892293352,174|855|260|340|402|832|798|163,0.99919166|0.97115142|0.85402758|0.60118109|0.51459581|0.87060162|0.79939543|0.93533545
collector_low4_cr47,,42,9,21,29,267,267,267,267,267,267,1,1,8,0.5708022407021923,0.4045248070641081,0.12135744211923243,0.43057072075440295,0.00595761040190742,0.04744228425113909,0.8839225626307581,-0.8338900291575169,267|426|558|864|920|765|757|970,0.88392256|0.9007267|0.52207568|0.74175619|0.831389|0.91534944|0.59093506|0.89311649
collector_low4_cr47,,42,9,22,30,917,917,917,917,917,917,1,1,8,0.5708022407021923,0.4045248070641081,0.12135744211923243,0.45246681572633995,0.00595761040190742,0.04744228425113909,0.9963850650594285,-0.5433281902734326,917|812|573|493|477|772|163|136,0.99638507|0.80199891|0.86921527|0.7708167|0.86351917|0.95515154|0.94322683|0.95532037
collector_low4_cr47,,42,9,23,31,656,656,656,656,656,656,1,1,8,0.5708022407021923,0.4045248070641081,0.12135744211923243,0.47436291069827696,0.00595761040190742,0.04744228425113909,0.9075379956229948,-0.7502965568597639,656|360|949|668|442|877|156|229,0.907538|0.94318289|0.95128053|0.79596678|0.95073932|0.87254315|0.74217845|0.96494239
collector_low4_cr47,,42,9,24,32,889,889,889,889,889,889,1,1,8,0.5708022407021923,0.4045248070641081,0.12135744211923243,0.49625900567021386,0.00595761040190742,0.04744228425113909,0.9528269033671071,-1.6320283265555806,889|837|14|252|129|20|542|70,0.9528269|0.85797875|0.86742562|0.83760094|0.90873898|0.94289753|0.94353844|0.89606772
collector_low4_cr47,,42,9,25,33,66,66,66,66,66,66,1,1,8,0.5708022407021923,0.4045248070641081,0.12135744211923243,0.5181551006421509,0.00595761040190742,0.04744228425113909,0.974017292140139,-1.388394290607164,66|1005|157|895|698|957|3|112,0.97401729|0.97432432|0.87287266|0.96553538|0.97863895|0.90034989|0.87012715|0.77100157
collector_low4_cr47,,42,9,26,34,586,649,586,586,586,586,1,1,8,0.5708022407021923,0.4045248070641081,0.12135744211923243,0.5400511956140879,0.00595761040190742,0.04744228425113909,0.7210646949884355,-1.1656851305372555,586|808|786|1|429|449|513|9,0.72106469|0.8357844|0.71138853|0.8070763|0.95361297|0.88702431|0.84418694|0.60894331
collector_low4_cr47,,42,9,27,35,425,425,425,425,425,425,1,1,8,0.5708022407021923,0.4045248070641081,0.12135744211923243,0.5619472905860248,0.00595761040190742,0.04744228425113909,0.8097601829909333,-0.9544052493951096,425|292|599|575|297|251|636|988,0.80976018|0.9815094|0.83189187|0.37295287|0.66837758|0.63707195|0.94266082|0.79813645
collector_low4_cr47,,42,9,28,36,860,860,860,860,860,860,1,1,8,0.5708022407021923,0.4045248070641081,0.12135744211923243,0.5838433855579619,0.00595761040190742,0.04744228425113909,0.9895399788850916,0.46914868595299675,860|600|83|994|141|918|931|0,0.98953998|0.8987443|0.76963152|0.99359015|0.90220412|0.93021852|0.91215314|0.85473318
collector_low4_cr47,,42,9,29,37,553,553,553,553,553,553,1,1,8,0.5708022407021923,0.4045248070641081,0.12135744211923243,0.6057394805298988,0.00595761040190742,0.04744228425113909,0.9348586686103921,-0.5122888696109773,553|613|890|358|788|540|566|826,0.93485867|0.91911018|0.97939712|0.85830368|0.92587472|0.37414431|0.90662631|0.64364185
collector_low4_cr47,,42,9,30,38,629,629,629,629,629,629,1,1,8,0.5708022407021923,0.4045248070641081,0.12135744211923243,0.6276355755018357,0.00595761040190742,0.04744228425113909,0.9237393587871215,-0.6311769541896439,629|391|438|774|579|457|628|616,0.92373936|0.91950705|0.71876084|0.95692072|0.83927349|0.81562163|0.46161865|0.84284241
collector_low4_cr47,,42,9,31,39,759,759,759,759,759,759,1,1,8,0.5708022407021923,0.4045248070641081,0.12135744211923243,0.6495316704737728,0.00595761040190742,0.04744228425113909,0.9776408124705687,-0.3606874072200849,759|481|870|381|510|758|383|30,0.97764081|0.25624553|0.94459051|0.87473719|0.75197884|0.63328058|0.81233352|0.93570036
collector_low4_cr47,,42,9,32,40,494,494,494,494,494,494,1,1,8,0.5708022407021923,0.4045248070641081,0.12135744211923243,0.6714277654457097,0.00595761040190742,0.04744228425113909,0.9433664752970138,-0.4316401399133592,494|490|512|441|113|422|306|946,0.94336648|0.36662925|0.76187971|0.33273263|0.94565857|0.73828458|0.95936919|0.88142483
collector_low4_cr47,,42,9,33,41,303,303,303,303,303,303,1,1,8,0.5708022407021923,0.4045248070641081,0.12135744211923243,0.6933238604176466,0.00595761040190742,0.04744228425113909,0.9588990079401237,-0.5665369459560292,303|703|201|158|516|41|795|558,0.95889901|0.91614176|0.7821786|0.9387055|0.9989216|0.9633405|0.99524768|0.3153041
collector_low4_cr47,,42,9,34,42,1022,1022,1022,1022,1022,1022,1,1,8,0.5708022407021923,0.4045248070641081,0.12135744211923243,0.7152199553895837,0.00595761040190742,0.04744228425113909,0.9997667326403971,2.8948987621286975,1022|793|276|803|702|570|375|404,0.99976673|0.87258029|0.87819153|0.77658498|0.56053623|0.93633743|0.77414056|0.88479234
collector_low4_cr47,,42,9,35,43,720,720,720,720,720,720,1,1,8,0.5708022407021923,0.4045248070641081,0.12135744211923243,0.7371160503615206,0.00595761040190742,0.04744228425113909,0.8680641477058034,-1.0935923339775113,720|437|712|719|108|98|43|702,0.86806415|0.81888652|0.62632692|0.33799496|0.92421199|0.9884703|0.91695689|0.83078212
collector_low4_cr47,,42,9,36,44,314,314,314,314,314,314,1,1,8,0.5708022407021923,0.4045248070641081,0.12135744211923243,0.7590121453334575,0.00595761040190742,0.04744228425113909,0.7371489414528775,-1.3063763215379876,314|984|366|864|273|467|131|686,0.73714894|0.96177349|0.72413843|0.96730412|0.90363968|0.82455276|0.97131982|0.71311659
collector_low4_cr47,,42,9,37,45,602,602,602,602,602,602,1,1,8,0.5708022407021923,0.4045248070641081,0.12135744211923243,0.7809082403053946,0.00595761040190742,0.04744228425113909,0.7322250563163599,-1.1624126051150383,602|878|860|542|563|270|337|880,0.73222506|0.99423991|0.99921706|0.31626476|0.88941819|0.81606809|0.85961691|0.9423367
collector_low4_cr47,,42,9,38,46,7,283,7,7,7,7,1,1,8,0.5708022407021923,0.4045248070641081,0.12135744211923243,0.8028043352773315,0.00595761040190742,0.04744228425113909,0.9871150679539344,-3.1068100587524876,7|1023|54|231|613|1|753|929,0.98711507|0.92243695|0.8424759|0.65122409|0.59564125|0.90526354|0.81077345|0.86787772
collector_low4_cr47,,42,9,39,47,414,414,414,414,414,414,1,1,8,0.5708022407021923,0.4045248070641081,0.12135744211923243,0.8247004302492684,0.00595761040190742,0.04744228425113909,0.49886203829921794,-1.8404759922929206,414|147|456|559|176|877|406|199,0.49886204|0.81569371|0.85434626|0.55183379|0.43347397|0.86531674|0.35917669|0.96397173
collector_low4_cr47,,42,9,40,48,807,807,807,807,807,807,1,1,8,0.5708022407021923,0.4045248070641081,0.12135744211923243,0.8465965252212055,0.00595761040190742,0.04744228425113909,0.9481847650838383,-0.8979769389481007,807|859|539|618|141|923|486|857,0.94818477|0.62523679|0.81404464|0.98378131|0.98588226|0.72110999|0.72942094|0.58771183
collector_low4_cr47,,42,9,41,49,195,195,195,195,195,195,1,1,8,0.5708022407021923,0.4045248070641081,0.12135744211923243,0.8684926201931424,0.00595761040190742,0.04744228425113909,0.9001137724273996,-1.4479806542315163,195|102|778|593|27|1015|925|732,0.90011377|0.90813388|0.75211651|0.84076725|0.75956916|0.95597763|0.85395937|0.68990475
collector_low4_cr47,,42,9,42,50,826,826,826,826,826,826,1,1,8,0.5708022407021923,0.4045248070641081,0.12135744211923243,0.8903887151650793,0.00595761040190742,0.04744228425113909,0.9414347685492902,-1.4173869755829647,826|827|889|338|704|467|531|165,0.94143477|0.88688386|0.94691012|0.34092603|0.77757113|0.99740651|0.63741586|0.9450759
collector_low4_cr47,,42,9,43,51,928,928,928,928,928,928,1,1,8,0.5708022407021923,0.4045248070641081,0.12135744211923243,0.9122848101370165,0.00595761040190742,0.04744228425113909,0.9643815423372273,-2.240198151370079,928|788|281|181|763|340|31|123,0.96438154|0.92629622|0.92905095|0.8635543|0.79732487|0.76263354|0.75365147|0.89256641
collector_low4_cr47,,42,9,44,52,761,761,761,761,761,761,1,1,8,0.5708022407021923,0.4045248070641081,0.12135744211923243,0.9341809051089534,0.00595761040190742,0.04744228425113909,0.8947576859687368,-1.1603749906724152,761|324|789|756|686|385|83|191,0.89475769|0.59283232|0.51947969|0.97413902|0.82423295|0.34816427|0.88833366|0.88505965
collector_low4_cr47,,42,9,45,53,590,590,590,590,590,590,1,1,8,0.5708022407021923,0.4045248070641081,0.12135744211923243,0.9560770000808902,0.00595761040190742,0.04744228425113909,0.4662176653562067,-1.7607855373556334,590|745|589|113|907|562|531|328,0.46621767|0.72523806|0.62781943|0.85153521|0.91881348|0.95540415|0.55625331|0.6958976
collector_low4_cr47,,42,9,46,54,383,383,383,383,383,383,1,1,8,0.5708022407021923,0.4045248070641081,0.12135744211923243,0.9779730950528274,0.00595761040190742,0.04744228425113909,0.5945798024957043,-1.5905256004777204,383|382|596|615|394|34|268|737,0.5945798|0.75065535|0.95435927|0.98573737|0.98531614|0.97368543|0.95668681|0.77753397
collector_low4_cr47,,42,9,47,55,267,267,267,267,267,267,1,1,8,0.5708022407021923,0.4045248070641081,0.12135744211923243,0.9998691900247643,0.00595761040190742,0.04744228425113909,0.7604750769353997,-1.3334576746179005,267|373|899|336|228|266|677|80,0.76047508|0.96824683|0.79680177|0.9772233|0.61093932|0.8649742|0.8841501|0.84774246
collector_low4_cr47,,42,9,48,56,314,314,314,314,314,314,1,1,8,0.5708022407021923,0.4045248070641081,0.12135744211923243,1.0217652849967012,0.00595761040190742,0.04744228425113909,0.7720314645510842,-1.2323324010512953,314|211|37|62|787|301|728|887,0.77203146|0.87304904|0.90346939|0.58263399|0.90475599|0.85960761|0.40245718|0.75420453
collector_low4_cr47,,42,11,0,8,803,803,803,803,803,803,1,1,8,0.4218254040863245,0.6100169520012263,0.18300508560036788,0.08265868443612834,0.017921629754158737,0.10658182114407623,0.9590110654573125,-0.5706597325796501,803|849|802|619|906|805|34|267,0.95901107|0.91976847|0.71359288|0.93987244|0.85662545|0.50994319|0.96851361|0.86848933
collector_low4_cr47,,42,11,1,9,711,711,711,711,711,711,1,1,8,0.4218254040863245,0.6100169520012263,0.18300508560036788,0.10457065782279978,0.017921629754158737,0.10658182114407623,0.951327094776769,-0.5622686785308698,711|1013|146|429|80|383|547|326,0.95132709|0.99387264|0.93155038|0.8526587|0.86375868|0.22904131|0.42150549|0.77958944
collector_low4_cr47,,42,11,2,10,922,460,922,922,922,922,1,1,8,0.4218254040863245,0.6100169520012263,0.18300508560036788,0.12648263120947123,0.017921629754158737,0.10658182114407623,0.902536708392444,-3.082847711295875,922|189|364|812|382|188|611|958,0.90253671|0.90193818|0.95600147|0.98069506|0.81409607|0.93948071|0.98996239|0.67358087
collector_low4_cr47,,42,11,3,11,718,718,718,718,718,718,1,1,8,0.4218254040863245,0.6100169520012263,0.18300508560036788,0.14839460459614268,0.017921629754158737,0.10658182114407623,0.9806164886420664,-0.067924334293334,718|303|332|837|306|273|988|990,0.98061649|0.51125698|0.90020132|0.81560592|0.36995472|0.69432389|0.96307618|0.88331133
collector_low4_cr47,,42,11,4,12,756,756,756,756,756,756,1,1,8,0.4218254040863245,0.6100169520012263,0.18300508560036788,0.17030657798281418,0.017921629754158737,0.10658182114407623,0.9908913221215163,-0.31023816952909944,756|111|16|217|751|579|419|510,0.99089132|0.7317045|0.95052636|0.87160027|0.93050633|0.70065677|0.71575864|0.70374433
collector_low4_cr47,,42,11,5,13,109,109,109,109,109,109,1,1,8,0.4218254040863245,0.6100169520012263,0.18300508560036788,0.19221855136948568,0.017921629754158737,0.10658182114407623,0.980074099155219,0.4776685290624834,109|926|736|950|107|44|438|1007,0.9800741|0.94887146|0.93137652|0.99662377|0.93046898|0.85717948|0.85482404|0.92830747
collector_low4_cr47,,42,11,6,14,932,932,932,932,932,932,1,1,8,0.4218254040863245,0.6100169520012263,0.18300508560036788,0.21413052475615707,0.017921629754158737,0.10658182114407623,0.9581634047948485,-1.6884236674367687,932|231|944|639|939|651|480|324,0.9581634|0.74859765|0.92163143|0.96016332|0.54879667|0.80953676|0.82213809|0.33178181
collector_low4_cr47,,42,11,7,15,468,468,468,468,468,468,1,1,8,0.4218254040863245,0.6100169520012263,0.18300508560036788,0.23604249814282857,0.017921629754158737,0.10658182114407623,0.8332778242525362,-0.7737228039928141,468|876|109|417|430|52|479|637,0.83327782|0.97394947|0.69901215|0.98921176|0.62944498|0.76127083|0.98440324|0.8587747
collector_low4_cr47,,42,11,8,16,89,89,89,89,89,89,1,1,8,0.4218254040863245,0.6100169520012263,0.18300508560036788,0.25795447152949996,0.017921629754158737,0.10658182114407623,0.9943361247232909,-0.7692387943900141,89|42|412|127|620|452|783|615,0.99433612|0.9761496|0.93117527|0.93154322|0.81969878|0.96138925|0.87139913|0.50977033
collector_low4_cr47,,42,11,9,17,713,713,713,713,713,713,1,1,8,0.4218254040863245,0.6100169520012263,0.18300508560036788,0.27986644491617146,0.017921629754158737,0.10658182114407623,0.9732154915226557,-0.30171523566045355,713|41|200|650|498|209|349|150,0.97321549|0.85106528|0.43129942|0.82774533|0.39957031|0.73874772|0.92538699|0.9685792
collector_low4_cr47,,42,11,10,18,865,865,865,865,865,865,1,1,8,0.4218254040863245,0.6100169520012263,0.18300508560036788,0.30177841830284297,0.017921629754158737,0.10658182114407623,0.9901464189326031,-0.4603652570027955,865|568|895|76|474|462|381|761,0.99014642|0.97037523|0.89811386|0.83017556|0.98667479|0.74324274|0.62252624|0.79206459
collector_low4_cr47,,42,11,11,19,92,92,92,92,92,92,1,1,8,0.4218254040863245,0.6100169520012263,0.18300508560036788,0.32369039168951436,0.017921629754158737,0.10658182114407623,0.9659733718623176,0.29928583783610635,92|778|192|1019|808|734|1015|190,0.96597337|0.93752171|0.87393808|0.70002514|0.95853978|0.74176271|0.72385371|0.78993107
collector_low4_cr47,,42,11,12,20,645,645,645,645,645,645,1,1,8,0.4218254040863245,0.6100169520012263,0.18300508560036788,0.34560236507618586,0.017921629754158737,0.10658182114407623,0.996830015675406,0.12706060632078792,645|357|318|544|764|748|858|335,0.99683002|0.77772393|0.673629|0.94745702|0.58875912|0.56110935|0.84301911|0.88425807
collector_low4_cr47,,42,11,13,21,426,426,426,426,426,426,1,1,8,0.4218254040863245,0.6100169520012263,0.18300508560036788,0.36751433846285736,0.017921629754158737,0.10658182114407623,0.8951996425694804,-0.48798773342781177,426|882|575|427|54|974|857|24,0.89519964|0.96865583|0.64158005|0.2275176|0.94430497|0.88216027|0.84697086|0.8232515
collector_low4_cr47,,42,11,14,22,765,765,765,765,765,765,1,1,8,0.4218254040863245,0.6100169520012263,0.18300508560036788,0.38942631184952875,0.017921629754158737,0.10658182114407623,0.9722742834570849,-0.38549803020078877,765|112|590|677|262|848|93|878,0.97227428|0.8063902|0.76041628|0.67729522|0.55563255|0.89166197|0.8195073|0.89824152
collector_low4_cr47,,42,11,15,23,1023,701,1023,1023,1023,1023,1,1,8,0.4218254040863245,0.6100169520012263,0.18300508560036788,0.41133828523620025,0.017921629754158737,0.10658182114407623,0.9989960722271203,1.425359395567665,1023|701|649|461|173|528|1021|959,0.99899607|0.70954235|0.80131916|0.80501295|0.72090772|0.62260085|0.95248368|0.63157554
collector_low4_cr47,,42,11,16,24,597,597,597,597,597,597,1,1,8,0.4218254040863245,0.6100169520012263,0.18300508560036788,0.43325025862287164,0.017921629754158737,0.10658182114407623,0.9032642757962104,-0.3280988166660327,597|766|77|59|573|685|874|232,0.90326428|0.6989045|0.97717965|0.87422394|0.94057867|0.46511268|0.12971797|0.95161058
collector_low4_cr47,,42,11,17,25,562,562,562,562,562,562,1,1,8,0.4218254040863245,0.6100169520012263,0.18300508560036788,0.45516223200954314,0.017921629754158737,0.10658182114407623,0.9521375503160557,-0.427862191036465,562|666|930|61|769|365|531|554,0.95213755|0.78490765|0.94129679|0.84182708|0.77782372|0.37360116|0.97299245|0.81159366
collector_low4_cr47,,42,11,18,26,827,827,827,827,827,827,1,1,8,0.4218254040863245,0.6100169520012263,0.18300508560036788,0.47707420539621465,0.017921629754158737,0.10658182114407623,0.9821960992526064,-0.5806458368556988,827|826|92|328|852|569|800|221,0.9821961|0.79818287|0.91529373|0.99263983|0.87284009|0.84604827|0.95430834|0.99409156
collector_low4_cr47,,42,11,19,27,890,890,890,890,890,890,1,1,8,0.4218254040863245,0.6100169520012263,0.18300508560036788,0.49898617878288604,0.017921629754158737,0.10658182114407623,0.9826392412300118,-0.5168023411779041,890|830|224|630|494|814|487|263,0.98263924|0.86603741|0.91310526|0.99098959|0.76353158|0.82026277|0.92345034|0.73585175
collector_low4_cr47,,42,11,20,28,174,174,174,174,174,174,1,1,8,0.4218254040863245,0.6100169520012263,0.18300508560036788,0.5208981521695575,0.017921629754158737,0.10658182114407623,0.9999632803398181,0.025089426627062258,174|653|756|863|74|449|712|175,0.99996328|0.93309847|0.99227941|0.98701121|0.9388813|0.68103121|0.88144768|0.12199123
collector_low4_cr47,,42,11,21,29,267,267,267,267,267,267,1,1,8,0.4218254040863245,0.6100169520012263,0.18300508560036788,0.542810125556229,0.017921629754158737,0.10658182114407623,0.9950403921268605,-0.21911649893577573,267|963|456|347|282|718|724|598,0.99504039|0.92820713|0.82652185|0.44963477|0.6950589|0.85014124|0.88041255|0.99734849
collector_low4_cr47,,42,11,22,30,917,917,917,917,917,917,1,1,8,0.4218254040863245,0.6100169520012263,0.18300508560036788,0.5647220989429005,0.017921629754158737,0.10658182114407623,0.9857567759850244,-1.3777908562218122,917|81|98|910|714|845|938|872,0.98575678|0.86259826|0.77333646|0.80781641|0.29523694|0.71619302|0.97339802|0.9099318
collector_low4_cr47,,42,11,23,31,656,656,656,656,656,656,1,1,8,0.4218254040863245,0.6100169520012263,0.18300508560036788,0.586634072329572,0.017921629754158737,0.10658182114407623,0.9991101103485397,0.06727378123459515,656|493|796|818|657|797|888|913,0.99911011|0.69692794|0.63391059|0.97869652|0.023309734|0.97372227|0.74026046|0.61729631
collector_low4_cr47,,42,11,24,32,889,889,889,889,889,889,1,1,8,0.4218254040863245,0.6100169520012263,0.18300508560036788,0.6085460457162433,0.017921629754158737,0.10658182114407623,0.9244066986954269,-1.0030132944843517,889|888|784|816|571|369|944|883,0.9244067|0.94440753|0.98689433|0.90950898|0.68567553|0.58373263|0.98349718|0.89082723
collector_low4_cr47,,42,11,25,33,66,66,66,66,66,66,1,1,8,0.4218254040863245,0.6100169520012263,0.18300508560036788,0.6304580191029148,0.017921629754158737,0.10658182114407623,0.9913605368679435,-0.725717401302272,66|194|65|113|311|995|126|266,0.99136054|0.92944968|0.95549523|0.91318442|0.79733891|0.92513635|0.79961674|0.90583377
collector_low4_cr47,,42,11,26,34,586,586,586,586,586,586,1,1,8,0.4218254040863245,0.6100169520012263,0.18300508560036788,0.6523699924895863,0.017921629754158737,0.10658182114407623,0.9952949147516129,-0.11878260993571998,586|906|876|581|849|673|763|784,0.99529491|0.91635846|0.87504651|0.96656988|0.95925059|0.90848706|0.94845681|0.58001979
collector_low4_cr47,,42,11,27,35,425,582,425,425,425,425,1,1,8,0.4218254040863245,0.6100169520012263,0.18300508560036788,0.6742819658762578,0.017921629754158737,0.10658182114407623,0.8450898592902728,-0.5053778914063419,425|947|292|497|502|235|532|469,0.84508986|0.93115753|0.92548736|0.78459892|0.75171715|0.9834362|0.47197563|0.85544946
collector_low4_cr47,,42,11,28,36,860,860,860,860,860,860,1,1,8,0.4218254040863245,0.6100169520012263,0.18300508560036788,0.696193939262929,0.017921629754158737,0.10658182114407623,0.9822490418128924,-0.18512983405162242,860|26|523|914|688|437|215|19,0.98224904|0.9203619|0.31712839|0.80938104|0.21517349|0.86849222|0.90572923|0.90446563
collector_low4_cr47,,42,11,29,37,553,553,553,553,553,553,1,1,8,0.4218254040863245,0.6100169520012263,0.18300508560036788,0.7181059126496006,0.017921629754158737,0.10658182114407623,0.898163903460089,-0.6542460652311247,553|506|60|140|237|238|958|222,0.8981639|0.73350164|0.96014378|0.8601342|0.97737523|0.82844749|0.73436775|0.99733845
collector_low4_cr47,,42,11,30,38,629,629,629,629,629,629,1,1,8,0.4218254040863245,0.6100169520012263,0.18300508560036788,0.740017886036272,0.017921629754158737,0.10658182114407623,0.7615021673917499,-1.2568022138265003,629|621|664|948|190|192|317|643,0.76150217|0.99168091|0.86545897|0.85376227|0.73577724|0.88337497|0.59620077|0.87245348
collector_low4_cr47,,42,11,31,39,759,759,759,759,759,759,1,1,8,0.4218254040863245,0.6100169520012263,0.18300508560036788,0.7619298594229436,0.017921629754158737,0.10658182114407623,0.8906114434530182,-1.3320595986101254,759|525|43|18|44|672|825|462,0.89061144|0.8963554|0.98161948|0.92435196|0.83358643|0.79858299|0.51257702|0.93998021
collector_low4_cr47,,42,11,32,40,494,494,494,494,494,494,1,1,8,0.4218254040863245,0.6100169520012263,0.18300508560036788,0.7838418328096151,0.017921629754158737,0.10658182114407623,0.7929159840912965,-0.9069911511785534,494|59|882|119|756|436|112|137,0.79291598|0.86454975|0.93626151|0.94047134|0.99587916|0.82759825|0.96831533|0.97449598
collector_low4_cr47,,42,11,33,41,303,303,303,303,303,303,1,1,8,0.4218254040863245,0.6100169520012263,0.18300508560036788,0.8057538061962866,0.017921629754158737,0.10658182114407623,0.812003439162884,-1.201615772116633,303|314|302|113|465|178|874|797,0.81200344|0.82526718|0.54827914|0.96668264|0.73994529|0.75316666|0.98379064|0.87249006
collector_low4_cr47,,42,11,34,42,1022,1022,1022,1022,1022,1022,1,1,8,0.4218254040863245,0.6100169520012263,0.18300508560036788,0.8276657795829578,0.017921629754158737,0.10658182114407623,0.9897559650320452,1.8959548227223908,1022|603|46|717|314|650|520|645,0.98975597|0.46220296|0.94675927|0.9916144|0.45954197|0.75757136|0.67255636|0.79766437
collector_low4_cr47,,42,11,35,43,720,720,720,720,720,720,1,1,8,0.4218254040863245,0.6100169520012263,0.18300508560036788,0.8495777529696293,0.017921629754158737,0.10658182114407623,0.9430513123017469,-0.6966441982098515,720|927|275|332|825|40|714|924,0.94305131|0.97594344|0.88643179|0.81137788|0.46470275|0.8676332|0.82725962|0.82830528
collector_low4_cr47,,42,11,36,44,314,314,314,314,314,314,1,1,8,0.4218254040863245,0.6100169520012263,0.18300508560036788,0.8714897263563008,0.017921629754158737,0.10658182114407623,0.7631007743414606,-1.0502448715389427,314|357|423|70|922|320|839|748,0.76310077|0.35719901|0.50801202|0.89259729|0.99943941|0.82891241|0.75232578|0.89364318
collector_low4_cr47,,42,11,37,45,602,602,602,602,602,602,1,1,8,0.4218254040863245,0.6100169520012263,0.18300508560036788,0.8934016997429723,0.017921629754158737,0.10658182114407623,0.8658872915977306,-0.8110932229275483,602|940|605|209|417|128|290|212,0.86588729|0.90904713|0.35865964|0.43686793|0.87543575|0.82339696|0.46247998|0.25008635
collector_low4_cr47,,42,11,38,46,7,7,7,7,7,7,1,1,8,0.4218254040863245,0.6100169520012263,0.18300508560036788,0.9153136731296438,0.017921629754158737,0.10658182114407623,0.9635825188352144,-2.2726183457839384,7|57|8|562|629|455|66|330,0.96358252|0.96587858|0.63886217|0.85467288|0.94822076|0.66235528|0.85328541|0.62293603
collector_low4_cr47,,42,11,39,47,414,414,414,414,414,414,1,1,8,0.4218254040863245,0.6100169520012263,0.18300508560036788,0.9372256465163151,0.017921629754158737,0.10658182114407623,0.6154470094033367,-1.4310569730559641,414|296|833|826|616|172|836|858,0.61544701|0.19849846|0.68589064|0.74660792|0.82390569|0.67367458|0.64212404|0.86798032
collector_low4_cr47,,42,11,40,48,807,807,807,807,807,807,1,1,8,0.4218254040863245,0.6100169520012263,0.18300508560036788,0.9591376199029866,0.017921629754158737,0.10658182114407623,0.998187122562805,0.14880829487738456,807|62|915|162|225|435|120|687,0.99818712|0.97164398|0.9097326|0.70179549|0.85760714|0.33647287|0.61470703|0.91386939
collector_low4_cr47,,42,11,41,49,195,74,195,195,195,195,1,1,8,0.4218254040863245,0.6100169520012263,0.18300508560036788,0.9810495932896581,0.017921629754158737,0.10658182114407623,0.7770117765456661,-2.4558250509714177,195|557|714|725|311|131|414|556,0.77701178|0.66589733|0.3659108|0.42426249|0.77153105|0.69085933|0.83968127|0.24836857
collector_low4_cr47,,42,11,42,50,826,826,826,826,826,826,1,1,8,0.4218254040863245,0.6100169520012263,0.18300508560036788,1.0029615666763296,0.017921629754158737,0.10658182114407623,0.9697456383460974,-0.8192876072084874,826|427|966|300|816|232|995|535,0.96974564|0.90929092|0.69602121|0.83081387|0.76136698|0.83557315|0.86015805|0.32812164
collector_low4_cr47,,42,11,43,51,928,928,928,928,928,928,1,1,8,0.4218254040863245,0.6100169520012263,0.18300508560036788,1.0248735400630011,0.017921629754158737,0.10658182114407623,0.9930883363719832,-0.9105419198185071,928|945|716|479|561|1020|942|69,0.99308834|0.97572543|0.85948397|0.9756387|0.9823543|0.83424771|0.99598805|0.82897366
collector_low4_cr47,,42,11,44,52,761,761,761,761,761,761,1,1,8,0.4218254040863245,0.6100169520012263,0.18300508560036788,1.0467855134496724,0.017921629754158737,0.10658182114407623,0.9192012962836992,-0.887801392903623,761|144|777|291|1|959|913|178,0.9192013|0.84190126|0.73916438|0.98499703|0.96791462|0.80759787|0.78937822|0.79142591
collector_low4_cr47,,42,11,45,53,590,590,590,590,590,590,1,1,8,0.4218254040863245,0.6100169520012263,0.18300508560036788,1.068697486836344,0.017921629754158737,0.10658182114407623,0.7851229368333286,-1.0415052041331074,590|481|70|73|87|403|870|923,0.78512294|0.52225866|0.90437933|0.79266245|0.89177784|0.5911634|0.82488509|0.88826048
collector_low4_cr47,,42,11,46,54,383,383,383,383,383,383,1,1,8,0.4218254040863245,0.6100169520012263,0.18300508560036788,1.0906094602230154,0.017921629754158737,0.10658182114407623,0.8334448098098588,-0.8836489630625421,383|739|129|621|998|740|773|810,0.83344481|0.45428649|0.80732836|0.1626928|0.82970287|0.38407516|0.85538694|0.80627192
collector_low4_cr47,,42,11,47,55,267,267,267,267,267,267,1,1,8,0.4218254040863245,0.6100169520012263,0.18300508560036788,1.112521433609687,0.017921629754158737,0.10658182114407623,0.7824098506155235,-1.7012477845262386,267|830|68|794|793|667|67|44,0.78240985|0.80690324|0.97931263|0.99070457|0.46495865|0.80400077|0.99342988|0.83123533
collector_low4_cr47,,42,11,48,56,314,75,314,314,314,314,1,1,8,0.4218254040863245,0.6100169520012263,0.18300508560036788,1.1344334069963584,0.017921629754158737,0.10658182114407623,0.8449836090903077,-1.169841161463782,314|208|112|18|472|807|739|441,0.84498361|0.93020138|0.81154323|0.88182084|0.58780983|0.70018679|0.74496038|0.021321509
collector_low4_cr47,,42,14,0,8,803,803,803,803,803,803,1,1,8,0.3609871406845275,0.6962983907607218,0.20888951722821653,-0.09274315996642479,0.005098158941105081,0.09234411399060893,0.9748391083013416,0.36402251865520013,803|756|580|287|84|790|228|641,0.97483911|0.97776936|0.98760816|0.99632984|0.82419025|0.98747465|0.82729203|0.91020025
collector_low4_cr47,,42,14,1,9,711,711,711,711,711,711,1,1,8,0.3609871406845275,0.6962983907607218,0.20888951722821653,-0.07081377506207964,0.005098158941105081,0.09234411399060893,0.9996922841289655,-0.02373589108590093,711|571|889|147|791|429|622|283,0.99969228|0.97695949|0.91346486|0.97876423|0.97406746|0.75649345|0.97796984|0.64370868
collector_low4_cr47,,42,14,2,10,922,922,922,922,922,922,1,1,8,0.3609871406845275,0.6962983907607218,0.20888951722821653,-0.048884390157734436,0.005098158941105081,0.09234411399060893,0.9791722030974611,-2.098419395280663,922|326|507|405|977|1018|327|967,0.9791722|0.91816543|0.99491287|0.61385924|0.91861702|0.89494719|0.97719175|0.99290806
collector_low4_cr47,,42,14,3,11,718,718,718,718,718,718,1,1,8,0.3609871406845275,0.6962983907607218,0.20888951722821653,-0.02695500525338923,0.005098158941105081,0.09234411399060893,0.9562503966587459,0.22727258755617583,718|65|292|20|926|443|735|491,0.9562504|0.76419475|0.97008726|0.9652592|0.99134073|0.91529794|0.79275348|0.9828572
collector_low4_cr47,,42,14,4,12,756,756,756,756,756,756,1,1,8,0.3609871406845275,0.6962983907607218,0.20888951722821653,-0.00502562034904408,0.005098158941105081,0.09234411399060893,0.9591188318467597,0.25033685642713704,756|633|955|795|910|49|741|782,0.95911883|0.93736301|0.86780353|0.82125385|0.79881963|0.97290244|0.57833539|0.8859877
collector_low4_cr47,,42,14,5,13,109,109,109,109,109,109,1,1,8,0.3609871406845275,0.6962983907607218,0.20888951722821653,0.01690376455530107,0.005098158941105081,0.09234411399060893,0.9276797656840327,0.46370313362361015,109|150|76|524|891|750|301|83,0.92767977|0.90885299|0.96795592|0.97732888|0.89888543|0.90639709|0.85171781|0.75527837
collector_low4_cr47,,42,14,6,14,932,932,932,932,932,932,1,1,8,0.3609871406845275,0.6962983907607218,0.20888951722821653,0.03883314945964633,0.005098158941105081,0.09234411399060893,0.9774830133967014,-2.7220558835255826,932|917|900|283|447|853|249|178,0.97748301|0.74580221|0.94901894|0.94012184|0.98802027|0.93977286|0.75536738|0.85558342
collector_low4_cr47,,42,14,7,15,468,468,468,468,468,468,1,1,8,0.3609871406845275,0.6962983907607218,0.20888951722821653,0.06076253436399148,0.005098158941105081,0.09234411399060893,0.8595410188643461,-0.7021280591089318,468|899|337|230|569|745|243|749,0.85954102|0.98094736|0.76120793|0.96191999|0.99338662|0.99219859|0.98105925|0.58837193
collector_low4_cr47,,42,14,8,16,89,89,89,89,89,89,1,1,8,0.3609871406845275,0.6962983907607218,0.20888951722821653,0.08269191926833663,0.005098158941105081,0.09234411399060893,0.9252001825963412,-0.9871313257362228,89|845|85|797|274|209|649|174,0.92520018|0.92863071|0.92541533|0.96230554|0.6177325|0.86383154|0.63658647|0.81110506
collector_low4_cr47,,42,14,9,17,713,713,713,713,713,713,1,1,8,0.3609871406845275,0.6962983907607218,0.20888951722821653,0.1046213041726819,0.005098158941105081,0.09234411399060893,0.8996962031599619,-0.97422158285987,713|588|293|563|675|887|171|724,0.8996962|0.6284283|0.70988868|0.71467921|0.88365087|0.83194011|0.75649232|0.95665929
collector_low4_cr47,,42,14,10,18,865,865,865,865,865,865,1,1,8,0.3609871406845275,0.6962983907607218,0.20888951722821653,0.12655068907702705,0.005098158941105081,0.09234411399060893,0.9630075780890487,-1.2325369735671967,865|595|843|635|988|441|945|404,0.96300758|0.97852545|0.8894682|0.68600106|0.90275616|0.9138266|0.90883369|0.9277666
collector_low4_cr47,,42,14,11,19,92,92,92,92,92,92,1,1,8,0.3609871406845275,0.6962983907607218,0.20888951722821653,0.1484800739813722,0.005098158941105081,0.09234411399060893,0.9992105468560526,0.24416795738385777,92|757|576|142|900|160|187|667,0.99921055|0.85504904|0.88958146|0.97385566|0.68962401|0.86458029|0.88634901|0.59813283
collector_low4_cr47,,42,14,12,20,645,645,645,645,645,645,1,1,8,0.3609871406845275,0.6962983907607218,0.20888951722821653,0.17040945888571746,0.005098158941105081,0.09234411399060893,0.8843269567714832,-0.7974827458344944,645|364|644|98|169|43|890|106,0.88432696|0.95906764|0.29664693|0.96815277|0.70480995|0.91071525|0.63081791|0.93132053
collector_low4_cr47,,42,14,13,21,426,426,426,426,426,426,1,1,8,0.3609871406845275,0.6962983907607218,0.20888951722821653,0.1923388437900626,0.005098158941105081,0.09234411399060893,0.8625098076121258,-0.7890917236105581,426|422|4|584|669|889|903|396,0.86250981|0.82675548|0.7502242|0.56099411|0.98964827|0.92198611|0.9621529|0.59406913
collector_low4_cr47,,42,14,14,22,765,765,765,765,765,765,1,1,8,0.3609871406845275,0.6962983907607218,0.20888951722821653,0.21426822869440776,0.005098158941105081,0.09234411399060893,0.8091771452984216,-1.2947912566689113,765|630|262|129|632|937|726|488,0.80917715|0.91173545|0.67480169|0.95685925|0.67790993|0.9825243|0.98256501|0.7727324
collector_low4_cr47,,42,14,15,23,1023,1023,1023,1023,1023,1023,1,1,8,0.3609871406845275,0.6962983907607218,0.20888951722821653,0.23619761359875302,0.005098158941105081,0.09234411399060893,0.9900951964406288,-2.7297076102771682,1023|858|835|651|559|595|501|885,0.9900952|0.87939685|0.75085059|0.94416886|0.9366981|0.81363486|0.72504591|0.97070381
collector_low4_cr47,,42,14,16,24,597,597,597,597,597,597,1,1,8,0.3609871406845275,0.6962983907607218,0.20888951722821653,0.25812699850309817,0.005098158941105081,0.09234411399060893,0.7467303785904345,-1.1174635271029254,597|534|1010|622|873|63|167|701,0.74673038|0.82511489|0.93296605|0.90073349|0.99427071|0.74661273|0.97202902|0.40847505
collector_low4_cr47,,42,14,17,25,562,7,562,562,562,562,1,1,8,0.3609871406845275,0.6962983907607218,0.20888951722821653,0.2800563834074433,0.005098158941105081,0.09234411399060893,0.5556700195336424,-1.3943133992181571,562|561|771|591|565|741|148|44,0.55567002|0.7440265|0.43896294|0.54802682|0.32759447|0.66752794|0.89503821|0.88675347
collector_low4_cr47,,42,14,18,26,827,827,827,827,827,827,1,1,8,0.3609871406845275,0.6962983907607218,0.20888951722821653,0.30198576831178847,0.005098158941105081,0.09234411399060893,0.9288186965511531,-1.3638220164277013,827|416|17|637|782|475|412|631,0.9288187|0.73508084|0.99848006|0.82063069|0.91787413|0.94097398|0.78159887|0.86553942
collector_low4_cr47,,42,14,19,27,890,890,890,890,890,890,1,1,8,0.3609871406845275,0.6962983907607218,0.20888951722821653,0.32391515321613373,0.005098158941105081,0.09234411399060893,0.9717561868753353,-1.0665202055699639,890|556|309|693|951|637|719|959,0.97175619|0.97530752|0.92382301|0.85117916|0.9909141|0.67430512|0.92619551|0.90858371
collector_low4_cr47,,42,14,20,28,174,174,174,174,174,174,1,1,8,0.3609871406845275,0.6962983907607218,0.20888951722821653,0.3458445381204789,0.005098158941105081,0.09234411399060893,0.9709039540013163,-0.803809710829444,174|457|833|383|599|79|328|695,0.97090395|0.96951554|0.89865412|0.73254795|0.72491687|0.94110514|0.94620153|0.90380994
collector_low4_cr47,,42,14,21,29,267,267,267,267,267,267,1,1,8,0.3609871406845275,0.6962983907607218,0.20888951722821653,0.36777392302482403,0.005098158941105081,0.09234411399060893,0.8459895982142032,-1.1959290189961433,267|586|483|346|252|862|33|918,0.8459896|0.98787711|0.60388791|0.93780817|0.75182384|0.90487866|0.81607447|0.63977742
collector_low4_cr47,,42,14,22,30,917,917,917,917,917,917,1,1,8,0.3609871406845275,0.6962983907607218,0.20888951722821653,0.3897033079291693,0.005098158941105081,0.09234411399060893,0.9949343197459527,0.5103401560049795,917|344|61|212|648|674|379|565,0.99493432|0.96208602|0.83976272|0.56368876|0.9418729|0.95508246|0.85046552|0.90786694
collector_low4_cr47,,42,14,23,31,656,656,656,656,656,656,1,1,8,0.3609871406845275,0.6962983907607218,0.20888951722821653,0.41163269283351445,0.005098158941105081,0.09234411399060893,0.9837165540821451,-0.2913556313182154,656|453|800|896|946|442|220|19,0.98371655|0.82032489|0.91290125|0.78102463|0.87597736|0.69947732|0.86975019|0.99936564
collector_low4_cr47,,42,14,24,32,889,889,889,889,889,889,1,1,8,0.3609871406845275,0.6962983907607218,0.20888951722821653,0.4335620777378596,0.005098158941105081,0.09234411399060893,0.9738114028379038,-0.7562923717027199,889|510|532|78|229|675|154|881,0.9738114|0.91364115|0.78285696|0.93419306|0.71582844|0.97985803|0.68198756|0.65575155
collector_low4_cr47,,42,14,25,33,66,66,66,66,66,66,1,1,8,0.3609871406845275,0.6962983907607218,0.20888951722821653,0.45549146264220486,0.005098158941105081,0.09234411399060893,0.9477226491609775,-0.5620724432612858,66|774|674|534|359|287|506|922,0.94772265|0.88717989|0.91816718|0.8262803|0.88092142|0.82139616|0.93108905|0.7357186
collector_low4_cr47,,42,14,26,34,586,586,586,586,586,586,1,1,8,0.3609871406845275,0.6962983907607218,0.20888951722821653,0.4774208475465499,0.005098158941105081,0.09234411399060893,0.8998943822259688,-0.6732740621214485,586|940|296|871|1004|594|194|827,0.89989438|0.85483192|0.97013182|0.86290978|0.81600957|0.87278773|0.94817906|0.96636047
collector_low4_cr47,,42,14,27,35,425,425,425,425,425,425,1,1,8,0.3609871406845275,0.6962983907607218,0.20888951722821653,0.49935023245089527,0.005098158941105081,0.09234411399060893,0.7878001493335589,-0.8208290307899644,425|127|804|965|574|849|416|722,0.78780015|0.91893076|0.98503884|0.89731026|0.90623822|0.91430771|0.92025876|0.69161833
collector_low4_cr47,,42,14,28,36,860,860,860,860,860,860,1,1,8,0.3609871406845275,0.6962983907607218,0.20888951722821653,0.5212796173552404,0.005098158941105081,0.09234411399060893,0.9683124626427791,1.3436305846736385,860|999|822|579|685|142|57|52,0.96831246|0.74108844|0.83364579|0.5996326|0.88482005|0.95814283|0.97536503|0.84137098
collector_low4_cr47,,42,14,29,37,553,553,553,553,553,553,1,1,8,0.3609871406845275,0.6962983907607218,0.20888951722821653,0.5432090022595856,0.005098158941105081,0.09234411399060893,0.7704671569950624,-0.9932291091613006,553|912|879|965|465|344|438|758,0.77046716|0.95105448|0.88173474|0.98612416|0.9082987|0.96043914|0.80996997|0.99263678
collector_low4_cr47,,42,14,30,38,629,629,629,629,629,629,1,1,8,0.3609871406845275,0.6962983907607218,0.20888951722821653,0.5651383871639307,0.005098158941105081,0.09234411399060893,0.9582155710000344,-0.4586968718044169,629|153|1011|172|476|295|256|224,0.95821557|0.85229276|0.94189134|0.9972233|0.27175166|0.88338514|0.83441492|0.82150979
collector_low4_cr47,,42,14,31,39,759,759,759,759,759,759,1,1,8,0.3609871406845275,0.6962983907607218,0.20888951722821653,0.5870677720682759,0.005098158941105081,0.09234411399060893,0.9584819125816851,-0.5914691333972564,759|104|903|304|254|866|1020|17,0.95848191|0.98506556|0.78618672|0.71938654|0.93778927|0.89746662|0.82512075|0.79313682
collector_low4_cr47,,42,14,32,40,494,494,494,494,494,494,1,1,8,0.3609871406845275,0.6962983907607218,0.20888951722821653,0.608997156972621,0.005098158941105081,0.09234411399060893,0.6771998525688087,-1.1106182211134041,494|625|732|103|128|10|1003|516,0.67719985|0.94130736|0.88401158|0.87342572|0.86582646|0.91944932|0.9243041|0.82694685
collector_low4_cr47,,42,14,33,41,303,303,303,303,303,303,1,1,8,0.3609871406845275,0.6962983907607218,0.20888951722821653,0.6309265418769664,0.005098158941105081,0.09234411399060893,0.94660149695896,-0.4189240276342602,303|25|343|906|240|497|389|131,0.9466015|0.99056597|0.87209665|0.78869464|0.58224747|0.94751612|0.85449744|0.8690223
collector_low4_cr47,,42,14,34,42,1022,1022,1022,1022,1022,1022,1,1,8,0.3609871406845275,0.6962983907607218,0.20888951722821653,0.6528559267813115,0.005098158941105081,0.09234411399060893,0.9996184335114483,2.2452903784980602,1022|1007|56|137|1003|293|354|496,0.99961843|0.90627231|0.87915834|0.97518873|0.90829358|0.59544978|0.80311345|0.80590296
collector_low4_cr47,,42,14,35,43,720,720,720,720,720,720,1,1,8,0.3609871406845275,0.6962983907607218,0.20888951722821653,0.6747853116856567,0.005098158941105081,0.09234411399060893,0.9232905033868732,-0.7068539513189512,720|252|5|810|698|400|929|969,0.9232905|0.71026472|0.79447712|0.82925385|0.8567885|0.14535747|0.65122163|0.92585441
collector_low4_cr47,,42,14,36,44,314,314,314,314,314,314,1,1,8,0.3609871406845275,0.6962983907607218,0.20888951722821653,0.6967146965900018,0.005098158941105081,0.09234411399060893,0.8213803703555177,-1.156589077050704,314|883|569|82|42|341|881|472,0.82138037|0.98093253|0.82813824|0.73587996|0.73179027|0.86351816|0.96062144|0.83154369
collector_low4_cr47,,42,14,37,45,602,602,602,602,602,602,1,1,8,0.3609871406845275,0.6962983907607218,0.20888951722821653,0.718644081494347,0.005098158941105081,0.09234411399060893,0.9268652717384834,-0.5820250776864889,602|769|892|32|105|920|609|317,0.92686527|0.93264609|0.92720846|0.98132699|0.99427523|0.81911094|0.46792025|0.98769034
collector_low4_cr47,,42,14,38,46,7,7,7,7,7,7,1,1,8,0.3609871406845275,0.6962983907607218,0.20888951722821653,0.7405734663986921,0.005098158941105081,0.09234411399060893,0.9820187435024801,1.9859750354465726,7|892|622|750|613|348|242|448,0.98201874|0.95508232|0.60853204|0.94783351|0.98978521|0.70311024|0.98865504|0.65562816
collector_low4_cr47,,42,14,39,47,414,414,414,414,414,414,1,1,8,0.3609871406845275,0.6962983907607218,0.20888951722821653,0.7625028513030375,0.005098158941105081,0.09234411399060893,0.794096343838131,-0.9685812574594941,414|168|778|385|881|109|1020|835,0.79409634|0.9626062|0.9292852|0.48775669|0.91619547|0.98749776|0.91261631|0.65068209
collector_low4_cr47,,42,14,40,48,807,807,807,807,807,807,1,1,8,0.3609871406845275,0.6962983907607218,0.20888951722821653,0.7844322362073827,0.005098158941105081,0.09234411399060893,0.9458272286187004,-1.0952049341858903,807|812|681|411|145|564|66|974,0.94582723|0.88509231|0.46283347|0.56570455|0.61623568|0.85131232|0.40710992|0.92925073
collector_low4_cr47,,42,14,41,49,195,195,195,195,195,195,1,1,8,0.3609871406845275,0.6962983907607218,0.20888951722821653,0.8063616211117278,0.005098158941105081,0.09234411399060893,0.9610536094645169,-0.8316236253759327,195|650|221|82|191|571|364|666,0.96105361|0.74877561|0.59353027|0.94231073|0.29657819|0.71660127|0.7784537|0.54215236
collector_low4_cr47,,42,14,42,50,826,826,826,826,826,826,1,1,8,0.3609871406845275,0.6962983907607218,0.20888951722821653,0.828291006016073,0.005098158941105081,0.09234411399060893,0.877657674528245,-0.8489248827691624,826|713|255|430|830|716|570|371,0.87765767|0.85456646|0.78449074|0.97291407|0.66934688|0.71989098|0.95915299|0.73005124
collector_low4_cr47,,42,14,43,51,928,928,928,928,928,928,1,1,8,0.3609871406845275,0.6962983907607218,0.20888951722821653,0.8502203909204181,0.005098158941105081,0.09234411399060893,0.9810394782212455,-1.1112544325306972,928|929|945|1009|800|915|403|662,0.98103948|0.99322857|0.8953355|0.78876431|0.91058997|0.81487933|0.98479267|0.83678464
collector_low4_cr47,,42,14,44,52,761,761,761,761,761,761,1,1,8,0.3609871406845275,0.6962983907607218,0.20888951722821653,0.8721497758247633,0.005098158941105081,0.09234411399060893,0.8526291595553641,-1.3813655754294338,761|759|824|361|81|433|658|784,0.85262916|0.98710491|0.85375442|0.78764451|0.72893202|0.57420517|0.77960143|0.97338182
collector_low4_cr47,,42,14,45,53,590,590,590,590,590,590,1,1,8,0.3609871406845275,0.6962983907607218,0.20888951722821653,0.8940791607291084,0.005098158941105081,0.09234411399060893,0.4216510079883831,-1.9941442806177916,590|589|206|291|636|585|471|591,0.42165101|0.53715205|0.52159607|0.90266895|0.88990774|0.97608752|0.87604641|0.36618927
collector_low4_cr47,,42,14,46,54,383,383,383,383,383,383,1,1,8,0.3609871406845275,0.6962983907607218,0.20888951722821653,0.9160085456334538,0.005098158941105081,0.09234411399060893,0.6350556923517635,-1.3832659164845778,383|382|428|419|28|493|384|480,0.63505569|0.83192749|0.263474|0.3788292|0.89242446|0.90140569|0.79780869|0.86425426
collector_low4_cr47,,42,14,47,55,267,267,267,267,267,267,1,1,8,0.3609871406845275,0.6962983907607218,0.20888951722821653,0.937937930537799,0.005098158941105081,0.09234411399060893,0.8847276777632621,-1.0832215211416125,267|661|759|123|105|27|665|621,0.88472768|0.9094694|0.96856623|0.73340988|0.9743938|0.82452813|0.52088584|0.97362152
collector_low4_cr47,,42,14,48,56,314,314,314,314,314,314,1,1,8,0.3609871406845275,0.6962983907607218,0.20888951722821653,0.9598673154421441,0.005098158941105081,0.09234411399060893,0.8274026240548985,-1.2301468280922325,314|674|92|780|128|979|313|756,0.82740262|0.73556142|0.87371847|0.84965196|0.98498005|0.84105448|0.50218638|0.59066565
collector_low4_cr47,,42,16,0,8,803,803,803,803,803,803,1,1,8,0.3594752472550147,0.6984083913562369,0.20952251740687106,-0.5256279637120496,0.04958140093209002,0.07927683432452257,0.9997852236321966,-0.05458275773742838,803|31|104|647|565|166|786|679,0.99978522|0.63893918|0.77109828|0.68516932|0.48765019|0.88216457|0.90225866|0.94751194
collector_low4_cr47,,42,16,1,9,711,711,711,711,711,711,1,1,8,0.3594752472550147,0.6984083913562369,0.20952251740687106,-0.5036876427369938,0.04958140093209002,0.07927683432452257,0.9958610862159657,-0.004169248495398903,711|262|310|618|980|833|196|934,0.99586109|0.81182367|0.85883528|0.9618412|0.85181277|0.99422007|0.93244397|0.98908716
collector_low4_cr47,,42,16,2,10,922,922,922,922,922,922,1,1,8,0.3594752472550147,0.6984083913562369,0.20952251740687106,-0.48174732176193824,0.04958140093209002,0.07927683432452257,0.9998158828588115,-0.0910536306741837,922|15|707|252|708|796|302|482,0.99981588|0.82351424|0.82729952|0.72799724|0.25553805|0.93604175|0.83311|0.63264355
collector_low4_cr47,,42,16,3,11,718,718,718,718,718,718,1,1,8,0.3594752472550147,0.6984083913562369,0.20952251740687106,-0.45980700078688264,0.04958140093209002,0.07927683432452257,0.9714992444404786,0.20367034570129575,718|224|230|302|531|939|604|315,0.97149924|0.89783464|0.91334549|0.69205037|0.52111324|0.75211635|0.94750379|0.65389167
collector_low4_cr47,,42,16,4,12,756,756,756,756,756,756,1,1,8,0.3594752472550147,0.6984083913562369,0.20952251740687106,-0.43786667981182703,0.04958140093209002,0.07927683432452257,0.9830656868575275,0.4215901799270736,756|44|302|774|37|782|689|468,0.98306569|0.72408738|0.64365007|0.35125117|0.92915456|0.77734816|0.69965798|0.97279121
collector_low4_cr47,,42,16,5,13,109,109,109,109,109,109,1,1,8,0.3594752472550147,0.6984083913562369,0.20952251740687106,-0.4159263588367714,0.04958140093209002,0.07927683432452257,0.9999480871557361,0.013004503983767237,109|1011|991|283|358|445|54|255,0.99994809|0.73842934|0.92419025|0.81700015|0.92045136|0.9707041|0.86335123|0.74538041
collector_low4_cr47,,42,16,6,14,932,932,932,932,932,932,1,1,8,0.3594752472550147,0.6984083913562369,0.20952251740687106,-0.3939860378617157,0.04958140093209002,0.07927683432452257,0.9941303446621584,0.5054074381586005,932|690|997|150|202|321|584|598,0.99413034|0.81414457|0.93458113|0.94022432|0.89414382|0.79752567|0.95440692|0.80769915
collector_low4_cr47,,42,16,7,15,468,468,468,468,468,468,1,1,8,0.3594752472550147,0.6984083913562369,0.20952251740687106,-0.3720457168866601,0.04958140093209002,0.07927683432452257,0.958616469582845,0.38293766176302,468|454|549|631|768|875|746|131,0.95861647|0.60293744|0.38279103|0.99065528|0.88749418|0.78408033|0.89829725|0.63793236
collector_low4_cr47,,42,16,8,16,89,89,89,89,89,89,1,1,8,0.3594752472550147,0.6984083913562369,0.20952251740687106,-0.3501053959116045,0.04958140093209002,0.07927683432452257,0.9891899856993257,0.634362120023598,89|867|73|922|468|400|120|833,0.98918999|0.85482781|0.97346505|0.70903513|0.767309|0.89777926|0.86698384|0.88054518
collector_low4_cr47,,42,16,9,17,713,713,713,713,713,713,1,1,8,0.3594752472550147,0.6984083913562369,0.20952251740687106,-0.3281650749365489,0.04958140093209002,0.07927683432452257,0.971902211458265,-0.17288350115854112,713|59|550|378|838|446|1003|688,0.97190221|0.92977012|0.97056881|0.90102288|0.96898555|0.79755645|0.96701686|0.99206662
collector_low4_cr47,,42,16,10,18,865,865,865,865,865,865,1,1,8,0.3594752472550147,0.6984083913562369,0.20952251740687106,-0.3062247539614933,0.04958140093209002,0.07927683432452257,0.9964539316848622,0.3422382023708428,865|789|432|198|244|431|40|824,0.99645393|0.91463263|0.63697131|0.83127841|0.90075579|0.80884303|0.80831794|0.79907661
collector_low4_cr47,,42,16,11,19,92,92,92,92,92,92,1,1,8,0.3594752472550147,0.6984083913562369,0.20952251740687106,-0.2842844329864376,0.04958140093209002,0.07927683432452257,0.9884065832465397,0.027667802702117106,92|114|921|912|722|558|83|277,0.98840658|0.94916247|0.99546253|0.9897029|0.81283755|0.8656536|0.6777995|0.99108553
collector_low4_cr47,,42,16,12,20,645,645,645,645,645,645,1,1,8,0.3594752472550147,0.6984083913562369,0.20952251740687106,-0.26234411201138197,0.04958140093209002,0.07927683432452257,0.9944509447755335,-0.14605370563179274,645|368|513|737|230|929|3|924,0.99445094|0.75494997|0.28982355|0.93289117|0.71497988|0.94652139|0.97590228|0.97731621
collector_low4_cr47,,42,16,13,21,426,426,426,426,426,426,1,1,8,0.3594752472550147,0.6984083913562369,0.20952251740687106,-0.24040379103632636,0.04958140093209002,0.07927683432452257,0.9967248047805591,-0.11515491176757968,426|946|203|420|591|933|694|988,0.9967248|0.86193669|0.79294896|0.95988851|0.33351214|0.79975595|0.91390377|0.88716204
collector_low4_cr47,,42,16,14,22,765,765,765,765,765,765,1,1,8,0.3594752472550147,0.6984083913562369,0.20952251740687106,-0.21846347006127076,0.04958140093209002,0.07927683432452257,0.995064282184866,0.19862691521091416,765|49|711|696|17|699|13|710,0.99506428|0.93075799|0.9933257|0.33886681|0.99195607|0.90678513|0.7990365|0.81124359
collector_low4_cr47,,42,16,15,23,1023,1023,1023,1023,1023,1023,1,1,8,0.3594752472550147,0.6984083913562369,0.20952251740687106,-0.19652314908621515,0.04958140093209002,0.07927683432452257,0.9979654914275854,-0.8328778787981895,1023|955|829|880|889|868|19|382,0.99796549|0.80696654|0.9603494|0.7562273|0.99690119|0.77600958|0.96790648|0.52902692
collector_low4_cr47,,42,16,16,24,597,597,597,597,597,597,1,1,8,0.3594752472550147,0.6984083913562369,0.20952251740687106,-0.17458282811115944,0.04958140093209002,0.07927683432452257,0.989033786270304,0.1781098883578376,597|701|615|666|295|612|463|639,0.98903379|0.99553684|0.97198782|0.82647194|0.36800044|0.87420844|0.81194062|0.67234925
collector_low4_cr47,,42,16,17,25,562,562,562,562,562,562,1,1,8,0.3594752472550147,0.6984083913562369,0.20952251740687106,-0.15264250713610383,0.04958140093209002,0.07927683432452257,0.9652778955765051,0.37581368851788066,562|227|430|616|928|837|30|853,0.9652779|0.93793939|0.70652642|0.80168737|0.84604192|0.91844831|0.80999025|0.93789261
collector_low4_cr47,,42,16,18,26,827,827,827,827,827,827,1,1,8,0.3594752472550147,0.6984083913562369,0.20952251740687106,-0.13070218616104823,0.04958140093209002,0.07927683432452257,0.9878374226861294,0.42307348116071025,827|422|497|39|906|738|670|521,0.98783742|0.58314944|0.93028359|0.75845294|0.9277122|0.77809073|0.81069839|0.93566452
collector_low4_cr47,,42,16,19,27,890,890,890,890,890,890,1,1,8,0.3594752472550147,0.6984083913562369,0.20952251740687106,-0.10876186518599262,0.04958140093209002,0.07927683432452257,0.9981939812819087,-0.2985124966655352,890|1020|795|583|342|927|189|472,0.99819398|0.97536354|0.82935598|0.79726003|0.51004019|0.80045886|0.88430367|0.80419229
collector_low4_cr47,,42,16,20,28,174,174,174,174,174,174,1,1,8,0.3594752472550147,0.6984083913562369,0.20952251740687106,-0.08682154421093702,0.04958140093209002,0.07927683432452257,0.9876206981416628,0.5761324831955406,174|490|802|1021|743|838|694|524,0.9876207|0.92664552|0.92176455|0.82570106|0.64661003|0.90088021|0.83311653|0.92269231
collector_low4_cr47,,42,16,21,29,267,267,267,267,267,267,1,1,8,0.3594752472550147,0.6984083913562369,0.20952251740687106,-0.06488122323588141,0.04958140093209002,0.07927683432452257,0.9994841129544804,-0.03144321677375761,267|335|740|565|272|518|28|200,0.99948411|0.86252393|0.83288461|0.99924764|0.96517093|0.99656632|0.98752975|0.90483812
collector_low4_cr47,,42,16,22,30,917,917,917,917,917,917,1,1,8,0.3594752472550147,0.6984083913562369,0.20952251740687106,-0.0429409022608257,0.04958140093209002,0.07927683432452257,0.9960775535612868,-0.5621522333603256,917|751|669|659|218|377|753|217,0.99607755|0.23454963|0.99450864|0.52612821|0.85458933|0.82386865|0.4825549|0.85109836
collector_low4_cr47,,42,16,23,31,656,656,656,656,656,656,1,1,8,0.3594752472550147,0.6984083913562369,0.20952251740687106,-0.021000581285770092,0.04958140093209002,0.07927683432452257,0.990958773836231,-0.17354631957163996,656|208|516|87|488|103|90|940,0.99095877|0.37389969|0.8284502|0.68514686|0.98156389|0.78138134|0.88930889|0.98489612
collector_low4_cr47,,42,16,24,32,889,889,889,889,889,889,1,1,8,0.3594752472550147,0.6984083913562369,0.20952251740687106,0.0009397396892855125,0.04958140093209002,0.07927683432452257,0.9893514479139579,-0.7862273580811694,889|974|90|916|887|181|495|402,0.98935145|0.95352366|0.97853004|0.8222362|0.93104137|0.81149305|0.9585456|0.54488329
collector_low4_cr47,,42,16,25,33,66,66,66,66,66,66,1,1,8,0.3594752472550147,0.6984083913562369,0.20952251740687106,0.022880060664341118,0.04958140093209002,0.07927683432452257,0.9954134732408157,-0.1929326617016556,66|937|29|311|409|977|903|145,0.99541347|0.88477089|0.66063742|0.86096941|0.94997752|0.94994014|0.57300199|0.80826062
collector_low4_cr47,,42,16,26,34,586,586,586,586,586,586,1,1,8,0.3594752472550147,0.6984083913562369,0.20952251740687106,0.044820381639396834,0.04958140093209002,0.07927683432452257,0.9896416666612028,0.16721415900314215,586|351|685|183|649|398|468|640,0.98964167|0.9621772|0.84503494|0.92612937|0.96414083|0.50737156|0.92669255|0.97300585
collector_low4_cr47,,42,16,27,35,425,425,425,425,425,425,1,1,8,0.3594752472550147,0.6984083913562369,0.20952251740687106,0.06676070261445233,0.04958140093209002,0.07927683432452257,0.96681495782494,0.2561695691271576,425|269|170|421|426|360|696|923,0.96681496|0.92869993|0.89882203|0.76494076|0.14377437|0.97858428|0.9289107|0.93605944
collector_low4_cr47,,42,16,28,36,860,860,860,860,860,860,1,1,8,0.3594752472550147,0.6984083913562369,0.20952251740687106,0.08870102358950804,0.04958140093209002,0.07927683432452257,0.9890206629627708,-0.5996035475417836,860|855|857|613|262|116|39|816,0.98902066|0.8456842|0.5688822|0.89093598|0.88529136|0.78328329|0.8925958|0.76373966
collector_low4_cr47,,42,16,29,37,553,553,553,553,553,553,1,1,8,0.3594752472550147,0.6984083913562369,0.20952251740687106,0.11064134456456354,0.04958140093209002,0.07927683432452257,0.827129825166443,-0.8317732374856289,553|552|972|10|689|544|7|482,0.82712983|0.32432337|0.86906462|0.98112388|0.81903769|0.96947148|0.93253627|0.88963386
collector_low4_cr47,,42,16,30,38,629,629,629,629,629,629,1,1,8,0.3594752472550147,0.6984083913562369,0.20952251740687106,0.13258166553961925,0.04958140093209002,0.07927683432452257,0.9635198748741066,-0.41437152747812805,629|299|29|950|447|26|533|552,0.96351987|0.88875082|0.99349971|0.78052783|0.84299549|0.80104936|0.54687935|0.8148417
collector_low4_cr47,,42,16,31,39,759,759,759,759,759,759,1,1,8,0.3594752472550147,0.6984083913562369,0.20952251740687106,0.15452198651467497,0.04958140093209002,0.07927683432452257,0.9777004266846738,-0.4692756511910716,759|678|712|236|251|117|339|854,0.97770043|0.98906974|0.95828784|0.99833839|0.77351346|0.91683098|0.64568088|0.97134881
collector_low4_cr47,,42,16,32,40,494,494,494,494,494,494,1,1,8,0.3594752472550147,0.6984083913562369,0.20952251740687106,0.17646230748973046,0.04958140093209002,0.07927683432452257,0.7483261786948889,-1.02823053220646,494|368|330|1023|67|988|85|876,0.74832618|0.76358628|0.90733533|0.75232169|0.79188696|0.77278521|0.85739517|0.86605831
collector_low4_cr47,,42,16,33,41,303,303,303,303,303,303,1,1,8,0.3594752472550147,0.6984083913562369,0.20952251740687106,0.19840262846478618,0.04958140093209002,0.07927683432452257,0.7623249537747823,-1.3632543559933699,303|283|888|313|459|935|55|127,0.76232495|0.99292044|0.83180787|0.51258669|0.93379782|0.92254409|0.89794387|0.68669494
collector_low4_cr47,,42,16,34,42,1022,314,1022,1022,1022,1022,1,1,8,0.3594752472550147,0.6984083913562369,0.20952251740687106,0.22034294943984167,0.04958140093209002,0.07927683432452257,0.9794195077859431,-2.7355646268104827,1022|844|711|838|671|319|140|397,0.97941951|0.99804661|0.98425037|0.82682622|0.53848134|0.6102783|0.97852484|0.969407
collector_low4_cr47,,42,16,35,43,720,720,720,720,720,720,1,1,8,0.3594752472550147,0.6984083913562369,0.20952251740687106,0.2422832704148974,0.04958140093209002,0.07927683432452257,0.9351890723316806,-0.6710881044832919,720|274|715|901|49|137|141|623,0.93518907|0.9993755|0.78791669|0.95713209|0.83045525|0.76855648|0.60079749|0.99645024
collector_low4_cr47,,42,16,36,44,314,314,314,314,314,314,1,1,8,0.3594752472550147,0.6984083913562369,0.20952251740687106,0.2642235913899531,0.04958140093209002,0.07927683432452257,0.9668158910416017,-0.48848922115619225,314|309|264|783|776|606|138|9,0.96681589|0.88960622|0.78920586|0.80311205|0.50033869|0.37035362|0.88531419|0.98368178
collector_low4_cr47,,42,16,37,45,602,602,602,602,602,602,1,1,8,0.3594752472550147,0.6984083913562369,0.20952251740687106,0.2861639123650086,0.04958140093209002,0.07927683432452257,0.8908571385109801,-0.7215293612705493,602|564|503|654|578|369|863|232,0.89085714|0.90827478|0.63302613|0.94350126|0.8317175|0.88871972|0.7526597|0.99886488
collector_low4_cr47,,42,16,38,46,7,7,7,7,7,7,1,1,8,0.3594752472550147,0.6984083913562369,0.20952251740687106,0.3081042333400643,0.04958140093209002,0.07927683432452257,0.9960013004534771,0.9771612179928293,7|241|990|32|122|565|296|68,0.9960013|0.97804943|0.82300187|0.79399341|0.95514246|0.31984332|0.8766594|0.7708232
collector_low4_cr47,,42,16,39,47,414,414,414,414,414,414,1,1,8,0.3594752472550147,0.6984083913562369,0.20952251740687106,0.3300445543151198,0.04958140093209002,0.07927683432452257,0.9065529929193442,-0.6408557152357383,414|840|721|717|364|312|850|759,0.90655299|0.92110087|0.75644055|0.90572808|0.97797005|0.60792073|0.63455226|0.93805266
collector_low4_cr47,,42,16,40,48,807,807,807,807,807,807,1,1,8,0.3594752472550147,0.6984083913562369,0.20952251740687106,0.3519848752901755,0.04958140093209002,0.07927683432452257,0.9853176883792896,-0.43871087756531413,807|164|576|460|706|760|116|521,0.98531769|0.87027515|0.386427|0.77724518|0.82086378|0.60653275|0.88851325|0.84675295
collector_low4_cr47,,42,16,41,49,195,195,195,195,195,195,1,1,8,0.3594752472550147,0.6984083913562369,0.20952251740687106,0.37392519626523124,0.04958140093209002,0.07927683432452257,0.9433549738079846,-0.9545595243598856,195|466|915|3|142|75|766|507,0.94335497|0.28859364|0.88913934|0.89964548|0.87058609|0.97435737|0.99112308|0.70578447
collector_low4_cr47,,42,16,42,50,826,826,826,826,826,826,1,1,8,0.3594752472550147,0.6984083913562369,0.20952251740687106,0.39586551724028674,0.04958140093209002,0.07927683432452257,0.9786683536617284,-0.44795097874775586,826|651|669|429|816|174|662|878,0.97866835|0.63568196|0.87472282|0.91968285|0.8226774|0.80130668|0.71648726|0.74904036
collector_low4_cr47,,42,16,43,51,928,928,928,928,928,928,1,1,8,0.3594752472550147,0.6984083913562369,0.20952251740687106,0.41780583821534245,0.04958140093209002,0.07927683432452257,0.9648231776768565,-2.3986890484241314,928|964|488|885|177|95|232|366,0.96482318|0.97531754|0.59430486|0.85174382|0.66094501|0.97549326|0.97387111|0.48080569
collector_low4_cr47,,42,16,44,52,761,761,761,761,761,761,1,1,8,0.3594752472550147,0.6984083913562369,0.20952251740687106,0.43974615919039794,0.04958140093209002,0.07927683432452257,0.9599933547667644,-0.6940927218904414,761|176|758|306|680|1006|568|368,0.95999335|0.89737748|0.41097798|0.70572297|0.71559091|0.8091541|0.78804882|0.94957509
collector_low4_cr47,,42,16,45,53,590,590,590,590,590,590,1,1,8,0.3594752472550147,0.6984083913562369,0.20952251740687106,0.46168648016545366,0.04958140093209002,0.07927683432452257,0.8905558811611947,-0.49445433978701064,590|151|560|784|338|901|45|839,0.89055588|0.87945002|0.85966772|0.98870157|0.95644645|0.83860391|0.90791398|0.98542284
collector_low4_cr47,,42,16,46,54,383,383,383,383,383,383,1,1,8,0.3594752472550147,0.6984083913562369,0.20952251740687106,0.4836268011405094,0.04958140093209002,0.07927683432452257,0.7852813734739102,-1.0455125382874697,383|900|61|700|391|826|582|137,0.78528137|0.82216244|0.88428588|0.769904|0.88673958|0.91328401|0.74217604|0.85382417
collector_low4_cr47,,42,16,47,55,267,267,267,267,267,267,1,1,8,0.3594752472550147,0.6984083913562369,0.20952251740687106,0.5055671221155649,0.04958140093209002,0.07927683432452257,0.8725933922491692,-1.239761067842498,267|242|328|326|894|325|264|573,0.87259339|0.73489328|0.87329266|0.92677756|0.8990203|0.75939558|0.89444275|0.61018889
collector_low4_cr47,,42,16,48,56,314,314,314,314,314,314,1,1,8,0.3594752472550147,0.6984083913562369,0.20952251740687106,0.5275074430906206,0.04958140093209002,0.07927683432452257,0.8522138207385669,-0.9154563831481263,314|16|900|159|290|901|456|364,0.85221382|0.95734076|0.89540813|0.76860575|0.9507005|0.98624592|0.90779441|0.66982428
collector_low4_cr47,,42,17,0,8,803,803,803,803,803,803,1,1,8,0.49881980039776813,0.5009895776024348,0.15029687328073044,0.050483135731883344,-0.01076053707627362,0.12545159117518817,0.9778374952132148,-0.5835020355406857,803|256|348|227|224|534|951|52,0.9778375|0.97925255|0.8523937|0.87821881|0.83367069|0.83471808|0.84518131|0.93004883
collector_low4_cr47,,42,17,1,9,711,711,711,711,711,711,1,1,8,0.49881980039776813,0.5009895776024348,0.15029687328073044,0.07242678914132245,-0.01076053707627362,0.12545159117518817,0.99136315150275,0.2419746035633615,711|1002|595|565|845|429|646|981,0.99136315|0.97136024|0.96360769|0.72428963|0.80293673|0.59356153|0.64546971|0.85540664
collector_low4_cr47,,42,17,2,10,922,922,922,922,922,922,1,1,8,0.49881980039776813,0.5009895776024348,0.15029687328073044,0.09437044255076155,-0.01076053707627362,0.12545159117518817,0.9867809970800147,0.7013403776961672,922|541|181|636|669|1015|576|343,0.986781|0.54985172|0.7299503|0.67264746|0.96535304|0.9005581|0.94265968|0.60473602
collector_low4_cr47,,42,17,3,11,718,718,718,718,718,718,1,1,8,0.49881980039776813,0.5009895776024348,0.15029687328073044,0.1163140959602007,-0.01076053707627362,0.12545159117518817,0.9893413098503828,0.08525495047823295,718|220|54|590|502|852|899|163,0.98934131|0.95776243|0.99953464|0.84612235|0.57063027|0.89942246|0.86124997|0.69689782
collector_low4_cr47,,42,17,4,12,756,756,756,756,756,756,1,1,8,0.49881980039776813,0.5009895776024348,0.15029687328073044,0.13825774936963975,-0.01076053707627362,0.12545159117518817,0.9648328652193622,-0.006097485571143341,756|709|161|899|972|188|335|695,0.96483287|0.85359206|0.91387365|0.81324636|0.82825078|0.91305082|0.93563666|0.57277738
collector_low4_cr47,,42,17,5,13,109,431,109,109,109,109,1,1,8,0.49881980039776813,0.5009895776024348,0.15029687328073044,0.1602014027790789,-0.01076053707627362,0.12545159117518817,0.9304534550482254,-1.8517181686715443,109|951|297|378|110|494|664|259,0.93045346|0.77048915|0.88823301|0.63341595|0.82031279|0.75267857|0.92058203|0.23786806
collector_low4_cr47,,42,17,6,14,932,932,932,932,932,932,1,1,8,0.49881980039776813,0.5009895776024348,0.15029687328073044,0.18214505618851795,-0.01076053707627362,0.12545159117518817,0.9798037361502046,-1.0992444074175696,932|934|869|786|687|424|686|515,0.97980374|0.62881199|0.87231684|0.25584052|0.82518661|0.97290411|0.85258293|0.8998927
collector_low4_cr47,,42,17,7,15,468,468,468,468,468,468,1,1,8,0.49881980039776813,0.5009895776024348,0.15029687328073044,0.2040887095979571,-0.01076053707627362,0.12545159117518817,0.8601590951590212,-0.7078862723466081,468|467|565|931|223|1023|221|505,0.8601591|0.45624873|0.843777|0.85316405|0.50277618|0.9114725|0.97051282|0.63775969
collector_low4_cr47,,42,17,8,16,89,89,89,89,89,89,1,1,8,0.49881980039776813,0.5009895776024348,0.15029687328073044,0.22603236300739615,-0.01076053707627362,0.12545159117518817,0.9979801975813933,-0.18258730059902412,89|823|293|619|792|24|40|477,0.9979802|0.92864285|0.77641596|0.57526826|0.92631623|0.73397648|0.72925307|0.6540156
collector_low4_cr47,,42,17,9,17,713,713,713,713,713,713,1,1,8,0.49881980039776813,0.5009895776024348,0.15029687328073044,0.2479760164168353,-0.01076053707627362,0.12545159117518817,0.9884679218952409,-0.2963024971244336,713|191|76|400|938|170|343|794,0.98846792|0.95442429|0.93648271|0.644049|0.90187651|0.85617866|0.65159713|0.98120907
collector_low4_cr47,,42,17,10,18,865,865,865,865,865,865,1,1,8,0.49881980039776813,0.5009895776024348,0.15029687328073044,0.26991966982627447,-0.01076053707627362,0.12545159117518817,0.9905253341865912,-0.5885489244741524,865|748|587|586|182|862|293|903,0.99052533|0.5982109|0.90731719|0.85068411|0.99087789|0.98313183|0.58743577|0.9065047
collector_low4_cr47,,42,17,11,19,92,92,92,92,92,92,1,1,8,0.49881980039776813,0.5009895776024348,0.15029687328073044,0.2918633232357135,-0.01076053707627362,0.12545159117518817,0.993960284762191,0.8751887327379306,92|470|574|200|525|161|395|569,0.99396028|0.91029826|0.76573437|0.66424509|0.36430425|0.78578712|0.6825014|0.77459923
collector_low4_cr47,,42,17,12,20,645,645,645,645,645,645,1,1,8,0.49881980039776813,0.5009895776024348,0.15029687328073044,0.31380697664515267,-0.01076053707627362,0.12545159117518817,0.8262206739897319,-0.7945643823078621,645|644|576|271|887|152|886|436,0.82622067|0.44366042|0.83777678|0.95810409|0.91062367|0.85838355|0.97113838|0.99535505
collector_low4_cr47,,42,17,13,21,426,426,426,426,426,426,1,1,8,0.49881980039776813,0.5009895776024348,0.15029687328073044,0.3357506300545917,-0.01076053707627362,0.12545159117518817,0.8840181116499626,-0.7155638232748299,426|933|427|776|243|887|155|669,0.88401811|0.96361083|0.26728318|0.93431186|0.66079659|0.74629329|0.91326772|0.89166571
collector_low4_cr47,,42,17,14,22,765,765,765,765,765,765,1,1,8,0.49881980039776813,0.5009895776024348,0.15029687328073044,0.35769428346403087,-0.01076053707627362,0.12545159117518817,0.9249391460587322,-1.0378588674955154,765|131|778|145|87|422|625|1023,0.92493915|0.7331248|0.96948903|0.76783772|0.54388045|0.56332498|0.93794318|0.92801488
collector_low4_cr47,,42,17,15,23,1023,1023,1023,1023,1023,1023,1,1,8,0.49881980039776813,0.5009895776024348,0.15029687328073044,0.3796379368734699,-0.01076053707627362,0.12545159117518817,0.9845934273912658,2.7720220753792826,1023|34|506|395|1019|0|304|726,0.98459343|0.90357114|0.94589565|0.94955447|0.9828956|0.9170619|0.51676821|0.99481407
collector_low4_cr47,,42,17,16,24,597,597,597,597,597,597,1,1,8,0.49881980039776813,0.5009895776024348,0.15029687328073044,0.4015815902829091,-0.01076053707627362,0.12545159117518817,0.766971948146567,-1.0876116823352913,597|631|598|400|169|284|595|691,0.76697195|0.99225919|0.36761184|0.28333483|0.96407003|0.97822112|0.6020674|0.9996007
collector_low4_cr47,,42,17,17,25,562,562,562,562,562,562,1,1,8,0.49881980039776813,0.5009895776024348,0.15029687328073044,0.4235252436923481,-0.01076053707627362,0.12545159117518817,0.9203502104091867,-0.5479177460079593,562|14|157|68|211|176|957|596,0.92035021|0.92670359|0.92429833|0.90799105|0.88048381|0.76099964|0.95674413|0.60416984
collector_low4_cr47,,42,17,18,26,827,827,827,827,827,827,1,1,8,0.49881980039776813,0.5009895776024348,0.15029687328073044,0.4454688971017873,-0.01076053707627362,0.12545159117518817,0.9644649828606239,-0.6105306696150629,827|199|930|1005|591|450|143|181,0.96446498|0.91612384|0.89153086|0.82700922|0.63775422|0.86482819|0.75468397|0.98598387
collector_low4_cr47,,42,17,19,27,890,890,890,890,890,890,1,1,8,0.49881980039776813,0.5009895776024348,0.15029687328073044,0.46741255051122643,-0.01076053707627362,0.12545159117518817,0.995319118077285,-0.4609519953959521,890|229|147|758|237|591|439|603,0.99531912|0.91068872|0.95409514|0.68434907|0.82978385|0.99327603|0.51065098|0.76803967
collector_low4_cr47,,42,17,20,28,174,174,174,174,174,174,1,1,8,0.49881980039776813,0.5009895776024348,0.15029687328073044,0.4893562039206655,-0.01076053707627362,0.12545159117518817,0.9600797128314184,-1.0337160520276063,174|823|454|555|108|747|868|360,0.96007971|0.99246717|0.91176263|0.72652151|0.87380908|0.52855762|0.26914724|0.96283429
collector_low4_cr47,,42,17,21,29,267,267,267,267,267,267,1,1,8,0.49881980039776813,0.5009895776024348,0.15029687328073044,0.5112998573301046,-0.01076053707627362,0.12545159117518817,0.9399706342477365,-0.8162923408857475,267|27|79|140|133|207|60|352,0.93997063|0.90067607|0.81518042|0.73416168|0.9227093|0.88596028|0.97523384|0.7430437
collector_low4_cr47,,42,17,22,30,917,917,917,917,917,917,1,1,8,0.49881980039776813,0.5009895776024348,0.15029687328073044,0.5332435107395437,-0.01076053707627362,0.12545159117518817,0.9924367663509261,-0.8282888639813851,917|565|699|1018|872|594|107|837,0.99243677|0.68281474|0.65905425|0.93647084|0.90010892|0.67062348|0.99301853|0.99393138
collector_low4_cr47,,42,17,23,31,656,656,656,656,656,656,1,1,8,0.49881980039776813,0.5009895776024348,0.15029687328073044,0.5551871641489828,-0.01076053707627362,0.12545159117518817,0.8873467975005919,-0.8290285348681605,656|868|956|131|1016|946|559|408,0.8873468|0.9001093|0.73755933|0.93039239|0.94429155|0.92200499|0.77572865|0.97859395
collector_low4_cr47,,42,17,24,32,889,889,889,889,889,889,1,1,8,0.49881980039776813,0.5009895776024348,0.15029687328073044,0.5771308175584219,-0.01076053707627362,0.12545159117518817,0.9929778304030021,-0.6079578709448362,889|900|689|664|7|989|699|873,0.99297783|0.94380808|0.93443509|0.99420108|0.97445019|0.83501306|0.80598241|0.45870644
collector_low4_cr47,,42,17,25,33,66,66,66,66,66,66,1,1,8,0.49881980039776813,0.5009895776024348,0.15029687328073044,0.599074470967861,-0.01076053707627362,0.12545159117518817,0.9933267683942952,-0.820562818667973,66|493|123|585|294|824|193|208,0.99332677|0.8001249|0.71994544|0.75945538|0.94853977|0.77626757|0.79614783|0.7980073
collector_low4_cr47,,42,17,26,34,586,586,586,586,586,586,1,1,8,0.49881980039776813,0.5009895776024348,0.15029687328073044,0.6210181243773001,-0.01076053707627362,0.12545159117518817,0.8579546807645654,-0.7410871530956951,586|721|205|146|686|195|807|172,0.85795468|0.68927451|0.93745651|0.77586422|0.54789097|0.84229018|0.80368235|0.97337382
collector_low4_cr47,,42,17,27,35,425,425,425,425,425,425,1,1,8,0.49881980039776813,0.5009895776024348,0.15029687328073044,0.6429617777867394,-0.01076053707627362,0.12545159117518817,0.9629395437783679,-0.4027624993604103,425|786|848|894|637|934|429|397,0.96293954|0.82413249|0.93116702|0.89517347|0.99624122|0.97823933|0.9355638|0.73272299
collector_low4_cr47,,42,17,28,36,860,860,860,860,860,860,1,1,8,0.49881980039776813,0.5009895776024348,0.15029687328073044,0.6649054311961784,-0.01076053707627362,0.12545159117518817,0.9982463336771709,0.17992525075369203,860|794|188|895|408|1022|208|693,0.99824633|0.97389883|0.9944409|0.90296069|0.32643636|0.68229686|0.94648006|0.74342233
collector_low4_cr47,,42,17,29,37,553,553,553,553,553,553,1,1,8,0.49881980039776813,0.5009895776024348,0.15029687328073044,0.6868490846056174,-0.01076053707627362,0.12545159117518817,0.8641702177940613,-0.7078142529302437,553|673|391|112|990|1015|873|751,0.86417022|0.85992065|0.62488546|0.9790126|0.8607269|0.93217967|0.94544819|0.86453982
collector_low4_cr47,,42,17,30,38,629,629,629,629,629,629,1,1,8,0.49881980039776813,0.5009895776024348,0.15029687328073044,0.7087927380150565,-0.01076053707627362,0.12545159117518817,0.7955779165681763,-1.0240344661354859,629|32|18|11|12|385|464|90,0.79557792|0.91659989|0.85506839|0.67412531|0.84354746|0.77130124|0.49542154|0.65268018
collector_low4_cr47,,42,17,31,39,759,759,759,759,759,759,1,1,8,0.49881980039776813,0.5009895776024348,0.15029687328073044,0.7307363914244958,-0.01076053707627362,0.12545159117518817,0.9532078916952997,-0.7466008911672523,759|495|500|253|29|413|649|498,0.95320789|0.96801195|0.69781514|0.82832636|0.70556008|0.32045155|0.39306286|0.8171874
collector_low4_cr47,,42,17,32,40,494,494,494,494,494,494,1,1,8,0.49881980039776813,0.5009895776024348,0.15029687328073044,0.7526800448339348,-0.01076053707627362,0.12545159117518817,0.9228941352313674,-0.4306506778084233,494|495|39|249|327|581|56|435,0.92289414|0.049283508|0.90529483|0.93559566|0.74749014|0.98635826|0.85311405|0.84762106
collector_low4_cr47,,42,17,33,41,303,303,303,303,303,303,1,1,8,0.49881980039776813,0.5009895776024348,0.15029687328073044,0.7746236982433738,-0.01076053707627362,0.12545159117518817,0.9716204753380719,-0.2902332640561977,303|391|304|886|923|853|27|134,0.97162048|0.067857075|0.19294827|0.87385583|0.85163783|0.97118565|0.75187361|0.68536907
collector_low4_cr47,,42,17,34,42,1022,1022,1022,1022,1022,1022,1,1,8,0.49881980039776813,0.5009895776024348,0.15029687328073044,0.7965673516528131,-0.01076053707627362,0.12545159117518817,0.9947077877663462,2.2273005773778083,1022|785|963|873|1021|1012|27|231,0.99470779|0.96207549|0.96483825|0.87011759|0.7764045|0.80597742|0.76955701|0.95660042
collector_low4_cr47,,42,17,35,43,720,720,720,720,720,720,1,1,8,0.49881980039776813,0.5009895776024348,0.15029687328073044,0.8185110050622522,-0.01076053707627362,0.12545159117518817,0.9021674466069034,-0.998580466285401,720|567|643|229|304|564|49|338,0.90216745|0.96464517|0.66577261|0.94187261|0.95497088|0.94465628|0.88380622|0.97864874
collector_low4_cr47,,42,17,36,44,314,314,314,314,314,314,1,1,8,0.49881980039776813,0.5009895776024348,0.15029687328073044,0.8404546584716912,-0.01076053707627362,0.12545159117518817,0.9641421334169918,-0.5107272979200106,314|965|291|295|357|848|957|498,0.96414213|0.93004298|0.79643122|0.82466172|0.82655499|0.84898834|0.92874765|0.2960881
collector_low4_cr47,,42,17,37,45,602,602,602,602,602,602,1,1,8,0.49881980039776813,0.5009895776024348,0.15029687328073044,0.8623983118811303,-0.01076053707627362,0.12545159117518817,0.7677688442126008,-0.9905208604304073,602|923|435|106|397|803|569|49,0.76776884|0.99825191|0.97568867|0.81358606|0.68924996|0.75176391|0.51470909|0.43810503
collector_low4_cr47,,42,17,38,46,7,7,7,7,7,7,1,1,8,0.49881980039776813,0.5009895776024348,0.15029687328073044,0.8843419652905695,-0.01076053707627362,0.12545159117518817,0.9964339286428711,2.9524285569267747,7|365|787|698|370|983|503|22,0.99643393|0.98786822|0.77138475|0.80785513|0.84366386|0.95839041|0.80143178|0.71009925
collector_low4_cr47,,42,17,39,47,414,414,414,414,414,414,1,1,8,0.49881980039776813,0.5009895776024348,0.15029687328073044,0.9062856187000086,-0.01076053707627362,0.12545159117518817,0.9407229390248811,-0.4655586790266513,414|434|130|351|532|842|998|250,0.94072294|0.68449725|0.98001256|0.81092558|0.89533886|0.62375307|0.66858072|0.82212782
collector_low4_cr47,,42,17,40,48,807,807,807,807,807,807,1,1,8,0.49881980039776813,0.5009895776024348,0.15029687328073044,0.9282292721094476,-0.01076053707627362,0.12545159117518817,0.9499522396684172,-1.0827525984431865,807|517|214|745|305|715|111|34,0.94995224|0.8450646|0.94070343|0.75104895|0.92344108|0.88923511|0.90365572|0.87725307
collector_low4_cr47,,42,17,41,49,195,195,195,195,195,195,1,1,8,0.49881980039776813,0.5009895776024348,0.15029687328073044,0.9501729255188867,-0.01076053707627362,0.12545159117518817,0.8893770614813471,-2.0248009653115524,195|603|366|813|529|72|289|558,0.88937706|0.99001819|0.48699397|0.86406771|0.46947484|0.9194417|0.49306815|0.97551889
collector_low4_cr47,,42,17,42,50,826,116,826,826,826,826,1,1,8,0.49881980039776813,0.5009895776024348,0.15029687328073044,0.9721165789283259,-0.01076053707627362,0.12545159117518817,0.8098805117600345,-1.634611409762139,826|178|116|808|75|835|535|8,0.80988051|0.78259448|0.66402195|0.8988374|0.83955061|0.71354751|0.84619954|0.68901758
collector_low4_cr47,,42,17,43,51,928,225,928,928,928,928,1,1,8,0.49881980039776813,0.5009895776024348,0.15029687328073044,0.994060232337765,-0.01076053707627362,0.12545159117518817,0.9729219353713433,-1.1807267152339889,928|354|766|6|973|823|281|219,0.97292194|0.6588243|0.8363563|0.99208357|0.5747921|0.92904621|0.9622592|0.99011822
collector_low4_cr47,,42,17,44,52,761,761,761,761,761,761,1,1,8,0.49881980039776813,0.5009895776024348,0.15029687328073044,1.016003885747204,-0.01076053707627362,0.12545159117518817,0.7817890412710269,-1.7520469131170233,761|90|377|156|760|212|965|600,0.78178904|0.94764988|0.72857528|0.93627178|0.36842481|0.50802966|0.79372351|0.55927591
collector_low4_cr47,,42,17,45,53,590,590,590,590,590,590,1,1,8,0.49881980039776813,0.5009895776024348,0.15029687328073044,1.0379475391566433,-0.01076053707627362,0.12545159117518817,0.49087219815904876,-1.6546379982664012,590|247|509|2|578|369|687|546,0.4908722|0.66533871|0.95534313|0.60258522|0.46868092|0.57249923|0.47172093|0.26963716
collector_low4_cr47,,42,17,46,54,383,383,383,383,383,383,1,1,8,0.49881980039776813,0.5009895776024348,0.15029687328073044,1.0598911925660823,-0.01076053707627362,0.12545159117518817,0.481019804785172,-1.629746718644609,383|384|254|891|262|558|659|502,0.4810198|0.64833895|0.85505392|0.87431347|0.72055936|0.72963254|0.7626603|0.99168931
collector_low4_cr47,,42,17,47,55,267,267,267,267,267,267,1,1,8,0.49881980039776813,0.5009895776024348,0.15029687328073044,1.0818348459755214,-0.01076053707627362,0.12545159117518817,0.72212446344378,-1.9867905254709763,267|453|811|886|259|601|428|372,0.72212446|0.79011577|0.91588524|0.93785116|0.93740766|0.70963177|0.60624944|0.76403077
collector_low4_cr47,,42,17,48,56,314,314,314,314,314,314,1,1,8,0.49881980039776813,0.5009895776024348,0.15029687328073044,1.1037784993849604,-0.01076053707627362,0.12545159117518817,0.6841733040017146,-1.6175943292827628,314|516|978|613|165|588|332|244,0.6841733|0.55624063|0.81396833|0.48969002|0.80537776|0.43255161|0.66411987|0.68159926
collector_low4_cr47,,42,18,0,8,803,803,803,803,803,803,1,1,8,0.17595101233988425,0.9175973950307942,0.27527921850923825,-0.17531852329812447,0.036924352473310225,0.10803482062414271,0.969815307698233,0.19260870332423458,803|1022|294|1006|549|958|550|723,0.96981531|0.67075417|0.90551721|0.90211948|0.60468593|0.78685563|0.14396932|0.77203528
collector_low4_cr47,,42,18,1,9,711,711,711,711,711,711,1,1,8,0.17595101233988425,0.9175973950307942,0.27527921850923825,-0.15337433202665074,0.036924352473310225,0.10803482062414271,0.9732870165499046,-0.38365498176981916,711|475|456|202|239|558|351|713,0.97328702|0.75493132|0.48381019|0.96558005|0.76008847|0.67413431|0.67698394|0.95032273
collector_low4_cr47,,42,18,2,10,922,922,922,922,922,922,1,1,8,0.17595101233988425,0.9175973950307942,0.27527921850923825,-0.131430140755177,0.036924352473310225,0.10803482062414271,0.9866736731118174,0.6855005711718547,922|258|885|965|81|526|666|768,0.98667367|0.84145901|0.60721478|0.72789033|0.60654864|0.59390457|0.56171733|0.75239729
collector_low4_cr47,,42,18,3,11,718,718,718,718,718,718,1,1,8,0.17595101233988425,0.9175973950307942,0.27527921850923825,-0.10948594948370327,0.036924352473310225,0.10803482062414271,0.9681857908245547,0.06264598668201103,718|689|309|677|247|912|205|546,0.96818579|0.83091554|0.77347979|0.48074009|0.9803351|0.48480664|0.61493431|0.82565437
collector_low4_cr47,,42,18,4,12,756,756,756,756,756,756,1,1,8,0.17595101233988425,0.9175973950307942,0.27527921850923825,-0.08754175821222954,0.036924352473310225,0.10803482062414271,0.9877762994369101,-0.061581672111484104,756|362|586|1019|245|438|98|404,0.9877763|0.36383935|0.87585663|0.85489584|0.93023268|0.82467337|0.60771325|0.83080112
collector_low4_cr47,,42,18,5,13,109,109,109,109,109,109,1,1,8,0.17595101233988425,0.9175973950307942,0.27527921850923825,-0.0655975669407558,0.036924352473310225,0.10803482062414271,0.998690951755721,-0.2926513255577933,109|711|572|832|428|48|848|919,0.99869095|0.92790448|0.91776713|0.93208678|0.99778672|0.67332941|0.66986678|0.74886749
collector_low4_cr47,,42,18,6,14,932,932,932,932,932,932,1,1,8,0.17595101233988425,0.9175973950307942,0.27527921850923825,-0.04365337566928207,0.036924352473310225,0.10803482062414271,0.9982185433701412,-0.4190662902065804,932|673|76|210|348|816|851|23,0.99821854|0.93926651|0.65036774|0.67429086|0.67352639|0.68848099|0.8932753|0.7835087
collector_low4_cr47,,42,18,7,15,468,468,468,468,468,468,1,1,8,0.17595101233988425,0.9175973950307942,0.27527921850923825,-0.021709184397808445,0.036924352473310225,0.10803482062414271,0.9893487026075288,-0.14411047397246227,468|214|949|12|655|653|711|599,0.9893487|0.79130029|0.98279151|0.80723162|0.2665648|0.80714386|0.97069573|0.56257026
collector_low4_cr47,,42,18,8,16,89,89,89,89,89,89,1,1,8,0.17595101233988425,0.9175973950307942,0.27527921850923825,0.00023500687366528883,0.036924352473310225,0.10803482062414271,0.9692695522332176,-0.03763683503040027,89|904|214|1000|989|14|149|135,0.96926955|0.92110356|0.8810498|0.89336063|0.95140744|0.90878426|0.992197|0.91532804
collector_low4_cr47,,42,18,9,17,713,713,713,713,713,713,1,1,8,0.17595101233988425,0.9175973950307942,0.27527921850923825,0.022179198145139023,0.036924352473310225,0.10803482062414271,0.9877722270130254,-0.1237180966694424,713|879|349|900|692|7|959|409,0.98777223|0.96805376|0.92506026|0.98085411|0.90492891|0.93968965|0.8679835|0.93538756
collector_low4_cr47,,42,18,10,18,865,865,865,865,865,865,1,1,8,0.17595101233988425,0.9175973950307942,0.27527921850923825,0.04412338941661276,0.036924352473310225,0.10803482062414271,0.9953347407321752,0.3720081734152943,865|652|955|357|322|167|270|169,0.99533474|0.8678533|0.99099722|0.91858071|0.53593876|0.73418812|0.84529246|0.63760486
collector_low4_cr47,,42,18,11,19,92,92,92,92,92,92,1,1,8,0.17595101233988425,0.9175973950307942,0.27527921850923825,0.06606758068808649,0.036924352473310225,0.10803482062414271,0.9906046899623018,-0.2397449513350005,92|417|603|999|138|1|147|633,0.99060469|0.5635162|0.97768356|0.8079679|0.63468175|0.92347622|0.9928264|0.93631825
collector_low4_cr47,,42,18,12,20,645,645,645,645,645,645,1,1,8,0.17595101233988425,0.9175973950307942,0.27527921850923825,0.08801177195956023,0.036924352473310225,0.10803482062414271,0.9254823295453837,-0.5997413672086999,645|173|194|160|910|562|828|465,0.92548233|0.96342212|0.93003428|0.89282306|0.73924846|0.49202598|0.98026132|0.33439266
collector_low4_cr47,,42,18,13,21,426,426,426,426,426,426,1,1,8,0.17595101233988425,0.9175973950307942,0.27527921850923825,0.10995596323103396,0.036924352473310225,0.10803482062414271,0.9897567494096232,0.12355525228109143,426|51|726|563|377|641|529|301,0.98975675|0.99762897|0.81048909|0.72192227|0.97365754|0.75752503|0.57744955|0.83426233
collector_low4_cr47,,42,18,14,22,765,713,765,765,765,765,1,1,8,0.17595101233988425,0.9175973950307942,0.27527921850923825,0.1319001545025077,0.036924352473310225,0.10803482062414271,0.9685325581338916,-0.6205764520764786,765|237|217|178|428|41|542|596,0.96853256|0.48806069|0.84137874|0.76818582|0.65421262|0.88946835|0.91124785|0.59499989
collector_low4_cr47,,42,18,15,23,1023,1023,1023,1023,1023,1023,1,1,8,0.17595101233988425,0.9175973950307942,0.27527921850923825,0.15384434577398143,0.036924352473310225,0.10803482062414271,0.9978096754012367,2.6065642791240653,1023|769|197|714|1022|874|868|946,0.99780968|0.98636744|0.90362342|0.87704469|0.97668808|0.98668997|0.6141526|0.97610563
collector_low4_cr47,,42,18,16,24,597,597,597,597,597,597,1,1,8,0.17595101233988425,0.9175973950307942,0.27527921850923825,0.17578853704545516,0.036924352473310225,0.10803482062414271,0.9619203674541005,-0.40170261862377055,597|843|440|61|285|587|638|253,0.96192037|0.89280571|0.85495681|0.97403305|0.70662164|0.83597419|0.65883044|0.98136961
collector_low4_cr47,,42,18,17,25,562,562,562,562,562,562,1,1,8,0.17595101233988425,0.9175973950307942,0.27527921850923825,0.1977327283169289,0.036924352473310225,0.10803482062414271,0.9722279576553471,-0.050071803701452915,562|575|408|50|736|999|756|500,0.97222796|0.94958042|0.99628232|0.91914848|0.76730781|0.91586426|0.79409186|0.85381198
collector_low4_cr47,,42,18,18,26,827,827,827,827,827,827,1,1,8,0.17595101233988425,0.9175973950307942,0.27527921850923825,0.21967691958840252,0.036924352473310225,0.10803482062414271,0.9624714579604193,-0.7560029452676401,827|903|498|702|176|705|152|261,0.96247146|0.92477309|0.90336316|0.79614153|0.95400183|0.9295658|0.90071358|0.93303146
collector_low4_cr47,,42,18,19,27,890,890,890,890,890,890,1,1,8,0.17595101233988425,0.9175973950307942,0.27527921850923825,0.24162111085987625,0.036924352473310225,0.10803482062414271,0.9997342561252409,-0.03866776112206985,890|889|321|777|687|342|571|214,0.99973426|0.89356331|0.89775154|0.37249598|0.97000782|0.88353168|0.47214613|0.92058868
collector_low4_cr47,,42,18,20,28,174,174,174,174,174,174,1,1,8,0.17595101233988425,0.9175973950307942,0.27527921850923825,0.26356530213135,0.036924352473310225,0.10803482062414271,0.9810313950363048,-0.5466134892290346,174|508|408|512|715|173|235|560,0.9810314|0.99046677|0.99255389|0.74235094|0.50779071|0.51774851|0.6515986|0.92269753
collector_low4_cr47,,42,18,21,29,267,267,267,267,267,267,1,1,8,0.17595101233988425,0.9175973950307942,0.27527921850923825,0.2855094934028237,0.036924352473310225,0.10803482062414271,0.9802313611890112,0.4279849713654734,267|123|574|457|992|98|81|293,0.98023136|0.90368775|0.99950985|0.83081659|0.98907972|0.70299323|0.61093967|0.84935902
collector_low4_cr47,,42,18,22,30,917,917,917,917,917,917,1,1,8,0.17595101233988425,0.9175973950307942,0.27527921850923825,0.30745368467429746,0.036924352473310225,0.10803482062414271,0.9790206222734087,-0.19931311228467827,917|168|930|241|918|259|216|981,0.97902062|0.82722664|0.95163968|0.64619937|0.84379678|0.58412859|0.95266615|0.95197221
collector_low4_cr47,,42,18,23,31,656,656,656,656,656,656,1,1,8,0.17595101233988425,0.9175973950307942,0.27527921850923825,0.3293978759457712,0.036924352473310225,0.10803482062414271,0.9632720784397946,-0.44059359190766983,656|622|289|675|701|978|742|658,0.96327208|0.93792295|0.83526868|0.8299326|0.88768572|0.76235308|0.96875798|0.49909687
collector_low4_cr47,,42,18,24,32,889,889,889,889,889,889,1,1,8,0.17595101233988425,0.9175973950307942,0.27527921850923825,0.3513420672172449,0.036924352473310225,0.10803482062414271,0.9936447288948973,-0.1943821928727172,889|890|681|218|100|957|191|348,0.99364473|0.92631143|0.8925687|0.99249529|0.74746837|0.80574189|0.68861014|0.57723926
collector_low4_cr47,,42,18,25,33,66,66,66,66,66,66,1,1,8,0.17595101233988425,0.9175973950307942,0.27527921850923825,0.37328625848871866,0.036924352473310225,0.10803482062414271,0.9663242483758442,-1.93190484284211,66|85|455|846|67|985|109|547,0.96632425|0.64120551|0.46684191|0.88417125|0.66518476|0.99889858|0.70816202|0.75472574
collector_low4_cr47,,42,18,26,34,586,586,586,586,586,586,1,1,8,0.17595101233988425,0.9175973950307942,0.27527921850923825,0.3952304497601924,0.036924352473310225,0.10803482062414271,0.7193634676673585,-1.1274778554616907,586|56|552|562|590|786|929|237,0.71936347|0.94421971|0.92403562|0.6459184|0.70372865|0.35630214|0.79592664|0.73569591
collector_low4_cr47,,42,18,27,35,425,425,425,425,425,425,1,1,8,0.17595101233988425,0.9175973950307942,0.27527921850923825,0.4171746410316661,0.036924352473310225,0.10803482062414271,0.8305631065695429,-0.8386406974931997,425|955|457|842|335|554|690|384,0.83056311|0.78346945|0.79631973|0.63650861|0.77057081|0.45139098|0.65268788|0.85066202
collector_low4_cr47,,42,18,28,36,860,860,860,860,860,860,1,1,8,0.17595101233988425,0.9175973950307942,0.27527921850923825,0.43911883230313986,0.036924352473310225,0.10803482062414271,0.9545203119456239,-1.161111447175135,860|376|771|819|920|835|644|517,0.95452031|0.98389821|0.93242538|0.79565377|0.83064559|0.53981766|0.796209|0.79410546
collector_low4_cr47,,42,18,29,37,553,553,553,553,553,553,1,1,8,0.17595101233988425,0.9175973950307942,0.27527921850923825,0.4610630235746136,0.036924352473310225,0.10803482062414271,0.8198182810610776,-0.8839144453313146,553|698|502|461|99|291|280|712,0.81981828|0.72453715|0.85329474|0.90352659|0.86945736|0.87854981|0.84902122|0.94852253
collector_low4_cr47,,42,18,30,38,629,629,629,629,629,629,1,1,8,0.17595101233988425,0.9175973950307942,0.27527921850923825,0.48300721484608733,0.036924352473310225,0.10803482062414271,0.8814360951411359,-0.748605858864174,629|953|967|628|275|611|257|377,0.8814361|0.97874816|0.75309628|0.3885045|0.84889044|0.37624817|0.85169876|0.4059492
collector_low4_cr47,,42,18,31,39,759,759,759,759,759,759,1,1,8,0.17595101233988425,0.9175973950307942,0.27527921850923825,0.5049514061175611,0.036924352473310225,0.10803482062414271,0.9366423367801172,-0.7546474974860788,759|681|941|960|831|572|398|106,0.93664234|0.87953002|0.86551434|0.99750304|0.95778986|0.47986899|0.95129744|0.84937353
collector_low4_cr47,,42,18,32,40,494,494,494,494,494,494,1,1,8,0.17595101233988425,0.9175973950307942,0.27527921850923825,0.5268955973890348,0.036924352473310225,0.10803482062414271,0.7478856868732621,-1.0292834004775795,494|586|493|125|889|848|739|891,0.74788569|0.76801478|0.3297376|0.913515|0.91899583|0.71830747|0.7318157|0.62817034
collector_low4_cr47,,42,18,33,41,303,303,303,303,303,303,1,1,8,0.17595101233988425,0.9175973950307942,0.27527921850923825,0.5488397886605085,0.036924352473310225,0.10803482062414271,0.8745190349566861,-0.925035201771148,303|318|286|940|772|225|300|248,0.87451903|0.86684754|0.77469433|0.99175987|0.74661669|0.76262227|0.61157579|0.82607433
collector_low4_cr47,,42,18,34,42,1022,1022,1022,1022,1022,1022,1,1,8,0.17595101233988425,0.9175973950307942,0.27527921850923825,0.570783979931982,0.036924352473310225,0.10803482062414271,0.9982664378591459,0.30485828177427976,1022|202|795|59|424|420|921|585,0.99826644|0.80186231|0.88042666|0.81001135|0.33272196|0.95324226|0.95789812|0.9872637
collector_low4_cr47,,42,18,35,43,720,720,720,720,720,720,1,1,8,0.17595101233988425,0.9175973950307942,0.27527921850923825,0.5927281712034558,0.036924352473310225,0.10803482062414271,0.8655379806686215,-0.9712124392398148,720|84|289|721|743|841|530|897,0.86553798|0.95502193|0.96083765|0.53158955|0.92942747|0.58864087|0.87708545|0.82043201
collector_low4_cr47,,42,18,36,44,314,314,314,314,314,314,1,1,8,0.17595101233988425,0.9175973950307942,0.27527921850923825,0.6146723624749295,0.036924352473310225,0.10803482062414271,0.8637451843280046,-0.9246391774576368,314|878|73|260|543|412|959|229,0.86374518|0.89071135|0.89074912|0.54381363|0.86225514|0.92736825|0.86114547|0.27601419
collector_low4_cr47,,42,18,37,45,602,602,602,602,602,602,1,1,8,0.17595101233988425,0.9175973950307942,0.27527921850923825,0.6366165537464032,0.036924352473310225,0.10803482062414271,0.8470469952004266,-0.8635049850862702,602|6|550|450|443|934|191|836,0.847047|0.99278539|0.31888219|0.32261369|0.6652467|0.79198365|0.68443482|0.62163176
collector_low4_cr47,,42,18,38,46,7,7,7,7,7,7,1,1,8,0.17595101233988425,0.9175973950307942,0.27527921850923825,0.658560745017877,0.036924352473310225,0.10803482062414271,0.9222738223373433,1.2517758537443995,7|515|159|525|642|1011|744|974,0.92227382|0.5719714|0.99348386|0.61953967|0.54541512|0.83612219|0.84698153|0.76169979
collector_low4_cr47,,42,18,39,47,414,414,414,414,414,414,1,1,8,0.17595101233988425,0.9175973950307942,0.27527921850923825,0.6805049362893507,0.036924352473310225,0.10803482062414271,0.7879957917018465,-0.8055399426028096,414|85|796|87|358|828|438|402,0.78799579|0.90303197|0.79156428|0.96827835|0.8039044|0.75853619|0.81545654|0.29431314
collector_low4_cr47,,42,18,40,48,807,807,807,807,807,807,1,1,8,0.17595101233988425,0.9175973950307942,0.27527921850923825,0.7024491275608244,0.036924352473310225,0.10803482062414271,0.8700247268209194,-1.2600359773248753,807|952|95|469|798|576|651|733,0.87002473|0.98902664|0.99687695|0.95176696|0.45192936|0.93539893|0.85324796|0.77415515
collector_low4_cr47,,42,18,41,49,195,195,195,195,195,195,1,1,8,0.17595101233988425,0.9175973950307942,0.27527921850923825,0.7243933188322982,0.036924352473310225,0.10803482062414271,0.9152627989179687,-1.617960965873495,195|56|285|194|613|637|911|648,0.9152628|0.91641406|0.64089988|0.74673737|0.15365034|0.8361226|0.99853275|0.94208243
collector_low4_cr47,,42,18,42,50,826,826,826,826,826,826,1,1,8,0.17595101233988425,0.9175973950307942,0.27527921850923825,0.7463375101037719,0.036924352473310225,0.10803482062414271,0.9157899566914744,-1.357953983973476,826|954|426|734|838|943|329|825,0.91578996|0.81086049|0.650594|0.35426732|0.81575374|0.91312512|0.68514689|0.69560935
collector_low4_cr47,,42,18,43,51,928,928,928,928,928,928,1,1,8,0.17595101233988425,0.9175973950307942,0.27527921850923825,0.7682817013752457,0.036924352473310225,0.10803482062414271,0.9716473366710247,-2.8515288111007218,928|1004|143|95|620|699|795|575,0.97164734|0.99254132|0.703853|0.99202796|0.80092846|0.76659564|0.98742209|0.56863396
collector_low4_cr47,,42,18,44,52,761,761,761,761,761,761,1,1,8,0.17595101233988425,0.9175973950307942,0.27527921850923825,0.7902258926467194,0.036924352473310225,0.10803482062414271,0.880804087868811,-1.2162439562628637,761|906|760|473|189|38|982|161,0.88080409|0.96974525|0.75154343|0.5378757|0.78150646|0.89159129|0.8875879|0.65470107
collector_low4_cr47,,42,18,45,53,590,590,590,590,590,590,1,1,8,0.17595101233988425,0.9175973950307942,0.27527921850923825,0.8121700839181931,0.036924352473310225,0.10803482062414271,0.6739808037828604,-1.3123447321025834,590|529|137|750|608|1001|483|367,0.6739808|0.70324306|0.93692979|0.97052103|0.85690669|0.82505743|0.9607022|0.33079462
collector_low4_cr47,,42,18,46,54,383,383,383,383,383,383,1,1,8,0.17595101233988425,0.9175973950307942,0.27527921850923825,0.8341142751896669,0.036924352473310225,0.10803482062414271,0.762285066209571,-1.1018014077460592,383|841|891|712|675|563|787|167,0.76228507|0.89708882|0.5822684|0.95789262|0.85915673|0.615122|0.64382075|0.71733418
collector_low4_cr47,,42,18,47,55,267,267,267,267,267,267,1,1,8,0.17595101233988425,0.9175973950307942,0.27527921850923825,0.8560584664611406,0.036924352473310225,0.10803482062414271,0.8124788536013033,-1.2314737564659923,267|138|759|19|226|446|842|951,0.81247885|0.81379114|0.70306409|0.90071651|0.75834002|0.59934647|0.78145187|0.7645623
collector_low4_cr47,,42,18,48,56,314,314,314,314,314,314,1,1,8,0.17595101233988425,0.9175973950307942,0.27527921850923825,0.8780026577326143,0.036924352473310225,0.10803482062414271,0.9022174197283389,-0.7930557591843537,314|176|140|148|338|848|884|619,0.90221742|0.95222679|0.88266843|0.713792|0.71215927|0.94189035|0.98004052|0.68332276
