window_index,start_sample,end_sample,peak_bin,peak_signed_bin,peak_power,second_power,total_power,confidence_db,peak_share,valid
0,0,32768,5469,-2723,0.005755838494224008,0.00519037467893213,11.500696333007507,0.44909889853439383,0.0005004773908954102,1
1,8192,40960,5469,-2723,0.004536216285487171,0.00434920541010797,11.00066616779084,0.18283833822285403,0.00041235832596837516,1
2,16384,49152,1777,1777,0.0053874357836321,0.00499258644413203,13.000787302860113,0.33056513360761186,0.00041439304083121866,1
3,24576,57344,321,321,0.005772251017333474,0.005753888079198077,15.000908428827321,0.01383798925924246,0.0003847934306592333,1
4,32768,65536,321,321,0.005817606346681714,0.005613342305878177,12.500757065112355,0.155228043623625,0.0004653803218780835,1
5,40960,73728,380,380,0.0051966837054351345,0.00510707302805713,10.500635868813614,0.07554216377888,0.0004948922875108008,1
6,49152,81920,380,380,0.005050914216553792,0.004727429334025146,7.0004238844806865,0.287449469291329,0.0007215154824768851,1
7,57344,90112,3789,3789,0.000730312240193598,0.000730312240193598,3.0001816429414925,0.0,0.00024342267472764482,1
8,65536,98304,376,376,0.0005489926406880841,0.0005489926406880841,2.5001513619408664,0.0,0.00021958376162549667,1
9,73728,106496,606,606,0.0003051942039746791,0.0003051942039746791,1.5000908110529885,0.0,0.00020345048561456628,1
10,81920,114688,606,606,0.0003051942039746791,0.0003051942039746791,1.5000908110529885,0.0,0.00020345048561456628,1
11,90112,122880,6229,-1963,0.00061017346160952,0.0006101617036620155,2.0001211123932254,8.36886761143242e-05,0.00030506825703140693,1
12,98304,131072,6229,-1963,0.0006101734761614352,0.0006101617036620155,2.0001211141394553,8.379225020924028e-05,0.00030506826404058044,1
13,106496,139264,6229,-1963,0.0006101734761614352,0.0006101617036620155,2.0001211141394553,8.379225020924028e-05,0.00030506826404058044,1
14,114688,147456,6229,-1963,0.0006712123431498185,0.0006712005560984835,2.5001514195506562,7.6266420796693e-05,0.0002684686766973711,1
15,122880,155648,3,3,0.00012207771942485124,0.00012207771942485124,1.0000605407985859,0.0,0.00012207032918963847,1
16,131072,163840,7375,-817,0.0027316065679769963,0.0026461011439096183,4.000242312912874,0.1381170774889397,0.0006828602755286367,1
17,139264,172032,7375,-817,0.003254366369219497,0.003144302681903355,6.000363451535268,0.14942097114433764,0.0005423615411807807,1
18,147456,180224,141,141,0.0033116058621089906,0.0031983955655050522,6.50039373235713,0.15106468061000453,0.0005094469655929838,1
19,155648,188416,6702,-1490,0.0034996182803297415,0.003446992806857452,8.500514840056683,0.0658029928260222,0.00041169486156751486,1
20,163840,196608,4420,-3772,0.004982254664355423,0.004722227327874862,9.500575458944423,0.23279032248560694,0.0005244160930972685,1
21,172032,204800,6677,-1515,0.011878500143211568,0.0115113268730056,17.501059993396805,0.1363622103735453,0.000678730325345628,1
22,180224,212992,8024,-168,0.012617221225809772,0.01244855485856533,24.001453459819125,0.05844780383445461,0.0005256857151143902,1
23,188416,221184,8024,-168,0.012570654293085681,0.011870571499457583,24.001453430099584,0.2488625474595654,0.0005237455443977887,1
24,196608,229376,8024,-168,0.01268003440418397,0.011524707908392884,24.50148352889383,0.41490504812356177,0.0005175210876202988,1
25,204800,237568,5872,-2320,0.010361831285990775,0.010001764771004673,22.00133184328012,0.15359880445074053,0.00047096381981782595,1
26,212992,245760,5872,-2320,0.009176443563774228,0.009041652221640106,14.500877790624735,0.06426599684013512,0.0006328198676156751,1
27,221184,253952,5872,-2320,0.009305522486101836,0.00903278794430662,14.500877852726138,0.12918948140040004,0.0006417213206407649,1
28,229376,262144,4598,-3594,0.00830409026821144,0.008042942514293827,13.000787054992397,0.13877096794897767,0.0006387375035900313,1
29,237568,270336,6641,-1551,0.004210994753520936,0.0041963496478274465,7.500454186097265,0.015130330623074633,0.0005614319678568767,1
30,245760,278528,6641,-1551,0.00445387649233453,0.004438399555510841,8.500514732780953,0.01511773815919439,0.000523953740725703,1
31,253952,286720,6641,-1551,0.003755198515136726,0.003732207653229125,7.000423883034955,0.026671014279898236,0.0005364244477019729,1
32,262144,294912,2114,2114,0.00125653222494293,0.00125653222494293,3.500211955585036,0.0,0.0003589874672983652,1
33,270336,303104,3922,3922,0.0005493239732459188,0.0005493222415680066,2.5001514318168123,1.3690634010112305e-05,0.0002197162804841527,1
34,278528,311296,2242,2242,0.00036623317282646894,0.00036623311461880803,2.0001211538734975,6.902506333460316e-07,0.00018310549444327924,1
35,286720,319488,2242,2242,0.00036623317282646894,0.00036623311461880803,2.0001211017194334,6.902506333460316e-07,0.00018310549921783797,1
36,294912,327680,5811,-2381,0.0009130316320806742,0.0009109213715419173,3.5002120066528204,0.010049325991028089,0.0002608503800184913,1
37,303104,335872,5491,-2701,0.002053365111351013,0.002053357122349553,5.0003027098264,1.6897072909757842e-05,0.0004106481608235078,1
38,311296,344064,3312,3312,0.0027085525798611343,0.00268300055176951,6.500393597828394,0.04116508773881576,0.00041667516575703796,1
39,319488,352256,5393,-2799,0.0032683686586096883,0.0031802108860574663,8.00048446723141,0.11875117400485541,0.00040852134292571366,1
40,327680,360448,5393,-2799,0.0028037978627253324,0.002799879905069247,7.000423856358729,0.0060729675693103734,0.00040051830007100856,1
41,335872,368640,6864,-1328,0.006279291061218828,0.006225466137948388,10.000605640064752,0.03738738971064516,0.0006278910785225374,1
42,344064,376832,7677,-515,0.006242417445719184,0.006135944007837679,9.500575236026744,0.07471419730980068,0.0006570567876824518,1
43,352256,385024,7677,-515,0.0062335953989531845,0.006009449680277612,7.500454128442375,0.15903907316963906,0.0008310957299658494,1
44,360448,393216,7677,-515,0.006382262014085427,0.0059668095636880025,8.000484377479562,0.29232452374223816,0.0007977344511853252,1
45,368640,401408,5869,-2323,0.0013046730600763112,0.0013027628156123683,4.000242211652845,0.006363406946535333,0.00032614851577630807,1
46,376832,409600,3135,3135,0.0011508036404848099,0.00114543414383661,4.0002423369246305,0.02031102380816222,0.00028768348103868697,1
47,385024,417792,1342,1342,0.0013364904589252546,0.001334798231255263,5.000302942845848,0.005502402194213597,0.000267281897557313,1
48,393216,425984,6175,-2017,0.0011709039972629398,0.0011659753654384986,4.000242399747954,0.018319138014457566,0.0002927082612135494,1
49,401408,434176,5847,-2345,0.0010271175997331738,0.0010164343402720988,3.5002121157170776,0.04540841668572908,0.00029344438730472526,1
50,409600,442368,317,317,0.000549280783161521,0.0005491791671374813,2.500151516667648,0.000803511837227175,0.0002196989980405809,1
51,417792,450560,1841,1841,0.00030519426218234,0.00030519426218234,1.5000909107464304,0.0,0.00020345051089635518,1
52,425984,458752,1841,1841,0.00036623311461880803,0.00036623311461880803,2.0001211839105872,0.0,0.00018310546259140065,1
53,434176,466944,4889,-3303,0.0013046912354184315,0.0012996368459425867,3.500211860993005,0.016857294059504993,0.00037274636142975995,1
54,442368,475136,1337,1337,0.0026902300596702844,0.002680159261217341,6.000363313665026,0.016288194623938358,0.00044834452832941715,1
55,450560,483328,5120,-3072,0.008556523520383053,0.007232973905047402,12.500756842532397,0.729804502243509,0.0006844804381179913,1
56,458752,491520,5120,-3072,0.008653398414026015,0.008049092255532742,17.00102937073526,0.3143979454079155,0.0005089926159954497,1
57,466944,499712,5120,-3072,0.008483332241667085,0.007961959578096867,16.500999123169763,0.2754650767325129,0.0005141102171052948,1
58,475136,507904,5120,-3072,0.008235660467107664,0.007561923557659611,17.50105961423132,0.37066150755402283,0.00047058067617864005,1
59,483328,516096,1590,1590,2.6137276033696253,2.6014655035323813,1520.5920866381541,0.020422530863472045,0.0017188880741502884,1
60,491520,524288,1590,1590,2.739631435571937,2.7228046031304984,1947.1179177382505,0.02675664681753742,0.0014070187586554905,1
61,499712,532480,1592,1592,2.84135690680705,2.840237213036744,2330.641144806391,0.0017117619523803617,0.0012191310160033603,1
62,507904,540672,1592,1592,2.841006880327768,2.8402721228048904,2328.1409934216135,0.0011233426111479936,0.0012202898743483778,1
63,516096,548864,1277,1277,0.49855247512459755,0.49528221104992554,820.5496940885887,0.02858146908820951,0.0006075835244547328,1
64,524288,557056,795,795,0.37729097077271945,0.37569142076654316,390.52365109226764,0.018451342128270952,0.0009661155469520545,1
65,532480,565248,7721,-471,0.056600747630000114,0.0562367960010306,65.00393617913669,0.02801598248106575,0.0008707280044399278,1
66,540672,573440,7721,-471,0.05654541285184678,0.05605191512404417,65.50396639008494,0.0380692359627194,0.000863236472049818,1
67,548864,581632,5218,-2974,0.05609798210207373,0.05606800120585831,72.00435985646746,0.002321655410126241,0.0007790914635433008,1
68,557056,589824,7721,-471,0.06414442912864615,0.06345764952129684,88.00532874525885,0.04674962618310214,0.0007288698314430401,1
69,565248,598016,1249,1249,0.03309254324994981,0.028978716571145924,46.00278544815933,0.5765099789278956,0.0007193595545913604,1
70,573440,606208,1249,1249,0.032695043104467914,0.028985304375964915,45.5027552281566,0.5230404898768992,0.0007185288657913308,1
71,581632,614400,1249,1249,0.03160141975968145,0.0275364729714056,37.00224054200919,0.5979828207438032,0.0008540407093403949,1
72,589824,622592,7602,-590,0.022333223747409647,0.018616216839291155,20.50124129247446,0.7905998805148872,0.001089359587002552,1
73,598016,630784,1668,1668,0.001308390434132889,0.0013076610048301518,4.00024215872101,0.0024218723271927723,0.0003270778073473478,1
74,606208,638976,29,29,0.001295774767640978,0.001294655492529273,4.000242131830749,0.003753006150904798,0.00032392408382738434,1
75,614400,647168,7333,-859,0.01070401411561761,0.010522515454795212,14.500877919203386,0.07427100853376772,0.0007381631771027034,1
76,622592,655360,5940,-2252,0.011434446758357808,0.01124069466459332,22.001332229537418,0.07422005584766277,0.0005197161080548903,1
77,630784,663552,1571,1571,0.014651045431492093,0.013832952157827094,29.501786409436527,0.24953740155027634,0.0004966155346716824,1
78,638976,671744,1889,1889,0.025597660220228136,0.0234795882133767,47.502876359623976,0.3750979404784268,0.00053886547893309,1
79,647168,679936,6229,-1963,0.023232914914842695,0.022940290567930788,45.002724970048384,0.055047874314874685,0.0005162557362983106,1
80,655360,688128,5619,-2573,0.023244009527843446,0.022692080558044836,45.502755170688765,0.1043672812340515,0.0005108264200849183,1
81,663552,696320,6229,-1963,0.02251722836808767,0.02170404576463625,42.00254337288066,0.15974235928472133,0.000536092021099516,1
82,671744,704512,5694,-2498,0.014482862141449004,0.013082062127068639,22.501362620754712,0.44178189487710906,0.0006436437821810118,1
83,679936,712704,5694,-2498,0.013535039739508647,0.011936117565710447,16.50099932317706,0.5459644745062261,0.0008202557599343411,1
84,688128,720896,508,508,0.005780824343673885,0.005251060181763023,9.5005753241655,0.41742777376739365,0.0006084709763807545,1
85,696320,729088,5201,-2991,0.004392275746795349,0.004175369322183542,8.500514536240527,0.21994701292711838,0.0005167070449758792,1
86,704512,737280,5201,-2991,0.004560767047223635,0.004490072707994841,10.000605326152591,0.06784516497485044,0.00045604909887772186,1
87,712704,745472,125,125,0.004383486637379974,0.004368832131149247,8.0004842259332,0.01454329374144822,0.0005479026660875232,1
88,720896,753664,237,237,0.008197268150979653,0.007155546443755156,11.500696265667806,0.5902633716842985,0.0007127627720636674,1
89,729088,761856,2108,2108,0.007846261985832825,0.007459920705514378,11.500696391514353,0.21928593873872887,0.000682242337222474,1
90,737280,770048,2125,2125,0.009683619136922061,0.009097915957681835,18.50112028265833,0.27095779317464047,0.0005234071769155955,1
91,745472,778240,672,672,0.010366149712353945,0.009925888167344965,22.001332242053817,0.18848099020129336,0.00047116009150299836,1
92,753664,786432,672,672,0.009305182233219966,0.008788052116869949,20.001211085513628,0.24832258991722844,0.00046523093993840577,1
93,761856,794624,672,672,0.008095462661003694,0.008032436671783216,15.500938580007709,0.03394363780232743,0.0005222562891414068,1
94,770048,802816,545,545,0.007717399261309765,0.007496661884943023,13.500817486100331,0.1260304544694992,0.0005716245900853898,1
95,778240,811008,6510,-1682,0.00913770153420046,0.009004846913740039,18.001090127293345,0.06360634514741836,0.0005076193424722556,1
96,786432,819200,6070,-2122,0.011777103238273412,0.011732786515494809,25.001514144638858,0.016373135864721805,0.0004710555996785022,1
97,794624,827392,2313,2313,0.014280803850851953,0.013972763081255835,34.00205909244126,0.09470358764425216,0.0004199982069329034,1
98,802816,835584,1265,1265,0.014740034261194523,0.014371014782227576,31.50190779253484,0.1101105687587636,0.00046790925674309604,1
99,811008,843776,2313,2313,0.019666840322315693,0.015430089086294174,34.00205891557792,1.0536615821478246,0.0005784014541926872,1
100,819200,851968,6619,-1573,0.016353928833268583,0.014994906348874792,33.001998303825125,0.376783458132922,0.0004955435935336396,1
101,827392,860160,6619,-1573,0.014548219318385236,0.012855214619776234,28.001695497509516,0.5373050788784914,0.000519547800942238,1
102,835584,868352,6619,-1573,0.014154453107039444,0.01286466169403866,27.50166520398533,0.4149472404259028,0.0005146762205871188,1
103,843776,876544,6975,-1217,0.025971350303734653,0.025697624711028766,41.502513110653865,0.046015477012004105,0.0006257777748178748,1
104,851968,884736,6975,-1217,0.026788241462782025,0.025583327304047998,36.002179956252775,0.1998717782972642,0.0007440727615753586,1
105,860160,892928,6975,-1217,0.028405197081156075,0.025542661480812967,41.00248268189753,0.4613165917576796,0.0006927677355912129,1
106,868352,901120,6975,-1217,0.027799933566711843,0.025965470055325568,42.50257337135878,0.2964756901338012,0.0006540764796478275,1
107,876544,909312,5085,-3107,0.009684015705715865,0.009492882452832418,22.501362231398165,0.08657381932725473,0.0004303746415940494,1
108,884736,917504,5962,-2230,0.011633828864432871,0.011622519581578672,23.501422769598868,0.004223844114151701,0.0004950265768369666,1
109,892928,925696,5966,-2226,0.008983721723780036,0.008942899759858847,14.500877902467321,0.01977928114549684,0.0006195295060205602,1
110,901120,933888,5967,-2225,0.007035894304863177,0.00702472740522353,13.000787132963358,0.006898306508935676,0.0005411898704982056,1
111,909312,942080,6198,-1994,0.004097142373211682,0.004094275587704033,11.00066591311279,0.003039837995189084,0.0003724449415673909,1
112,917504,950272,6181,-2011,0.004660452890675515,0.004656195815186948,10.0006055004918,0.003968861724360458,0.00046601707171094073,1
113,925696,958464,32,32,0.006822257302701473,0.006749036372639239,15.000908203336222,0.04686326182675161,0.00045478961741691044,1
114,933888,966656,8186,-6,0.006877154213725589,0.006782209618904744,15.000908233537459,0.06037554634342406,0.00045844918898646205,1
115,942080,974848,6382,-1810,0.022696600819472224,0.02167021794593893,35.502149872392344,0.20097540275995626,0.0006393021521528153,1
116,950272,983040,6382,-1810,0.021838234148162883,0.02169725380372256,34.0020590223145,0.028127489800994512,0.0006422621092984729,1
117,958464,991232,6380,-1812,0.02356765194417676,0.022180277039296925,37.502270891446464,0.2634934938933713,0.0006284326624485047,1
118,966656,999424,1145,1145,0.023927785456180573,0.023803324838809203,42.00254325314681,0.022648826524532397,0.0005696746816489002,1
119,974848,1007616,5681,-2511,0.013898777702706866,0.012570832303026691,25.50154395955706,0.4361257599627667,0.0005450171066014261,1
120,983040,1015808,5681,-2511,0.01312924808007665,0.012719903781544417,26.50160439387515,0.1375602834873482,0.0004954133298854534,1
121,991232,1024000,5762,-2430,0.01160613790852949,0.011157092929352075,23.00139250484897,0.17136676303434134,0.0005045841422897669,1
122,999424,1032192,7425,-767,0.007518452987369528,0.007360625240835361,16.000968751784725,0.0921378183386288,0.0004698748622036357,1
123,1007616,1040384,1383,1383,0.006056048106984235,0.005848395332577638,10.50063572455732,0.15152594536802147,0.0005767315680536611,1
124,1015808,1048576,1383,1383,0.0052847082988591865,0.005236163255176507,9.000544977558683,0.04007841766791448,0.000587154256996182,1
125,1024000,1056768,1294,1294,0.0013591271708719432,0.0013591196475317702,4.500272607295636,2.404009158081715e-05,0.0003020099646116079,1
126,1032192,1064960,1294,1294,0.001176044053863734,0.0011760246416088194,4.000242315839909,7.168698097293554e-05,0.00029399320366341517,1
127,1040384,1073152,7694,-498,0.0014428980066441,0.0014428767608478665,4.500272519188115,6.394769385247389e-05,0.0003206245845094755,1
128,1048576,1081344,1801,1801,0.013531913340557367,0.012787058134563267,15.00090839238311,0.24588568228519567,0.0009020729269587672,1
129,1056768,1089536,1801,1801,0.013563164073275402,0.012821595664718188,16.000968879076908,0.24418938360775247,0.0008476464253993261,1
130,1064960,1097728,1801,1801,0.013509522269487206,0.012765275468609616,18.001090056525378,0.2460980044294769,0.0007504835666654541,1
131,1073152,1105920,1801,1801,0.012967953186489467,0.012226614149312809,16.50099926465051,0.2556522722320737,0.000785888962147295,1
132,1081344,1114112,1587,1587,0.0018706983610172756,0.0018686722760321572,5.5003330658271565,0.004706233751171636,0.0003401063787645293,1
133,1089536,1122304,5713,-2479,0.007879924418375595,0.006890773642226122,10.500636042235818,0.5825406806452855,0.0007504235349821517,1
134,1097728,1130496,5732,-2460,0.008047325733059552,0.00788465904770419,14.00084789572513,0.0886866260320477,0.0005747741703212586,1
135,1105920,1138688,8091,-101,0.008705286600161344,0.008258298144937726,18.00109008820298,0.22892515842926342,0.0004835977464423867,1
136,1114112,1146880,8091,-101,0.011046288185752928,0.009552240371704102,22.501362569453427,0.6311112684093484,0.0004909164123575672,1
137,1122304,1155072,7791,-401,0.00999339873669669,0.009096160647459328,20.501241282821148,0.4085509427997531,0.00048745334971841823,1
138,1130496,1163264,1554,1554,0.007414157473249361,0.0073209902620874345,14.500877990826403,0.054919768208000846,0.0005112902458692316,1
139,1138688,1171456,7660,-532,0.008380607585422695,0.007818170764949173,14.50087810474703,0.30170353588905063,0.0005779379376121509,1
140,1146880,1179648,7170,-1022,0.022649472550256178,0.02210056927287951,26.501604798217755,0.1065463231841511,0.0008546453213950034,1
141,1155072,1187840,7170,-1022,0.023231424944242463,0.022101372422184795,25.50154421733005,0.21656606132158265,0.0009109811055463501,1
142,1163264,1196032,7170,-1022,0.023231424944242463,0.022101372422184795,25.50154421733005,0.21656606132158265,0.0009109811055463501,1
143,1171456,1204224,7170,-1022,0.023232907347846776,0.021395547104475554,23.501423007701,0.3578016418802322,0.0009885744935629543,1
144,1179648,1212416,3384,3384,0.005133380531333387,0.004718730415333994,10.500635820070515,0.3657829270556701,0.0004888637811361516,1
145,1187840,1220608,2109,2109,0.0047982901451177895,0.004628316841262858,9.500575299656463,0.15663423686603567,0.0005050525882670804,1
146,1196032,1228800,7856,-336,0.005331207124982029,0.0049159037007484585,12.50075690712224,0.3522218905072233,0.0004264707460989504,1
147,1204224,1236992,7856,-336,0.005115425912663341,0.004764725308632478,11.000666117684865,0.3084393093992455,0.00046501056008232917,1
148,1212416,1245184,5815,-2377,0.002881678388803266,0.0028420827293302864,6.000363302653412,0.06008794001050397,0.0004802506520778439,1
149,1220608,1253376,801,801,0.002275952763739042,0.0022738085681339726,5.000302735577783,0.004093455987769908,0.00045516299394141713,1
150,1228800,1261568,2152,2152,0.0015309423033613712,0.0015208556724246591,4.00024217947017,0.02870821818968814,0.00038271240456850126,1
151,1236992,1269760,6384,-1808,0.003541094862157479,0.003451323398621753,7.000423815167402,0.11151905398678857,0.0005058400684948817,1
152,1245184,1277952,6255,-1937,0.005373954452807084,0.005120688798342599,11.50069633395811,0.20965598145252545,0.00046727209351136474,1
153,1253376,1286144,7723,-469,0.04322679258621065,0.04248315605218522,51.00308840086245,0.0753623943204173,0.000847532844412608,1
154,1261568,1294336,7723,-469,0.044901008310262114,0.04249280152725987,53.503239714725396,0.23940728925506738,0.0008392203640316058,1
155,1269760,1302528,7723,-469,0.04509226843947545,0.04254132026107982,53.50323964520558,0.2529111972695019,0.0008427951043431098,1
156,1277952,1310720,7723,-469,0.044663897206191905,0.04225875102565624,55.50336081881743,0.24039958157953192,0.0008047061753970293,1
157,1286144,1318912,707,707,0.009466295829042792,0.008059146312007215,18.501120130717943,0.6989103201806737,0.0005116606866048953,1
158,1294336,1327104,3099,3099,0.007735345534456428,0.007408555247820914,14.00084776549683,0.1874619431704463,0.0005524912251041774,1
159,1302528,1335296,3099,3099,0.0070870075360289775,0.007005120802205056,11.500696530281772,0.050472655461290594,0.0006162242014967196,1
160,1310720,1343488,8101,-91,0.00394137462717481,0.0038979451346676797,5.5003331216953875,0.04811994530463112,0.0007165701676555811,1
161,1318912,1351680,957,957,0.0005490324838319793,0.0005490324838319793,2.5001514679027315,0.0,0.00021959968861108198,1
162,1327104,1359872,957,957,0.0006100713362684473,0.0006100713362684473,3.000181779542152,0.0,0.00020334479078182665,1
163,1335296,1368064,7058,-1134,0.0754473039705772,0.06027662912674714,62.00375399014824,0.9749476823264979,0.0012168183233319228,1
164,1343488,1376256,6177,-2015,0.5428955757524818,0.5345994390372653,119.50723624541686,0.06687803741768905,0.004542784125955403,1
165,1351680,1384448,30,30,2657.375450221807,922.1597242869757,5124.310150510729,4.5964676821646195,0.5185820865969544,1
166,1359872,1392640,30,30,5150.32021340169,2007.5080519199837,10123.612870235418,4.091769356186478,0.5087432993950433,1
167,1368064,1400832,30,30,7596.043531524017,3159.605466397712,15078.412972786813,3.8095458841134215,0.503769431519961,1
168,1376256,1409024,30,30,9972.1396484375,4359.117431640625,20044.713396405863,3.5938978290157957,0.49749474842706226,1
169,1384448,1417216,30,30,9653.004150390625,4696.78857421875,20079.715794485364,3.1286148204711357,0.48073410247378595,1
170,1392640,1425408,30,30,9461.086181640625,4865.901123046875,20098.217033127068,2.8877771886124934,0.4707425621907806,1
171,1400832,1433600,30,30,9289.19775390625,4986.302490234375,20095.716648938615,2.7019958738335874,0.46224764790345874,1
172,1409024,1441792,30,30,9119.064697265625,5089.236328125,20092.216673597613,2.532976783087249,0.45386055931044317,1
173,1417216,1449984,30,30,8999.429443359375,5111.4649658203125,20056.714643272197,2.456695879192447,0.4486990817500679,1
174,1425408,1458176,30,30,8933.137939453125,5147.875732421875,20055.214543763384,2.393759854504122,0.44542719400780895,1
175,1433600,1466368,30,30,8899.44287109375,5192.607421875,20083.71629633755,2.339773297495522,0.44311733644219253,1
176,1441792,1474560,30,30,8923.4423828125,5229.93994140625,20140.719852576673,2.320357221950641,0.44305478891167305,1
177,1449984,1482752,30,30,8959.367919921875,5314.75146484375,20236.225800183893,2.2679441112435974,0.4427390763667234,1
178,1458176,1490944,30,30,9008.59375,5360.8602294921875,20342.732906142897,2.254225182184914,0.4428408804049958,1
179,1466368,1499136,30,30,9086.4951171875,5428.0047607421875,20489.742077009694,2.237561776514906,0.4434655684310887,1
180,1474560,1507328,30,30,9178.39013671875,5458.50146484375,20579.247501113845,2.2569308268620802,0.44600222317273613,1
181,1482752,1515520,30,30,6925.949281692505,4092.5722658634186,20657.251741203778,2.2848295007175037,0.3352793182975899,1
182,1490944,1523712,30,30,4643.590807199478,2756.074097365141,20715.254376540615,2.265630533132584,0.22416286678372635,1
183,1499136,1531904,62,62,2372.8214331269264,2327.4143872261047,20715.75427838274,0.08391341937978192,0.11454187963616695,1
184,1507328,1540096,62,62,2375.4145328998566,2317.677295446396,20728.755026076396,0.10686442849952996,0.11459513752329208,1
185,1515520,1548288,62,62,2366.584115934558,1350.870851740241,20777.258008323362,2.4350811444232487,0.11390261963279781,1
186,1523712,1556480,7407,-785,1340.6771063865162,1119.0929889827967,20857.76303884646,0.7845801842987001,0.06427712808365774,1
187,1531904,1564672,7771,-421,1865.0400851741433,1339.999915907625,20846.262334539057,1.435833993950474,0.08946640194986216,1
188,1540096,1572864,7883,-309,1905.734249971807,1870.5103234127164,20913.266631006394,0.08102229782755045,0.09112561340112837,1
189,1548288,1581056,7883,-309,1940.0674607679248,1870.5832313112915,20903.265782454815,0.15839794816772584,0.09281169176905951,1
190,1556480,1589248,7883,-309,1939.9866409646347,1870.7205658853054,20861.263248898522,0.15789818610747147,0.09299468674635829,1
191,1564672,1597440,7883,-309,1939.8981261462905,1376.1592396898195,20952.268851133966,1.4911023315109255,0.0925865422942633,1
192,1572864,1605632,215,215,1581.8845257218927,1376.2438399530947,20901.76545835282,0.6047938963686845,0.07568186184434175,1
193,1581056,1613824,215,215,1836.65341761522,1394.8110150694847,20909.26610175432,1.1951184285905836,0.0878392100744809,1
194,1589248,1622016,215,215,1836.6319099804386,1394.7356950264657,20962.76933014332,1.1953020975334692,0.0876139922667308,1
195,1597440,1630208,215,215,1836.6187972566113,1394.706808778108,20934.767595873585,1.19536103803448,0.0877305558251635,1
196,1605632,1638400,7267,-925,1127.8064094427973,913.8303141761571,20981.270375526074,0.9136899774179243,0.05375300871954562,1
197,1613824,1646592,7667,-525,1892.4985347780166,1177.0471177676227,20922.76705882912,2.0624170371968082,0.09045163717862109,1
198,1622016,1654784,7667,-525,1892.457359583932,1615.5919579602778,20870.26437917079,0.6869442017173287,0.09067721065731524,1
199,1630208,1662976,7667,-525,1892.544265273842,1615.6415444761515,20858.763756704997,0.6870103407738144,0.09073137254673055,1
200,1638400,1671168,7667,-525,1892.5459277774207,1616.0264521576464,20843.763130672254,0.6859796233008508,0.09079674893217721,1
201,1646592,1679360,7519,-673,1616.1236826702952,1575.957320669666,20880.265222198446,0.10930142506769902,0.07739957636898907,1
202,1654784,1687552,111,111,1836.530559299048,1575.9896912220865,20902.265929434645,0.6644478688753129,0.0878627496893932,1
203,1662976,1695744,111,111,2087.818138629198,1973.4452707022429,20847.76259227856,0.2446757967982815,0.10014590915393812,1
204,1671168,1703936,111,111,2087.804373666644,2039.1551063507795,20822.261091601376,0.10239541816292665,0.10026789907599211,1
205,1679360,1712128,111,111,2087.8016096428037,2039.0667537674308,20866.263753660955,0.10257784391763224,0.10005632221899342,1
206,1687552,1720320,7719,-473,2038.8734709694982,1973.51138304919,20795.25939514556,0.14150639322094227,0.09804510885040714,1
207,1695744,1728512,7719,-473,2039.0112686529756,2029.1582407774404,20810.26031615337,0.021037097857292013,0.09798105538690698,1
208,1703936,1736704,7879,-313,2074.851139061153,2028.8923818962649,20792.758823243013,0.09727932097333333,0.09978719787495433,1
209,1712128,1744896,8043,-149,2121.566622760147,2106.353267483413,20775.75782237866,0.03125463554370075,0.10211741207701681,1
210,1720320,1753088,8043,-149,2241.9633675552905,2106.250777605921,20863.76324212956,0.2711843363220171,0.10745728570328876,1
211,1728512,1761280,8043,-149,2242.0930332653224,2106.2543277814984,20917.76670088012,0.27142818646645317,0.10718606174965063,1
212,1736704,1769472,8043,-149,2242.2124832868576,2077.8558874714654,20975.2702386587,0.33061342950131073,0.10689790681000731,1
213,1744896,1777664,8003,-189,2171.818000255851,1826.950591392815,21026.273204913727,0.7509662596560495,0.10329067729169945,1
214,1753088,1785856,8003,-189,2171.790400407044,1303.3009876487777,21010.77212499123,2.2177318478917645,0.10336556826599493,1
215,1761280,1794048,8003,-189,2171.995271835476,1306.8203608095646,20948.268002245855,2.206429831662037,0.1036837638129614,1
216,1769472,1802240,7495,-697,1704.3241290971637,1307.040262080729,20948.768405711024,1.1526322679929881,0.0813567698152858,1
217,1777664,1810432,7671,-521,2087.9244854929857,1704.4812629073858,20898.265168119928,0.8812255591228391,0.09990898616207107,1
218,1785856,1818624,7671,-521,2087.8977170172147,1704.357214950025,20917.766572040746,0.8814859598954244,0.09981456241164655,1
219,1794048,1826816,7671,-521,2087.670979430899,1704.1817800700665,20968.26980436193,0.8814613633964169,0.09956334017585994,1
220,1802240,1835008,8131,-61,2156.566716402769,2087.731202224735,20955.76919601081,0.1408831617676105,0.10291040601904025,1
221,1810432,1843200,8131,-61,2364.8799548372626,2153.0880749765784,20961.269914236487,0.40747304547891683,0.112821406551856,1
222,1818624,1851392,8131,-61,2364.871757134795,2314.6549567878246,20912.766675982035,0.0932133432995175,0.1130826826395386,1
223,1826816,1859584,8131,-61,2364.900684095919,2314.596986338496,20885.7647963414,0.09337523585714302,0.1132302650707904,1
224,1835008,1867776,8095,-97,2313.1051349043846,2206.8563036266714,20874.76390091815,0.20421317104070857,0.11080868487344403,1
225,1843200,1875968,7799,-393,2214.0858816374093,2014.458322647959,20863.76327312815,0.4103617596163384,0.10612111787565574,1
226,1851392,1884160,8155,-37,2259.19853506051,2213.9464113209397,20901.765292286284,0.08787293209647545,0.10808649429693187,1
227,1859584,1892352,8155,-37,2465.410735744983,2214.1920207366347,20894.26526864538,0.4667400143387843,0.11799461259088441,1
228,1867776,1900544,8155,-37,2465.4528064709157,2170.8658020868897,20934.767489918035,0.5526371650967489,0.11776833956518752,1
229,1875968,1908736,8155,-37,2465.6403347067535,2170.9012514725327,20954.268759117447,0.5528965692985434,0.11766768685898069,1
230,1884160,1916928,7695,-497,2170.879461977631,2059.181947402656,20957.269585625432,0.22940987764541107,0.10358598734000324,1
231,1892352,1925120,199,199,2059.21119607985,2044.0774943307042,20945.768531437927,0.0320353426619629,0.09831156078083927,1
232,1900544,1933312,199,199,2059.157305419445,2044.056453071651,20983.770836565236,0.03196638947722007,0.09813094707607385,1
233,1908736,1941504,7631,-561,2043.9661847670795,1269.773776769638,16982.028190068468,2.067473527563258,0.12036054597780282,1
234,1916928,1949696,7631,-561,2043.9330348323747,883.9652614512015,11737.710540594166,3.6403146474326546,0.17413387625836874,1
235,1925120,1957888,819,819,855.6245349876117,717.6485690539121,6559.897052093273,0.7637140621576031,0.13043261627323569,1
236,1933312,1966080,819,819,248.8078406851855,230.5949772357999,1277.57730457043,0.3301421879889594,0.19474973435665732,1
237,1941504,1974272,6013,-2179,0.021203005831921473,0.020692718993814196,38.50233132680832,0.10579872708711703,0.0005506940775079324,1
238,1949696,1982464,1440,1440,0.021452793735079467,0.020069915342901368,42.00254343790522,0.28938316524177377,0.0005107498732021877,1
239,1957888,1990656,6967,-1225,0.026636982744093984,0.024096762819681317,50.50305837525002,0.4352632637385326,0.0005274330624924676,1
240,1966080,1998848,7474,-718,0.03348778987128753,0.03121810912853107,66.00399704012628,0.3047989146123345,0.0005073600292862425,1
241,1974272,2007040,7474,-718,0.03356539997912478,0.03277760022319853,70.50426946156492,0.10314672789340337,0.00047607613319676766,1
242,1982464,2015232,825,825,0.04391911225684453,0.0384281815495342,76.50463254036168,0.5800371926676471,0.0005740712790650166,1
243,1990656,2023424,825,825,0.04618763430335093,0.037632264429703355,79.00478381553873,0.8896536685527806,0.0005846181974396683,1
244,1998848,2031616,825,825,0.036202679704729235,0.02719874210015405,49.00296705590787,1.2419189893998794,0.0007387854629991142,1
245,2007040,2039808,825,825,0.036038744750840124,0.02686440413526725,43.00260378335943,1.2759244369457565,0.0008380595959351166,1
246,2015232,2048000,1574,1574,0.019186104957043426,0.018697483144933358,23.001392850656963,0.11203665540339863,0.0008341279626679405,1
247,2023424,2056192,8139,-53,0.004239258531015366,0.004109563858946785,9.500575266994087,0.1349416942407552,0.00044621072007533676,1
248,2031616,2064384,6732,-1460,0.005973713799903635,0.005923775375777041,13.000787190456304,0.03645829650478358,0.00045948862268039084,1
249,2039808,2072576,4442,-3750,0.0056714016100158915,0.005401310823799577,12.500756903879306,0.21191232242862276,0.0004536846571471132,1
250,2048000,2080768,6980,-1212,0.009526044319500215,0.0076008234900655225,17.001029449525,0.9805195045943662,0.0005603216174516048,1
251,2056192,2088960,324,324,0.022040434036171064,0.019387408421607688,31.00187756256758,0.5570038331264262,0.000710938684010004,1
252,2064384,2097152,324,324,0.021304297815731843,0.01925771593232639,28.501726153195314,0.43862448331688475,0.0007474739495152798,1
253,2072576,2105344,1611,1611,0.03986108612252792,0.036772754552657716,60.00363382783002,0.3502296507492755,0.0006643112021665616,1
254,2080768,2113536,1611,1611,0.039564094833167474,0.03595095926721115,58.50354277905001,0.4159075116893257,0.0006762683583554753,1
255,2088960,2121728,1611,1611,0.03736437953875793,0.03682418412063271,44.50269454184751,0.06324641532885232,0.0008395981394704727,1
256,2097152,2129920,1611,1611,0.03806381949107163,0.037254843657137826,49.00296712133434,0.09329619969460382,0.0007767656068013857,1
257,2105344,2138112,7464,-728,0.00800952929421328,0.007977156739798374,16.500998900689304,0.017588687154130325,0.0004853966321928968,1
258,2113536,2146304,7333,-859,0.009391974628670141,0.00849299572291784,18.50112021943422,0.43696005335332305,0.0005076435652152827,1
259,2121728,2154496,7333,-859,0.008345437207026407,0.008017140411539003,14.00084781912368,0.17429603894556792,0.0005960665607426588,1
260,2129920,2162688,8004,-188,0.006201732670888305,0.0061094569973647594,8.00048441496041,0.06510429517444692,0.0007751696458893726,1
261,2138112,2170880,8004,-188,0.00620173268544022,0.0061094569973647594,8.000484461119084,0.06510430536485125,0.0007751696432359222,1
262,2146304,2179072,5980,-2212,0.004348312912043184,0.0040556362218922,6.00036325645962,0.3026179592178368,0.0007246749448647228,1
263,2154496,2187264,3272,3272,0.005943106225458905,0.0057800271024461836,11.000666075742094,0.12083617964092869,0.0005402496707507767,1
264,2162688,2195456,3272,3272,0.00584713599528186,0.005578424519626424,10.000605562119013,0.20431633852303122,0.0005846781936315984,1
265,2170880,2203648,3926,3926,0.03264226924511604,0.03240225670742802,40.002422700908234,0.03205084279496438,0.0008160073075867706,1
266,2179072,2211840,3926,3926,0.03304584870056715,0.03160597017267719,37.002241086072736,0.19347784210718555,0.0008930769523850616,1
267,2187264,2220032,3926,3926,0.03300389967625961,0.031769329303642735,34.50208968631269,0.16557211955576132,0.000956576832775221,1
268,2195456,2228224,3926,3926,0.033064938528696075,0.0318303681560792,35.002119974378004,0.16526057857789955,0.0009446553109611654,1
269,2203648,2236416,2679,2679,0.0026470008306205273,0.0025300104898633435,6.50039370472626,0.19631755741634063,0.00040720623255418583,1
270,2211840,2244608,8168,-24,0.004732003657409223,0.004407708365761209,9.500575302592246,0.30832219750420115,0.0004980754856096019,1
271,2220032,2252800,749,749,0.00786981602141168,0.007708657198236324,13.50081738691032,0.08985846500011402,0.0005829140411188613,1
272,2228224,2260992,4498,-3694,0.01485842335387133,0.011035405041184276,22.001332101693983,1.2918445028813752,0.0006753419877120674,1
273,2236416,2269184,6510,-1682,0.017608971102163196,0.016832326538860798,33.00199804099949,0.1958983308771939,0.0005335728788386382,1
274,2244608,2277376,7238,-954,0.02258221386000514,0.020807852502912283,44.50269474870152,0.35539255290026084,0.0005074347517048737,1
275,2252800,2285568,3838,3838,0.02249531651614234,0.0214794009225443,45.00272496714061,0.20069943823493835,0.0004998656533036082,1
276,2260992,2293760,3838,3838,0.02447185618802905,0.021394722571130842,39.502391972346295,0.5836025250860255,0.0006195031481931679,1
277,2269184,2301952,7246,-946,0.01983207100420259,0.018797158467350528,31.001877437713567,0.23275865945398094,0.0006397054837742509,1
278,2277376,2310144,821,821,0.04001529258675873,0.03869323635899491,53.00320966645614,0.14590940480510023,0.0007549598003322995,1
279,2285568,2318336,821,821,0.038184370612725616,0.03694043035739014,48.00290709655541,0.14383685905978205,0.0007954595444796644,1
280,2293760,2326528,821,821,0.038000774788088165,0.03715197628480382,47.00284652036747,0.09810530590649302,0.0008084781582668937,1
281,2301952,2334720,821,821,0.037035793109680526,0.03674437280278653,42.502573941786295,0.03430810647206697,0.0008713776525724453,1
282,2310144,2342912,7012,-1180,0.0024679349007783458,0.002240551999420859,5.500333107184957,0.4197867208020043,0.0004486882617262834,1
283,2318336,2351104,6365,-1827,0.0022194361517904326,0.0021987842628732324,5.500333091945361,0.04060035886361987,0.000403509408373932,1
284,2326528,2359296,6894,-1298,0.00280987723817816,0.0027988461079075933,6.500393579802141,0.017083264362714897,0.0004322626320518406,1
285,2334720,2367488,2247,2247,0.003297631303212256,0.0031949020631145686,8.500514684694917,0.13744547267152432,0.0003879331341135855,1
286,2342912,2375680,2247,2247,0.0032780032488517463,0.003048326154384995,7.500454161755543,0.3154794735647347,0.00043704063489463456,1
287,2351104,2383872,2798,2798,0.003070745584409451,0.003068363163038157,7.000423879176965,0.0033707580354959575,0.0004386513784605964,1
288,2359296,2392064,4118,-4074,0.0013676033704541624,0.0013668250176124275,4.000242242338293,0.0024724315673741865,0.0003418801381525201,1
289,2367488,2400256,6544,-1648,0.007936553134641144,0.0070473643791046925,9.500575330337195,0.5160520119333919,0.0008353760544688465,1
290,2375680,2408448,188,188,0.059322136963601224,0.05841141411656281,61.00369367638655,0.06719066785191638,0.0009724351656195497,1
291,2383872,2416640,188,188,0.05935207557922695,0.05884047561266925,73.00442014363296,0.03759736596343376,0.0008129929045728241,1
292,2392064,2424832,190,190,0.06144213888910599,0.05937190576514695,80.50487442186869,0.14885336232835344,0.0007632101699473688,1
293,2400256,2433024,190,190,0.061604586720932275,0.0597941375017399,82.00496544231268,0.1295444261789293,0.000751229957706265,1
294,2408448,2441216,5848,-2344,0.021300061256624758,0.020047593861818314,41.00248293477267,0.2631859692577124,0.0005194822296617792,1
295,2416640,2449408,7916,-276,0.016191587725188583,0.013687172962818295,33.00199871725514,0.7297568176404946,0.0004906244577460331,1
296,2424832,2457600,7964,-228,0.01630085686338134,0.015437928610481322,32.501968438273366,0.23621405635632903,0.0005015344499622961,1
297,2433024,2465792,1829,1829,0.011365155427483842,0.011284825712209567,24.0014534786605,0.030805233905213288,0.0004735194657102125,1
298,2441216,2473984,7859,-333,0.009880626530502923,0.009046093196957372,15.000908420896144,0.3832342634096856,0.0006586685454821716,1
299,2449408,2482176,7859,-333,0.010302091264748015,0.008288167460705154,11.500696452165101,0.9446687559431921,0.000895779773650887,1
300,2457600,2490368,1068,1068,0.0016568992577958852,0.0016487708926433697,5.000302710025972,0.021357915863689472,0.0003313597903730271,1
301,2465792,2498560,7987,-205,0.0017428092687623575,0.0017388951528118923,6.5003935259969605,0.009764640929280737,0.0002681082709519597,1
302,2473984,2506752,6905,-1287,0.003062113479245454,0.002965879837574903,8.000484318946793,0.13867729597227468,0.0003827410138150936,1
303,2482176,2514944,2429,2429,0.02831779374173493,0.02741935241738247,37.502270728338026,0.14002220633303553,0.0007550954433363689,1
304,2490368,2523136,2429,2429,0.02848754250226193,0.027559446251871123,38.00230106268912,0.14384499034227613,0.0007496267780013765,1
305,2498560,2531328,2429,2429,0.028529963765322464,0.02760766422670713,38.00230111717107,0.14271555792357388,0.0007507430583573635,1
306,2506752,2539520,2429,2429,0.029057695282972418,0.028195851598866284,38.50233153853346,0.13075949060648856,0.0007546996278365955,1
307,2514944,2547712,7489,-703,0.0033461471684859134,0.003297984141681809,9.500575359677756,0.0629647494447247,0.0003522046867485097,1
308,2523136,2555904,7489,-703,0.0032926442509051412,0.003237118653487414,8.00048448532698,0.07386192169949095,0.0004115556072815221,1
309,2531328,2564096,5993,-2199,0.007395479595288634,0.007132872342481278,13.500817423177283,0.15701891660217374,0.0005477801353414778,1
310,2539520,2572288,4803,-3389,0.009685373574029654,0.009202861052472144,18.00109004376987,0.22193511558525164,0.000538043726823184,1
311,2547712,2580480,4934,-3258,0.01098043197998777,0.0103792161680758,21.50130213013663,0.24454868879729305,0.0005106868371751956,1
312,2555904,2588672,6768,-1424,0.014690698240883648,0.014544240722898394,33.00199861942007,0.04351384080642311,0.0004451457140610535,1
313,2564096,2596864,1248,1248,0.01778204133734107,0.0160083418013528,35.002119755858786,0.45635266955913967,0.0005080275555129671,1
314,2572288,2605056,1248,1248,0.018640821566805243,0.016136217047460377,34.00205903403533,0.6266332241290506,0.0005482262573612434,1
315,2580480,2613248,147,147,0.05907902342551097,0.05903295657481067,79.50481433242936,0.0033877308757707288,0.0007430873705142799,1
316,2588672,2621440,147,147,0.059211424755631015,0.05837211530888453,74.50451151551471,0.062000795684774276,0.0007947360978710789,1
317,2596864,2629632,147,147,0.059142313766642474,0.0579113682906609,65.50396657676815,0.09134484727814157,0.0009028814109650892,1
318,2605056,2637824,1902,1902,0.0585925800842233,0.058539784426102415,60.5036637625267,0.003915034864866884,0.0009684137528298404,1
319,2613248,2646016,202,202,0.007477941631805152,0.006037941231625155,9.00054501167186,0.9289318935602293,0.0008308320909575804,1
320,2621440,2654208,5612,-2580,0.007671085331821814,0.006944103730347706,9.000544987411985,0.4324061412358745,0.0008522912048715349,1
321,2629632,2662400,4373,-3819,0.008288771539810114,0.008188717241864651,13.000787225032212,0.05274294418740484,0.0006375592028650846,1
322,2637824,2670592,4373,-3819,0.008363848988665268,0.008032732177525759,13.000787308856887,0.17542895701434458,0.0006433340373907456,1
323,2646016,2678784,4373,-3819,0.008689115260494873,0.008206299018638674,14.50087808579921,0.24828220536430054,0.0005992130413815541,1
324,2654208,2686976,7958,-234,0.004267590484232642,0.00412582527496852,9.500575228854018,0.14671906037369548,0.00044919285216242727,1
325,2662400,2695168,4988,-3204,0.0015673702582716942,0.001567154104122892,5.000302731515603,0.0005989716037325462,0.0003134550731084677,1
326,2670592,2703360,4767,-3425,0.0012667231203522533,0.0012661109358305112,4.000242165276156,0.0020993745265499523,0.00031666160897656686,1
327,2678784,2711552,6566,-1626,0.0009771402110345662,0.0009764563874341547,3.500212018651501,0.003040349564651201,0.00027916600646695145,1
328,2686976,2719744,664,664,0.025393317606251742,0.025280214641497878,31.501907545865762,0.019386876291996293,0.0008060882525694639,1
329,2695168,2727936,230,230,0.02825438933746227,0.02637037894590577,43.00260385581825,0.29969554613625987,0.0006570390349429842,1
330,2703360,2736128,230,230,0.03026084875455126,0.027853007130033802,53.003209389356726,0.36009014589924637,0.0005709248383858766,1
331,2711552,2744320,230,230,0.030644780432339758,0.03027037321589887,61.00369359199203,0.05338738425248464,0.0005023430324940604,1
332,2719744,2752512,2422,2422,0.01795413688523695,0.01748754648724571,41.50251257738413,0.11435650002317409,0.00043260361289597333,1
333,2727936,2760704,2422,2422,0.01722420603800856,0.017082412727177143,34.50208882963204,0.035900013079374044,0.0004992221231317332,1
334,2736128,2768896,2588,2588,0.01613771720440127,0.015276762656867504,35.00211935958,0.2381076928295038,0.0004610497164076556,1
335,2744320,2777088,2588,2588,0.015540846186922863,0.013750362384598702,28.50172584884936,0.5316051815135288,0.0005452598298551896,1
336,2752512,2785280,6909,-1283,0.011889000335941091,0.011714591324562207,18.50112054507928,0.0641819693311674,0.0006426097439326826,1
337,2760704,2793472,6909,-1283,0.01240868354216218,0.012146207991463598,19.001150799247647,0.0928499521834279,0.0006530490533580473,1
338,2768896,2801664,7110,-1082,0.00469057841837639,0.004690112087700982,9.000545017408966,0.0004317908987778041,0.0005211438206579507,1
339,2777088,2809856,7364,-828,0.004369617789052427,0.004359424592621508,7.5004542006508,0.01014281013081669,0.0005825804240859551,1
340,2785280,2818048,7697,-495,0.05096574351682648,0.04828074215038214,55.00333084085437,0.23504427064683386,0.0009265937669173133,1
341,2793472,2826240,7697,-495,0.050790892694749346,0.04665283025315148,52.00314915809379,0.3690785009673387,0.0009766887874490238,1
342,2801664,2834432,7697,-495,0.05051139318584319,0.0461614508421917,50.50305827927591,0.3910989709822204,0.0010001650376601193,1
343,2809856,2842624,7697,-495,0.05094531872600783,0.04607244665021426,52.00314915055011,0.43663007816145927,0.0009796583391232742,1
344,2818048,2850816,5503,-2689,0.08035463068245008,0.06768140368149034,70.5042686160073,0.7454155218010193,0.0011397129884445942,1
345,2826240,2859008,5503,-2689,0.08045988509275048,0.06770741921718582,70.00423833684744,0.749431477622128,0.0011493573389884254,1
346,2834432,2867200,5503,-2689,0.08303371982492536,0.0697314052922593,83.50505609758325,0.7582607670328451,0.0009943555959999943,1
347,2842624,2875392,5503,-2689,0.08339585055364296,0.06932898574814317,83.00502581004619,0.8022959569402657,0.001004708446745034,1
348,2850816,2883584,6817,-1375,0.01222064190369565,0.012105378395062871,18.001090171252734,0.041156489864761225,0.0006788834335829111,1
349,2859008,2891776,2548,2548,0.01260908748372458,0.012523498800874222,22.50136260433078,0.029579794096044595,0.000560369952053381,1
350,2867200,2899968,2944,2944,0.006320411848719232,0.00619950926193269,14.000847666985791,0.08388065402523098,0.00045143065613254674,1
351,2875392,2908160,2328,2328,0.005906218983000144,0.005770861440396402,12.50075685252026,0.10068898194271414,0.0004724689114970987,1
352,2883584,2916352,1549,1549,0.006533583888085559,0.006479654839495197,14.000847817831222,0.035995992677456325,0.0004666563034678876,1
353,2891776,2924544,365,365,0.0424759225352318,0.04213298374088481,44.00266508255516,0.035206043473500634,0.0009653034073172846,1
354,2899968,2932736,365,365,0.042325384747528005,0.04212322034436511,39.50239253296878,0.020793487911084128,0.0010714638287339976,1
355,2908160,2940928,365,365,0.043648732571455184,0.04344661536742933,42.50257417460837,0.02015688462297058,0.001026966799519911,1
356,2916352,2949120,365,365,0.043647512764437124,0.04340723986024386,42.502574133703035,0.02397329456796409,0.0010269381009049565,1
357,2924544,2957312,8123,-69,0.003549753746483475,0.003543526356224902,8.000484474971634,0.007625588956419972,0.0004436923485806853,1
358,2932736,2965504,8123,-69,0.003488714894047007,0.003482487503788434,7.500454201167193,0.007759126162192671,0.000465133817296572,1
359,2940928,2973696,3988,3988,0.0021606979134958237,0.002158653369406238,5.500333112566613,0.004111424259218133,0.0003928303739566748,1
360,2949120,2981888,3566,3566,0.0012246100086485967,0.0012209424894535914,4.000242262530049,0.013025968929008805,0.0003061339609651698,1
361,2957312,2990080,3567,3567,0.011500608306960203,0.011049065104089095,15.50093863106569,0.17395279735736408,0.000741929800554893,1
362,2965504,2998272,3567,3567,0.011534326178662013,0.011409949249355122,18.001090035269137,0.04708515930092179,0.0006407570961571252,1
363,2973696,3006464,1122,1122,0.013930318149505183,0.013686549340491183,22.50136245523168,0.0766706783450728,0.0006190877631174869,1
364,2981888,3014656,1122,1122,0.013875691976863891,0.013595801632618532,23.501423045974725,0.08849831025999105,0.0005904192248154305,1
365,2990080,3022848,5707,-2485,0.04104115575319156,0.038547897172975354,57.50348189767098,0.27218890543830876,0.00071371601160127,1
366,2998272,3031040,5707,-2485,0.03998244475951651,0.03864509426057339,62.503784597149625,0.14774974950039338,0.0006396803812315045,1
367,3006464,3039232,507,507,0.03781987244656193,0.037781638820888475,60.50366363593204,0.004392677815656027,0.0006250840060551537,1
368,3014656,3047424,507,507,0.03792843807241297,0.037881495198234916,61.003693912279616,0.005378459773364708,0.0006217400232673163,1
369,3022848,3055616,3351,3351,0.011754967055821908,0.008524396282155067,17.50105971308465,1.3955778532536551,0.0006716717300857683,1
370,3031040,3063808,5857,-2335,0.009227349510183558,0.00903597003343748,17.00102962820808,0.09102188998656259,0.0005427523927652919,1
371,3039232,3072000,7028,-1164,0.008536040586477611,0.008228119942941703,14.50087815193148,0.1595585750380121,0.0005886568038874689,1
372,3047424,3080192,7028,-1164,0.008483957382850349,0.007748845426249318,12.500757000645145,0.39361480589306713,0.0006786754900053257,1
373,3055616,3088384,7028,-1164,0.008017540065338835,0.0074976462055929005,10.500635965781335,0.29116195524080596,0.0007635289987640537,1
374,3063808,3096576,510,510,0.0012558637681649998,0.0012553418782772496,5.000302802289279,0.0018051401086589998,0.00025115754341717666,1
375,3072000,3104768,7296,-896,0.0012975249555893242,0.0012973848060937598,4.50027254146254,0.00046911960888293424,0.00028832141689970683,1
376,3080192,3112960,7296,-896,0.0012364861031528562,0.0012363459536572918,4.000242284421906,0.000492278903151896,0.00030910280308972505,1
377,3088384,3121152,3902,3902,0.0008472640038235113,0.0008470731845591217,3.00018171363352,0.0009782203269080247,0.0002824042290416436,1
378,3096576,3129344,1815,1815,0.039844676008215174,0.035751911762417876,39.50239221892287,0.4707102997450405,0.0010086648876198524,1
379,3104768,3137536,1815,1815,0.039885514925117604,0.03590981106390245,39.50239223748971,0.4560208306670794,0.00100969872116414,1
380,3112960,3145728,1815,1815,0.0400226600759197,0.03634692804189399,41.50251332565681,0.4183823913152102,0.0009643430450072945,1
381,3121152,3153920,1815,1815,0.04145119624445215,0.037477235979167745,45.502755395495235,0.4376951510409808,0.0009109601360219124,1
382,3129344,3162112,4512,-3680,0.004241229289618786,0.004182240882073529,8.00048435188695,0.06082708945017387,0.0005301215655297762,1
383,3137536,3170304,4107,-4085,0.004323169603594579,0.004298938394640572,8.000484322455279,0.024410522452423703,0.000540363486677996,1
384,3145728,3178496,4512,-3680,0.004292925863410346,0.004156148745096289,7.000423812046372,0.14062306304630648,0.0006132379951086751,1
385,3153920,3186688,306,306,0.0010351113742217422,0.0010348060895921662,4.000242288721166,0.0012810504120461955,0.0002587621697666358,1
386,3162112,3194880,6233,-1959,0.0013913189468439668,0.0013897674944018945,5.000302776550864,0.004845497029003516,0.0002782469400390347,1
387,3170304,3203072,3031,3031,0.0012930367229273543,0.0012920892186230049,5.000302752485577,0.0031835656651858783,0.0002585916867302894,1
388,3178496,3211264,1415,1415,0.001963450100447517,0.001963158843864221,6.5003934820190565,0.0006442766721575572,0.0003020509613577514,1
389,3186688,3219456,1422,1422,0.002648098728968762,0.00255199360253755,7.000423767167541,0.1605459151507967,0.0003782769182329395,1
390,3194880,3227648,7751,-441,0.031575832568705664,0.03133641792226172,36.00217986561036,0.033054599370458064,0.0008770533530628576,1
391,3203072,3235840,7751,-441,0.03147582293058804,0.031247661920474457,35.502149650481684,0.03159566307975374,0.0008865892133424935,1
392,3211264,3244032,7750,-442,0.03162985957294495,0.03160928519355366,36.00217993970426,0.0028258888656627853,0.0008785540105048643,1
393,3219456,3252224,7750,-442,0.03168980873306282,0.03161816303327214,34.50208909424733,0.009829834849130394,0.0009184895629507428,1
394,3227648,3260416,7140,-1052,0.0024717786873225123,0.002371248265262693,5.000302718111281,0.1803255707499103,0.0004943258091894394,1
395,3235840,3268608,7140,-1052,0.0024717786873225123,0.002371248265262693,5.000302732197535,0.1803255707499103,0.000494325807796884,1
396,3244032,3276800,2506,2506,0.00036623311461880803,0.00036623311461880803,2.0001211356832878,0.0,0.00018310546700647424,1
397,3252224,3284992,7188,-1004,0.0005493007483892143,0.0005492064810823649,2.500151403109091,0.0007453709942123929,0.00021970699362691606,1
398,3260416,3293184,7793,-399,0.0008535252418369055,0.0008499430841766298,3.0001816631056006,0.018265248311880835,0.00028449118676146745,1
399,3268608,3301376,2880,2880,0.0010258419788442552,0.001016092617646791,3.5002118814909067,0.041471709741006446,0.0002930799658926077,1
400,3276800,3309568,5759,-2433,0.017361729367621592,0.0172042249430433,26.001574164623175,0.03957869947881369,0.0006677183949594617,1
401,3284992,3317760,5759,-2433,0.018396494764601812,0.018227651991765015,29.001755753574656,0.040043528950779644,0.0006343234844440176,1
402,3293184,3325952,5759,-2433,0.018234053859487176,0.01819604737465852,27.50166496644716,0.009061744034146009,0.0006630163621632821,1
403,3301376,3334144,7936,-256,0.03244668949628249,0.028592100250534713,53.50323972592144,0.5492433485778843,0.0006064434539384089,1
404,3309568,3342336,7937,-255,0.027298334753140807,0.026910875050816685,31.001877442789173,0.06208335330840366,0.0008805381159098226,1
405,3317760,3350528,7936,-256,0.026565242878859863,0.026475477090571076,29.001756403924098,0.014699960241898664,0.0009159873805182861,1
406,3325952,3358720,7936,-256,0.026565242878859863,0.026475477090571076,29.001756403924098,0.014699960241898664,0.0009159873805182861,1
407,3334144,3366912,228,228,0.0023097643279470503,0.0022322082659229636,5.000302831128967,0.14832957803780192,0.000461924888542311,1
408,3342336,3375104,228,228,0.0023097643279470503,0.0022322082659229636,5.000302831128967,0.14832957803780192,0.000461924888542311,1
409,3350528,3383296,1528,1528,0.001877438699011691,0.001877438699011691,4.000242279447178,0.0,0.00046933124742413036,1
410,3358720,3391488,563,563,0.0023601893917657435,0.0023601893917657435,6.000363444814031,0.0,0.00039334107233214316,1
411,3366912,3399680,2868,2868,0.0012336062645772472,0.001233212708029896,4.000242279202756,0.0013857477194692308,0.0003083828874542828,1
412,3375104,3407872,2595,2595,0.07779463199403835,0.07546235601694207,66.0039969182927,0.13219270496417343,0.0011786351679632591,1
413,3383296,3416064,2595,2595,0.07769520586589351,0.07535453159653116,66.50402716421847,0.13284847148768167,0.0011682782107922676,1
414,3391488,3424256,2595,2595,0.07759286295913626,0.07524354352790397,65.00393629011836,0.13352536339545845,0.0011936640669394604,1
415,3399680,3432448,2594,2594,0.08285451130723231,0.08170550643262686,97.50590444466864,0.060648338891727674,0.0008497384007575612,1
416,3407872,3440640,7173,-1019,0.040733429610554595,0.039852928166283164,38.00230115880774,0.09490741292596619,0.0010718674492982345,1
417,3416064,3448832,7173,-1019,0.04094843749771826,0.04072715310030617,40.502452581314174,0.023532814924775054,0.0010110113064266592,1
418,3424256,3457024,7173,-1019,0.040948437483166344,0.04072715310030617,40.50245255744903,0.023532813381416,0.0010110113066630897,1
419,3432448,3465216,2728,2728,0.003768099602893926,0.003652272149338387,8.000484375521214,0.13559242506711733,0.000470983933725693,1
420,3440640,3473408,1626,1626,0.0034749558835756034,0.0033574170593055896,6.0003633023248355,0.14944002576747192,0.0005791242477316723,1
421,3448832,3481600,7771,-421,0.0009065338526852429,0.0009060933371074498,3.5002119584962443,0.002110897259753817,0.0002589939876311681,1
422,3457024,3489792,8019,-173,0.0012622083158930764,0.0012617637985385954,4.500272550168496,0.0015297430193734315,0.00028047374949453176,1
423,3465216,3497984,4481,-3711,0.0012900374713353813,0.0012887950870208442,4.500272515893716,0.004184534526690218,0.0002866576339053527,1
424,3473408,3506176,4481,-3711,0.0012289986188989133,0.0012277562345843762,4.000242235861055,0.0043924667325779,0.00030723104913029606,1
425,3481600,3514368,6886,-1306,0.0007884645456215367,0.0007882963254814968,2.5001513503185717,0.0009266729049460694,0.0003153667259068415,1
426,3489792,3522560,1363,1363,0.0037305785990611184,0.003528086919686757,5.500332944238831,0.24236918430005588,0.0006782459601774849,1
427,3497984,3530752,1363,1363,0.0037581717770081013,0.0034940123732667416,5.00030274897567,0.3165218816932511,0.0007515888468509184,1
428,3506176,3538944,7629,-563,0.03732594088069163,0.03456851511145942,34.502089140581106,0.33330039013321977,0.0010818458189185169,1
429,3514368,3547136,7629,-563,0.03752313389850315,0.03476998444239143,35.50214970082644,0.330946067465899,0.0010569256851967377,1
430,3522560,3555328,7629,-563,0.035670442841365,0.03317670711840037,31.001877247832333,0.3147522217322258,0.0011505897709423096,1
431,3530752,3563520,7629,-563,0.036094827475608326,0.03360850967874285,32.00193778832453,0.3099571560431801,0.0011278950579291804,1
432,3538944,3571712,4279,-3913,0.0008463176345685497,0.0008461301622446626,3.0001817052735147,0.0009621353906460036,0.0002820887925157834,1
433,3547136,3579904,4925,-3267,0.0008526435995008796,0.0008495629881508648,3.00018174279817,0.015719525239399762,0.00028419731622846526,1
434,3555328,3588096,184,184,0.0013637351075885817,0.0013570328446803614,4.500272592565787,0.021396618425927327,0.00030303388951180424,1
435,3563520,3596288,2489,2489,0.0010650484473444521,0.0010625056456774473,4.0002423556691,0.010381172088641089,0.00026624598028043904,1
436,3571712,3604480,2489,2489,0.001004009580356069,0.0010014667932409793,3.500212047114684,0.01101303430002288,0.0002868425017803422,1
437,3579904,3612672,2461,2461,0.0009251771989511326,0.0009251137234969065,3.5002120235788725,0.00029797519063695416,0.0002643203305167679,1
438,3588096,3620864,1370,1370,0.0003810439520748332,0.0003810439520748332,2.000121173811256,0.0,0.00019051043359975494,1
439,3596288,3629056,120,120,0.00030519426218234,0.00030519426218234,1.5000908682948912,0.0,0.00020345051665386464,1
440,3604480,3637248,144,144,0.04274973549763672,0.041577669151593,39.50239206490859,0.1207329290893857,0.0010822062478493008,1
441,3612672,3645440,144,144,0.042572770253173076,0.041405778349144384,38.50233149067441,0.12070958119884379,0.0011057192799735923,1
442,3620864,3653632,144,144,0.042633809105609544,0.04146681720158085,39.00236174445541,0.12053434062639679,0.0010931083964849995,1
443,3629056,3661824,144,144,0.04263380909105763,0.04146681720158085,39.00236170720251,0.12053433914404862,0.0010931083971559728,1
444,3637248,3670016,740,740,0.0001831166009651497,0.0001831166009651497,1.5000908079673536,0.0,0.0001220703440035577,1
445,3645440,3678208,740,740,0.0002441554534016177,0.0002441554534016177,2.0001210461487062,0.0,0.00012207033862862772,1
446,3653632,3686400,100,100,0.0002441554388497025,0.0002441554388497025,2.000121074495837,0.0,0.00012207032962304335,1
447,3661824,3694592,3,3,0.00018311658641323447,0.00018311658641323447,1.500090817688033,0.0,0.00012207033351184501,1
448,3670016,3702784,3,3,0.00012207771942485124,0.00012207771942485124,1.0000605203094892,0.0,0.00012207033169059787,1
449,3678208,3710976,5191,-3001,0.0010323952592443675,0.0010292202641721815,2.50015143761075,0.013376732124749408,0.0004129330902575117,1
450,3686400,3719168,5191,-3001,0.0009713564068078995,0.0009681814117357135,2.0001211554826135,0.01421868713683161,0.00048564878389755286,1
451,3694592,3727360,3142,3142,0.0012090144591638818,0.0011965943849645555,3.0001817343563677,0.044845342426471056,0.00040298040792627283,1
452,3702784,3735552,4660,-3532,0.0021523625327972695,0.0021028144110459834,5.5003332433134595,0.10114478797327073,0.00039131493267499976,1
453,3710976,3743744,6405,-1787,0.04482581548654707,0.04432263568469352,50.50305804339459,0.04902620946273449,0.0008875861625652576,1
454,3719168,3751936,6405,-1787,0.044900331275130156,0.04445451523952215,52.003148879576315,0.04333666462052652,0.0008634156246789179,1
455,3727360,3760128,6408,-1784,0.04598176666058862,0.04484366046017385,55.50336082099302,0.10884597645682476,0.0008284501331169293,1
456,3735552,3768320,6408,-1784,0.04639930062694475,0.044850674294139026,59.50360297072042,0.14742457816647503,0.0007797729601311062,1
457,3743744,3776512,2324,2324,0.008843683754093945,0.0075848730630241334,15.000908409468462,0.6668488699193864,0.0005895432138304289,1
458,3751936,3784704,2324,2324,0.00863748743722681,0.007579080725918175,14.500878141264302,0.5677089589840436,0.0005956527151723051,1
459,3760128,3792896,2324,2324,0.006772935492335819,0.006519680080600665,10.500635889539602,0.16550653751364736,0.0006450024135283846,1
460,3768320,3801088,1615,1615,0.001898907547001727,0.0018141030595870689,5.500333162010818,0.19841864765198441,0.0003452350050569523,1
461,3776512,3809280,1496,1496,0.0009098862210521474,0.0009098862210521474,3.500212038942336,0.0,0.0002599517431884181,1
462,3784704,3817472,2861,2861,0.0007268773333635181,0.0007268773333635181,3.000181735397774,0.0,0.0002422777676390148,1
463,3792896,3825664,2861,2861,0.0006658384809270501,0.0006658384809270501,2.5001514668320226,0.0,0.0002663192569571569,1
464,3801088,3833856,1309,1309,0.00012207773397676647,0.00012207773397676647,1.0000605356763117,0.0,0.00012207034436591269,1
465,3809280,3842048,2986,2986,0.02975688871811144,0.028936680377228186,31.501907478846306,0.12138813576974891,0.0009446059334055674,1
466,3817472,3850240,2986,2986,0.029797930270433426,0.02897655985725578,32.50196808226178,0.12139275462572041,0.000916803874615085,1
467,3825664,3858432,2986,2986,0.030031541347852908,0.02920887916116044,33.5020286767531,0.1206273061730339,0.000896409636491406,1
468,3833856,3866624,2986,2986,0.030031541347852908,0.02920887916116044,33.5020286767531,0.1206273061730339,0.000896409636491406,1
469,3842048,3874816,471,471,0.0007400080212391913,0.0007400054164463654,2.500151462339802,1.5286984860545614e-05,0.00029598527624668164,1
470,3850240,3883008,7709,-483,2647.792460484765,228.44222716118384,3967.7398837611563,10.641075555927678,0.6673301521910332,1
471,3858432,3891200,7709,-483,5278.57861328125,438.1493225097656,9202.557073665654,10.808948493381308,0.5735991171830499,1
472,3866624,3899392,7709,-483,7867.898193359375,694.8623962402344,14387.871314981936,10.539599220630269,0.5468424078248891,1
473,3874816,3907584,7709,-483,10480.86767578125,971.3699645996094,19581.685747703134,10.33012567242774,0.5352382737022844,1
474,3883008,3915776,7709,-483,10407.38427734375,1085.2929992675781,20761.257318611264,9.817945889596402,0.5012887282127241,1
475,3891200,3923968,7709,-483,10323.316162109375,1107.6146850585938,20664.751535051062,9.694305231498966,0.4995615913696911,1
476,3899392,3932160,7709,-483,10310.666259765625,1153.4466552734375,20632.749185298548,9.512892156242707,0.4997233362925908,1
477,3907584,3940352,7709,-483,10264.03662109375,1171.9150390625,20606.247962454006,9.42422065341377,0.49810313065219475,1
478,3915776,3948544,7709,-483,10259.625732421875,1195.7868041992188,20609.748275359794,9.33477761588714,0.49780451441456375,1
479,3923968,3956736,7709,-483,10291.208251953125,1218.4161071777344,20675.75256494211,9.26670734995245,0.4977428618198372,1
480,3932160,3964928,7709,-483,10281.41162109375,1227.6580200195312,20718.755619651787,9.22975341358118,0.4962369270547217,1
481,3940352,3973120,7709,-483,10321.285888671875,1235.6266784667969,20804.260096028444,9.21846531113393,0.4961140574589442,1
482,3948544,3981312,7709,-483,10388.778076171875,1242.9591674804688,20947.768894673318,9.22107607177483,0.4959372107076079,1
483,3956736,3989504,7709,-483,10462.690673828125,1243.3382568359375,21043.274167817202,9.250540888711033,0.4971988004523257,1
484,3964928,3997696,7709,-483,10576.06005859375,1260.0172119140625,21172.782227306365,9.239474307419275,0.499512059636352,1
485,3973120,4005888,7709,-483,10665.46923828125,1270.7147827148438,21271.288289811386,9.239318851713891,0.5014021291502989,1
486,3981312,4014080,7709,-483,8030.053177118301,2693.8485457599163,21358.293889312165,4.74345246241982,0.3759688493253946,1
487,3989504,4022272,7709,-483,5379.098608374596,2775.574636787176,21386.29604855895,2.8735659548788837,0.2515208148321247,1
488,3997696,4030464,7741,-451,2778.8299911916256,2700.925815463066,21417.29743724437,0.12349321582411218,0.12974699535896067,1
489,4005888,4038656,7741,-451,2782.9752354323864,2701.6151933670044,21401.79678333341,0.12885851717524532,0.13003465380063886,1
490,4014080,4046848,7741,-451,2784.703650355339,602.9070483595133,21325.79184149956,6.645286230504604,0.13057914430808437,1
491,4022272,4055040,750,750,1226.2702901661396,626.9476187229156,21246.286576138158,2.9135494921089733,0.05771692317957208,1
492,4030464,4063232,398,398,1525.5535509213805,1226.0684714019299,21032.273479919702,0.9491273251404676,0.07253393468746418,1
493,4038656,4071424,398,398,1525.6396167948842,1225.0870230793953,20874.764272229404,0.952850180962673,0.07308535784638814,1
494,4046848,4079616,398,398,1524.5205112025142,1205.5179997598752,20792.259434905747,1.0195957255088142,0.0733215414118569,1
495,4055040,4087808,7370,-822,1205.5428974023089,1172.2336955838837,20765.25750281807,0.12168467775592554,0.058055764405459634,1
496,4063232,4096000,662,662,1245.6451017018408,1205.5849523618817,20825.761378989788,0.14196505917413288,0.05981270403676662,1
497,4071424,4104192,450,450,1460.5233916714787,1245.6495263334364,20829.76123487713,0.6911264979375993,0.07011714513683402,1
498,4079616,4112384,7894,-298,1706.9166199173778,1460.3599182143807,20871.26388809692,0.6775240248569797,0.08178309799872008,1
499,4087808,4120576,7894,-298,1706.931913163513,1460.2985543869436,20988.77109010047,0.6777454285185357,0.08132595785794251,1
500,4096000,4128768,7894,-298,1706.9286804385483,1406.3393416525796,21128.779565322577,0.8412524952464271,0.08078690371875667,1
501,4104192,4136960,334,334,1654.2028165183729,1406.424767807126,21309.290475383896,0.7047225001008551,0.07762824475217876,1
502,4112384,4145152,386,386,1668.5679898634553,1654.8883479982615,21407.296281669784,0.03575209615523388,0.07794389202209452,1
503,4120576,4153344,386,386,1668.6134705021977,1654.8669570210623,21500.801841837638,0.035926608420888004,0.07760703450860622,1
504,4128768,4161536,386,386,1668.588960185647,1192.2983372285962,21559.80539935962,1.4596442756241865,0.077393507468078,1
505,4136960,4169728,698,698,1319.8452851176262,1192.8162144050002,21647.310668406484,0.43949491313472755,0.0609704043765536,1
506,4145152,4177920,698,698,1320.2613686993718,1208.452879499644,21739.8162627136,0.3843019498132821,0.060730107041602685,1
507,4153344,4186112,666,666,1327.8191903829575,1320.4357710182667,21693.314037292337,0.024216600310867552,0.061208683380526485,1
508,4161536,4194304,7790,-402,1649.3909532763064,1327.6010494157672,21717.315314082516,0.9425602114810626,0.0759481975291285,1
509,4169728,4202496,7790,-402,1649.3548248354346,1327.1934190792963,21632.81032605026,0.9437987567707417,0.07624320649866186,1
510,4177920,4210688,7790,-402,1649.278264763765,1241.4508458524942,21638.81050376596,1.2336440688040504,0.07621852709864663,1
511,4186112,4218880,374,374,1676.643736422062,1241.3573166704737,21622.80934691448,1.30543982495266,0.07754051333118352,1
512,4194304,4227072,374,374,1676.6266247928143,1317.3463094606996,21533.804156335398,1.047363993585808,0.07786021515847857,1
513,4202496,4235264,374,374,1676.7499930635095,1317.3712292388082,21434.298059841174,1.047601387919689,0.07822742729350354,1
514,4210688,4243456,658,658,1317.2712098795455,1227.0246105268598,21262.787823080183,0.3082192654789392,0.06195195196603914,1
515,4218880,4251648,7530,-662,1313.377509791404,1226.9244610276073,21112.778706052868,0.2957175016083249,0.062207705014919186,1
516,4227072,4259840,7974,-218,1805.6356720104814,1313.4542998746037,20987.771151087745,1.382151594354387,0.08603275016732302,1
517,4235264,4268032,7974,-218,1805.684945691377,1313.8483655676246,20852.262975637736,1.3809673213661018,0.08659419592976587,1
518,4243456,4276224,7974,-218,1805.6368532907218,1266.019289944321,20769.257946793216,1.5419008722644232,0.08693795695139475,1
519,4251648,4284416,166,166,1872.6986151374876,1265.764037501067,20713.254344591303,1.7011513685443922,0.09041064161057297,1
520,4259840,4292608,166,166,1872.6632740851492,1662.1172001049854,20659.750891068616,0.5179804962903376,0.09064307134965104,1
521,4268032,4300800,166,166,1872.3391548451036,1662.1272909790277,20704.753773193293,0.5172023910465142,0.0904303994800095,1
522,4276224,4308992,314,314,1662.1724437400699,1210.0966611038893,20628.74875680846,1.3785601546360429,0.0805755338501311,1
523,4284416,4317184,690,690,1209.9835700374097,1164.916579194367,20588.24654850906,0.16484646990191285,0.05877059841820444,1
524,4292608,4325376,8166,-26,2176.679686449468,1129.6559140272439,20550.244455291446,2.8484834398861736,0.10591989264093639,1
525,4300800,4333568,8166,-26,2176.694741897285,1204.0253410860896,20423.73639447755,2.5716190056478663,0.10657671543811394,1
526,4308992,4341760,8166,-26,2176.5549018010497,1361.7481626318768,20341.731914694887,2.0367282838710246,0.10699948809317973,1
527,4317184,4349952,7618,-574,1361.9161752648652,1301.1292568296194,20235.725436739478,0.19829935555565145,0.06730256246668598,1
528,4325376,4358144,7874,-318,1549.8647081205272,1361.9316893704236,20076.71566123994,0.561384639417215,0.07719712398540825,1
529,4333568,4366336,8054,-138,1872.0057372280862,1550.025603465736,19957.208687716447,0.819683034619844,0.09380098021324472,1
530,4341760,4374528,8054,-138,1872.0135087685194,1550.0605357661843,19922.70643751548,0.819603190016889,0.09396381534003943,1
531,4349952,4382720,8054,-138,1872.129800055176,1196.8779940716922,19746.19559423334,1.9428607424373767,0.09480964528690838,1
532,4358144,4390912,614,614,1196.8869459666312,1168.987781431526,19655.69015096628,0.10243158479654275,0.06089264415413019,1
533,4366336,4399104,614,614,1196.8492009826005,1168.932718835771,19581.18574151406,0.10249919335608913,0.06112240682366652,1
534,4374528,4407296,7518,-674,1169.1263221986592,1040.1713901646435,19316.669362632245,0.5075653414367339,0.0605242187589706,1
535,4382720,4415488,7882,-310,1426.220384374261,1040.1805967576802,19247.165191513075,1.370778910416905,0.07410028283038504,1
536,4390912,4423680,7882,-310,1426.1155579537153,1056.7418973445892,19177.66112998497,1.3018579124053837,0.07436337248257724,1
537,4399104,4431872,7882,-310,1426.21620580554,1399.2864598929882,19141.158909325022,0.08278735210399125,0.07451044174293588,1
538,4407296,4440064,50,50,1912.59314719541,1399.303954128176,16659.00903452799,1.3571053401392765,0.11480833843305499,1
539,4415488,4448256,50,50,1912.5891290579457,1399.2379420898542,11887.720143530176,1.3573010989682286,0.1608877990031471,1
540,4423680,4456448,50,50,1912.5305406613043,1036.0687402984186,7093.429686278485,2.662198084031236,0.2696200040385118,1
541,4431872,4464640,50,50,912.4323350985942,504.2567285833793,2275.1378367143207,2.5754896559727576,0.4010448599528805,1
542,4440064,4472832,5498,-2694,0.014514755093841814,0.01420081191463396,21.00127169695106,0.09496537051238682,0.000691136960813142,1
543,4448256,4481024,5498,-2694,0.014361315446876688,0.014084520527831046,22.001332280650917,0.08452154495029321,0.0006527475365438099,1
544,4456448,4489216,5498,-2694,0.012793049241736298,0.012685544334090082,15.50093872831799,0.03664964088938232,0.0008253080323687257,1
545,4464640,4497408,1258,1258,0.014505950697639491,0.013198193246353185,20.001211190404195,0.41031714101999345,0.0007252536138710881,1
546,4472832,4505600,1255,1255,0.004939181424560957,0.004856722502154298,10.000605538994659,0.07311688870446462,0.0004938882355975299,1
547,4481024,4513792,2536,2536,0.004962590697687119,0.004961121368978638,12.000726800300331,0.0012860537479757598,0.0004135241790158014,1
548,4489216,4521984,2524,2524,0.005270587935228832,0.005197210528422147,13.500817660601378,0.06088753993729619,0.0003903902761837656,1
549,4497408,4530176,2095,2095,0.004237234854372218,0.004222238116199151,9.00054520247329,0.015398140003869661,0.00047077535405386933,1
550,4505600,4538368,2075,2075,0.003843365208012983,0.0037618043716065586,8.000484597485112,0.0931544757388329,0.00048039155143441114,1
551,4513792,4546560,4157,-4035,0.0017666583153186366,0.0017465710261603817,4.000242274279508,0.04966310511098907,0.00044163782945792535,1
552,4521984,4554752,3320,3320,0.0003051942476304248,0.0003051942039746791,1.5000908616588084,6.212256931747166e-07,0.00020345050785319722,1
553,4530176,4562944,6491,-1701,0.020253540340490872,0.020132204052060843,21.501302096297536,0.026096257413550407,0.0009419680840621497,1
554,4538368,4571136,6491,-1701,0.020267080501071177,0.020059211150510237,21.00127181042012,0.044773425868509006,0.0009650406263022288,1
555,4546560,4579328,6491,-1701,0.020328119353507645,0.020120250002946705,21.50130211984765,0.04463829227618797,0.000945436664263368,1
556,4554752,4587520,1901,1901,0.06850775092607364,0.06827072979649529,84.50511748060944,0.015051647183486104,0.0008106935173694473,1
557,4562944,4595712,1896,1896,0.06642988341627643,0.06370186730055138,89.50542000668324,0.18211327211434505,0.0007421883882709696,1
558,4571136,4603904,746,746,0.08317302537034266,0.08287574721907731,137.00829691335176,0.01555041890510225,0.0006070656102158822,1
559,4579328,4612096,746,746,0.08311198651790619,0.08281470835208893,136.50826660392423,0.015561860645294507,0.0006088421498974403,1
560,4587520,4620288,2273,2273,0.06346724304603413,0.0626771550741978,73.50445124316244,0.054403578530431804,0.0008634476140237563,1
561,4595712,4628480,2273,2273,0.06299437952111475,0.0620055943436455,48.5029374375718,0.06870927891307982,0.0012987745247840898,1
562,4603904,4636672,973,973,0.0006102142651798204,0.0006102142651798204,2.000121154013385,0.0,0.00030508865123264264,1
563,4612096,4644864,5143,-3049,0.0015578304446535185,0.0015460856084246188,4.000242255569406,0.032866493948992194,0.00038943402552297986,1
564,4620288,4653056,5143,-3049,0.0016188692970899865,0.0016071244608610868,4.500272512493625,0.031622752453750305,0.00035972694822273383,1
565,4628480,4661248,1110,1110,0.022570785818970762,0.020400861234520562,21.50130212125721,0.4389817781828264,0.0010497404153330884,1
566,4636672,4669440,1110,1110,0.022488676942884922,0.02032350610534195,20.50124151380497,0.4396527341544373,0.0010969421987318021,1
567,4644864,4677632,1110,1110,0.022302015677269083,0.020122793954215012,22.50136269748879,0.44655836474805377,0.0009911406689941515,1
568,4653056,4685824,1110,1110,0.022889467851200607,0.020688652715762146,29.001756449924176,0.43903486532002944,0.000789244192527534,1
569,4661248,4694016,2190,2190,0.02543441575835459,0.022796250093961135,33.00199827697574,0.4755835321152551,0.0007706932030264128,1
570,4669440,4702208,2190,2190,0.026137078530155122,0.023594903759658337,40.00242231152764,0.4443883247099839,0.0006533873955583712,1
571,4677632,4710400,5287,-2905,0.02645604920689948,0.026032081921584904,52.00314920966199,0.07016087375241507,0.0005087393669224948,1
572,4685824,4718592,5745,-2447,0.04118887649383396,0.03954738288302906,77.50469309779484,0.17662197306559035,0.0005314371923499155,1
573,4694016,4726784,5745,-2447,0.03710307116853073,0.036228273587767035,66.50402729706063,0.10362220604424349,0.0005579071324928712,1
574,4702208,4734976,5745,-2447,0.03679937112610787,0.035565980651881546,59.00357296210339,0.1480560907514059,0.0006236803854190871,1
575,4710400,4743168,6540,-1652,0.036659082281403244,0.03644464862009045,47.002845944734304,0.02547821343415118,0.0007799332475422189,1
576,4718592,4751360,7230,-962,0.012586993892909959,0.01251416967716068,24.00145334182771,0.025199822866860982,0.0005244263217583749,1
577,4726784,4759552,2534,2534,0.008952897827839479,0.008899979831767268,14.500878027002562,0.025746057786924233,0.0006174038434892007,1
578,4734976,4767744,7341,-851,0.011252385287662037,0.010962624426611,22.50136260204053,0.11330058544921925,0.0005000757281535304,1
579,4743168,4775936,2342,2342,0.017787229051464237,0.01592980036366498,28.50172600237855,0.4789796449482689,0.0006240755051108078,1
580,4751360,4784128,5834,-2358,0.01211842736665858,0.01196066207558033,23.001392886541254,0.05691043755821013,0.0005268562398127377,1
581,4759552,4792320,2285,2285,0.018523358856327832,0.017845574657258112,38.00230131521447,0.16189202949208742,0.00048742729296006833,1
582,4767744,4800512,3006,3006,0.05156551575055346,0.045052761444821954,71.5043301466305,0.5863795026328368,0.0007211523504214435,1
583,4775936,4808704,3006,3006,0.048374037200119346,0.04375824614544399,66.00399706049363,0.43552427334733645,0.0007328955723057776,1
584,4784128,4816896,3006,3006,0.04831774678314105,0.04377926926827058,75.00454203834829,0.42838165127824246,0.0006441976108385166,1
585,4792320,4825088,3006,3006,0.04799016429751646,0.04412686184514314,78.50475365896483,0.3644919379690318,0.0006113026544353245,1
586,4800512,4833280,7070,-1122,0.02126989749376662,0.019797317203483544,38.502331091258334,0.311590552658397,0.0005524314214469937,1
587,4808704,4841472,7070,-1122,0.020664196941652335,0.019879507875884883,35.002119120116475,0.16812903176783034,0.0005903698821988231,1
588,4816896,4849664,7072,-1120,0.016920643729463336,0.016869871766175493,23.501422819939165,0.013050999525562924,0.0007199838009427864,1
589,4825088,4857856,1597,1597,0.001934521977091208,0.0019333874952280894,6.00036335207818,0.002547625432427847,0.00032240080534809635,1
590,4833280,4866048,1897,1897,0.012198101605463307,0.011294844720396213,15.500938685872049,0.3341198185085941,0.0007869266405511925,1
591,4841472,4874240,1897,1897,0.012278334266738966,0.01120498133241199,15.500938706818303,0.3972831515292185,0.0007921026267485446,1
592,4849664,4882432,1897,1897,0.011824045210232725,0.010921814486209769,16.00096900293715,0.34471286114305344,0.0007389580723556363,1
593,4857856,4890624,1897,1897,0.011613441220106324,0.011168710560014006,17.001029602942015,0.16957889920563948,0.0006831022291789097,1
594,4866048,4898816,7154,-1038,0.002172621862428059,0.002171030429735765,7.000424025058927,0.0031823471172222014,0.00031035575197314863,1
595,4874240,4907008,5381,-2811,0.0036392608038795515,0.00363830845310531,9.000545224979826,0.0011366451457769187,0.00040433781653352103,1
596,4882432,4915200,335,335,0.003352581001308863,0.003349625388182176,7.0004240724350595,0.0038303999613702308,0.00047891112975712713,1
597,4890624,4923392,5383,-2809,0.0021870992492338814,0.0021845724809175238,5.000302934642711,0.005020329644020474,0.0004373933495271636,1
598,4898816,4931584,5383,-2809,0.002566086463048123,0.0025659706916485447,6.5003937296175,0.00019594045230525819,0.000394758620751903,1
599,4907008,4939776,2844,2844,0.0030123454343993217,0.0030084839681876474,6.500393666642875,0.005570706577408378,0.0004634096931478684,1
600,4915200,4947968,2843,2843,0.0031608590343239484,0.0031583270383634954,7.500454223373352,0.0034802961015076217,0.000421422348592422,1
601,4923392,4956160,2843,2843,0.0035615972883533686,0.003559806529665366,9.000545067319784,0.002184166641539413,0.00039570906669699667,1
602,4931584,4964352,3330,3330,0.004936431956593879,0.004933200019877404,10.500635945672908,0.0028443053101521645,0.00047010790414347037,1
603,4939776,4972544,1153,1153,0.010641606859280728,0.010589253171929158,16.500999313107513,0.02141878715877981,0.0006449068118454864,1
604,4947968,4980736,1153,1153,0.011216729908483103,0.011170995843713172,17.50105989777321,0.017743722442677322,0.0006409171772453788,1
605,4956160,4988928,1153,1153,0.011026698653040512,0.010988610944878019,16.500999273035386,0.01502708641272021,0.0006682442966384139,1
606,4964352,4997120,1153,1153,0.010328052064323856,0.010302600599061407,14.500878117982545,0.010715547111155282,0.0007122363197795611,1
607,4972544,5005312,7689,-503,0.001707827701466158,0.001707400311715901,5.500333083591009,0.0010869728780114561,0.00031049532373977006,1
608,4980736,5013504,4150,-4042,0.0018588116072351113,0.001857873132394161,6.000363282618873,0.0021932150937956805,0.00030978317806515013,1
609,4988928,5021696,2788,2788,0.002253435071907006,0.002250493416795507,6.000363342599846,0.0056730241940983975,0.00037554976977954716,1
610,4997120,5029888,2785,2785,0.002112840498739388,0.002100764191709459,6.000363300500807,0.02489406695859124,0.0003521187623027833,1
611,5005312,5038080,7485,-707,0.003256977113778703,0.003243049926823005,9.500575240444482,0.018610721652479477,0.0003428189379432067,1
612,5013504,5046272,7485,-707,0.00308404590759892,0.0030516736733261496,7.500454177899416,0.04582743060562833,0.00041118122109008617,1
613,5021696,5054464,6533,-1659,0.002574900951003656,0.002571620309026912,6.000363288656958,0.005536807597182462,0.00042912417584302424,1
614,5029888,5062656,6399,-1793,0.007775082085572649,0.007639497860509437,12.00072670988223,0.0764016919017809,0.0006478842718058155,1
615,5038080,5070848,6340,-1852,0.017547020775964484,0.01575387382763438,22.50136261433118,0.46816027401160465,0.000779820363624945,1
616,5046272,5079040,6340,-1852,0.018152128788642585,0.017136734764790162,26.501604850488143,0.24999489235702552,0.0006849445115135446,1
617,5054464,5087232,6340,-1852,0.018722341861575842,0.017364279643516056,28.50172590311123,0.32703399671560857,0.00065688449623088,1
618,5062656,5095424,6340,-1852,0.018075305386446416,0.017126159233157523,20.50124141105165,0.2342566590807625,0.0008816688230744173,1
619,5070848,5103616,159,159,0.0048951132339425385,0.0048895688087213784,12.000726539696881,0.004921802315273403,0.00040790140644819504,1
620,5079040,5111808,4310,-3882,0.011107264348538592,0.010796131362440065,16.500999075760102,0.12338947813727372,0.0006731267784176242,1
621,5087232,5120000,1562,1562,0.012353193596936762,0.012073844787664711,22.001332267232787,0.09933659067122466,0.00056147479829368,1
622,5095424,5128192,4310,-3882,0.013174713589251041,0.01270916304201819,29.001756137837,0.15624231505625671,0.00045427295942478173,1
623,5103616,5136384,1562,1562,0.0138728977763094,0.013228269352111965,29.00175619784144,0.20664156776795797,0.000478346817402111,1
624,5111808,5144576,2476,2476,0.008748127103899606,0.008656406513182446,20.501241382664002,0.04577441264863453,0.0004267120678505393,1
625,5120000,5152768,5706,-2486,0.007396318920655176,0.007391954160993919,19.0011504495625,0.0025636409069477797,0.0003892563737279116,1
626,5128192,5160960,6486,-1706,0.009837969511863776,0.00975123216630891,21.00127179174789,0.038459756909399914,0.0004684463688398836,1
627,5136384,5169152,1089,1089,0.010638282357831486,0.010467631364008412,21.001271881599685,0.07023093244960964,0.0005065541943272609,1
628,5144576,5177344,1096,1096,0.011745644616894424,0.011736744549125433,30.50184728946045,0.00329204194546835,0.0003850797791172796,1
629,5152768,5185536,7874,-318,0.011377094298950396,0.011074638794525526,25.001514302794874,0.11701787376266257,0.0004550562082424972,1
630,5160960,5193728,1468,1468,0.011064066595281474,0.01025245259370422,20.501241654872942,0.3308701132294909,0.0005396778781275258,1
631,5169152,5201920,7575,-617,0.01043089920131024,0.01026844629450352,19.001150857779294,0.06817012606422862,0.0005489614434085558,1
632,5177344,5210112,824,824,0.005308351697749458,0.005207758193137124,13.000787474474176,0.08308877898932479,0.0004083100126182285,1
633,5185536,5218304,7585,-607,0.005996121733915061,0.005951328086666763,16.000969031097505,0.03256548513409137,0.00037473491275820484,1
634,5193728,5226496,7579,-613,0.0051652800757437944,0.005164298228919506,14.000847903476895,0.0008256109718525634,0.00036892623299343726,1
635,5201920,5234688,8077,-115,0.0032762285809440073,0.0032754926578490995,10.000605577676449,0.000975643892403211,0.00032760301918688503,1
636,5210112,5242880,6419,-1773,0.003126974677797989,0.003125940589598031,9.50057535366954,0.001436446150098778,0.0003291352956418807,1
637,5218304,5251072,7404,-788,0.004041304433485493,0.004039818421006203,9.00054516018957,0.0015972211750520412,0.00044900662810522186,1
638,5226496,5259264,2438,2438,0.005303371435729787,0.005187331582419574,12.000726749115222,0.09608035483982243,0.00044192085584490026,1
639,5234688,5267456,6459,-1733,0.006689265079330653,0.00661425176076591,16.00096887384481,0.048976847219104905,0.00041805375237401584,1
640,5242880,5275648,5032,-3160,0.0155571224167943,0.015370732377050444,27.50166502211914,0.05234708085368855,0.0005656792926639881,1
641,5251072,5283840,5032,-3160,0.015138522809138522,0.014971779790357687,27.001634766004038,0.04810068777772704,0.0005606520842285605,1
642,5259264,5292032,5032,-3160,0.014758404373424128,0.01465345140604768,29.00175609288687,0.030994771903673713,0.0005088796804633446,1
643,5267456,5300224,5033,-3159,0.014293523439846467,0.01392906434921315,29.00175628579717,0.11217353465192385,0.0004928502708246788,1
644,5275648,5308416,3092,3092,0.012681318941758946,0.009578016470186412,18.001090354300878,1.2188884590558087,0.0007044750452424169,1
645,5283840,5316608,827,827,0.03479380544740707,0.032008649955969304,45.0027253294816,0.36234573657439845,0.0007731488524899047,1
646,5292032,5324800,7992,-200,0.03012568544363603,0.02997593500185758,37.50227097642606,0.021641987230921377,0.0008033029643077628,1
647,5300224,5332992,7966,-226,0.02912438233033754,0.029074466743622907,36.00218000903209,0.007449655631184538,0.0008089616329630852,1
648,5308416,5341184,7992,-200,0.029190599205321632,0.028195535072882194,34.50208918339631,0.15062669284854957,0.0008460530911667006,1
649,5316608,5349376,4488,-3704,0.00349031577934511,0.003485620458377525,8.00048446482173,0.005846246942141545,0.00043626305315535446,1
650,5324800,5357568,6905,-1287,0.005423496797448024,0.0054117188265081495,12.50075704229983,0.009441639150301141,0.00043385346816165587,1
651,5332992,5365760,6906,-1286,0.005102656316012144,0.0050946301489602774,10.000605692053908,0.006836565380886048,0.0005102347270892318,1
652,5341184,5373952,6907,-1285,0.004861413224716671,0.00486078392714262,11.500696502987493,0.0005622195476966675,0.00042270598336838466,1
653,5349376,5382144,7603,-589,0.023526732285972685,0.023041664739139378,32.00193767968674,0.09047757350649274,0.0007351658678126325,1
654,5357568,5390336,7603,-589,0.028492789482697845,0.02497545618098229,39.50239174205498,0.5722153990562565,0.0007212927680114085,1
655,5365760,5398528,7603,-589,0.029353619436733425,0.025275563937611878,42.00254311742807,0.6496080523460455,0.0006988533850121509,1
656,5373952,5406720,7603,-589,0.030199321918189526,0.02601503487676382,41.00248257327087,0.6477277915181032,0.0007365242303127318,1
657,5382144,5414912,456,456,0.014543958604917862,0.01403850502538262,17.501059708608523,0.15361767991758551,0.0008310330258323669,1
658,5390336,5423104,2099,2099,0.0031570232022204436,0.003154369900585152,9.000545047337358,0.0036515371745883666,0.0003507591135443947,1
659,5398528,5431296,1181,1181,0.008251040650065988,0.008193170302547514,14.000847821624898,0.03056744579644157,0.0005893243577236736,1
660,5406720,5439488,1181,1181,0.007562503538792953,0.007470525335520506,16.50099930188468,0.0531444793135029,0.00045830579108800966,1
661,5414912,5447680,7913,-279,0.009171278681606054,0.009129222889896482,21.501302042219432,0.01996079763471105,0.00042654526984447523,1
662,5423104,5455872,7918,-274,0.00845598810701631,0.008315646700793877,18.501120339777003,0.07268333900701618,0.00045705275960159674,1
663,5431296,5464064,7922,-270,0.009000219259178266,0.008992094168206677,15.000908389982882,0.0039224332413208725,0.0005999782829944031,1
664,5439488,5472256,7924,-268,0.005165249138372019,0.005160557455383241,13.500817324660837,0.003946562730149886,0.0003825878844340099,1
665,5447680,5480448,3645,3645,0.016829644519020803,0.016677649837220088,25.001513964661,0.03940091590206837,0.000673145016050191,1
666,5455872,5488640,1160,1160,0.0178223408292979,0.0168203141183767,28.501725971271163,0.2513064277200417,0.0006253074233912099,1
667,5464064,5496832,2553,2553,0.01783861155854538,0.016919542827963596,29.00175624316379,0.22972424627935914,0.0006150872867483756,1
668,5472256,5505024,2553,2553,0.01767391385510564,0.016344240750186145,25.00151413483696,0.33967983039843136,0.0007069137396954256,1
669,5480448,5513216,6724,-1468,0.007707336510065943,0.007655127556063235,14.50087809964689,0.02951889465737561,0.0005315082615758023,1
670,5488640,5521408,4192,-4000,0.0077053726417943835,0.007560782483778894,15.000908329389446,0.08226902585616289,0.0005136604045968462,1
671,5496832,5529600,6481,-1711,0.8433984078583308,0.8263525040820241,792.0479621005253,0.08867429365580484,0.001064832495271654,1
672,5505024,5537792,6481,-1711,0.8631639506784268,0.8590627470985055,1022.0618931858704,0.020684076643628767,0.0008445319764225406,1
673,5513216,5545984,6481,-1711,0.8626387202821206,0.8579377676069271,1016.5615601304789,0.023731614386500104,0.00084858483156829,1
674,5521408,5554176,6481,-1711,0.8604426260935725,0.8558268034103094,1017.0615905179092,0.023360331654195723,0.000846008377580572,1
675,5529600,5562368,1853,1853,0.170511086267652,0.17018017679220065,241.51462764312956,0.00843650659544686,0.0007060072838304648,1
676,5537792,5570560,3063,3063,0.007483198758563958,0.007457677711499855,16.500999443860806,0.01483669410459614,0.00045349972794212054,1
677,5545984,5578752,3063,3063,0.00830420374404639,0.008275014581158757,19.00115086449648,0.015292283656187027,0.0004370368828323308,1
678,5554176,5586944,1764,1764,0.06830551105667837,0.06774949515238404,88.50535966276485,0.035496817077966834,0.0007717669451538903,1
679,5562368,5595136,1764,1764,0.06824879527266603,0.06608451910142321,83.00502657415821,0.13995255641887744,0.0008222248469698556,1
680,5570560,5603328,1764,1764,0.06815447063127067,0.06644546423922293,84.50511735997512,0.11029008813424855,0.000806512939813409,1
681,5578752,5611520,1764,1764,0.06813044150476344,0.06597380566017819,85.00514760166031,0.1396966647627491,0.0008014860679264643,1
682,5586944,5619712,5884,-2308,0.008304095041239634,0.008135503783705644,13.500817604029098,0.08907859680620883,0.0006150808998976042,1
683,5595136,5627904,5884,-2308,0.008823334821499884,0.008598853484727442,16.500999122861042,0.11192210732692903,0.0005347151863838195,1
684,5603328,5636096,1496,1496,0.004476588014767913,0.004472299344058683,12.00072652556177,0.0041626318258944405,0.0003730264167950746,1
685,5611520,5644288,1824,1824,0.003048855864108191,0.0030109255021670833,10.000605420545781,0.05436883290501042,0.0003048671291284483,1
686,5619712,5652480,1502,1502,0.014472242824922432,0.012694100623093618,17.50105966008979,0.5693390425489622,0.0008269352316948893,1
687,5627904,5660672,1502,1502,0.013301479661095073,0.011813013567007147,19.00115070287224,0.5153925197716457,0.0007000354804345824,1
688,5636096,5668864,1502,1502,0.013718425849219784,0.012800425378372893,20.50124165949783,0.3007987797948666,0.0006691509751978512,1
689,5644288,5677056,1502,1502,0.013385723472310929,0.012533110446383944,25.001514060185613,0.2858298208011499,0.0005353965139906232,1
690,5652480,5685248,7855,-337,0.011824502216768451,0.011472513418993913,25.50154420361615,0.13124292690908473,0.0004636778903409199,1
691,5660672,5693440,7855,-337,0.0121565904119052,0.011815655772807077,23.50142309205853,0.12353954274682596,0.0005172703952558978,1
692,5668864,5701632,1637,1637,0.01510522875469178,0.01500923524145037,28.501725983673087,0.02768742243373163,0.0005299759306978339,1
693,5677056,5709824,3287,3287,0.01439314943854697,0.013569254850153811,29.00175648760463,0.2559983531085845,0.0004962854385974385,1
694,5685248,5718016,5815,-2377,0.011118499693111517,0.011077802220825106,24.501483948864625,0.015925812791972874,0.00045378882831408003,1
695,5693440,5726208,5815,-2377,0.0111016404844122,0.01093995749943133,28.00169584702237,0.06371524215699804,0.00039646314798440045,1
696,5701632,5734400,357,357,0.007972469582455233,0.007862364189350046,20.50124147996231,0.060397142177887754,0.00038887740482679734,1
697,5709824,5742592,7318,-874,0.009335765260402695,0.009324815200670855,22.00133209164035,0.005096895108708808,0.00042432727352676624,1
698,5718016,5750784,488,488,0.010129256639629602,0.0100966615100333,21.501301717345505,0.01399777955257607,0.00047109969306919405,1
699,5726208,5758976,490,490,0.008965188535512425,0.0089627705856401,18.00108970605428,0.0011714688619487432,0.0004980358790444323,1
700,5734400,5767168,492,492,0.008749303833610611,0.008746008218849965,19.501180631317183,0.0016361723845384145,0.00044865508396758284,1
701,5742592,5775360,3073,3073,0.00471783650573343,0.004715667833806947,11.500696267961589,0.0019968025315351863,0.0004102218157761705,1
702,5750784,5783552,3860,3860,0.004828450590139255,0.004827923083212227,10.500635849419618,0.00047449147175025806,0.0004598245915180583,1
703,5758976,5791744,8183,-9,0.02411788492463529,0.01995878980960697,24.50148383646208,0.8220501410967268,0.0009843438497689706,1
704,5767168,5799936,8183,-9,0.024174332269467413,0.020881961099803448,34.00205918023719,0.6358320467305288,0.0007109667135547518,1
705,5775360,5808128,8183,-9,0.02427419896412175,0.02168829314177856,41.50251319561431,0.4891953273304196,0.000584885036954506,1
706,5783552,5816320,8183,-9,0.023758599345455877,0.02134547254536301,41.00248288656027,0.4651506020508387,0.0005794429427892874,1
707,5791744,5824512,4786,-3406,0.014221301447832957,0.013475914121954702,24.501483560266205,0.23381107540381746,0.0005804261367624077,1
708,5799936,5832704,4577,-3615,0.009799409031984396,0.009739268862176687,17.501059524894135,0.0267353057495327,0.0005599323296995456,1
709,5808128,5840896,5995,-2197,0.004590345430187881,0.004588702227920294,12.000726626056894,0.0015549187925981034,0.0003825056243028628,1
710,5816320,5849088,6151,-2041,0.004517932844464667,0.004515876556979492,12.500757090640683,0.0019770935687411255,0.0003614127377810776,1
711,5824512,5857280,8115,-77,0.005626953912724275,0.0054367306001950055,16.50099928426271,0.14935544641856066,0.0003410068575720016,1
712,5832704,5865472,8115,-77,0.005392190119891893,0.005253950672340579,11.500696494822682,0.11279205299927009,0.00046885770112439003,1
713,5840896,5873664,3813,3813,0.006994236940954579,0.006929081006092019,15.500938650165079,0.04064702054668409,0.00045121376832751305,1
714,5849088,5881856,3816,3816,0.007091424617101438,0.007042296561849071,16.000968818607795,0.030191807185128677,0.0004431872030682731,1
715,5857280,5890048,5774,-2418,0.01453365571796894,0.013364789774641395,23.001393062063496,0.36412736364041487,0.0006318598042628771,1
716,5865472,5898240,5774,-2418,0.015154602297116071,0.013990533887408674,26.501604925660523,0.3471025589075724,0.0005718371524904302,1
717,5873664,5906432,5774,-2418,0.01403118169400841,0.012672008946537971,25.001514142992846,0.4424877761411248,0.0005612132774742732,1
718,5881856,5914624,6359,-1833,0.04945368725748267,0.04813930104864994,57.00345199565846,0.11698897742794402,0.0008675560080334994,1
719,5890048,5922816,6359,-1833,0.04801935407158453,0.04767786805314245,49.0029672449892,0.030994864772525714,0.0009799274772793428,1
720,5898240,5931008,6359,-1833,0.048064818503917195,0.04770370564801851,51.50311879917902,0.03275190159308708,0.0009332409303469864,1
721,5906432,5939200,6359,-1833,0.04834486686741002,0.04798731493065134,52.00314917944077,0.032239183897767865,0.0009296526773906024,1
722,5914624,5947392,1431,1431,0.008232278065406717,0.008016364357899874,21.50130217917552,0.11542582942681094,0.0003828734649094815,1
723,5922816,5955584,1431,1431,0.008076506899669766,0.007820035214535892,18.00109021558657,0.14014859678546623,0.00044866765306673354,1
724,5931008,5963776,2241,2241,0.008234257285948843,0.007992918021045625,16.000969010858515,0.1291907407799584,0.0005146099139596448,1
725,5939200,5971968,1431,1431,0.006772631371859461,0.006730747176334262,13.500817454204823,0.026941603193453144,0.0005016460221636527,1
726,5947392,5980160,7814,-378,0.004716148250736296,0.004709051689133048,11.000666177533981,0.006539910340037023,0.0004287147864161,1
727,5955584,5988352,7811,-381,0.005055443063611165,0.005002524849260226,14.500878189496914,0.045699689533868146,0.00034863013105460445,1
728,5963776,5996544,1417,1417,0.016321021685143933,0.016148107570188586,27.00163527372424,0.04625708026591846,0.0006044456759634185,1
729,5971968,6004736,288,288,0.01610988275206182,0.016093884536530823,24.501483960901574,0.00431498416611406,0.000657506409724786,1
730,5980160,6012928,288,288,0.016091323297587223,0.015857810154557228,25.00151399082093,0.06348546230086458,0.0006436139548786926,1
731,5988352,6021120,288,288,0.01948238117620349,0.018341583549045026,33.00199858326188,0.2620520770049169,0.0005903394343542776,1
732,5996544,6029312,5749,-2443,0.017005040659569204,0.014474872732535005,27.50166553685551,0.6996292071364929,0.000618327665892832,1
733,6004736,6037504,5749,-2443,0.01845680340193212,0.015201536589302123,34.00205909780347,0.8426899706506669,0.0005428142851244097,1
734,6012928,6045696,5749,-2443,0.017824910464696586,0.01439297734759748,29.001756416231583,0.9287671517082623,0.0006146148601786206,1
735,6021120,6053888,2719,2719,0.013477826709276997,0.01253424710012041,23.001392867372743,0.31521616015432347,0.0005859569803877036,1
736,6029312,6062080,4657,-3535,0.008011958940187469,0.0076999051962047815,16.500999046470127,0.17253336920875742,0.0004855438702604723,1
737,6037504,6070272,3878,3878,0.005069952036137693,0.005034880407038145,13.00078718491115,0.030146914827364722,0.0003899726965780912,1
738,6045696,6078464,2607,2607,0.007890355860581622,0.007362924050539732,18.501120241046138,0.30046269937548215,0.0004264798973132594,1
739,6053888,6086656,7224,-968,0.007801519415806979,0.007764514317386784,18.001089869848222,0.020648985601956566,0.0004333915041930046,1
740,6062080,6094848,7290,-902,0.016230902198003605,0.016193699062569067,29.501786266855277,0.00996596589668647,0.0005501667611306211,1
741,6070272,6103040,7290,-902,0.01578980279737152,0.015480698972169193,30.501846850760664,0.0858614032684679,0.0005176671063436852,1
742,6078464,6111232,7290,-902,0.026620344433467835,0.024316331371665,40.5024524360756,0.39315617278227966,0.0006572526558850311,1
743,6086656,6119424,7290,-902,0.03063301759539172,0.026310359127819538,50.00302769961855,0.6606300426350499,0.0006126232551239174,1
744,6094848,6127616,3236,3236,0.04029617864580359,0.03921622899360955,64.00387587536619,0.11798033347617473,0.0006295896630427781,1
745,6103040,6135808,3236,3236,0.040193315799115226,0.038007826515240595,60.503663873559674,0.24280800249037127,0.0006643120965882507,1
746,6111232,6144000,3236,3236,0.03957230213563889,0.03314632928231731,48.00290684108322,0.7695587585669723,0.0008243730377963485,1
747,6119424,6152192,1431,1431,0.03254661074606702,0.03179966134484857,37.002240749493836,0.10083274908159379,0.0008795848599118212,1
748,6127616,6160384,7203,-989,0.006590148012037389,0.006376203553372761,13.50081736430247,0.1433299579156133,0.0004881295579527213,1
749,6135808,6168576,2993,2993,0.008956757839769125,0.008915524173062295,19.50118071452942,0.020039506627871413,0.00045929310490907166,1
750,6144000,6176768,2991,2991,0.008874704525851485,0.008669228412372831,18.501120195055687,0.1017345691035978,0.00047968471272475684,1
751,6152192,6184960,7203,-989,0.008094856340903789,0.008027427917113528,15.000908338754993,0.036327312743180656,0.0005396244119424854,1
752,6160384,6193152,2989,2989,0.005806734380257694,0.005790935662616903,12.500756850778016,0.011832204419158826,0.00046451062520236905,1
753,6168576,6201344,3874,3874,0.020852208166616037,0.020497268542385427,24.50148366954417,0.074560608113885,0.0008510589990326073,1
754,6176768,6209536,3874,3874,0.02069364818453323,0.020607087568350835,25.501544300690995,0.018204447120286873,0.0008114664720117562,1
755,6184960,6217728,5997,-2195,0.02104392730325344,0.020694016128771864,36.002179860860096,0.07282009609855773,0.0005845181426397856,1
756,6193152,6225920,5997,-2195,0.021825210671522655,0.020667331176809967,39.00236156929459,0.2367404576269415,0.0005595869017507134,1
757,6201344,6234112,6816,-1376,0.013028473447775468,0.012719352977001108,24.001453134545066,0.1042851253734812,0.0005428201940416561,1
758,6209536,6242304,1580,1580,0.012470517016481608,0.012419967708410695,26.001574078160353,0.01763992624774132,0.00047960623379936213,1
759,6217728,6250496,2241,2241,0.007604872924275696,0.007560796511825174,18.001089945859995,0.02524411690039405,0.00042246735876261276,1
760,6225920,6258688,8005,-187,0.012973833989235573,0.01210964290658012,20.00121109954494,0.29936999775365025,0.0006486524203292244,1
761,6234112,6266880,8005,-187,0.013408770304522477,0.011695330671500415,20.001210956572827,0.5937644579452315,0.0006703979240874947,1
762,6242304,6275072,8005,-187,0.012968673414434306,0.011161763686686754,15.000908292310978,0.6516273017177829,0.0008645258781484361,1
763,6250496,6283264,8005,-187,0.013811300159431994,0.011972463049460202,20.50124146167586,0.6205105848581135,0.0006736811614677211,1
764,6258688,6291456,5957,-2235,0.008250090351793915,0.008213768247514963,16.500999400020742,0.019162597828318716,0.0004999751925197661,1
765,6266880,6299648,6029,-2163,0.02958815696183592,0.026270081580150872,36.002180325660106,0.516564924557969,0.0008218434743172299,1
766,6275072,6307840,6029,-2163,0.02972773931105621,0.02640044789586682,41.00248315557059,0.5155058896843446,0.000725022901619494,1
767,6283264,6316032,6029,-2163,0.029724029562203214,0.026565131280221976,35.002119674694114,0.4879571810547396,0.0008492065577300776,1
768,6291456,6324224,6029,-2163,0.02976597152883187,0.026614152433467098,32.0019378970603,0.48607422029833625,0.000930130282252881,1
769,6299648,6332416,1337,1337,0.004820533940801397,0.004816280314116739,14.000847887669364,0.0038338950369439786,0.00034430300075232384,1
770,6307840,6340608,6004,-2188,0.013184383395127952,0.01315926032839343,20.00121110119646,0.008283449832169386,0.000659179253117291,1
771,6316032,6348800,4975,-3217,0.02749596507055685,0.024291972280479968,39.00236173705484,0.5380619054614906,0.0007049820535466151,1
772,6324224,6356992,4975,-3217,0.02897289185784757,0.025717296201037243,41.50251302119577,0.5176653848571405,0.0006980996992411233,1
773,6332416,6365184,4975,-3217,0.02862762100994587,0.02534554456360638,36.50221023218802,0.5288363239604135,0.000784270892854092,1
774,6340608,6373376,4975,-3217,0.025450393557548523,0.02439253660850227,33.00199833033382,0.1843753707446241,0.0007711773481957839,1
775,6348800,6381568,7341,-851,848.4216797080953,797.3734747917078,2435.1474503684153,0.2694997306252018,0.34840669692495907,1
776,6356992,6389760,7341,-851,1670.126899835188,1643.0384787204675,6689.904976599595,0.07101736627456837,0.24964882246864065,1
777,6365184,6397952,7342,-850,2492.776088583749,2479.7918778625317,10966.664070525392,0.022680369266228562,0.2273048643190841,1
778,6373376,6406144,7342,-850,3357.9078369140625,3260.866943359375,15184.919635800983,0.12735693882014662,0.2211343831545367,1
779,6381568,6414336,7342,-850,3418.7060546875,3208.7313842773438,17017.03062427594,0.2752839904027057,0.20089909515767607,1
780,6389760,6422528,7342,-850,3458.8948974609375,3187.8583374023438,17038.03193909894,0.3543835177266196,0.20301023673535043,1
781,6397952,6430720,7342,-850,3494.1385498046875,3157.9420776367188,17031.03162377422,0.43935961660968537,0.20516305923166134,1
782,6406144,6438912,7342,-850,3495.7188720703125,3129.302001953125,17052.533012370714,0.4808902116880312,0.20499704469326363,1
783,6414336,6447104,7342,-850,3515.2763061523438,3102.5322875976562,17046.532643520906,0.5424315708205079,0.20621650042646297,1
784,6422528,6455296,7342,-850,3498.8635864257812,3063.8685302734375,17000.529916743693,0.5765688464675023,0.20580908969077352,1
785,6430720,6463488,7342,-850,3473.2109985351562,3066.8485107421875,16942.02617240975,0.5403884340877665,0.2050056447316386,1
786,6438912,6471680,7342,-850,3477.562744140625,3095.5247192382812,16947.52630907143,0.5054069810886745,0.20519588999128474,1
787,6447104,6479872,7342,-850,3458.9454345703125,3086.800537109375,16906.523972869305,0.49435143855932,0.20459234790788722,1
788,6455296,6488064,7342,-850,3451.0352783203125,3104.5438842773438,16929.52511323263,0.4595159570897961,0.2038471401435164,1
789,6463488,6496256,7342,-850,3469.86083984375,3118.0733032226562,16957.52669374915,0.46425736723572475,0.20462069159665855,1
790,6471680,6504448,7342,-850,3445.1566162109375,3070.067626953125,16899.52323982735,0.5006102749165482,0.20386117213600954,1
791,6479872,6512640,7342,-850,2586.964368224144,2309.421628713608,16887.52240165193,0.4928721811599456,0.15318791630269507,1
792,6488064,6520832,7342,-850,1727.1117228269577,1643.846139371395,16851.52041253101,0.21459265939626468,0.10248996414250285,1
793,6496256,6529024,1198,1198,1089.245841741562,1031.0128054209054,16882.022281921905,0.23861851310517646,0.0645210522502378,1
794,6504448,6537216,7366,-826,904.9183368682861,900.8644398748875,16910.023896498817,0.019499444504555572,0.05351372312700561,1
795,6512640,6545408,7374,-818,901.1094468832016,787.1072510480881,16906.023599475673,0.5874362943444191,0.053301087720660036,1
796,6520832,6553600,383,383,1152.7847237288952,996.9868448972702,16913.02408390555,0.6305878484217385,0.06815958624607447,1
797,6529024,6561792,31,31,1354.0966485142708,1238.243072271347,16798.517425935366,0.3884375631276154,0.08060810452377601,1
798,6537216,6569984,31,31,1352.857190437615,1235.6464909128845,16822.018881610296,0.3935771409724734,0.08042180905625711,1
799,6545408,6578176,31,31,1352.166544970125,1234.7336548604071,16859.021130749323,0.3945690073287864,0.0802043330086286,1
800,6553600,6586368,379,379,1136.9170822277665,1020.9772200472653,16853.52093583818,0.46712739570518336,0.06745872785609851,1
801,6561792,6594560,295,295,1192.1138599440455,1136.5448688864708,16928.025242833042,0.2073115165223377,0.07042250013472544,1
802,6569984,6602752,83,83,1308.2572181294672,1224.1808121800423,16814.518295400383,0.2884757149716045,0.07780521541835317,1
803,6578176,6610944,83,83,1308.2085470729508,1224.3420935124159,16802.51753608598,0.28774201214684186,0.07785788910878222,1
804,6586368,6619136,83,83,1308.3317506155,1224.2943859808147,16765.51519384527,0.28832022952270525,0.07803707404683854,1
805,6594560,6627328,243,243,1213.7984823295847,1124.1180111467838,16717.5121517901,0.3333468379619463,0.07260640646219671,1
806,6602752,6635520,8159,-33,1336.4503687806427,1290.7630827967077,16813.518195541503,0.15106299549385288,0.07948665789263747,1
807,6610944,6643712,19,19,1358.865632087225,1336.7537437975407,16738.51349838999,0.07125105682371834,0.08118197785113528,1
808,6619136,6651904,19,19,1358.990931894863,1336.8483376652002,16750.514399564563,0.07134418478521963,0.08113129540249764,1
809,6627328,6660096,19,19,1359.1322755366564,1322.166096615605,16754.514856006317,0.11975709200151133,0.08112035992790455,1
810,6635520,6668288,331,331,1113.9475392615423,1087.4884354025126,16717.512367368927,0.10440091197066553,0.06663357052068747,1
811,6643712,6676480,331,331,1114.3411818146706,1087.5114037543535,16794.517308443912,0.10584360982133023,0.06635148610400399,1
812,6651904,6684672,299,299,1119.4971143454313,1114.5230184793472,16723.01270236782,0.01933935979416783,0.06694350678732194,1
813,6660096,6692864,299,299,1119.4529657810926,1114.1536803767085,16786.01639043294,0.020607520409347563,0.06668961472116257,1
814,6668288,6701056,299,299,1119.1449790149927,1113.9594907164574,16824.018793752377,0.020169526614795975,0.06652066861876003,1
815,6676480,6709248,694,694,1060.1246241324116,1029.7605085968971,16850.0200946233,0.1262068965774458,0.06291533293011849,1
816,6684672,6717440,6,6,1378.999771155417,1277.299606438959,16905.52356559285,0.3327141574378464,0.08157095908949197,1
817,6692864,6725632,6,6,1378.9624717086554,1277.3113281431142,16860.521068054724,0.33255683228687516,0.08178646829138315,1
818,6701056,6733824,6,6,1378.9554522559047,1277.5775332786143,16844.519995268798,0.3316297038178766,0.08186374278656908,1
819,6709248,6742016,290,290,1146.9794760122895,1104.1288766786456,16839.51995243005,0.16535878441322144,0.06811236182815134,1
820,6717440,6750208,666,666,1065.3858412960544,1015.6133100278676,16849.02044452057,0.20778536979329518,0.06323132224832251,1
821,6725632,6758400,666,666,1064.8506448948756,982.4354029316455,16923.024636032176,0.34984693981186615,0.06292318706595842,1
822,6733824,6766592,286,286,1208.4227401651442,1085.2904086709023,16923.52457781424,0.4667292433595096,0.07140490945658662,1
823,6742016,6774784,286,286,1208.3621085956693,1085.049222339876,16974.02741785915,0.46747658324300656,0.0711888863408042,1
824,6750208,6782976,7990,-202,1208.399999966845,1208.3918324150145,17047.03188602558,2.935397780713272e-05,0.07088624037580636,1
825,6758400,6791168,8138,-54,1327.9536343347281,1208.3903168085963,16954.02641321678,0.40975675367003983,0.0783267409150372,1
826,6766592,6799360,8138,-54,1327.9519351851195,1208.4396565966308,16948.0262001203,0.4095738735902794,0.07835437115241735,1
827,6774784,6807552,8138,-54,1327.9626843761653,1189.429240077734,16875.022037464332,0.47847260890825355,0.07869398223172377,1
828,6782976,6815744,322,322,1169.5192298963666,1116.3158459290862,16814.518565986007,0.20220277591987207,0.06955413116984392,1
829,6791168,6823936,470,470,1116.2715334184468,1083.6103823147714,16880.522569557856,0.12896692274110727,0.06612778300071813,1
830,6799360,6832128,270,270,1209.1121396876406,1083.5332022719085,16834.01988104484,0.47624357808799467,0.07182551453732716,1
831,6807552,6840320,270,270,1209.116449944675,1082.6960098557174,16836.519743481116,0.4796159351215363,0.07181510599379241,1
832,6815744,6848512,270,270,1209.1224632300436,1046.837702035904,16858.020848729728,0.6259093418307058,0.07172386806729762,1
833,6823936,6856704,270,270,1062.3461182508618,902.3070247899741,16863.52118148718,0.7091169682663234,0.06299669605284501,1
834,6832128,6864896,7686,-506,847.9028562344611,807.3849633783102,16982.5281244678,0.21265441314525765,0.049927952423811026,1
835,6840320,6873088,774,774,1053.5840300079435,847.9207977876067,17005.029726951703,0.9431389130106528,0.06195720012991753,1
836,6848512,6881280,610,610,1123.648942783475,1053.8280263151973,16971.02759039018,0.2786090315606055,0.06620983536787953,1
837,6856704,6889472,610,610,1123.8201766610146,1053.8101513143629,16912.023837114335,0.279344471952748,0.06645095746581976,1
838,6864896,6897664,570,570,1141.0749551653862,1124.1080512702465,16818.518203523123,0.06506114980662112,0.0678463430224403,1
839,6873088,6905856,366,366,1218.612883940339,1140.7437089979649,16836.01923401055,0.28677683053400654,0.07238129554274988,1
840,6881280,6914048,8190,-2,1443.7621976155788,1218.5466027781367,16719.01224382077,0.7365352314629325,0.08635451524052704,1
841,6889472,6922240,8190,-2,1443.7713483143598,1218.8006862774491,16710.51181016206,0.7356572888432401,0.08639899033112607,1
842,6897664,6930432,8190,-2,1443.873808287084,1162.4833637941629,16736.51353428331,0.9414249196099125,0.08627088343874205,1
843,6905856,6938624,450,450,1181.372182322666,1162.5552933644503,15259.923994698249,0.06973122410748199,0.07741664917421016,1
844,6914048,6946816,450,450,1181.3001763534267,1161.359392366925,11195.177851356702,0.07393632204522463,0.10551866098404764,1
845,6922240,6955008,450,450,1181.270892258035,877.1967753646895,7006.424245146351,1.2925247611591062,0.16859825367788026,1
846,6930432,6963200,450,450,1133.933876421972,830.3629724608181,2797.16931442024,1.3531975521273123,0.40538621333224467,1
847,6938624,6971392,4272,-3920,0.009771253622602671,0.009381364623550326,17.001029323516327,0.17684270051842058,0.0005747448249552034,1
848,6946816,6979584,7423,-769,0.008713030576473102,0.008696776494616643,15.500938553474924,0.008109291597345821,0.000562096968929656,1
849,6955008,6987776,7423,-769,0.009602290898328647,0.009539479826344177,18.501120249912205,0.02850164727585675,0.0005190113230237619,1
850,6963200,6995968,7423,-769,0.009308702632552013,0.0092526398220798,15.00090838155863,0.026235002482615493,0.0006205425962067516,1
851,6971392,7004160,79,79,0.009271140937926248,0.009203647234244272,16.50099921225197,0.03173218897566719,0.0005618533046800243,1
852,6979584,7012352,365,365,0.004896207174169831,0.004895340840448625,13.500817519311545,0.000768507604775625,0.0003626600513018049,1
853,6987776,7020544,676,676,0.021738611030741595,0.020409683551406488,29.001756336143117,0.27395520668386186,0.000749561880969605,1
854,6995968,7028736,676,676,0.021992962618242018,0.02043644249351928,33.50202878841177,0.3187843851567093,0.0006564665906397079,1
855,7004160,7036928,676,676,0.021888155810302123,0.020536750293103978,31.5019076857781,0.2767744902449277,0.0006948200099063773,1
856,7012352,7045120,676,676,0.021765763507573865,0.020412543031852692,26.501604912418806,0.27876792818988366,0.0008212998261616338,1
857,7020544,7053312,4679,-3513,0.007102609961293638,0.007094449712894857,13.500817355375151,0.004992514396870061,0.0005260874045130193,1
858,7028736,7061504,4679,-3513,0.006545003154315054,0.006543643539771438,14.00084764413375,0.0009022676060145106,0.00046747192174877796,1
859,7036928,7069696,2394,2394,0.011780509805248585,0.01165687310276553,20.50124127227233,0.04582016339823935,0.0005746242214700226,1
860,7045120,7077888,2800,2800,0.012822090124245733,0.012359270796878263,28.001695459819075,0.15965977220649588,0.0004579040630823495,1
861,7053312,7086080,88,88,0.015497717540711164,0.015420481009641662,32.00193773593948,0.021698204030852247,0.00048427434827818557,1
862,7061504,7094272,6535,-1657,0.014961350272642449,0.01467844974831678,28.001695468721806,0.08290600318535742,0.0005343015850363217,1
863,7069696,7102464,6535,-1657,0.01633958434103988,0.016265239726635627,26.501604701776728,0.019805358669813353,0.0006165507532434229,1
864,7077888,7110656,101,101,0.01505651421030052,0.015040868340292946,26.001574472307084,0.0045152867426381995,0.0005790616343766576,1
865,7086080,7118848,6202,-1990,0.049222972949792165,0.045834692173229996,55.00333074721342,0.3097352154163028,0.0008949089497145752,1
866,7094272,7127040,6202,-1990,0.04968644234031672,0.0463700124018942,61.50372422708312,0.30000689358712396,0.0008078607103021142,1
867,7102464,7135232,6202,-1990,0.048604543299006764,0.045770872333378065,53.5032397280284,0.260876771461014,0.0009084411251744184,1
868,7110656,7143424,6202,-1990,0.05043382791336626,0.04754220612812787,52.00314875751053,0.25642601564772566,0.0009698225803313953,1
869,7118848,7151616,4416,-3776,0.008025403483770788,0.008017950342036784,18.501119930455218,0.004035139529955328,0.00043377933411263087,1
870,7127040,7159808,5699,-2493,0.007199982414022088,0.007199360872618854,15.000908111452677,0.0003749226565310316,0.0004799697698651423,1
871,7135232,7168000,5255,-2937,0.011055188428144902,0.010100920597324148,23.501422859049228,0.3920519207031904,0.0004704050684270846,1
872,7143424,7176192,5255,-2937,0.011039326345780864,0.010108801361639053,23.501423030055896,0.3824290947040512,0.00046973012364667045,1
873,7151616,7184384,2441,2441,0.009382175165228546,0.009297100303228945,18.50112034985927,0.039560205271035126,0.0005071138929864813,1
874,7159808,7192576,6891,-1301,0.011271308525465429,0.01054932433180511,19.501181081923285,0.28749693109303787,0.0005779808145012008,1
875,7168000,7200768,1498,1498,0.007209313800558448,0.007198660634458065,18.501120549803144,0.006422293593301673,0.00038966903551337364,1
876,7176192,7208960,6633,-1559,0.013289573485963047,0.0128908411716111,25.001514120004053,0.1322978548649887,0.0005315507461738038,1
877,7184384,7217152,7829,-363,0.016728816437534988,0.016192723182030022,35.5021499193996,0.14145324161338468,0.0004712057291041348,1
878,7192576,7225344,954,954,0.024013195692532463,0.023827041848562658,48.00290688684207,0.03379832518002762,0.0005002446153758794,1
879,7200768,7233536,954,954,0.02296103613844025,0.022752950608264655,47.50287655365903,0.03953758055706924,0.00048336096262514903,1
880,7208960,7241728,953,953,0.022056063928175718,0.02152929428848438,47.502876507045116,0.10498217614059087,0.0004643100702523688,1
881,7217152,7249920,831,831,0.02544756338465959,0.025218947848770767,49.00296731550687,0.0391924121540329,0.0005193065803712415,1
882,7225344,7258112,831,831,0.024598502670414746,0.02438970928778872,41.002482795830346,0.03702048284135282,0.0005999271505801652,1
883,7233536,7266304,831,831,0.02435928548220545,0.02387324965093285,46.50281573814942,0.08753005586091112,0.0005238238823938971,1
884,7241728,7274496,8133,-59,0.017897400990818824,0.01618888825760223,35.50214959477222,0.43572943165701494,0.0005041216150318476,1
885,7249920,7282688,1542,1542,0.018565915619547013,0.018311481151613407,36.50221029465633,0.05992898008633703,0.0005086244221836872,1
886,7258112,7290880,1168,1168,0.018617678215377964,0.01710937497591658,36.00217989065529,0.36691375183559294,0.0005171264148982923,1
887,7266304,7299072,5293,-2899,0.02001281181583181,0.019849288451950997,42.00254327590732,0.03563168648341405,0.0004764666673722867,1
888,7274496,7307264,5293,-2899,0.02412351407110691,0.023679635720327497,52.003148733703135,0.08065554672349366,0.0004638856426682585,1
889,7282688,7315456,5290,-2902,0.01974985026754439,0.01928395507275127,39.00236142596172,0.10367696389742093,0.000506375756376587,1
890,7290880,7323648,6714,-1478,0.03311124350875616,0.03296386229339987,57.00345119372716,0.019373999916357767,0.0005808638392125954,1
891,7299072,7331840,6055,-2137,0.031712544747279026,0.028506402857601643,53.00320911266175,0.46288674657977474,0.0005983136734206406,1
892,7307264,7340032,6055,-2137,0.029849858736270107,0.029671684751519933,53.50323944203225,0.026000740232206297,0.0005579075033131545,1
893,7315456,7348224,6714,-1478,0.03135720966383815,0.031260518851922825,71.00429883834194,0.013412278099567777,0.00044162410131293943,1
894,7323648,7356416,6641,-1551,0.08911926002474502,0.07210403127828613,111.50675233342152,0.9201202535689101,0.0007992274742095024,1
895,7331840,7364608,6641,-1551,0.0888286403278471,0.07185112635488622,98.00593482958607,0.9211943392591813,0.0009063598085391812,1
896,7340032,7372800,6641,-1551,0.08667513987165876,0.07090382222668268,98.0059349404415,0.8722490375540166,0.0008843866437714358,1
897,7348224,7380992,6641,-1551,0.08587271953729214,0.07437650047359057,91.50554164901179,0.6241947666715777,0.0009384428307814899,1
898,7356416,7389184,599,599,0.013760246220044792,0.013755998545093462,34.00205901883726,0.001340838346714909,0.00040468861642824536,1
899,7364608,7397376,216,216,0.01816499582491815,0.01804921613074839,44.50269485756865,0.027769569402562273,0.00040817743471615404,1
900,7372800,7405568,216,216,0.016549975611269474,0.01631705486215651,33.00199842077121,0.06155584370242308,0.0005014840434891071,1
901,7380992,7413760,221,221,0.015469900099560618,0.014897014945745468,33.00199839579801,0.16388255670303126,0.0004687564648063957,1
902,7389184,7421952,790,790,0.015164922515396029,0.01481288019567728,31.50190761503348,0.1020068529837233,0.00048139695858161164,1
903,7397376,7430144,4482,-3710,0.023746477905660868,0.018653040402568877,35.50214986531513,1.0484957296024544,0.0006688743638272082,1
904,7405568,7438336,4482,-3710,0.0245732928160578,0.019895352248568088,46.00278550748699,0.917117229846569,0.0005341696713573676,1
905,7413760,7446528,5376,-2816,0.027869236189872026,0.02493166399654001,54.503300259848075,0.4837380091645444,0.0005113311681495177,1
906,7421952,7454720,5376,-2816,0.027408438705606386,0.02298878412693739,45.50275518841637,0.7636829497977387,0.0006023467939933393,1
907,7430144,7462912,5376,-2816,0.02305697914562188,0.02210276562254876,44.002664301734804,0.18355788303373016,0.0005239905244717844,1
908,7438336,7471104,5376,-2816,0.023104343010345474,0.02293367777019739,40.502452528075075,0.03219917377631678,0.0005704430613017877,1
909,7446528,7479296,7855,-337,0.016356141852156725,0.015946033439831808,31.501907607968594,0.11028197909848941,0.0005192111555815542,1
910,7454720,7487488,3623,3623,0.018459414393873885,0.01686804179189494,36.50221042261372,0.3915325101543269,0.000505706755293865,1
911,7462912,7495680,2711,2711,0.013068839092738926,0.013044703227933496,22.501362595318632,0.008028076587294502,0.0005808021197550887,1
912,7471104,7503872,2719,2719,0.012992872972972691,0.012587817618623376,24.001453650220803,0.13754750601349255,0.0005413369191016962,1
913,7479296,7512064,5971,-2221,0.011461228365078568,0.011328677646815777,20.501241557342645,0.050519466482975874,0.0005590504522870548,1
914,7487488,7520256,933,933,0.022913607754162513,0.021915289835305884,34.50208956874424,0.1934625568143679,0.0006641223195629334,1
915,7495680,7528448,933,933,0.02585844670829829,0.024595860741101205,50.50305834513888,0.2174040822664983,0.0005120174412325915,1
916,7503872,7536640,933,933,0.02619874509400688,0.024799365201033652,48.502937124464424,0.23839925178372692,0.0005401476002737262,1
917,7512064,7544832,933,933,0.023233031446579844,0.022044948214897886,42.00254360349106,0.2279679727751591,0.0005531339165052094,1
918,7520256,7553024,1712,1712,0.02107069586054422,0.020993951096897945,31.50190746222527,0.015846972105109467,0.0006688704766786146,1
919,7528448,7561216,95,95,0.010153019306017086,0.010146490720217116,23.50142286949734,0.0027934948987952657,0.0004320172171019807,1
920,7536640,7569408,654,654,0.009147211065283045,0.009147114789811894,25.001513457380966,4.5710245018029745e-05,0.0003658662936896166,1
921,7544832,7577600,5712,-2480,0.012334846425801516,0.01232869119849056,31.501907124182424,0.00216771928847206,0.0003915587198316853,1
922,7553024,7585792,5717,-2475,0.010767981875687838,0.010567934717983007,23.0013924394015,0.08144194072242295,0.00046814478314983365,1
923,7561216,7593984,7985,-207,0.01503222668543458,0.013964674988528714,27.001634737922004,0.3199248382821016,0.0005567154296892557,1
924,7569408,7602176,2154,2154,0.01792602555360645,0.016144470253493637,31.00187695384723,0.45460212039786196,0.0005782238791636095,1
925,7577600,7610368,2154,2154,0.017648730950895697,0.01669029926415533,32.00193740182911,0.24249358647302044,0.0005514894529444009,1
926,7585792,7618560,7626,-566,0.021455773850902915,0.019499290774547262,39.50239173344002,0.41525367409569586,0.0005431512601992635,1
927,7593984,7626752,7626,-566,0.022686550626531243,0.021777593065053225,43.502634052967764,0.17758590316513445,0.0005214983212030021,1
928,7602176,7634944,2,2,0.020399983339302707,0.019871235126629472,33.00199825959706,0.11404950558890807,0.0006181438826471771,1
929,7610368,7643136,8185,-7,0.021728610212448984,0.021212802566878963,31.001877110138125,0.10433899331541507,0.0007008804704068506,1
930,7618560,7651328,8185,-7,0.02062042715260759,0.01940161199308932,31.501907228001535,0.2645984244683612,0.0006545771023755166,1
931,7626752,7659520,727,727,0.012566143304866273,0.01231963998725405,26.001574535621423,0.08603991351568419,0.0004832839368112501,1
932,7634944,7667712,7851,-341,0.015623455634340644,0.014927893760614097,32.50196839781345,0.19778562877235673,0.00048069259815635356,1
933,7643136,7675904,7851,-341,0.013253818731755018,0.013245512964203954,26.50160513417918,0.002722445361949656,0.0005001138106409086,1
934,7651328,7684096,255,255,0.015834942314540967,0.015712007938418537,34.50208949077512,0.03384795741722886,0.00045895603855455717,1
935,7659520,7692288,3465,3465,0.01964196376502514,0.017711998661980033,36.502210472777605,0.4491733480569116,0.0005381034055368675,1
936,7667712,7700480,3465,3465,0.021047529065981507,0.019558836705982685,36.50221037337248,0.3185809709871398,0.0005766097135129985,1
937,7675904,7708672,3465,3465,0.021538889734074473,0.020553276874125004,43.00260391947165,0.20342240266495032,0.0005008740813558416,1
938,7684096,7716864,7466,-726,0.015561371925286949,0.015425087884068489,33.001998506371244,0.03820235617844724,0.00047152816888597603,1
939,7692288,7725056,5348,-2844,0.011217622755793855,0.010752529982710257,21.001271693029302,0.18390168538905113,0.0005341401663556014,1
940,7700480,7733248,1099,1099,0.013910691923229024,0.013198828877648339,23.00139285329876,0.22813334219573728,0.0006047760677777395,1
941,7708672,7741440,3699,3699,0.011513922683661804,0.011130096696433611,24.00145336045177,0.1472437139885048,0.0004797177283703074,1
942,7716864,7749632,5184,-3008,0.01221856837219093,0.012032303820888046,25.001513813012345,0.06671533869494943,0.0004887131420750861,1
943,7725056,7757824,333,333,0.012929466902278364,0.012724751140922308,31.501907401019203,0.06931321200837569,0.00041043441394472663,1
944,7733248,7766016,5600,-2592,0.009579344681696966,0.009349020452646073,24.001453201205805,0.10569690342502608,0.00039911519529224637,1
945,7741440,7774208,5600,-2592,0.008591113815782592,0.00815234289621003,19.001150510320812,0.22767034372454853,0.00045213650674027215,1
946,7749632,7782400,5600,-2592,0.00695555200218223,0.006907335948199034,18.001089890727744,0.03021022848369302,0.0003863961595883699,1
947,7757824,7790592,4970,-3222,0.006769314350094646,0.0067243402590975165,17.001029352315292,0.028950010119987556,0.0003981708524709278,1
948,7766016,7798784,2570,2570,0.00822431972483173,0.008201282005757093,21.501301909017485,0.012182397935118069,0.0003825033367575994,1
949,7774208,7806976,4509,-3683,0.008529156621079892,0.00834835396381095,25.001513792428234,0.0930523490486758,0.00034114560789766927,1
950,7782400,7815168,4509,-3683,0.007305200269911438,0.007198561215773225,19.001150566490878,0.06386424292350186,0.0003844609432648982,1
951,7790592,7823360,88,88,0.007015730117018393,0.007009821376414038,18.00109000986042,0.0036592266514200032,0.0003897391831925401,1
952,7798784,7831552,1422,1422,0.006308852520305663,0.006145114486571401,16.000968868199397,0.11420396762066637,0.0003942794072203956,1
953,7806976,7839744,3276,3276,0.012456208642106503,0.011141486960696056,20.00121115617534,0.4844271773180665,0.0006227727183541417,1
954,7815168,7847936,3276,3276,0.01328030857257545,0.01202885847305879,25.001513941493865,0.4298375095973326,0.000531180175874659,1
955,7823360,7856128,3276,3276,0.013128466642228886,0.011784369005908957,23.501423219463376,0.4690767183219865,0.0005586243232859264,1
956,7831552,7864320,5173,-3019,0.010242534190183505,0.009949220806447556,18.50112036800126,0.12618352910223454,0.0005536169694835644,1
957,7839744,7872512,5443,-2749,0.008285194518975914,0.00827405572636053,17.001029672295424,0.005842676239411798,0.00048733486610386427,1
958,7847936,7880704,7746,-446,0.008187357074348256,0.008150995010510087,18.50112061350275,0.01933104350629208,0.0004425330359920384,1
959,7856128,7888896,7751,-441,0.012946474482305348,0.012691592564806342,23.001392982523114,0.0863539806645261,0.0005628561058081274,1
960,7864320,7897088,7756,-436,0.014259794494137168,0.014110137824900448,30.001816904452667,0.04582010827094042,0.0004752976974544773,1
961,7872512,7905280,5002,-3190,0.009999565867474303,0.009987397206714377,22.001332385843867,0.005288229986265973,0.00045449819547784475,1
962,7880704,7913472,1688,1688,0.008229846745962277,0.008228160353610292,21.001271621186053,0.0008900116410483059,0.0003918737348104207,1
963,7888896,7921664,1239,1239,0.00664973896346055,0.006647972244536504,16.500999180757464,0.0011539975147603519,0.0004029900790017068,1
964,7897088,7929856,2081,2081,0.008197626354558452,0.008189866996872297,17.001029345634283,0.004112705226819637,0.0004821841188494584,1
965,7905280,7938048,7036,-1156,0.013766365078481613,0.013487991167494329,28.501725490753852,0.08872009799533159,0.0004830011110361551,1
966,7913472,7946240,2095,2095,0.02134555539669236,0.02036507742741378,39.50239189105832,0.2042139373139093,0.0005403610863757366,1
967,7921664,7954432,2095,2095,0.021329113165847957,0.020345566095784307,36.002179913537695,0.20503020295549462,0.0005924394916383297,1
968,7929856,7962624,7728,-464,0.021383484825491905,0.02099833800457418,41.502513171753954,0.07893560616722536,0.0005152334928971293,1
969,7938048,7970816,7386,-806,0.020937649707775563,0.018564154335763305,35.50215003170817,0.522527593402775,0.0005897572312965677,1
970,7946240,7979008,7740,-452,0.014344862662255764,0.014054276573006064,24.001453542085017,0.08887898933339472,0.00059766641370711,1
971,7954432,7987200,7740,-452,0.015730382525362074,0.015401120588649064,28.501726004303748,0.09186962416593347,0.0005519098219871594,1
972,7962624,7995392,69,69,0.006693262723274529,0.00668641272932291,15.500938659281118,0.0044469162869009956,0.0004317972524371592,1
973,7970816,8003584,7982,-210,0.010603233939036727,0.01054246949206572,19.501180839600423,0.02495990425700298,0.0005437226610147156,1
974,7979008,8011776,733,733,0.013336770934984088,0.012761385878548026,24.001453148136733,0.19152850977611016,0.0005556651446339382,1
975,7987200,8019968,7959,-233,0.014381516259163618,0.013623411068692803,25.00151377542541,0.23518815519368558,0.0005752258198581383,1
976,7995392,8028160,7959,-233,0.017692942637950182,0.017691678134724498,33.00199823940606,0.00031039856384272677,0.0005361173135517566,1
977,8003584,8036352,6988,-1204,0.01251878440962173,0.0125119999574963,30.001816748890185,0.002354261176757257,0.0004172675446424364,1
978,8011776,8044544,8098,-94,0.009539126782328822,0.00951361314218957,23.001393012806076,0.01163133469811701,0.00041471952490085675,1
979,8019968,8052736,8140,-52,0.024247428569651674,0.02258423832245171,37.502271017183446,0.30860240520392423,0.0006465589392850786,1
980,8028160,8060928,1795,1795,0.02423742407700047,0.023678145131270867,39.50239205567297,0.10138783505633235,0.0006135685161253345,1
981,8036352,8069120,8140,-52,0.023957787539984565,0.02378672872146126,39.00236175288798,0.031119895919917328,0.0006142650460958453,1
982,8044544,8077312,8140,-52,0.02464087278349325,0.024434362407191657,43.00260394898424,0.03655075555574093,0.0005730088534342184,1
983,8052736,8085504,5469,-2723,0.010243924101814628,0.010175720672123134,23.00139285509946,0.02901175181132,0.00044536103384467546,1
984,8060928,8093696,3821,3821,0.007516490062698722,0.007485552516300231,20.00121119631706,0.017912260494518887,0.00037580174465048287,1
985,8069120,8101888,3370,3370,0.007382491487078369,0.007357643800787628,20.001211239661636,0.014641959595325714,0.0003691022207914674,1
986,8077312,8110080,7973,-219,0.008181955898180604,0.008163207792676985,21.00127184910184,0.009962827526341351,0.0003895933521059831,1
987,8085504,8118272,4269,-3923,0.011481236899271607,0.01133273183950223,29.501786518945725,0.05654065689706109,0.00038917090298577284,1
988,8093696,8126464,2918,2918,0.016618553127045743,0.016394301594118588,35.50214965381366,0.05900289577670796,0.0004680999119516857,1
989,8101888,8134656,2918,2918,0.016431079478934407,0.016230782261118293,29.00175589893762,0.05326644733572705,0.0005665546436633619,1
990,8110080,8142848,2413,2413,0.016251746332272887,0.014766167965717614,31.50190723062048,0.4163223072854737,0.0005158972189619004,1
991,8118272,8151040,6548,-1644,0.016066380310803652,0.015232960693538189,30.50184693273131,0.23133721577016844,0.0005267346710589822,1
992,8126464,8159232,6550,-1642,0.013996256224345416,0.013695247936993837,25.00151408562016,0.09441985281767463,0.0005598163445787264,1
993,8134656,8167424,208,208,0.050237623014254496,0.035010228340979666,57.50348206717307,1.56834139339848,0.0008736448856361271,1
994,8142848,8175616,208,208,0.05004962094244547,0.034804459326551296,47.50287648495218,1.5776590108299247,0.0010536124261506573,1
995,8151040,8183808,208,208,0.05065697222016752,0.04021277799620293,58.003512273774106,1.0027515208596374,0.000873343186203428,1
996,8159232,8192000,208,208,0.047507545445114374,0.043728206714149565,78.50475350397141,0.36000925093635167,0.0006051550170488855,1
997,8167424,8200192,1847,1847,0.043232792646449525,0.0328997577453265,52.50317922945513,1.1862058986512642,0.0008234319003332894,1
998,8175616,8208384,1847,1847,0.04458492121921154,0.03523517040594015,62.50378463746864,1.0221162739451342,0.000713315545255552,1
999,8183808,8216576,1847,1847,0.037746272930235136,0.030785222956183134,63.00381480430303,0.8853177257815101,0.000599110911735731,1
1000,8192000,8224768,5947,-2245,0.061069881048751995,0.059976159303914756,85.50517798098272,0.07848422704509866,0.0007142243603344653,1
1001,8200192,8232960,5947,-2245,0.06102932131034322,0.06016387851559557,82.50499617933116,0.062027146693353616,0.0007397045528938775,1
1002,8208384,8241152,1507,1507,0.06016233281116001,0.059015838220148,76.00460273425873,0.08356087876762057,0.0007915617034603895,1
1003,8216576,8249344,6662,-1530,0.05967437368235551,0.054425046570031554,66.50402728320708,0.3998906019946653,0.0008973046613888881,1
1004,8224768,8257536,492,492,0.03852084309619386,0.03495458103134297,47.00284602500969,0.4219168284806637,0.0008195427799350139,1
1005,8232960,8265728,2578,2578,0.05995244317455217,0.049497725965920836,74.00448129548366,0.8322163915955096,0.0008101190917773644,1
1006,8241152,8273920,2578,2578,0.059774668246973306,0.04933456581784412,75.50457218533376,0.8336586400443706,0.0007916695177114601,1
1007,8249344,8282112,2578,2578,0.06009572383482009,0.04954570869449526,72.50439055476454,0.8383752561278186,0.0008288563406298568,1
1008,8257536,8290304,2578,2578,0.04284246021416038,0.03795364388497546,55.50336090018322,0.5262092375475181,0.000771889476949115,1
1009,8265728,8298496,8102,-90,0.017698234660201706,0.017327049732557498,35.00211918340609,0.09205327177323953,0.0005056332323041783,1
1010,8273920,8306688,4443,-3749,0.018524562590755522,0.017565856913279276,39.50239152512603,0.23078621255526957,0.00046894787569944275,1
1011,8282112,8314880,4443,-3749,0.018371961770753842,0.017665281775407493,37.50227068996254,0.17034963875050912,0.0004898893169066449,1
1012,8290304,8323072,4443,-3749,0.014580677488993388,0.014180300931911916,32.00193799972804,0.1209225641099304,0.0004556185781347772,1
1013,8298496,8331264,3230,3230,0.012275848654098809,0.012275112268980592,30.001816909717334,0.00026052584621400897,0.00040917017429443635,1
1014,8306688,8339456,990,990,0.011255443474510685,0.011243613524129614,29.00175661709347,0.004567020427086167,0.000388095232406605,1
1015,8314880,8347648,4552,-3640,0.018683536676689982,0.01707713061477989,37.50227138472215,0.3904418876256805,0.0004981974687618886,1
1016,8323072,8355840,7437,-755,0.01797098317183554,0.017904243955854326,39.50239216271773,0.01615850768571116,0.0004549340479890358,1
1017,8331264,8364032,1652,1652,0.04231122077908367,0.03512140875682235,65.50396635782172,0.808836283439508,0.0006459337217528867,1
1018,8339456,8372224,1652,1652,0.046285741846077144,0.0358858568361029,72.50439019875638,1.1052390857416308,0.0006383853683783006,1
1019,8347648,8380416,1652,1652,0.04583138588350266,0.03889599232934415,73.00442033564804,0.7125813411029597,0.0006277891896516191,1
1020,8355840,8388608,1652,1652,0.04481074410432484,0.040258513763546944,68.50414793668045,0.4652441778520383,0.0006541318365968754,1
1021,8364032,8396800,6564,-1628,0.029569652280770242,0.028102621668949723,55.50336140105145,0.22099380798381624,0.0005327542609015763,1
1022,8372224,8404992,6743,-1449,0.025126924214418977,0.02501358580775559,45.00272541165822,0.01963375658263701,0.0005583422778192385,1
1023,8380416,8413184,6743,-1449,0.044370966497808695,0.03845404466846958,64.50390649973079,0.6215686226684458,0.0006878802991256643,1
1024,8388608,8421376,6743,-1449,0.0456243809312582,0.04104612022638321,82.50499622848335,0.4592487176053667,0.0005529893099432349,1
1025,8396800,8429568,2124,2124,0.038010546544683166,0.03701907984623176,68.0041178541623,0.11478494626732677,0.000558944777817696,1
1026,8404992,8437760,1158,1158,0.12179252401983831,0.10778523854969535,166.01005307341347,0.530613436150381,0.0007336454736628441,1
1027,8413184,8445952,7337,-855,0.12541041505755857,0.12294788495637476,192.01162771164675,0.0861254311558318,0.0006531396902998683,1
1028,8421376,8454144,7337,-855,0.1291616095113568,0.12013753695646301,185.01120392020766,0.314547243624801,0.0006981285823482458,1
1029,8429568,8462336,5179,-3013,0.14142871170770377,0.132442221743986,257.01556461511416,0.28511127832500427,0.0005502729452183024,1
1030,8437760,8470528,5179,-3013,0.13874792342539877,0.1227980141993612,171.51038637924665,0.5303514819728539,0.0008089767993327065,1
1031,8445952,8478720,5179,-3013,0.1376239930978045,0.11936303961556405,133.50808472657255,0.6182428484229692,0.0010308289073254358,1
1032,8454144,8486912,5179,-3013,0.1361124448189912,0.11853133669865201,126.50766102680238,0.6006465270505857,0.0010759225466207452,1
1033,8462336,8495104,1772,1772,0.027261964860372245,0.02642584010027349,48.00290667767074,0.1352835087724905,0.00056792321022205,1
1034,8470528,8503296,4630,-3562,0.024516459787264466,0.021759157592896372,37.50227078012202,0.518156799995215,0.0006537326747760393,1
1035,8478720,8511488,7254,-938,0.011233867437113076,0.011224482906982303,25.501544119946956,0.0036295184871745763,0.000440517146109835,1
1036,8486912,8519680,2511,2511,0.00981628941372037,0.009805590845644474,21.001271603828126,0.0047358657566314456,0.0004674140499154846,1
1037,8495104,8527872,6837,-1355,0.015277979600796243,0.015233168276608922,35.00211934061694,0.012756861782123622,0.00043648727244545633,1
1038,8503296,8536064,2026,2026,0.014969081646995619,0.014955461054341868,34.00205887399714,0.003953509797838879,0.000440240448452465,1
1039,8511488,8544256,2292,2292,0.014497314114123583,0.014294442313257605,29.501786306641517,0.06120332535500331,0.0004914046208401934,1
1040,8519680,8552448,7364,-828,0.020882230397546664,0.02018535658135079,43.002603766749615,0.14740457327593928,0.0004856038604270093,1
1041,8527872,8560640,7378,-814,0.026014271599706262,0.025264621304813772,44.00266438556601,0.12698877227188468,0.0005911976459370857,1
1042,8536064,8568832,64,64,0.04429919540416449,0.03880560176912695,69.50420864478329,0.57501415758202,0.0006373598990323791,1
1043,8544256,8577024,64,64,0.0496770937461406,0.04139623980154283,79.00478399528309,0.7919528634943269,0.0006287858941441637,1
1044,8552448,8585216,64,64,0.04772840905934572,0.04250378385768272,74.50451172361738,0.503493637704489,0.0006406109905987904,1
1045,8560640,8593408,64,64,0.049549998715519905,0.04546688636764884,69.00417873916311,0.3734843339867595,0.0007180724359146377,1
1046,8568832,8601600,7319,-873,0.02431888523278758,0.02125748194521293,46.50281625171144,0.5843184429925081,0.0005229551066574936,1
1047,8577024,8609792,7783,-409,0.025521935371216387,0.02406215632800013,47.002846452468205,0.2557906056853491,0.0005429870166911175,1
1048,8585216,8617984,7806,-386,0.050245073274709284,0.04935488660703413,71.50433004381273,0.07763325460737282,0.0007026857428623232,1
1049,8593408,8626176,1526,1526,0.05203736759722233,0.04963175719603896,82.0049659631309,0.20555667363735666,0.0006345636143623072,1
1050,8601600,8634368,1526,1526,0.04909723741002381,0.048205587059783284,73.00442081872146,0.0795967986993196,0.0006725241685286157,1
1051,8609792,8642560,1526,1526,0.047155125881545246,0.0466174469111138,66.5040270847137,0.04980423636686547,0.00070905669849855,1
1052,8617984,8650752,7999,-193,0.02105347439646721,0.021003575162467314,35.00211944559159,0.010305512333067554,0.0006014914162324771,1
1053,8626176,8658944,768,768,0.014436108758673072,0.013341337675228715,25.00151390638844,0.3425076878960861,0.0005774093845966795,1
1054,8634368,8667136,768,768,0.015669990214519203,0.014736627810634673,30.50184699597802,0.2667061017915637,0.0005137390603456063,1
1055,8642560,8675328,768,768,0.014910111436620355,0.013431001592834946,24.50148388285649,0.45372488729071225,0.000608539119830732,1
1056,8650752,8683520,3371,3371,0.011706194396538194,0.011690000901580788,23.50142328382522,0.0060118720468480295,0.0004981057638579254,1
1057,8658944,8691712,3355,3355,0.009391676750965416,0.00914278463460505,21.00127167630812,0.11664646577310966,0.00044719562204227474,1
1058,8667136,8699904,3316,3316,0.013859113561920822,0.01370602763199713,26.50160482106255,0.048238503611094094,0.0005229537477257258,1
1059,8675328,8708096,1136,1136,0.027596991683822125,0.027198905940167606,46.002785591209445,0.06310307557670322,0.0005998982741839782,1
1060,8683520,8716288,1136,1136,0.03438362875021994,0.02962912735529244,58.00351214514171,0.6463284825691658,0.0005927852896938736,1
1061,8691712,8724480,1136,1136,0.03390908322762698,0.03109110298100859,62.50378475923071,0.37679919018947605,0.0005425124791762182,1
1062,8699904,8732672,1136,1136,0.034321459010243416,0.03004577147657983,71.00429925964355,0.5778238174488383,0.00048337156155487304,1
1063,8708096,8740864,1041,1041,0.03020704770460725,0.02933305804617703,65.0039358490171,0.12750939789255444,0.00046469567280923345,1
1064,8716288,8749056,1074,1074,0.029284110525622964,0.028407839126884937,58.503542237428775,0.13193837423276694,0.0005005527769032742,1
1065,8724480,8757248,8132,-60,0.03067182912491262,0.03046273328072857,62.50378469398251,0.029708080616574442,0.0004907195504253284,1
1066,8732672,8765440,6373,-1819,0.024829114554449916,0.024297113297507167,51.503118705483004,0.09406553394869045,0.00048208953512958073,1
1067,8740864,8773632,6373,-1819,0.027299479814246297,0.022515454264066648,48.00290689994068,0.8367365816751453,0.0005687047218025879,1
1068,8749056,8781824,7578,-614,0.022582639910979196,0.01991839098627679,39.0023620818033,0.5452045652539752,0.0005790069807468203,1
1069,8757248,8790016,1433,1433,0.013291703478898853,0.01315382169559598,26.001574484788897,0.04528693596106703,0.0005111884084817477,1
1070,8765440,8798208,1097,1097,0.012117088976083323,0.011746969888918102,22.501362490021055,0.13472441412337105,0.0005385046786147742,1
1071,8773632,8806400,214,214,0.030446730001131073,0.028699276692350395,31.501907746560523,0.25669704608461086,0.0009665043224074371,1
1072,8781824,8814592,214,214,0.03027162645594217,0.028519538405817002,28.50172604495959,0.2589326357547132,0.0010620980079659274,1
1073,8790016,8822784,214,214,0.03077524504624307,0.0290360099170357,31.00187746119081,0.2526458360233823,0.000992689719671609,1
1074,8798208,8830976,214,214,0.027368404436856508,0.026480756525415927,31.001877664725097,0.14319090765710837,0.000882798285085717,1
1075,8806400,8839168,565,565,0.006899328422150575,0.006847416028904263,17.001029686020704,0.03280103617443229,0.0004058182680442955,1
1076,8814592,8847360,1249,1249,0.008749032916966826,0.008676858386024833,23.00139307195078,0.03597541062867944,0.00038036969715699086,1
1077,8822784,8855552,1246,1246,0.007673815474845469,0.007546044362243265,17.501060038342388,0.07291997874508009,0.0004384771812697749,1
1078,8830976,8863744,7058,-1134,0.013123380951583385,0.013036538497544825,24.501483676488927,0.028834444388681522,0.0005356157661658786,1
1079,8839168,8871936,1790,1790,0.012620655819773674,0.01250839716522023,24.50148361810533,0.038802607140735614,0.0005150976168009541,1
1080,8847360,8880128,6901,-1291,412.92175681163644,333.42213995411294,1510.5915106036628,0.928733318700997,0.2733510375989235,1
1081,8855552,8888320,757,757,1090.4202774191435,809.3647804932771,5573.337446636311,1.2944961688417502,0.19564942691156217,1
1082,8863744,8896512,757,757,2220.7202119322974,1350.3253237223107,9634.083197402513,2.1605543292199143,0.23050664670728974,1
1083,8871936,8904704,757,757,3299.1007168563083,2001.457600325346,13670.827846300062,2.170491798696934,0.24132413588612284,1
1084,8880128,8912896,757,757,4304.9075927734375,2661.450927734375,16156.478483176541,2.088453705278444,0.2664508603936224,1
1085,8888320,8921088,757,757,4220.508544921875,2667.9674072265625,16044.471627879197,1.9918426409576444,0.263050640919096,1
1086,8896512,8929280,757,757,4088.3558349609375,2672.8973999023438,15889.96263529493,1.8456639958207437,0.25729172111958554,1
1087,8904704,8937472,757,757,4015.9443359375,2681.8131713867188,15675.949318498973,1.7535916509640206,0.2561850803637352,1
1088,8912896,8945664,757,757,3989.1275634765625,2649.5244750976562,15465.43644084093,1.7770998862582186,0.25793824692474404,1
1089,8921088,8953856,757,757,3896.2431030273438,2566.3363037109375,15192.920193406006,1.8133247893605482,0.256451232115231,1
1090,8929280,8962048,757,757,3763.8651733398438,2487.387939453125,14884.401122738018,1.7989053378493987,0.25287313492176783,1
1091,8937472,8970240,757,757,3581.6446533203125,2422.3184814453125,14606.884508788131,1.6985125316927498,0.2452025037348273,1
1092,8945664,8978432,757,757,3476.7399291992188,2377.5330200195312,14410.372496411903,1.650456480534379,0.24126648565572517,1
1093,8953856,8986624,757,757,3458.2061157226562,2394.1067504882812,14348.868626120431,1.5970736329655313,0.24100897470253493,1
1094,8962048,8994816,757,757,3504.1696166992188,2385.3954467773438,14386.871157803811,1.6702473376218934,0.24356717859382973,1
1095,8970240,9003008,757,757,3588.2396850585938,2396.7583618164062,14598.383780755728,1.7525719386682193,0.2457970511632102,1
1096,8978432,9011200,757,757,3662.1463623046875,2463.790283203125,14874.900586544762,1.7213195933880083,0.24619635882590826,1
1097,8986624,9019392,757,757,2768.0929481983185,1854.0051364898682,15271.924771213637,1.7406973593809747,0.18125370506119526,1
1098,8994816,9027584,757,757,1858.427233695984,1259.0006805360317,15752.953794069403,1.691195962010089,0.11797325492033346,1
1099,9003008,9035776,789,789,1020.6811998188496,986.4669635165483,16173.47941126203,0.1480757002692374,0.06310832529382154,1
1100,9011200,9043968,789,789,1021.1951177120209,987.7728927303106,16622.00656341348,0.14451626069239953,0.06143633223919923,1
1101,9019392,9052160,8134,-58,1952.6847282499075,1016.2510361652821,17037.031312890984,2.8363112829435893,0.11461414212301285,1
1102,9027584,9060352,8134,-58,1952.5913039185107,1437.6166176199913,17382.552273721118,1.329682665976106,0.11233052966970974,1
1103,9035776,9068544,8134,-58,1951.1862975824624,1932.4112879317254,17724.073344002063,0.04199171739061061,0.11008678759743205,1
1104,9043968,9076736,306,306,1931.3170154113322,1927.6148692835122,18061.593718404936,0.008332990453469089,0.10692949058217946,1
1105,9052160,9084928,8130,-62,2181.4309472180903,1931.4122280180454,18333.610575850835,0.528664933792455,0.11898534324119915,1
1106,9060352,9093120,8130,-62,2181.510060671717,2020.8756035864353,18574.62539473844,0.3321763916651596,0.1174457096340508,1
1107,9068544,9101312,8130,-62,2181.71375207603,2021.1544529348612,18738.63480945384,0.33198266369504764,0.11642863923978773,1
1108,9076736,9109504,8130,-62,2132.1513094566762,2021.1161577701569,18794.6385244823,0.23226747384591115,0.11344465639385883,1
1109,9084928,9117696,8046,-146,1970.7026014737785,1607.5860608816147,18843.641545822262,0.8844685804956149,0.10458183449741401,1
1110,9093120,9125888,7810,-382,1643.2277258262038,1550.8519402444363,18825.64034137144,0.25127416351282367,0.0872866843320611,1
1111,9101312,9134080,7810,-382,1646.5500068739057,1535.183796344325,18806.639306164958,0.3041454724245622,0.08755152795077822,1
1112,9109504,9142272,7810,-382,1648.649785041809,1562.4819889366627,18692.132037944368,0.23313390457703473,0.08820020004647454,1
1113,9117696,9150464,158,158,2212.052187555353,1596.2482490558177,18466.6179268442,1.4169493490114713,0.11978653570017168,1
1114,9125888,9158656,58,58,2268.734140880406,2211.605235584895,18269.60593251681,0.11075997161088398,0.1241807923641332,1
1115,9134080,9166848,58,58,2268.8623461276293,2211.9082933813334,17979.58857746129,0.11041030676518399,0.12619100466913974,1
1116,9142272,9175040,58,58,2268.974716991186,2227.2012354135513,17794.077442460373,0.0807019777149673,0.12751291683023364,1
1117,9150464,9183232,58,58,2239.5337187200785,2226.5931844338775,17565.063813960616,0.02516730259908274,0.12749932151912305,1
1118,9158656,9191424,22,22,2226.014655407518,1886.1067091673613,17331.549493317158,0.719617593477967,0.12843714038758297,1
1119,9166848,9199616,22,22,2181.149690654129,2108.426269993186,17195.5409172254,0.14727053223155406,0.12684391268373488,1
1120,9175040,9207808,214,214,2109.2283160202205,2032.8078334107995,17029.531145154677,0.16027267429521613,0.12385709847451368,1
1121,9183232,9216000,214,214,2109.318221896887,2032.788169361651,16956.02662120947,0.16049979941520412,0.12439932237771102,1
1122,9191424,9224192,214,214,2108.2790105193853,2033.305726967752,16830.01878002275,0.15725401178120688,0.12526896363430767,1
1123,9199616,9232384,254,254,2033.745029591024,2003.11149276793,16659.00842715723,0.06591381837524087,0.12208079721453574,1
1124,9207808,9240576,226,226,2001.8826189637184,1799.3468177095056,16392.491761604233,0.46323728759076366,0.12212192313878012,1
1125,9216000,9248768,226,226,2001.7923358418047,1756.7794134244323,16022.469499772815,0.5670178857613417,0.1249365671047268,1
1126,9224192,9256960,226,226,2001.7705079950392,1605.189870171249,15670.448453009103,0.9588787613787921,0.12774174995678897,1
1127,9232384,9265152,414,414,1605.0416238754988,1489.8116619586945,15238.922397882943,0.3235493001025542,0.10532513926959022,1
1128,9240576,9273344,8038,-154,1489.598136600107,1301.8934807348996,14830.397702402955,0.584936680958657,0.10044222457761526,1
1129,9248768,9281536,8038,-154,1489.4992653913796,1167.3208410479128,14409.872234358238,1.0585005398540623,0.10336658376747339,1
1130,9256960,9289728,8038,-154,1447.7693279124796,1167.3946254439652,14042.350141624964,0.9348168199815441,0.10310021565556445,1
1131,9265152,9297920,8074,-118,1313.1561574935913,1167.277803560719,13775.334188867484,0.5114214720615476,0.09532662797791262,1
1132,9273344,9306112,30,30,1532.096927434206,1312.7763253003359,13582.322693343078,0.670955055952378,0.11280080454759864,1
1133,9281536,9314304,30,30,1531.980863302946,1497.5329259433784,13513.318688747546,0.09876960444518706,0.11336821831772656,1
1134,9289728,9322496,30,30,1531.7288257237524,1497.5566259226762,13536.820034510403,0.09798632450710208,0.11315278047715817,1
1135,9297920,9330688,30,30,1497.9520830567926,1497.58324223198,13548.820509451489,0.0010694952209305464,0.11055959314036523,1
1136,9306112,9338880,206,206,1497.1961504314095,1282.108883496374,13624.325106227989,0.6735379244907259,0.10989139929925829,1
1137,9314304,9347072,8022,-170,1282.082006443292,1095.0543849095702,13739.83193505422,0.6848011649935397,0.09331133106310681,1
1138,9322496,9355264,8022,-170,1244.3324458468705,1095.004491597414,13751.332627119042,0.5552052484623208,0.09048813519301534,1
1139,9330688,9363456,630,630,1095.08519500494,981.1393480598927,13742.832299354164,0.47717214354512866,0.07968409794656396,1
1140,9338880,9371648,630,630,1094.417055927217,717.0656691938639,13876.34032344147,1.8362392231351747,0.07886928616750664,1
1141,9347072,9379840,170,170,1745.576824103482,717.090345300734,13985.346974998267,3.8636509186188177,0.1248146954969416,1
1142,9355264,9388032,170,170,1745.6611720323563,1103.910084374249,14176.358609563318,1.9902625149825202,0.12313889766126118,1
1143,9363456,9396224,230,230,1893.3557891361415,1745.8878093361855,14571.88273193259,0.3521589936843123,0.12993213189858246,1
1144,9371648,9404416,230,230,1893.329699691385,1865.091372847557,14836.398869671673,0.0652613427932062,0.12761383111380883,1
1145,9379840,9412608,230,230,1893.0712412372231,1865.0720744505525,15179.919659850719,0.06471338426136548,0.12470891043278683,1
1146,9388032,9420800,290,290,1996.4398018866777,1892.562722183764,15540.94136251828,0.23205938023831765,0.12846324783784985,1
1147,9396224,9428992,166,166,2258.4195900931954,1996.6285827159882,15917.963526235113,0.5350734837376511,0.14187867602353732,1
1148,9404416,9437184,166,166,2258.3309269901365,1996.5131907858886,15793.455829808468,0.5351539818361623,0.14299156253869258,1
1149,9412608,9445376,166,166,2258.2302235979296,1996.4169636130973,11863.717811574847,0.5351696417400599,0.19034760093456415,1
1150,9420800,9453568,166,166,2251.7453444157436,1278.3809477452596,7875.476399208047,2.458589839505969,0.2859186200649624,1
1151,9428992,9461760,7690,-502,1234.2015607315989,533.9687131158717,3737.726243377876,3.6387028016109433,0.33020116519186815,1
1152,9437184,9469952,4893,-3299,0.0287653349514585,0.027007710159523413,45.50275522439511,0.27381671212160535,0.0006321668832931839,1
1153,9445376,9478144,7334,-858,0.03529726478154771,0.03289508618763648,74.50451132950332,0.30610024181899737,0.0004737601005856167,1
1154,9453568,9486336,6596,-1596,0.031988785369321704,0.03058539959602058,61.50372457218469,0.19483591115016174,0.000520111352472282,1
1155,9461760,9494528,5242,-2950,0.029209018422989175,0.02867564302869141,48.50293731136577,0.08003797240628067,0.0006022113307382021,1
1156,9469952,9502720,3533,3533,0.030223463661968708,0.02922386271529831,44.00266479264083,0.14606614737818652,0.0006868553030684495,1
1157,9478144,9510912,3206,3206,0.008069712879660074,0.00800873845582828,20.001211497833996,0.03293971813771711,0.00040346120436424426,1
1158,9486336,9519104,5499,-2693,0.00774759566411376,0.007728982076514512,17.501059676799393,0.010446472619348767,0.000442692945866844,1
1159,9494528,9527296,6828,-1364,0.008976224558864487,0.008937355094531085,23.501423111824558,0.01884695375663681,0.0003819438727669292,1
1160,9502720,9535488,4425,-3767,0.00686175751616247,0.006843609706265852,16.000968871886045,0.011501331084599548,0.0004288338769422073,1
1161,9510912,9543680,2566,2566,0.013479271932737902,0.012530844571301714,24.001453387938767,0.31686091754825574,0.0005616023211124173,1
1162,9519104,9551872,2544,2544,0.01730216589930933,0.017068902729079127,25.501544155075962,0.058948683909309386,0.0006784752246410701,1
1163,9527296,9560064,2544,2544,0.017254521735594608,0.016602520448941505,26.501604716100715,0.16728902108274576,0.0006510746017244699,1
1164,9535488,9568256,2544,2544,0.01755209123075474,0.01673649361691787,31.00187722703076,0.2066439135697459,0.0005661622069598722,1
1165,9543680,9576448,2927,2927,0.011470168363302946,0.01135534851346165,28.001695558134557,0.043693247410789934,0.000409624065067404,1
1166,9551872,9584640,1024,1024,0.043126953445607796,0.043123803596245125,62.00375485925028,0.00031720584133083186,0.000695553899009936,1
1167,9560064,9592832,1660,1660,0.07122567220358178,0.06502243090653792,101.50614661261615,0.39573354804180527,0.0007016882679568606,1
1168,9568256,9601024,1660,1660,0.06981842283857986,0.06421458151453407,117.00708514751011,0.36336377496648303,0.0005967025223349527,1
1169,9576448,9609216,926,926,0.0735749346204102,0.07320201606489718,132.00799333304207,0.022068426764964802,0.0005573521175705513,1
1170,9584640,9617408,926,926,0.06826000171713531,0.06356465112185106,112.00678227104638,0.3095062718423877,0.0006094273965656135,1
1171,9592832,9625600,7855,-337,0.047833887045271695,0.044405109132640064,68.50414810835741,0.32302731906494786,0.0006982626361488323,1
1172,9601024,9633792,7855,-337,0.04711995192337781,0.04462264245375991,57.50348194082869,0.23649554003573542,0.0008194278039000217,1
1173,9609216,9641984,7586,-606,0.026918552059214562,0.0262849346800067,38.00230104085536,0.10344793509079167,0.0007083400563106712,1
1174,9617408,9650176,2381,2381,0.01223939043120481,0.012041291280183941,24.50148335855253,0.07086726656460474,0.0004995367118020839,1
1175,9625600,9658368,2381,2381,0.013258063059765846,0.01301765110110864,28.50172574718864,0.07947452928099695,0.0004651670280377179,1
1176,9633792,9666560,2027,2027,0.0149361586663872,0.014736102428287268,29.001756190015932,0.05856286888776961,0.0005150087659701478,1
1177,9641984,9674752,2027,2027,0.014336134772747755,0.014037603337783366,23.001392994207954,0.09139108762568653,0.000623272459035754,1
1178,9650176,9682944,6740,-1452,0.027104682580102235,0.026493291894439608,41.00248289384188,0.09908401245839969,0.0006610497869184663,1
1179,9658368,9691136,6740,-1452,0.027146391963469796,0.02674374933121726,42.00254340299971,0.0648982256012796,0.0006463035274556986,1
1180,9666560,9699328,6740,-1452,0.02762050744786393,0.027044090937124565,39.50239206105216,0.09159265631757306,0.0006992110099351853,1
1181,9674752,9707520,6740,-1452,0.028028088578139432,0.027499245363287628,51.003088414476906,0.08272705293227602,0.0005495370858793687,1
1182,9682944,9715712,199,199,0.012723594045382924,0.012537745627923869,26.501604817120537,0.06390349798051342,0.00048010654951594636,1
1183,9691136,9723904,1475,1475,0.0121427730191499,0.012063945876434445,23.501423264876365,0.02828496853556086,0.0005166824529005299,1
1184,9699328,9732096,4732,-3460,0.01365391252329573,0.013376465940382332,23.501423227150603,0.08915728052935318,0.0005809823682304359,1
1185,9707520,9740288,5694,-2498,0.009780508000403643,0.009771621436811984,18.00109017372518,0.003947790760167878,0.0005433286487659233,1
1186,9715712,9748480,5694,-2498,0.00983089624060085,0.009819421662541572,23.001392769197082,0.005072026340021669,0.0004274043897796551,1
1187,9723904,9756672,5694,-2498,0.008717865312064532,0.008716199641639832,25.00151374591572,0.0008298597925823081,0.00034869349914817436,1
1188,9732096,9764864,1233,1233,0.007678241207031533,0.007671902742004022,18.501120100855474,0.0035866250515688924,0.0004150149377537687,1
1189,9740288,9773056,2851,2851,0.007862876838771626,0.007859811856178567,19.001150568402934,0.0016932282639221165,0.00041381056428481893,1
1190,9748480,9781248,7185,-1007,0.0525507724378258,0.04801440722076222,56.5034214580192,0.39207532563120767,0.0009300458464602868,1
1191,9756672,9789440,7185,-1007,0.05263826923328452,0.04771435011934955,57.00345164741009,0.42652588059064256,0.0009234224895515796,1
1192,9764864,9797632,7185,-1007,0.053024236287456006,0.04856422705051955,69.00417849769676,0.381579411688895,0.0007684206586015058,1
1193,9773056,9805824,726,726,0.06288303213659674,0.061455310496967286,112.0067820763126,0.0997405739654774,0.0005614216476083849,1
1194,9781248,9814016,6897,-1295,0.07497762062121183,0.07472569972742349,99.00599536894795,0.014616637368925635,0.0007573038414674396,1
1195,9789440,9822208,6897,-1295,0.07484086259501055,0.07365460239816457,103.00623769407143,0.06938894964595935,0.0007265663155010859,1
1196,9797632,9830400,726,726,0.07348164822906256,0.0661439768737182,98.50596508558428,0.4568858607675045,0.0007459614061465211,1
1197,9805824,9838592,246,246,0.038342148531228304,0.03583745119976811,56.00339152922375,0.29339330671343705,0.0006846397599191928,1
1198,9814016,9846784,3428,3428,0.016201394493691623,0.015926110674627125,32.00193773359692,0.07442667516390249,0.0005062629215943618,1
1199,9822208,9854976,5570,-2622,0.009448036085814238,0.00943510071374476,20.501241310087313,0.005950030071268238,0.0004608519036925574,1
1200,9830400,9863168,6789,-1403,0.04121742979623377,0.03183153981808573,46.00278556077225,1.122232592177734,0.0008959768260507452,1
1201,9838592,9871360,6789,-1403,0.03983547308598645,0.03178128830040805,45.50275544431878,0.9809848123041849,0.00087545188630901,1
1202,9846784,9879552,6789,-1403,0.04613442302797921,0.043524218490347266,60.50366418680375,0.2529411177431599,0.0007625062654972462,1
1203,9854976,9887744,541,541,0.0823228700319305,0.06756014586426318,121.00732823370566,0.858299243240363,0.0006803130953601214,1
1204,9863168,9895936,541,541,0.08004244440235198,0.0676135073590558,93.50566279346187,0.7328687805259622,0.0008560170797265203,1
1205,9871360,9904128,541,541,0.08194026921410114,0.06943914221483283,120.5072977806185,0.7189303915022444,0.0006799610540041485,1
1206,9879552,9912320,541,541,0.0817187408101745,0.06927448805072345,107.006479866358,0.7174834108189748,0.0007636803015315919,1
1207,9887744,9920512,122,122,0.04008683009305969,0.04001596773741767,52.50317917545745,0.007683910897409505,0.0007635124333918094,1
1208,9895936,9928704,122,122,0.040954191237688065,0.04084331731428392,55.50336087705635,0.011773454586474668,0.0007378686730053038,1
1209,9904128,9936896,352,352,0.010923404712229967,0.010914178797975183,29.501786378257698,0.003669603725045676,0.0003702624841823248,1
1210,9912320,9945088,1480,1480,0.02850436238804832,0.02615955303190276,49.00296728900679,0.37281011487074994,0.0005816864562494141,1
1211,9920512,9953280,507,507,0.030827982060145587,0.02940610531368293,55.00333056953457,0.20507589321783548,0.0005604748247230813,1
1212,9928704,9961472,507,507,0.03036334566422738,0.02961592492647469,49.50299743090524,0.1082432321190051,0.0006133637807813074,1
1213,9936896,9969664,1480,1480,0.033812027191743255,0.03267081067315303,62.503784860402085,0.14911298642810442,0.0005409596757581976,1
1214,9945088,9977856,555,555,0.04367576556978747,0.042982743005268276,72.00436044944115,0.06946399080076393,0.0006065711200984142,1
1215,9953280,9986048,6568,-1624,0.050578001770190895,0.04811799797244021,92.0055715430533,0.21654117775964632,0.000549727597165388,1
1216,9961472,9994240,1915,1915,0.058573325630277395,0.05409288821101654,118.0071461844138,0.345597121762274,0.0004963540558699967,1
1217,9969664,10002432,6190,-2002,0.055284356232732534,0.05305391177535057,109.00660081758947,0.17884845894441878,0.0005071652158500457,1
1218,9977856,10010624,1915,1915,0.047180179972201586,0.04281323339091614,80.5048746863967,0.42181564833371454,0.0005860537036544676,1
1219,9986048,10018816,7317,-875,0.03691217410960235,0.036546441668178886,55.00333050856536,0.04324527270393863,0.0006710898007140535,1
1220,9994240,10027008,2152,2152,0.027188937820028514,0.02398998202988878,41.502512907885695,0.543623188481449,0.0006551154596439502,1
1221,10002432,10035200,2152,2152,0.02480234779068269,0.02326453075511381,33.5020285430617,0.27798495844489024,0.0007403237615538142,1
1222,10010624,10043392,2152,2152,0.023285710922209546,0.021891610755119473,32.00193782272691,0.26811784113685905,0.0007276344029914547,1
1223,10018816,10051584,2152,2152,0.02317897856119089,0.021118330158060417,31.001877421919794,0.40434718558309624,0.0007476637058374489,1
1224,10027008,10059776,798,798,0.012625907867914066,0.012616434833034873,24.50148389591383,0.0032596712728218246,0.0005153119672894473,1
1225,10035200,10067968,797,797,0.012358547202893533,0.01235803410236258,28.501726185738463,0.00018031355269902056,0.00043360697251654305,1
1226,10043392,10076160,795,795,0.012144915774115361,0.012138247155235149,30.001816932379484,0.00238531072976205,0.0004048060089656754,1
1227,10051584,10084352,792,792,0.01158645047689788,0.011574794094485696,28.001695727153397,0.004371356618906715,0.0004137767437299319,1
1228,10059776,10092544,5607,-2585,0.024619684205390513,0.023825888813007623,45.002724949701054,0.1423336721881107,0.0005470709658783464,1
1229,10067968,10100736,5607,-2585,0.02446416077145841,0.02342924926051637,42.50257358327492,0.18771949341526872,0.000575592457325578,1
1230,10076160,10108928,323,323,0.025912928123943857,0.024925487626205722,41.50251318625496,0.16872827091493625,0.0006243700955566674,1
1231,10084352,10117120,323,323,0.02616635337471962,0.02520378597546369,44.002664635507706,0.16277419178764646,0.0005946538372497748,1
1232,10092544,10125312,5363,-2829,0.0071372551610693336,0.00693258224055171,17.501059986685938,0.12636193043766622,0.0004078184502252466,1
1233,10100736,10133504,4106,-4086,0.007967322133481503,0.00783417874481529,21.50130239846871,0.07318900646403154,0.0003705506757604099,1
1234,10108928,10141696,7955,-237,0.008844083989970386,0.008834118722006679,21.00127191410752,0.0048962684909173,0.0004211213504658929,1
1235,10117120,10149888,2040,2040,0.010837276931852102,0.010836098226718605,22.50136257339581,0.00047238155758262587,0.00048162758572964885,1
1236,10125312,10158080,7066,-1126,0.01800218656717334,0.017038309334566293,37.00224058552335,0.2389875953609873,0.0004865161212485187,1
1237,10133504,10166272,7066,-1126,0.0188266124605434,0.01881910633528605,38.00230093012809,0.001731866957101156,0.0004954071727172112,1
1238,10141696,10174464,7066,-1126,0.018737684353254735,0.017304286535363644,32.001937606286425,0.3456222092829693,0.0005855171828587631,1
1239,10149888,10182656,1684,1684,0.025765538215637207,0.0240810161922127,40.0024222046023,0.2936440913901801,0.0006440994518745135,1
1240,10158080,10190848,1684,1684,0.021777285321149975,0.02128270681714639,38.50233141854092,0.09976878798577225,0.000565609523340788,1
1241,10166272,10199040,1687,1687,0.01792586810188368,0.01787517062621191,35.00211950377037,0.012300005491629688,0.000512136646466587,1
1242,10174464,10207232,6819,-1373,0.020105477247852832,0.018824324302840978,42.50257378195211,0.28594990301469114,0.00047304140570400544,1
1243,10182656,10215424,5258,-2934,0.014046865107957274,0.012797011149814352,27.001635128818492,0.40470863569859994,0.0005202227583975178,1
1244,10190848,10223616,143,143,0.010638753650709987,0.010629917727783322,22.001332307630115,0.0036084931889277757,0.00048355042785388233,1
1245,10199040,10231808,4311,-3881,0.010530609171837568,0.010528775164857507,21.00127177198877,0.0007564315276195366,0.0005014272128930383,1
1246,10207232,10240000,7097,-1095,0.06245435076561989,0.06232498632743955,78.50475382150111,0.009005061750466638,0.0007955486480172199,1
1247,10215424,10248192,7097,-1095,0.06364130124711664,0.0633258658926934,92.50560134015174,0.02157914030152857,0.0006879724073475468,1
1248,10223616,10256384,1879,1879,0.06555614998796955,0.06373643250117311,96.50584377170208,0.12225689006584065,0.0006792972054941221,1
1249,10231808,10264576,1879,1879,0.06582951976452023,0.06449879097635858,96.50584373775257,0.08869112961917279,0.0006821298816205062,1
1250,10240000,10272768,5414,-2778,0.02384692005580291,0.023147504223743454,50.50305766485541,0.1292812376555935,0.00047218764879651537,1
1251,10248192,10280960,5763,-2429,0.025401210179552436,0.025211330532329157,49.50299756663612,0.03258641781001661,0.0005131246879617703,1
1252,10256384,10289152,600,600,0.026968994236085564,0.025761231343494728,48.50293681378043,0.19898132733329857,0.0005560280677359573,1
1253,10264576,10297344,7398,-794,0.029020216781646013,0.027231789368670434,54.00326946028969,0.2762447304868612,0.0005373788859762555,1
1254,10272768,10305536,7309,-883,0.016443695727502927,0.016212261252803728,35.50214949955348,0.061558384680720744,0.00046317465165622557,1
1255,10280960,10313728,7309,-883,0.021212305378867313,0.019475547582260333,38.00230082032439,0.3709819341529649,0.00055818476568457,1
1256,10289152,10321920,1278,1278,0.0243605510040652,0.022101052076322958,43.00260372262274,0.42274159353528795,0.0005664901400202807,1
1257,10297344,10330112,117,117,0.02178370949695818,0.021049024391686544,44.00266468329207,0.14899865332088574,0.0004950543257719916,1
1258,10305536,10338304,1801,1801,0.023874405887909234,0.023414505005348474,56.503421419660285,0.08447592010613192,0.00042253026963783415,1
1259,10313728,10346496,7552,-640,0.02304318017559126,0.022365881130099297,49.002967182773475,0.1295640322481938,0.0004702405078787121,1
1260,10321920,10354688,7078,-1114,0.01780003266321728,0.01767389354063198,36.502210117518224,0.030885645677858287,0.0004876426004318749,1
1261,10330112,10362880,7078,-1114,0.01804760334925959,0.01742722741619218,37.00224046292593,0.1519123892320013,0.0004877435291341946,1
1262,10338304,10371072,7163,-1029,0.02295056228467729,0.02204211688513169,42.002543421585784,0.17540029099794335,0.0005464088699181637,1
1263,10346496,10379264,2252,2252,0.024536717974115163,0.023535053012892604,42.502573767196765,0.18101290247951518,0.0005772995797504493,1
1264,10354688,10387456,2248,2248,0.030094079673290253,0.02852239110507071,57.503482395019375,0.23295135696309396,0.0005233436032023137,1
1265,10362880,10395648,2252,2252,0.031151501229032874,0.03039854788221419,56.00339143122463,0.10626142528315902,0.0005562431208704333,1
1266,10371072,10403840,4730,-3462,0.023677236575167626,0.022973842748115203,42.00254372519771,0.13097369426302294,0.0005637095869735012,1
1267,10379264,10412032,4827,-3365,0.05057978164404631,0.041721289278939366,72.00436021111082,0.8361922952742653,0.0007024544277006361,1
1268,10387456,10420224,4827,-3365,0.0494688653270714,0.04161386808846146,60.003633281693965,0.7509386284684034,0.0008244311656068244,1
1269,10395648,10428416,4827,-3365,0.04871438629925251,0.03930785978445783,56.50342131544487,0.9317783750032359,0.0008621493206100199,1
1270,10403840,10436608,4827,-3365,0.0494289924390614,0.04092104628216475,63.50384516760711,0.8203502852933968,0.000778362196944175,1
1271,10412032,10444800,7428,-764,0.010791188920848072,0.010790519983856939,25.001513831767586,0.0002692239482664962,0.0004316214207451911,1
1272,10420224,10452992,5629,-2563,0.01170521299354732,0.0116981704486534,25.00151372609671,0.002613757524299297,0.0004681801718801273,1
1273,10428416,10461184,5631,-2561,0.012937508407048881,0.01293399860151112,23.50142298889823,0.0011783536122964271,0.0005504989384328086,1
1274,10436608,10469376,1140,1140,0.008230668026953936,0.008216407033614814,16.5009991012824,0.0075313966075871925,0.0004987981622466894,1
1275,10444800,10477568,2295,2295,0.009644343466788996,0.009539427199342754,23.501422730997,0.047503706226398906,0.0004103727496492658,1
1276,10452992,10485760,7431,-761,0.007361410069279373,0.0073176501609850675,17.001029217646593,0.02589367807114605,0.0004329979070701458,1
1277,10461184,10493952,7424,-768,0.008928306284360588,0.008817139256279916,19.5011805846562,0.054413802497231135,0.00045783414217421804,1
1278,10469376,10502144,6817,-1375,0.02966208546422422,0.027872032136656344,48.00290639928184,0.27033047810802596,0.0006179226986278478,1
1279,10477568,10510336,6817,-1375,0.030064485035836697,0.02832285943441093,51.003088273962916,0.25916672399221846,0.0005894640119505198,1
1280,10485760,10518528,6817,-1375,0.03023394988849759,0.030204405426047742,58.503542398046065,0.0042459785571679984,0.0005167883627078855,1
1281,10493952,10526720,675,675,0.42638693069602596,0.4249075603147503,621.0376029561994,0.015094260489436151,0.0006865718414897627,1
1282,10502144,10534912,688,688,0.47370658461295534,0.4652108502050396,844.5511419823616,0.07859586236057066,0.0005608974531738288,1
1283,10510336,10543104,690,690,0.5334071435136138,0.5306128197698854,998.0604404004488,0.022810891042897363,0.0005344437289785742,1
1284,10518528,10551296,690,690,0.5345050772884861,0.5315262979129329,998.5604705937133,0.024270783068507294,0.000535275622287237,1
1285,10526720,10559488,1503,1503,0.266452026036859,0.2649752577999607,454.52752999185304,0.02413703498925657,0.0005862175741954177,1
1286,10534912,10567680,433,433,0.11464265797985718,0.11409180845657829,224.01356717887197,0.020917824456799707,0.0005117665837101576,1
1287,10543104,10575872,2462,2462,0.029196952789789066,0.02874568337574601,60.503663256389096,0.0676488996808298,0.0004825650418234124,1
1288,10551296,10584064,1452,1452,0.03167733969166875,0.030802479945123196,69.0041780559466,0.12163018291611503,0.00045906408255432993,1
1289,10559488,10592256,4177,-4015,0.02651068779778143,0.02647027860803064,50.003027746207835,0.006624828771730281,0.0005301816508459723,1
1290,10567680,10600448,4838,-3354,0.01704672080813907,0.016555805399548262,30.50184691395024,0.1269053535064004,0.0005588750365258252,1
1291,10575872,10608640,4838,-3354,0.018037728819763288,0.017508081626147032,37.002240380558085,0.12943290718257836,0.0004874766672031234,1
1292,10584064,10616832,8079,-113,0.009386999416165054,0.009380835108458996,26.50160453916957,0.002852886319145546,0.00035420494643224334,1
1293,10592256,10625024,72,72,0.007674710330320522,0.007670330145629123,19.00115045373122,0.0024793549366508225,0.00040390766595995527,1
1294,10600448,10633216,75,75,0.007601029792567715,0.007593580157845281,20.501241102602492,0.004258530520939457,0.00037075949473141,1
1295,10608640,10641408,2941,2941,0.011951540131121874,0.011888213113707025,24.001453136139432,0.02307292246268109,0.0004979506892074888,1
1296,10616832,10649600,6505,-1687,0.013925930223194882,0.013747173099545762,28.00169548046411,0.056108135982149754,0.0004973245363985391,1
1297,10625024,10657792,7953,-239,0.014754659438040107,0.014678353618364781,34.5020890230865,0.022518435746816376,0.00042764539353449795,1
1298,10633216,10665984,6261,-1931,0.015202102600596845,0.015084885759279132,35.50214952670102,0.03361633777240387,0.00042820231459966693,1
1299,10641408,10674176,1914,1914,0.030415136250667274,0.02792766984202899,46.50281616450197,0.3705506465917192,0.0006540493406479914,1
1300,10649600,10682368,1914,1914,0.03080416179727763,0.028571866714628413,43.00260415423096,0.3267078032476912,0.0007163324734194465,1
1301,10657792,10690560,1914,1914,0.031182860431727022,0.02923772283247672,44.00266491621285,0.2797240613887032,0.0007086584526438,1
1302,10665984,10698752,1914,1914,0.03161984245525673,0.030354175716638565,48.00290713769478,0.17741257867206978,0.0006587068229962873,1
1303,10674176,10706944,7335,-857,0.023621050801011734,0.023576347914058715,44.50269456167817,0.008226819046306571,0.0005307779907186141,1
1304,10682368,10715136,7335,-857,0.023475939999116235,0.023325630594627,40.50245238886704,0.027895973815102015,0.0005796177420004596,1
1305,10690560,10723328,7335,-857,0.020426408134881058,0.020212845876812935,41.502512923266636,0.04564540677225302,0.0004921728034311352,1
1306,10698752,10731520,7815,-377,0.018258108757436275,0.017754552216501907,36.50221023982384,0.12146066162206443,0.0005001918688615933,1
1307,10706944,10739712,336,336,0.03920111627667211,0.03634650225285441,50.00302803171421,0.32835810432195056,0.0007839748475194136,1
1308,10715136,10747904,339,339,0.049613706971285865,0.04543205871596001,76.50463259767332,0.38239260334911496,0.0006485059177030115,1
1309,10723328,10756096,339,339,0.05226328413118608,0.04458142122166464,91.5055411452515,0.6904278719497559,0.0005711488449450931,1
1310,10731520,10764288,339,339,0.06083948444575071,0.05292425863444805,112.50681297937777,0.6053074206570607,0.0005407626688074654,1
1311,10739712,10772480,7385,-807,0.05114897759631276,0.047621423145756125,107.00647979792075,0.31034587168173194,0.00047799888093605564,1
1312,10747904,10780672,3444,3444,0.051588295958936214,0.046419247752055526,104.50632830273584,0.4585308448299514,0.0004936380102216805,1
1313,10756096,10788864,2612,2612,0.042106830747798085,0.04079213732620701,86.50523801241891,0.13776093626022434,0.0004867546950365378,1
1314,10764288,10797056,684,684,0.03478152200113982,0.033523365782457404,63.0038148393546,0.16000966544694362,0.0005520542222693149,1
1315,10772480,10805248,6292,-1900,0.027998062781989574,0.02785055519780144,39.002361455211066,0.02294125839946964,0.0007178555794407874,1
1316,10780672,10813440,5434,-2758,0.05581933837675024,0.04645031112522702,58.503542026800474,0.7979605726323487,0.0009541189549032671,1
1317,10788864,10821632,5434,-2758,0.05789739725878462,0.055704880724078976,77.50469246477425,0.16765792079159347,0.0007470179600428566,1
1318,10797056,10829824,5434,-2758,0.05703756108414382,0.055951282192836516,80.00484385199097,0.0835090351324387,0.0007129263471804701,1
1319,10805248,10838016,5434,-2758,0.05860427679726854,0.05714446376077831,86.00520708111613,0.10955149242515028,0.0006814038217708807,1
1320,10813440,10846208,7132,-1060,0.035043817304540426,0.03409444048884325,48.00290655558966,0.11927839747491137,0.0007300353211728546,1
1321,10821632,10854400,2853,2853,0.011847399699036032,0.011386943486286327,23.001392752901424,0.1721587537791984,0.0005150731447573576,1
1322,10829824,10862592,6310,-1882,0.017027612047968432,0.016890557220904157,33.00199821287481,0.03509769563091391,0.000515957001698327,1
1323,10838016,10870784,956,956,0.024699333822354674,0.022906402067746967,43.502634240267525,0.32728360388787237,0.0005677663951552646,1
1324,10846208,10878976,4898,-3294,0.026386528043076396,0.025190371554344893,42.502573586250676,0.20147675895998388,0.0006208218895152334,1
1325,10854400,10887168,4898,-3294,0.027248618484009057,0.026617413037456572,51.003088479139834,0.10178644419569054,0.0005342542833490111,1
1326,10862592,10895360,4891,-3301,0.024037095834501088,0.023837906366679817,33.50202883720543,0.03613885406633692,0.0007174817964399478,1
1327,10870784,10903552,149,149,0.01184324873611331,0.01159219816327095,22.001332548138617,0.09305053992407655,0.0005382968831638012,1
1328,10878976,10911744,778,778,0.011074201902374625,0.01097625121474266,23.001393101980952,0.03858398983127508,0.0004814578774979017,1
1329,10887168,10919936,1725,1725,0.01005812850780785,0.009997117216698825,20.501241529929707,0.026423958267538177,0.0004906107024359484,1
1330,10895360,10928128,1732,1732,0.010293471161276102,0.01023399323457852,26.501604961226967,0.02516726581422026,0.0003884093501633547,1
1331,10903552,10936320,8077,-115,0.010774522961582989,0.010561541770584881,28.001695741856082,0.08670730015674664,0.00038478108829236225,1
1332,10911744,10944512,2124,2124,0.012451957067241892,0.01163502543931827,28.501726137457823,0.29470277437281084,0.0004368843138548425,1
1333,10919936,10952704,1092,1092,0.04981452488573268,0.043941653304500505,60.50366429905943,0.5447959929863679,0.000823330710012998,1
1334,10928128,10960896,1092,1092,0.05386717349756509,0.04566106968559325,72.00436063887656,0.7177810663656515,0.0007481098786186729,1
1335,10936320,10969088,1092,1092,0.05954327166546136,0.0490316417417489,84.00508713359096,0.8435625860997227,0.0007088055461542626,1
1336,10944512,10977280,1092,1092,0.05955458281096071,0.05008046608418226,93.00563201247613,0.7524682461855905,0.0006403330800759661,1
1337,10952704,10985472,6076,-2116,0.03658039029687643,0.032522747525945306,55.00333053003661,0.5106110717236336,0.0006650577327658432,1
1338,10960896,10993664,1204,1204,0.030580673865188146,0.0279516974442231,44.50269465286158,0.39038864387024635,0.0006871645437142483,1
1339,10969088,11001856,5723,-2469,0.01896080446022097,0.018068179488182068,31.50190746357933,0.20942363272456554,0.0006018938530037379,1
1340,10977280,11010048,2540,2540,0.010012365411967039,0.009995353873819113,22.501362438740784,0.007385168515336884,0.00044496707429274,1
1341,10985472,11018240,7532,-660,0.017671034464001423,0.0165244230593089,36.50220962983916,0.2913566860904366,0.00048410862364770457,1
1342,10993664,11026432,7532,-660,0.018652031707460992,0.017473714076913893,37.50227024110262,0.28340920004771125,0.0004973574022998293,1
1343,11001856,11034624,7532,-660,0.01844183192588389,0.017083359183743596,30.501846399371345,0.3323078747635017,0.0006046136251693924,1
1344,11010048,11042816,8071,-121,0.025589000375475734,0.023339153398410417,36.50220969864611,0.3996822222026243,0.0007010260635378697,1
1345,11018240,11051008,8079,-113,0.024766832546447404,0.02454545901855454,35.50214984524811,0.03899309661225242,0.0006976150079475368,1
1346,11026432,11059200,8079,-113,0.024614654219476506,0.02456639229785651,40.0024224591859,0.008523565258480581,0.0006153290902467371,1
1347,11034624,11067392,420,420,0.029366198112256825,0.02731386160303373,52.50317943964665,0.3146461978606999,0.0005593222815394218,1
1348,11042816,11075584,420,420,0.024554649950005114,0.021226179553195834,38.002301437301746,0.6326191360344724,0.0006461358660216067,1
1349,11051008,11083776,7199,-993,0.01840587565675378,0.01779597788117826,39.50239228432014,0.14634626481722462,0.00046594331614846794,1
1350,11059200,11091968,7199,-993,0.017767459386959672,0.017200032831169665,35.002119734984845,0.140960555175737,0.0005076109538932003,1
1351,11067392,11100160,7195,-997,0.01753013930283487,0.01648588228272274,29.001756480392192,0.26673172774915316,0.0006044509516065631,1
1352,11075584,11108352,7626,-566,0.01865716534666717,0.0176361311605433,36.002180326452645,0.24442340397791712,0.0005182232069694622,1
1353,11083776,11116544,1939,1939,0.01188859406101983,0.011360289907315746,30.00181657608284,0.19741083781497776,0.000396262474002901,1
1354,11091968,11124736,1940,1940,0.009716125699924305,0.009581806298228912,22.001332006277504,0.06045737648644721,0.0004416153393418209,1
1355,11100160,11132928,1939,1939,0.010144700354430825,0.010031480749603361,23.001392699866027,0.048741796572162946,0.00044104722208798745,1
1356,11108352,11141120,656,656,0.020383132272399962,0.019110177760012448,30.001816569670126,0.2800619594037319,0.0006793966033712097,1
1357,11116544,11149312,659,659,0.017714928020723164,0.01770968025084585,29.00175625589434,0.0012867199542286756,0.0006108225951703449,1
1358,11124736,11157504,659,659,0.01826276775682345,0.01819940540008247,35.00211964880157,0.015093971209080632,0.0005217617658606212,1
1359,11132928,11165696,659,659,0.017596048273844644,0.017516406114737038,28.501725740054873,0.019701390942604265,0.0006173678195603452,1
1360,11141120,11173888,3978,3978,0.011466075164207723,0.011456435233412776,20.501241388769465,0.0036528014814797907,0.0005592868717934717,1
1361,11149312,11182080,7611,-581,0.009762747872628097,0.009748348501034343,23.501423089858633,0.006410268948119948,0.0004154109236406595,1
1362,11157504,11190272,5697,-2495,0.01091842828100198,0.010910446653724648,25.001513926349993,0.0031759555616126217,0.00043671068532752556,1
1363,11165696,11198464,4432,-3760,0.011678151320666075,0.011614637536695227,32.501968103044284,0.023684372391829654,0.00035930597444565966,1
1364,11173888,11206656,1689,1689,0.01319550783955492,0.013194501196267083,32.50196809173152,0.00033132207326786253,0.00040599104036754776,1
1365,11182080,11214848,1689,1689,0.013044963357970119,0.012950741685926914,22.001332270069177,0.031482224748863925,0.0005929169742014492,1
1366,11190272,11223040,6726,-1466,0.008957853075116873,0.008807225269265473,21.00127165817617,0.07364830183621818,0.0004265386030388032,1
1367,11198464,11231232,4146,-4046,0.009695460204966366,0.00945130584295839,22.00133225579002,0.1107661103412965,0.00044067605053393265,1
1368,11206656,11239424,153,153,0.010664748726412654,0.010645599220879376,25.501544202918527,0.007805153480681259,0.00041820011531662954,1
1369,11214848,11247616,7239,-953,0.012599912006407976,0.012389634852297604,34.00205885978514,0.07309005135789273,0.00037056320790356976,1
1370,11223040,11255808,153,153,0.011344432947225869,0.011039404897019267,27.50166524227957,0.1183713006280992,0.00041249985581911423,1
1371,11231232,11264000,7247,-945,0.011350245214998722,0.011272233561612666,25.50154392281192,0.029952654809070025,0.0004450807076369042,1
1372,11239424,11272192,3919,3919,0.010553205211181194,0.009949240775313228,21.001271345465376,0.255944421666804,0.0005025031598127442,1
1373,11247616,11280384,8132,-60,0.01030859985621646,0.010119082231540233,21.00127146111003,0.0805855699252795,0.000490855988186517,1
1374,11255808,11288576,8132,-60,0.010422636762086768,0.010379307728726417,27.50166505507925,0.018092142604237766,0.0003789820267686601,1
1375,11264000,11296768,6713,-1479,0.014884924283251166,0.014508327702060342,29.501786270095216,0.11129273313448372,0.0005045431536577641,1
1376,11272192,11304960,6713,-1479,0.012675736215896904,0.012297829583985731,26.00157448346114,0.13144722319015262,0.00048749879450413967,1
1377,11280384,11313152,6705,-1487,0.01119487066171132,0.01076993515016511,25.501544121584985,0.16805992131479905,0.0004389879533700774,1
1378,11288576,11321344,1683,1683,0.009891535693896003,0.009675306238932535,24.00145339591107,0.09599002473904078,0.0004121223632057691,1
1379,11296768,11329536,7857,-335,0.009868367720628157,0.00960504382965155,22.001332358882706,0.11745973071698758,0.0004485350050468172,1
1380,11304960,11337728,7857,-335,0.010934886173345149,0.010657152393832803,26.001574371875797,0.11173090517883455,0.0004205470798403923,1
1381,11313152,11345920,7921,-271,0.0068882404011674225,0.006827286633779295,18.501120248549306,0.03860159225285187,0.00037231477384227785,1
1382,11321344,11354112,7922,-270,0.0075182868604315445,0.007510859199101105,19.001150512798542,0.0042927157392872025,0.0003956753489936031,1
1383,11329536,11362304,6451,-1741,0.023689700639806688,0.021746496815467253,29.001756149333172,0.37170267097162235,0.0008168367638782238,1
1384,11337728,11370496,7533,-659,0.039616802881937474,0.035647325072204694,52.00314932310416,0.45852478059737956,0.0007618154553638998,1
1385,11345920,11378688,6450,-1742,81.81876662385184,76.84038239181973,723.0437645076763,0.2726341100706443,0.11315880260659271,1
1386,11354112,11386880,306,306,2855.989690668456,185.43105760283652,5405.327628730327,11.875741601145727,0.52836569526116,1
1387,11362304,11395072,306,306,5669.003601291741,396.23001941957045,10071.609991499245,11.555593571494853,0.5628696510365828,1
1388,11370496,11403264,306,306,8448.163431178837,641.4202276725555,14734.892436491798,11.196196551589585,0.5733440856518558,1
1389,11378688,11411456,306,306,11221.454833984375,898.1540679931641,18743.63513706889,10.966983245028247,0.5986808189512792,1
1390,11386880,11419648,306,306,11116.41552734375,971.1415405273438,18711.63309665608,10.586822407269679,0.5940911447932539,1
1391,11395072,11427840,306,306,10989.203857421875,1035.9278411865234,18647.629575877505,10.256367247729788,0.589308352179918,1
1392,11403264,11436032,306,306,10955.49658203125,1064.2897033691406,18597.626430136836,10.125722071735005,0.5890803658835857,1
1393,11411456,11444224,306,306,10890.228759765625,1093.6436462402344,18530.122201860686,9.981611684558906,0.5877040982855521,1
1394,11419648,11452416,306,306,10762.798828125,1108.4192504882812,18417.115209745647,9.872211629839283,0.5843911332231733,1
1395,11427840,11460608,306,306,10597.2607421875,1093.1480712890625,18254.605308790877,9.865146272797201,0.5805253284268038,1
1396,11436032,11468800,306,306,10370.999755859375,1098.0654602050781,18038.592324787176,9.751923930697105,0.5749339842670753,1
1397,11444224,11476992,306,306,10125.3408203125,1084.7055053710938,17781.576600709926,9.700978061391584,0.5694287434505806,1
1398,11452416,11485184,306,306,9929.606689453125,1060.3002624511719,17541.562334870294,9.715031775768482,0.5660617053313654,1
1399,11460608,11493376,306,306,9729.337646484375,1043.5382843017578,17311.047938140568,9.695748887291112,0.5620305414929971,1
1400,11468800,11501568,306,306,9550.87353515625,1007.3852996826172,17095.035080753518,9.768474854259805,0.5586928304060119,1
1401,11476992,11509760,306,306,9345.491455078125,974.9401245117188,16882.522599697324,9.816242002055294,0.5535601329652995,1
1402,11485184,11517952,306,306,6918.11004114151,2198.2951062321663,16691.01070109361,4.979014726325395,0.41448119380141724,1
1403,11493376,11526144,306,306,4599.220843672752,2200.445787191391,16587.504586858224,3.201735906317489,0.27727020779946465,1
1404,11501568,11534336,306,306,2259.2004313468933,2200.519506931305,16450.996048732388,0.11429539487566477,0.13732909695282391,1
1405,11509760,11542528,330,330,2200.877256155014,2180.582843184471,16372.491275420905,0.04023231707531611,0.1344253125032393,1
1406,11517952,11550720,338,338,2174.889328520745,1564.3167309239507,16208.980950345016,1.4311247206950337,0.13417804211031856,1
1407,11526144,11558912,7683,-509,1564.4959403574467,924.2426355481148,16064.472328537408,2.2858844179196605,0.09738856704170915,1
1408,11534336,11567104,8047,-145,2298.7718756096438,1564.088942937553,15928.464468128885,1.6723442924095846,0.14431848595382404,1
1409,11542528,11575296,8047,-145,2301.0325063811615,2265.7060944363475,15775.954917693407,0.06719181080774347,0.14585693977867897,1
1410,11550720,11583488,8047,-145,2301.0178553136066,2285.749537140131,15700.950915849618,0.02891348200346191,0.1465527704434004,1
1411,11558912,11591680,8047,-145,2301.1030660048127,2285.7823617458344,15584.44382773517,0.029011939221717416,0.14765384581191202,1
1412,11567104,11599872,8159,-33,2285.635136023164,1558.6865181997418,15548.441245449092,1.6624812462817538,0.14700091796611134,1
1413,11575296,11608064,7679,-513,1558.6235420815647,1349.5728503279388,15590.944341494069,0.625448988470665,0.09996979707851378,1
1414,11583488,11616256,7595,-597,1349.4388104714453,1343.030583947897,15669.448852849515,0.02067293822375734,0.08611909858118894,1
1415,11591680,11624448,491,491,1343.0315959826112,1336.5746579831466,15834.958970458592,0.020930074831266875,0.08481434012479264,1
1416,11599872,11632640,491,491,1343.0224913675338,1336.7367028966546,16092.47456311795,0.02037413107763316,0.08345655518049304,1
1417,11608064,11640832,7543,-649,1336.81220395118,1087.443426720798,16225.482434942485,0.8966372921095092,0.0823896737315052,1
1418,11616256,11649024,7943,-249,2549.0054225623608,1087.431100077927,16559.002854779654,3.6996900987049886,0.153934717260261,1
1419,11624448,11657216,7943,-249,2548.9933427870274,2212.9397643823177,16883.522497823244,0.613991085120205,0.15097520929744748,1
1420,11632640,11665408,7943,-249,2548.864641547203,2212.9430776108056,17158.039012624606,0.6137652976467539,0.1485522115710187,1
1421,11640832,11673600,7943,-249,2548.5649099648,2258.755529379705,17567.06372566632,0.5242647049521576,0.14507631723571562,1
1422,11649024,11681792,7763,-429,2258.68937856541,2212.919079966843,17856.581103988723,0.08890976277480306,0.12649058436280808,1
1423,11657216,11689984,7763,-429,2258.473603820661,1861.3639828609303,18122.097103333974,0.83983712939392,0.12462540019196582,1
1424,11665408,11698176,7955,-237,2984.743192927912,2258.571878552437,18337.610263185637,1.2107305396582309,0.16276620290704105,1
1425,11673600,11706368,7995,-197,3134.148584222654,2984.688612775877,18533.122683852154,0.21220553061344738,0.16911065866700525,1
1426,11681792,11714560,7995,-197,3134.3500561118126,2984.837868794799,18672.13100301155,0.2122675251294272,0.16786247138081276,1
1427,11689984,11722752,7995,-197,3133.6704348884523,2984.74128209427,18722.633886090865,0.21146627826587466,0.16737337566678964,1
1428,11698176,11730944,7995,-197,3133.954795833677,2975.796755641699,18725.634349401116,0.22489461966564925,0.16736174259078743,1
1429,11706368,11739136,8155,-37,3136.9479147829115,2975.8414982408285,18715.633291167436,0.22897512090379699,0.16761110169129823,1
1430,11714560,11747328,8155,-37,3166.6823847442865,2975.8582766652107,18665.63085569829,0.2699226185822942,0.16965311321248774,1
1431,11722752,11755520,8155,-37,3166.654821846634,2975.7990331330802,18638.62966723682,0.26997127771543683,0.16989740546286047,1
1432,11730944,11763712,8155,-37,3166.790947560221,2796.2725657373667,18594.126824967127,0.5403989296865988,0.17031135569689865,1
1433,11739136,11771904,127,127,2796.3933846205473,2794.473847489804,18527.122485539574,0.0029821649552274087,0.15093511616837063,1
1434,11747328,11780096,87,87,2833.7465489916503,1859.0154148135334,18501.12041524851,1.8307801331663895,0.15316621293141217,1
1435,11755520,11788288,87,87,2833.5873399106786,1859.0097146881744,18405.11440605169,1.8305494419588528,0.15395651868259952,1
1436,11763712,11796480,87,87,2833.56726250425,1923.5128169052768,18406.614282263705,1.682384417942443,0.15394288265358103,1
1437,11771904,11804672,7771,-421,2369.9825758999214,1923.5517939813435,18436.116168572196,0.9064126838136048,0.12855107628037185,1
1438,11780096,11812864,7947,-245,2968.8312158568297,2370.055789844133,18458.6172272412,0.9782693857594553,0.16083714068654248,1
1439,11788288,11821056,7947,-245,2968.782050350914,2370.3034653626382,18615.626574580347,0.9777436409553785,0.1594779546343494,1
1440,11796480,11829248,7947,-245,2968.8089961651713,2370.3213291428983,18708.132614494272,0.9777503285649242,0.15869082485897407,1
1441,11804672,11837440,7947,-245,2968.8764910921454,2485.977794673294,18781.63727828255,0.7709488568354634,0.1580733589464586,1
1442,11812864,11845632,179,179,2623.34624906112,2530.283461239189,18836.64062793088,0.15686439030330918,0.1392682644893291,1
1443,11821056,11853824,179,179,2666.7040252689694,2530.3016704022884,18894.1443022983,0.22802514271819235,0.14113917955758332,1
1444,11829248,11862016,179,179,2666.765859298408,2530.324870992452,18981.648962077725,0.22808602259189703,0.14049179102543602,1
1445,11837440,11870208,179,179,2665.351619333029,1867.9166916999966,18940.646434155795,1.5439700729727355,0.1407212593613797,1
1446,11845632,11878400,471,471,1867.9323167856783,1825.8888044804335,18961.147641559997,0.09886810090595308,0.09851367396620288,1
1447,11853824,11886592,239,239,2450.3273371029645,1826.085786499083,18925.14529311422,1.2770292914697479,0.12947469090208247,1
1448,11862016,11894784,7871,-321,2808.7889164322987,2492.9482703208923,18834.639972770376,0.5180583590912736,0.14912888807500554,1
1449,11870208,11902976,7871,-321,2808.7461960176006,2492.894163424149,18792.137246995895,0.5180865645595316,0.14946390392431844,1
1450,11878400,11911168,7871,-321,2808.848330669105,2492.788147488609,18658.129540604983,0.5184291819523191,0.15054286789875237,1
1451,11886592,11919360,7943,-249,2911.278380487114,2808.646412268281,18526.121400794513,0.15586667074890467,0.1571445159785178,1
1452,11894784,11927552,7943,-249,2911.102243065834,2142.1304468512535,18443.616627596093,1.3321154486583011,0.15783792852808076,1
1453,11902976,11935744,7943,-249,2911.0381064899266,1752.9946372658014,18350.11109163217,2.2026730303130764,0.15863871842265787,1
1454,11911168,11943936,7943,-249,2911.007355374284,1752.7552284542471,14233.361734173492,2.2032203150907628,0.20452001500004888,1
1455,11919360,11952128,7551,-641,1752.4147676879657,1582.5888704162935,9647.584338543551,0.44268797124398407,0.18164285547489903,1
1456,11927552,11960320,7495,-697,1582.1434800579189,317.76538191561895,5037.3050977282655,6.971392834510791,0.31408529945335995,1
1457,11935744,11968512,1351,1351,41.494584410480456,40.121612097049365,503.53049871817586,0.1461304449664499,0.08240729114941818,1
1458,11943936,11976704,7684,-508,0.008506278798449785,0.008501382428221405,24.501483509997826,0.0025005985266862724,0.00034717403111443433,1
1459,11952128,11984896,6729,-1463,0.008184138045180589,0.008179357799235731,18.501120342223437,0.002537397283302229,0.0004423590514409373,1
1460,11960320,11993088,8170,-22,0.0093308495124802,0.009316079434938729,21.001271831757695,0.006880022477857664,0.0004442992589796528,1
1461,11968512,12001280,8171,-21,0.008705404703505337,0.00870010384824127,19.50118083338021,0.0026452915809768145,0.0004464039781941962,1
1462,11976704,12009472,7390,-802,0.01151965803001076,0.011515789898112416,22.001332087801856,0.0014585419478329446,0.0005235891165152484,1
1463,11984896,12017664,7392,-800,0.014559409115463495,0.014550543739460409,28.501725654033535,0.0026452698266882816,0.0005108255300816519,1
1464,11993088,12025856,7393,-799,0.013269224931718782,0.013259431390906684,21.501301631287483,0.0032065558650856306,0.0006171358906202289,1
1465,12001280,12034048,7391,-801,0.01184490327432286,0.011826661269878969,22.00133214171843,0.006693603561636268,0.0005383720948361496,1
1466,12009472,12042240,6820,-1372,0.008878419306711294,0.00886452867416665,22.001332395228786,0.006800027034132035,0.0004035400741746291,1
1467,12017664,12050432,1677,1677,0.008776541821134742,0.00876329994207481,24.00145354827709,0.006557500547605233,0.0003656670960982175,1
1468,12025856,12058624,977,977,0.01103951342520304,0.011038814860512502,29.50178668639982,0.0002748240596191895,0.00037419813052516583,1
1469,12034048,12066816,3279,3279,0.01822408258158248,0.018193396041169763,38.00230139178985,0.007319012094266337,0.000479552077483383,1
1470,12042240,12075008,3279,3279,0.017322532177786343,0.016901436145417392,30.001816841556952,0.10687767773268698,0.0005773827721590539,1
1471,12050432,12083200,3279,3279,0.017442799435229972,0.01734479545848444,26.501604767810623,0.02447004401283735,0.0006581789890858362,1
1472,12058624,12091392,3279,3279,0.01910960850364063,0.017085043611587025,32.00193770890894,0.48635698080835843,0.000597139106933539,1
1473,12066816,12099584,4321,-3871,0.01868583750911057,0.0174548109062016,31.001877230256124,0.2959741961159107,0.0006027324529520497,1
1474,12075008,12107776,4321,-3871,0.018857565577491187,0.017819421278545633,40.00242226888443,0.24592031311405446,0.0004714105923570382,1
1475,12083200,12115968,7467,-725,0.018239607918076217,0.017798052620491944,38.002301286646244,0.10643011978275989,0.00047996061555581355,1
1476,12091392,12124160,1350,1350,0.01892033324111253,0.017153188746306114,31.501907776988084,0.4258391486845221,0.0006006091242173497,1
1477,12099584,12132352,6517,-1675,0.009854886262473883,0.009712182189105079,27.001634889379808,0.06334795690284645,0.0003649736878099175,1
1478,12107776,12140544,7711,-481,0.009580044978065416,0.009501507098320872,25.501543984338145,0.03575050946206716,0.0003756652924210797,1
1479,12115968,12148736,543,543,0.01194922492140904,0.011798271269071847,28.501725588365044,0.05521358607560714,0.00041924566582336845,1
1480,12124160,12156928,2303,2303,0.02807705308077857,0.02693759009707719,45.0027248050271,0.17992782972991841,0.0006238967351959581,1
1481,12132352,12165120,2303,2303,0.0272665170559776,0.025924208923242986,39.00236163267796,0.21924153220195186,0.0006990991292468933,1
1482,12140544,12173312,2303,2303,0.02706238086830126,0.026041827542940155,38.00230097953796,0.1669454334460901,0.0007121247969398692,1
1483,12148736,12181504,2303,2303,0.029936211365566123,0.025984617182984948,38.002300981817655,0.6148051353142578,0.0007877473361386516,1
1484,12156928,12189696,1215,1215,0.008639358497021021,0.008634053119749296,21.001271479579707,0.0026677951027821814,0.0004113731164049463,1
1485,12165120,12197888,1216,1216,0.008615839775302447,0.008613739451902802,24.00145330993051,0.0010588289535897282,0.00035897158659711976,1
1486,12173312,12206080,334,334,0.008233986678533256,0.008227353857364506,22.50136266293007,0.0034998337865024295,0.00036593280157642895,1
1487,12181504,12214272,331,331,0.00728634832194075,0.007284893479663879,16.500999393328,0.0008672287284595714,0.0004415701224064589,1
1488,12189696,12222464,1293,1293,0.007836215372662991,0.007743060938082635,20.001211491976605,0.05193686568366962,0.00039178703629059937,1
1489,12197888,12230656,1495,1495,0.00807728641666472,0.008058655192144215,19.501181082570376,0.010029091319674296,0.00041419472915330127,1
1490,12206080,12238848,5847,-2345,0.010746014188043773,0.01055745710618794,22.00133234405692,0.07688084026554198,0.0004884256107765458,1
1491,12214272,12247040,6788,-1404,0.011519655003212392,0.0114487141254358,29.001756279298874,0.026827616325377866,0.00039720542757043276,1
1492,12222464,12255232,6788,-1404,0.011359435156919062,0.01117967430036515,20.50124136522917,0.06927585454778333,0.0005540852358425995,1
1493,12230656,12263424,6788,-1404,0.01050489982299041,0.010247452111798339,22.00133234509918,0.10776017778650834,0.00047746653058174397,1
1494,12238848,12271616,1523,1523,0.010981731815263629,0.010969866416417062,21.001271783003475,0.00469494539041127,0.0005229079423728636,1
1495,12247040,12279808,1523,1523,0.010098858329001814,0.010097788879647851,20.001211335396604,0.0004599337194305224,0.0005049123355408795,1
1496,12255232,12288000,1453,1453,0.013933690555859357,0.013920365483500063,29.001756320242407,0.004155233858859953,0.00048044299117615974,1
1497,12263424,12296192,6893,-1299,0.013135063854861073,0.012869577840319835,29.501786345108904,0.08867887395800884,0.0004452294414042739,1
1498,12271616,12304384,4780,-3412,0.012575119733810425,0.012566322926431894,23.001392812271874,0.0030391295443096956,0.0005467112290304983,1
1499,12279808,12312576,6893,-1299,0.012528066523373127,0.012428539397660643,22.50136226919463,0.034639574615034974,0.000556769246834651,1
1500,12288000,12320768,3101,3101,0.019038918806472793,0.017745492630638182,27.001634789780823,0.30554221521946634,0.0007051024485998293,1
1501,12296192,12328960,3101,3101,0.02090401470195502,0.020020182826556265,26.001574469803238,0.18761662974685664,0.0008039518809228943,1
1502,12304384,12337152,3101,3101,0.02150837134104222,0.020373478124383837,34.00205897957133,0.2354234862370935,0.0006325608503286403,1
1503,12312576,12345344,3101,3101,0.020282836398109794,0.019344227330293506,28.50172603501349,0.20577300332628262,0.0007116353715979501,1
1504,12320768,12353536,727,727,0.008403114741668105,0.008397947414778173,21.00127182802392,0.0026714282756062093,0.0004001240882209362,1
1505,12328960,12361728,5904,-2288,0.00847059569787234,0.008463088190183043,20.001211131750832,0.0038508683609362426,0.0004235041389281538,1
1506,12337152,12369920,3336,3336,0.008735883224289864,0.008722924161702394,17.001029461169924,0.006447233515501374,0.0005138443671450885,1
1507,12345344,12378112,3336,3336,0.008873456026776694,0.008859795038006268,22.50136254852701,0.00669126399022751,0.00039435194236082255,1
1508,12353536,12386304,1987,1987,0.010591410187771544,0.010228599421679974,25.501544283929007,0.15137617018823643,0.00041532426702669205,1
1509,12361728,12394496,1987,1987,0.009956915775546804,0.009531873103696853,19.501180960388695,0.18946581474765492,0.0005105801436216375,1
1510,12369920,12402688,6480,-1712,0.010726679407525808,0.01071699766907841,22.001332216068143,0.003921646323645473,0.00048754681317396935,1
1511,12378112,12410880,90,90,0.020531403715722263,0.019170849991496652,35.502149397475456,0.2977727382785756,0.000578314385584278,1
1512,12386304,12419072,3093,3093,0.023618965409696102,0.02004197076894343,40.50245206428768,0.7132044575124469,0.0005831490244641684,1
1513,12394496,12427264,3093,3093,0.02376064218697138,0.02005410758920334,45.002724584581586,0.7365483371464682,0.0005279823034339576,1
1514,12402688,12435456,3093,3093,0.02315508693573065,0.018839788623154163,37.50227048971496,0.8957039006199996,0.0006174316016967816,1
1515,12410880,12443648,6708,-1484,0.013305311207659543,0.01318555124453269,24.00145335560036,0.03926746104655787,0.0005543543972329891,1
1516,12419072,12451840,764,764,0.005025458129239269,0.005025182865210809,15.00090834483667,0.00023788661583404956,0.0003350102549602629,1
1517,12427264,12460032,7125,-1067,0.005672172061167657,0.0056654087966308,16.0009690182357,0.005181438356666297,0.0003544892846616537,1
1518,12435456,12468224,7535,-657,0.006400701589882374,0.006396198092261329,20.50124150062244,0.0030567470174914842,0.00031221043806971597,1
1519,12443648,12476416,458,458,0.009077235183212906,0.009066220169188455,22.501362625911035,0.0052732627867426215,0.0004034082439416438,1
1520,12451840,12484608,457,457,0.007237621612148359,0.0072349258116446435,17.501059936018073,0.0016179201384981942,0.00041355332983306715,1
1521,12460032,12492800,459,459,0.007354533619945869,0.007345315156271681,16.50099927784666,0.005447033491426627,0.0004457023175450752,1
1522,12468224,12500992,3380,3380,0.007240846403874457,0.007234922144562006,17.001029643066694,0.0035547311547497492,0.0004259063454328718,1
1523,12476416,12509184,4403,-3789,0.026002765280281892,0.02547682708245702,34.002058994911195,0.08874196318882732,0.0007647409024310413,1
1524,12484608,12517376,118,118,0.059464673686306924,0.054969990536847035,84.50511698495247,0.341333778240278,0.0007036813367987597,1
1525,12492800,12525568,2123,2123,0.09248981432756409,0.08095559731009416,146.50887162211575,0.5784702614186996,0.0006312915614156065,1
1526,12500992,12533760,2123,2123,0.0929787783534266,0.08819702174514532,185.01120303469858,0.2292991566121823,0.0005025575577495627,1
1527,12509184,12541952,2123,2123,0.09220121899852529,0.08190839977760334,167.01011304443057,0.5140822160726624,0.000552069676008162,1
1528,12517376,12550144,1638,1638,0.0751739241022733,0.07360591055476107,121.0073274564829,0.0915453155965669,0.0006212344796170102,1
1529,12525568,12558336,1556,1556,0.05929449520772323,0.05249577260110527,61.00369405773827,0.5289004434369541,0.0009719820434415441,1
1530,12533760,12566528,2972,2972,0.009779712301678956,0.009721296140924096,24.501483652198697,0.026019056633396195,0.00039914775939706615,1
1531,12541952,12574720,2972,2972,0.005950804217718542,0.0059461514465510845,18.001090030683795,0.003396958017882085,0.00033058021528557915,1
1532,12550144,12582912,2418,2418,0.008355806698091328,0.008348034345544875,20.50124157673013,0.004041573500513561,0.0004075756420321177,1
1533,12558336,12591104,6669,-1523,0.006525895001686877,0.006522210915136384,19.00115054158219,0.002452430279841141,0.0003434473605903802,1
1534,12566528,12599296,2732,2732,0.008930438722018152,0.008923921268433332,19.501180834772665,0.0031706476795390313,0.00045794348545777477,1
1535,12574720,12607488,2731,2731,0.009513712138868868,0.009507469745585695,25.501544157249118,0.002850545324206817,0.00037306415957421473,1
1536,12582912,12615680,2725,2725,0.008489259475027211,0.00848090490035247,18.501120209109196,0.004276147116506517,0.000458851106261525,1
1537,12591104,12623872,2725,2725,0.009813848126213998,0.009811558236833662,21.501301958453567,0.0010134682647226596,0.0004564304126874295,1
1538,12599296,12632064,5823,-2369,0.010370171396061778,0.010363186709582806,22.501362508788837,0.0029261163531145305,0.00046086859815761287,1
1539,12607488,12640256,3400,3400,0.010589911486022174,0.010571049875579774,23.501423093121353,0.007742082568283812,0.0004506072438277894,1
1540,12615680,12648448,3400,3400,0.010827575373696163,0.010806134014273994,31.501907378449864,0.008608664342820998,0.00034371173921688303,1
1541,12623872,12656640,3400,3400,0.009937784721842036,0.009928276063874364,29.50178615897412,0.00415739994512422,0.00033685366263218845,1
1542,12632064,12664832,6721,-1471,0.007636842550709844,0.007633550732862204,21.00127146079834,0.0018724054086322298,0.00036363715239646436,1
1543,12640256,12673024,1715,1715,0.006980503560043871,0.006883498979732394,21.00127151351619,0.06077500538797863,0.0003323848061081109,1
1544,12648448,12681216,6570,-1622,0.007664244621992111,0.0076435505179688334,19.00115045374025,0.011742175248614626,0.0004033568725562854,1
1545,12656640,12689408,1921,1921,0.00892181706149131,0.008636053651571274,19.501180988268374,0.1413798222215431,0.00045750137219169166,1
1546,12664832,12697600,3672,3672,0.009396200941409916,0.009208042873069644,25.00151412077272,0.08784963039751258,0.0003758252758621128,1
1547,12673024,12705792,1921,1921,0.00821563444333151,0.008069414849160239,19.501180947133207,0.07799063830675641,0.0004212890729850521,1
1548,12681216,12713984,7251,-941,0.011259966042416636,0.010814944791491143,22.501362812224727,0.17512774001484124,0.0005004126255099192,1
1549,12689408,12722176,3461,3461,0.012457485812774394,0.011290183319943026,22.501362832596072,0.4272940757719879,0.0005536325024157269,1
1550,12697600,12730368,7206,-986,0.011862625367939472,0.011731271864846349,24.00145347755558,0.048357158116775066,0.0004942461246787634,1
1551,12705792,12738560,7206,-986,0.014318971894681454,0.013597002485767007,30.501847162345182,0.22468659706664187,0.0004694460574295435,1
1552,12713984,12746752,8076,-116,0.015589575632475317,0.015532527526374906,34.00205904327109,0.015921613847968946,0.0004584891642190254,1
1553,12722176,12754944,1673,1673,0.034081697231158614,0.03387044138798956,53.00320935643029,0.027003577638513018,0.0006430119542756303,1
1554,12730368,12763136,1674,1674,0.03525049099698663,0.03398910735268146,62.003754459008945,0.15825411603042447,0.0005685218791112228,1
1555,12738560,12771328,1674,1674,0.034512165875639766,0.03249192860675976,61.50372428642943,0.261967248056252,0.000561139447668452,1
1556,12746752,12779520,1425,1425,0.031161549733951688,0.027751822635764256,57.00345195832419,0.5032753674868021,0.0005466607488391092,1
1557,12754944,12787712,5052,-3140,0.024309460684889928,0.023655637516640127,35.502150022731115,0.11840667226047327,0.0006847320702922275,1
1558,12763136,12795904,6429,-1763,0.009776338411029428,0.00977244397654431,21.001272015040026,0.001730370102713371,0.00046551172729100026,1
1559,12771328,12804096,7287,-905,0.008985588792711496,0.008976714190794155,22.50136266749828,0.004291421828187162,0.00039933531695351856,1
1560,12779520,12812288,3920,3920,0.008977632212918252,0.00891948986100033,20.501241353643525,0.028217935075958326,0.0004379067617445871,1
1561,12787712,12820480,8146,-46,0.012762880392983789,0.012226151506183669,26.501604669408064,0.18658926021938801,0.0004815889661095325,1
1562,12795904,12828672,8146,-46,0.013020397836953634,0.012442191131412983,32.50196793539641,0.19727385762565552,0.00040060336847399673,1
1563,12804096,12836864,2450,2450,0.012853702588472515,0.012589521051268093,31.501907394109395,0.09019038533939186,0.0004080293433557631,1
1564,12812288,12845056,6004,-2188,0.014014422427862883,0.013450952828861773,34.50208888801288,0.17822154352166567,0.00040619054902301695,1
1565,12820480,12853248,949,949,0.01137564712553285,0.011220035870792344,29.001755812367506,0.05981866332635316,0.0003922399457167287,1
1566,12828672,12861440,6169,-2023,0.03810052082553739,0.03608844743575901,55.00333058808549,0.23562713783282327,0.0006926947953546382,1
1567,12836864,12869632,212,212,0.055675602110568434,0.0465775397606194,66.0039966753928,0.7748837722003226,0.000843518649096064,1
1568,12845056,12877824,212,212,0.05251232901355252,0.047134877066127956,64.00387589028065,0.46918901710790467,0.0008204554534099209,1
1569,12853248,12886016,212,212,0.0531667186296545,0.04664587657316588,61.50372447858131,0.5682659834922219,0.0008644471384520757,1
1570,12861440,12894208,1010,1010,0.0283374440332409,0.02791433887614403,31.0018772445836,0.06533328931545472,0.0009140557460336306,1
1571,12869632,12902400,6851,-1341,0.00813598912282032,0.008134214127494488,19.00115071681051,0.0009475858003873334,0.0004281840212773181,1
1572,12877824,12910592,3494,3494,0.008507276565069333,0.00849962738720933,19.50118079260555,0.003906643994723761,0.000436244176983125,1
1573,12886016,12918784,4695,-3497,0.010100303989020176,0.010089121948112734,29.0017561531198,0.004810735257364964,0.0003482652545485132,1
1574,12894208,12926976,7276,-916,0.011970121238846332,0.01195761252893135,34.50208919851674,0.004540726037330627,0.0003469390265028047,1
1575,12902400,12935168,7277,-915,0.010495666530914605,0.010484532685950398,27.501665229713883,0.00460945850347676,0.0003816374915208652,1
1576,12910592,12943360,6760,-1432,0.009707450633868575,0.009690430364571512,26.501604974216956,0.007621256088495161,0.0003662967070603014,1
1577,12918784,12951552,7283,-909,0.008182643970940262,0.00817788316635415,22.001332521905198,0.002527536187772663,0.0003719158356791968,1
1578,12926976,12959744,1203,1203,0.0076463844161480665,0.007637653267011046,18.501120504378534,0.0049618960407807125,0.00041329304429634135,1
1579,12935168,12967936,6875,-1317,0.009580441750586033,0.009565577958710492,25.001514147544597,0.006743191730276308,0.00038319446150532165,1
1580,12943360,12976128,8084,-108,0.008139158977428451,0.0081355917500332,26.501604745026114,0.0019038413849833565,0.0003071194765651325,1
1581,12951552,12984320,8083,-109,0.007608215513755567,0.0076024526642868295,20.00121108137283,0.0032908138087918504,0.00038038774166235934,1
1582,12959744,12992512,521,521,0.00950140817440115,0.009350440319394693,24.001453354889122,0.06955912890949578,0.0003958680349023824,1
1583,12967936,13000704,516,516,0.009373852371936664,0.009234508797817398,23.50142307630243,0.06504310178844225,0.0003988631812423628,1
1584,12976128,13008896,7249,-943,0.00946437643142417,0.00921733007999137,21.00127176083247,0.1148686517467847,0.00045065730014861785,1
1585,12984320,13017088,474,474,0.011119031754788011,0.010991713868861552,27.001635186504576,0.05001556019504452,0.00041179105183767933,1
1586,12992512,13025280,6819,-1373,0.017563925473950803,0.015509821008890867,30.501847154001908,0.5401479980106761,0.0005758315352270847,1
1587,13000704,13033472,6819,-1373,0.01697497072746046,0.014792676709475927,28.00169574462833,0.5976226808357527,0.0006062122409396164,1
1588,13008896,13041664,7732,-460,0.014711656302097254,0.014551061554811895,27.501665474264087,0.0476689233935645,0.0005349369228516121,1
1589,13017088,13049856,7732,-460,0.014938696185708977,0.014776320254895836,27.001635161689855,0.04746399706755515,0.0005532515381477387,1
1590,13025280,13058048,4862,-3330,0.009140570095041767,0.009140001202467829,24.001453471807345,0.0002703054534956394,0.00038083402348022333,1
1591,13033472,13066240,7091,-1101,0.01592025315039791,0.015695039182901382,30.50184713350113,0.06187564979896316,0.0005219439032894569,1
1592,13041664,13074432,7091,-1101,0.015557745471596718,0.015327766304835677,25.501544263154365,0.06467791746966367,0.0006100707200730256,1
1593,13049856,13082624,7091,-1101,0.012623425660422072,0.012412252981448546,26.001574526398144,0.07326608206067713,0.00048548697109115896,1
1594,13058048,13090816,3877,3877,0.011464734328910708,0.010804269084474072,22.501362468428297,0.25768603400865997,0.0005095128948301197,1
1595,13066240,13099008,973,973,0.007672167150303721,0.00766692275647074,19.001150482831836,0.0029696825628902413,0.00040377382186598527,1
1596,13074432,13107200,3150,3150,0.010774940135888755,0.0107682368834503,25.501544031958478,0.0027026521075911407,0.00042252108822844704,1
1597,13082624,13115392,3150,3150,0.009706572949653491,0.009699132206151262,19.50118065177512,0.0033304370819750833,0.0004977428353175088,1
1598,13090816,13123584,102,102,0.010019778899732046,0.009874524941551499,22.001332277808775,0.06341927217955824,0.00045541691626730735,1
1599,13099008,13131776,5441,-2751,0.010591257567284629,0.010562660376308486,24.001453250384884,0.011742136693296877,0.0004412756784681273,1
1600,13107200,13139968,7575,-617,0.010544017277425155,0.010527818201808259,25.001513913364366,0.006677321057461666,0.00042173515227767594,1
1601,13115392,13148160,6875,-1317,0.01282557932427153,0.01263631455367431,32.501968040459786,0.06456562878762231,0.0003946093143746164,1
1602,13123584,13156352,8125,-67,0.02520285383798182,0.02419746806845069,40.00242202541722,0.17679795352528535,0.0006300331970391225,1
1603,13131776,13164544,8125,-67,0.023532732389867306,0.022583946585655212,31.501907421537997,0.17872518145605723,0.000747025634828,1
1604,13139968,13172736,8125,-67,0.022458132123574615,0.02184073263197206,30.00181661146621,0.12106430126972309,0.0007485590760857953,1
1605,13148160,13180928,7378,-814,0.041781025007367134,0.03643841126176994,51.503118756664065,0.5941965705948028,0.0008112329120255659,1
1606,13156352,13189120,7431,-761,0.05001942114904523,0.04897077661007643,70.50426950307502,0.09201670146134383,0.0007094523707796681,1
1607,13164544,13197312,7431,-761,0.05212215660139918,0.0510812911670655,77.50469329834472,0.08760510473033946,0.0006725032302335731,1
1608,13172736,13205504,6773,-1419,0.07061891560442746,0.06280598987359554,122.50741833506346,0.5091997959156404,0.0005764460353844161,1
1609,13180928,13213696,6773,-1419,0.06885859288740903,0.061482667340897024,99.50602541690216,0.4920544322728764,0.00069200425400282,1
1610,13189120,13221888,2832,2832,0.058421109948540106,0.051002999214688316,73.50445100827352,0.5897408852659823,0.0007947969020537863,1
1611,13197312,13230080,2832,2832,0.06506205492769368,0.05784499243600294,92.50560166721147,0.5106200735130896,0.0007033309740717558,1
1612,13205504,13238272,371,371,0.035089313983917236,0.030513138393871486,54.00327006108987,0.6068799879297617,0.0006497627633330965,1
1613,13213696,13246464,6931,-1261,0.04232498021065112,0.039675914333201945,79.00478376962769,0.28069819845745,0.0005357268027473848,1
1614,13221888,13254656,6931,-1261,0.04231198620982468,0.03870533034205437,70.0042386197627,0.3869263404437662,0.0006044203471685171,1
1615,13230080,13262848,6931,-1261,0.037560514523647726,0.034854017598263454,52.50317893397269,0.32478686687577274,0.0007153950539048947,1
1616,13238272,13271040,1024,1024,0.035487788962200284,0.0348639534204267,46.50281565375107,0.07702309157804897,0.000763132048313675,1
1617,13246464,13279232,6192,-2000,0.009782583685591817,0.009774014819413424,22.00133207078623,0.0038057860978627962,0.00044463597268191367,1
1618,13254656,13287424,6193,-1999,0.010190017404966056,0.010179323115153238,29.001756089955915,0.004560257093974683,0.0003513586340550989,1
1619,13262848,13295616,7903,-289,0.006589962285943329,0.006587420240975916,20.50124132153827,0.001675592422906175,0.00032144211087452654,1
1620,13271040,13303808,1718,1718,0.008137215278111398,0.008071723277680576,21.00127172516942,0.035095412424311856,0.00038746297769954474,1
1621,13279232,13312000,7892,-300,0.010835157940164208,0.010676450445316732,24.001453272444905,0.06408357629911415,0.00045143757826546335,1
1622,13287424,13320192,7440,-752,0.013180729289160809,0.012963199391379021,27.501665005307387,0.07227239303599575,0.0004792702291522035,1
1623,13295616,13328384,7581,-611,0.01661043091735337,0.01597046035749372,35.50214946886271,0.17063464213410656,0.0004678711336033782,1
1624,13303808,13336576,7581,-611,0.016424951871158555,0.016323740710504353,37.50227057405849,0.02684417914778671,0.0004379721979426018,1
1625,13312000,13344768,7576,-616,0.014543360419338569,0.014536789356498048,28.00169556937159,0.001962697167962728,0.0005193742780078709,1
1626,13320192,13352960,8,8,0.011863887455547228,0.011765033515985124,24.00145339939334,0.03633849467052825,0.0004942987100875774,1
1627,13328384,13361152,7738,-454,0.010273822656017728,0.010245420708088204,23.501423148606534,0.012022682239945784,0.00043715746876490295,1
1628,13336576,13369344,3208,3208,0.009768426680238917,0.00946762201783713,20.501241428212595,0.13583710151824033,0.000476479764137414,1
1629,13344768,13377536,3213,3213,0.010134985379409045,0.010041796456789598,28.001695530539507,0.04011712370660927,0.0003619418462841123,1
1630,13352960,13385728,5536,-2656,0.009583026519976556,0.009567288565449417,28.001695668216172,0.007138168030970019,0.00034223022182381415,1
1631,13361152,13393920,5539,-2653,0.010097714490257204,0.01003994734492153,27.501665395524626,0.024916518586903857,0.00036716738223061993,1
1632,13369344,13402112,3874,3874,0.010592522856313735,0.010497297975234687,28.501725877807417,0.03921884568539541,0.00037164496289543984,1
1633,13377536,13410304,2958,2958,0.010226107318885624,0.010123416781425476,26.001574552708338,0.04383229024741659,0.00039328800254600225,1
1634,13385728,13418496,1166,1166,0.009818771097343415,0.009634853835450485,26.50160465620781,0.0821200492043449,0.0003704972293080917,1
1635,13393920,13426688,6692,-1500,0.010275524997268803,0.010214238398475572,24.001453159977373,0.02598030102371686,0.000428120952876442,1
1636,13402112,13434880,1503,1503,0.0501203007879667,0.049406954465666786,66.00399610070392,0.06225584655629472,0.0007593525202852404,1
1637,13410304,13443072,1503,1503,0.0494063924998045,0.04883054972742684,68.50414751339582,0.0509153068530717,0.0007212175363563672,1
1638,13418496,13451264,1503,1503,0.04895151972959866,0.04872567782877013,69.0041780195838,0.02008289929360836,0.0007093993600750656,1
1639,13426688,13459456,1502,1502,0.04891275695990771,0.04889317165725515,70.50426882580214,0.0017393197124883557,0.0006937559636390033,1
1640,13434880,13467648,7894,-298,0.01289366214768961,0.012771412439178675,28.00169577408723,0.04137356015044744,0.0004604600468383563,1
1641,13443072,13475840,5592,-2600,0.008301901863887906,0.008061215063207783,20.001211291620194,0.1277708756793703,0.0004150699546565018,1
1642,13451264,13484032,1411,1411,0.012348170392215252,0.011139091198856477,24.001453476039522,0.4475285402352909,0.0005144759422400123,1
1643,13459456,13492224,8094,-98,0.012464037106838077,0.011945271864533424,23.501423201283632,0.18462694891339548,0.0005303524386624084,1
1644,13467648,13500416,8094,-98,0.014190140645951033,0.013759013498201966,25.50154417321189,0.13399403284025463,0.000556442407940813,1
1645,13475840,13508608,7059,-1133,0.01722014124970883,0.015208192402496934,34.002058756836874,0.5395911121456708,0.000506444076603048,1
1646,13484032,13516800,844,844,0.022923965443624184,0.02262577976216562,45.502755010004954,0.0568618969947566,0.0005037929118486069,1
1647,13492224,13524992,844,844,0.022699015768012032,0.022031787520973012,40.00242203469597,0.1295729203267418,0.0005674410351534244,1
1648,13500416,13533184,844,844,0.023083101579686627,0.02207596888183616,38.002300844594465,0.19374389520601465,0.0006074132635832238,1
1649,13508608,13541376,844,844,0.025293034967035055,0.022479558363556862,43.00260389215464,0.5121316965092011,0.0005881744982342685,1
1650,13516800,13549568,994,994,0.022919584065675735,0.020133051206357777,35.50214975444638,0.5629713386455795,0.0006455829921343067,1
1651,13524992,13557760,994,994,0.02411975187715143,0.02084991114679724,42.00254332313867,0.6326862730986922,0.0005742450330112311,1
1652,13533184,13565952,4598,-3594,0.020163357883575372,0.019663494094857015,36.50221035981326,0.10902166474128633,0.0005523873125714605,1
1653,13541376,13574144,4686,-3506,0.017494815750978887,0.01661591063020751,28.501725815494794,0.22385225360610667,0.0006138160146592924,1
1654,13549568,13582336,547,547,0.008645583424367942,0.008600517045124434,21.001271799478168,0.022697449094362197,0.0004116695172995554,1
1655,13557760,13590528,992,992,0.008669110684422776,0.008660010353196412,20.001211247584003,0.0045613669496972035,0.0004334292847124416,1
1656,13565952,13598720,958,958,0.009099935032281792,0.009095416105992626,24.50148376976778,0.0021571936446275124,0.0003714034267390019,1
1657,13574144,13606912,959,959,0.009757667372468859,0.009753465768881142,26.001574789802852,0.0018704534157773854,0.00037527216914167696,1
1658,13582336,13615104,2139,2139,0.006180819793371484,0.006176199225592427,18.001090176522283,0.003247849954990795,0.000343358081802887,1
1659,13590528,13623296,2134,2134,0.011200380395166576,0.010852375533431768,21.0012718677258,0.13707959145197923,0.000533319146845531,1
1660,13598720,13631488,2134,2134,0.010892931692069396,0.010669846087694168,22.001332380641884,0.08986625465075693,0.0004951032739114319,1
1661,13606912,13639680,765,765,0.01190554688218981,0.011240833613555878,22.501362484887487,0.24950830100125235,0.000529103377192643,1
1662,13615104,13647872,765,765,0.012250792875420302,0.011685126286465675,27.501665239786398,0.20530786923290473,0.00044545640304344904,1
1663,13623296,13656064,772,772,0.010958923157886602,0.010590012025204487,21.501301940167245,0.14871428483660862,0.0005096864919334908,1
1664,13631488,13664256,765,765,0.008213099456042983,0.007838995617930777,18.001089952501022,0.20246660250020282,0.00045625567550157577,1
1665,13639680,13672448,556,556,0.005308597385010216,0.0051910605252487585,13.500817404470915,0.09723696228197819,0.0003932056279238491,1
1666,13647872,13680640,62,62,0.007483776662411401,0.007290652378287632,15.500938591680217,0.1135442704999228,0.00048279506548256056,1
1667,13656064,13688832,8049,-143,0.008161056612152606,0.007865244639106095,19.501180803760366,0.1603415512465608,0.0004184903824171985,1
1668,13664256,13697024,64,64,0.008398660880629905,0.008388602785998955,22.50136259783226,0.005204154299504088,0.0003732512128593944,1
1669,13672448,13705216,61,61,0.01725234779587481,0.014104526417213492,28.501726158455646,0.8748969606936217,0.000605308874976912,1
1670,13680640,13713408,5850,-2342,0.015713752392912284,0.015015398676041514,33.5020288858626,0.19743037828622537,0.00046903882885562413,1
1671,13688832,13721600,694,694,0.015283586049918085,0.01512474287301302,33.50202861295733,0.04537266277242228,0.0004561988238529223,1
1672,13697024,13729792,694,694,0.015359018638264388,0.014760025136638433,31.50190751413563,0.17276370313656395,0.00048755836869156076,1
1673,13705216,13737984,7990,-202,0.019913609736249782,0.016185752116143703,35.00211922216159,0.9001710672897428,0.0005689258301720624,1
1674,13713408,13746176,8055,-137,0.014567223022822873,0.013536795351683395,30.5018464830941,0.31860905955329505,0.0004775849564024551,1
1675,13721600,13754368,1126,1126,0.012464448809623718,0.01241395971737802,24.00145313553672,0.01762746538866475,0.0005193205902674604,1
1676,13729792,13762560,2740,2740,0.017152489628642797,0.016660549212247133,28.00169534591557,0.12637851647272116,0.000612551826478775,1
1677,13737984,13770752,2740,2740,0.011640116339549422,0.011616501025855541,24.50148323128161,0.008819858700397712,0.0004750780281206901,1
1678,13746176,13778944,2633,2633,0.01474450743990019,0.013952254259493202,30.50184690832309,0.2398588689453478,0.0004833972016257426,1
1679,13754368,13787136,2633,2633,0.014989921794040129,0.014715623343363404,37.00224051402533,0.0802070380600591,0.0004051084903455602,1
1680,13762560,13795328,2633,2633,0.014682545093819499,0.014217318297596648,29.501786277352956,0.13983656824381052,0.0004976832574063678,1
1681,13770752,13803520,7635,-557,0.015085824081324972,0.014002031646668911,26.00157461555326,0.3237798413157901,0.0005801888656505112,1
1682,13778944,13811712,3326,3326,0.008612588891992345,0.008420471756835468,20.50124145877003,0.09797293841183392,0.00042010084654205414,1
1683,13787136,13819904,7504,-688,0.010041276109404862,0.010011811631557066,22.501362733393183,0.012762393019404796,0.0004462519105344269,1
1684,13795328,13828096,7089,-1103,0.010981932013237383,0.010948234485113062,28.00169575875964,0.013346603672334168,0.00039218810560078156,1
1685,13803520,13836288,7092,-1100,0.016235181246884167,0.015240036649629474,34.00205892403923,0.27471129973706127,0.000477476416447417,1
1686,13811712,13844480,7092,-1100,0.01300679484847933,0.012254488072358072,26.001574473333307,0.2587511688447746,0.0005002310480012985,1
1687,13819904,13852672,2129,2129,0.011404254004446557,0.0112250749807572,22.501362414296924,0.06877631024789654,0.0005068250443893352,1
1688,13828096,13860864,2129,2129,0.01245402856147848,0.012240842886967584,21.501301979292656,0.07498533639622774,0.0005792220663415002,1
1689,13836288,13869056,551,551,0.0075968592427670956,0.007593482965603471,17.001029484196003,0.0019305668635645305,0.00044684701298995243,1
1690,13844480,13877248,958,958,0.010745943785877898,0.010518200346268713,24.501483479358274,0.09303125544344629,0.00043858339414146153,1
1691,13852672,13885440,8007,-185,1934.826279395551,1220.2575660259463,4286.7595283842975,2.0019046836005514,0.4513493856103464,1
1692,13860864,13893632,8007,-185,3989.2041906635277,2278.1026984790224,8984.543756034815,2.43312968108884,0.4440074308708247,1
1693,13869056,13901824,8007,-185,6111.704543114203,3308.0775144735817,13700.329408218218,2.6658667372987477,0.4460990944822147,1
1694,13877248,13910016,8007,-185,8271.897705078125,4283.3377685546875,18405.11431605189,2.8582283241208573,0.4494347366190411,1
1695,13885440,13918208,8007,-185,8477.36328125,4011.238525390625,18831.640220971316,3.2498230666257326,0.4501659537765291,1
1696,13893632,13926400,8007,-185,8617.93115234375,3899.5778198242188,18831.14045418135,3.4438542871009092,0.4576425508222571,1
1697,13901824,13934592,8007,-185,8711.960205078125,3788.1945190429688,18785.137709630235,3.6168361157907842,0.46376876974460096,1
1698,13910016,13942784,8007,-185,8774.810546875,3705.3014526367188,18766.136627772958,3.744142018766063,0.46758748062660443,1
1699,13918208,13950976,8007,-185,8857.19775390625,3648.9815673828125,18753.1359335014,3.851246716852782,0.47230488731665277,1
1700,13926400,13959168,8007,-185,8929.189208984375,3614.7578125,18763.136917509757,3.9273282070823488,0.4758899990039329,1
1701,13934592,13967360,8007,-185,8967.4716796875,3568.1727294921875,18782.13830382119,4.002241440889589,0.4774467919801807,1
1702,13942784,13975552,8007,-185,8972.672607421875,3566.5709228515625,18776.63765850499,4.006709570325382,0.4778636500639745,1
1703,13950976,13983744,8007,-185,9024.842529296875,3557.0636596679688,18775.137080082157,4.043479951316833,0.480680513319447,1
1704,13959168,13991936,8007,-185,8987.72119140625,3521.1673583984375,18729.634186344065,4.069629244368562,0.4798663498702646,1
1705,13967360,14000128,8007,-185,8923.423095703125,3515.11279296875,18677.13064761866,4.045922199136699,0.47777269774792014,1
1706,13975552,14008320,8007,-185,8928.0234375,3511.7776489257812,18662.62981058214,4.052283112937828,0.47839042665024656,1
1707,13983744,14016512,8007,-185,6654.403741002083,2629.5182496011257,18671.13074333069,4.032329578879185,0.3564006825552882,1
1708,13991936,14024704,8007,-185,4424.681871794164,2272.9600280076265,18705.632782143733,2.8929025266989807,0.2365427528342123,1
1709,14000128,14032896,8039,-153,2275.4906724244356,2236.880274914205,18779.63724873853,0.07432319738492639,0.12116797796918496,1
1710,14008320,14041088,8039,-153,2277.3388533592224,2232.4484230279922,18791.138118163028,0.08646221614185864,0.12119217255702068,1
1711,14016512,14049280,8039,-153,2274.398459613323,914.9445308744907,18778.637338564844,3.9547178707649517,0.12111626730990184,1
1712,14024704,14057472,7192,-1000,866.8650879859924,751.860004497692,18782.63726796089,0.6181452961665703,0.04615246919902331,1
1713,14032896,14065664,7556,-636,1368.9079239182174,916.359840799123,18678.630955886507,1.743081893052362,0.07328737995579974,1
1714,14041088,14073856,7556,-636,1370.3075718991458,1370.1189765390009,18698.6318880454,0.0005977604063096395,0.07328384130473337,1
1715,14049280,14082048,7668,-524,1390.1777338646352,1370.3217037059367,18691.631435712,0.06247791929373022,0.07437433905360337,1
1716,14057472,14090240,7668,-524,1390.1512227542698,1370.5838738940656,18722.633029280118,0.061564283741616,0.07424977141731229,1
1717,14065664,14098432,7668,-524,1390.1245178170502,952.2747943773866,18808.63806331629,1.6429141391159563,0.07390883450132948,1
1718,14073856,14106624,0,0,1386.157174160704,969.7639440344647,18790.137469071266,1.551464440822703,0.07377046476867619,1
1719,14082048,14114816,0,0,1808.1162612251937,1380.2127433614805,18810.638616414893,1.1728031913161512,0.0961220029843836,1
1720,14090240,14123008,0,0,1808.0429861210287,1549.5715604759753,18784.63743999019,0.669971144780454,0.0962511516071067,1
1721,14098432,14131200,0,0,1808.0562406852841,1549.5231577558443,18779.13724088604,0.6701386415064783,0.09628004830534888,1
1722,14106624,14139392,7936,-256,1549.4459665929899,1126.7581953993067,18745.134992873966,1.3834571024027724,0.08265856539214135,1
1723,14114816,14147584,7452,-740,1234.555874478072,1002.6135736554861,18679.13122435193,0.9037717043226547,0.06609278877320508,1
1724,14123008,14155776,7452,-740,1234.579320911318,1033.1693592574447,18675.130869438122,0.7734748049539759,0.066108201840326,1
1725,14131200,14163968,7452,-740,1234.7238827869296,1033.3572043906897,18759.136106054277,0.773193769709022,0.06581986909239589,1
1726,14139392,14172160,7452,-740,1234.716216146946,1033.5400093887001,18744.635040693276,0.7723985871814155,0.06587037909601677,1
1727,14147584,14180352,7308,-884,1033.625559695065,965.8962171757594,18848.141012207394,0.29432774897613245,0.054839655487807296,1
1728,14155776,14188544,8180,-12,1309.2714054211974,1047.8731168098748,18800.63845451559,0.9672098428638848,0.06963973104364087,1
1729,14163968,14196736,8180,-12,1719.6973093226552,1426.0095833577216,18641.628878722648,0.8132956759759259,0.0922503779315926,1
1730,14172160,14204928,8180,-12,1719.8273721709847,1426.114598929882,18704.1326520011,0.8133043103264137,0.09194905768522689,1
1731,14180352,14213120,8180,-12,1719.8685346916318,1426.0424340856262,18748.635646543404,0.8136280226200149,0.09173299684922491,1
1732,14188544,14221312,7504,-688,1244.3811917454004,1232.4252949021757,18751.135801476023,0.04192834913433398,0.06636297688417611,1
1733,14196736,14229504,7504,-688,1244.6331125423312,1238.4931897772476,18764.636281069936,0.02147728054065532,0.06632865640982005,1
1734,14204928,14237696,7476,-716,1237.5819683028385,1236.8263408984058,18748.13571391785,0.002652471066320987,0.06601093501708057,1
1735,14213120,14245888,7664,-528,1263.024328225758,1239.1449600979686,18687.132184612663,0.0828960112397703,0.06758791642014263,1
1736,14221312,14254080,7828,-364,1345.691228352487,1263.1186020970345,18737.135038009743,0.27501290455534205,0.07181947643664024,1
1737,14229504,14262272,80,80,1606.131896801293,1437.1047838609666,18792.13873623868,0.4829277193322284,0.0854682864651289,1
1738,14237696,14270464,80,80,1606.0961338430643,1437.0599464531988,18760.636262612155,0.4829665172163089,0.0856098967732685,1
1739,14245888,14278656,80,80,1606.137774348259,1437.0435313386843,18808.1388296006,0.48312872172990523,0.08539589105012822,1
1740,14254080,14286848,7788,-404,1323.9198412401602,1127.607512339484,18777.63685454172,0.697037303102682,0.07050513605602855,1
1741,14262272,14295040,7788,-404,1323.9571538567543,1127.7270083748735,18778.136649856642,0.6966994896743645,0.07050524652917901,1
1742,14270464,14303232,464,464,1070.723636418581,1040.2512064054608,18740.134591290378,0.12539161783144342,0.057135322652176045,1
1743,14278656,14311424,7456,-736,1146.420098438859,1091.0266627781093,18687.13130637966,0.21508427166763777,0.06134810526254926,1
1744,14286848,14319616,7456,-736,1146.3440666478127,1091.0469814054668,18728.633862878756,0.21471535378037115,0.061208098521266595,1
1745,14295040,14327808,272,272,1320.6470277700573,1288.2345301955938,18785.63735626552,0.1079182235845637,0.07030089012814812,1
1746,14303232,14336000,272,272,1320.6468309536576,1288.397280305624,18845.64099768873,0.10736894170241698,0.07007704493127215,1
1747,14311424,14344192,7916,-276,1351.271358922124,1320.5398870185018,18839.640781032118,0.09991048065403178,0.07172490041755962,1
1748,14319616,14352384,7880,-312,1357.5340398496483,1351.594943895936,18821.639616466855,0.019041697517693676,0.0721262370076386,1
1749,14327808,14360576,8172,-20,1598.4538759291172,1549.4898339882493,18823.139649262543,0.13511377803211402,0.0849196205156849,1
1750,14336000,14368768,8172,-20,1598.3767937421799,1549.386260989122,18832.14025429594,0.1351946497267401,0.08487494104009566,1
1751,14344192,14376960,8172,-20,1598.5109442025423,1549.4210775373504,18816.13911265594,0.13546154421906564,0.08495424776740551,1
1752,14352384,14385152,235,235,1389.3093118816614,1355.679410263896,18866.642072225874,0.10641946453564563,0.07363839874435862,1
1753,14360576,14393344,235,235,1389.3779464885592,1355.6934159956872,18789.637361712666,0.10658914183761171,0.07394384041278368,1
1754,14368768,14401536,7816,-376,1280.894797205925,1279.3022534251213,18805.638268472667,0.005402967441332172,0.06811227456997955,1
1755,14376960,14409728,7816,-376,1280.8126706555486,1279.3361973837018,18858.141744650376,0.005009273278877169,0.06791828632950464,1
1756,14385152,14417920,8180,-12,1595.7622315265762,1593.3601221768185,18809.13920822659,0.006542383245997527,0.08483972678710543,1
1757,14393344,14426112,8180,-12,1595.809194145404,1593.4542349092662,18865.142736689515,0.0064136814659101395,0.08459035886549773,1
1758,14401536,14434304,8180,-12,1595.8316811956465,1593.4501330554485,18854.64211081058,0.006486058417907847,0.08463866202374924,1
1759,14409728,14442496,247,247,1398.8699929246213,1349.7216686736792,15785.455971234553,0.15533134066799992,0.0886176487694589,1
1760,14417920,14450688,247,247,1398.3152317637578,1295.533039275033,11094.171674177276,0.33156595382472737,0.12604052585723613,1
1761,14426112,14458880,7259,-933,901.220835489512,885.0198681534566,6404.887707451349,0.0787820324937964,0.14070829601603246,1
1762,14434304,14467072,1115,1115,455.2010118520702,437.4612244773307,1759.6064485116835,0.17263654533548972,0.2586947849827954,1
1763,14442496,14475264,1137,1137,0.05468887015013024,0.053016286925412714,101.00611564486837,0.13489643117995892,0.0005414411771106328,1
1764,14450688,14483456,1409,1409,0.09260135237127542,0.08862270937970607,164.50996074225958,0.19072306083930096,0.0005628920702033081,1
1765,14458880,14491648,1128,1128,0.11129627970512956,0.1108986254548654,197.51195917017805,0.015544841665043937,0.0005634913459049622,1
1766,14467072,14499840,7299,-893,0.11965706897899508,0.11647034424822778,237.51438178308558,0.11723001410873672,0.0005037887309420873,1
1767,14475264,14508032,6345,-1847,0.13608557358384132,0.13435443304479122,302.0182877404704,0.055600875173552,0.0004505871965633487,1
1768,14483456,14516224,4581,-3611,0.1524293851107359,0.13783280667848885,311.0188331408819,0.4371609797409962,0.0004900969615614566,1
1769,14491648,14524416,6345,-1847,0.14602932520210743,0.1346193816862069,289.51753160081824,0.35332486861858625,0.0005043885404613429,1
1770,14499840,14532608,7248,-944,0.13783840741962194,0.12651441106572747,275.01665363613773,0.37230248486048145,0.0005012002204127965,1
1771,14508032,14540800,2243,2243,0.1241425909101963,0.1216320110252127,248.0150184479644,0.08872917770642275,0.0005005446512354753,1
1772,14516224,14548992,3254,3254,0.09120273380540311,0.08724440226797014,172.51044607693032,0.19270284978939148,0.0005286794850946686,1
1773,14524416,14557184,1148,1148,0.07833419262897223,0.07430494326399639,135.5082051007187,0.22933664711691892,0.0005780771176974047,1
1774,14532608,14565376,1314,1314,0.09713792940601707,0.08916817329009064,142.00859815815713,0.37178972082032696,0.0006840285071882273,1
1775,14540800,14573568,3365,3365,0.09893855859991163,0.09777043806388974,126.00762933934118,0.05158017934084194,0.0007851791127144217,1
1776,14548992,14581760,1631,1631,0.1301162792769901,0.11638744513038546,210.0127166909954,0.48425501063503346,0.0006195638117878269,1
1777,14557184,14589952,1631,1631,0.1306579998927191,0.12961690174415708,257.0155633406288,0.034743695196372014,0.0005083661012370483,1
1778,14565376,14598144,8024,-168,0.23499469691887498,0.21120733837597072,356.5215898215041,0.4634905810203276,0.0006591317430075617,1
1779,14573568,14606336,7819,-373,0.2521173993591219,0.24460367858409882,454.0274945717978,0.13139834557907226,0.0005552910393607302,1
1780,14581760,14614528,1533,1533,0.2873305326793343,0.2686718930490315,498.5301886283123,0.2915954264243333,0.000576355332602653,1
1781,14589952,14622720,1533,1533,0.28861038316972554,0.27489655651152134,549.5332766951008,0.2114265170844706,0.0005251918226052326,1
1782,14598144,14630912,2138,2138,0.23793799779377878,0.2164815878495574,455.0275535918155,0.4104283802440794,0.0005229089885119838,1
1783,14606336,14639104,1674,1674,0.23821611423045397,0.2372756958939135,433.5262509377573,0.017178803843535283,0.0005494848667529832,1
1784,14614528,14647296,6851,-1341,0.21398489805869758,0.1998629169538617,400.02422240771267,0.29650902634309245,0.0005349298519243165,1
1785,14622720,14655488,7257,-935,0.21538059879094362,0.18245614785701036,408.02470658526613,0.7204807853908353,0.0005278616596368654,1
1786,14630912,14663680,7257,-935,0.19872545648831874,0.16684282198548317,339.5205581719014,0.7594597635780016,0.0005853119986557715,1
1787,14639104,14671872,7257,-935,0.18859575095120817,0.1605209946865216,241.51462377731653,0.7000006166281139,0.000780887500729972,1
1788,14647296,14680064,1290,1290,0.1308812090428546,0.11772910002036951,142.00859869809608,0.45993474164109316,0.0009216428458751444,1
1789,14655488,14688256,6495,-1697,0.018928075209259987,0.018687848350964487,33.50202856967506,0.05547151710004069,0.0005649829582675797,1
1790,14663680,14696448,7179,-1013,0.01134083850774914,0.011260885745286942,26.5016048093759,0.030726141067709406,0.0004279302551420173,1
1791,14671872,14704640,7182,-1010,0.00925149256363511,0.009251331444829702,20.001211300301748,7.563494965928592e-05,0.00046254661403909766,1
1792,14680064,14712832,8170,-22,0.011904608632903546,0.011853383854031563,25.0015142589179,0.01872773828556894,0.0004761555044073876,1
1793,14688256,14721024,1219,1219,0.018646394775714725,0.018613007734529674,31.501907626076697,0.007783169164128667,0.0005919131944974528,1
1794,14696448,14729216,25,25,0.10634338291129097,0.1016265288071736,122.00738824702671,0.19703379718153255,0.0008716142886033997,1
1795,14704640,14737408,160,160,0.1816975106485188,0.14273947977926582,226.01368607384626,1.048048676687535,0.0008039226022319379,1
1796,14712832,14745600,6400,-1792,0.2013101524207741,0.1865764376707375,315.01907491374016,0.33008880890874026,0.0006390411516378736,1
1797,14721024,14753792,502,502,0.22544975206255913,0.2091383570805192,414.52510078119576,0.32616070002082986,0.0005438747898201736,1
1798,14729216,14761984,6463,-1729,0.21919860772322863,0.21167188929393888,420.52546388970813,0.15174605178577014,0.0005212493096035635,1
1799,14737408,14770176,688,688,0.22726489472552203,0.22265804186463356,430.02603989925194,0.08893970668522377,0.0005284910066812848,1
1800,14745600,14778368,688,688,0.22891925554722548,0.20765616884455085,423.02561745871196,0.4233748766959308,0.0005411475005283064,1
1801,14753792,14786560,731,731,0.21378277125768363,0.20388476457446814,414.5251029777886,0.20587928468796243,0.0005157293725324488,1
1802,14761984,14794752,2702,2702,0.26573694951366633,0.19563906214898452,420.52546615997403,1.329963730393198,0.000631916425752385,1
1803,14770176,14802944,1288,1288,0.22210540622472763,0.20907807297771797,418.02531361129786,0.2625064109866552,0.000531320470298727,1
1804,14778368,14811136,731,731,0.22419393312884495,0.20172951882705092,416.0251915135607,0.4585440342544346,0.0005388950902544976,1
1805,14786560,14819328,2702,2702,0.22898483835160732,0.19538631103932858,412.52497981990984,0.6891259424568997,0.0005550811455140777,1
1806,14794752,14827520,2759,2759,0.21889339422341436,0.19765843637287617,416.0251917579386,0.44317300157546063,0.0005261541814294169,1
1807,14802944,14835712,2759,2759,0.21782590888324194,0.2080200812779367,409.02476848393997,0.20004273084560675,0.0005325494338414245,1
1808,14811136,14843904,2759,2759,0.21216132465633564,0.20585774770006537,447.5271005009637,0.13099001478107583,0.000474074808919597,1
1809,14819328,14852096,230,230,0.21305512264370918,0.2082957455131691,462.02797798550785,0.09811581251992796,0.00046113034879976893,1
1810,14827520,14860288,7991,-201,0.22594834072515368,0.22231032699346542,484.5293404455347,0.07049518920505564,0.00046632540460272135,1
1811,14835712,14868480,7991,-201,0.22677778312936425,0.21364600770175457,486.0294309035696,0.2590572374450002,0.0004665926972935883,1
1812,14843904,14876672,7226,-966,0.2190323080867529,0.21809635683894157,475.528794367725,0.018597686037666025,0.000460607876286406,1
1813,14852096,14884864,6600,-1592,0.20869186893105507,0.20324905216693878,474.528733391337,0.11476999400577734,0.0004397876340165684,1
1814,14860288,14893056,133,133,0.242405338678509,0.18909434555098414,455.5275832419502,1.0786363797837517,0.0005321419549466825,1
1815,14868480,14901248,2407,2407,0.21313338179606944,0.20685523934662342,471.028521589044,0.12984950539474444,0.00045248508747846255,1
1816,14876672,14909440,2407,2407,0.22070747893303633,0.1891144048422575,438.5265534430855,0.6709243968020772,0.0005032933061867165,1
1817,14884864,14917632,6161,-2031,0.19564935029484332,0.19452122785151005,441.02670523495703,0.025114078035740426,0.0004436224563558143,1
1818,14893056,14925824,7417,-775,0.2066261670552194,0.2043797019869089,413.52503995675,0.047475579894899714,0.0004996702668279293,1
1819,14901248,14934016,2659,2659,0.25798877887427807,0.230099992826581,413.52504060696856,0.4968421176807494,0.0006238770413893299,1
1820,14909440,14942208,2012,2012,0.22487128898501396,0.21465945430099964,434.5263128907163,0.20183988341102216,0.0005175090260680468,1
1821,14917632,14950400,7452,-740,0.2023438927717507,0.20173444459214807,412.5249795863232,0.01310043907980963,0.0004905009460873365,1
1822,14925824,14958592,590,590,0.20083694020286202,0.20037254644557834,428.0259177808625,0.010053787011539505,0.0004692167737040751,1
1823,14934016,14966784,590,590,0.20816155849024653,0.19977787788957357,417.5252819084118,0.17853135170814693,0.0004985603687009995,1
1824,14942208,14974976,6766,-1426,0.18418321944773197,0.18303671217290685,417.52528120672594,0.02711853894154071,0.00044113069971573487,1
1825,14950400,14983168,6766,-1426,0.1794113591313362,0.1785096088424325,395.0239196162395,0.021883378632491013,0.00045417846925733504,1
1826,14958592,14991360,520,520,0.213887557387352,0.18801175733096898,407.0246468000057,0.5600051207125903,0.0005254904317684897,1
1827,14966784,14999552,520,520,0.2153886090964079,0.2133164880797267,421.5255243833276,0.04198306655825688,0.0005109740612066411,1
1828,14974976,15007744,7041,-1151,0.24094253778457642,0.2230755342170596,437.52649379278955,0.33461538640326133,0.0005506924522350997,1
1829,14983168,15015936,7727,-465,0.23572690412402153,0.2296653389930725,442.5267962409429,0.11313695930822568,0.0005326839100511219,1
1830,14991360,15024128,7041,-1151,0.21145334630273283,0.20401875488460064,430.02603847337787,0.15544469595737662,0.0004917221921105215,1
1831,14999552,15032320,7974,-218,0.21895636431872845,0.2040522750467062,417.025251985239,0.30616131948948416,0.0005250434194965216,1
1832,15007744,15040512,1451,1451,0.2058439776301384,0.19204719294793904,395.5239496497411,0.3013020168605143,0.0005204336622660269,1
1833,15015936,15048704,1451,1451,0.19954667054116726,0.1931330559309572,406.0245860448939,0.1418787356850719,0.0004914645009184333,1
1834,15024128,15056896,7265,-927,0.2005404548253864,0.18132296530529857,404.02446483458573,0.4374918280980782,0.000496357206753534,1
1835,15032320,15065088,3543,3543,0.18599899113178253,0.1649892721325159,367.52225462850964,0.5205488198127534,0.0005060890566199582,1
1836,15040512,15073280,1747,1747,0.20648749102838337,0.19478457793593407,372.52255777166556,0.2533917866590226,0.0005542952680866861,1
1837,15048704,15081472,1747,1747,0.21566972881555557,0.18046527449041605,362.52195232379995,0.7739554582840555,0.0005949149491033364,1
1838,15056896,15089664,1747,1747,0.21009952668100595,0.16328225890174508,285.01725973751684,1.0948607408877111,0.0007371466797291313,1
1839,15065088,15097856,1747,1747,0.17684496328001842,0.1622034227475524,246.51492808988934,0.3753268092021026,0.0007173803414271673,1
1840,15073280,15106048,542,542,0.10467405244708061,0.10058811027556658,174.01053760661705,0.172923889273445,0.0006015385843110009,1
1841,15081472,15114240,6596,-1596,0.056493427604436874,0.053789423778653145,120.50729692700868,0.21301033411289072,0.0004687967371689946,1
1842,15089664,15122432,2281,2281,0.12250685563776642,0.12040207721292973,205.51244400940672,0.07526413480445517,0.0005961043197567103,1
1843,15097856,15130624,894,894,0.17771923495456576,0.1539146838185843,279.01689478664593,0.624543805117658,0.000636947934964516,1
1844,15106048,15138816,8144,-48,0.22365945065394044,0.22031667968258262,360.5218303387738,0.06539876003477288,0.0006203769975420711,1
1845,15114240,15147008,8144,-48,0.23015438206493855,0.21992548531852663,432.5261911837605,0.19743689115875304,0.0005321166365325528,1
1846,15122432,15155200,7041,-1151,0.21846675546839833,0.2147017114330083,442.5267972309867,0.07549852553754102,0.000493680285206242,1
1847,15130624,15163392,2155,2155,0.18524461379274726,0.17441893368959427,426.5258284587081,0.2615196210461792,0.0004343104249094279,1
1848,15138816,15171584,6491,-1701,0.2027169167995453,0.1831127107143402,413.0250108230848,0.4417150046554873,0.0004908102693238039,1
1849,15147008,15179776,128,128,0.18399742431938648,0.17483312217518687,419.52540480774667,0.22188030315568266,0.0004385847012142348,1
1850,15155200,15187968,3761,3761,0.1769313272088766,0.17320858873426914,386.02337617059186,0.09235312106133767,0.0004583435567142621,1
1851,15163392,15196160,2034,2034,0.209004289470613,0.18624009285122156,380.52304342475963,0.5008201989500636,0.0005492552766043962,1
1852,15171584,15204352,2308,2308,0.24227505456656218,0.18679359182715416,376.52280130984525,1.1294672688758407,0.0006434538724447422,1
1853,15179776,15212544,2308,2308,0.1889262201730162,0.17144314851611853,375.0227101890679,0.42172101943071905,0.0005037727450632761,1
1854,15187968,15220736,7504,-688,0.21870158053934574,0.21787969954311848,378.02289182926,0.016351539536164285,0.0005785405732468863,1
1855,15196160,15228928,7965,-227,0.19843027892056853,0.19455028953962028,388.52352789744447,0.08576061362900106,0.000510729118502565,1
1856,15204352,15237120,6925,-1267,0.20016691461205482,0.16845201700925827,390.52364872751303,0.7491607947753565,0.0005125602899191409,1
1857,15212544,15245312,6925,-1267,0.1855931885074824,0.1685668908758089,387.5234665991553,0.41789756483156626,0.0004789211609201861,1
1858,15220736,15253504,6925,-1267,0.19843946280889213,0.17691181600093842,399.02416278680346,0.49871202140670595,0.0004973118956581016,1
1859,15228928,15261696,151,151,0.18927155621349812,0.18538840301334858,402.02434386599816,0.09002789630308115,0.0004707962567475408,1
1860,15237120,15269888,622,622,0.22376796434400603,0.21242346242070198,418.52534318896244,0.22595427643439495,0.0005346580989313609,1
1861,15245312,15278080,374,374,0.2207861328497529,0.20250835915794596,425.52576744688514,0.37528837950083077,0.0005188549078342519,1
1862,15253504,15286272,115,115,0.2230323888361454,0.20197825133800507,457.527705491943,0.4306332811404056,0.0004874729686507979,1
1863,15261696,15294464,115,115,0.2720890901982784,0.20533994352445006,471.0285227502996,1.222376902295237,0.0005776488621316837,1
1864,15269888,15302656,2323,2323,0.2094914373010397,0.205304566770792,474.52873510508203,0.08767666550735966,0.00044147260598380593,1
1865,15278080,15310848,7704,-488,0.27786948159337044,0.25630380399525166,520.0314912868007,0.3508579891203769,0.000534332028442723,1
1866,15286272,15319040,6121,-2071,0.23984705656766891,0.23101691901683807,498.0301593378376,0.16290605580099476,0.00048159142989766056,1
1867,15294464,15327232,1558,1558,0.2245422150590457,0.21848730885540135,470.0284643774288,0.11871787120089348,0.0004777204617947143,1
1868,15302656,15335424,1512,1512,0.2248969660140574,0.222638608480338,433.5262539049462,0.04383117660885061,0.0005187620449472656,1
1869,15310848,15343616,828,828,0.19474171800538898,0.15847984235733747,352.02131673955614,0.89484966489206,0.0005532100152601529,1
1870,15319040,15351808,7493,-699,0.1505267871543765,0.14849616400897503,339.0205292376362,0.05898557151837417,0.0004440049323646264,1
1871,15327232,15360000,7493,-699,0.14074224323849194,0.1301122612785548,291.517652425281,0.34106244075489167,0.00048279149501783813,1
1872,15335424,15368192,7497,-695,0.12894191115628928,0.12461432354757562,217.5131708950741,0.14826138651096307,0.0005928004756019552,1
1873,15343616,15376384,7332,-860,0.11097223899560049,0.10881252837134525,153.5092958783276,0.08535446828408122,0.0007229024037968213,1
1874,15351808,15384576,5478,-2714,0.04930011322721839,0.04605774143419694,62.50378496286257,0.29545279372465605,0.0007887540451591962,1
1875,15360000,15392768,3610,3610,0.126632754545426,0.10416638833703473,119.50723671696338,0.8481844731295652,0.0010596241535174849,1
1876,15368192,15400960,2025,2025,0.13318291603354737,0.1331726668868214,209.51268770451077,0.00033422598623302597,0.0006356794783778623,1
1877,15376384,15409152,5596,-2596,0.21830668483744375,0.2057439697528025,353.0213776364981,0.2573991945152886,0.0006183950850201246,1
1878,15384576,15417344,5611,-2581,0.2441781759262085,0.2424055403098464,482.529219728865,0.03164303476051336,0.000506038113222269,1
1879,15392768,15425536,1251,1251,0.25879168696701527,0.24501450173556805,441.02670636864644,0.23758531778123376,0.0005867936867086136,1
1880,15400960,15433728,7723,-469,0.3266744464635849,0.2575790183618665,458.5277654272358,1.0320468011648327,0.0007124420178987507,1
1881,15409152,15441920,3807,3807,0.21909669716842473,0.20242410013452172,377.0228305910894,0.34373613402409664,0.0005811231559238176,1
1882,15417344,15450112,6803,-1389,0.14490536873563542,0.14421998313628137,251.01520039396976,0.02059035912383926,0.0005772772665089828,1
1883,15425536,15458304,2843,2843,0.17361866787541658,0.15214951988309622,286.0173197924522,0.5732583343082432,0.0006070215188415951,1
1884,15433728,15466496,690,690,0.17372624918061774,0.1364312833175063,275.01665357610716,1.0495147889447114,0.0006316935608139139,1
1885,15441920,15474688,690,690,0.1783616550237639,0.16972952708601952,319.51934795300167,0.21544092372246704,0.0005582186373577578,1
1886,15450112,15482880,690,690,0.18060967698693275,0.1786157700116746,398.5241314903433,0.04821215741175472,0.0004531963379771123,1
1887,15458304,15491072,6514,-1678,0.2144378125667572,0.1744453539722599,398.0241009224838,0.8964196112089996,0.0005387558493813909,1
1888,15466496,15499264,1533,1533,0.21010180935263634,0.17840153351426125,390.523646837413,0.710312092850074,0.0005380002236845549,1
1889,15474688,15507456,1438,1438,0.1666734809987247,0.16533377394080162,377.0228286660175,0.03504926665852033,0.0004420779547711977,1
1890,15482880,15515648,5939,-2253,0.22064312919974327,0.21960577997379005,445.026947446181,0.02046641656636237,0.0004957972331022192,1
1891,15491072,15523840,5958,-2234,0.254352081567049,0.22760742157697678,465.5281899717651,0.4824887720260339,0.0005463731027383666,1
1892,15499264,15532032,4144,-4048,0.23866630718111992,0.23814362473785877,504.5305515381274,0.009521537897002583,0.00047304629314025575,1
1893,15507456,15540224,4144,-4048,0.25397440791130066,0.24522380530834198,509.5308552262976,0.15227329132849468,0.00049844755289354,1
1894,15515648,15548416,5609,-2583,0.2268442027270794,0.2190608810633421,455.0275544496668,0.15162854762517977,0.0004985284968103441,1
1895,15523840,15556608,5632,-2560,0.22758232709020376,0.22032552398741245,455.0275538721579,0.14073722233690983,0.0005001506505563047,1
1896,15532032,15564800,7195,-997,0.2081109620630741,0.20325684268027544,421.02549455879455,0.10249781777908354,0.0004942953924468634,1
1897,15540224,15572992,5632,-2560,0.21833454072475433,0.2050902508199215,419.5254029032159,0.2717743071450791,0.00052043222940453,1
1898,15548416,15581184,1151,1151,0.17521610110998154,0.17501307930797338,415.02513043523766,0.005035060647379443,0.00042218190721663546,1
1899,15556608,15589376,7686,-506,0.20270466851070523,0.19114113599061966,403.52443454562615,0.25509588305369335,0.0005023355493675454,1
1900,15564800,15597568,7686,-506,0.20761454291641712,0.1835406068712473,411.5249195325757,0.5352560820972978,0.0005045005370567424,1
1901,15572992,15605760,1129,1129,0.18831073585897684,0.18146203830838203,405.52455683967315,0.16089295591907066,0.0004643633355437628,1
1902,15581184,15613952,3505,3505,0.21173060405999422,0.19153204536996782,423.5256469646097,0.43542190025561256,0.0004999239256877558,1
1903,15589376,15622144,101,101,0.20225594216026366,0.18353014579042792,418.0253134259092,0.4219388019032236,0.0004838365899487843,1
1904,15597568,15630336,101,101,0.18980323688447243,0.17670354974688962,311.01883343368297,0.31058340555339126,0.0006102628409637554,1
1905,15605760,15638528,101,101,0.19087905345804757,0.16589350887807086,271.0164107238296,0.6092887955158872,0.00070430810056206,1
1906,15613952,15646720,1453,1453,0.16880491739721037,0.1589966044994071,270.0163507908388,0.2599724404417361,0.000625165538689806,1
1907,15622144,15654912,2713,2713,0.15741752836038359,0.1563659834500868,289.5175318397323,0.02910808531395223,0.0005437236472695716,1
1908,15630336,15663104,269,269,0.20698972139507532,0.18049160460941494,372.52255804684296,0.5949177405909024,0.0005556434554737685,1
1909,15638528,15671296,269,269,0.1926339566707611,0.19217662792652845,419.5254043099907,0.010322764055628441,0.0004591711364597657,1
1910,15646720,15679488,269,269,0.24983408767729998,0.22123374696820974,401.52431256137913,0.5280031885451931,0.0006222140972823632,1
1911,15654912,15687680,5887,-2305,0.18768722005188465,0.18719091406092048,393.52382780880123,0.011499367902699807,0.0004769399126272856,1
1912,15663104,15695872,7897,-295,0.20149543415755033,0.18016601307317615,406.0245854402832,0.48592341500900915,0.0004962641213931752,1
1913,15671296,15704064,7897,-295,0.19663943257182837,0.19386985152959824,422.0255546301729,0.061603346217980394,0.0004659420037825585,1
1914,15679488,15712256,241,241,0.17610750840321998,0.17224253516178578,332.02010548412795,0.09637463603124627,0.0005304121813539955,1
1915,15687680,15720448,6897,-1295,0.27940073181525804,0.2465355383537826,393.02379948165594,0.5434800717122719,0.0007109002869132836,1
1916,15695872,15728640,6013,-2179,0.2924660677599604,0.23970666914829053,445.5269785448447,0.8639536881383557,0.0006564497367032558,1
1917,15704064,15736832,6013,-2179,0.22745424095046474,0.22087899943289813,367.0222248945189,0.12739612477678727,0.0006197287943961279,1
1918,15712256,15745024,6013,-2179,0.22744597351993434,0.22085605000029318,362.5219523678745,0.12768952347088577,0.0006273991741309232,1
1919,15720448,15753216,6045,-2147,0.17824151946115308,0.1674767657823395,203.01229347173344,0.27054310305442647,0.000877983871878038,1
1920,15728640,15761408,2176,2176,0.04000814599567093,0.03979068109765649,55.50336102276769,0.023670533127550436,0.0007208238430688808,1
1921,15736832,15769600,197,197,0.006847230848507024,0.006845234165666625,19.501180806090183,0.0012666066262654158,0.00035111878181082483,1
1922,15745024,15777792,1945,1945,0.009461108362302184,0.009352257940918207,27.501665476018665,0.05025540257500162,0.0003440194693136759,1
1923,15753216,15785984,1950,1950,0.008945530105847865,0.008699308149516582,23.50142325418601,0.12121366826650226,0.00038063780261710366,1
1924,15761408,15794176,7554,-638,0.007855217030737549,0.007567698135972023,20.001211282077005,0.16194388216259376,0.00039273706576844043,1
1925,15769600,15802368,1711,1711,0.009089714847505093,0.008598884392995387,21.50130199991257,0.24108149077601834,0.00042275183370486374,1
1926,15777792,15810560,445,445,0.007880839475546964,0.0077967746765352786,19.001150490955197,0.04657497995081552,0.00041475591066437523,1
1927,15785984,15818752,566,566,0.012516947201220319,0.011993994907243177,24.50148351601909,0.18534560205245618,0.0005108648704082236,1
1928,15794176,15826944,1318,1318,0.01726653170771897,0.016187570712645538,32.50196827235969,0.28023431928255693,0.0005312457252751294,1
1929,15802368,15835136,1318,1318,0.016472780844196677,0.015281729065463878,25.501544477580282,0.32594424889557944,0.0006459522817795897,1
1930,15810560,15843328,6634,-1558,0.01519953479146352,0.014855664063361473,27.501665485672817,0.09938225819902481,0.0005526768842193147,1
1931,15818752,15851520,2963,2963,0.03112334036268294,0.031028464049086324,49.50299794213871,0.01325924222286766,0.0006287162728823266,1
1932,15826944,15859712,797,797,0.041012537956703454,0.03576100047212094,58.003512160225576,0.5950698494163422,0.0007070699071361881,1
1933,15835136,15867904,797,797,0.042120417521800846,0.03716857323888689,66.5040271280782,0.5431677702026213,0.000633351382476167,1
1934,15843328,15876096,797,797,0.04229228512849659,0.03747745946748182,65.00393648293736,0.5249100835798739,0.0006506111385977022,1
1935,15851520,15884288,2815,2815,0.022858078459876197,0.022379827947588637,35.002119619553795,0.09182975667563609,0.0006530484070200886,1
1936,15859712,15892480,2187,2187,0.009673665001173504,0.009500697342446074,21.50130229537495,0.07835560429303111,0.00044991065509805716,1
1937,15867904,15900672,538,538,0.009868549910606816,0.009783436980796978,22.50136251514369,0.03761890040073812,0.00043857565976127726,1
1938,15876096,15908864,550,550,0.01117448668810539,0.01102539009298198,24.001453235035214,0.05833618155891577,0.00046557542073301855,1
1939,15884288,15917056,560,560,0.013504641130566597,0.0134719368070364,32.001937878271505,0.010530108181051575,0.00042199447989479103,1
1940,15892480,15925248,7256,-936,0.014235782669857144,0.01392217690590769,34.00205922054229,0.0967420129875763,0.00041867413316122387,1
1941,15900672,15933440,7328,-864,0.014209846965968609,0.01363240703358315,31.001877693799017,0.1801685609426476,0.00045835439731480704,1
1942,15908864,15941632,1649,1649,0.017143789807960275,0.016655621417157818,36.50221092303319,0.12545992633316136,0.00046966442235811,1
1943,15917056,15949824,1649,1649,0.017210531817909214,0.01699450951855397,35.502150306971764,0.05485655696596968,0.0004847743494153784,1
1944,15925248,15958016,1649,1649,0.017354293768221396,0.01729275970865274,31.501907929870846,0.015426379986844785,0.0005508965935287256,1
1945,15933440,15966208,1649,1649,0.01753812248352915,0.01736867265572073,31.001877642737732,0.04216468624100803,0.00056571162191002,1
1946,15941632,15974400,150,150,0.007506022171583027,0.0075037641217932105,17.5010599103203,0.0013066922497238025,0.0004288895764054129,1
1947,15949824,15982592,3527,3527,0.008158682147040963,0.00815722777042538,17.00102963729514,0.0007742476437112354,0.00047989341358144986,1
1948,15958016,15990784,1065,1065,0.010770851629786193,0.010763624799437821,20.501241511803133,0.0029149282269202974,0.000525375579014818,1
1949,15966208,15998976,1063,1063,0.010134407610166818,0.010124165506567806,22.00133242126096,0.0043913156464462574,0.00046062699368032124,1
1950,15974400,16007168,1064,1064,0.010331600089557469,0.010322567512048408,29.501786578138244,0.003798554263039224,0.00035020252289444436,1
1951,15982592,16015360,7796,-396,0.009075765497982502,0.009070335887372494,22.501362555539203,0.0025989604566911814,0.0004033429298150793,1
1952,15990784,16023552,7799,-393,0.009795777616091073,0.00979232240933925,23.001392865356262,0.0015321314877574602,0.00042587758373733377,1
1953,15998976,16031744,7590,-602,0.019975647104729433,0.019970617155195214,36.0021801846906,0.0010937089507518968,0.000554845484419407,1
1954,16007168,16039936,7606,-586,0.020307079976191744,0.020175000157905743,36.002180400642615,0.028339324265103653,0.000564051392171494,1
1955,16015360,16048128,7590,-602,0.022854191454825923,0.022527240646013524,43.50263456526888,0.06257862845408727,0.0005253518938154606,1
1956,16023552,16056320,7590,-602,0.02329826823552139,0.022932815045351163,42.50257403990237,0.0686627258756521,0.0005481613469727376,1
1957,16031744,16064512,7082,-1110,0.01165929003036581,0.011029756904463284,23.001392988468847,0.2410616500881641,0.0005068949535452437,1
1958,16039936,16072704,1521,1521,0.009757536550750956,0.009735626037581824,22.501362580974813,0.009763032477921861,0.00043364203014981307,1
1959,16048128,16080896,7088,-1104,0.009929182779160328,0.009929029401973821,23.001392747472746,6.708646794897627e-05,0.0004316774591943476,1
1960,16056320,16089088,7105,-1087,0.009108773607295007,0.00910836792900227,24.501483687931117,0.00019342644249800394,0.00037176416429760066,1
1961,16064512,16097280,2206,2206,0.012248824583366513,0.012232815264724195,33.50202845641879,0.005679978775600006,0.0003656144164315433,1
1962,16072704,16105472,2204,2204,0.011370978085324168,0.011315921263303608,28.5017255396016,0.02107905586190776,0.0003989575322211566,1
1963,16080896,16113664,3016,3016,0.013274635675770696,0.013241629625554197,31.00187706009352,0.010811743447845752,0.0004281881271266048,1
1964,16089088,16121856,3016,3016,0.013182876265091181,0.013141162054125743,29.001755806662683,0.013764048345050264,0.00045455441915218906,1
1965,16097280,16130048,7825,-367,0.0161204454198014,0.015714780896814773,33.00199799430135,0.1106870726276557,0.0004884687715751335,1
1966,16105472,16138240,7825,-367,0.017163487733341753,0.016066267038695514,35.50214945552811,0.28690562838977984,0.00048344925579341764,1
1967,16113664,16146432,5306,-2886,0.01674573856871575,0.014942548819817603,31.50190725807498,0.4947962338130424,0.0005315785622606474,1
1968,16121856,16154624,5306,-2886,0.014239415412703238,0.013403384968114551,26.501604502388616,0.26277668620941913,0.00053730389838924,1
1969,16130048,16162816,1560,1560,0.018672455451451242,0.015578507925539498,26.50160506906257,0.7867557239733567,0.0007045782850808943,1
1970,16138240,16171008,1560,1560,0.01912645625998266,0.016850920626467314,29.501786786330918,0.5501087869479699,0.0006483151816704381,1
1971,16146432,16179200,1560,1560,0.01988053577952087,0.017182101582875475,32.001938240510576,0.6335180212125748,0.0006212291152526043,1
1972,16154624,16187392,895,895,0.05693528795382008,0.053631499293260276,85.505177914312,0.259615834282937,0.00066586947530683,1
1973,16162816,16195584,895,895,0.05527582729700953,0.052508154687529895,72.50439033850728,0.2230849526469687,0.0007623790371719378,1
1974,16171008,16203776,895,895,0.05567743501160294,0.05160210839676438,80.50487454654927,0.33011772958672436,0.0006916032765122727,1
1975,16179200,16211968,895,895,0.05697168270125985,0.051669675478478894,77.50469257525748,0.42423312975825256,0.0007350739782102876,1
1976,16187392,16220160,6773,-1419,0.020657114899222506,0.018570243890280835,34.002058508484524,0.46252057621649273,0.0006075254206761612,1
1977,16195584,16228352,6773,-1419,0.021201967960223556,0.01922701863804832,44.002664030590026,0.42464226586622744,0.0004818337350094133,1
1978,16203776,16236544,868,868,0.018327383790165186,0.016565994214033708,39.00236152645635,0.4388296908492848,0.0004699044640600347,1
1979,16211968,16244736,868,868,0.01750153847387992,0.016465086926473305,33.502028698367376,0.2651219916252835,0.0005224023485697988,1
1980,16220160,16252928,1225,1225,0.015319515354349278,0.01497028415906243,27.00163510718457,0.10014982245797902,0.0005673550988130003,1
1981,16228352,16261120,4137,-4055,0.01937085976533126,0.01850549440132454,29.501786487953748,0.19848204679180168,0.0006565995511234828,1
1982,16236544,16269312,4140,-4052,0.015836019039852545,0.015645703344489448,25.00151388704682,0.05250923833878633,0.000633402405606211,1
1983,16244736,16277504,4140,-4052,0.01597923231020104,0.01581201066437643,32.00193770871712,0.04568812101831966,0.0004993207741245119,1
1984,16252928,16285696,4140,-4052,0.0161083781713387,0.01576907268463401,28.50172572372714,0.09245661871936346,0.0005651720294932452,1
1985,16261120,16293888,2971,2971,0.008551143808290362,0.00852019723970443,20.501241263584664,0.015745615596223738,0.00041710371086063625,1
1986,16269312,16302080,2970,2970,0.008679101301822811,0.008655848156195134,20.00121106174262,0.011651281608328868,0.0004339287893633496,1
1987,16277504,16310272,5301,-2891,0.007391402221401222,0.007384559517959133,19.501180766347186,0.004022409655708378,0.0003790233170986458,1
1988,16285696,16318464,6742,-1450,0.009520073755993508,0.009514057608612347,26.00157432129573,0.0027453626823441346,0.00036613451317816576,1
1989,16293888,16326656,2072,2072,0.011304392130114138,0.011300731508526951,29.501786454894535,0.0014065729477634459,0.00038317652889927506,1
1990,16302080,16334848,2067,2067,0.011634832335403189,0.011630074877757579,27.50166530381879,0.0017761838577270658,0.00042305919321138763,1
1991,16310272,16343040,2067,2067,0.011869784706505015,0.011865112057421356,28.501725793930476,0.0017099764614985228,0.00041645845561508844,1
1992,16318464,16351232,5754,-2438,0.012369499439955689,0.012354078615317121,28.501726019575273,0.005417646184093521,0.00043399124079223104,1
1993,16326656,16359424,5742,-2450,0.012253530556336045,0.012242506723850965,26.001574681988224,0.003908868921232676,0.00047126109499915383,1
1994,16334848,16367616,5333,-2859,0.015684204641729593,0.015665492741391063,34.502089306036254,0.005184404767093032,0.0004545870976858665,1
1995,16343040,16375808,5320,-2872,0.013431212864816189,0.013407509308308363,26.50160498068783,0.007671249326257937,0.0005068075263593937,1
1996,16351232,16384000,7508,-684,1463.8040739934368,850.594372526306,3100.187868074751,2.357604464074736,0.47216624807401575,1
1997,16359424,16392192,7508,-684,2947.46346312252,1602.8559361982334,7800.472560665511,2.645539403070811,0.37785703881394744,1
1998,16367616,16400384,7508,-684,4431.050537109375,2314.6102294921875,12460.254506306821,2.820288351149997,0.3556147697357687,1
1999,16375808,16408576,7508,-684,5887.7430419921875,3020.9368286132812,17113.53623066395,2.8980720413173193,0.3440401190399538,1
2000,16384000,16416768,7508,-684,5972.1763916015625,2902.5183715820312,18747.134734310283,3.133576490751419,0.3185647554274796,1
2001,16392192,16424960,7508,-684,6070.72021484375,2858.602294921875,18785.13680962441,3.270864796953556,0.3231661433380387,1
2002,16400384,16433152,7508,-684,6081.7098388671875,2827.319580078125,18779.13678580771,3.326507950951597,0.32385460035966224,1
2003,16408576,16441344,7508,-684,6185.4337158203125,2815.2402954101562,18782.136967586615,3.4185468722137857,0.3293253438889761,1
2004,16416768,16449536,7508,-684,6190.3037109375,2774.7445678710938,18773.13674629811,3.4848894720913433,0.3297426420844759,1
2005,16424960,16457728,7508,-684,6123.9793701171875,2748.5653076171875,18690.131946032525,3.4792765848777583,0.3276584342903563,1
2006,16433152,16465920,7508,-684,6231.9840087890625,2763.4618530273438,18739.13500355625,3.5317285633516224,0.3325651908482637,1
2007,16441344,16474112,7508,-684,6220.2064208984375,2779.1077880859375,18813.13947885721,3.498994059496108,0.33063096289106336,1
2008,16449536,16482304,7508,-684,6253.1849365234375,2773.2470092773438,18815.139554134308,3.531127197214418,0.3323485812333189,1
2009,16457728,16490496,7508,-684,6258.6343994140625,2746.1286010742188,18820.139761991843,3.577587114442799,0.33254983642861513,1
2010,16465920,16498688,7508,-684,6210.876953125,2725.6260375976562,18807.138645991683,3.576866559538541,0.33024039807611605,1
2011,16474112,16506880,7508,-684,6232.7696533203125,2728.9808959960938,18820.639645816605,3.586805813751904,0.33116672815664444,1
2012,16482304,16515072,7508,-684,4647.756533741951,2043.4338722229004,18835.14040959995,3.568827820401631,0.24675985592191652,1
2013,16490496,16523264,7508,-684,3127.49689078331,1600.2342076152563,18899.144033008935,2.9101333668425298,0.16548352059335994,1
2014,16498688,16531456,7540,-652,1604.2801816612482,1574.0675597190857,18956.64772214742,0.08256849967472085,0.08462889668973152,1
2015,16506880,16539648,7540,-652,1605.891853094101,1570.9992109537125,18885.14324110691,0.09540327961892947,0.08503466627664166,1
2016,16515072,16547840,7540,-652,1601.7296902537346,713.5923036336899,18927.64599550533,3.511390685342705,0.08462381907576308,1
2017,16523264,16556032,549,549,1379.3879088163376,809.8654954433441,18949.14754358114,2.312735186947322,0.07279419328198715,1
2018,16531456,16564224,197,197,1653.0661265552044,1378.7198660857975,18853.14144645733,0.7881419330673711,0.08768120322280984,1
2019,16539648,16572416,197,197,1652.7062409035861,1378.1553641743958,18900.64442180062,0.7889748723098083,0.08744179320136305,1
2020,16547840,16580608,197,197,1651.3326737508178,1289.2907344289124,18821.139504044913,1.0748371247250097,0.08773818787092696,1
2021,16556032,16588800,545,545,1352.2417073184624,1228.0621085665189,18786.637475471292,0.41833995226894516,0.07197891102566982,1
2022,16564224,16596992,461,461,1407.5152545273304,1352.3693127846345,18863.642488678754,0.1735780295882107,0.07461524227741635,1
2023,16572416,16605184,249,249,1630.3047342468053,1407.3104139864445,18795.138384313857,0.6387888827607585,0.08674076779383723,1
2024,16580608,16613376,249,249,1630.3169883098453,1407.3442299962044,18843.14151755133,0.6387171714674138,0.08652044494763766,1
2025,16588800,16621568,249,249,1630.413143252954,1465.45890969038,18844.141684351882,0.46324021984358477,0.08652095545465167,1
2026,16596992,16629760,409,409,1465.3657751083374,1385.7815823741257,18863.14280559447,0.24251258918634566,0.07768407365678938,1
2027,16605184,16637952,33,33,1855.2510349489748,1465.303095354233,18886.14428349193,1.0247521550359513,0.09823344601738639,1
2028,16613376,16646144,33,33,1855.254940185696,1551.4983640126884,18817.140272668257,0.7765227472900059,0.09859388373059208,1
2029,16621568,16654336,33,33,1855.333184786141,1551.7794269919395,18821.640563254,0.7759192267725725,0.09857446690424841,1
2030,16629760,16662528,237,237,1551.6952972784638,1274.2152612684295,18784.138460222068,0.8556364159846347,0.08260667906406177,1
2031,16637952,16670720,497,497,1351.3898795172572,1274.2191789094359,18806.13989997114,0.2553652461577546,0.07185897194773773,1
2032,16646144,16678912,497,497,1351.4530855566263,1311.2790220230818,18879.64417274023,0.13105860788309381,0.07158255066628587,1
2033,16654336,16687104,497,497,1351.0930285290815,1322.355938076973,18808.1396136803,0.0933688330633804,0.07183554866566119,1
2034,16662528,16695296,465,465,1322.1064672283828,1311.38666600734,18857.142021455955,0.035356661251640345,0.07011170970256624,1
2035,16670720,16703488,465,465,1322.0762286095414,1259.1136296987534,18894.144286641254,0.21191571410723103,0.06997280260764656,1
2036,16678912,16711680,821,821,1238.476558841765,1192.6562189608812,18921.64596335272,0.1637251383319516,0.0654528977680079,1
2037,16687104,16719872,173,173,1663.3202873417176,1238.4613795652986,19011.6514482186,1.280934165920219,0.087489521458567,1
2038,16695296,16728064,173,173,1663.5207488387823,1404.5311461985111,18965.64884552472,0.7349684777973359,0.08771230356462703,1
2039,16703488,16736256,173,173,1663.260917454958,1404.5533506125212,18967.64840029749,0.7342214267643552,0.08768935834074566,1
2040,16711680,16744448,457,457,1404.4791479031555,1217.0703549375758,18848.1408276719,0.6219961155051577,0.07451552706148976,1
2041,16719872,16752640,457,457,1250.70233891299,1195.7714950377122,18812.638708305953,0.19505765574941358,0.06648202616897084,1
2042,16728064,16760832,833,833,1195.480146751739,1138.9728752225637,18830.13988833771,0.21028986789717166,0.06348758712579451,1
2043,16736256,16769024,453,453,1338.9510884657502,1139.0360509604216,18762.63585471024,0.7022724274158605,0.07136263256580845,1
2044,16744448,16777216,453,453,1338.9058609679341,1138.9277881011367,18882.64327219655,0.7025385345502158,0.07090669678325094,1
2045,16752640,16785408,8157,-35,1721.0892694927752,1338.8143877275288,18895.64402294187,1.0908302599872255,0.09108391687539942,1
2046,16760832,16793600,8157,-35,1721.1289874576032,1615.658473405987,18816.638931872698,0.2746385647023756,0.0914684601053941,1
2047,16769024,16801792,8157,-35,1721.1445500850677,1616.0425516404212,18848.64106350331,0.27364554124720225,0.09131398620655608,1
2048,16777216,16809984,113,113,1616.5481422543526,1270.7333281515166,18708.632401137176,1.0453422229200298,0.08640653723871837,1
2049,16785408,16818176,489,489,1270.7469933684915,1198.036322109867,18658.629326669346,0.2558910561094917,0.06810505590312436,1
2050,16793600,16826368,7965,-227,1372.7052132636309,1198.0406030872837,18732.634120953553,0.5910574596665851,0.07327881409524672,1
2051,16801792,16834560,7965,-227,1372.7506384700537,1320.3403880167753,18716.13274345929,0.1690574621230445,0.07334584859416471,1
2052,16809984,16842752,7965,-227,1372.641671758145,1320.4085577093065,18810.138675346097,0.16848849038970895,0.0729735009108267,1
2053,16818176,16850944,437,437,1320.7336519137025,984.9672257006168,18859.641786139022,1.273934638772867,0.07002962553002368,1
2054,16826368,16859136,437,437,1157.523332156241,1021.7858444266021,18918.145364744953,0.5416987205905074,0.061185877888080505,1
2055,16834560,16867328,8185,-7,1795.931132124737,1425.6146523952484,18924.146348121234,1.0028752855591658,0.09490156644783265,1
2056,16842752,16875520,8185,-7,1795.985960420221,1425.5580856762826,18964.14868543939,1.0031801964374298,0.09470427543099644,1
2057,16850944,16883712,8185,-7,1796.1620744168758,1425.4317606650293,18938.646779143877,1.0039909084066565,0.09484109901637183,1
2058,16859136,16891904,7929,-263,1385.0492964871228,1342.3970028869808,18929.146292377165,0.13584257171195224,0.07317019347274457,1
2059,16867328,16900096,413,413,1342.9322646819055,1156.6159041002393,18974.14895756844,0.6486494831927831,0.07077694328663076,1
2060,16875520,16908288,557,557,1236.330387275666,1156.6414962261915,18975.14872030151,0.28935774523127755,0.06515524096804133,1
2061,16883712,16916480,165,165,1582.7420992180705,1274.3599430657923,19052.653661875673,0.9411804243740056,0.0830720028457314,1
2062,16891904,16924672,165,165,1582.8115980438888,1582.3155556824058,18868.64238629148,0.0013612626076799506,0.08388582313658344,1
2063,16900096,16932864,8061,-131,1583.704652197659,1582.8251829594374,18934.64599715113,0.0024124114842925728,0.08364057360438322,1
2064,16908288,16941056,8061,-131,1584.1633882522583,1462.1149016171694,16885.022245576627,0.3481846866333733,0.09382062784473157,1
2065,16916480,16949248,8041,-151,1461.9337772980798,1310.3958008333575,12132.734567672418,0.4752520766751346,0.12049499386505921,1
2066,16924672,16957440,8041,-151,1461.3865979726106,1310.061218304254,7536.456213066396,0.4747352978935322,0.19390898807836487,1
2067,16932864,16965632,8041,-151,822.958214542994,738.1999980826367,2737.6658151285965,0.47203744868127273,0.300605797097385,1
2068,16941056,16973824,2615,2615,0.017898383986903355,0.017539345702971332,30.501846993629393,0.08800432896346037,0.0005867967271175941,1
2069,16949248,16982016,8072,-120,0.010105308014317416,0.009722204864374362,21.501301803630806,0.1678478734131985,0.00046998586907007596,1
2070,16957440,16990208,8072,-120,0.013698374765226617,0.013063554710242897,22.50136242303338,0.20607675187580132,0.0006087797933161754,1
2071,16965632,16998400,8072,-120,0.014390708645805717,0.013852569943992421,28.001695601299012,0.1655182888677417,0.0005139227584896011,1
2072,16973824,17006592,8079,-113,0.013967512990348041,0.013842640619259328,31.001877363241114,0.03900139994644294,0.0004505376505652946,1
2073,16982016,17014784,6676,-1516,0.01217550621367991,0.012164521962404251,32.001938173821415,0.003919798289621874,0.00038046152540972827,1
2074,16990208,17022976,1621,1621,0.012957623810507357,0.012952200486324728,32.501968395305596,0.0018180901371642273,0.0003986719712760192,1
2075,16998400,17031168,640,640,0.012948332820087671,0.012941203196533024,32.00193802892065,0.002391975077587948,0.00040461089601467453,1
2076,17006592,17039360,5883,-2309,0.0639082944690017,0.06172394083114341,82.50499582415887,0.15103581343194708,0.0007745990873717282,1
2077,17014784,17047552,5883,-2309,0.06582522035751026,0.06183029740350321,95.50578284718401,0.2719098617260102,0.0006892275880596179,1
2078,17022976,17055744,5883,-2309,0.06448044379067142,0.061896192928543314,92.50560112933394,0.17764080331856183,0.0006970436709072352,1
2079,17031168,17063936,5883,-2309,0.06702449711156078,0.0626790608803276,97.50590407202719,0.29111083316169994,0.0006873891150432292,1
2080,17039360,17072128,5389,-2803,0.03661278897197917,0.030752261052839458,47.5028765252066,0.7575575975200953,0.0007707488819661523,1
2081,17047552,17080320,785,785,0.01497796131297946,0.014351457357406616,30.501847083565057,0.18556699587113093,0.0004910509606826354,1
2082,17055744,17088512,785,785,0.014956225058995187,0.014548641920555383,34.50208936876689,0.1199953682147217,0.00043348751720915634,1
2083,17063936,17096704,7673,-519,0.016813597205327824,0.016272505628876388,40.00242208087286,0.14206208594774072,0.00042031447924167664,1
2084,17072128,17104896,7231,-961,0.015188633900834247,0.01513367066218052,33.50202846647169,0.015744355676067193,0.0004533646049532432,1
2085,17080320,17113088,2146,2146,0.017838070023572072,0.017297409605816938,37.002240385704404,0.13366794709760715,0.0004820808101788265,1
2086,17088512,17121280,7991,-201,0.03511964247445576,0.03258028563186599,59.00357269113987,0.3259519858936719,0.0005952121350056726,1
2087,17096704,17129472,7992,-200,0.034376540657831356,0.03219059558659865,64.50390602641983,0.28533159080807985,0.0005329373486894149,1
2088,17104896,17137664,7992,-200,0.03440590127138421,0.03310455440077931,70.00423916022041,0.16745192289860733,0.0004914831113675643,1
2089,17113088,17145856,7992,-200,0.033585744284209795,0.03209479004726745,61.00369417345384,0.19720437989788817,0.0005505526302835747,1
2090,17121280,17154048,1971,1971,0.02831053890986368,0.027787592596723698,47.00284635996617,0.08097213615994026,0.0006023154149655217,1
2091,17129472,17162240,881,881,0.02021470596355357,0.019832696221783408,32.501968231116365,0.0828566878603946,0.0006219532866382118,1
2092,17137664,17170432,881,881,0.019283938107946597,0.018578578790766187,32.50196817720834,0.16183240322368037,0.000593316010981429,1
2093,17145856,17178624,306,306,0.020714996848255396,0.019922453560866416,37.50227099145508,0.16942048396960727,0.0005523664647662358,1
2094,17154048,17186816,6544,-1648,0.011690719402395189,0.010440092300996184,26.50160477060478,0.49136898527746775,0.000441132508902343,1
2095,17162240,17195008,6711,-1481,0.008696249802596867,0.00845026021124795,18.501120294814463,0.12461923999136984,0.00047003909298585947,1
2096,17170432,17203200,7947,-245,0.0075277662836015224,0.00741776981158182,17.5010597638517,0.06392774817173874,0.00043013202544168577,1
2097,17178624,17211392,3275,3275,0.008723497041501105,0.008664299384690821,18.501120279952506,0.029571677050337364,0.00047151182790556396,1
2098,17186816,17219584,238,238,0.014777064672671258,0.014758076169528067,28.501725448244546,0.005584265411129875,0.0005184621085310958,1
2099,17195008,17227776,2855,2855,0.015800950583070517,0.01536579115781933,39.00236155840243,0.1212828860380227,0.00040512804742374526,1
2100,17203200,17235968,572,572,0.014352716505527496,0.014282560674473643,36.002179891714334,0.021280290789330816,0.00039866242957223487,1
2101,17211392,17244160,575,575,0.016048242920078337,0.015874778968282044,36.002180025028615,0.04719802454942968,0.00044575753215282085,1
2102,17219584,17252352,7804,-388,0.012621178408153355,0.012380243395455182,26.001574715182983,0.08370722807843872,0.00048540054002127524,1
2103,17227776,17260544,6859,-1333,0.015530283435509773,0.014491832058411092,28.5017257069454,0.30056089413980513,0.000544889232153592,1
2104,17235968,17268736,0,0,0.018739047867711633,0.016383479756768793,33.50202847337636,0.5834137171137732,0.0005593406943285036,1
2105,17244160,17276928,7278,-914,0.017872378695756197,0.017139271891210228,36.50221006055016,0.1818998975891821,0.0004896245642691046,1
2106,17252352,17285120,7278,-914,0.01826366933528334,0.01757107092998922,36.00217986011594,0.16789803739743564,0.0005072934307379611,1
2107,17260544,17293312,7270,-922,0.015262834960594773,0.01473469618940726,32.501967862731505,0.15294022471632662,0.00046959725715857214,1
2108,17268736,17301504,7275,-917,0.015358900534920394,0.014187595224939287,33.502028356027,0.34451338424825206,0.0004584468848184631,1
2109,17276928,17309696,5994,-2198,0.013546698435675353,0.013226799375843257,30.00181646793233,0.10378696826953686,0.00045152927490756583,1
2110,17285120,17317888,5987,-2205,0.012811560998670757,0.012732022714772029,31.50190733994784,0.02704643939358925,0.00040669159681084785,1
2111,17293312,17326080,1578,1578,0.01135887741111219,0.011278393678367138,29.001756201882966,0.03088162716748783,0.000391661709451054,1
2112,17301504,17334272,3318,3318,0.013106078404234722,0.013067589636193588,25.001514120519364,0.012772739073710316,0.000524211387400663,1
2113,17309696,17342464,3319,3319,0.0136107009020634,0.013018469093367457,26.001574761521017,0.19320573997259638,0.0005234567916326932,1
2114,17317888,17350656,2269,2269,0.01173120953990292,0.011596432363148779,29.001756633140946,0.05018392831232336,0.00040449996489169243,1
2115,17326080,17358848,8083,-109,0.02585264650406316,0.0251111755205784,43.502634407804926,0.12637964242212119,0.0005942777226251122,1
2116,17334272,17367040,8083,-109,0.025898318097461015,0.02545669293613173,46.502815972668444,0.07469576766963106,0.0005569193511352622,1
2117,17342464,17375232,8083,-109,0.0252151241293177,0.025003019953146577,39.0023616184812,0.03668642987410911,0.0006465024958224468,1
2118,17350656,17383424,6026,-2166,0.03531395972822793,0.03338124882429838,57.50348137036535,0.24443837395874424,0.000614118639196463,1
2119,17358848,17391616,6026,-2166,0.03312739767716266,0.03113446105271578,42.00254301672014,0.26945968868562264,0.0007886998095323773,1
2120,17367040,17399808,6026,-2166,0.03429677942767739,0.03235999494791031,40.50245217810634,0.2524489524177248,0.0008467827892706351,1
2121,17375232,17408000,6026,-2166,0.034446094985469244,0.032494110928382725,47.502876055418085,0.2533533609350327,0.0007251370410769137,1
2122,17383424,17416192,6668,-1524,0.009567967543262057,0.009561295802996028,25.501544122673238,0.003029390151901099,0.00037519169416706994,1
2123,17391616,17424384,6669,-1523,0.009093141423363704,0.009047227838891558,21.001271570370797,0.02198418198818228,0.00043298051705557546,1
2124,17399808,17432576,7166,-1026,0.007290265581104904,0.0072189718775916845,20.001211088076204,0.04267999791188377,0.00036449120750748054,1
2125,17408000,17440768,7612,-580,0.00819838735696976,0.008161947887856513,19.50118093038651,0.019346164112267666,0.0004204046609400526,1
2126,17416192,17448960,6838,-1354,0.007920077536255121,0.007736623345408589,19.501181107636683,0.10177979372670096,0.00040613322303609657,1
2127,17424384,17457152,2653,2653,0.015157949732383713,0.01468086673412472,31.001877361974497,0.13888766135393626,0.0004889365103732644,1
2128,17432576,17465344,6860,-1332,0.016606848337687552,0.016356727457605302,38.0023014379846,0.0659080213132722,0.00043699585838999843,1
2129,17440768,17473536,2654,2654,0.01721765211550519,0.01661720228730701,40.502452631355645,0.15416021879453023,0.00042510146909414216,1
2130,17448960,17481728,2184,2184,0.02205424231942743,0.020611252053640783,49.00296732033855,0.2938776775810741,0.0004500593234539468,1
2131,17457152,17489920,416,416,0.018606648198328912,0.01833127790268918,43.002604143203826,0.06475404986774867,0.0004326865446652148,1
2132,17465344,17498112,7559,-633,0.01875781891430961,0.018044095719233155,39.50239190131823,0.16847216666865472,0.00047485273704865567,1
2133,17473536,17506304,7559,-633,0.01831739838962676,0.017457208421546966,39.00236176782742,0.20888994112739478,0.0004696484407448515,1
2134,17481728,17514496,2421,2421,0.01244868221692741,0.01221595611423254,24.50148364177772,0.08195916801879191,0.0005080787106173864,1
2135,17489920,17522688,7860,-332,0.010599034038023092,0.010481698031071573,24.5014835230982,0.04834642974681339,0.00043258744018626874,1
2136,17498112,17530880,7347,-845,0.009198610321618617,0.009140701731666923,22.001332139088156,0.02742683540449524,0.0004180933346884082,1
2137,17506304,17539072,8147,-45,0.016205918218474835,0.016056540480349213,27.501665308144165,0.04021664410631344,0.0005892704327863273,1
2138,17514496,17547264,8147,-45,0.01648152936832048,0.016309014114085585,33.50202848984996,0.045698000877007317,0.0004919561623951772,1
2139,17522688,17555456,8147,-45,0.016585728648351505,0.016380003071390092,36.002179995134775,0.05420576949369277,0.00046068678759433044,1
2140,17530880,17563648,1404,1404,0.0173092158511281,0.016861781492480077,38.0023011280309,0.1137393665174316,0.00045547809836075004,1
2141,17539072,17571840,4449,-3743,0.01403503492474556,0.012640418659429997,31.001877076506837,0.4545203935016924,0.00045271564976887425,1
2142,17547264,17580032,4449,-3743,0.013902010337915272,0.013422955409623682,33.001998416973855,0.15229459641182155,0.00042124753059696765,1
2143,17555456,17588224,2477,2477,0.014187829219736159,0.01355105868424289,31.50190756195367,0.19942726145236486,0.0004503800029199332,1
2144,17563648,17596416,2477,2477,0.014357813983224332,0.013789783901302144,30.501846953579086,0.17530861974828002,0.00047071949462849125,1
2145,17571840,17604608,2477,2477,0.0133347931841854,0.012958907826032373,26.001574480477093,0.12417883561814362,0.0005128456045689709,1
2146,17580032,17612800,2794,2794,0.009695538610685617,0.009035926035721786,24.00145327339014,0.3059927288522129,0.00040395631465511454,1
2147,17588224,17620992,128,128,0.008068750670645386,0.0078001733345445246,23.001392785359464,0.14702042068312615,0.0003507940039083719,1
2148,17596416,17629184,7839,-353,0.01081838074605912,0.01049937195784878,24.501483851255408,0.12998940490833624,0.0004415398190467067,1
2149,17604608,17637376,1457,1457,0.01203061087289825,0.011667377140838653,30.501847265635273,0.13314443476772642,0.0003944223695085008,1
2150,17612800,17645568,1252,1252,0.010487287623504926,0.010064767382573336,25.501544478955307,0.17859437189093938,0.0004112412733338317,1
2151,17620992,17653760,475,475,0.017924917774507776,0.017479349611676298,34.00205957385636,0.10931903185844252,0.0005271715301707771,1
2152,17629184,17661952,6987,-1205,0.01692950952474348,0.01686706479813438,33.00199885224197,0.01604862717263068,0.00051298436802392,1
2153,17637376,17670144,7545,-647,0.01976024479881744,0.018359475641773315,39.50239235062436,0.3193204720319897,0.0005002290652025564,1
2154,17645568,17678336,7675,-517,0.023766469588736072,0.022402467409847304,46.002785950400124,0.25668819657758607,0.0005166310930464279,1
2155,17653760,17686528,5854,-2338,0.020320181705756113,0.019416224284213968,36.00218003168574,0.19762807093925777,0.0005644153128469497,1
2156,17661952,17694720,5854,-2338,0.019855347694829106,0.01810811886389274,28.001695597007675,0.40004159974224845,0.0007090766209511575,1
2157,17670144,17702912,7681,-511,0.008795482623099815,0.008787782993749715,19.50118088901744,0.0038035104809863505,0.0004510230776872186,1
2158,17678336,17711104,4738,-3454,0.007258472731336951,0.007258273079060018,19.50118096332975,0.00011945911750399947,0.00037220682916516023,1
2159,17686528,17719296,2705,2705,0.009390701190568507,0.009386940975673497,22.501362598775692,0.0017393457464404787,0.0004173392233179451,1
2160,17694720,17727488,2707,2707,0.010665337438695133,0.010664990288205445,27.501665311724462,0.00014136261196262832,0.00038780696797107426,1
2161,17702912,17735680,7215,-977,0.009693789994344115,0.00968520762398839,21.00127168302019,0.0038467173630248475,0.00046158109569058504,1
2162,17711104,17743872,1447,1447,0.009511901065707207,0.009492561686784029,19.50118085601382,0.008838964361548607,0.0004877602610804927,1
2163,17719296,17752064,1381,1381,0.007605088612763211,0.007596974377520382,15.500938547975066,0.004636170666751381,0.0004906211704036906,1
2164,17727488,17760256,7483,-709,0.011721262359060347,0.011629125627223402,21.50130198469852,0.03427324797565847,0.0005451419810484884,1
2165,17735680,17768448,728,728,0.027050816890550777,0.025415199939743616,43.502634177251416,0.27086854006722555,0.0006218202047336321,1
2166,17743872,17776640,728,728,0.027039971231715754,0.025722117032273673,45.5027552322127,0.21699515334621552,0.0005942490975265908,1
2167,17752064,17784832,728,728,0.026897013034613337,0.025616844541218597,42.00254328470962,0.21178420718926314,0.000640366295257287,1
2168,17760256,17793024,728,728,0.026694376101659145,0.025895965642121155,37.50227082432639,0.1318766483661429,0.0007118069256847096,1
2169,17768448,17801216,7404,-788,0.009859988061180047,0.009857858211034909,23.00139299936256,0.0009382182578579972,0.0004286691706651548,1
2170,17776640,17809408,2783,2783,0.012089353811461478,0.011872185255924705,23.001393064305635,0.07872423184522408,0.0005255922446811346,1
2171,17784832,17817600,2783,2783,0.01268204941879958,0.01240713190054521,28.50172605750536,0.09518041943575183,0.0004449572420004372,1
2172,17793024,17825792,674,674,0.010237026959657669,0.010045246875961311,23.00139289691193,0.08213232413344329,0.00044506117544872896,1
2173,17801216,17833984,34,34,0.012317053246079013,0.01219890211996244,26.00157428584699,0.04186072180854926,0.0004737041346293925,1
2174,17809408,17842176,3906,3906,0.012789740052539855,0.012564740209199954,26.001574079653476,0.07708204197467017,0.0004918832995786963,1
2175,17817600,17850368,3906,3906,0.012959697021869943,0.012718879588646814,26.501604508743423,0.08145992687470158,0.0004890155619669848,1
2176,17825792,17858560,868,868,0.018942403432447463,0.01859158754814416,37.50227060093577,0.08118605859893327,0.0005051001747071497,1
2177,17833984,17866752,7433,-759,0.03437665141245816,0.029613569560751785,46.00278569893095,0.6477281078003534,0.0007472732550902245,1
2178,17842176,17874944,7433,-759,0.034582454929477535,0.030016267846804112,43.00260422394548,0.6149912751098559,0.0008041944331878559,1
2179,17850368,17883136,7433,-759,0.03184730173234129,0.028109517828852404,46.002785699898304,0.5421924647621772,0.0006922907221336315,1
2180,17858560,17891328,7433,-759,0.033026625103957485,0.02806111438985681,38.50233166431579,0.7075928249861985,0.0008577824686541458,1
2181,17866752,17899520,6629,-1563,0.011834726727101952,0.011337012343574315,28.50172578108802,0.18659614698440857,0.0004152284257451787,1
2182,17874944,17907712,816,816,0.014294010237790644,0.014038460794836283,33.50202843809903,0.07834595338912452,0.00042666103827717104,1
2183,17883136,17915904,548,548,0.012438402642146684,0.011763942107791081,24.001453318098143,0.24211732594504484,0.0005182353950528315,1
2184,17891328,17924096,548,548,0.013849583425326273,0.01378011514316313,30.50184685718167,0.02183864229200723,0.000454057208082316,1
2185,17899520,17932288,1402,1402,0.020658522116264066,0.020372475119074807,40.00242205388531,0.06055453361802782,0.0005164317822664833,1
2186,17907712,17940480,973,973,0.039374993968522176,0.03224145548301749,54.00326998734556,0.8680586124667357,0.000729122402731331,1
2187,17915904,17948672,973,973,0.04026083560893312,0.03276802835171111,59.00357263185148,0.8943247365510097,0.0006823457260823457,1
2188,17924096,17956864,973,973,0.03985034261131659,0.030972095992183313,56.00339089173636,1.0946146296554784,0.0007115701741766631,1
2189,17932288,17965056,7533,-659,0.03025146536219836,0.030116752503090538,37.50227072374119,0.019382764816718013,0.0008066568977927879,1
2190,17940480,17973248,7568,-624,0.01880954671651125,0.01792157650925219,31.001876978442283,0.2100211915731095,0.0006067228358331597,1
2191,17948672,17981440,2974,2974,0.01850592586561106,0.01832755922805518,35.50214977660812,0.04206186396073451,0.0005212621202393879,1
2192,17956864,17989632,2428,2428,0.019686369691044092,0.018936348729766905,34.00205905651361,0.16869393562693344,0.0005789758102097311,1
2193,17965056,17997824,2974,2974,0.0208195528248325,0.019939274730859324,43.5026342150233,0.18762039950712492,0.0004785814284699713,1
2194,17973248,18006016,1200,1200,0.012890850615804084,0.012573471722134855,29.001756230277238,0.1082636626354312,0.0004444851723271262,1
2195,17981440,18014208,6993,-1199,0.011336322466377169,0.011285216634860262,23.501423033361636,0.01962290742596792,0.00048236749112105256,1
2196,17989632,18022400,2350,2350,0.01055732316490321,0.010344498812628444,25.501544153135622,0.08844361633238969,0.0004139876041037735,1
2197,17997824,18030592,980,980,0.00908641770365648,0.009083581280719955,23.001392848272136,0.0013559085399419963,0.0003950377163502536,1
2198,18006016,18038784,3629,3629,0.037785803693623166,0.03643916537112091,58.003512297222585,0.1576024295450049,0.0006514399248790402,1
2199,18014208,18046976,3466,3466,0.03888225229457021,0.03865522309752123,63.003815210064225,0.025432298066387433,0.0006171412344622451,1
2200,18022400,18055168,3466,3466,0.03842259733937681,0.03791631258172856,54.50330042611093,0.05760624576346318,0.0007049590949352797,1
2201,18030592,18063360,3629,3629,0.03808753678458743,0.036134217865765095,53.00320968061938,0.22864227926031325,0.000718589251747034,1
2202,18038784,18071552,8110,-82,0.010214600595645607,0.009988070698454976,20.501241621190005,0.09739782061244681,0.0004982430227585745,1
2203,18046976,18079744,2459,2459,0.015876274439506233,0.014874261163640767,25.00151391607836,0.283131949745995,0.0006350125233534868,1
2204,18055168,18087936,2459,2459,0.01787677442189306,0.015798028602148406,33.50202867535075,0.5368626425783319,0.000533602743736112,1
2205,18063360,18096128,2459,2459,0.01756020647007972,0.016460258440929465,34.50208913376482,0.2809296821914594,0.0005089606719755052,1
2206,18071552,18104320,2459,2459,0.01679738341954362,0.01633652632153826,30.00181661656914,0.12081918760036765,0.000559878877809916,1
2207,18079744,18112512,1525,1525,0.014486912434222177,0.01447091344743967,26.001574488378427,0.004798890918857816,0.0005571551999936464,1
2208,18087936,18120704,1819,1819,0.056120505800208775,0.05231893550262612,65.50396681348447,0.3046267744731432,0.0008567497287607926,1
2209,18096128,18128896,6116,-2076,0.07581149031466339,0.06859205271393876,101.50614692214197,0.4346123422739142,0.0007468660038176103,1
2210,18104320,18137088,6116,-2076,0.07559100695084453,0.06921393901575357,107.50651024668544,0.38276564674444236,0.000703129575849804,1
2211,18112512,18145280,6116,-2076,0.07376047447337442,0.06870136762154289,98.00593492139,0.3085831916649604,0.0007526123242693136,1
2212,18120704,18153472,1259,1259,0.05884819896891713,0.04352002039377112,62.00375453995069,1.3104408572994817,0.0009491070243334966,1
2213,18128896,18161664,3448,3448,0.015121771924896166,0.014823364894255064,28.50172598527217,0.08655884099807634,0.0005305563576293628,1
2214,18137088,18169856,2855,2855,0.0156440878927242,0.01454623402969446,28.501725925246934,0.3159967675474043,0.0005488821250248081,1
2215,18145280,18178048,7616,-576,0.023868234478868544,0.022251247872191016,49.502997493645424,0.304659239855181,0.00048215735788388267,1
2216,18153472,18186240,7616,-576,0.023165871331002563,0.022123820395790972,47.002846077748,0.19988515685823158,0.0004928610342591511,1
2217,18161664,18194432,7616,-576,0.02264925168128684,0.02074946185166482,38.00230095720031,0.3804702020141284,0.0005959968504747994,1
2218,18169856,18202624,7616,-576,0.023128251370508224,0.022335218731313944,38.5023311741506,0.15152588915154175,0.000600697429615272,1
2219,18178048,18210816,7455,-737,0.011716985729435692,0.011509147559991106,23.00139255776739,0.07772742744375952,0.0005094033198211279,1
2220,18186240,18219008,3551,3551,0.009106927318498492,0.008842186885885894,20.001210903887575,0.12812180739138113,0.0004553187985597615,1
2221,18194432,18227200,176,176,0.013030220317887142,0.0130168517207494,29.001755906655646,0.004458012377667597,0.0004492907381134403,1
2222,18202624,18235392,165,165,0.012079247826477513,0.011890693887835369,22.00133213014081,0.06832692808062399,0.000549023475261732,1
2223,18210816,18243584,5217,-2975,0.0162431173666846,0.014839615862001665,28.001695819487367,0.3924672341950672,0.0005800762022198828,1
2224,18219008,18251776,2409,2409,0.014459786791121587,0.013998208363773301,29.00175625921971,0.14089435641365824,0.0004985831430993009,1
2225,18227200,18259968,8036,-156,0.01852966155274771,0.014931945450371131,27.501665492428067,0.9375109224727343,0.0006737650691682442,1
2226,18235392,18268160,8036,-156,0.01982992806006223,0.01729057647753507,35.00211972333138,0.5951166551702884,0.0005665350617849634,1
2227,18243584,18276352,7446,-746,0.013350223249290138,0.012756985262967646,31.001877274125306,0.19740474431958807,0.00043062628534538657,1
2228,18251776,18284544,583,583,0.014648986863903701,0.01392107893479988,32.50196830287034,0.22134693563673116,0.00045071076088059594,1
2229,18259968,18292736,7436,-756,0.018563969526439905,0.017777609056793153,40.002422429869874,0.18797495333166275,0.00046407113366659915,1
2230,18268160,18300928,6699,-1493,0.016240057884715497,0.015945928578730673,39.00236183558221,0.07937758299602068,0.0004163865243129852,1
2231,18276352,18309120,1010,1010,0.01872123242355883,0.017983368132263422,40.00242238246244,0.1746340037413906,0.000468002468564665,1
2232,18284544,18317312,1010,1010,0.017728227889165282,0.01715893915388733,37.502270889734476,0.14174891542832174,0.0004727241169285576,1
2233,18292736,18325504,1870,1870,0.012169850946520455,0.011783581197960302,23.00139279928238,0.14007960342637304,0.0005290919142470425,1
2234,18300928,18333696,5307,-2885,0.0194552906032186,0.01927496811549645,35.50214980440568,0.040440539176744665,0.0005480031691152481,1
2235,18309120,18341888,7864,-328,0.03372795760515146,0.030913343041902408,50.503058307982386,0.37844070070379965,0.0006678399038622282,1
2236,18317312,18350080,7866,-326,0.03990035175229423,0.038973325135884807,65.0039362671442,0.10209263725084594,0.000613814394074803,1
2237,18325504,18358272,7866,-326,0.04612306412309408,0.03959714021766558,82.50499608091323,0.6625432987732083,0.0005590335896490543,1
2238,18333696,18366464,7866,-326,0.04523623990826309,0.041780405677855015,91.50554113446336,0.34513846102260015,0.0004943551980288322,1
2239,18341888,18374656,2013,2013,0.038313115132041276,0.03322444320656359,67.50408760157343,0.6188975315545211,0.0005675673354504868,1
2240,18350080,18382848,2013,2013,0.038242689610342495,0.03230488138797227,58.003512508613156,0.732802778272793,0.0006593167888697034,1
2241,18358272,18391040,3355,3355,0.02772162074688822,0.026790534961037338,48.502937151767085,0.14837231934668735,0.0005715451965341082,1
2242,18366464,18399232,7784,-408,0.015262676926795393,0.014988965005613863,29.001756314677728,0.07859065710689596,0.0005262673322674249,1
2243,18374656,18407424,7784,-408,0.01543950910854619,0.015065156650962308,34.00205914843936,0.10659836117120303,0.0004540757088017371,1
2244,18382848,18415616,3153,3153,0.013685944257304072,0.013628313317894936,22.50136267332654,0.01832657251934403,0.0006082273529828307,1
2245,18391040,18423808,1167,1167,0.009239938750397414,0.009072800516150892,21.5013020035762,0.07927730242582781,0.0004297385688020466,1
2246,18399232,18432000,3840,3840,0.007677344081457704,0.007591620087623596,17.501059665964377,0.048765388720521066,0.00043867881305429817,1
2247,18407424,18440192,3840,3840,0.008405697182752192,0.008404419058933854,17.50105966047144,0.0006604143773692316,0.00048029647037531217,1
2248,18415616,18448384,3430,3430,0.009118190384469926,0.008765646212850697,26.001574457879126,0.17124717604518194,0.00035067839446572,1
2249,18423808,18456576,1633,1633,0.00855879788286984,0.008406502194702625,24.001453472204982,0.07797439883275606,0.00035659498258225916,1
2250,18432000,18464768,7969,-223,0.006446592495194636,0.006428036460420117,19.50118100266521,0.01251886810339946,0.0003305744659420158,1
2251,18440192,18472960,6729,-1463,0.00821731038740836,0.008207623468479142,21.50130239736701,0.005122670157802612,0.00038217733212359407,1
2252,18448384,18481152,1409,1409,0.00796522173914127,0.007952564541483298,20.001211442050796,0.006906679309353833,0.00039823696490679005,1
2253,18456576,18489344,4372,-3820,0.018651259528269293,0.014827306840743404,28.001696018439354,0.9964589017138802,0.0006660760661063987,1
2254,18464768,18497536,4372,-3820,0.019371371952729532,0.01558016912167659,34.00205926503394,0.9458821256233313,0.0005697117283908186,1
2255,18472960,18505728,4372,-3820,0.02176051604328677,0.01730497443350032,35.50214975965523,0.9949822829450944,0.000612935165633702,1
2256,18481152,18513920,4372,-3820,0.021244453906547278,0.017561843153089285,37.00224068997395,0.8267547783287886,0.0005741396604747676,1
2257,18489344,18522112,192,192,0.017207187484018505,0.01675842294935137,29.501786402872,0.11476743711012807,0.0005832591711240708,1
2258,18497536,18530304,192,192,0.016065898700617254,0.015766777374665253,31.501907673924734,0.0816208883327691,0.0005099976441717394,1
2259,18505728,18538496,8170,-22,0.010632763762259856,0.010625758877722546,30.501847082078427,0.002862082998471361,0.0003485940944378811,1
2260,18513920,18546688,8169,-23,0.010371711119660176,0.010368171671871096,29.00175627688835,0.0014823253093147186,0.00035762355288550046,1
2261,18522112,18554880,117,117,0.009812517906539142,0.009812515112571418,23.001392913579394,1.236588762903521e-06,0.0004266053774832958,1
2262,18530304,18563072,7696,-496,0.008896499756588128,0.008896222260773357,21.501301993793163,0.00013546538972388566,0.0004137656295956544,1
2263,18538496,18571264,2856,2856,0.00898748918552883,0.008977945079095662,20.00121130248374,0.004614364548615313,0.000449347244504775,1
2264,18546688,18579456,2856,2856,0.00996646424755454,0.009852778748609126,18.001090169501413,0.04982382666356227,0.0005536589258599657,1
2265,18554880,18587648,156,156,0.023283366521354765,0.02315218368312344,42.00254355595831,0.024538154098327616,0.0005543322987174638,1
2266,18563072,18595840,156,156,0.022879877302329987,0.02273124852217734,35.00211965513074,0.02830400976843289,0.0006536711927095012,1
2267,18571264,18604032,155,155,0.0236051976098679,0.023553885577712208,37.502270880080204,0.009450794929959679,0.0006294338197638612,1
2268,18579456,18612224,5736,-2456,0.02336970344185829,0.02318848020513542,41.5025129023876,0.03380915792563321,0.0005630912879136496,1
2269,18587648,18620416,3018,3018,0.013277739111799747,0.01290781982243061,26.501604565561948,0.12271236593906434,0.0005010164225698914,1
2270,18595840,18628608,7692,-500,0.01676821941509843,0.01667120208730921,36.00218000259792,0.02520032131901822,0.000465755668514752,1
2271,18604032,18636800,3018,3018,0.01642986957449466,0.016037957277148962,34.002058964035534,0.10485063639063624,0.0004832021964279507,1
2272,18612224,18644992,7692,-500,0.012461217702366412,0.012204795755678788,25.001514107490344,0.09029967380482125,0.0004984185217259737,1
2273,18620416,18653184,7692,-500,0.012103381988708861,0.011979016999248415,22.501362698830924,0.044855588372536684,0.0005378955110722117,1
2274,18628608,18661376,5397,-2795,0.013554035431297962,0.013459633184538689,24.001453349222203,0.030353923656893357,0.000564717279161647,1
2275,18636800,18669568,5395,-2797,0.015133902372326702,0.014606291661038995,25.001513844539463,0.15410959577587505,0.0006053194405118821,1
2276,18644992,18677760,2540,2540,0.023985482308489736,0.022746687311155256,41.50251312560251,0.2303029823753881,0.0005779284313675288,1
2277,18653184,18685952,2540,2540,0.023724769322143402,0.022595114300202113,38.00230113415156,0.21187455833834962,0.0006242982296885871,1
2278,18661376,18694144,2437,2437,0.02666848177614156,0.02655178252462065,54.00327000955047,0.019046099403409456,0.0004938308693422684,1
2279,18669568,18702336,2437,2437,0.0268570960543002,0.02683792950847419,51.503118682805166,0.003100445657924524,0.000521465432408207,1
2280,18677760,18710528,2437,2437,0.0266227529864409,0.0259072311782802,39.50239192151024,0.11831962199990032,0.0006739529352890657,1
2281,18685952,18718720,7091,-1101,0.02802456200151937,0.027799966395832598,50.50305809886633,0.034945627413134166,0.0005549082185608965,1
2282,18694144,18726912,1364,1364,0.019718907689821208,0.018783845775033114,29.501786549652255,0.2109834013812804,0.000668397070009092,1
2283,18702336,18735104,1364,1364,0.019684495171532035,0.018750647781416774,24.50148376025717,0.2110800539593716,0.0008034001272796968,1
2284,18710528,18743296,1364,1364,0.018044816970359534,0.01800190343055874,28.00169550123515,0.010340537020756145,0.0006444187270575662,1
2285,18718720,18751488,1221,1221,0.00940574484411627,0.009319707285612822,19.001150499684677,0.03990920975640421,0.0004950092282186996,1
2286,18726912,18759680,2918,2918,0.009232233162038028,0.00919445720501244,18.501120277826995,0.017806684045279055,0.0004990094125868998,1
2287,18735104,18767872,2923,2923,0.011403951270040125,0.011394551489502192,27.001635104318595,0.0035811764422400646,0.0004223429887109391,1
2288,18743296,18776064,1037,1037,0.008234166685724631,0.00823020882671699,22.501362961314168,0.00208799460262604,0.00036594079655891755,1
2289,18751488,18784256,590,590,0.0077169835567474365,0.007675546970858704,19.001150924908004,0.023382411408998084,0.00040613242783264715,1
2290,18759680,18792448,586,586,0.012894677929580212,0.01245772037509596,23.501423251786967,0.14971920722997475,0.0005486764691410655,1
2291,18767872,18800640,3052,3052,0.014966548919773004,0.0148789398081135,25.50154434940916,0.025496826933449387,0.0005868879435185956,1
2292,18776064,18808832,3052,3052,0.01495118279578378,0.014926613977877423,28.001695625803016,0.007142497507074286,0.0005339384798542898,1
2293,18784256,18817024,3052,3052,0.0151721738075139,0.014872463420033455,33.00199837733743,0.08664899778642543,0.00045973500253041274,1
2294,18792448,18825216,3058,3058,0.012179325029137544,0.012177564596640877,28.001695623485443,0.0006277863324456027,0.0004349495542306574,1
2295,18800640,18833408,3983,3983,0.009547194000333548,0.00952762842644006,24.001453332301267,0.008909360797311252,0.0003977756625047738,1
2296,18808832,18841600,3984,3984,0.008534351829439402,0.008530639577656984,24.001453303444933,0.001889494640237621,0.00035557646120597475,1
2297,18817024,18849792,194,194,0.009091822226764634,0.009088545077247545,25.001513894806664,0.0015656977037476817,0.00036365086790417103,1
2298,18825216,18857984,190,190,0.00897574721602723,0.008973065559985116,28.001695636344195,0.0012977219659614737,0.000320542988988758,1
2299,18833408,18866176,570,570,0.010451046557136578,0.01045068626262946,29.001756043199162,0.00014972339151616377,0.00036035909486202723,1
2300,18841600,18874368,4213,-3979,0.008863058959832415,0.008850889251334593,23.501422954227337,0.00596731797506798,0.00037712860949290586,1
2301,18849792,18882560,7020,-1172,728.418129969592,422.1510384386347,2035.6234083945524,2.369128847132784,0.35783540657163004,1
2302,18857984,18890752,7020,-1172,1460.4651191385638,1257.290196767106,6746.408446821061,0.6505565968408042,0.21648038814292983,1
2303,18866176,18898944,876,876,2520.284356355638,2157.141113284946,11429.692178753823,0.6757098753925599,0.22050325738784893,1
2304,18874368,18907136,876,876,3795.050530668348,2867.149169921875,16116.975808663588,1.2176727416467028,0.23546914605582148,1
2305,18882560,18915328,876,876,5111.60009765625,2853.5283813476562,18843.140614550455,2.5317467334118664,0.27127113267462066,1
2306,18890752,18923520,876,876,5145.36474609375,2836.7002563476562,18866.14229932376,2.5860271865736175,0.2727300931191524,1
2307,18898944,18931712,876,876,5176.2264404296875,2856.2709350585938,18913.14501234537,2.5821386623548497,0.2736840666663824,1
2308,18907136,18939904,876,876,5125.32080078125,2840.970703125,18915.145345735793,2.562542984779568,0.27096386028758146,1
2309,18915328,18948096,876,876,5019.4354248046875,2805.3889770507812,18829.640084168448,2.526617851669775,0.26657097014960573,1
2310,18923520,18956288,876,876,5001.2698974609375,2804.1614990234375,18805.63838348215,2.5127727004873543,0.2659452338429405,1
2311,18931712,18964480,876,876,4990.7108154296875,2787.490234375,18771.636560965773,2.529490510278452,0.2658644492301487,1
2312,18939904,18972672,876,876,4999.850341796875,2787.1988525390625,18757.635506828603,2.5378905046205427,0.2665501384743674,1
2313,18948096,18980864,876,876,4979.2393798828125,2795.345947265625,18747.135163107065,2.507274426459884,0.2656000149655707,1
2314,18956288,18989056,876,876,4964.5899658203125,2779.9520263671875,18747.63537561953,2.518460838079721,0.26481152776613853,1
2315,18964480,18997248,876,876,4871.4805908203125,2758.9194946289062,18681.630861852656,2.469219486176799,0.260763132878711,1
2316,18972672,19005440,876,876,4856.5230712890625,2711.8998413085938,18647.128789504888,2.5305181054831865,0.2604434777123675,1
2317,18980864,19013632,876,876,4891.7178955078125,2302.9448852539062,18650.628692588372,3.271778589747842,0.26228166225043914,1
2318,18989056,19021824,876,876,3636.1635196208954,1712.2673339247704,18581.12464278734,3.2707183394266695,0.19569125063871468,1
2319,18997248,19030016,876,876,2446.921719610691,1198.744354724884,18676.13045079362,3.0989350094630335,0.13101866717292673,1
2320,19005440,19038208,876,876,1230.8532364964485,1199.612937450409,18701.13214024898,0.11165131113902506,0.06581704397710658,1
2321,19013632,19046400,908,908,1199.8188364505768,1164.190909922123,18716.633301727532,0.1309147186036734,0.06410441542068543,1
2322,19021824,19054592,61,61,2612.8103737533092,1196.039991825819,18791.1373117736,3.393621903536239,0.139044823652917,1
2323,19030016,19062784,61,61,2612.2353608049452,1835.3927999436855,18726.633445873667,1.5328328035327365,0.13949305775409088,1
2324,19038208,19070976,61,61,2611.931851591915,2364.136098669842,18741.134495986647,0.4328936708251231,0.1393689294610874,1
2325,19046400,19079168,61,61,2561.952914442867,2363.968913624063,18794.13781435693,0.34929382440891105,0.13631659721499856,1
2326,19054592,19087360,57,57,2632.804071199149,2364.0138082429767,18789.137589771442,0.4676853191419942,0.14012373152413407,1
2327,19062784,19095552,57,57,2632.9097835570574,2555.7097555175424,18816.139552013752,0.12924447562719962,0.1399282661716482,1
2328,19070976,19103744,57,57,2632.8772158520296,2555.7713512554765,18750.63553372849,0.12908608632620563,0.14041535878162803,1
2329,19079168,19111936,8165,-27,2555.854047574103,2538.183113338193,18793.63811597353,0.030130993434035174,0.1359957040676319,1
2330,19087360,19120128,8165,-27,2443.108223842457,1953.261408507824,18850.64180016676,0.971823360111726,0.1296034506273863,1
2331,19095552,19128320,7929,-263,1991.3352542929351,1823.5475521087646,18890.14388379391,0.38227289728876146,0.10541662713333415,1
2332,19103744,19136512,7929,-263,1991.5222459249198,1737.2086302004755,19003.150587490763,0.5933318376978353,0.10479958240376638,1
2333,19111936,19144704,7941,-251,2003.2511519491673,1993.6720205545425,18938.646556873915,0.02081687183698279,0.1057758349274475,1
2334,19120128,19152896,321,321,2596.617641247809,2002.9076067851856,18888.64333608439,1.1274708738760089,0.1374697798590593,1
2335,19128320,19161088,177,177,2626.6665201708674,2596.629478044808,18868.642226123564,0.04994955465225496,0.13920803037614746,1
2336,19136512,19169280,9,9,2711.764816071838,2626.8000510782003,18856.141571235796,0.13825005598012916,0.14381334621545877,1
2337,19144704,19177472,9,9,2712.2732647694647,2630.3284161537886,18857.64148419606,0.13323466301038717,0.1438288699592962,1
2338,19152896,19185664,9,9,2712.5407013595104,2630.0503813633695,18783.13727141825,0.1341219550988385,0.14441361217580537,1
2339,19161088,19193856,141,141,2629.9924260610715,2626.166149582714,18836.14054286574,0.006322986760783959,0.13962480371581168,1
2340,19169280,19202048,8169,-23,2626.162915179506,2580.0270859459415,18798.138170287522,0.07697398890754384,0.1397033520761348,1
2341,19177472,19210240,373,373,2653.047786529176,2558.0804561506957,18862.142811467846,0.15830872851222483,0.14065463362498615,1
2342,19185664,19218432,373,373,2653.1783808022738,2558.4883018136024,18940.647688597375,0.15783014242953208,0.14007854559269042,1
2343,19193856,19226624,373,373,2653.06493287161,2641.4197817072272,18880.644364840875,0.019104533565756743,0.14051771123935208,1
2344,19202048,19234816,345,345,2706.419327357784,2652.827881474048,18948.648783906912,0.08686012848463204,0.14282914619518125,1
2345,19210240,19243008,345,345,2706.18631679751,2641.3712969385087,18890.144575217233,0.10528239632444668,0.14325916384715595,1
2346,19218432,19251200,345,345,2706.231378097087,2520.3112717457116,18832.641202982457,0.3091074352021391,0.1436989824703139,1
2347,19226624,19259392,345,345,2705.6696352250874,2126.919910892844,18921.146306211507,1.0452363087461363,0.142997130905164,1
2348,19234816,19267584,8157,-35,2603.564963836223,2126.898560605943,18842.640945704195,0.8782164126937507,0.1381741005063195,1
2349,19243008,19275776,8157,-35,2603.52104434371,1849.5662313476205,18890.143754657198,1.4849120480698095,0.13782431082356558,1
2350,19251200,19283968,8157,-35,2603.5110570527613,1847.2381278201938,18902.144346030553,1.4903654242074569,0.1377362805717595,1
2351,19259392,19292160,8157,-35,2475.0862228907645,1847.1321461834013,18810.13863541051,1.270923662224272,0.13158256145073588,1
2352,19267584,19300352,1,1,2649.6338372761384,1847.1944535188377,18817.639472534538,1.566732454426254,0.14080585618315392,1
2353,19275776,19308544,149,149,2671.938925072551,2649.7083241194487,18744.135327908374,0.036284567659170465,0.14254799585736389,1
2354,19283968,19316736,325,325,2724.523117462173,2671.940476965159,18779.136873903924,0.08463718128021003,0.14508244632096248,1
2355,19292160,19324928,325,325,2724.4850083831698,2671.867949206382,18832.140118319083,0.08469432169445178,0.14467208672331988,1
2356,19300352,19333120,325,325,2724.4906941093504,2623.537268653512,18850.64123482802,0.16398090899676188,0.14453039873655027,1
2357,19308544,19341312,325,325,2722.436860386282,2600.733807951212,18879.643067080942,0.1986191297925916,0.14419959374831598,1
2358,19316736,19349504,8141,-51,2600.769099883735,1582.5640604998916,18821.639700850857,2.1574049778160584,0.1381797304177576,1
2359,19324928,19357696,8141,-51,2475.7884677946568,1582.6392866522074,18745.13524025125,1.9433159342954438,0.13207631932568936,1
2360,19333120,19365888,749,749,1582.5376727813855,1500.8322332166135,18777.637304778706,0.23021908889912704,0.08427778463793455,1
2361,19341312,19374080,749,749,1581.5437764236704,973.1048785075545,18833.64044108963,2.109215676659625,0.08397440640170624,1
2362,19349504,19382272,289,289,2695.581820135005,973.0680770464242,18907.64486967669,4.425092935783531,0.14256571025712828,1
2363,19357696,19390464,289,289,2695.4551347298548,1439.0603365660645,18937.646603272482,2.725531041766767,0.14233316267841178,1
2364,19365888,19398656,289,289,2695.527540056035,2665.6009001135826,18926.145795988625,0.04848646971847837,0.14242347961978338,1
2365,19374080,19406848,69,69,2765.309163246304,2689.294035224244,18810.13873475846,0.12105404132213399,0.1470116303893286,1
2366,19382272,19415040,69,69,2765.581181984395,2664.733259547502,18857.642011858494,0.16132668893343483,0.14665572611068123,1
2367,19390464,19423232,69,69,2765.531949007185,2649.6318925675005,18850.141459210747,0.1859313748591056,0.1467114692476678,1
2368,19398656,19431424,69,69,2687.09309073654,2502.817769449204,18837.140744816847,0.3085348253308957,0.1426486708963997,1
2369,19406848,19439616,8121,-71,2502.889551948756,1677.2974292188883,18047.592940362898,1.7383160405130413,0.13868273515584004,1
2370,19415040,19447808,8121,-71,2502.8426503644005,1677.263443281874,13270.80358591872,1.7383226564454017,0.18859767113274867,1
2371,19423232,19456000,8121,-71,2380.817861297415,1677.2070894306526,8621.02208006489,1.521394825623563,0.27616422266250534,1
2372,19431424,19464192,7809,-383,1548.2921503278776,362.85204508039897,3936.73829004818,6.301233368060567,0.3932931366664277,1
2373,19439616,19472384,1407,1407,0.10817891510669142,0.10459298850037158,132.50802376649187,0.14640049595808244,0.0008163952040921411,1
2374,19447808,19480576,1407,1407,0.10904745303560048,0.1027069818956079,157.00950743290943,0.2601555903280144,0.0006945277061148462,1
2375,19456000,19488768,1407,1407,0.08028502366505563,0.07551444196724333,128.50778151560831,0.2660452230594401,0.0006247483437826243,1
2376,19464192,19496960,1725,1725,0.08858458779286593,0.08419755683280528,162.5098401470151,0.22058678903013929,0.0005451029163078837,1
2377,19472384,19505152,7214,-978,0.06402906234143302,0.0629046851536259,110.00666128486533,0.07694148956749322,0.0005820471378149363,1
2378,19480576,19513344,750,750,0.13906181740458123,0.12581246037734672,189.51147607032672,0.4348424544049584,0.0007337910098540741,1
2379,19488768,19521536,750,750,0.16434772123466246,0.1267680522869341,210.51274783389744,1.1275386903166476,0.0007807019903817847,1
2380,19496960,19529728,750,750,0.1633359387924429,0.11134157818742096,166.51008343495826,1.664243801992435,0.0009809372226772365,1
2381,19505152,19537920,750,750,0.16313532106869388,0.11200864671263844,168.01017441843823,1.6329645190188815,0.0009709847729959302,1
2382,19513344,19546112,7958,-234,0.05874132190365344,0.04869136180832356,64.00387588292676,0.8149179444003927,0.0009177775735191512,1
2383,19521536,19554304,7140,-1052,0.009498991566943005,0.009439737928914838,19.00115060665228,0.027175647660020202,0.0004999166505010185,1
2384,19529728,19562496,1410,1410,0.03774921587319113,0.03733261616434902,44.002664466542996,0.04819509768827604,0.000857884774270735,1
2385,19537920,19570688,582,582,0.06841320660896599,0.06714796363667119,90.50547963083983,0.08107100235460962,0.000755901265735673,1
2386,19546112,19578880,8073,-119,0.06829927062790375,0.06783817109680967,93.50566134524414,0.029419349326575757,0.0007304292557829984,1
2387,19554304,19587072,8073,-119,0.06990694953128695,0.06941505894064903,99.00599426010356,0.030666548550092418,0.0007060880510692205,1
2388,19562496,19595264,7587,-605,0.0659319605329074,0.06579346396028996,67.00405653755618,0.00913237814876322,0.000983999535848283,1
2389,19570688,19603456,2532,2532,0.04064638348063454,0.03605750680435449,50.50305784112489,0.5202621607795513,0.0008048301472853785,1
2390,19578880,19611648,1190,1190,0.07111104315845296,0.07039760406769346,98.50596460756479,0.04379171049080525,0.0007218958104897535,1
2391,19587072,19619840,1304,1304,0.07201583229470998,0.07174300064798445,101.00611643703405,0.01648447173573149,0.0007129848650265031,1
2392,19595264,19628032,1304,1304,0.08034157764632255,0.07460719777736813,144.00872051873,0.32159627272081553,0.000557893836962972,1
2393,19603456,19636224,6883,-1309,0.11509622121229768,0.10743734380230308,198.01199033887207,0.2990580266859421,0.0005812588470795394,1
2394,19611648,19644416,7733,-459,0.14077204291243106,0.13268646434880793,242.51468439554873,0.25689791480560353,0.0005804681199544505,1
2395,19619840,19652608,7733,-459,0.14205237105488777,0.1313215689297067,259.51571339836914,0.34112424401566854,0.0005473748359770051,1
2396,19628032,19660800,7733,-459,0.13863583677448332,0.12778757717751432,223.51353306462542,0.35386871969987743,0.0006202570147481806,1
2397,19636224,19668992,7733,-459,0.13725759112276137,0.122766069645877,179.01083829620492,0.484580205996724,0.000766755758640963,1
2398,19644416,19677184,6062,-2130,0.055454222892876714,0.05514366866555065,105.00635772642906,0.024389676843282613,0.0005281034795754985,1
2399,19652608,19685376,2008,2008,0.054039974413171876,0.05129250163008692,80.00484405377635,0.22661253793738984,0.0006754587806814318,1
2400,19660800,19693568,2008,2008,0.05701749801664846,0.05105031852872344,86.0052075177049,0.4800969991263607,0.0006629540194401708,1
2401,19668992,19701760,2044,2044,0.06753787544948864,0.06063666490899777,100.50608529252305,0.4681208828712669,0.000671977972805523,1
2402,19677184,19709952,2044,2044,0.06773252346829395,0.055659977660980076,78.00472282269627,0.8525422845101137,0.0008683131099927001,1
2403,19685376,19718144,2044,2044,0.06957474281080067,0.05806922276678961,88.00532834703446,0.785055963859128,0.000790574208602963,1
2404,19693568,19726336,2044,2044,0.0693391963141039,0.05899988068267703,83.50505585692402,0.7012767024151343,0.0008303592591196918,1
2405,19701760,19734528,1997,1997,0.013216876424849033,0.013105542166158557,24.00145333476901,0.03673837369265063,0.0005506698382177878,1
2406,19709952,19742720,2438,2438,0.013269403309095651,0.013249784125946462,26.501604757102065,0.006425916749142058,0.000500701879403723,1
2407,19718144,19750912,6616,-1576,0.01060854597017169,0.01044452772475779,22.501362609251856,0.06767055599310622,0.0004714623800520324,1
2408,19726336,19759104,5629,-2563,0.0095287945587188,0.00938806845806539,20.00121121493754,0.06461715812463789,0.0004764108761374608,1
2409,19734528,19767296,3128,3128,0.010406916728243232,0.010136591969057918,26.001574427209768,0.11430114459717457,0.0004002417914106288,1
2410,19742720,19775488,3133,3133,0.008655056823045015,0.008619564468972385,19.00115049635508,0.01784601231196985,0.00045550172473531443,1
2411,19750912,19783680,115,115,0.017802474147174507,0.01606099435593933,25.501544200930034,0.4470793427685779,0.0006980939666596839,1
2412,19759104,19791872,115,115,0.017977239447645843,0.016122024273499846,26.001574419032814,0.47303432346465807,0.0006913904195926973,1
2413,19767296,19800064,115,115,0.016922199487453327,0.015232058562105522,25.501544249381226,0.4569820966898245,0.0006635754808402997,1
2414,19775488,19808256,115,115,0.017029793591063935,0.015609498310368508,33.502028746795304,0.37820439093327657,0.0005083212637590776,1
2415,19783680,19816448,8180,-12,0.013691827392904088,0.013687634404050186,30.501846799826538,0.0013301882627723138,0.0004488851931740065,1
2416,19791872,19824640,8180,-12,0.013422362535493448,0.012296506785787642,24.501483486220863,0.3804721106412148,0.0005478183614082761,1
2417,19800064,19832832,8180,-12,0.013315944539499469,0.012092286531697027,24.001453267535325,0.41863548251336,0.0005547974279336988,1
2418,19808256,19841024,8040,-152,0.017063099614460953,0.016472730043460615,28.501725761516926,0.15292344965910717,0.000598668998404987,1
2419,19816448,19849216,499,499,0.015033412564662285,0.013902583828894421,23.501423038551806,0.3396205361035049,0.0006396809478303263,1
2420,19824640,19857408,2265,2265,0.019183830067049712,0.018895165936555713,34.00205884144883,0.06584608507076115,0.0005641961316667225,1
2421,19832832,19865600,2265,2265,0.017925887514138594,0.017524125083582476,29.50178626221434,0.09844322454027465,0.0006076204116866623,1
2422,19841024,19873792,2528,2528,0.015310474744183011,0.01527118610101752,25.50154413304315,0.011158877473624493,0.0006003744190668341,1
2423,19849216,19881984,2522,2522,0.014861340663628653,0.014760702804778703,26.00157437538472,0.02950953398926571,0.000571555416186554,1
2424,19857408,19890176,3046,3046,0.012994677585083991,0.012968515758984722,20.00121110961272,0.008752344448805623,0.0006496945366892638,1
2425,19865600,19898368,3046,3046,0.013131288418662734,0.013130041304975748,27.50166531503239,0.00041248070731458414,0.00047747248278398553,1
2426,19873792,19906560,6544,-1648,0.013107013815897517,0.011803209083154798,27.501665159493747,0.45503656886891586,0.00047658982610268943,1
2427,19881984,19914752,6544,-1648,0.012962680484633893,0.011666828591842204,21.501301925884285,0.4574199900408988,0.0006028788642342074,1
2428,19890176,19922944,6544,-1648,0.015351483831182122,0.014494782080873847,26.00157456126974,0.24938669103415662,0.0005904059308026944,1
2429,19898368,19931136,6544,-1648,0.012788269843440503,0.011893735849298537,25.001513834638075,0.3149350275683735,0.0005114998206917828,1
2430,19906560,19939328,3408,3408,0.011573259718716145,0.011394606088288128,23.501423081039956,0.06756383145926756,0.0004924493158907047,1
2431,19914752,19947520,3408,3408,0.01206640456803143,0.011892401205841452,28.00169553051276,0.06308330174873682,0.00043091692625837484,1
2432,19922944,19955712,4987,-3205,0.009150799945928156,0.009138859692029655,23.001392635506825,0.005670512431608772,0.0003978367784480247,1
2433,19931136,19963904,891,891,0.007592934358399361,0.007585506362374872,23.001392895316595,0.004250684246040484,0.0003301075892645349,1
2434,19939328,19972096,422,422,0.009388297359691933,0.00938581905211322,23.001392724200226,0.0011465949060256563,0.00040816212619222475,1
2435,19947520,19980288,8136,-56,0.010415012249723077,0.010406064160633832,24.501483681046597,0.003732857876984628,0.0004250767988299308,1
2436,19955712,19988480,8132,-60,0.011533471406437457,0.011524924542754889,27.501665362622052,0.003219526556043097,0.00041937356354109303,1
2437,19963904,19996672,8170,-22,0.011418433976359665,0.011302904807962477,28.001695681885316,0.04416475032681157,0.0004077765184680015,1
2438,19972096,20004864,2217,2217,0.009793695055122953,0.009550091621349566,21.50130219397466,0.10939039204172914,0.0004554931123133302,1
2439,19980288,20013056,2217,2217,0.010057693696580827,0.009770411619683728,21.00127182942092,0.12585544619256592,0.0004789087907757515,1
2440,19988480,20021248,7853,-339,0.017432807333534583,0.015078026757691987,26.001574712798394,0.6302282070290328,0.0006704519832390718,1
2441,19996672,20029440,7853,-339,0.017261770408367738,0.015869396345806308,26.50160490891286,0.3652492895222991,0.0006513481152442342,1
2442,20004864,20037632,7853,-339,0.0182253101374954,0.017691811895929277,33.00199864876374,0.12902614192810574,0.0005522486783744573,1
2443,20013056,20045824,7853,-339,0.016647124546580017,0.016109273536130786,27.501665606998305,0.14263272834340934,0.0006053133211809487,1
2444,20021248,20054016,2325,2325,0.010330483200959861,0.010167750442633405,21.001271876519993,0.06895757459616547,0.0004918979794033155,1
2445,20029440,20062208,1433,1433,0.009653655346482992,0.009340742137283087,21.001271770643143,0.14310406625896613,0.0004596700357917114,1
2446,20037632,20070400,3447,3447,0.009333299938589334,0.009285335661843419,21.50130179934947,0.022376147476501268,0.00043408069081992594,1
2447,20045824,20078592,7704,-488,0.01162787267821841,0.011579022917430848,28.501725665927964,0.018283542319572136,0.00040797083006517064,1
2448,20054016,20086784,73,73,0.011648663901723921,0.011592669819947332,32.00193756424284,0.02092648216925395,0.00036399870721388704,1
2449,20062208,20094976,71,71,0.010571817518211901,0.01056732062716037,24.001453171443572,0.0018477337963628034,0.00044046572691648644,1
2450,20070400,20103168,5787,-2405,0.016906727221794426,0.016859081108123064,33.50202851660944,0.0122564564622646,0.0005046478667228316,1
2451,20078592,20111360,6371,-1821,0.016548986808629707,0.016148873954080045,34.002058753647226,0.10629165006276126,0.0004867054353541043,1
2452,20086784,20119552,6371,-1821,0.01549721253104508,0.014888055098708719,31.001877051434292,0.1741562166553372,0.0004998798139007556,1
2453,20094976,20127744,7482,-710,0.02125773683656007,0.020830016466788948,43.50263414885349,0.08827413062963031,0.0004886540149229174,1
2454,20103168,20135936,7482,-710,0.01708021163358353,0.01697976721334271,27.001635025235114,0.02561515619540257,0.0006325621251313394,1
2455,20111360,20144128,7482,-710,0.016226172301685438,0.016097563406219706,25.501544258791547,0.03455938934028932,0.0006362819497133604,1
2456,20119552,20152320,7482,-710,0.015479709749342874,0.015267198177753016,25.00151417162742,0.06003470187811784,0.0006191508899452891,1
2457,20127744,20160512,3054,3054,0.008099959435639903,0.007892017587437294,17.501059855117028,0.11294799539351841,0.0004628267946453315,1
2458,20135936,20168704,7724,-468,0.008746491133933887,0.008597986248787493,23.501423235739246,0.07437114053650587,0.00037216857235407183,1
2459,20144128,20176896,976,976,0.008972727810032666,0.008957174490205944,24.001453548548536,0.0075345894887327205,0.00037384101724852756,1
2460,20152320,20185088,7265,-927,0.007242968102218583,0.007213028700789437,18.001090095678432,0.017989123268526606,0.00040236274935135296,1
2461,20160512,20193280,7413,-779,0.011186518939211965,0.009925562771968544,22.501362476916228,0.5193982194367639,0.000497148514926064,1
2462,20168704,20201472,2913,2913,0.02010728781169746,0.0200907223043032,35.50214949126132,0.0035794353191870077,0.0005663681805138805,1
2463,20176896,20209664,722,722,0.024848100263625383,0.024761168286204338,50.00302757152748,0.015220589959117854,0.0004969319153341484,1
2464,20185088,20217856,7897,-295,0.03346894006244838,0.03085011150687933,65.50396592576301,0.353852206603352,0.0005109452471989165,1
2465,20193280,20226048,7641,-551,0.04332241229712963,0.04312779626343399,83.00502601296941,0.019553639883922933,0.000521925169812736,1
2466,20201472,20234240,6466,-1726,0.051623401464894414,0.04651531856507063,96.50584369978611,0.4525061719058931,0.0005349251349533441,1
2467,20209664,20242432,8033,-159,0.048660099040716887,0.04549921699799597,88.00532893697935,0.29169065649788584,0.0005529221881047954,1
2468,20217856,20250624,1357,1357,0.05755623569712043,0.05591741274110973,111.50675203094036,0.12545313684653653,0.0005161681660420886,1
2469,20226048,20258816,111,111,0.05506517551839352,0.05426645040279254,105.5063884487647,0.06345612784049352,0.0005219131877036422,1
2470,20234240,20267008,111,111,0.05149609828367829,0.051068968954496086,85.00514700308655,0.036172351482487666,0.0006057997674165361,1
2471,20242432,20275200,645,645,0.050321232090936974,0.04977222578600049,78.50475346734626,0.04764203473174855,0.0006409959890118996,1
2472,20250624,20283392,3856,3856,0.025884947055601515,0.023938056314364076,48.00290664021014,0.3395839670041886,0.0005392370768214839,1
2473,20258816,20291584,281,281,0.023314077174291015,0.022442840680014342,42.502573538763485,0.16540403288150235,0.0005485333059427085,1
2474,20267008,20299776,281,281,0.02224353316705674,0.021980968362186104,42.00254337772948,0.05156950640630761,0.0005295758632285746,1
2475,20275200,20307968,281,281,0.02456299075856805,0.023522166768088937,55.50336076612412,0.18803920112838157,0.00044254961176260534,1
2476,20283392,20316160,6594,-1598,0.024902960285544395,0.02449477300979197,56.003391331425604,0.07177556727062351,0.0004446687904696659,1
2477,20291584,20324352,6892,-1300,0.02300865005236119,0.02234325133031234,42.002543634800716,0.12744768037628476,0.0005477918254764372,1
2478,20299776,20332544,809,809,0.032052451595518505,0.03126796022843337,54.50330035126218,0.10761702121996541,0.0005880827654279148,1
2479,20307968,20340736,813,813,0.038820659363409504,0.03857947274809703,59.003572960907306,0.027066195448112722,0.0006579374335369495,1
2480,20316160,20348928,6791,-1401,0.040892486460506916,0.039281699631828815,68.00411773077614,0.1745324807909555,0.0006013236819334617,1
2481,20324352,20357120,6214,-1978,0.050640536937862635,0.04831105568155181,98.00593404561553,0.20451774137321435,0.0005167088853445617,1
2482,20332544,20365312,7342,-850,0.04624929663259536,0.042506524827331305,89.00538928876425,0.36649532154160286,0.0005196235531597604,1
2483,20340736,20373504,7041,-1151,0.04373589833267033,0.04204042523633689,90.50548009403728,0.17170951094422707,0.00048324033293042283,1
2484,20348928,20381696,7041,-1151,0.04393701470689848,0.04086729959817603,78.00472325434932,0.3145460387893104,0.0005632609523353278,1
2485,20357120,20389888,199,199,0.03128048122744076,0.03029460262041539,54.503300410502945,0.13908165590300964,0.0005739190286064386,1
2486,20365312,20398080,8003,-189,0.02861740393564105,0.028428622405044734,47.00284612080726,0.028744184853321066,0.000608844065784618,1
2487,20373504,20406272,5278,-2914,0.012460373458452523,0.01176068582572043,31.001877171670635,0.25098410647579017,0.00040192319289100183,1
2488,20381696,20414464,5278,-2914,0.012156227603554726,0.011920827557332814,33.00199820075886,0.08492417204186939,0.0003683482293891889,1
2489,20389888,20422656,1324,1324,0.07224433013470843,0.06741573091130704,86.5052383634321,0.3004252111407155,0.0008351439924503797,1
2490,20398080,20430848,5858,-2334,0.08903354682843201,0.0831457803142257,147.5089321078293,0.29713461230915,0.0006035807157992868,1
2491,20406272,20439040,2312,2312,0.10810925322584808,0.10761484631802887,206.51250501170864,0.01990677613457136,0.0005234997910645586,1
2492,20414464,20447232,2337,2337,0.12970487587153912,0.12608517799526453,270.51638086605965,0.12292266535143258,0.00047947142962761905,1
2493,20422656,20455424,403,403,0.1220514876767993,0.11993410240393132,251.01519980396887,0.076003881822343,0.000486231462366087,1
2494,20430848,20463616,7542,-650,0.10751065625663614,0.10677183140069246,205.51244459172236,0.02994820837110348,0.0005231345307103922,1
2495,20439040,20471808,6726,-1466,0.09738433128222823,0.0905822464483208,150.0090837757143,0.3144599937040898,0.0006491895612657176,1
2496,20447232,20480000,3342,3342,0.0522276321426034,0.052181639533955604,93.00563196606348,0.00382616162631788,0.0005615534354055093,1
2497,20455424,20488192,7984,-208,0.03081130317877978,0.029752185684628785,59.00357295179268,0.15191191588581784,0.0005221938543273193,1
2498,20463616,20496384,2587,2587,0.020029854960739613,0.01913984166458249,42.50257387892616,0.19739463781685418,0.00047126216444672584,1
2499,20471808,20504576,2263,2263,0.04089806787669659,0.03237588162301108,59.50360317595964,1.0148118791248248,0.0006873208628350767,1
2500,20480000,20512768,2263,2263,0.04013784136623144,0.030332938709761947,53.00320950415603,1.2163952461777068,0.0007572719037530019,1
2501,20488192,20520960,2263,2263,0.038029368297429755,0.03042062564054504,52.003148942857436,0.9695096979185404,0.0007312897213054833,1
2502,20496384,20529152,2263,2263,0.03831926829298027,0.030474886922092992,51.00308834842309,0.9947510479406779,0.0007513127054425719,1
2503,20504576,20537344,5494,-2698,0.014532563305692747,0.014406847447389737,33.50202857990732,0.037732659770330676,0.000433781592390157,1
2504,20512768,20545536,2689,2689,0.012487297761254013,0.012117447069613263,26.001574330702166,0.13057336298585787,0.00048025160332346677,1
2505,20520960,20553728,2689,2689,0.012627236865228042,0.012573237967444584,26.001574500808953,0.018611918532681807,0.00048563354749287153,1
2506,20529152,20561920,343,343,0.012889762496342883,0.012375842168694362,26.501605006069067,0.1767015312944112,0.00048637667391809023,1
2507,20537344,20570112,902,902,0.008780397535929296,0.008776864898663916,22.00133255898594,0.0017476584374577007,0.0003990848059947689,1
2508,20545536,20578304,5327,-2865,0.03431249543791637,0.030379515461390838,46.50281649863278,0.5287146125708622,0.0007378584357127096,1
2509,20553728,20586496,1429,1429,0.06590508140652673,0.05232700446504168,89.50541997611307,1.00193027175276,0.0007363250339936428,1
2510,20561920,20594688,6306,-1886,0.12350723030976951,0.09689111053012311,173.51050681673007,1.0540844897239414,0.000711814129159473,1
2511,20570112,20602880,6306,-1886,0.12197040097089484,0.0952999844448641,170.510325187817,1.071616217868653,0.0007153256017578088,1
2512,20578304,20611072,6306,-1886,0.11887854427914135,0.0922624421218643,151.00914397420465,1.1007853242574102,0.0007872274562356844,1
2513,20586496,20619264,6306,-1886,0.11614449211629108,0.09097922485671006,110.00666133970947,1.060563868946945,0.0010557950827871005,1
2514,20594688,20627456,7930,-262,0.021776396315544844,0.021470378735102713,41.50251265508342,0.06146306383859355,0.0005247006728610098,1
2515,20602880,20635648,1095,1095,0.020649352634791285,0.02056919550523162,36.50220982881338,0.016891348437892355,0.0005657014392178392,1
2516,20611072,20643840,329,329,0.020349379803519696,0.020026125013828278,36.00217963508507,0.06954254652823824,0.0005652263282328798,1
2517,20619264,20652032,1095,1095,0.02003130957018584,0.019889588715159334,35.00211891451171,0.030835400261822438,0.0005722884839946348,1
2518,20627456,20660224,7590,-602,0.010495435853954405,0.009848467860138044,20.501241189717323,0.27631806698104366,0.0005119414847535443,1
2519,20635648,20668416,2335,2335,0.010588453384116292,0.010556239816651214,26.00157433802667,0.01323281003266971,0.0004072235490999072,1
2520,20643840,20676608,7593,-599,0.011640945598628605,0.011104376237199176,27.50166515813483,0.20494091584025398,0.00042328148247362693,1
2521,20652032,20684800,2328,2328,0.01050738972844556,0.009706129552796483,19.501181000504477,0.3444875715155394,0.0005388078664658178,1
2522,20660224,20692992,5308,-2884,0.00735421446916007,0.007091702400430222,18.001090262904793,0.15785788570171744,0.00040854272501010937,1
2523,20668416,20701184,1922,1922,0.007826911023585126,0.0076486475991259795,18.501120469818325,0.10005744918445218,0.00042305064908655144,1
2524,20676608,20709376,5989,-2203,0.009900414850562811,0.009878682438284159,18.001090232956706,0.00954368178830503,0.0005499897352015358,1
2525,20684800,20717568,5992,-2200,0.010461660684086382,0.01040649157948792,22.50136274624567,0.02296292763764863,0.00046493453761292306,1
2526,20692992,20725760,1925,1925,0.0071253486385103315,0.007107631157850847,17.001029525096023,0.01081236419665977,0.00041911277361128443,1
2527,20701184,20733952,1189,1189,0.007267577078891918,0.007267288121511228,18.001090131393962,0.0001726780320633271,0.0004037298311293514,1
2528,20709376,20742144,6366,-1826,0.012634196871658787,0.012611008860403672,26.001574178881114,0.007978091581670012,0.00048590122985401707,1
2529,20717568,20750336,8123,-69,0.013304260195582174,0.013258596365631092,30.001816476475675,0.014931804386644234,0.0004434484893944338,1
2530,20725760,20758528,6363,-1829,0.01589155464898795,0.015853352611884475,35.50214948553137,0.010452663656628875,0.0004476223236980181,1
2531,20733952,20766720,2103,2103,0.015580911815050058,0.015383425925392658,33.502028206335936,0.05539804906761147,0.0004650736880492322,1
2532,20742144,20774912,6756,-1436,0.009096681256778538,0.008962571038864553,19.501180773973566,0.06450366531546026,0.0004664682288838142,1
2533,20750336,20783104,127,127,0.008935407880926505,0.00880987651180476,19.501180514396836,0.0614456090236867,0.0004581983062168928,1
2534,20758528,20791296,125,125,0.009758324827998877,0.009719927445985377,20.0012108366874,0.017122473304262684,0.00048788670384392844,1
2535,20766720,20799488,5210,-2982,0.018032266569207422,0.017633713519899175,28.501725655617527,0.09706537985040689,0.000632672799783734,1
2536,20774912,20807680,5210,-2982,0.020571998597006314,0.020453682373045012,39.00236156748645,0.025049785611812588,0.0005274552045114046,1
2537,20783104,20815872,5199,-2993,0.020318150840466842,0.019985152321169153,33.00199840033068,0.07176717492471049,0.0006156642574791245,1
2538,20791296,20824064,5199,-2993,0.020511692215222865,0.020165064008324407,32.00193774621807,0.07401886262672014,0.0006409515691794914,1
2539,20799488,20832256,3329,3329,0.012209818334667943,0.01186558761401102,23.00139278519442,0.12419951836555353,0.0005308295218769179,1
2540,20807680,20840448,7763,-429,0.009162086498690769,0.009117051347857341,21.501302010608903,0.021399868239586735,0.00042611775297003533,1
2541,20815872,20848640,7763,-429,0.010854099120479077,0.01083959484094521,26.001574467158747,0.005807336929662754,0.0004174400721074923,1
2542,20824064,20856832,8159,-33,0.010108222544658929,0.010055604303488508,27.001634997160693,0.02266619707782199,0.0003743559434723801,1
2543,20832256,20865024,8159,-33,0.009988661826355383,0.009975827153539285,23.001392740861405,0.005583942924431581,0.0004342633482628542,1
2544,20840448,20873216,6736,-1456,0.007927692407974973,0.007922027944005094,19.001150222882703,0.003104213191353951,0.000417221711053461,1
2545,20848640,20881408,1847,1847,0.006336813647067174,0.006330056115984917,14.50087782804024,0.004633755290177186,0.00043699517520337457,1
2546,20856832,20889600,6057,-2135,0.007332677520025754,0.007325308914005291,17.001029163449203,0.004366418563666338,0.0004313078608082386,1
2547,20865024,20897792,1538,1538,0.009426036653167102,0.009419487163540907,25.50154378101128,0.0030186556193611946,0.0003696261188777846,1
2548,20873216,20905984,4745,-3447,0.009083195007406175,0.009081064257770777,23.501423039456384,0.0010188940817303445,0.000386495532298468,1
2549,20881408,20914176,1536,1536,0.009982010815292597,0.009971062987460755,26.50160463251472,0.004765763651572704,0.0003766568460177579,1
2550,20889600,20922368,573,573,0.009120107744820416,0.0091024634311907,24.00145336257751,0.008410262599148139,0.00037998147891495055,1
2551,20897792,20930560,3039,3039,0.008943950590037275,0.008907562631065957,22.501362739531853,0.017705066769723436,0.00039748484096583015,1
2552,20905984,20938752,4696,-3496,0.010450978996232152,0.010186652274569497,27.00163505243409,0.11125493324101508,0.0003870498573859526,1
2553,20914176,20946944,7600,-592,0.013170352554880083,0.012733099312754348,30.501847003040048,0.1466327426790816,0.00043178868983138706,1
2554,20922368,20955136,8183,-9,0.013758247310761362,0.013616687501780689,29.501786377131513,0.044916411545523324,0.0004663530246909438,1
2555,20930560,20963328,7591,-601,0.013193970313295722,0.012581508723087609,28.001695344141318,0.2064277952329452,0.00047118469618148473,1
2556,20938752,20971520,6345,-1847,0.012793153553502634,0.011069627362303436,27.00163480489348,0.6284461122524955,0.0004737918146787225,1
2557,20946944,20979712,3286,3286,0.015609301626682281,0.014895696163875982,29.50178620346239,0.20322667623674,0.0005290968322741876,1
2558,20955136,20987904,3281,3281,0.016755038872361183,0.014892138948198408,32.001937748107494,0.5118836008781756,0.0005235632605826198,1
2559,20963328,20996096,3281,3281,0.01653791728313081,0.014255367772420868,30.001816710225732,0.6450238931207021,0.0005512305285664276,1
2560,20971520,21004288,7083,-1109,0.026525072986260056,0.022743836685549468,40.50245256399963,0.6679285938003753,0.0006549004148414635,1
2561,20979712,21012480,1092,1092,0.025931342679541558,0.025840473477728665,48.00290677170561,0.015245373400770338,0.0005402035923130032,1
2562,20987904,21020672,407,407,0.036649243302235845,0.0364947693888098,69.00417876819549,0.01834388502116539,0.0005311162882664106,1
2563,20996096,21028864,1025,1025,0.03973121289163828,0.03754962550010532,75.50457229385957,0.24526213209384903,0.0005262093630172041,1
2564,21004288,21037056,1025,1025,0.038010853528248845,0.03616629476346134,65.50396668567774,0.2160360415742988,0.0005802832324742223,1
2565,21012480,21045248,1025,1025,0.03361731035329285,0.03290226749959402,52.50317950565706,0.09337134640385725,0.0006402909437069556,1
2566,21020672,21053440,7160,-1032,0.013628816581331193,0.013128864346072078,32.00193785080066,0.16230985768430778,0.00042587472811401057,1
2567,21028864,21061632,6552,-1640,0.01825507221656153,0.01819839434028836,39.00236176975987,0.013504838398726736,0.0004680504304925307,1
2568,21037056,21069824,6555,-1637,0.01858009596617194,0.01840101139532635,37.00224079691903,0.04206258515969352,0.0005021343455426353,1
2569,21045248,21078016,6555,-1637,0.02010183868696913,0.019800954120000824,38.002301248167946,0.06549666056847243,0.0005289637213203825,1
2570,21053440,21086208,6569,-1623,0.020286259590648115,0.020204836560878903,37.50227073024977,0.017466368438077636,0.0005409341673352323,1
2571,21061632,21094400,1943,1943,0.011287756991805509,0.011232236560317688,20.001211078049444,0.021414096611280083,0.0005643536757728328,1
2572,21069824,21102592,1943,1943,0.01154016808141023,0.011442964489106089,21.501301747208444,0.03673584124085257,0.0005367195073623164,1
2573,21078016,21110784,1941,1941,0.010716142773162574,0.010706778877647594,20.001210907407824,0.003796576840961259,0.0005357746999804722,1
2574,21086208,21118976,610,610,0.009019963443279266,0.008996905758976936,19.501180755211728,0.011116060634720107,0.0004625342206967988,1
2575,21094400,21127168,7164,-1028,0.009587313106749207,0.009397275833180174,25.00151375248209,0.08694936331220808,0.0003834693051654683,1
2576,21102592,21135360,7154,-1038,0.00840886948572006,0.008402767707593739,19.501180764023346,0.0031525408928948207,0.00043119796629100123,1
2577,21110784,21143552,7167,-1025,0.00969564240949694,0.009311235568020493,21.00127152736654,0.1756927550906715,0.0004616693040163139,1
2578,21118976,21151744,1566,1566,0.013326058251550421,0.012754521289025433,23.001392452134127,0.19037544317403832,0.000579358761835047,1
2579,21127168,21159936,1566,1566,0.01312735264946241,0.0126271577028092,21.50130166993712,0.16871547680824525,0.0006105375781884372,1
2580,21135360,21168128,1566,1566,0.014465695669059642,0.013599425568827428,27.50166492802939,0.26818759688623456,0.0005259934519206642,1
2581,21143552,21176320,1568,1568,0.012795101021765731,0.012309034835197963,27.501665104561848,0.16819718378582035,0.00046524823035690806,1
2582,21151744,21184512,8155,-37,0.007363157055806369,0.007265654974617064,18.501120304723948,0.05789293456058567,0.00039798438875759924,1
2583,21159936,21192704,6830,-1362,0.009583944862242788,0.009552209434332326,23.001392823277644,0.01440470602829127,0.00041666802249226134,1
2584,21168128,21200896,5478,-2714,0.013820547115756199,0.013682191987754777,28.00169554358967,0.04369555722140575,0.0004935610807653428,1
2585,21176320,21209088,3122,3122,0.014237649535061792,0.013782309812086169,26.501604820192572,0.1411629023573671,0.0005372372590890643,1
2586,21184512,21217280,3122,3122,0.016051717044319957,0.014395755839359481,35.00211956162447,0.47287023345218815,0.00045859271510856434,1
2587,21192704,21225472,3122,3122,0.015377756441012025,0.0137745506799547,26.501604827997415,0.47815536842933437,0.0005802575557524845,1
2588,21200896,21233664,5139,-3053,0.009498625324340537,0.00939942360855639,21.001271993867523,0.0455953454652373,0.0004522880960312396,1
2589,21209088,21241856,7580,-612,0.009851400391198695,0.009840311016887426,24.501483849249965,0.004891453546574516,0.000402073623451188,1
2590,21217280,21250048,815,815,0.01538511220132932,0.015097418741788715,26.50160482479808,0.08197967038477007,0.0005805351148747477,1
2591,21225472,21258240,7601,-591,0.016425655601779,0.01626581882010214,33.50202891021482,0.042467821748101785,0.0004902883836020687,1
2592,21233664,21266432,7604,-588,0.018097621388733387,0.01801595534197986,32.50196808130414,0.019642016732693078,0.0005568161701304342,1
2593,21241856,21274624,6946,-1246,0.013840162922861055,0.013256727805128321,23.501422982217946,0.18704863368734315,0.0005889074433209019,1
2594,21250048,21282816,6970,-1222,0.01101697723788675,0.010405332897789776,21.50130223704027,0.24806472987551964,0.000512386511125257,1
2595,21258240,21291008,677,677,0.009953075321391225,0.009856069053057581,19.001150619899782,0.042535531090045195,0.0005238143479041439,1
2596,21266432,21299200,1122,1122,0.010722197606810369,0.009796596714295447,19.5011810039262,0.3920857658266015,0.0005498229878822034,1
2597,21274624,21307392,1122,1122,0.01115412478975486,0.01055576719227247,27.501665478229533,0.23945695691182572,0.00040557997473224033,1
2598,21282816,21315584,7387,-805,0.006975482450798154,0.006810056249378249,18.501120246825423,0.10423551343978271,0.0003770302748016064,1
2599,21291008,21323776,7967,-225,0.007408391989883967,0.007227119320305064,20.001211161960267,0.10758728485298047,0.0003703971689461374,1
2600,21299200,21331968,3846,3846,0.008111164206638932,0.0080598178319633,21.50130204196395,0.02757967583614769,0.00037724060574603464,1
2601,21307392,21340160,8027,-165,0.008405755856074393,0.008295904844999313,18.501120405951998,0.05713009833168927,0.0004543376655918728,1
2602,21315584,21348352,8027,-165,0.010192573769018054,0.010189885855652392,26.001574533562444,0.0011454416893776332,0.00039199832901894583,1
2603,21323776,21356544,2051,2051,0.010958240949548781,0.010905211966019124,28.501726012641214,0.02106734025788558,0.00038447639783950393,1
2604,21331968,21364736,2048,2048,0.00934459047857672,0.009302756167016923,21.001271828391694,0.019486355341455767,0.00044495355114368526,1
2605,21340160,21372928,2047,2047,0.009908224921673536,0.00990411569364369,22.001332359216946,0.0018015186781664685,0.00045034658628402183,1
2606,21348352,21381120,6476,-1716,98.39385360188317,93.09880014369264,760.0459745140948,0.24023886241155734,0.12945776558422978,1
2607,21356544,21389312,332,332,2796.710974204121,216.96361303905724,5476.3316141603445,11.102606821327326,0.5106905810766766,1
2608,21364736,21397504,332,332,5590.072790610371,388.59747839550255,10191.617205460458,11.579174849071599,0.5484971303293579,1
2609,21372928,21405696,332,332,8384.191204153001,542.6507450747304,14887.401594643381,11.889407703316659,0.5631735767220593,1
2610,21381120,21413888,332,332,11193.180419921875,699.8441772460938,18851.141408359705,12.03952150502859,0.5937667209349011,1
2611,21389312,21422080,332,332,11195.9833984375,616.5847930908203,18833.14000429368,12.5906943635408,0.594483097130111,1
2612,21397504,21430272,332,332,11192.567138671875,577.6723480224609,18808.138281671156,12.87248128918409,0.595091708230326,1
2613,21405696,21438464,332,332,11222.801025390625,551.9062194824219,18842.640226479874,13.082359749660363,0.5956066076992245,1
2614,21413888,21446656,332,332,11259.022216796875,526.2694244384766,18862.641500865546,13.302925372906136,0.5968953084476655,1
2615,21422080,21454848,332,332,11275.688232421875,514.6994476318359,18888.1436816721,13.405893571517595,0.5969717523571738,1
2616,21430272,21463040,332,332,11311.00634765625,511.10504150390625,18914.145222024745,13.449910812831005,0.5980183727512596,1
2617,21438464,21471232,332,332,11271.1728515625,503.31568145751953,18870.142621977564,13.501286484333159,0.5973019429347216,1
2618,21446656,21479424,332,332,11220.8203125,496.13037872314453,18839.140617642995,13.54428787458114,0.5956121109893738,1
2619,21454848,21487616,332,332,11173.618896484375,484.1870346069336,18783.636856219484,13.631806987306819,0.5948591841938564,1
2620,21463040,21495808,332,332,11140.01318359375,480.0923309326172,18735.633904442886,13.655609362627326,0.5945896061169329,1
2621,21471232,21504000,332,332,11126.91650390625,485.25170135498047,18732.633545693978,13.60407762370463,0.5939857029052898,1
2622,21479424,21512192,332,332,11143.534912109375,492.9375686645508,18739.134406391517,13.542310593624316,0.5946664702030503,1
2623,21487616,21520384,332,332,8376.271137356758,2660.28077301383,18719.133259876813,4.98123251249625,0.4474710992795123,1
2624,21495808,21528576,332,332,5586.439888238907,2685.5755358487368,18772.636866678935,3.180977579204744,0.29758418744863324,1
2625,21504000,21536768,332,332,2816.4918446540833,2686.227858915925,18742.635272668864,0.20565649177554504,0.1502719230076032,1
2626,21512192,21544960,364,364,2687.4511425495148,2672.126528263092,18751.635680819873,0.024835589548170223,0.14331822504947536,1
2627,21520384,21553152,364,364,2681.9841716885567,2204.9715578705072,18760.136295037366,0.85053218604235,0.14296187029291596,1
2628,21528576,21561344,7709,-483,2205.053175240755,1286.791409790516,18730.134274483968,2.3391091398907666,0.11772756900331972,1
2629,21536768,21569536,8073,-119,3276.6575009971857,2204.2549459151924,18789.13797371201,1.7216922434179602,0.1743910500620931,1
2630,21544960,21577728,8073,-119,3279.4263644367456,3264.7821022099815,18780.637788433196,0.019436828532705733,0.174617411899425,1
2631,21553152,21585920,8185,-7,3285.4357854030095,3279.200678648427,18797.139044093805,0.008249880360324672,0.1747838209685062,1
2632,21561344,21594112,8185,-7,3285.8412141911685,3279.0497990101576,18790.638901355433,0.00898560291000611,0.1748658590823194,1
2633,21569536,21602304,8185,-7,3286.036533012986,2231.7105881758034,18801.63961173121,1.680345135520789,0.17477393466060676,1
2634,21577728,21610496,7705,-487,2231.723854403943,1995.1400149678811,18807.139790460642,0.4866707651340725,0.11866365004294369,1
2635,21585920,21618688,7621,-571,1994.7795271938667,1844.2493908330798,18828.64104318015,0.34075253641059505,0.10594389274399536,1
2636,21594112,21626880,7569,-623,1844.1244170740247,1729.3114878889173,18871.6433621173,0.2791699161882585,0.09771933380088653,1
2637,21602304,21635072,7569,-623,1844.0113378288224,1729.2823611283675,18860.64240964548,0.27897675320295345,0.09777033558972417,1
2638,21610496,21643264,7569,-623,1843.9618667205796,1428.392200667411,18852.14148477545,1.1090446538099203,0.09781179863357806,1
2639,21618688,21651456,7925,-267,2883.3953491672873,1428.5210263729095,18847.140543008973,3.0501755647844355,0.1529884781506993,1
2640,21626880,21659648,7925,-267,2883.3443100377917,2572.8419714020565,18811.638779542154,0.4948339420063805,0.15327448840732885,1
2641,21635072,21667840,7925,-267,2883.3986789286137,2572.841311541386,18805.13833311691,0.49491694647277573,0.1533303625770615,1
2642,21643264,21676032,7925,-267,2883.4016235917807,2572.785635133274,18806.638752355917,0.49501536424019527,0.15331828624775257,1
2643,21651456,21684224,7825,-367,2572.3503815541044,2453.276495166123,18813.13936892019,0.20583625937745711,0.13673158589382992,1
2644,21659648,21692416,7789,-403,2453.3699940368533,2098.684977054596,18816.63885620636,0.6781579559290442,0.13038300903711342,1
2645,21667840,21700608,7981,-211,3036.1762091219425,2453.2902008518577,18780.13652421805,0.925780487545757,0.161669549377696,1
2646,21676032,21708800,8021,-171,3166.3745229691267,3036.3782266005874,18802.637952694087,0.1820641398444609,0.16840054735593316,1
2647,21684224,21716992,8021,-171,3166.3097686469555,3036.5528261959553,18821.139090159875,0.18172559965069512,0.1682315694857372,1
2648,21692416,21725184,8021,-171,3166.562128841877,3036.5509482845664,18845.140696236078,0.18207441166891136,0.16803069713744995,1
2649,21700608,21733376,8021,-171,3166.669043213129,3074.3287224741653,18883.643478319507,0.12852373935586722,0.16769375289513447,1
2650,21708800,21741568,8181,-11,3170.663466034457,3073.3956011524424,18903.64428458376,0.13531683146035278,0.16772763062517987,1
2651,21716992,21749760,8181,-11,3194.372018603608,3073.387537910603,18932.146452158995,0.1676816701428886,0.16872740904871494,1
2652,21725184,21757952,8181,-11,3194.4248129110783,3073.526471653953,18959.148438441312,0.167557126487829,0.16848988884089888,1
2653,21733376,21766144,8181,-11,3194.3962585788686,2744.369489320554,18968.148659026978,0.6594620613296089,0.16840843647957437,1
2654,21741568,21774336,113,113,2881.012793637812,2744.9149161661044,19025.152671497133,0.21016299629623728,0.1514317831443241,1
2655,21749760,21782528,113,113,2911.604470230639,1929.3641081647947,19072.655214983373,1.787181823760423,0.1526585804342176,1
2656,21757952,21790720,113,113,2911.165903504938,1929.4239272242412,19053.154134263157,1.7863929600761808,0.15279180984894297,1
2657,21766144,21798912,113,113,2911.1721789203584,2045.769564429298,19091.156665426526,1.5321117901161854,0.15248799378365577,1
2658,21774336,21807104,7797,-395,2490.2007869873196,2045.7433039788157,19069.65489197694,0.8538322769728224,0.1305844705157725,1
2659,21782528,21815296,7973,-219,2996.6302377544343,2490.2253220248967,19014.65178516937,0.803945125290713,0.15759585143135146,1
2660,21790720,21823488,7973,-219,2996.6378215979785,2490.1504491660744,19040.153052030284,0.8040866963446243,0.15738517507759434,1
2661,21798912,21831680,7973,-219,2996.706756224856,2490.4343971423805,19002.150552258492,0.80369140925586,0.15770355823586943,1
2662,21807104,21839872,7973,-219,2996.7180839981884,2366.3600163226947,18926.646197366095,1.0256507007955475,0.15833328592654852,1
2663,21815296,21848064,205,205,2525.5186757529154,2404.1831952175125,18889.14354842044,0.21383027197964322,0.13370212732403666,1
2664,21823488,21856256,205,205,2561.584227927029,2404.648467503488,18815.13916380983,0.27457044171742956,0.13614484621267828,1
2665,21831680,21864448,205,205,2561.5550646241754,2404.5846631117165,18746.6351770471,0.2746362338068896,0.13664079129040063,1
2666,21839872,21872640,205,205,2559.9522971641272,1754.4220717214048,18714.13304872752,1.6409779022903335,0.13679246003534173,1
2667,21848064,21880832,497,497,1754.3082958050072,1741.9230919852853,18647.129483986035,0.03076940613582541,0.09407926819576114,1
2668,21856256,21889024,265,265,2268.885829376057,1742.0488351732492,18660.130447616008,1.147523171822632,0.12159003045265027,1
2669,21864448,21897216,7997,-195,2899.7144069969654,2298.72581458278,18659.630608185173,1.0086805336292102,0.15540041857661352,1
2670,21872640,21905408,7997,-195,2899.58640062809,2298.6562829422764,18642.129656316334,1.008620179350317,0.1555394396501073,1
2671,21880832,21913600,7997,-195,2899.481024414301,2298.728395359125,18686.632046438775,1.0083261032278088,0.15516338188758164,1
2672,21889024,21921792,7997,-195,2899.3443292826414,2098.86877643154,18678.63149405817,1.403145088366644,0.1552225242092788,1
2673,21897216,21929984,7933,-259,2712.057327501476,2098.758742291713,18714.63316209888,1.113363472288417,0.14491640333052158,1
2674,21905408,21938176,7933,-259,2711.9868265278637,1625.096595838666,18804.138180500377,2.224083950432635,0.14422287267279046,1
2675,21913600,21946368,7933,-259,2711.948640829418,1624.9436807760503,14567.881561292983,2.224431472751472,0.1861594377617055,1
2676,21921792,21954560,7933,-259,2711.909532441292,1624.739986492088,9883.597812634524,2.2249132862438374,0.2743848529504681,1
2677,21929984,21962752,7521,-671,1624.388214186416,586.9240449297067,5199.314446547571,4.42107927863269,0.3124235379272043,1
2678,21938176,21970944,1377,1377,34.89877418233664,34.53366983804153,462.02796745360604,0.045674400714296334,0.07553389976514994,1
2679,21946368,21979136,650,650,0.009884971776045859,0.009812295727897435,19.00115064711633,0.0320480492020343,0.0005202301670896984,1
2680,21954560,21987328,650,650,0.009900932223899872,0.009846519060374703,23.50142315152338,0.023933616676993494,0.0004212907516308469,1
2681,21962752,21995520,650,650,0.009398131538546295,0.00937141270696884,18.00109005761399,0.01236455057540572,0.0005220868018807078,1
2682,21970944,22003712,7417,-775,0.007284450810402632,0.007201437489129603,16.500999488627112,0.0497761977302607,0.00044145512612270857,1
2683,21979136,22011904,3388,3388,0.007327725237701088,0.007325064187170938,18.001090203083372,0.0015774192073674885,0.00040707119152405205,1
2684,21987328,22020096,7572,-620,0.014053914725081995,0.013907992972235661,27.501665559662406,0.045328514806545026,0.0005110204941803718,1
2685,21995520,22028288,7572,-620,0.01464729369035922,0.014502127007290255,32.00193798917259,0.043256853214564,0.00045770020850971363,1
2686,22003712,22036480,7572,-620,0.01731536613078788,0.01709161658072844,32.501967941605514,0.05648537424291372,0.0005327482373343496,1
2687,22011904,22044672,7572,-620,0.015128263330552727,0.015100709453690797,26.00157437958041,0.007917238918887735,0.0005818210508988746,1
2688,22020096,22052864,78,78,0.008374875411391258,0.008248898720921716,19.50118077424319,0.0658238357040741,0.0004294547857559807,1
2689,22028288,22061056,139,139,0.009650328545831144,0.009569911228027195,23.001392861463234,0.03634189956014722,0.0004195540941348557,1
2690,22036480,22069248,139,139,0.009792347380425781,0.009722773334942758,22.001332327922345,0.03096650284062113,0.0004450797449206342,1
2691,22044672,22077440,7730,-462,0.011541082290932536,0.01127340120729059,28.50172585417433,0.10191574356597351,0.0004049257350232439,1
2692,22052864,22085632,7354,-838,0.010553602827712893,0.010489790351130068,23.001392742473016,0.026339375183928263,0.0004588245131880746,1
2693,22061056,22093824,863,863,0.009482329565798864,0.009413744148332626,22.00133213190709,0.03152654842327566,0.00043098888326163044,1
2694,22069248,22102016,3414,3414,0.013749599602306262,0.013128046179190278,25.001513998906027,0.20089955678507587,0.0005499506791031893,1
2695,22077440,22110208,3412,3412,0.015142029689741321,0.01507814705837518,26.00157486816063,0.01836118686436882,0.0005823504832502662,1
2696,22085632,22118400,3412,3412,0.015251503282343037,0.014582097646780312,31.501907789988465,0.19492650443089943,0.0004841453852261632,1
2697,22093824,22126592,2518,2518,0.014026361866854131,0.013581786573922727,31.00187744935678,0.1398813747303695,0.00045243588520620863,1
2698,22102016,22134784,2518,2518,0.013569717470090836,0.012396675570926163,21.501302026814592,0.3926556989059055,0.0006311114300505076,1
2699,22110208,22142976,7019,-1173,0.010635624174028635,0.010019923967774957,22.001332202463367,0.2589855640196167,0.0004834081898385146,1
2700,22118400,22151168,2886,2886,0.0078515435452573,0.007849618268664926,20.50124142195805,0.001065063865088552,0.0003829789320391023,1
2701,22126592,22159360,5465,-2727,0.006496802903711796,0.006486902246251702,17.50105977291969,0.006623381670914967,0.00037122339949747737,1
2702,22134784,22167552,7382,-810,0.01339003024622798,0.013007679372094572,28.00169553344125,0.12581734621070434,0.00047818640947069896,1
2703,22142976,22175744,7382,-810,0.012975853169336915,0.012652524455916137,21.501301761439265,0.10958737131116775,0.0006034915147606547,1
2704,22151168,22183936,1995,1995,0.012044595013321668,0.01199831796111539,20.001210997520314,0.016718351268379106,0.0006021932879371613,1
2705,22159360,22192128,7386,-806,0.014676824444904923,0.013879039353923872,28.001695574516717,0.24272692296220955,0.0005241405616259091,1
2706,22167552,22200320,7630,-562,0.016127945707467006,0.015037167919217609,28.501725911251967,0.30413003279214273,0.0005658585644141635,1
2707,22175744,22208512,2983,2983,0.020499937993008643,0.019527717944583856,39.50239208396128,0.2110105385929721,0.0005189543445732747,1
2708,22183936,22216704,2983,2983,0.020362384315376403,0.01972892860067077,43.00260411462017,0.13725128876883802,0.00047351514482941586,1
2709,22192128,22224896,2625,2625,0.02050981135107577,0.020256857736967504,42.50257381666057,0.053895876770147434,0.00048255457280180366,1
2710,22200320,22233088,62,62,0.02840785519219935,0.02451881329761818,50.50305832200314,0.6393899885502319,0.0005624977206543278,1
2711,22208512,22241280,8188,-4,0.022526655899127945,0.022523885854752734,43.502634411312954,0.0005340734834527939,0.0005178227986411287,1
2712,22216704,22249472,62,62,0.02329339148127474,0.022822608152637258,43.50263425830478,0.08867451928152956,0.0005354478384680339,1
2713,22224896,22257664,6745,-1447,0.023110771959181875,0.02221722563263029,37.5022709169407,0.17124626636338092,0.0006162499335138174,1
2714,22233088,22265856,6588,-1604,0.008254522603238001,0.008244623444625176,18.50112031434132,0.0052113611994554195,0.0004461633924319399,1
2715,22241280,22274048,7939,-253,0.009340330609120429,0.009325846855062991,21.001271590091775,0.006739693479134025,0.0004447507175483183,1
2716,22249472,22282240,893,893,0.007891148794442415,0.007886252366006374,21.00127172877248,0.0026956174815506322,0.00037574623557826094,1
2717,22257664,22290432,8159,-33,0.01071925784344785,0.010522224591113627,23.50142292195995,0.08057150327624192,0.00045611101417317477,1
2718,22265856,22298624,8155,-37,0.014822404482401907,0.01406857997062616,31.50190720616498,0.22668396772340793,0.0004705240347956182,1
2719,22274048,22306816,65,65,0.012735542608425021,0.011675626039505005,29.501786292810937,0.3773727672152225,0.00043168716910977175,1
2720,22282240,22315008,65,65,0.01187927820137702,0.011283242143690586,22.001332027361247,0.22356144807807782,0.0005399344997204595,1
2721,22290432,22323200,7553,-639,0.012607304350240156,0.011205013972357847,23.501422886640537,0.512098347454011,0.0005364485550960755,1
2722,22298624,22331392,7535,-657,0.010422751083751791,0.010219691719612456,20.501241410777556,0.08544570705702943,0.0005083960953834008,1
2723,22306816,22339584,7898,-294,0.012118838814785704,0.01203408710716758,26.501604814456485,0.030478584778711928,0.00045728697939737375,1
2724,22315008,22347776,7441,-751,0.014640431880252436,0.014444856031332165,33.502028654856474,0.058406705428457946,0.0004370013538905546,1
2725,22323200,22355968,7441,-751,0.014914097031578422,0.014759465935640037,27.501665504175477,0.04526321268236261,0.0005422979575296655,1
2726,22331392,22364160,7441,-751,0.01407796866260469,0.013959013274870813,25.501544384302214,0.03685273871328542,0.0005520437684264547,1
2727,22339584,22372352,7807,-385,0.008276869863038883,0.008157532894983888,21.00127179391481,0.06307293112528484,0.0003941127920375343,1
2728,22347776,22380544,8185,-7,0.007884063870733371,0.007873296432080679,21.001271744361677,0.005935308743428097,0.00037540887840994903,1
2729,22355968,22388736,1259,1259,0.009716899931845546,0.009700815850919753,24.501483629286774,0.007194697119124248,0.0003965841448160664,1
2730,22364160,22396928,3088,3088,0.011044653088902123,0.011037846212275326,30.001816603322588,0.0026774044109088286,0.0003681328112538015,1
2731,22372352,22405120,3088,3088,0.009986582837882452,0.009977666632039472,23.001392636483082,0.0038791934156161374,0.00043417296490311127,1
2732,22380544,22413312,3089,3089,0.009847422010352602,0.009835288765316363,23.501423148624596,0.005354345846295244,0.00041901385920660363,1
2733,22388736,22421504,185,185,0.011447162338299677,0.01131539345078636,28.001695434281228,0.05028182292915823,0.00040880247287760393,1
2734,22396928,22429696,997,997,0.012660638167290017,0.012310507678193972,26.5016046254357,0.12179633761705547,0.00047773100331964784,1
2735,22405120,22437888,7521,-671,0.01466818928020075,0.014611451653763652,34.00205892354765,0.01683140102417318,0.0004313912081965866,1
2736,22413312,22446080,2839,2839,0.013431597217277158,0.013321768936293665,32.00193773358226,0.035657632063097355,0.00041971199772638395,1
2737,22421504,22454272,2841,2841,0.012297284585656598,0.01172143218718702,21.00127180704778,0.2082854431886361,0.0005855495180786992,1
2738,22429696,22462464,2382,2382,0.01011736219516024,0.009139280649833381,19.50118101583073,0.44155283855203503,0.0005188076653894518,1
2739,22437888,22470656,4325,-3867,0.007955735782161355,0.007954787462949753,19.00115062440417,0.0005177074252362024,0.00041869757992147005,1
2740,22446080,22478848,2076,2076,0.00813416950404644,0.008061181753873825,19.501180786364557,0.03914505001533862,0.000417111640220983,1
2741,22454272,22487040,6380,-1812,0.009621307021006942,0.00960961467353627,27.001634857578523,0.005280997648855744,0.00035632312901626173,1
2742,22462464,22495232,6382,-1810,0.008164494473021477,0.008161031466443092,21.5013017951365,0.001842470099795962,0.00037972093740241584,1
2743,22470656,22503424,5589,-2603,0.008313640137203038,0.008308212039992213,22.001332235136253,0.0028364982729549857,0.00037786985116865365,1
2744,22478848,22511616,1242,1242,0.017516376683488488,0.015849117771722376,28.501725988378105,0.43439183393103387,0.0006145724890706965,1
2745,22487040,22519808,7310,-882,0.02728694272809662,0.02497159771155566,41.50251346965553,0.3850854945904263,0.0006574768718055451,1
2746,22495232,22528000,1648,1648,0.07626490999246016,0.05282217083731666,87.00526933557876,1.595085165687347,0.0008765550704556398,1
2747,22503424,22536192,1648,1648,0.0787120561581105,0.06472436338663101,121.50735829799477,0.8497346990419299,0.0006477966212142519,1
2748,22511616,22544384,1648,1648,0.08961175999138504,0.08706174371764064,167.01011335621837,0.12537645847716547,0.0005365648713754884,1
2749,22519808,22552576,1648,1648,0.09203210240229964,0.08343491540290415,180.01090052829528,0.4259151332455091,0.0005112584967477202,1
2750,22528000,22560768,8024,-168,0.08012874447740614,0.07575382455252111,141.50856858132124,0.24383774137131603,0.0005662465904413291,1
2751,22536192,22568960,7739,-453,0.074735147645697,0.06236689875368029,105.50638861082417,0.7857074791282721,0.0007083471307255959,1
2752,22544384,22577152,2392,2392,0.03660983016015962,0.03619842487387359,56.50342166989732,0.04908040913185127,0.0006479223572342313,1
2753,22552576,22585344,5555,-2637,0.010456032927777414,0.010408088349095124,24.001453471080804,0.019959721603724227,0.0004356416556345565,1
2754,22560768,22593536,2829,2829,0.023732590252620867,0.023645648718229495,35.502149685416455,0.01593907744871892,0.0006684831894100689,1
2755,22568960,22601728,2830,2830,0.023750038526486605,0.023724893150756543,36.00217995147855,0.0046005327697521805,0.0006596833458000431,1
2756,22577152,22609920,2830,2830,0.02254055888624862,0.022446439411396568,31.501907299536995,0.0181721963026744,0.0007155299732146666,1
2757,22585344,22618112,2830,2830,0.022542298334883526,0.022422338907745143,35.00211928589645,0.023172806033978657,0.0006440266702355532,1
2758,22593536,22626304,6601,-1591,0.010753452428616583,0.01053107704501599,23.001392740351843,0.09075128139865918,0.00046751310018508437,1
2759,22601728,22634496,6606,-1586,0.006661536754108965,0.006660455954261124,16.0009688656647,0.0007046774777088107,0.00041632083719651917,1
2760,22609920,22642688,5504,-2688,0.0084229898347985,0.008421918231761083,19.00115058900594,0.0005525601976928514,0.00044328841010670377,1
2761,22618112,22650880,1050,1050,0.014487109123365371,0.014468978642980801,25.001513852081455,0.00543855832859849,0.0005794492769148566,1
2762,22626304,22659072,1050,1050,0.015175999840721488,0.015007691690698266,31.00187731349346,0.04843414089472614,0.0004895187374383998,1
2763,22634496,22667264,5292,-2900,0.017502822127426043,0.01706346560968086,38.00230121435656,0.11040837785671663,0.0004605726908141501,1
2764,22642688,22675456,5292,-2900,0.017108743501012214,0.01666892084176652,30.50184699079923,0.11310631098331776,0.0005609084428943926,1
2765,22650880,22683648,5977,-2215,0.02177527880121488,0.021658857454895042,40.00242253775018,0.023281811832114026,0.0005443490023801836,1
2766,22659072,22691840,7557,-635,0.035313413667608984,0.03386002950719558,53.503239943748,0.18252369617608577,0.0006600238360281853,1
2767,22667264,22700032,770,770,0.04381401507998817,0.04367266860208474,77.00466313206167,0.014033232537307594,0.0005689787254162503,1
2768,22675456,22708224,2075,2075,0.07139227399602532,0.060892227571457624,116.00702450391779,0.6908935359203368,0.0006154133708826767,1
2769,22683648,22716416,6629,-1563,0.11028345348313451,0.0982545418664813,182.51105098172204,0.501577224120491,0.0006042563060698121,1
2770,22691840,22724608,6629,-1563,0.1058825773652643,0.10027012880891562,167.01011253479413,0.23652931392913712,0.0006339890187380432,1
2771,22700032,22732800,6629,-1563,0.10384836234152317,0.10001182154519483,145.5088105496611,0.1634831494333746,0.0007136912325049931,1
2772,22708224,22740992,2491,2491,0.09850625328544993,0.09718418271222617,111.00672163269917,0.05868214125537105,0.0008873899871702275,1
2773,22716416,22749184,1684,1684,0.018661175097804517,0.018645174510311335,30.00181690995132,0.0037253536486885233,0.0006220014992363606,1
2774,22724608,22757376,7791,-401,0.011012055445462465,0.010676697551389225,25.50154424405611,0.1343144915081043,0.00043181916122703634,1
2775,22732800,22765568,5944,-2248,0.009190316050080582,0.008853388600982726,16.500999140012425,0.1622091971286785,0.0005569551256926896,1
2776,22740992,22773760,5944,-2248,0.008935817211749963,0.008649099574540742,18.501120180861527,0.1416337936653268,0.0004829879015106131,1
2777,22749184,22781952,7817,-375,0.016514442744664848,0.014752804592717439,25.00151377009479,0.4898933361926722,0.0006605377136970949,1
2778,22757376,22790144,7817,-375,0.015560455212835222,0.01434671861352399,25.501544119071106,0.3526971745062457,0.0006101769814478988,1
2779,22765568,22798336,7817,-375,0.015697991053457372,0.014622966467868537,32.0019377102138,0.3080859312692128,0.0004905325169871563,1
2780,22773760,22806528,7405,-787,0.01564441848313436,0.015021225612144917,34.00205888482715,0.1765405559438386,0.00046010209370337334,1
2781,22781952,22814720,4339,-3853,0.011008407920598984,0.010985879693180323,22.00133221839977,0.00889675396480668,0.0005003518792099609,1
2782,22790144,22822912,4335,-3857,0.011999773560091853,0.011877918615937233,21.50130184699692,0.04432705545730577,0.0005580952095590369,1
2783,22798336,22831104,4335,-3857,0.01266958168707788,0.012571865459904075,21.501301880685073,0.033625512838606784,0.0005892471887229836,1
2784,22806528,22839296,7362,-830,0.009759113076142967,0.009756572544574738,20.001210996049263,0.0011307200462832507,0.0004879261099775726,1
2785,22814720,22847488,6772,-1420,0.018214151146821678,0.017936852207640186,35.002119303221306,0.06662706423742157,0.000520372809115744,1
2786,22822912,22855680,4374,-3818,0.017675911367405206,0.01762829232029617,29.0017559833209,0.011715716415802477,0.0006094772805333145,1
2787,22831104,22863872,4374,-3818,0.01887607597745955,0.01818751951213926,28.50172565646474,0.16138244483641467,0.0006622783548257925,1
2788,22839296,22872064,4374,-3818,0.01726062729721889,0.01681139663560316,24.001453240978144,0.11452780388411177,0.0007191492583353031,1
2789,22847488,22880256,7191,-1001,0.01784812616824638,0.016846984122821596,26.50160486408867,0.250704607408364,0.0006734734088663328,1
2790,22855680,22888448,2536,2536,0.024553890092647634,0.023856386043917155,38.50233157782949,0.12515653618848793,0.0006377247581231242,1
2791,22863872,22896640,2536,2536,0.023922194784972817,0.02336291935716872,41.502513218698844,0.10273912367720274,0.0005764035218521354,1
2792,22872064,22904832,2536,2536,0.023906736736535095,0.023387521934637334,39.002361876928134,0.09536091251955243,0.0006129561284512141,1
2793,22880256,22913024,8000,-192,0.01227112437481992,0.012270964885829017,29.501786340510236,5.644604087222338e-05,0.00041594513068416756,1
2794,22888448,22921216,654,654,0.009658701936132275,0.00963511188456323,25.00151395953686,0.010620019893085041,0.0003863246822478104,1
2795,22896640,22929408,651,651,0.011139983515022323,0.0109956464584684,22.00133233742369,0.05663780583791086,0.0005063322231660263,1
2796,22904832,22937600,651,651,0.012553047621622682,0.012297956738620996,28.00169564601279,0.08916215417310783,0.00044829598108320743,1
2797,22913024,22945792,7460,-732,0.008690510876476765,0.008681216859258711,20.001211252148124,0.0046470228396726055,0.00043449922941758874,1
2798,22921216,22953984,7920,-272,0.006102231389377266,0.00609534332761541,17.001029325868153,0.004904987428362811,0.0003589330547234767,1
2799,22929408,22962176,2118,2118,0.0062039714539423585,0.006199405179359019,15.50093847270356,0.00319769043966168,0.00040023199013835626,1
2800,22937600,22970368,337,337,0.007436253854393726,0.007422382823278895,17.00102927982255,0.00810856897861365,0.000437400214539913,1
2801,22945792,22978560,337,337,0.00790451914872392,0.00789908683145768,21.501301776433277,0.002985679987914127,0.00036762979427542154,1
2802,22953984,22986752,6845,-1347,0.012465115316445008,0.012255619978532195,28.501725825003973,0.07361014652336803,0.000437345983642493,1
2803,22962176,22994944,6845,-1347,0.012238863826496527,0.01189852732932195,24.001453361437697,0.12247890255185187,0.0005099217802435366,1
2804,22970368,23003136,7263,-929,0.010902017471380532,0.010874942585360259,22.00133231079919,0.010799009250767357,0.0004955162404428281,1
2805,22978560,23011328,7262,-930,0.010750227549578995,0.010711841052398086,24.00145344212738,0.015535372653346508,0.000447899023094584,1
2806,22986752,23019520,7420,-772,0.009587786393240094,0.009581964928656816,20.501241346082168,0.002637728555136951,0.00046766857827720474,1
2807,22994944,23027712,6958,-1234,0.012296150671318173,0.012279053684324026,27.501665308898254,0.006042780519092406,0.0004471056764456992,1
2808,23003136,23035904,6960,-1232,0.0129147163243033,0.012869604863226414,27.001634897156407,0.015196582810002976,0.0004782938652971481,1
2809,23011328,23044096,6955,-1237,0.012271492800209671,0.012125393957830966,26.001574313887076,0.05201539046059907,0.00047195191537520247,1
2810,23019520,23052288,1456,1456,0.017994923517107964,0.017570421914570034,27.501665022710025,0.10367814897756346,0.0006543212384504106,1
2811,23027712,23060480,1456,1456,0.016750468173995614,0.016447801957838237,27.501664849451966,0.07919081871528288,0.0006090710604499788,1
2812,23035904,23068672,1455,1455,0.015310964168747887,0.014867392332234886,30.00181622335668,0.12767738064628603,0.0005103345762390266,1
2813,23044096,23076864,7908,-284,0.01466363068902865,0.014446237735683098,29.501785879202764,0.06486756579792,0.0004970421366716567,1
2814,23052288,23085056,2582,2582,0.009672080384916626,0.009441407877602614,21.001271395580268,0.10483137336917822,0.00046054737366767813,1
2815,23060480,23093248,7725,-467,0.010318758292669372,0.010312575728676165,21.501301777309017,0.0026028888911005985,0.00047991318849164167,1
2816,23068672,23101440,7921,-271,0.009192042473841866,0.00918445413981317,22.0013322924977,0.00358672477361097,0.00041779481131587145,1
2817,23076864,23109632,2621,2621,0.009385795550770126,0.00925552575790789,23.00139298997247,0.06069996031831726,0.00040805335376261313,1
2818,23085056,23117824,7921,-271,0.009369975014124066,0.009325119957793504,28.00169572344788,0.020840055489891443,0.00033462169958078274,1
2819,23093248,23126016,8006,-186,0.014493865426629782,0.014431016286835074,28.50172606294123,0.018873078086286264,0.0005085258834718479,1
2820,23101440,23134208,8012,-180,0.011255313344008755,0.01125075891832239,21.00127182258121,0.0017577140495877116,0.0005359348442843684,1
2821,23109632,23142400,8014,-178,0.010230030437014648,0.010225965930658276,21.501302110991872,0.0017258437807038509,0.000475786553958742,1
2822,23117824,23150592,5507,-2685,0.00833215203601867,0.008318984058860224,22.001332429769914,0.006868937923887038,0.0003787112468126916,1
2823,23126016,23158784,8072,-120,0.009634886675485177,0.009632452598452801,23.001392976804336,0.0010973037992244787,0.0004188827470232538,1
2824,23134208,23166976,8085,-107,0.01485083147417754,0.01468790354556404,31.001877433061264,0.047909578987204784,0.0004790300686222377,1
2825,23142400,23175168,8085,-107,0.01673588831909001,0.015680197859182954,34.002059063786774,0.282972306000679,0.000492202201275341,1
2826,23150592,23183360,8085,-107,0.014631644007749856,0.01443858997663483,36.502210333435066,0.05768342493881234,0.0004008426852537106,1
2827,23158784,23191552,234,234,0.013771712605375797,0.013516529143089429,34.00205901227152,0.0812276593218371,0.0004050258427116285,1
2828,23166976,23199744,1251,1251,0.01361734076635912,0.012964398309122771,32.50196829272819,0.21339940050113568,0.0004189697265013266,1
2829,23175168,23207936,2473,2473,0.011935427086427808,0.01171220256946981,31.001877377102087,0.0819938885895154,0.00038499046174678717,1
2830,23183360,23216128,8107,-85,0.02405531203839928,0.023360980849247426,40.002422532045586,0.1271992142269038,0.0006013463814379937,1
2831,23191552,23224320,8107,-85,0.023449883330613375,0.022631131345406175,33.50202879539458,0.15434421156991845,0.0006999541273702492,1
2832,23199744,23232512,7409,-783,0.021435642847791314,0.020865347236394882,33.50202861772573,0.11710895850332624,0.000639831190295439,1
2833,23207936,23240704,7409,-783,0.02133837854489684,0.019395541137782857,31.50190762061805,0.41459514317143664,0.0006773678217166391,1
2834,23216128,23248896,2726,2726,0.008669824543176219,0.00866334218881093,19.001150452014635,0.0032483976013954843,0.0004562789271665908,1
2835,23224320,23257088,6693,-1499,0.012330700614256784,0.011749723926186562,26.50160455605657,0.2096009088089136,0.00046528128469258196,1
2836,23232512,23265280,6693,-1499,0.010239914161502384,0.010085723872180097,20.001210977837754,0.06589242245046081,0.0005119647091792927,1
2837,23240704,23273472,6685,-1507,0.010451473805005662,0.010165601619519293,20.501241265487504,0.12044450301016682,0.0005097971225088714,1
2838,23248896,23281664,808,808,0.008661207975819707,0.00859954436600674,21.50130198653422,0.03103025740074957,0.00040282248866808283,1
2839,23257088,23289856,6261,-1931,0.010711628041462973,0.01054788552573882,23.001393142847487,0.06690075672408163,0.00046569475052835485,1
2840,23265280,23298048,820,820,0.010993631556630135,0.010907031479291618,28.00169588879364,0.03434611242774711,0.00039260591930897364,1
2841,23273472,23306240,4996,-3196,0.017794811632484198,0.017481691436842084,40.00242240205958,0.07709944737573896,0.000444843351075859,1
2842,23281664,23314432,865,865,0.017023892200086266,0.0162054201355204,33.502028788557624,0.21398565686217652,0.0005081451128685273,1
2843,23289856,23322624,970,970,0.016113478573970497,0.016016054549254477,33.502028424260445,0.026337666253208464,0.0004809702376797563,1
2844,23298048,23330816,2560,2560,0.020550225977785885,0.020269609347451478,40.502451991383296,0.05971223205046862,0.0005073822686625948,1
2845,23306240,23339008,2561,2561,0.020235380274243653,0.020159822655841708,28.001695155980528,0.016246629612337606,0.0007226484025886495,1
2846,23314432,23347200,2561,2561,0.020905254932586104,0.020779853919520974,35.002119016084166,0.02612977813290429,0.0005972568381639901,1
2847,23322624,23355392,2561,2561,0.020094318402698264,0.019909609662136063,26.50160438090848,0.04010534001668974,0.000758230260850699,1
2848,23330816,23363584,7036,-1156,0.010837913228897378,0.01028407012927346,19.501180772033447,0.22780640089831117,0.0005557567695818696,1
2849,23339008,23371776,7036,-1156,0.010998955549439415,0.010770776512799785,21.50130207954687,0.09104432285216721,0.0005115483475720375,1
2850,23347200,23379968,2010,2010,0.009860460449999664,0.009390266288392013,20.50124164782879,0.2121928736380423,0.00048096893931514375,1
2851,23355392,23388160,2010,2010,0.011395450397685636,0.011177697972016176,25.501544431068645,0.08379124513830742,0.0004468533436666098,1
2852,23363584,23396352,1995,1995,0.00937642060671351,0.009376057405461324,27.001635134876636,0.0001682298196126464,0.000347253807403777,1
2853,23371776,23404544,4782,-3410,0.006570299025042914,0.0065623444388620555,19.501180764789524,0.005261139261339086,0.0003369180104676511,1
2854,23379968,23412736,211,211,0.014778823097003624,0.014721058687428012,26.501604459635004,0.017008065710523095,0.0005576576738783297,1
2855,23388160,23420928,211,211,0.014994277007644996,0.01406599412439391,28.0016952651674,0.2775509817291931,0.0005354774725477807,1
2856,23396352,23429120,211,211,0.012144256586907431,0.012075230974005535,26.50160459478047,0.02475487879946565,0.000458246086325628,1
2857,23404544,23437312,2226,2226,0.01773239039175678,0.017094470764277503,38.50233118978231,0.1591162423384375,0.0004605536819147869,1
2858,23412736,23445504,129,129,0.014970130054280162,0.014403420311282389,25.501544066551276,0.1675993915572987,0.0005870283781724226,1
2859,23420928,23453696,140,140,0.01479915389791131,0.014667164185084403,26.00157422167618,0.03890732949650691,0.0005691637656913101,1
2860,23429120,23461888,140,140,0.014679097075713798,0.014588476391509175,27.50166527827757,0.026894056597888027,0.0005337530264870256,1
2861,23437312,23470080,3387,3387,0.0118726696819067,0.011800532578490674,22.001332282911044,0.02646776940209532,0.0005396341243902072,1
2862,23445504,23478272,3388,3388,0.029744224972091615,0.029318006010726094,41.00248269165572,0.062682277066949,0.0007254249747697538,1
2863,23453696,23486464,3388,3388,0.02995534217916429,0.029154625604860485,41.002482849354024,0.11766816179614825,0.0007305738603494403,1
2864,23461888,23494656,3388,3388,0.022054064786061645,0.02136390097439289,33.50202847818984,0.1380808975742185,0.0006582904315904054,1
2865,23470080,23502848,6390,-1802,0.021265175484586507,0.02089439198607579,32.501967898252886,0.07639232990045475,0.000654273475106398,1
2866,23478272,23511040,4134,-4058,0.007879278738982975,0.007874812465161085,18.00109008885909,0.0024624436945888026,0.00043771119971559256,1
2867,23486464,23519232,1926,1926,0.0159533172409283,0.015660203323932365,24.001453463616624,0.08053605065000921,0.0006646812979518782,1
2868,23494656,23527424,1926,1926,0.015980030435457593,0.015887955734797288,30.001816909365992,0.025095809616419572,0.0005326354228389725,1
2869,23502848,23535616,1926,1926,0.015908983255940257,0.015629861711204285,24.001453582335575,0.07687289231598293,0.0006628341571632495,1
2870,23511040,23543808,5811,-2381,0.01704533299198374,0.01632703933864832,31.50190776757913,0.18698050732912627,0.0005410889117492216,1
2871,23519232,23552000,2868,2868,0.010665900015737861,0.010640883236192167,26.001574582453543,0.010198305559094505,0.0004102020814899208,1
2872,23527424,23560192,2166,2166,0.010340814711526036,0.010253310902044177,24.001453433425347,0.03690630135441424,0.0004308411880225978,1
2873,23535616,23568384,7635,-557,0.012416013320034835,0.012137842884840211,30.50184698692916,0.09840658251704924,0.0004070577537601386,1
2874,23543808,23576576,7635,-557,0.009492917775787646,0.009486758077400737,24.001453216765036,0.002818934458351163,0.0003955142919911547,1
2875,23552000,23584768,409,409,0.009475866099819541,0.009453782928176224,21.50130190289746,0.010132891448928462,0.00044071127146689653,1
2876,23560192,23592960,7840,-352,0.012446330802049488,0.011924339807592332,26.001574409051546,0.18606995986485042,0.00047867604500582587,1
2877,23568384,23601152,3637,3637,0.012301184120588005,0.012288589612580836,26.001574407770477,0.004448780917995223,0.00047309381838477597,1
2878,23576576,23609344,904,904,0.014702820510137826,0.01414647395722568,28.001695755099945,0.16752451060732684,0.0005250689329220358,1
2879,23584768,23617536,904,904,0.015224368893541396,0.015154052176512778,30.501847219515177,0.02010520340078952,0.0004991294062938194,1
2880,23592960,23625728,253,253,0.010985163185978308,0.010810524137923494,28.50172606639059,0.06959761987137338,0.00038542097978171505,1
2881,23601152,23633920,264,264,0.012177304946817458,0.012161138583905995,28.50172593897794,0.0057694430858649,0.00042724798396030506,1
2882,23609344,23642112,277,277,0.012487572384998202,0.01242257549893111,30.001816500091465,0.022663737808218416,0.0004162272102744223,1
2883,23617536,23650304,3435,3435,0.010874515573959798,0.010859482223168015,29.50178622436652,0.006008008646702466,0.00036860532753024185,1
2884,23625728,23658496,3434,3434,0.010381032243458321,0.010369872885348741,29.001756178352487,0.0046710715370666305,0.00035794495269934515,1
2885,23633920,23666688,421,421,0.011064884485676885,0.011061082186643034,29.001756307394437,0.0014926511728580016,0.0003815246348668796,1
2886,23642112,23674880,2535,2535,0.009721308015286922,0.00971667270641774,20.001211384521135,0.00207129447321091,0.0004860359619422955,1
2887,23650304,23683072,2531,2531,0.008468712418107316,0.008454705210169777,19.501181265508073,0.007189156040333874,0.0004342666376362548,1
2888,23658496,23691264,1655,1655,0.010988171445205808,0.010903705609962344,21.001271968063033,0.03351309537656257,0.000523214568237376,1
2889,23666688,23699456,1645,1645,0.009455084218643606,0.008996358781587332,21.001272089892648,0.2159863445954406,0.00045021483356687167,1
2890,23674880,23707648,1442,1442,0.010421900253277272,0.010341909306589514,26.501605173435205,0.033461873659326326,0.0003932554343434269,1
2891,23683072,23715840,731,731,0.008740706951357424,0.00861544132931158,21.00127187422205,0.06269030684157598,0.0004161989332696645,1
2892,23691264,23724032,1881,1881,0.01254199055256322,0.012477086391299963,22.001332313466428,0.022532871524291283,0.0005700559572424895,1
2893,23699456,23732224,1881,1881,0.011606710206251591,0.011397331662010401,22.001332165463616,0.07905954793935939,0.0005275457921803078,1
2894,23707648,23740416,3031,3031,0.01171507203252986,0.010695668228436261,22.50136249376483,0.39537040314637817,0.0005206383407127514,1
2895,23715840,23748608,3031,3031,0.013001909013837576,0.01274457696126774,29.001756252625793,0.08681698325735046,0.0004483145400086036,1
2896,23724032,23756800,7713,-479,0.014683577370306011,0.01461539205047302,30.001816854256273,0.0202140636316731,0.0004894229386718923,1
2897,23732224,23764992,7717,-475,0.012205438630189747,0.012160617508925498,23.501423326577424,0.015977626811706055,0.0005193489117906655,1
2898,23740416,23773184,7719,-473,0.01304234319832176,0.012984722503460944,22.50136272928568,0.019229513608515665,0.0005796245923073387,1
2899,23748608,23781376,6409,-1783,0.009872522365185432,0.009633297551772557,23.001392957910824,0.10653151346567769,0.0004292141081738267,1
2900,23756800,23789568,221,221,0.009287212451454252,0.009107058605877683,19.50118095522162,0.08507249087385826,0.0004762384633412427,1
2901,23764992,23797760,4058,4058,0.01320149446837604,0.012263698066817597,28.501725971369318,0.3200164845715714,0.00046318228171996547,1
2902,23773184,23805952,4058,4058,0.012072910787537694,0.011492991412524134,27.00163514878404,0.2137890923496086,0.000447117766054304,1
2903,23781376,23814144,4058,4058,0.011443142022471875,0.010761130979517475,21.501302051464034,0.26687370604440547,0.0005322069331002541,1
2904,23789568,23822336,4058,4058,0.011205148795852438,0.010559036003542133,22.001332181590247,0.2579335729797283,0.0005092941056191323,1
2905,23797760,23830528,7675,-517,0.0068894797877874225,0.006884925300255418,18.501120228832406,0.0028719772106129988,0.000372381764053982,1
2906,23805952,23838720,2589,2589,0.011664100544294342,0.01129700819728896,24.001453436385447,0.13887810712466328,0.0004859747587873963,1
2907,23814144,23846912,2589,2589,0.015092793619260192,0.013505733862984926,27.001635135449362,0.48251446003416515,0.0005589585054219724,1
2908,23822336,23855104,2589,2589,0.014611336111556739,0.013432612642645836,28.00169559841163,0.36529440008312597,0.0005218018337570084,1
2909,23830528,23863296,2589,2589,0.013399243471212685,0.012830643798224628,32.5019681201898,0.18831830200436603,0.0004122594490790005,1
2910,23838720,23871488,3728,3728,0.012171650872915052,0.011722223251126707,31.00187716347482,0.16339498410085862,0.0003926101251460737,1
2911,23846912,23879680,7907,-285,0.01451058080419898,0.01415324816480279,32.50196783427815,0.1082867425764783,0.0004464523772279234,1
2912,23855104,23887872,8022,-170,2198.1096345646074,688.0429163192166,4059.7460839317,5.044338218520547,0.5414401760899852,1
2913,23863296,23896064,8022,-170,4216.098652975808,1478.247264119098,8411.509380725754,4.551636805327304,0.5012297391757814,1
2914,23871488,23904256,8022,-170,6254.174759653979,2346.9054390075617,12826.276760078792,4.2567442106065565,0.48760640961060625,1
2915,23879680,23912448,8022,-170,8181.0360107421875,3220.1767578125,17203.542006577874,4.049285932283644,0.47554369952502346,1
2916,23887872,23920640,8022,-170,7906.61865234375,3428.0548706054688,17557.063236223603,3.629430278803346,0.4503383365408671,1
2917,23896064,23928832,8022,-170,7733.093994140625,3569.7948608398438,17555.56379489384,3.357100289812218,0.44049248913269595,1
2918,23904256,23937024,8022,-170,7527.9390869140625,3667.802978515625,17503.560174465823,3.1227009744395358,0.4300804528838546,1
2919,23912448,23945216,8022,-170,7442.68310546875,3733.0773315429688,17458.057069856644,2.996625414687173,0.42631795025572483,1
2920,23920640,23953408,8022,-170,7258.690185546875,3751.2772827148438,17306.047699307073,2.8667909326876084,0.41943084357946786,1
2921,23928832,23961600,8022,-170,7158.92236328125,3729.784912109375,17162.538570844692,2.831638648352616,0.41712491038141963,1
2922,23937024,23969792,8022,-170,6947.598388671875,3608.9956665039062,16888.02264769145,2.844483451889702,0.41139205776832577,1
2923,23945216,23977984,8022,-170,6705.8197021484375,3518.864013671875,16582.504634255034,2.8004938860224544,0.40439124547542726,1
2924,23953408,23986176,8022,-170,6553.1507568359375,3443.7463989257812,16360.991243246539,2.7941899706100113,0.4005350690191791,1
2925,23961600,23994368,8022,-170,6337.3421630859375,3337.849853515625,16051.472379301538,2.7844035908548874,0.3948137599674641,1
2926,23969792,24002560,8022,-170,6228.7059326171875,3272.528564453125,15838.459330547666,2.795143816025308,0.3932646353173929,1
2927,23977984,24010752,8022,-170,6087.8331298828125,3188.2875366210938,15651.447709682421,2.809052582655675,0.38896294086052563,1
2928,23986176,24018944,8022,-170,4500.887995496392,2350.669721841812,15422.933757589648,2.821065923015307,0.2918308582685508,1
2929,23994368,24027136,8022,-170,2972.701460018754,1553.571223065257,15383.9316633292,2.8182012826707097,0.1932341825922697,1
2930,24002560,24035328,8054,-138,1555.209829106927,1460.2711485177279,15382.93147754973,0.2735548771349665,0.10109970465490552,1
2931,24010752,24043520,8054,-138,1556.3200471699238,1453.5010967254639,15458.936046410996,0.29683547894924944,0.10067446055132913,1
2932,24018944,24051712,8054,-138,1556.456446558237,771.1082637906075,15622.94603850611,3.05021615187042,0.09962630881025995,1
2933,24027136,24059904,7207,-985,700.3947929367423,547.5387068092823,15839.959102706569,1.069280827706943,0.0442169571521852,1
2934,24035328,24068096,7571,-621,1076.1290758347313,732.2688991148025,15968.966838919296,1.6719377652098024,0.06738877265447178,1
2935,24043520,24076288,7683,-509,1092.4904848951846,1076.076947758178,16181.4796596544,0.06574335319273109,0.06751486933664741,1
2936,24051712,24084480,7683,-509,1111.2763965148479,1076.1322737112641,16465.996886583045,0.13956433754885716,0.06748916595631978,1
2937,24059904,24092672,7683,-509,1111.153874464333,1076.1122790277004,16816.0180508454,0.1391661797785513,0.06607710999742127,1
2938,24068096,24100864,7683,-509,1111.1503246878274,819.5096275098622,17268.04536171777,1.3221875752543353,0.06434719746284553,1
2939,24076288,24109056,15,15,1379.752300016582,885.2838650194462,17682.570631982177,1.9271857775701005,0.07802894323074534,1
2940,24084480,24117248,15,15,1810.7995357513428,1377.708774914965,18060.093824397718,1.1871294995181512,0.10026523413212282,1
2941,24092672,24125440,15,15,1810.819036655128,1553.179478039965,18423.615784217,0.6665340783371825,0.09828792881180286,1
2942,24100864,24133632,15,15,1810.7311603799462,1553.0669751213863,18800.138868592352,0.6666379047853337,0.0963147758129046,1
2943,24109056,24141824,7951,-241,1553.0998507542536,1068.9516376946121,19152.660179212362,1.622413209886793,0.08109055537047197,1
2944,24117248,24150016,7423,-769,1394.5010249614716,929.3209766000509,19446.677824717997,1.7625309766941668,0.07170895911017612,1
2945,24125440,24158208,7423,-769,1394.4288599975407,1235.1372154660057,19703.69313687573,0.5268115515129695,0.07076992370470124,1
2946,24133632,24166400,7423,-769,1394.32819949463,1235.2464817992877,19988.21034272953,0.5261138520021068,0.06975753084376561,1
2947,24141824,24174592,7423,-769,1394.2663450837135,1235.458841991378,20169.221267628112,0.5251746254224559,0.06912841733366924,1
2948,24150016,24182784,7323,-869,1235.50808397308,1214.1124398752581,20429.23714078645,0.07586682407928648,0.06047744590063129,1
2949,24158208,24190976,3,3,1718.770407217089,1214.1443020291626,20495.241225927435,1.5094756159192095,0.08386192620376502,1
2950,24166400,24199168,3,3,2220.2076739710756,1574.9733851421624,20442.23804854184,1.4912038020880214,0.10860883572038457,1
2951,24174592,24207360,3,3,2220.092657205183,1640.4703633859754,20463.739717867997,1.3140271156800722,0.10848909768270265,1
2952,24182784,24215552,3,3,2220.099205667153,1640.361180441454,20427.237241413015,1.3143289838838563,0.10868328298289162,1
2953,24190976,24223744,7519,-673,1640.4853609595448,1575.29881311208,20306.229970236513,0.17609413474272587,0.08078729352341898,1
2954,24199168,24231936,7519,-673,1640.600222343579,1554.8275303938426,20141.219893913338,0.23320544255132025,0.08145485879131716,1
2955,24207360,24240128,7679,-513,1595.6656955243088,1554.449649520684,19988.710207690558,0.11365249154788937,0.07982834704914499,1
2956,24215552,24248320,7679,-513,1620.1199294221587,1558.2593694515526,19713.69359728443,0.1690741750980747,0.08218246476374834,1
2957,24223744,24256512,7843,-349,1665.134206239134,1620.1510321917012,19516.681570814053,0.11893740634634042,0.08531851074156149,1
2958,24231936,24264704,95,95,1841.0156004056334,1665.1995821222663,19316.16943629918,0.43591175416366956,0.09530955951059192,1
2959,24240128,24272896,95,95,1841.2807051613927,1665.499991595745,18934.646444790655,0.4357536736173785,0.09724399716309307,1
2960,24248320,24281088,95,95,1841.20133022964,1537.8507919833064,18661.130014428483,0.7818707935096881,0.09866505023040154,1
2961,24256512,24289280,7803,-389,1537.7949661910534,1061.903064340353,18219.603391827528,1.6081356090411203,0.08440331730167283,1
2962,24264704,24297472,7803,-389,1537.8555454537272,1061.8900096789002,17773.57620978819,1.6083600808129717,0.08652482355277527,1
2963,24272896,24305664,479,479,1061.8419139795005,905.7003295244649,17261.54526212572,0.6907533845222981,0.06151488165485001,1
2964,24281088,24313856,7471,-721,1046.475467696786,906.1686465293169,16657.508761786812,0.6252002022326222,0.06282304771151943,1
2965,24289280,24322048,7471,-721,1046.3931542113423,906.25202716887,16209.481708306463,0.6244589867598288,0.06455438693484714,1
2966,24297472,24330240,7471,-721,1046.6272157207131,987.0493980646133,15720.952087789192,0.25453135624304074,0.06657530726358815,1
2967,24305664,24338432,7471,-721,1046.5122349262238,1000.8624875992537,15311.927177271846,0.1936989793878095,0.06834621291039099,1
2968,24313856,24346624,7931,-261,1097.4406909272075,986.6404253374785,14956.905522560111,0.46222153222879603,0.07337351227310307,1
2969,24322048,24354816,7931,-261,1098.3653956055641,1057.8793476372957,14685.389308988957,0.16310703105581995,0.07479307306706894,1
2970,24330240,24363008,8187,-5,1269.672047556378,1098.0644427277148,14509.878865998558,0.6306372994450409,0.08750397293333986,1
2971,24338432,24371200,8187,-5,1269.6073393397965,1057.7229922190309,14576.882773710478,0.7929747940341125,0.0870973142234184,1
2972,24346624,24379392,8187,-5,1269.6264154850505,1043.6145236752927,14657.88757940087,0.8513583522954524,0.08661728428517157,1
2973,24354816,24387584,7831,-361,1136.66173183918,1043.7647494524717,14937.40445705102,0.37028613227724905,0.07609499596180731,1
2974,24363008,24395776,7831,-361,1205.1215167716146,1147.1267074123025,15281.925178148205,0.214194494782444,0.07885927346999652,1
2975,24371200,24403968,7831,-361,1205.0957531630993,1147.1966395527124,15675.449259946203,0.21383689811312073,0.0768779084528283,1
2976,24379392,24412160,7831,-361,1204.914411187172,1146.6311588995159,16277.485943375974,0.21532459472915225,0.07402337285860196,1
2977,24387584,24420352,7463,-729,1292.41309569031,1146.4985425919294,16628.00684950611,0.5202784296339046,0.07772507597497759,1
2978,24395776,24428544,8099,-93,1468.8627765259007,1291.3597704749554,17192.04146274332,0.5593397243697685,0.08543853152687286,1
2979,24403968,24436736,8099,-93,1777.4971845304826,1291.3378376606852,17560.563397705457,1.387690449682713,0.10122096565322833,1
2980,24412160,24444928,8099,-93,1777.4967695834348,1291.3000894383003,14818.897314964015,1.3878163901083895,0.11994797803130273,1
2981,24420352,24453120,8099,-93,1777.4976522822399,1029.52532112655,10553.639212594664,2.3717200324867305,0.16842509171253292,1
2982,24428544,24461312,7275,-917,1029.222896905134,600.374395075949,6057.866603677702,2.3408727724204006,0.16989857391054097,1
2983,24436736,24469504,1131,1131,436.4117090992513,352.5954804698122,1585.096052227816,0.9261965310587648,0.2753219330058167,1
2984,24444928,24477696,308,308,0.02434631809592247,0.022118551190942526,37.002240496253876,0.4167661556389029,0.0006579687545781803,1
2985,24453120,24485888,308,308,0.022372804261976853,0.01966732801793114,30.501847037785573,0.5597506189549104,0.0007334901468183716,1
2986,24461312,24494080,308,308,0.02031574862485286,0.018921101701380394,28.00169577246846,0.30886410422212773,0.0007255185110905855,1
2987,24469504,24502272,308,308,0.017601663756067865,0.016879568254807964,29.501786599275036,0.18192386365912727,0.000596630434459871,1
2988,24477696,24510464,7204,-988,0.008125457025016658,0.008117719509755261,19.50118123081458,0.004137565615498896,0.00041666486398153694,1
2989,24485888,24518656,7206,-986,0.010750973247922957,0.01074289157986641,25.00151426724601,0.003265884507094861,0.00043001288373990993,1
2990,24494080,24526848,7206,-986,0.012019907590001822,0.011185417417436838,27.00163527741396,0.3124893305161395,0.00044515480142256813,1
2991,24502272,24535040,2091,2091,0.05277234152890742,0.046554445012588985,60.50366406212109,0.5444521073640972,0.0008722172838115115,1
2992,24510464,24543232,3858,3858,0.09363100775226485,0.09085712165915538,135.00817517272708,0.1306072342129003,0.0006935210229489806,1
2993,24518656,24551424,3858,3858,0.1019159369461704,0.09241492924047634,155.00938624991738,0.42499966119033805,0.0006574823590479491,1
2994,24526848,24559616,3858,3858,0.10304453666321933,0.09313903341535479,155.5094164403011,0.4389324421949215,0.0006626257047448787,1
2995,24535040,24567808,3858,3858,0.10047268972266465,0.08619273829390295,122.50741772121293,0.6657735055805616,0.0008201355606997434,1
2996,24543232,24576000,3139,3139,0.035123617853969336,0.03469334833789617,62.5037848776953,0.053530267075608734,0.0005619438554432777,1
2997,24551424,24584192,1951,1951,0.02523692511022091,0.023943811655044556,51.50311872936256,0.22843151331011852,0.0004900077069669381,1
2998,24559616,24592384,6887,-1305,0.04470525524811819,0.04353761952370405,87.50529952347816,0.11493899126034848,0.0005108862605072682,1
2999,24567808,24600576,5987,-2205,0.045077020113239996,0.04330647556344047,86.50523903769968,0.17402357885651892,0.0005210900589916301,1
3000,24576000,24608768,5987,-2205,0.04527274151041638,0.043096638459246606,74.5045122300615,0.21393397699050248,0.0006076510020040033,1
3001,24584192,24616960,5987,-2205,0.04521570216456894,0.04430058185243979,65.50396731228867,0.08879849115425846,0.0006902742539089901,1
3002,24592384,24625152,7748,-444,0.010286406497471035,0.010282160132192075,21.501302140669022,0.001793195479493268,0.0004784085368492463,1
3003,24600576,24633344,7752,-440,0.009662604425102472,0.009647700760979205,22.00133239049304,0.006703757720742991,0.0004391826937389376,1
3004,24608768,24641536,3282,3282,0.013265508227050304,0.013186787371523678,23.00139277812293,0.02584889766233995,0.0005767263032727038,1
3005,24616960,24649728,3275,3275,0.013901861384510994,0.013892686925828457,26.501604589457077,0.0028670492360536176,0.0005245667800070288,1
3006,24625152,24657920,3734,3734,0.01512208441272378,0.014786168932914734,35.50214955631627,0.0975599426887094,0.00042594841725670596,1
3007,24633344,24666112,7271,-921,0.014505637474940158,0.013912377282395028,34.50208907288001,0.18135472812118789,0.0004204278020469826,1
3008,24641536,24674304,341,341,0.012288012716453522,0.012221022218000144,28.501725777812574,0.02374118470871145,0.0004311322343161142,1
3009,24649728,24682496,7645,-547,0.011702687617798802,0.011328398817568086,24.501483684805905,0.14117082474530215,0.0004776317943984749,1
3010,24657920,24690688,7645,-547,0.009497535960690584,0.009259010199457407,20.00121117466189,0.11046384103055688,0.00047484804183870307,1
3011,24666112,24698880,6463,-1729,0.008959415325080045,0.008733143520657904,22.001332399833935,0.11109071908477096,0.0004072214883289373,1
3012,24674304,24707072,5999,-2193,0.011977982678217813,0.011844441803987138,27.501665444758245,0.048690822652591,0.0004355366296734873,1
3013,24682496,24715264,5263,-2929,0.009813951270189136,0.009742350492160767,21.50130206334198,0.03180147465677902,0.00045643520756452914,1
3014,24690688,24723456,5259,-2933,0.009945983532816172,0.00966314651304856,23.501423278257462,0.12529171470933467,0.00042320771023335345,1
3015,24698880,24731648,5259,-2933,0.009619065618608147,0.009405300195794553,20.50124129431876,0.09760225581882373,0.00046919430294563443,1
3016,24707072,24739840,363,363,0.011576972610782832,0.011437071691034362,21.50130167530913,0.05280162416349461,0.0005384312440989174,1
3017,24715264,24748032,363,363,0.01200851215980947,0.011868412519106641,26.00157410423916,0.050965691743632004,0.0004618378914933333,1
3018,24723456,24756224,365,365,0.012296406086534262,0.012092410790501162,26.501604387216382,0.07265305077374587,0.0004639872328811043,1
3019,24731648,24764416,365,365,0.011875814787345007,0.011656451446469873,21.001271499382803,0.08097056794623857,0.0005654807513770783,1
3020,24739840,24772608,8133,-59,0.007852939248550683,0.007775499194394797,16.500999147914023,0.04303956991733553,0.00047590689376790946,1
3021,24748032,24780800,66,66,0.009108142694458365,0.009057971852598712,19.501181008442707,0.023988591631719396,0.00046705595371455445,1
3022,24756224,24788992,1661,1661,0.009255071403458714,0.009248873218894005,20.50124139266463,0.002909474179571171,0.0004514395604731619,1
3023,24764416,24797184,1661,1661,0.009361105046991725,0.009345680846308824,26.00157454286576,0.007161729225494978,0.00036002069919108796,1
3024,24772608,24805376,1663,1663,0.007593873742735013,0.007591112080262974,21.001271778489652,0.0015796850911682964,0.00036159113709070535,1
3025,24780800,24813568,1767,1767,0.007999685243703425,0.007995474617928267,18.501120213861135,0.002286506165077605,0.00043238923650201565,1
3026,24788992,24821760,6384,-1808,0.007414471474476159,0.007236917153932154,16.500999172842697,0.10526597687712726,0.00044933469766357407,1
3027,24797184,24829952,7985,-207,0.007053929497487843,0.006929416747880168,15.000908357129248,0.07734433284436462,0.00047023349050295555,1
3028,24805376,24838144,7985,-207,0.008158653159625828,0.007936183916172013,20.001211038728734,0.12006747040489611,0.0004079079583645245,1
3029,24813568,24846336,7985,-207,0.007960542360706313,0.007855712457967456,17.501059643971757,0.057570790946478725,0.0004548605925955074,1
3030,24821760,24854528,2457,2457,0.0052415282116271555,0.005219573973590741,12.500756921330801,0.01822870719115577,0.0004192968669507698,1
3031,24829952,24862720,3897,3897,0.0052194739000697155,0.0050885154041679925,13.000787104582738,0.11035636671536711,0.00040147368448406227,1
3032,24838144,24870912,2361,2361,0.0032304521737387404,0.003229706984711811,9.500575286820133,0.0010019303731315737,0.0003400270063877343,1
3033,24846336,24879104,6884,-1308,0.0038513136678375304,0.0038468488710350357,10.00060564903568,0.00503766144653051,0.00038510804275228045,1
3034,24854528,24887296,6887,-1305,0.004168265328189591,0.004164682537521003,12.500757143022726,0.0037345398966563167,0.0003334410292512642,1
3035,24862720,24895488,1865,1865,0.002960027049994096,0.00295782252214849,8.000484625283109,0.003235683202706721,0.0003699809684828125,1
3036,24870912,24903680,5201,-2991,0.005628582264762372,0.005577339034061879,12.000726840841716,0.03971972827587388,0.0004690201134823589,1
3037,24879104,24911872,5198,-2994,0.006675333366729319,0.006636947393417358,13.000787409224086,0.02504583984677698,0.0005134560820518575,1
3038,24887296,24920064,5198,-2994,0.005693871062248945,0.005670617887517437,11.000666140083606,0.01777244821216767,0.0005175932975096789,1
3039,24895488,24928256,5198,-2994,0.006317286228295416,0.006312459678156301,14.500878155551554,0.0033193766677746886,0.0004356485283532218,1
3040,24903680,24936448,7111,-1081,0.004410893263411708,0.004407449159771204,10.500635919753414,0.003392372875643625,0.0004200596323041823,1
3041,24911872,24944640,7112,-1080,0.0025114346062764525,0.0025073420474654995,6.500393659082274,0.007082905755913657,0.00038635115625151493,1
3042,24920064,24952832,7625,-567,0.00222801705240272,0.002224339041276835,6.00036340263517,0.007175258519712137,0.00037131368600512517,1
3043,24928256,24961024,7704,-488,0.000826733376015909,0.0008267322700703517,3.000181674417633,5.8096889284445535e-06,0.00027556110453757327,1
3044,24936448,24969216,7340,-852,0.0005490904150065035,0.000549085161765106,2.5001513375045943,4.154989055116478e-05,0.00021962287113169382,1
3045,24944640,24977408,7340,-852,0.0005490904150065035,0.000549085161765106,2.5001513375045943,4.154989055116478e-05,0.00021962287113169382,1
3046,24952832,24985600,2170,2170,0.00030519426218234,0.00030519426218234,1.5000907939347208,0.0,0.0002034505267389976,1
3047,24961024,24993792,2170,2170,0.000244155409745872,0.000244155409745872,1.00006050668431,0.0,0.00024414063760538516,1
3048,24969216,25001984,-1,,0.0,0.0,0.0,nan,nan,0
3049,24977408,25010176,-1,,0.0,0.0,0.0,nan,nan,0
3050,24985600,25018368,-1,,0.0,0.0,0.0,nan,nan,0
3051,24993792,25026560,-1,,0.0,0.0,0.0,nan,nan,0
3052,25001984,25034752,-1,,0.0,0.0,0.0,nan,nan,0
3053,25010176,25042944,-1,,0.0,0.0,0.0,nan,nan,0
3054,25018368,25051136,815,815,0.0009555567521601915,0.0009555079159326851,2.0001210993151965,0.0002219632279509435,0.00047774944851457045,1
3055,25026560,25059328,8188,-4,0.0033642875496298075,0.003362701798323542,5.5003329824755,0.002047522358417129,0.0006116516146110964,1
3056,25034752,25067520,8189,-3,0.004344881919678301,0.004344592220149934,8.500514664507042,0.0002895800242953665,0.0005111316303964364,1
3057,25042944,25075712,8189,-3,0.004344881919678301,0.004344592220149934,8.500514664507042,0.0002895800242953665,0.0005111316303964364,1
3058,25051136,25083904,1978,1978,0.004267465323209763,0.004261377907823771,9.000544908722949,0.006199507456069899,0.0004741341070443318,1
3059,25059328,25092096,6795,-1397,0.004034504061564803,0.004031233838759363,9.00054496657143,0.0035216611657131005,0.0004482510866341089,1
3060,25067520,25100288,386,386,0.0037522593047469854,0.003749313356820494,10.500635926981253,0.0034110420626198715,0.0003573363871330499,1
3061,25075712,25108480,2673,2673,0.00606120856537018,0.006061086824047379,16.500999274703666,8.723031903685103e-05,0.000367323727761271,1
3062,25083904,25116672,5296,-2896,0.006224238873983268,0.006224189761269372,18.001090231683555,3.4268390430841524e-05,0.0003457701058032608,1
3063,25092096,25124864,5297,-2895,0.0061574316350743175,0.0061517822323367,14.50087829067477,0.003986452154774962,0.0004246247373191209,1
3064,25100288,25133056,1188,1188,0.00746260501910001,0.0074518698384054005,17.001029283780216,0.006251954007893919,0.00043895018910529654,1
3065,25108480,25141248,1188,1188,0.008476940216496587,0.008472400950267911,17.00102931090311,0.0023262005322080936,0.0004986133522550985,1
3066,25116672,25149440,7404,-788,0.010183254024013877,0.01017730450257659,19.00115023024383,0.0025380879412969163,0.000535928293846409,1
3067,25124864,25157632,7405,-787,0.01053673416026868,0.010533828870393336,25.001513543321458,0.001197643714931699,0.0004214438514696767,1
3068,25133056,25165824,7404,-788,0.008532762643881142,0.008532543084584177,18.501120200554787,0.00011175116654276872,0.00046120248673511523,1
3069,25141248,25174016,7400,-792,0.008475883907522075,0.008467493928037584,17.50105966326985,0.004301057471035781,0.00048430689744522956,1
3070,25149440,25182208,286,286,0.007336789280088851,0.007177724131906871,16.00096888635732,0.0951928320538572,0.00045852156405005664,1
3071,25157632,25190400,1417,1417,0.007132273294701008,0.0064114183296624105,11.500696435411832,0.46273861652396303,0.0006201601211505768,1
3072,25165824,25198592,1417,1417,0.007322979054151801,0.006936811867490178,15.500938600960248,0.23527875723709746,0.0004724216541118458,1
3073,25174016,25206784,1589,1589,0.0052881058618368115,0.004739451265777461,11.500696270827891,0.4757207872512512,0.0004598074531583244,1
3074,25182208,25214976,79,79,0.0036366534113767557,0.0035536571303964593,7.500454105651269,0.10026389706276707,0.0004848577646301034,1
3075,25190400,25223168,503,503,0.003741958222235553,0.0037252359616104513,7.500454128145871,0.019451476621783776,0.0004988975545085526,1
3076,25198592,25231360,1570,1570,0.001076993576134555,0.0010750383225968108,4.000242271490089,0.007891667928525711,0.00026923208721890116,1
3077,25206784,25239552,6588,-1604,0.0013697239337489009,0.0013614823837997392,4.500272639811059,0.026210180505856908,0.0003043646559614681,1
3078,25214976,25247744,6588,-1604,0.0017785179952625185,0.0017044127016561106,5.500333253996115,0.18483501790785356,0.00032334731608678173,1
3079,25223168,25255936,7184,-1008,0.0013397437433013692,0.0013220418913988397,4.5002726783894484,0.05776520724178959,0.0002977027924851956,1
3080,25231360,25264128,2971,2971,0.0011410074948798865,0.0011375858157407492,3.500212076716675,0.013043288409833148,0.0003259823890300363,1
3081,25239552,25272320,4968,-3224,0.0008509154722560197,0.0008503181452397257,3.0001817505130552,0.003049737967327567,0.0002836213079792604,1
3082,25247744,25280512,6199,-1993,0.001748294846038334,0.0017387862171744928,4.000242194451696,0.023684882607153908,0.0004370472489048801,1
3083,25255936,25288704,7090,-1102,0.003103909929862425,0.0030666474776808172,6.5003935492057074,0.05245255172615974,0.0004774956941248113,1
3084,25264128,25296896,2271,2271,0.00353221531258896,0.0035036604094784707,9.500575179710916,0.03525163158202971,0.0003717896280777011,1
3085,25272320,25305088,2271,2271,0.00338002122589387,0.0032954595517367125,8.500514630165554,0.11003442067659053,0.00039762548186191894,1
3086,25280512,25313280,7028,-1164,0.004355018143542111,0.0042826585995499045,10.000605526680179,0.07276513523664822,0.00043547544515415074,1
3087,25288704,25321472,6165,-2027,0.004202410287689418,0.004195719549898058,10.000605526709473,0.006919995698147606,0.00042021558359298154,1
3088,25296896,25329664,3296,3296,0.004047784270369448,0.003976844745920971,10.500635848723455,0.07678721733480956,0.0003854799203289704,1
3089,25305088,25337856,7003,-1189,0.0043567793618422,0.004332895172410645,13.500817495745615,0.02387384649437152,0.0003227048557033758,1
3090,25313280,25346048,4250,-3942,0.004322163425968029,0.004320150677813217,11.50069642122015,0.0020228966973492054,0.00037581753901382215,1
3091,25321472,25354240,5112,-3080,0.003233327719499357,0.003228760135243647,9.000545039952359,0.006139430514796969,0.00035923688011637033,1
3092,25329664,25362432,4249,-3943,0.003228113258956,0.0032214240345638245,8.500514824779373,0.009008690550037904,0.00037975502960666674,1
3093,25337856,25370624,6652,-1540,0.002521885486203246,0.0025176512863254175,7.500454318262878,0.007297853584279611,0.0003362310307073932,1
3094,25346048,25378816,4881,-3311,0.002445899350277614,0.0024431386846117675,7.00042396759152,0.0049046130708196726,0.0003493930312793783,1
3095,25354240,25387008,4882,-3310,0.0026302994519937783,0.0026291060567018576,8.000484508631459,0.0019708881471436623,0.0003287675201615646,1
3096,25362432,25395200,6393,-1799,0.0017073400085791945,0.0017069222230929881,5.000302771285253,0.001062847080116482,0.0003414473256267137,1
3097,25370624,25403392,938,938,0.0014046580181457102,0.0014039950619917363,4.5002724581486975,0.002050222626624921,0.00031212732811371875,1
3098,25378816,25411584,755,755,0.0012280880910111591,0.0012279277725610882,4.000242186122883,0.0005669785716343967,0.0003070034347598957,1
3099,25387008,25419776,712,712,0.002222588336280751,0.002221754118181707,5.500332957964457,0.001630370859516864,0.0004040825079620776,1
3100,25395200,25427968,714,714,0.002347906943214184,0.0023474226472899318,7.000423793350461,0.0008958989745141754,0.00033539497215074405,1
3101,25403392,25436160,2839,2839,0.0023548418685095385,0.0023547302043880336,7.50045419352233,0.00020594275256655912,0.0003139599026607305,1
3102,25411584,25444352,2842,2842,0.002258562497445382,0.0022579440410481766,6.500393658344084,0.0011893803318721433,0.0003474501108938578,1
3103,25419776,25452544,4890,-3302,0.0014834779285592958,0.0014832306260359474,5.000302948863902,0.0007240490228366289,0.00029667761008287524,1
3104,25427968,25460736,3207,3207,0.0022310142521746457,0.002230688347481191,6.5003937908361635,0.0006344600837193313,0.00034321216897963716,1
3105,25436160,25468928,5924,-2268,0.00252310378709808,0.0025224401033483446,7.500454285282535,0.0011425297179439944,0.0003363934624665254,1
3106,25444352,25477120,5130,-3062,0.0055889409413794056,0.005585838127444731,13.500817629343146,0.002411743438563199,0.0004139705531042955,1
3107,25452544,25485312,5130,-3062,0.005526857101358473,0.0055248312710318714,12.000726743406226,0.0015921674812464106,0.0004605435336985065,1
3108,25460736,25493504,5131,-3061,0.004954470423399471,0.0049294697237201035,11.000666107465,0.02197036588388966,0.00045037912931812293,1
3109,25468928,25501696,1216,1216,0.005051879721577279,0.005018547453801148,11.500696355969707,0.02874966985404478,0.00043926729001544175,1
3110,25477120,25509888,5795,-2397,0.002751224226813065,0.002749436310296005,6.500393592367014,0.0028232329538213897,0.0004232396373726734,1
3111,25485312,25518080,3078,3078,0.0029539723254856654,0.0029519923409679905,8.00048437338246,0.002911959116112264,0.0003692241853897628,1
3112,25493504,25526272,3081,3081,0.0036484379379544407,0.00364784877456259,8.00048444936823,0.0007013715898451837,0.00045602712698760946,1
3113,25501696,25534464,3091,3091,0.0014801577926846221,0.0014799036725889891,4.500272478876173,0.0007456801613072268,0.00032890403850707576,1
3114,25509888,25542656,867,867,0.007005604049481917,0.006996866814006353,10.50063572583544,0.0054198058093975696,0.0006671599922512829,1
3115,25518080,25550848,2635,2635,0.007139756722608581,0.006923718909092713,11.500696386864842,0.1334398607802985,0.0006208108172269489,1
3116,25526272,25559040,867,867,0.007606082101119682,0.007336877883062698,11.500696254274146,0.1564971831393722,0.0006613584023917629,1
3117,25534464,25567232,867,867,0.0082281366630923,0.007939287475892343,13.500817376478922,0.1551996866355064,0.0006094547043816274,1
3118,25542656,25575424,1339,1339,0.0022368673235177994,0.0022338910202961415,6.5003935490617355,0.005782429544110979,0.00034411259974262144,1
3119,25550848,25583616,5036,-3156,0.0018603178177727386,0.0018602718046167865,6.000363177232973,0.00010741985413087605,0.0003100342034014367,1
3120,25559040,25591808,5029,-3163,0.00195874460041523,0.001957721309736371,6.000363365448629,0.0022694414582911664,0.00032643766404116435,1
3121,25567232,25600000,2889,2889,0.002483603442669846,0.0024063589371507987,7.000423887941902,0.13721845135537117,0.0003547790080180439,1
3122,25575424,25608192,6307,-1885,0.003594728812458925,0.003554371782229282,10.500635654819273,0.049032802041726636,0.00034233440056641925,1
3123,25583616,25616384,6307,-1885,0.0037398935528472066,0.0036084878083784133,10.500635812095261,0.1553399888869332,0.0003561587716945076,1
3124,25591808,25624576,6699,-1493,0.0032897063647396863,0.003256172582041472,8.500514639067493,0.044497199857040266,0.0003870008469393763,1
3125,25600000,25632768,6702,-1490,0.0035739338491111994,0.003570040804333985,9.500575044308237,0.004733297957855953,0.00037618079247238106,1
3126,25608192,25640960,6412,-1780,0.004724772064946592,0.004724708735011518,10.500635799669967,5.8212386319603326e-05,0.0004499510463066523,1
3127,25616384,25649152,6413,-1779,0.005275847390294075,0.005269073066301644,13.000786954683083,0.005580036275068857,0.0004058098489486926,1
3128,25624576,25657344,7249,-943,0.05734437800128944,0.05711767208413221,73.00442057383573,0.017203476175290496,0.0007854918585826193,1
3129,25632768,25665536,1395,1395,0.05666868947446346,0.05657591734779999,69.504208794791,0.007115646886539271,0.0008153274522090597,1
3130,25640960,25673728,7249,-943,0.057315974903758615,0.0564376117035863,71.00429968472992,0.06707056614078863,0.0008072183678770218,1
3131,25649152,25681920,7249,-943,0.056958383591336315,0.05665847205091268,69.5042089255343,0.02292797646126493,0.0008194954589348771,1
3132,25657344,25690112,801,801,0.008140170684782788,0.007967604702571407,17.00102947082808,0.09305732098999714,0.0004788045746729889,1
3133,25665536,25698304,801,801,0.008729792258236557,0.008529180428013206,20.501241335053614,0.10096607316758625,0.00042581774028044376,1
3134,25673728,25706496,5695,-2497,0.009777388186194003,0.009745588467922062,22.00133205455638,0.014147898273707667,0.00044439982824445165,1
3135,25681920,25714688,7808,-384,0.024864142906153575,0.02478797046933323,37.50227067074606,0.013325231369984007,0.0006630036651500424,1
3136,25690112,25722880,5277,-2915,0.024817630532197654,0.024597671843366697,39.502391882237106,0.03866311491600966,0.0006282564004271677,1
3137,25698304,25731072,7808,-384,0.02492181252455339,0.02383956656558439,38.00230115598506,0.19281269596235284,0.0006557974587449003,1
3138,25706496,25739264,7808,-384,0.02244379541298258,0.021702838042983785,36.50221032688797,0.1457977171830069,0.0006148612703721728,1
3139,25714688,25747456,4675,-3517,0.010606638214085251,0.010331783592846477,21.001271853817954,0.11402454621672342,0.000505047422266333,1
3140,25722880,25755648,3983,3983,0.01026161725167185,0.009846813598414883,20.001211330700883,0.17920095119471785,0.0005130497889355716,1
3141,25731072,25763840,7235,-957,0.024127773038344458,0.023777691152645275,38.00230083502678,0.06347557227109092,0.0006349029534576456,1
3142,25739264,25772032,1848,1848,0.0822997828363441,0.0807093492076092,106.00641884145705,0.08474843815464968,0.0007763660326968639,1
3143,25747456,25780224,7645,-547,0.10769072285620496,0.1034303141059354,164.50996139732865,0.1753044851289553,0.0006546152095684199,1
3144,25755648,25788416,7645,-547,0.10738119084271602,0.1007139165785702,160.00968875405155,0.2783873071237434,0.0006710918049954463,1
3145,25763840,25796608,1848,1848,0.10099769045064022,0.09388905295054428,146.5088717370713,0.31696484336172737,0.0006893622840253206,1
3146,25772032,25804800,2978,2978,0.08043948657541478,0.06367053333087824,72.50439042805735,1.015308022330506,0.0011094429744255424,1
3147,25780224,25812992,7158,-1034,0.0076047772890888155,0.007549465328338556,15.000908386776416,0.031703050580219556,0.0005069544518912315,1
3148,25788416,25821184,7750,-442,0.0073645110678626224,0.007300876037334092,15.50093868353235,0.03768944640082828,0.0004751009740904542,1
3149,25796608,25829376,730,730,0.005812299947137944,0.005791331626824103,13.500817590238967,0.015695837395673273,0.0004305146638926677,1
3150,25804800,25837568,6944,-1248,0.007272535818628967,0.0072631872608326375,19.501180843904784,0.00558627541580522,0.0003729279717388008,1
3151,25812992,25845760,7440,-752,0.006554233696078882,0.006526602403027937,16.000968789308274,0.018347658906903947,0.0004096148041022598,1
3152,25821184,25853952,6940,-1252,0.006286800926318392,0.006284237446379848,17.501059518443718,0.001771222351256022,0.0003592240183911703,1
3153,25829376,25862144,5738,-2454,0.01694400554697495,0.01662867127743084,29.501785982378543,0.08158536857859554,0.000574338297928662,1
3154,25837568,25870336,5738,-2454,0.016993485653074458,0.01609711725905072,28.501725564864756,0.2353436152203904,0.0005962265552799731,1
3155,25845760,25878528,5738,-2454,0.017069198409444652,0.01639774057548493,32.50196777539033,0.1742911532321205,0.0005251743072113012,1
3156,25853952,25886720,5747,-2445,0.017439559640479274,0.017262476758332923,31.001877186480602,0.044324076680025866,0.0005625323762034763,1
3157,25862144,25894912,8166,-26,0.0059436081210151315,0.005893927009310573,14.000847919625972,0.03645414203845005,0.00042451772600740547,1
3158,25870336,25903104,5483,-2709,0.020109511853661388,0.019449277502189943,27.50166541812608,0.14498055608458887,0.0007312106938951924,1
3159,25878528,25911296,7202,-990,0.08762014664534945,0.057260557761765085,79.50481409561414,1.847484016315398,0.0011020734736889724,1
3160,25886720,25919488,7725,-467,0.09727210176060908,0.09523593122139573,148.00896209988466,0.09187467085450708,0.0006572041339967269,1
3161,25894912,25927680,7725,-467,0.10717630476574413,0.10577169107273221,187.01132370005251,0.05729331433418895,0.000573100615755462,1
3162,25903104,25935872,7725,-467,0.10682378073397558,0.10210672526773124,169.51026395744958,0.19613596693878577,0.0006301906341246124,1
3163,25911296,25944064,7853,-339,0.09084182470724045,0.07469785973080434,120.00726673267218,0.8497769071691647,0.0007569693667767587,1
3164,25919488,25952256,287,287,0.04206223587971181,0.038166313264810015,53.50323977546195,0.42212143907624944,0.00078616240915943,1
3165,25927680,25960448,6276,-1916,0.012698420262019283,0.012078694193405681,24.501483621501745,0.21729710216155362,0.0005182714834001131,1
3166,25935872,25968640,2551,2551,0.013341076104552485,0.013129688333719969,29.501786249541194,0.06936444484491076,0.0004522124861087,1
3167,25944064,25976832,6276,-1916,0.0134029975743033,0.013265475041407626,27.00163490001905,0.044791321534177794,0.0004963772610040677,1
3168,25952256,25985024,6276,-1916,0.01260573891340755,0.011657255206955597,21.001271494440914,0.3397200350985783,0.0006002369388322188,1
3169,25960448,25993216,3075,3075,0.007677403831621632,0.007541495666373521,14.000847813551573,0.07756899286020938,0.000548352780764504,1
3170,25968640,26001408,6221,-1971,0.006099513528170064,0.006091645656852052,13.500817658367929,0.005605658199157511,0.00045178845330079176,1
3171,25976832,26009600,6221,-1971,0.006428647815482691,0.006401153426850215,12.500757092298944,0.01861397432434755,0.0005142606778147094,1
3172,25985024,26017792,6221,-1971,0.006703125225612894,0.006696239142911509,16.000969074994305,0.004463775892895838,0.0004189199537975658,1
3173,25993216,26025984,6220,-1972,0.005991010564684984,0.005982952927297447,15.500938732805828,0.0058449952434590936,0.0003864934032676194,1
3174,26001408,26034176,6069,-2123,0.004772543179569766,0.00468456007365603,12.000726839173632,0.08081053753350657,0.00039768784370550696,1
3175,26009600,26042368,3513,3513,0.007232102918351302,0.007228780348668806,15.50093895662239,0.00199569234823914,0.00046655902191406064,1
3176,26017792,26050560,3511,3511,0.007549620622739894,0.007361787211266346,17.00102979581493,0.10941868142342574,0.00044406843076049145,1
3177,26025984,26058752,3511,3511,0.007807667745510116,0.007686784636462107,20.001211502808943,0.06776610247512156,0.00039035974117935894,1
3178,26034176,26066944,185,185,0.019350811384356348,0.017791010461223777,31.501907785112557,0.3649856476595928,0.0006142742692396973,1
3179,26042368,26075136,185,185,0.018625831999088405,0.017148948762041982,24.50148369359531,0.35878178640155944,0.000760192004370625,1
3180,26050560,26083328,185,185,0.01778141066824901,0.01522571100940695,24.501483708626033,0.6738862982797267,0.0007257279142645903,1
3181,26058752,26091520,185,185,0.018938194261863828,0.01698295777896419,24.001453383280953,0.4732523717734247,0.0007890436449592626,1
3182,26066944,26099712,3303,3303,0.006717281285091303,0.006630726173170842,15.000908473177219,0.056324413204474136,0.00044779163189364966,1
3183,26075136,26107904,3303,3303,0.0074381963786436245,0.007374946857453324,20.50124154052979,0.03708744934450445,0.00036281687447751554,1
3184,26083328,26116096,339,339,0.007426915311953053,0.007422788708936423,19.001150626447583,0.0024137329104190553,0.00039086660897343637,1
3185,26091520,26124288,337,337,0.007230131886899471,0.007223895750939846,14.000847821668799,0.003747494707456252,0.000516406719006656,1
3186,26099712,26132480,336,336,0.005577317526331171,0.0055757437366992235,15.500938739320118,0.0012256512203220158,0.00035980514600600225,1
3187,26107904,26140672,669,669,0.006551337704877369,0.0064777215593494475,14.500878190655262,0.04907710580944239,0.0004517890308946405,1
3188,26116096,26148864,669,669,0.0066073442285414785,0.006535466207424179,15.50093872596839,0.04750359799276545,0.0004262544575750329,1
3189,26124288,26157056,5841,-2351,0.006755497131962329,0.006725386832840741,19.501181001767897,0.019400446642483984,0.0003464147700259745,1
3190,26132480,26165248,2241,2241,0.007133858300221618,0.007026201114058495,19.001150582393873,0.06603902062962569,0.00037544349060797004,1
3191,26140672,26173440,1387,1387,0.006794399349018931,0.006768057413864881,18.00109007257844,0.016870352718164436,0.0003774437726618028,1
3192,26148864,26181632,6458,-1734,0.015393318753922358,0.014410533993213903,24.50148367869901,0.28652188308143495,0.0006282606782423112,1
3193,26157056,26189824,324,324,0.01600165036506951,0.015657477226341143,25.0015137890703,0.09442988177014355,0.0006400272599519479,1
3194,26165248,26198016,6458,-1734,0.016339592664735392,0.014480795129202306,23.501423003673047,0.524488163682393,0.0006952597152173155,1
3195,26173440,26206208,6458,-1734,0.01527258416172117,0.014138035592623055,25.501544173202596,0.3352345638475899,0.0005988886029015384,1
3196,26181632,26214400,2630,2630,0.005939788650721312,0.005933121348789427,14.000847820925372,0.004877612552757126,0.000424244926213956,1
3197,26189824,26222592,2630,2630,0.008092104370007291,0.007896393712144345,14.500878148754005,0.10632681548445301,0.0005580423672963979,1
3198,26198016,26230784,2630,2630,0.008047094073845074,0.007816897355951369,15.000908375710331,0.12604669184860345,0.0005364404522912115,1
3199,26206208,26238976,7731,-461,0.00732778781093657,0.007307728054001927,13.500817526454258,0.01190507704792267,0.0005427662285323161,1
3200,26214400,26247168,7731,-461,0.008390986360609531,0.00837420264724642,17.501059771550693,0.008695489840400335,0.0004794558998221193,1
3201,26222592,26255360,7726,-466,0.006192343542352319,0.0059969136491417885,12.50075705755126,0.13927246996646026,0.0004953574822583841,1
3202,26230784,26263552,7725,-467,0.005774229415692389,0.005638709291815758,13.500817694025889,0.10314330060414599,0.000427694792016004,1
3203,26238976,26271744,230,230,0.010381848434917629,0.010277654102537781,20.001211312479445,0.043806870170294,0.0005190609844934759,1
3204,26247168,26279936,8087,-105,0.012414026481565088,0.01177872451080475,22.001332369684377,0.22814403173412562,0.0005642397593461371,1
3205,26255360,26288128,8087,-105,0.01243732758666738,0.011844089647638611,25.001514019891587,0.21225387463046116,0.0004974629767130123,1
3206,26263552,26296320,243,243,0.022441118373535573,0.021555658080615103,37.50227096392003,0.17483210455478299,0.0005983935851544989,1
3207,26271744,26304512,6405,-1787,0.029756713265669532,0.027996705728583038,48.50293680390256,0.2647802767704759,0.0006135033304473081,1
3208,26279936,26312704,6405,-1787,0.029760481178527698,0.027629250064023836,47.00284597033827,0.32270851669146056,0.0006331633875384571,1
3209,26288128,26320896,6405,-1787,0.031035330932354555,0.027689490103625758,48.00290651925263,0.49541422290902504,0.0006465302454114345,1
3210,26296320,26329088,2683,2683,0.026430924262967892,0.02619433682411909,36.00217971216033,0.03904942580586206,0.0007341478897745854,1
3211,26304512,26337280,6024,-2168,0.007575458264909685,0.007390425191260874,21.001271580626636,0.10739484644332026,0.00036071426607796136,1
3212,26312704,26345472,5952,-2240,0.0068087406834820285,0.006803046082495712,17.50105970330844,0.0036338123301563295,0.0003890473376417823,1
3213,26320896,26353664,778,778,0.00841864990616159,0.008414386396907503,20.001211078194476,0.0021999816894011774,0.0004209070077431305,1
3214,26329088,26361856,5284,-2908,0.007648304686881602,0.007641247328137979,18.501120377622193,0.004009237384884511,0.0004133968392602059,1
3215,26337280,26370048,779,779,0.01483247768601359,0.014722838697821317,24.50148375407949,0.03222149637919798,0.0006053705904053254,1
3216,26345472,26378240,779,779,0.016083416136098094,0.015222410147543997,27.501665271352348,0.2389487960930265,0.0005848160821320047,1
3217,26353664,26386432,7594,-598,2018.0033243127168,1341.6520069480903,4112.249310518397,1.7728199268642462,0.4907298103621845,1
3218,26361856,26394624,7594,-598,4150.852734136604,2574.11035608752,9936.101788387467,2.0751016370952478,0.417754650922336,1
3219,26370048,26402816,7594,-598,6297.775274877595,3752.5450553346745,15708.451635648044,2.2486124418628797,0.40091636152004384,1
3220,26378240,26411008,7594,-598,8437.037475585938,4907.3067626953125,21452.299768515,2.3534677096570396,0.39329291342314565,1
3221,26386432,26419200,7594,-598,8593.0673828125,4690.5465087890625,23138.901491593373,2.629247708030667,0.371368856293133,1
3222,26394624,26427392,7594,-598,8636.50732421875,4569.3048095703125,23082.898188244333,2.764880156878704,0.3741517747809135,1
3223,26402816,26435584,7594,-598,8658.647705078125,4500.879638671875,23035.395071434126,2.8415267053098803,0.37588448898866916,1
3224,26411008,26443776,7594,-598,8749.94091796875,4461.3057861328125,23098.898352487104,2.9254312894806818,0.3788033863972836,1
3225,26419200,26451968,7594,-598,8775.865234375,4421.4483642578125,23065.89592963828,2.977253879349764,0.38046929809904084,1
3226,26427392,26460160,7594,-598,8783.43359375,4401.349853515625,23042.894263979004,3.0007843116824553,0.3811775332181424,1
3227,26435584,26468352,7594,-598,8833.22607421875,4361.741943359375,23052.39485684273,3.0645937819710194,0.3831804083295385,1
3228,26443776,26476544,7594,-598,8772.519775390625,4331.1246337890625,22974.39079044258,3.065236745911108,0.38183905964723214,1
3229,26451968,26484736,7594,-598,8746.801025390625,4331.5780029296875,22980.391445045607,3.0520310762097314,0.3806201929287139,1
3230,26460160,26492928,7594,-598,8742.359375,4300.6458740234375,22942.389672032215,3.0809497207604815,0.38105705203226153,1
3231,26468352,26501120,7594,-598,8687.0673828125,4295.54150390625,22889.886537558992,3.058552706259587,0.3795155283342396,1
3232,26476544,26509312,7594,-598,8692.316650390625,4273.8865966796875,22856.884041570327,3.083125443399932,0.38029315958298227,1
3233,26484736,26517504,7594,-598,6518.874541401863,3188.76694047451,22771.37911740857,3.105498440990763,0.28627491149265644,1
3234,26492928,26525696,7594,-598,4341.137137055397,2212.900199279189,22748.877699930792,2.9264167757205346,0.1908286287489516,1
3235,26501120,26533888,7626,-566,2217.9025477021933,2193.9036507308483,22763.378342908803,0.047249089656452414,0.0974329255654229,1
3236,26509312,26542080,7626,-566,2220.56993663311,2197.7713103294373,22729.876393300627,0.04481955975189596,0.09769388527284723,1
3237,26517504,26550272,7626,-566,2220.303526520729,1102.7776575684547,22779.37939451397,3.039243900668573,0.09746988660522735,1
3238,26525696,26558464,635,635,1504.513849914074,1093.3406513929367,22802.38051627788,1.3864069415859284,0.06598056061910072,1
3239,26533888,26566656,283,283,1908.0196108222008,1503.5420016893186,22811.381293945502,1.0346726942177704,0.08364331761569471,1
3240,26542080,26574848,283,283,1907.1735879480839,1502.732376048807,22869.88454035957,1.0350858035544324,0.0833923575163838,1
3241,26550272,26583040,283,283,1905.9465534724295,1400.9517154195346,22907.3866134682,1.3368755065032933,0.0832022694527644,1
3242,26558464,26591232,631,631,1496.2813362833112,1386.6916428394616,22915.387275284796,0.3303336063879564,0.06529592183227526,1
3243,26566656,26599424,547,547,1541.9197495020926,1496.2423942219466,22913.887049993733,0.13059815293486132,0.06729193288497572,1
3244,26574848,26607616,335,335,1819.3825309742242,1541.926620585844,22935.38870296353,0.7186031408433485,0.07932643106847097,1
3245,26583040,26615808,335,335,1819.366504295729,1567.6594718396664,22967.3908299129,0.646684639868428,0.0792152020126802,1
3246,26591232,26624000,335,335,1819.3360180808231,1656.7709829290397,23014.89348908003,0.40650437874115086,0.07905037748465145,1
3247,26599424,26632192,495,495,1657.4931498547085,1567.7095116749406,23052.895647726564,0.2418614889287654,0.07189956416681943,1
3248,26607616,26640384,219,219,1958.954650580883,1657.742634832859,23046.395208416692,0.7250727521233404,0.08500047980889698,1
3249,26615808,26648576,219,219,1958.9902251288295,1803.0588645786047,22985.891117363124,0.3602236358561453,0.08522576806469966,1
3250,26624000,26656768,219,219,1959.0004300512373,1803.028221401386,22976.390652706676,0.36032006883549655,0.08526145205580678,1
3251,26632192,26664960,323,323,1802.8692122688517,1418.891008829698,22970.890594170225,1.0401518561645737,0.07848495054546999,1
3252,26640384,26673152,583,583,1501.7001246362925,1396.6140838852152,22959.889727894326,0.3150679952456917,0.06540537182161871,1
3253,26648576,26681344,583,583,1501.7109083086252,1396.7675092741847,22937.889019440223,0.3146221126317003,0.06546857503041809,1
3254,26656768,26689536,551,551,1527.7491008639336,1501.7567961215973,22889.886057124066,0.07452430793062677,0.06674341222369035,1
3255,26664960,26697728,7767,-425,1530.8047805130482,1527.6298560649157,22840.38301810998,0.009016721476335095,0.06702185244876514,1
3256,26673152,26705920,7767,-425,1530.7364239748567,1527.3491688426584,22762.878575001465,0.009620834797870613,0.06724704957377114,1
3257,26681344,26714112,7767,-425,1530.625149542233,1335.459203839302,22732.876647123565,0.5923821934702627,0.06733090463216436,1
3258,26689536,26722304,259,259,1840.4904835009947,1507.3345596194267,22676.373318203627,0.8672391960315458,0.0811633526082201,1
3259,26697728,26730496,259,259,1840.4872142346576,1507.3066263673827,22612.869071702986,0.8673119639074223,0.08139114096484926,1
3260,26705920,26738688,259,259,1840.535419255495,1507.11637976754,22563.8660254692,0.867973895254094,0.08157003844899502,1
3261,26714112,26746880,543,543,1482.995351292193,1300.3610771670938,22517.36298112387,0.5707582808443487,0.06586008106434915,1
3262,26722304,26755072,543,543,1297.9441570192575,1285.657676577568,22508.86237604895,0.041306603934394004,0.05766369420785848,1
3263,26730496,26763264,7859,-333,1626.7842600657605,1425.170797122526,22544.864840288625,0.5746304700859378,0.07215764084593794,1
3264,26738688,26771456,7859,-333,1627.1832651346922,1471.2705785324797,22542.864657285172,0.4374391874082809,0.07218174308689006,1
3265,26746880,26779648,7859,-333,1627.0799717195332,1471.3338551521301,22622.369811664204,0.436976711009063,0.0719234980802322,1
3266,26755072,26787840,51,51,2113.5401813089848,1866.3341593034565,22660.372142569628,0.5402110380164684,0.09327032089373775,1
3267,26763264,26796032,51,51,2113.624631226063,1896.6400276420172,22697.374343270447,0.4704294948310629,0.0931219884406027,1
3268,26771456,26804224,51,51,2113.5220954658,1896.731905180728,22788.38009795538,0.47000842861096814,0.09274560483811788,1
3269,26779648,26812416,199,199,1896.769646089524,1665.7023159172386,22782.379713228605,0.5641720146860153,0.08325599300709413,1
3270,26787840,26820608,575,575,1463.677448939532,1340.3101971698925,22813.881699610298,0.38240059909911406,0.06415731738297452,1
3271,26796032,26828800,8051,-141,1947.332702709362,1755.2745090441313,22823.38244423773,0.4509511143695815,0.08532182762424022,1
3272,26804224,26836992,8051,-141,1947.36941094324,1755.2912112083286,22768.87918895921,0.4509916556430338,0.08552767989948021,1
3273,26812416,26845184,8051,-141,1947.5924989394844,1755.2854199316353,22756.378440061093,0.4515034778219306,0.08558446609021395,1
3274,26820608,26853376,523,523,1497.04586476041,1285.8496746718884,22708.875516804812,0.6604490663724534,0.06592338152774584,1
3275,26828800,26861568,7759,-433,1444.559129362926,1313.0497013777494,22625.370603415893,0.4145415803085251,0.06384687149145887,1
3276,26836992,26869760,7939,-253,1744.1774949803948,1535.860899310559,22631.8707439793,0.552387944575276,0.07706731426275903,1
3277,26845184,26877952,8015,-177,1827.203114375472,1744.1621800810099,22609.86902780198,0.2019996166184644,0.0808144050780954,1
3278,26853376,26886144,8015,-177,1827.2034157812595,1744.3247347064316,22573.867136409004,0.20159559262249294,0.08094330513863061,1
3279,26861568,26894336,8015,-177,1827.140899850987,1729.6372595066205,22592.36801228782,0.23817007037926152,0.08087425359117816,1
3280,26869760,26902528,499,499,1447.9570962432772,1285.8875663727522,22571.366639003456,0.5155269665137979,0.0641501739527459,1
3281,26877952,26910720,647,647,1312.3526458311826,1251.9016283641104,22519.36351540625,0.20480346843489378,0.05827663135032028,1
3282,26886144,26918912,7763,-429,1419.476652102545,1339.4039174122736,22526.863657183523,0.2521668873750601,0.06301261789942482,1
3283,26894336,26927104,7763,-429,1419.5267432071269,1339.7285093497485,22456.359596583556,0.2512677960735764,0.0632126831199786,1
3284,26902528,26935296,8027,-165,1820.3290695436299,1743.8062746226788,22490.36171994209,0.1865166853784666,0.08093818553080688,1
3285,26910720,26943488,8127,-65,1956.7809547316283,1928.1626344835386,19924.206624427807,0.0639855025040789,0.09821123579056559,1
3286,26918912,26951680,8127,-65,1956.7619837752936,1928.1564470437734,14293.865791944709,0.06395733398309654,0.13689522570430349,1
