frame_index,packet_index,event_index,stage,frame_symbol_index,stage_symbol_index,start_sample,sf,bw,os_factor,cfo_int,cfo_frac,cfo_correction_mode,cfo_common_phase_rad,cfo_common_phase_pi,sto_frac,sfo_hat,sfo_cum_before,source_grlora_branch_sample_phases,source_grlora_branch_valid,source_grlora_branch_payload_sto_frac,source_grlora_branch_payload_sto_sample_correction,source_grlora_branch_sfo_hat,source_grlora_branch_sfo_cum_initial,sfo_sample_adjust_after,raw_fft_bin,signed_fft_bin,symbol_value,peak_real,peak_imag,peak_amp,peak_power,peak_phase,peak_margin_db,total_power,header_valid,payload_len,payload_cr,payload_has_crc,payload_ldro
0,0,0,header,0,0,1231286,11,125000.0,4,6,0.469265087605646,continuous,0.0,0.0,-0.04004719977159832,0.0016581056714183016,-0.04004719977159832,0|1|2|3,0|1|1|1,0.4591069427385348|-0.28933827308209525|-0.04004719977159832|0.21017683618221394,2|-1|0|1,0.0016582328618334361|0.0016581674433234729|0.0016581056714183016|0.00165830815410067,-0.04089305726146519|-0.039338273082095254|-0.04004719977159832|-0.039823163817786056,0,1745,-303,436,91.59605407714844,-658.5106201171875,664.8504147021545,442026.0625,-1.432587324635261,25.15010290845677,449823.8231120049,1,33,1,1,1
0,0,0,header,1,1,1239478,11,125000.0,4,6,0.469265087605646,continuous,40.64759134669366,12.938530175211294,-0.04004719977159832,0.0016581056714183016,-0.038389094100180016,0|1|2|3,0|1|1|1,0.4591069427385348|-0.28933827308209525|-0.04004719977159832|0.21017683618221394,2|-1|0|1,0.0016582328618334361|0.0016581674433234729|0.0016581056714183016|0.00165830815410067,-0.04089305726146519|-0.039338273082095254|-0.04004719977159832|-0.039823163817786056,0,1393,-655,348,-596.0469360351562,-294.8184509277344,664.9735851628443,442189.9375,-2.6822559877239502,28.430406829652934,448984.23364905955,1,33,1,1,1
0,0,0,header,2,2,1247670,11,125000.0,4,6,0.469265087605646,continuous,81.29518269338732,25.87706035042259,-0.04004719977159832,0.0016581056714183016,-0.03673098842876171,0|1|2|3,0|1|1|1,0.4591069427385348|-0.28933827308209525|-0.04004719977159832|0.21017683618221394,2|-1|0|1,0.0016582328618334361|0.0016581674433234729|0.0016581056714183016|0.00165830815410067,-0.04089305726146519|-0.039338273082095254|-0.04004719977159832|-0.039823163817786056,0,61,61,15,511.2961730957031,-422.1529541015625,663.0511995909419,439636.90625,-0.6901881578190119,23.729263655928442,450343.4033361331,1,33,1,1,1
0,0,0,header,3,3,1255862,11,125000.0,4,6,0.469265087605646,continuous,121.94277404008098,38.81559052563388,-0.04004719977159832,0.0016581056714183016,-0.03507288275734341,0|1|2|3,0|1|1|1,0.4591069427385348|-0.28933827308209525|-0.04004719977159832|0.21017683618221394,2|-1|0|1,0.0016582328618334361|0.0016581674433234729|0.0016581056714183016|0.00165830815410067,-0.04089305726146519|-0.039338273082095254|-0.04004719977159832|-0.039823163817786056,0,173,173,43,552.2017822265625,-362.142822265625,660.359168947251,436074.1875,-0.5804530113082074,23.638617007498766,446315.2555066316,1,33,1,1,1
0,0,0,header,4,4,1264054,11,125000.0,4,6,0.469265087605646,continuous,162.59036538677464,51.75412070084518,-0.04004719977159832,0.0016581056714183016,-0.03341477708592511,0|1|2|3,0|1|1|1,0.4591069427385348|-0.28933827308209525|-0.04004719977159832|0.21017683618221394,2|-1|0|1,0.0016582328618334361|0.0016581674433234729|0.0016581056714183016|0.00165830815410067,-0.04089305726146519|-0.039338273082095254|-0.04004719977159832|-0.039823163817786056,0,1741,-307,435,-444.18511962890625,-485.92822265625,658.3514700170479,433426.6875,-2.311344998256879,23.917044245455212,442308.71545344876,1,33,1,1,1
0,0,0,header,5,5,1272246,11,125000.0,4,6,0.469265087605646,continuous,203.2379567334683,64.69265087605648,-0.04004719977159832,0.0016581056714183016,-0.031756671414506804,0|1|2|3,0|1|1|1,0.4591069427385348|-0.28933827308209525|-0.04004719977159832|0.21017683618221394,2|-1|0|1,0.0016582328618334361|0.0016581674433234729|0.0016581056714183016|0.00165830815410067,-0.04089305726146519|-0.039338273082095254|-0.04004719977159832|-0.039823163817786056,0,1657,-391,414,-630.1436767578125,-185.57406616210938,656.9008961706427,431518.75,-2.8551940785212047,23.78422116078871,440518.1785434505,1,33,1,1,1
0,0,0,header,6,6,1280438,11,125000.0,4,6,0.469265087605646,continuous,243.88554808016195,77.63118105126776,-0.04004719977159832,0.0016581056714183016,-0.0300985657430885,0|1|2|3,0|1|1|1,0.4591069427385348|-0.28933827308209525|-0.04004719977159832|0.21017683618221394,2|-1|0|1,0.0016582328618334361|0.0016581674433234729|0.0016581056714183016|0.00165830815410067,-0.04089305726146519|-0.039338273082095254|-0.04004719977159832|-0.039823163817786056,0,1445,-603,361,-504.499267578125,418.5511779785156,655.5185730199165,429704.5625,2.449039884290193,25.501546340889178,437948.4764454717,1,33,1,1,1
0,0,0,header,7,7,1288630,11,125000.0,4,6,0.469265087605646,continuous,284.5331394268556,90.56971122647906,-0.04004719977159832,0.0016581056714183016,-0.0284404600716702,0|1|2|3,0|1|1|1,0.4591069427385348|-0.28933827308209525|-0.04004719977159832|0.21017683618221394,2|-1|0|1,0.0016582328618334361|0.0016581674433234729|0.0016581056714183016|0.00165830815410067,-0.04089305726146519|-0.039338273082095254|-0.04004719977159832|-0.039823163817786056,0,697,697,174,637.2117309570312,-126.34559631347656,649.6168099557337,422001.9375,-0.19574004199514244,25.70682223283327,430068.1328851313,1,33,1,1,1
0,0,0,payload,8,0,1296822,11,125000.0,4,6,0.469265087605646,continuous,325.18073077354927,103.50824140169036,-0.04004719977159832,0.0016581056714183016,-0.026782354400251895,0|1|2|3,0|1|1|1,0.4591069427385348|-0.28933827308209525|-0.04004719977159832|0.21017683618221394,2|-1|0|1,0.0016582328618334361|0.0016581674433234729|0.0016581056714183016|0.00165830815410067,-0.04089305726146519|-0.039338273082095254|-0.04004719977159832|-0.039823163817786056,0,441,441,110,140.797119140625,-634.5182495117188,649.9517195313165,422437.25,-1.3524381863881838,23.093590487716696,432148.5732857203,1,33,1,1,1
0,0,0,payload,9,1,1305014,11,125000.0,4,6,0.469265087605646,continuous,365.82832212024294,116.44677157690165,-0.04004719977159832,0.0016581056714183016,-0.025124248728833593,0|1|2|3,0|1|1|1,0.4591069427385348|-0.28933827308209525|-0.04004719977159832|0.21017683618221394,2|-1|0|1,0.0016582328618334361|0.0016581674433234729|0.0016581056714183016|0.00165830815410067,-0.04089305726146519|-0.039338273082095254|-0.04004719977159832|-0.039823163817786056,0,1421,-627,355,205.06028747558594,612.524658203125,645.9382156262509,417236.1875,1.2477453914266183,23.40827081957714,426949.2268430389,1,33,1,1,1
0,0,0,payload,10,2,1313206,11,125000.0,4,6,0.469265087605646,continuous,406.4759134669366,129.38530175211295,-0.04004719977159832,0.0016581056714183016,-0.02346614305741529,0|1|2|3,0|1|1|1,0.4591069427385348|-0.28933827308209525|-0.04004719977159832|0.21017683618221394,2|-1|0|1,0.0016582328618334361|0.0016581674433234729|0.0016581056714183016|0.00165830815410067,-0.04089305726146519|-0.039338273082095254|-0.04004719977159832|-0.039823163817786056,0,1229,-819,307,625.952880859375,144.9657440185547,642.520097736253,412832.0625,0.22757997333712704,23.36849424233091,422921.4803441061,1,33,1,1,1
0,0,0,payload,11,3,1321398,11,125000.0,4,6,0.469265087605646,continuous,447.12350481363023,142.32383192732422,-0.04004719977159832,0.0016581056714183016,-0.021808037385996987,0|1|2|3,0|1|1|1,0.4591069427385348|-0.28933827308209525|-0.04004719977159832|0.21017683618221394,2|-1|0|1,0.0016582328618334361|0.0016581674433234729|0.0016581056714183016|0.00165830815410067,-0.04089305726146519|-0.039338273082095254|-0.04004719977159832|-0.039823163817786056,0,1381,-667,345,626.0519409179688,143.9219207763672,642.3819362397379,412654.5,0.22596215237012918,22.005091784828757,424253.16547541646,1,33,1,1,1
0,0,0,payload,12,4,1329590,11,125000.0,4,6,0.469265087605646,continuous,487.7710961603239,155.26236210253552,-0.04004719977159832,0.0016581056714183016,-0.020149931714578684,0|1|2|3,0|1|1|1,0.4591069427385348|-0.28933827308209525|-0.04004719977159832|0.21017683618221394,2|-1|0|1,0.0016582328618334361|0.0016581674433234729|0.0016581056714183016|0.00165830815410067,-0.04089305726146519|-0.039338273082095254|-0.04004719977159832|-0.039823163817786056,0,2005,-43,501,-38.901031494140625,639.6407470703125,640.8225772895144,410653.5625,1.631538511605741,19.869883658200184,427927.70585945784,1,33,1,1,1
0,0,0,payload,13,5,1337782,11,125000.0,4,6,0.469265087605646,continuous,528.4186875070176,168.20089227774682,-0.04004719977159832,0.0016581056714183016,-0.01849182604316038,0|1|2|3,0|1|1|1,0.4591069427385348|-0.28933827308209525|-0.04004719977159832|0.21017683618221394,2|-1|0|1,0.0016582328618334361|0.0016581674433234729|0.0016581056714183016|0.00165830815410067,-0.04089305726146519|-0.039338273082095254|-0.04004719977159832|-0.039823163817786056,0,1865,-183,466,502.5491027832031,398.5438232421875,641.3990799437605,411392.8125,0.6704853964653364,20.063422254101635,427343.39453183115,1,33,1,1,1
0,0,0,payload,14,6,1345974,11,125000.0,4,6,0.469265087605646,continuous,569.0662788537112,181.13942245295812,-0.04004719977159832,0.0016581056714183016,-0.016833720371742078,0|1|2|3,0|1|1|1,0.4591069427385348|-0.28933827308209525|-0.04004719977159832|0.21017683618221394,2|-1|0|1,0.0016582328618334361|0.0016581674433234729|0.0016581056714183016|0.00165830815410067,-0.04089305726146519|-0.039338273082095254|-0.04004719977159832|-0.039823163817786056,0,1693,-355,423,584.909423828125,-259.7222900390625,639.980235652699,409574.6875,-0.41788527519280516,19.60100936470416,425763.03487639286,1,33,1,1,1
0,0,0,payload,15,7,1354166,11,125000.0,4,6,0.469265087605646,continuous,609.7138702004049,194.0779526281694,-0.04004719977159832,0.0016581056714183016,-0.015175614700323777,0|1|2|3,0|1|1|1,0.4591069427385348|-0.28933827308209525|-0.04004719977159832|0.21017683618221394,2|-1|0|1,0.0016582328618334361|0.0016581674433234729|0.0016581056714183016|0.00165830815410067,-0.04089305726146519|-0.039338273082095254|-0.04004719977159832|-0.039823163817786056,0,1245,-803,311,-466.7624206542969,-438.16693115234375,640.2010753587668,409857.375,-2.387783671407774,19.530289065508782,425981.1458711622,1,33,1,1,1
0,0,0,payload,16,8,1362358,11,125000.0,4,6,0.469265087605646,continuous,650.3614615470985,207.0164828033807,-0.04004719977159832,0.0016581056714183016,-0.013517509028905476,0|1|2|3,0|1|1|1,0.4591069427385348|-0.28933827308209525|-0.04004719977159832|0.21017683618221394,2|-1|0|1,0.0016582328618334361|0.0016581674433234729|0.0016581056714183016|0.00165830815410067,-0.04089305726146519|-0.039338273082095254|-0.04004719977159832|-0.039823163817786056,0,1921,-127,480,376.0173645019531,-515.3831787109375,637.9724753507669,407008.875,-0.9404874168306091,18.514632837268493,427699.16240151715,1,33,1,1,1
0,0,0,payload,17,9,1370550,11,125000.0,4,6,0.469265087605646,continuous,691.0090528937922,219.95501297859198,-0.04004719977159832,0.0016581056714183016,-0.011859403357487175,0|1|2|3,0|1|1|1,0.4591069427385348|-0.28933827308209525|-0.04004719977159832|0.21017683618221394,2|-1|0|1,0.0016582328618334361|0.0016581674433234729|0.0016581056714183016|0.00165830815410067,-0.04089305726146519|-0.039338273082095254|-0.04004719977159832|-0.039823163817786056,0,849,849,212,113.51414489746094,630.2142944335938,640.3557745505494,410055.4375,1.3925872396878904,18.21292852739496,429634.21936092654,1,33,1,1,1
0,0,0,payload,18,10,1378742,11,125000.0,4,6,0.469265087605646,continuous,731.6566442404859,232.8935431538033,-0.04004719977159832,0.0016581056714183016,-0.010201297686068873,0|1|2|3,0|1|1|1,0.4591069427385348|-0.28933827308209525|-0.04004719977159832|0.21017683618221394,2|-1|0|1,0.0016582328618334361|0.0016581674433234729|0.0016581056714183016|0.00165830815410067,-0.04089305726146519|-0.039338273082095254|-0.04004719977159832|-0.039823163817786056,0,2017,-31,504,-262.5860900878906,-580.1609497070312,636.8187986174797,405538.15625,-1.995817812474725,18.00708308211465,429237.00276357564,1,33,1,1,1
0,0,0,payload,19,11,1386934,11,125000.0,4,6,0.469265087605646,continuous,772.3042355871795,245.83207332901458,-0.04004719977159832,0.0016581056714183016,-0.008543192014650572,0|1|2|3,0|1|1|1,0.4591069427385348|-0.28933827308209525|-0.04004719977159832|0.21017683618221394,2|-1|0|1,0.0016582328618334361|0.0016581674433234729|0.0016581056714183016|0.00165830815410067,-0.04089305726146519|-0.039338273082095254|-0.04004719977159832|-0.039823163817786056,0,9,9,2,-542.2705078125,-329.4302673339844,634.4931872596956,402581.5625,-2.595675431935357,17.565296396239606,427710.3542749495,1,33,1,1,1
0,0,0,payload,20,12,1395126,11,125000.0,4,6,0.469265087605646,continuous,812.9518269338732,258.7706035042259,-0.04004719977159832,0.0016581056714183016,-0.006885086343232271,0|1|2|3,0|1|1|1,0.4591069427385348|-0.28933827308209525|-0.04004719977159832|0.21017683618221394,2|-1|0|1,0.0016582328618334361|0.0016581674433234729|0.0016581056714183016|0.00165830815410067,-0.04089305726146519|-0.039338273082095254|-0.04004719977159832|-0.039823163817786056,0,1369,-679,342,434.4574279785156,466.1383361816406,637.2112720157227,406038.15625,0.8205613865400897,16.93553525877265,430369.2788010454,1,33,1,1,1
0,0,0,payload,21,13,1403318,11,125000.0,4,6,0.469265087605646,continuous,853.5994182805669,271.7091336794372,-0.04004719977159832,0.0016581056714183016,-0.00522698067181397,0|1|2|3,0|1|1|1,0.4591069427385348|-0.28933827308209525|-0.04004719977159832|0.21017683618221394,2|-1|0|1,0.0016582328618334361|0.0016581674433234729|0.0016581056714183016|0.00165830815410067,-0.04089305726146519|-0.039338273082095254|-0.04004719977159832|-0.039823163817786056,0,1653,-395,413,393.0398254394531,504.6578674316406,639.6560540963613,409159.8125,0.9091014061026241,16.928158494107418,435400.160014285,1,33,1,1,1
0,0,0,payload,22,14,1411510,11,125000.0,4,6,0.469265087605646,continuous,894.2470096272605,284.64766385464844,-0.04004719977159832,0.0016581056714183016,-0.0035688750003956683,0|1|2|3,0|1|1|1,0.4591069427385348|-0.28933827308209525|-0.04004719977159832|0.21017683618221394,2|-1|0|1,0.0016582328618334361|0.0016581674433234729|0.0016581056714183016|0.00165830815410067,-0.04089305726146519|-0.039338273082095254|-0.04004719977159832|-0.039823163817786056,0,2029,-19,507,200.28079223632812,605.7908325195312,638.0399113719438,407094.9375,1.2514983473345498,16.832839146456614,435658.76283175853,1,33,1,1,1
0,0,0,payload,23,15,1419702,11,125000.0,4,6,0.469265087605646,continuous,934.8946009739542,297.58619402985977,-0.04004719977159832,0.0016581056714183016,-0.0019107693289773667,0|1|2|3,0|1|1|1,0.4591069427385348|-0.28933827308209525|-0.04004719977159832|0.21017683618221394,2|-1|0|1,0.0016582328618334361|0.0016581674433234729|0.0016581056714183016|0.00165830815410067,-0.04089305726146519|-0.039338273082095254|-0.04004719977159832|-0.039823163817786056,0,169,169,42,356.20330810546875,526.498046875,635.6736506010527,404080.96875,0.9759812166534684,16.625330339363153,433298.7096483254,1,33,1,1,1
0,0,0,payload,24,16,1427894,11,125000.0,4,6,0.469265087605646,continuous,975.5421923206478,310.52472420507104,-0.04004719977159832,0.0016581056714183016,-0.0002526636575590651,0|1|2|3,0|1|1|1,0.4591069427385348|-0.28933827308209525|-0.04004719977159832|0.21017683618221394,2|-1|0|1,0.0016582328618334361|0.0016581674433234729|0.0016581056714183016|0.00165830815410067,-0.04089305726146519|-0.039338273082095254|-0.04004719977159832|-0.039823163817786056,0,333,333,83,526.1150512695312,359.7328796386719,637.3419740339347,406204.8125,0.5997386859361973,16.120344198186032,436896.763491774,1,33,1,1,1
0,0,0,payload,25,17,1436086,11,125000.0,4,6,0.469265087605646,continuous,1016.1897836673414,323.4632543802823,-0.04004719977159832,0.0016581056714183016,0.0014054420138592365,0|1|2|3,0|1|1|1,0.4591069427385348|-0.28933827308209525|-0.04004719977159832|0.21017683618221394,2|-1|0|1,0.0016582328618334361|0.0016581674433234729|0.0016581056714183016|0.00165830815410067,-0.04089305726146519|-0.039338273082095254|-0.04004719977159832|-0.039823163817786056,0,777,777,194,310.6654357910156,559.114990234375,639.6269110192338,409122.5625,1.0636349601117705,14.726027975125284,444445.2683853921,1,33,1,1,1
0,0,0,payload,26,18,1444278,11,125000.0,4,6,0.469265087605646,continuous,1056.8373750140352,336.40178455549363,-0.04004719977159832,0.0016581056714183016,0.003063547685277538,0|1|2|3,0|1|1|1,0.4591069427385348|-0.28933827308209525|-0.04004719977159832|0.21017683618221394,2|-1|0|1,0.0016582328618334361|0.0016581674433234729|0.0016581056714183016|0.00165830815410067,-0.04089305726146519|-0.039338273082095254|-0.04004719977159832|-0.039823163817786056,0,1649,-399,412,-602.4239501953125,212.0109100341797,638.6417162560283,407863.25,2.803199716242667,15.13415142865737,444289.1072879293,1,33,1,1,1
0,0,0,payload,27,19,1452470,11,125000.0,4,6,0.469265087605646,continuous,1097.4849663607288,349.3403147307049,-0.04004719977159832,0.0016581056714183016,0.00472165335669584,0|1|2|3,0|1|1|1,0.4591069427385348|-0.28933827308209525|-0.04004719977159832|0.21017683618221394,2|-1|0|1,0.0016582328618334361|0.0016581674433234729|0.0016581056714183016|0.00165830815410067,-0.04089305726146519|-0.039338273082095254|-0.04004719977159832|-0.039823163817786056,0,293,293,73,-440.8659362792969,-459.82220458984375,637.0237308023031,405799.25,-2.3351511686611586,15.050684151471838,444010.15045965154,1,33,1,1,1
0,0,0,payload,28,20,1460662,11,125000.0,4,6,0.469265087605646,continuous,1138.1325577074224,362.27884490591623,-0.04004719977159832,0.0016581056714183016,0.006379759028114142,0|1|2|3,0|1|1|1,0.4591069427385348|-0.28933827308209525|-0.04004719977159832|0.21017683618221394,2|-1|0|1,0.0016582328618334361|0.0016581674433234729|0.0016581056714183016|0.00165830815410067,-0.04089305726146519|-0.039338273082095254|-0.04004719977159832|-0.039823163817786056,0,1161,-887,290,491.5700378417969,-402.3796691894531,635.2562477306299,403550.46875,-0.6859561241860814,13.354192760260254,448776.8053219771,1,33,1,1,1
0,0,0,payload,29,21,1468854,11,125000.0,4,6,0.469265087605646,continuous,1178.780149054116,375.2173750811275,-0.04004719977159832,0.0016581056714183016,0.008037864699532443,0|1|2|3,0|1|1|1,0.4591069427385348|-0.28933827308209525|-0.04004719977159832|0.21017683618221394,2|-1|0|1,0.0016582328618334361|0.0016581674433234729|0.0016581056714183016|0.00165830815410067,-0.04089305726146519|-0.039338273082095254|-0.04004719977159832|-0.039823163817786056,0,1309,-739,327,190.3712921142578,-609.3272094726562,638.3736187100673,407520.84375,-1.2679764399700684,13.251759917509567,454431.0770063404,1,33,1,1,1
0,0,0,payload,30,22,1477046,11,125000.0,4,6,0.469265087605646,continuous,1219.4277404008099,388.1559052563388,-0.04004719977159832,0.0016581056714183016,0.009695970370950744,0|1|2|3,0|1|1|1,0.4591069427385348|-0.28933827308209525|-0.04004719977159832|0.21017683618221394,2|-1|0|1,0.0016582328618334361|0.0016581674433234729|0.0016581056714183016|0.00165830815410067,-0.04089305726146519|-0.039338273082095254|-0.04004719977159832|-0.039823163817786056,0,1685,-363,421,242.76527404785156,-589.8299560546875,637.835680518896,406834.375,-1.1803427848878523,14.059220076370618,451294.71078540647,1,33,1,1,1
0,0,0,payload,31,23,1485238,11,125000.0,4,6,0.469265087605646,continuous,1260.0753317475035,401.0944354315501,-0.04004719977159832,0.0016581056714183016,0.011354076042369045,0|1|2|3,0|1|1|1,0.4591069427385348|-0.28933827308209525|-0.04004719977159832|0.21017683618221394,2|-1|0|1,0.0016582328618334361|0.0016581674433234729|0.0016581056714183016|0.00165830815410067,-0.04089305726146519|-0.039338273082095254|-0.04004719977159832|-0.039823163817786056,0,1833,-215,458,-159.6209716796875,-623.7960815429688,643.8947165090965,414600.40625,-1.821307469207899,14.315222276431694,459530.55729025614,1,33,1,1,1
0,0,0,payload,32,24,1493430,11,125000.0,4,6,0.469265087605646,continuous,1300.722923094197,414.0329656067614,-0.04004719977159832,0.0016581056714183016,0.013012181713787346,0|1|2|3,0|1|1|1,0.4591069427385348|-0.28933827308209525|-0.04004719977159832|0.21017683618221394,2|-1|0|1,0.0016582328618334361|0.0016581674433234729|0.0016581056714183016|0.00165830815410067,-0.04089305726146519|-0.039338273082095254|-0.04004719977159832|-0.039823163817786056,0,2009,-39,502,-477.0614318847656,-436.809326171875,646.83073305361,418390.03125,-2.40021177115472,14.502844005888845,462458.14132987044,1,33,1,1,1
0,0,0,payload,33,25,1501622,11,125000.0,4,6,0.469265087605646,continuous,1341.3705144408907,426.9714957819727,-0.04004719977159832,0.0016581056714183016,0.014670287385205647,0|1|2|3,0|1|1|1,0.4591069427385348|-0.28933827308209525|-0.04004719977159832|0.21017683618221394,2|-1|0|1,0.0016582328618334361|0.0016581674433234729|0.0016581056714183016|0.00165830815410067,-0.04089305726146519|-0.039338273082095254|-0.04004719977159832|-0.039823163817786056,0,969,969,242,572.4296875,-281.1598815917969,637.7512259087088,406726.625,-0.4565581150188299,11.67206299633742,468783.1048136207,1,33,1,1,1
0,0,0,payload,34,26,1509814,11,125000.0,4,6,0.469265087605646,continuous,1382.0181057875843,439.91002595718396,-0.04004719977159832,0.0016581056714183016,0.01632839305662395,0|1|2|3,0|1|1|1,0.4591069427385348|-0.28933827308209525|-0.04004719977159832|0.21017683618221394,2|-1|0|1,0.0016582328618334361|0.0016581674433234729|0.0016581056714183016|0.00165830815410067,-0.04089305726146519|-0.039338273082095254|-0.04004719977159832|-0.039823163817786056,0,1633,-415,408,591.0762329101562,255.0967559814453,643.7743921775068,414445.5,0.40743084676257696,12.841253789132708,471581.2007365455,1,33,1,1,1
0,0,0,payload,35,27,1518006,11,125000.0,4,6,0.469265087605646,continuous,1422.6656971342782,452.8485561323953,-0.04004719977159832,0.0016581056714183016,0.01798649872804225,0|1|2|3,0|1|1|1,0.4591069427385348|-0.28933827308209525|-0.04004719977159832|0.21017683618221394,2|-1|0|1,0.0016582328618334361|0.0016581674433234729|0.0016581056714183016|0.00165830815410067,-0.04089305726146519|-0.039338273082095254|-0.04004719977159832|-0.039823163817786056,0,421,421,105,-130.58534240722656,633.4301147460938,646.7505252559615,418286.1875,1.7741039337689237,12.646700453891427,477414.01110338204,1,33,1,1,1
0,0,0,payload,36,28,1526198,11,125000.0,4,6,0.469265087605646,continuous,1463.3132884809718,465.7870863076066,-0.04004719977159832,0.0016581056714183016,0.019644604399460554,0|1|2|3,0|1|1|1,0.4591069427385348|-0.28933827308209525|-0.04004719977159832|0.21017683618221394,2|-1|0|1,0.0016582328618334361|0.0016581674433234729|0.0016581056714183016|0.00165830815410067,-0.04089305726146519|-0.039338273082095254|-0.04004719977159832|-0.039823163817786056,0,385,385,96,587.7891235351562,270.8657531738281,647.1972728532254,418864.3125,0.4318164005062683,12.453810870720105,480722.3775003813,1,33,1,1,1
0,0,0,payload,37,29,1534390,11,125000.0,4,6,0.469265087605646,continuous,1503.9608798276654,478.7256164828179,-0.04004719977159832,0.0016581056714183016,0.021302710070878857,0|1|2|3,0|1|1|1,0.4591069427385348|-0.28933827308209525|-0.04004719977159832|0.21017683618221394,2|-1|0|1,0.0016582328618334361|0.0016581674433234729|0.0016581056714183016|0.00165830815410067,-0.04089305726146519|-0.039338273082095254|-0.04004719977159832|-0.039823163817786056,0,677,677,169,635.957763671875,40.59071731567383,637.2518211089972,406089.8125,0.06373966139459283,11.269085084731746,476543.2862976459,1,33,1,1,1
0,0,0,payload,38,30,1542582,11,125000.0,4,6,0.469265087605646,continuous,1544.608471174359,491.66414665802915,-0.04004719977159832,0.0016581056714183016,0.02296081574229716,0|1|2|3,0|1|1|1,0.4591069427385348|-0.28933827308209525|-0.04004719977159832|0.21017683618221394,2|-1|0|1,0.0016582328618334361|0.0016581674433234729|0.0016581056714183016|0.00165830815410067,-0.04089305726146519|-0.039338273082095254|-0.04004719977159832|-0.039823163817786056,0,857,857,214,494.41845703125,-396.677001953125,633.878738034083,401802.25,-0.6761480520735292,10.52920820573907,478575.0034122525,1,33,1,1,1
0,0,0,payload,39,31,1550774,11,125000.0,4,6,0.469265087605646,continuous,1585.2560625210526,504.6026768332404,-0.04004719977159832,0.0016581056714183016,0.024618921413715463,0|1|2|3,0|1|1|1,0.4591069427385348|-0.28933827308209525|-0.04004719977159832|0.21017683618221394,2|-1|0|1,0.0016582328618334361|0.0016581674433234729|0.0016581056714183016|0.00165830815410067,-0.04089305726146519|-0.039338273082095254|-0.04004719977159832|-0.039823163817786056,0,933,933,233,-116.0029525756836,-626.9590454101562,637.6004466967465,406534.28125,-1.753752042298098,10.135807583283395,489652.61782382487,1,33,1,1,1
0,0,0,payload,40,32,1558966,11,125000.0,4,6,0.469265087605646,continuous,1625.9036538677465,517.5412070084518,-0.04004719977159832,0.0016581056714183016,0.026277027085133766,0|1|2|3,0|1|1|1,0.4591069427385348|-0.28933827308209525|-0.04004719977159832|0.21017683618221394,2|-1|0|1,0.0016582328618334361|0.0016581674433234729|0.0016581056714183016|0.00165830815410067,-0.04089305726146519|-0.039338273082095254|-0.04004719977159832|-0.039823163817786056,0,1973,-75,493,654.7412109375,66.87342071533203,658.1474817228078,433158.09375,0.10178422117599237,13.045439245168868,493456.02547540085,1,33,1,1,1
0,0,0,payload,41,33,1567158,11,125000.0,4,6,0.469265087605646,continuous,1666.55124521444,530.479737183663,-0.04004719977159832,0.0016581056714183016,0.02793513275655207,0|1|2|3,0|1|1|1,0.4591069427385348|-0.28933827308209525|-0.04004719977159832|0.21017683618221394,2|-1|0|1,0.0016582328618334361|0.0016581674433234729|0.0016581056714183016|0.00165830815410067,-0.04089305726146519|-0.039338273082095254|-0.04004719977159832|-0.039823163817786056,0,445,445,111,604.9317626953125,221.78953552246094,644.3081837016559,415133.0,0.3514174317592419,10.880633316839175,492045.37024594884,1,33,1,1,1
0,0,0,payload,42,34,1575350,11,125000.0,4,6,0.469265087605646,continuous,1707.1988365611337,543.4182673588743,-0.04004719977159832,0.0016581056714183016,0.029593238427970372,0|1|2|3,0|1|1|1,0.4591069427385348|-0.28933827308209525|-0.04004719977159832|0.21017683618221394,2|-1|0|1,0.0016582328618334361|0.0016581674433234729|0.0016581056714183016|0.00165830815410067,-0.04089305726146519|-0.039338273082095254|-0.04004719977159832|-0.039823163817786056,0,1933,-115,483,-597.1921997070312,-230.1393585205078,640.0020685366209,409602.59375,-2.7737624889266494,12.489731513097041,472048.64351527713,1,33,1,1,1
0,0,0,payload,43,35,1583542,11,125000.0,4,6,0.469265087605646,continuous,1747.8464279078273,556.3567975340857,-0.04004719977159832,0.0016581056714183016,0.03125134409938867,0|1|2|3,0|1|1|1,0.4591069427385348|-0.28933827308209525|-0.04004719977159832|0.21017683618221394,2|-1|0|1,0.0016582328618334361|0.0016581674433234729|0.0016581056714183016|0.00165830815410067,-0.04089305726146519|-0.039338273082095254|-0.04004719977159832|-0.039823163817786056,0,1749,-299,437,25.512008666992188,646.955078125,647.4579026453763,419201.78125,1.531382775831814,11.475276345419196,496511.3256994343,1,33,1,1,1
0,0,0,payload,44,36,1591734,11,125000.0,4,6,0.469265087605646,continuous,1788.494019254521,569.2953277092969,-0.04004719977159832,0.0016581056714183016,0.032909449770806974,0|1|2|3,0|1|1|1,0.4591069427385348|-0.28933827308209525|-0.04004719977159832|0.21017683618221394,2|-1|0|1,0.0016582328618334361|0.0016581674433234729|0.0016581056714183016|0.00165830815410067,-0.04089305726146519|-0.039338273082095254|-0.04004719977159832|-0.039823163817786056,0,1361,-687,340,290.65155029296875,-566.7363891601562,636.9210771249435,405668.46875,-1.0969205353520142,9.485228942684275,503170.2051336379,1,33,1,1,1
0,0,0,payload,45,37,1599926,11,125000.0,4,6,0.469265087605646,continuous,1829.1416106012146,582.2338578845082,-0.04004719977159832,0.0016581056714183016,0.03456755544222528,0|1|2|3,0|1|1|1,0.4591069427385348|-0.28933827308209525|-0.04004719977159832|0.21017683618221394,2|-1|0|1,0.0016582328618334361|0.0016581674433234729|0.0016581056714183016|0.00165830815410067,-0.04089305726146519|-0.039338273082095254|-0.04004719977159832|-0.039823163817786056,0,977,977,244,-513.427490234375,357.6268615722656,625.7034120463127,391504.71875,2.533187266091437,8.493541219665627,502059.46591895376,1,33,1,1,1
0,0,0,payload,46,38,1608118,11,125000.0,4,6,0.469265087605646,continuous,1869.7892019479084,595.1723880597195,-0.04004719977159832,0.0016581056714183016,0.03622566111364358,0|1|2|3,0|1|1|1,0.4591069427385348|-0.28933827308209525|-0.04004719977159832|0.21017683618221394,2|-1|0|1,0.0016582328618334361|0.0016581674433234729|0.0016581056714183016|0.00165830815410067,-0.04089305726146519|-0.039338273082095254|-0.04004719977159832|-0.039823163817786056,0,589,589,147,645.08203125,-103.10417938232422,653.2696984000777,426761.3125,-0.15849058696832224,9.374606433280913,535191.5491727983,1,33,1,1,1
0,0,0,payload,47,39,1616310,11,125000.0,4,6,0.469265087605646,continuous,1910.436793294602,608.1109182349309,-0.04004719977159832,0.0016581056714183016,0.03788376678506188,0|1|2|3,0|1|1|1,0.4591069427385348|-0.28933827308209525|-0.04004719977159832|0.21017683618221394,2|-1|0|1,0.0016582328618334361|0.0016581674433234729|0.0016581056714183016|0.00165830815410067,-0.04089305726146519|-0.039338273082095254|-0.04004719977159832|-0.039823163817786056,0,2025,-23,506,-606.0497436523438,268.34417724609375,662.800791522577,439304.875,2.7247625670135642,11.812863719587522,515071.19094687887,1,33,1,1,1
1,2,2,header,0,0,6232781,11,125000.0,4,6,0.44365616751022546,continuous,0.0,0.0,0.09982343746865074,0.0016515419744490018,0.09982343746865074,0|1|2|3,1|1|1|1,-0.39937470998309843|-0.14968659767543346|0.09982343746865074|0.34919091845918226,-2|-1|0|1,0.0016513060422223792|0.0016512129940292745|0.0016515419744490018|0.001651407965069097,0.10062529001690157|0.10031340232456654|0.09982343746865074|0.09919091845918226,0,1745,-303,436,-248.44073486328125,-642.4324951171875,688.7977275818369,474442.3125,-1.9398012400803155,19.837700748013265,494847.7311686458,1,33,1,1,1
1,2,2,header,1,1,6240973,11,125000.0,4,6,0.44365616751022546,continuous,40.48668575621737,12.88731233502045,0.09982343746865074,0.0016515419744490018,0.10147497944309974,0|1|2|3,1|1|1|1,-0.39937470998309843|-0.14968659767543346|0.09982343746865074|0.34919091845918226,-2|-1|0|1,0.0016513060422223792|0.0016512129940292745|0.0016515419744490018|0.001651407965069097,0.10062529001690157|0.10031340232456654|0.09982343746865074|0.09919091845918226,0,1393,-655,348,-685.505859375,27.888818740844727,686.0729330386216,470696.0,3.1009315171795677,17.600297213404442,497461.39230536064,1,33,1,1,1
1,2,2,header,2,2,6249165,11,125000.0,4,6,0.44365616751022546,continuous,80.97337151243474,25.7746246700409,0.09982343746865074,0.0016515419744490018,0.10312652141754874,0|1|2|3,1|1|1|1,-0.39937470998309843|-0.14968659767543346|0.09982343746865074|0.34919091845918226,-2|-1|0|1,0.0016513060422223792|0.0016512129940292745|0.0016515419744490018|0.001651407965069097,0.10062529001690157|0.10031340232456654|0.09982343746865074|0.09919091845918226,0,61,61,15,266.8497619628906,-640.4746704101562,693.841912035191,481416.59375,-1.176024742524554,21.852810631553943,496865.5910318956,1,33,1,1,1
1,2,2,header,3,3,6257357,11,125000.0,4,6,0.44365616751022546,continuous,121.46005726865211,38.661937005061354,0.09982343746865074,0.0016515419744490018,0.10477806339199774,0|1|2|3,1|1|1|1,-0.39937470998309843|-0.14968659767543346|0.09982343746865074|0.34919091845918226,-2|-1|0|1,0.0016513060422223792|0.0016512129940292745|0.0016515419744490018|0.001651407965069097,0.10062529001690157|0.10031340232456654|0.09982343746865074|0.09919091845918226,0,173,173,43,350.83856201171875,-608.5911254882812,702.4748071052395,493470.84375,-1.0478530272978117,20.966882929845816,514175.96793798776,1,33,1,1,1
1,2,2,header,4,4,6265549,11,125000.0,4,6,0.44365616751022546,continuous,161.94674302486948,51.5492493400818,0.09982343746865074,0.0016515419744490018,0.10642960536644674,0|1|2|3,1|1|1|1,-0.39937470998309843|-0.14968659767543346|0.09982343746865074|0.34919091845918226,-2|-1|0|1,0.0016513060422223792|0.0016512129940292745|0.0016515419744490018|0.001651407965069097,0.10062529001690157|0.10031340232456654|0.09982343746865074|0.09919091845918226,0,1741,-307,435,-624.3228149414062,-248.93118286132812,672.1203099573032,451745.6875,-2.762188566829622,18.779308877158208,474991.26731175394,1,33,1,1,1
1,2,2,header,5,5,6273741,11,125000.0,4,6,0.44365616751022546,continuous,202.43342878108683,64.43656167510224,0.09982343746865074,0.0016515419744490018,0.10808114734089574,0|1|2|3,1|1|1|1,-0.39937470998309843|-0.14968659767543346|0.09982343746865074|0.34919091845918226,-2|-1|0|1,0.0016513060422223792|0.0016512129940292745|0.0016515419744490018|0.001651407965069097,0.10062529001690157|0.10031340232456654|0.09982343746865074|0.09919091845918226,0,1657,-391,414,-676.8487548828125,114.03346252441406,686.387549101614,471127.8125,2.9746830681980105,18.648123574242767,497851.5034780086,1,33,1,1,1
1,2,2,header,6,6,6281933,11,125000.0,4,6,0.44365616751022546,continuous,242.92011453730422,77.32387401012271,0.09982343746865074,0.0016515419744490018,0.10973268931534474,0|1|2|3,1|1|1|1,-0.39937470998309843|-0.14968659767543346|0.09982343746865074|0.34919091845918226,-2|-1|0|1,0.0016513060422223792|0.0016512129940292745|0.0016515419744490018|0.001651407965069097,0.10062529001690157|0.10031340232456654|0.09982343746865074|0.09919091845918226,0,1445,-603,361,-287.85986328125,620.9236450195312,684.4044665493064,468409.5,2.0049018321106358,16.432958793318313,502926.37603919004,1,33,1,1,1
1,2,2,header,7,7,6290125,11,125000.0,4,6,0.44365616751022546,continuous,283.4068002935216,90.21118634514316,0.09982343746865074,0.0016515419744490018,0.11138423128979374,0|1|2|3,1|1|1|1,-0.39937470998309843|-0.14968659767543346|0.09982343746865074|0.34919091845918226,-2|-1|0|1,0.0016513060422223792|0.0016512129940292745|0.0016515419744490018|0.001651407965069097,0.10062529001690157|0.10031340232456654|0.09982343746865074|0.09919091845918226,0,697,697,174,554.4961547851562,-396.8678283691406,681.887130591245,464970.0,-0.6212031515192249,15.468400134680493,503472.79680125037,1,33,1,1,1
1,2,2,payload,8,0,6298317,11,125000.0,4,6,0.44365616751022546,continuous,323.89348604973895,103.0984986801636,0.09982343746865074,0.0016515419744490018,0.11303577326424274,0|1|2|3,1|1|1|1,-0.39937470998309843|-0.14968659767543346|0.09982343746865074|0.34919091845918226,-2|-1|0|1,0.0016513060422223792|0.0016512129940292745|0.0016515419744490018|0.001651407965069097,0.10062529001690157|0.10031340232456654|0.09982343746865074|0.09919091845918226,0,441,441,110,-143.5683135986328,-686.3511352539062,701.2059194943247,491689.75,-1.7769993733417973,17.900693109894334,527018.5496892219,1,33,1,1,1
1,2,2,payload,9,1,6306509,11,125000.0,4,6,0.44365616751022546,continuous,364.3801718059563,115.98581101518404,0.09982343746865074,0.0016515419744490018,0.11468731523869174,0|1|2|3,1|1|1|1,-0.39937470998309843|-0.14968659767543346|0.09982343746865074|0.34919091845918226,-2|-1|0|1,0.0016513060422223792|0.0016512129940292745|0.0016515419744490018|0.001651407965069097,0.10062529001690157|0.10031340232456654|0.09982343746865074|0.09919091845918226,0,1649,-399,412,35.96421432495117,719.6928100585938,720.590844767019,519251.125,1.5208662421362726,17.93041213934023,556235.5774792628,1,33,1,1,1
1,2,2,payload,10,2,6314701,11,125000.0,4,6,0.44365616751022546,continuous,404.86685756217366,128.87312335020448,0.09982343746865074,0.0016515419744490018,0.11633885721314075,0|1|2|3,1|1|1|1,-0.39937470998309843|-0.14968659767543346|0.09982343746865074|0.34919091845918226,-2|-1|0|1,0.0016513060422223792|0.0016512129940292745|0.0016515419744490018|0.001651407965069097,0.10062529001690157|0.10031340232456654|0.09982343746865074|0.09919091845918226,0,1229,-819,307,696.079345703125,-143.55267333984375,710.727673259953,505133.8125,-0.2033790214866845,14.146610512523203,559722.083167471,1,33,1,1,1
1,2,2,payload,11,3,6322893,11,125000.0,4,6,0.44365616751022546,continuous,445.3535433183911,141.76043568522496,0.09982343746865074,0.0016515419744490018,0.11799039918758975,0|1|2|3,1|1|1|1,-0.39937470998309843|-0.14968659767543346|0.09982343746865074|0.34919091845918226,-2|-1|0|1,0.0016513060422223792|0.0016512129940292745|0.0016515419744490018|0.001651407965069097,0.10062529001690157|0.10031340232456654|0.09982343746865074|0.09919091845918226,0,1381,-667,345,687.2052612304688,-135.98619079589844,700.5307381907058,490743.34375,-0.19535908959644258,14.076629428144862,543847.5553443938,1,33,1,1,1
1,2,2,payload,12,4,6331085,11,125000.0,4,6,0.44365616751022546,continuous,485.84022907460843,154.64774802024542,0.09982343746865074,0.0016515419744490018,0.11964194116203875,0|1|2|3,1|1|1|1,-0.39937470998309843|-0.14968659767543346|0.09982343746865074|0.34919091845918226,-2|-1|0|1,0.0016513060422223792|0.0016512129940292745|0.0016515419744490018|0.001651407965069097,0.10062529001690157|0.10031340232456654|0.09982343746865074|0.09919091845918226,0,1961,-87,490,319.7532653808594,607.6615600585938,686.6547329586873,471494.71875,1.0864068159428752,23.992007601901882,486673.45414679823,1,33,1,1,1
1,2,2,payload,13,5,6339277,11,125000.0,4,6,0.44365616751022546,continuous,526.3269148308258,167.53506035526584,0.09982343746865074,0.0016515419744490018,0.12129348313648775,0|1|2|3,1|1|1|1,-0.39937470998309843|-0.14968659767543346|0.09982343746865074|0.34919091845918226,-2|-1|0|1,0.0016513060422223792|0.0016512129940292745|0.0016515419744490018|0.001651407965069097,0.10062529001690157|0.10031340232456654|0.09982343746865074|0.09919091845918226,0,1865,-183,466,668.1572875976562,177.38365173339844,691.3024814595509,477899.125,0.25949593564262585,22.12622329866341,501302.5477523119,1,33,1,1,1
1,2,2,payload,14,6,6347469,11,125000.0,4,6,0.44365616751022546,continuous,566.8136005870432,180.42237269028632,0.09982343746865074,0.0016515419744490018,0.12294502511093675,0|1|2|3,1|1|1|1,-0.39937470998309843|-0.14968659767543346|0.09982343746865074|0.34919091845918226,-2|-1|0|1,0.0016513060422223792|0.0016512129940292745|0.0016515419744490018|0.001651407965069097,0.10062529001690157|0.10031340232456654|0.09982343746865074|0.09919091845918226,0,1693,-355,423,455.18817138671875,-508.58465576171875,682.5354375024426,465854.5625,-0.8407451795439981,17.751512152577618,503855.72307958466,1,33,1,1,1
1,2,2,payload,15,7,6355661,11,125000.0,4,6,0.44365616751022546,continuous,607.3002863432605,193.30968502530675,0.09982343746865074,0.0016515419744490018,0.12459656708538575,0|1|2|3,1|1|1|1,-0.39937470998309843|-0.14968659767543346|0.09982343746865074|0.34919091845918226,-2|-1|0|1,0.0016513060422223792|0.0016512129940292745|0.0016515419744490018|0.001651407965069097,0.10062529001690157|0.10031340232456654|0.09982343746865074|0.09919091845918226,0,1245,-803,311,-628.1090698242188,-225.29869079589844,667.2934164741857,445280.46875,-2.797194087630103,12.86453716930698,507472.32010742946,1,33,1,1,1
1,2,2,payload,16,8,6363853,11,125000.0,4,6,0.44365616751022546,continuous,647.7869720994779,206.1969973603272,0.09982343746865074,0.0016515419744490018,0.12624810905983475,0|1|2|3,1|1|1|1,-0.39937470998309843|-0.14968659767543346|0.09982343746865074|0.34919091845918226,-2|-1|0|1,0.0016513060422223792|0.0016512129940292745|0.0016515419744490018|0.001651407965069097,0.10062529001690157|0.10031340232456654|0.09982343746865074|0.09919091845918226,-1,1921,-127,480,165.67196655273438,-684.3192749023438,704.0881127418072,495740.09375,-1.3332690545978723,23.13905366271671,518097.00726336753,1,33,1,1,1
1,2,2,payload,17,9,6372044,11,125000.0,4,6,0.44365616751022546,continuous,688.2687156333129,219.08273653710364,0.09982343746865074,0.0016515419744490018,-0.12210034896571625,0|1|2|3,1|1|1|1,-0.39937470998309843|-0.14968659767543346|0.09982343746865074|0.34919091845918226,-2|-1|0|1,0.0016513060422223792|0.0016512129940292745|0.0016515419744490018|0.001651407965069097,0.10062529001690157|0.10031340232456654|0.09982343746865074|0.09919091845918226,0,849,849,212,356.98614501953125,567.9166870117188,670.7968926003401,449968.4375,1.0096203666649277,17.71277732377088,476143.0514400301,1,33,1,1,1
1,2,2,payload,18,10,6380236,11,125000.0,4,6,0.44365616751022546,continuous,728.7554013895303,231.9700488721241,0.09982343746865074,0.0016515419744490018,-0.12044880699126725,0|1|2|3,1|1|1|1,-0.39937470998309843|-0.14968659767543346|0.09982343746865074|0.34919091845918226,-2|-1|0|1,0.0016513060422223792|0.0016512129940292745|0.0016515419744490018|0.001651407965069097,0.10062529001690157|0.10031340232456654|0.09982343746865074|0.09919091845918226,0,2017,-31,504,-466.52056884765625,-444.9698181152344,644.7011557236775,415639.59375,-2.379833506776882,10.84653455272386,497199.2380365139,1,33,1,1,1
1,2,2,payload,19,11,6388428,11,125000.0,4,6,0.44365616751022546,continuous,769.2420871457476,244.85736120714452,0.09982343746865074,0.0016515419744490018,-0.11879726501681825,0|1|2|3,1|1|1|1,-0.39937470998309843|-0.14968659767543346|0.09982343746865074|0.34919091845918226,-2|-1|0|1,0.0016513060422223792|0.0016512129940292745|0.0016515419744490018|0.001651407965069097,0.10062529001690157|0.10031340232456654|0.09982343746865074|0.09919091845918226,0,9,9,2,-638.2899780273438,-103.28714752197266,646.592863317693,418082.28125,-2.9811647560970878,10.649679793551199,504669.22941090434,1,33,1,1,1
1,2,2,payload,20,12,6396620,11,125000.0,4,6,0.44365616751022546,continuous,809.728772901965,257.744673542165,0.09982343746865074,0.0016515419744490018,-0.11714572304236925,0|1|2|3,1|1|1|1,-0.39937470998309843|-0.14968659767543346|0.09982343746865074|0.34919091845918226,-2|-1|0|1,0.0016513060422223792|0.0016512129940292745|0.0016515419744490018|0.001651407965069097,0.10062529001690157|0.10031340232456654|0.09982343746865074|0.09919091845918226,0,1369,-679,342,609.0608520507812,288.1059875488281,673.7656725912275,453960.1875,0.4418423595264787,17.17932742846505,489312.7886360309,1,33,1,1,1
1,2,2,payload,21,13,6404812,11,125000.0,4,6,0.44365616751022546,continuous,850.2154586581825,270.63198587718546,0.09982343746865074,0.0016515419744490018,-0.11549418106792025,0|1|2|3,1|1|1|1,-0.39937470998309843|-0.14968659767543346|0.09982343746865074|0.34919091845918226,-2|-1|0|1,0.0016513060422223792|0.0016512129940292745|0.0016515419744490018|0.001651407965069097,0.10062529001690157|0.10031340232456654|0.09982343746865074|0.09919091845918226,0,1653,-395,413,568.6729736328125,328.8944091796875,656.9326322615137,431560.53125,0.5243514048912797,13.424804781744923,481287.1698695754,1,33,1,1,1
1,2,2,payload,22,14,6413004,11,125000.0,4,6,0.44365616751022546,continuous,890.7021444143998,283.51929821220585,0.09982343746865074,0.0016515419744490018,-0.11384263909347125,0|1|2|3,1|1|1|1,-0.39937470998309843|-0.14968659767543346|0.09982343746865074|0.34919091845918226,-2|-1|0|1,0.0016513060422223792|0.0016512129940292745|0.0016515419744490018|0.001651407965069097,0.10062529001690157|0.10031340232456654|0.09982343746865074|0.09919091845918226,0,2029,-19,507,415.258056640625,484.0834045410156,637.7899310564327,406775.96875,0.8617778918632687,10.180521977299717,497137.0971106782,1,33,1,1,1
1,2,2,payload,23,15,6421196,11,125000.0,4,6,0.44365616751022546,continuous,931.1888301706172,296.40661054722636,0.09982343746865074,0.0016515419744490018,-0.11219109711902225,0|1|2|3,1|1|1|1,-0.39937470998309843|-0.14968659767543346|0.09982343746865074|0.34919091845918226,-2|-1|0|1,0.0016513060422223792|0.0016512129940292745|0.0016515419744490018|0.001651407965069097,0.10062529001690157|0.10031340232456654|0.09982343746865074|0.09919091845918226,0,169,169,42,542.0379028320312,367.5296630859375,654.8917020046973,428883.15625,0.5958431150064526,10.860276760772765,506313.6704814666,1,33,1,1,1
1,2,2,payload,24,16,6429388,11,125000.0,4,6,0.44365616751022546,continuous,971.6755159268345,309.29392288224676,0.09982343746865074,0.0016515419744490018,-0.11053955514457325,0|1|2|3,1|1|1|1,-0.39937470998309843|-0.14968659767543346|0.09982343746865074|0.34919091845918226,-2|-1|0|1,0.0016513060422223792|0.0016512129940292745|0.0016515419744490018|0.001651407965069097,0.10062529001690157|0.10031340232456654|0.09982343746865074|0.09919091845918226,0,333,333,83,623.974853515625,142.6194305419922,640.0663401460569,409684.9375,0.2247060004961902,12.649735005728289,466456.1917756803,1,33,1,1,1
1,2,2,payload,25,17,6437580,11,125000.0,4,6,0.44365616751022546,continuous,1012.1622016830519,322.1812352172672,0.09982343746865074,0.0016515419744490018,-0.10888801317012425,0|1|2|3,1|1|1|1,-0.39937470998309843|-0.14968659767543346|0.09982343746865074|0.34919091845918226,-2|-1|0|1,0.0016513060422223792|0.0016512129940292745|0.0016515419744490018|0.001651407965069097,0.10062529001690157|0.10031340232456654|0.09982343746865074|0.09919091845918226,0,777,777,194,524.2354125976562,430.5418395996094,678.3723486900469,460189.0,0.6875800076747148,18.184953122816026,494711.33350787184,1,33,1,1,1
1,2,2,payload,26,18,6445772,11,125000.0,4,6,0.44365616751022546,continuous,1052.6488874392692,335.06854755228767,0.09982343746865074,0.0016515419744490018,-0.10723647119567525,0|1|2|3,1|1|1|1,-0.39937470998309843|-0.14968659767543346|0.09982343746865074|0.34919091845918226,-2|-1|0|1,0.0016513060422223792|0.0016512129940292745|0.0016515419744490018|0.001651407965069097,0.10062529001690157|0.10031340232456654|0.09982343746865074|0.09919091845918226,0,1649,-399,412,-509.48126220703125,432.1020812988281,668.0444335542725,446283.375,2.4381900880826217,12.966591302505377,504567.4684761023,1,33,1,1,1
1,2,2,payload,27,19,6453964,11,125000.0,4,6,0.44365616751022546,continuous,1093.1355731954866,347.9558598873081,0.09982343746865074,0.0016515419744490018,-0.10558492922122625,0|1|2|3,1|1|1|1,-0.39937470998309843|-0.14968659767543346|0.09982343746865074|0.34919091845918226,-2|-1|0|1,0.0016513060422223792|0.0016512129940292745|0.0016515419744490018|0.001651407965069097,0.10062529001690157|0.10031340232456654|0.09982343746865074|0.09919091845918226,0,293,293,73,-572.3096923828125,-296.37255859375,644.4959871734775,415375.0625,-2.663764496871116,11.870984901282064,485828.29064327135,1,33,1,1,1
1,2,2,payload,28,20,6462156,11,125000.0,4,6,0.44365616751022546,continuous,1133.622258951704,360.8431722223286,0.09982343746865074,0.0016515419744490018,-0.10393338724677725,0|1|2|3,1|1|1|1,-0.39937470998309843|-0.14968659767543346|0.09982343746865074|0.34919091845918226,-2|-1|0|1,0.0016513060422223792|0.0016512129940292745|0.0016515419744490018|0.001651407965069097,0.10062529001690157|0.10031340232456654|0.09982343746865074|0.09919091845918226,0,1161,-887,290,363.8658447265625,-569.422607421875,675.7517730658956,456640.46875,-1.0021868951592916,16.206747115676766,494738.83287799073,1,33,1,1,1
1,2,2,payload,29,21,6470348,11,125000.0,4,6,0.44365616751022546,continuous,1174.1089447079214,373.73048455734903,0.09982343746865074,0.0016515419744490018,-0.10228184527232825,0|1|2|3,1|1|1|1,-0.39937470998309843|-0.14968659767543346|0.09982343746865074|0.34919091845918226,-2|-1|0|1,0.0016513060422223792|0.0016512129940292745|0.0016515419744490018|0.001651407965069097,0.10062529001690157|0.10031340232456654|0.09982343746865074|0.09919091845918226,0,1309,-739,327,0.43030670285224915,-680.3089599609375,680.3090960489878,462820.375,-1.570163810290202,16.96114980231413,506482.32802760636,1,33,1,1,1
1,2,2,payload,30,22,6478540,11,125000.0,4,6,0.44365616751022546,continuous,1214.5956304641388,386.61779689236954,0.09982343746865074,0.0016515419744490018,-0.10063030329787925,0|1|2|3,1|1|1|1,-0.39937470998309843|-0.14968659767543346|0.09982343746865074|0.34919091845918226,-2|-1|0|1,0.0016513060422223792|0.0016512129940292745|0.0016515419744490018|0.001651407965069097,0.10062529001690157|0.10031340232456654|0.09982343746865074|0.09919091845918226,0,1685,-363,421,66.9034423828125,-655.824462890625,659.2281825957133,434581.84375,-1.4691337651428846,11.856058600922685,502451.17254752683,1,33,1,1,1
1,2,2,payload,31,23,6486732,11,125000.0,4,6,0.44365616751022546,continuous,1255.082316220356,399.5051092273899,0.09982343746865074,0.0016515419744490018,-0.09897876132343025,0|1|2|3,1|1|1|1,-0.39937470998309843|-0.14968659767543346|0.09982343746865074|0.34919091845918226,-2|-1|0|1,0.0016513060422223792|0.0016512129940292745|0.0016515419744490018|0.001651407965069097,0.10062529001690157|0.10031340232456654|0.09982343746865074|0.09919091845918226,0,1833,-215,458,-326.00927734375,-566.3951416015625,653.5177926759517,427085.53125,-2.0930711062997793,10.410288702310545,514220.19084596157,1,33,1,1,1
1,2,2,payload,32,24,6494924,11,125000.0,4,6,0.44365616751022546,continuous,1295.5690019765734,412.3924215624104,0.09982343746865074,0.0016515419744490018,-0.09732721934898125,0|1|2|3,1|1|1|1,-0.39937470998309843|-0.14968659767543346|0.09982343746865074|0.34919091845918226,-2|-1|0|1,0.0016513060422223792|0.0016512129940292745|0.0016515419744490018|0.001651407965069097,0.10062529001690157|0.10031340232456654|0.09982343746865074|0.09919091845918226,0,2009,-39,502,-581.61279296875,-305.5075988769531,656.9690509578601,431608.34375,-2.6579288304089475,8.94603533995437,552094.308201576,1,33,1,1,1
1,2,2,payload,33,25,6503116,11,125000.0,4,6,0.44365616751022546,continuous,1336.0556877327908,425.27973389743084,0.09982343746865074,0.0016515419744490018,-0.09567567737453225,0|1|2|3,1|1|1|1,-0.39937470998309843|-0.14968659767543346|0.09982343746865074|0.34919091845918226,-2|-1|0|1,0.0016513060422223792|0.0016512129940292745|0.0016515419744490018|0.001651407965069097,0.10062529001690157|0.10031340232456654|0.09982343746865074|0.09919091845918226,0,969,969,242,496.9785461425781,-431.0443420410156,657.8654118674751,432786.90625,-0.714469312038093,15.12673825275234,479142.47914765717,1,33,1,1,1
1,2,2,payload,34,26,6511308,11,125000.0,4,6,0.44365616751022546,continuous,1376.5423734890082,438.1670462324513,0.09982343746865074,0.0016515419744490018,-0.09402413540008325,0|1|2|3,1|1|1|1,-0.39937470998309843|-0.14968659767543346|0.09982343746865074|0.34919091845918226,-2|-1|0|1,0.0016513060422223792|0.0016512129940292745|0.0016515419744490018|0.001651407965069097,0.10062529001690157|0.10031340232456654|0.09982343746865074|0.09919091845918226,0,1633,-415,408,646.2393188476562,115.47394561767578,656.4750485290333,430959.46875,0.1768199247932832,11.699758439983615,502544.6889520571,1,33,1,1,1
1,2,2,payload,35,27,6519500,11,125000.0,4,6,0.44365616751022546,continuous,1417.0290592452257,451.05435856747175,0.09982343746865074,0.0016515419744490018,-0.09237259342563425,0|1|2|3,1|1|1|1,-0.39937470998309843|-0.14968659767543346|0.09982343746865074|0.34919091845918226,-2|-1|0|1,0.0016513060422223792|0.0016512129940292745|0.0016515419744490018|0.001651407965069097,0.10062529001690157|0.10031340232456654|0.09982343746865074|0.09919091845918226,0,421,421,105,15.80264663696289,658.0892333984375,658.2789399302364,433331.15625,1.5467880168137997,11.614204733483135,506402.0484405463,1,33,1,1,1
1,2,2,payload,36,28,6527692,11,125000.0,4,6,0.44365616751022546,continuous,1457.5157450014428,463.94167090249215,0.09982343746865074,0.0016515419744490018,-0.09072105145118525,0|1|2|3,1|1|1|1,-0.39937470998309843|-0.14968659767543346|0.09982343746865074|0.34919091845918226,-2|-1|0|1,0.0016513060422223792|0.0016512129940292745|0.0016515419744490018|0.001651407965069097,0.10062529001690157|0.10031340232456654|0.09982343746865074|0.09919091845918226,0,385,385,96,635.559814453125,146.1528778076172,652.1479444413966,425296.9375,0.22602971422767426,11.216161654853689,502183.26962466957,1,33,1,1,1
1,2,2,payload,37,29,6535884,11,125000.0,4,6,0.44365616751022546,continuous,1498.0024307576602,476.8289832375126,0.09982343746865074,0.0016515419744490018,-0.08906950947673625,0|1|2|3,1|1|1|1,-0.39937470998309843|-0.14968659767543346|0.09982343746865074|0.34919091845918226,-2|-1|0|1,0.0016513060422223792|0.0016512129940292745|0.0016515419744490018|0.001651407965069097,0.10062529001690157|0.10031340232456654|0.09982343746865074|0.09919091845918226,0,677,677,169,659.3384399414062,-82.39569854736328,664.4668761672589,441516.21875,-0.12432272868302809,13.74338600627466,502171.7344292847,1,33,1,1,1
1,2,2,payload,38,30,6544076,11,125000.0,4,6,0.44365616751022546,continuous,1538.4891165138777,489.71629557253306,0.09982343746865074,0.0016515419744490018,-0.08741796750228725,0|1|2|3,1|1|1|1,-0.39937470998309843|-0.14968659767543346|0.09982343746865074|0.34919091845918226,-2|-1|0|1,0.0016513060422223792|0.0016512129940292745|0.0016515419744490018|0.001651407965069097,0.10062529001690157|0.10031340232456654|0.09982343746865074|0.09919091845918226,0,857,857,214,442.3591003417969,-504.2763366699219,670.8026515901978,449976.21875,-0.8507128161879624,14.730481678638945,507965.6876852511,1,33,1,1,1
1,2,2,payload,39,31,6552268,11,125000.0,4,6,0.44365616751022546,continuous,1578.975802270095,502.60360790755357,0.09982343746865074,0.0016515419744490018,-0.08576642552783825,0|1|2|3,1|1|1|1,-0.39937470998309843|-0.14968659767543346|0.09982343746865074|0.34919091845918226,-2|-1|0|1,0.0016513060422223792|0.0016512129940292745|0.0016515419744490018|0.001651407965069097,0.10062529001690157|0.10031340232456654|0.09982343746865074|0.09919091845918226,0,933,933,233,-228.72763061523438,-625.3421630859375,665.8597074007845,443369.125,-1.9214451695887782,14.587960285691022,503730.44007779507,1,33,1,1,1
1,2,2,payload,40,32,6560460,11,125000.0,4,6,0.44365616751022546,continuous,1619.4624880263125,515.490920242574,0.09982343746865074,0.0016515419744490018,-0.08411488355338925,0|1|2|3,1|1|1|1,-0.39937470998309843|-0.14968659767543346|0.09982343746865074|0.34919091845918226,-2|-1|0|1,0.0016513060422223792|0.0016512129940292745|0.0016515419744490018|0.001651407965069097,0.10062529001690157|0.10031340232456654|0.09982343746865074|0.09919091845918226,0,1973,-75,493,618.0076904296875,-33.94169998168945,618.9390474254177,383085.53125,-0.05486604072336808,8.191798295871601,504760.1302659398,1,33,1,1,1
1,2,2,payload,41,33,6568652,11,125000.0,4,6,0.44365616751022546,continuous,1659.94917378253,528.3782325775945,0.09982343746865074,0.0016515419744490018,-0.08246334157894025,0|1|2|3,1|1|1|1,-0.39937470998309843|-0.14968659767543346|0.09982343746865074|0.34919091845918226,-2|-1|0|1,0.0016513060422223792|0.0016512129940292745|0.0016515419744490018|0.001651407965069097,0.10062529001690157|0.10031340232456654|0.09982343746865074|0.09919091845918226,0,321,321,80,623.9453125,-129.44537353515625,637.2314004507144,406063.84375,-0.20456081832204492,9.770472309496,501557.25806511607,1,33,1,1,1
1,2,2,payload,42,34,6576844,11,125000.0,4,6,0.44365616751022546,continuous,1700.435859538747,541.2655449126148,0.09982343746865074,0.0016515419744490018,-0.08081179960449125,0|1|2|3,1|1|1|1,-0.39937470998309843|-0.14968659767543346|0.09982343746865074|0.34919091845918226,-2|-1|0|1,0.0016513060422223792|0.0016512129940292745|0.0016515419744490018|0.001651407965069097,0.10062529001690157|0.10031340232456654|0.09982343746865074|0.09919091845918226,0,2033,-15,508,-532.8138427734375,-310.1665954589844,616.5175650292655,380093.84375,-2.6144169573754326,7.7797861849609165,514725.9641499036,1,33,1,1,1
1,2,2,payload,43,35,6585036,11,125000.0,4,6,0.44365616751022546,continuous,1740.9225452949645,554.1528572476353,0.09982343746865074,0.0016515419744490018,-0.07916025763004225,0|1|2|3,1|1|1|1,-0.39937470998309843|-0.14968659767543346|0.09982343746865074|0.34919091845918226,-2|-1|0|1,0.0016513060422223792|0.0016512129940292745|0.0016515419744490018|0.001651407965069097,0.10062529001690157|0.10031340232456654|0.09982343746865074|0.09919091845918226,0,1753,-295,438,99.26152801513672,608.4303588867188,616.474129675302,380040.34375,1.4090774297813722,9.581425905637627,481177.6340087764,1,33,1,1,1
1,2,2,payload,44,36,6593228,11,125000.0,4,6,0.44365616751022546,continuous,1781.409231051182,567.0401695826558,0.09982343746865074,0.0016515419744490018,-0.07750871565559325,0|1|2|3,1|1|1|1,-0.39937470998309843|-0.14968659767543346|0.09982343746865074|0.34919091845918226,-2|-1|0|1,0.0016513060422223792|0.0016512129940292745|0.0016515419744490018|0.001651407965069097,0.10062529001690157|0.10031340232456654|0.09982343746865074|0.09919091845918226,0,681,681,170,-633.4514770507812,131.40086364746094,646.9365971601197,418526.9375,2.937057087358787,11.733348005505178,495508.8709466306,1,33,1,1,1
1,2,2,payload,45,37,6601420,11,125000.0,4,6,0.44365616751022546,continuous,1821.8959168073993,579.9274819176762,0.09982343746865074,0.0016515419744490018,-0.07585717368114425,0|1|2|3,1|1|1|1,-0.39937470998309843|-0.14968659767543346|0.09982343746865074|0.34919091845918226,-2|-1|0|1,0.0016513060422223792|0.0016512129940292745|0.0016515419744490018|0.001651407965069097,0.10062529001690157|0.10031340232456654|0.09982343746865074|0.09919091845918226,0,45,45,11,540.4314575195312,-286.8109130859375,611.82240898963,374326.625,-0.4879105982742582,7.486856034998056,514011.2436293633,1,33,1,1,1
1,2,2,payload,46,38,6609612,11,125000.0,4,6,0.44365616751022546,continuous,1862.3826025636167,592.8147942526967,0.09982343746865074,0.0016515419744490018,-0.07420563170669525,0|1|2|3,1|1|1|1,-0.39937470998309843|-0.14968659767543346|0.09982343746865074|0.34919091845918226,-2|-1|0|1,0.0016513060422223792|0.0016512129940292745|0.0016515419744490018|0.001651407965069097,0.10062529001690157|0.10031340232456654|0.09982343746865074|0.09919091845918226,0,1613,-435,403,-582.4784545898438,189.56581115722656,612.549056664909,375216.375,2.8269565959637672,9.62653346622803,468959.02018034074,1,33,1,1,1
1,2,2,payload,47,39,6617804,11,125000.0,4,6,0.44365616751022546,continuous,1902.869288319834,605.7021065877171,0.09982343746865074,0.0016515419744490018,-0.07255408973224625,0|1|2|3,1|1|1|1,-0.39937470998309843|-0.14968659767543346|0.09982343746865074|0.34919091845918226,-2|-1|0|1,0.0016513060422223792|0.0016512129940292745|0.0016515419744490018|0.001651407965069097,0.10062529001690157|0.10031340232456654|0.09982343746865074|0.09919091845918226,0,1513,-535,378,344.463623046875,533.687744140625,635.1990206608389,403477.8125,0.9976331406412666,10.182685050941858,494802.96050543315,1,33,1,1,1
2,3,3,header,0,0,8733387,11,125000.0,4,6,0.42884441649564603,continuous,0.0,0.0,0.09598889609519934,0.0016477456470411229,0.09598889609519934,0|1|2|3,1|1|1|1,-0.4048369282721079|-0.15536670176423945|0.09598889609519934|0.34374362445700335,-2|-1|0|1,0.0016479040485361464|0.0016478275629090839|0.0016477456470411229|0.0016479934446979566,0.09516307172789212|0.09463329823576055|0.09598889609519934|0.09374362445700335,0,1745,-303,436,-261.3676452636719,574.6151733398438,631.2651134214968,398495.6875,1.9976818604368693,20.371966206682046,414461.63631146634,1,33,1,1,1
2,3,3,header,1,1,8741579,11,125000.0,4,6,0.42884441649564603,continuous,40.39362077986896,12.857688832991292,0.09598889609519934,0.0016477456470411229,0.09763664174224046,0|1|2|3,1|1|1|1,-0.4048369282721079|-0.15536670176423945|0.09598889609519934|0.34374362445700335,-2|-1|0|1,0.0016479040485361464|0.0016478275629090839|0.0016477456470411229|0.0016479934446979566,0.09516307172789212|0.09463329823576055|0.09598889609519934|0.09374362445700335,0,1393,-655,348,451.6237487792969,433.55706787109375,626.047715084438,391935.75,0.7649908381497522,18.197693240251553,412432.25296161626,1,33,1,1,1
2,3,3,header,2,2,8749771,11,125000.0,4,6,0.42884441649564603,continuous,80.78724155973792,25.715377665982583,0.09598889609519934,0.0016477456470411229,0.09928438738928158,0|1|2|3,1|1|1|1,-0.4048369282721079|-0.15536670176423945|0.09598889609519934|0.34374362445700335,-2|-1|0|1,0.0016479040485361464|0.0016478275629090839|0.0016477456470411229|0.0016479934446979566,0.09516307172789212|0.09463329823576055|0.09598889609519934|0.09374362445700335,0,61,61,15,-594.2171630859375,223.35476684570312,634.8081511595436,402981.40625,2.7820500810667004,22.23459387670701,415108.76132686756,1,33,1,1,1
2,3,3,header,3,3,8757963,11,125000.0,4,6,0.42884441649564603,continuous,121.18086233960688,38.57306649897387,0.09598889609519934,0.0016477456470411229,0.1009321330363227,0|1|2|3,1|1|1|1,-0.4048369282721079|-0.15536670176423945|0.09598889609519934|0.34374362445700335,-2|-1|0|1,0.0016479040485361464|0.0016478275629090839|0.0016477456470411229|0.0016479934446979566,0.09516307172789212|0.09463329823576055|0.09598889609519934|0.09374362445700335,0,173,173,43,-614.060791015625,145.42237854003906,631.0454209032639,398218.3125,2.9090558689237165,21.556401016823443,413101.24489013985,1,33,1,1,1
2,3,3,header,4,4,8766155,11,125000.0,4,6,0.42884441649564603,continuous,161.57448311947584,51.430755331965166,0.09598889609519934,0.0016477456470411229,0.10257987868336382,0|1|2|3,1|1|1|1,-0.4048369282721079|-0.15536670176423945|0.09598889609519934|0.34374362445700335,-2|-1|0|1,0.0016479040485361464|0.0016478275629090839|0.0016477456470411229|0.0016479934446979566,0.09516307172789212|0.09463329823576055|0.09598889609519934|0.09374362445700335,0,1741,-307,435,242.54010009765625,579.2102661132812,627.9412651883925,394310.25,1.174237540776382,20.295950666556134,412213.9120503271,1,33,1,1,1
2,3,3,header,5,5,8774347,11,125000.0,4,6,0.42884441649564603,continuous,201.9681038993448,64.28844416495646,0.09598889609519934,0.0016477456470411229,0.10422762433040494,0|1|2|3,1|1|1|1,-0.4048369282721079|-0.15536670176423945|0.09598889609519934|0.34374362445700335,-2|-1|0|1,0.0016479040485361464|0.0016478275629090839|0.0016477456470411229|0.0016479934446979566,0.09516307172789212|0.09463329823576055|0.09598889609519934|0.09374362445700335,0,1657,-391,414,511.7247619628906,362.9470520019531,627.3697431044037,393592.8125,0.6169152230003812,18.92949268477953,414523.28170080786,1,33,1,1,1
2,3,3,header,6,6,8782539,11,125000.0,4,6,0.42884441649564603,continuous,242.36172467921375,77.14613299794775,0.09598889609519934,0.0016477456470411229,0.10587536997744607,0|1|2|3,1|1|1|1,-0.4048369282721079|-0.15536670176423945|0.09598889609519934|0.34374362445700335,-2|-1|0|1,0.0016479040485361464|0.0016478275629090839|0.0016477456470411229|0.0016479934446979566,0.09516307172789212|0.09463329823576055|0.09598889609519934|0.09374362445700335,0,1445,-603,361,586.6433715820312,-215.0299530029297,624.8106321995292,390388.28125,-0.351335676166807,16.768924571969333,417089.6906799317,1,33,1,1,1
2,3,3,header,7,7,8790731,11,125000.0,4,6,0.42884441649564603,continuous,282.7553454590827,90.00382183093903,0.09598889609519934,0.0016477456470411229,0.10752311562448719,0|1|2|3,1|1|1|1,-0.4048369282721079|-0.15536670176423945|0.09598889609519934|0.34374362445700335,-2|-1|0|1,0.0016479040485361464|0.0016478275629090839|0.0016477456470411229|0.0016479934446979566,0.09516307172789212|0.09463329823576055|0.09598889609519934|0.09374362445700335,0,697,697,174,-615.349853515625,-99.45240020751953,623.3347592816702,388546.15625,-2.9813589304117354,15.736810791455467,419212.5793758836,1,33,1,1,1
2,3,3,payload,8,0,8798923,11,125000.0,4,6,0.42884441649564603,continuous,323.1489662389517,102.86151066393033,0.09598889609519934,0.0016477456470411229,0.10917086127152831,0|1|2|3,1|1|1|1,-0.4048369282721079|-0.15536670176423945|0.09598889609519934|0.34374362445700335,-2|-1|0|1,0.0016479040485361464|0.0016478275629090839|0.0016477456470411229|0.0016479934446979566,0.09516307172789212|0.09463329823576055|0.09598889609519934|0.09374362445700335,0,1605,-443,401,524.8817749023438,-338.4315185546875,624.5292390079638,390036.78125,-0.5726945095511179,17.99246397454463,415390.59794817836,1,33,1,1,1
2,3,3,payload,9,1,8807115,11,125000.0,4,6,0.42884441649564603,continuous,363.54258701882065,115.71919949692162,0.09598889609519934,0.0016477456470411229,0.11081860691856943,0|1|2|3,1|1|1|1,-0.4048369282721079|-0.15536670176423945|0.09598889609519934|0.34374362445700335,-2|-1|0|1,0.0016479040485361464|0.0016478275629090839|0.0016477456470411229|0.0016479934446979566,0.09516307172789212|0.09463329823576055|0.09598889609519934|0.09374362445700335,0,1649,-399,412,415.3017883300781,-467.137451171875,625.0543765765639,390692.96875,-0.8440720790918079,18.333459180297773,415536.5471577849,1,33,1,1,1
2,3,3,payload,10,2,8815307,11,125000.0,4,6,0.42884441649564603,continuous,403.9362077986896,128.57688832991292,0.09598889609519934,0.0016477456470411229,0.11246635256561055,0|1|2|3,1|1|1|1,-0.4048369282721079|-0.15536670176423945|0.09598889609519934|0.34374362445700335,-2|-1|0|1,0.0016479040485361464|0.0016478275629090839|0.0016477456470411229|0.0016479934446979566,0.09516307172789212|0.09463329823576055|0.09598889609519934|0.09374362445700335,0,1229,-819,307,-518.0187377929688,-331.1836853027344,614.8382275975698,378026.09375,-2.5727566106651154,14.252212784163245,416791.6771151286,1,33,1,1,1
2,3,3,payload,11,3,8823499,11,125000.0,4,6,0.42884441649564603,continuous,444.3298285785586,141.43457716290422,0.09598889609519934,0.0016477456470411229,0.11411409821265167,0|1|2|3,1|1|1|1,-0.4048369282721079|-0.15536670176423945|0.09598889609519934|0.34374362445700335,-2|-1|0|1,0.0016479040485361464|0.0016478275629090839|0.0016477456470411229|0.0016479934446979566,0.09516307172789212|0.09463329823576055|0.09598889609519934|0.09374362445700335,0,1381,-667,345,-525.3201293945312,-323.54425048828125,616.9620088555783,380642.09375,-2.589564513092048,14.819814788914417,418921.22159459756,1,33,1,1,1
2,3,3,payload,12,4,8831691,11,125000.0,4,6,0.42884441649564603,continuous,484.7234493584275,154.2922659958955,0.09598889609519934,0.0016477456470411229,0.11576184385969279,0|1|2|3,1|1|1|1,-0.4048369282721079|-0.15536670176423945|0.09598889609519934|0.34374362445700335,-2|-1|0|1,0.0016479040485361464|0.0016478275629090839|0.0016477456470411229|0.0016479934446979566,0.09516307172789212|0.09463329823576055|0.09598889609519934|0.09374362445700335,0,2005,-43,501,242.7036895751953,-592.6581420898438,640.4285708170726,410148.78125,-1.1821125058097914,26.876196062864246,419067.55461897625,1,33,1,1,1
2,3,3,payload,13,5,8839883,11,125000.0,4,6,0.42884441649564603,continuous,525.1170701382965,167.1499548288868,0.09598889609519934,0.0016477456470411229,0.11740958950673391,0|1|2|3,1|1|1|1,-0.4048369282721079|-0.15536670176423945|0.09598889609519934|0.34374362445700335,-2|-1|0|1,0.0016479040485361464|0.0016478275629090839|0.0016477456470411229|0.0016479934446979566,0.09516307172789212|0.09463329823576055|0.09598889609519934|0.09374362445700335,0,1865,-183,466,-340.8919677734375,-533.7617797851562,633.3316439685167,401108.90625,-2.1391578753736313,22.343668730027794,419456.4957731479,1,33,1,1,1
2,3,3,payload,14,6,8848075,11,125000.0,4,6,0.42884441649564603,continuous,565.5106909181654,180.00764366187806,0.09598889609519934,0.0016477456470411229,0.11905733515377503,0|1|2|3,1|1|1|1,-0.4048369282721079|-0.15536670176423945|0.09598889609519934|0.34374362445700335,-2|-1|0|1,0.0016479040485361464|0.0016478275629090839|0.0016477456470411229|0.0016479934446979566,0.09516307172789212|0.09463329823576055|0.09598889609519934|0.09374362445700335,0,1693,-355,423,-620.2908325195312,47.90250778198242,622.1377397004429,387055.375,3.0645197435951723,18.44569053972232,416460.88567029627,1,33,1,1,1
2,3,3,payload,15,7,8856267,11,125000.0,4,6,0.42884441649564603,continuous,605.9043116980345,192.8653324948694,0.09598889609519934,0.0016477456470411229,0.12070508080081616,0|1|2|3,1|1|1|1,-0.4048369282721079|-0.15536670176423945|0.09598889609519934|0.34374362445700335,-2|-1|0|1,0.0016479040485361464|0.0016478275629090839|0.0016477456470411229|0.0016479934446979566,0.09516307172789212|0.09463329823576055|0.09598889609519934|0.09374362445700335,0,1245,-803,311,277.69305419921875,535.8380126953125,603.5195176626454,364235.8125,1.0926628898166646,12.963540593620051,414865.5479947966,1,33,1,1,1
2,3,3,payload,16,8,8864459,11,125000.0,4,6,0.42884441649564603,continuous,646.2979324779034,205.72302132786066,0.09598889609519934,0.0016477456470411229,0.12235282644785728,0|1|2|3,1|1|1|1,-0.4048369282721079|-0.15536670176423945|0.09598889609519934|0.34374362445700335,-2|-1|0|1,0.0016479040485361464|0.0016478275629090839|0.0016477456470411229|0.0016479934446979566,0.09516307172789212|0.09463329823576055|0.09598889609519934|0.09374362445700335,0,1921,-127,480,-518.7587280273438,367.6302490234375,635.8164970347831,404262.59375,2.5250696404036765,25.176939303627183,420585.5293850155,1,33,1,1,1
2,3,3,payload,17,9,8872651,11,125000.0,4,6,0.42884441649564603,continuous,686.6915532577723,218.58071016085194,0.09598889609519934,0.0016477456470411229,0.1240005720948984,0|1|2|3,1|1|1|1,-0.4048369282721079|-0.15536670176423945|0.09598889609519934|0.34374362445700335,-2|-1|0|1,0.0016479040485361464|0.0016478275629090839|0.0016477456470411229|0.0016479934446979566,0.09516307172789212|0.09463329823576055|0.09598889609519934|0.09374362445700335,0,849,849,212,87.86165618896484,-591.7180786132812,598.205612800533,357849.96875,-1.4233877131367159,12.210209435913889,415018.6991536716,1,33,1,1,1
2,3,3,payload,18,10,8880843,11,125000.0,4,6,0.42884441649564603,continuous,727.0851740376413,231.43839899384324,0.09598889609519934,0.0016477456470411229,0.12564831774193952,0|1|2|3,1|1|1|1,-0.4048369282721079|-0.15536670176423945|0.09598889609519934|0.34374362445700335,-2|-1|0|1,0.0016479040485361464|0.0016478275629090839|0.0016477456470411229|0.0016479934446979566,0.09516307172789212|0.09463329823576055|0.09598889609519934|0.09374362445700335,-1,2017,-31,504,71.2972640991211,632.6403198242188,636.6451712966254,405317.03125,1.4585718973963877,32.78926292261801,413476.26793948206,1,33,1,1,1
2,3,3,payload,19,11,8889034,11,125000.0,4,6,0.42884441649564603,continuous,767.4738639555986,244.29451828474066,0.09598889609519934,0.0016477456470411229,-0.12270393661101936,0|1|2|3,1|1|1|1,-0.4048369282721079|-0.15536670176423945|0.09598889609519934|0.34374362445700335,-2|-1|0|1,0.0016479040485361464|0.0016478275629090839|0.0016477456470411229|0.0016479934446979566,0.09516307172789212|0.09463329823576055|0.09598889609519934|0.09374362445700335,0,9,9,2,383.49774169921875,441.43310546875,584.7509764781802,341933.71875,0.8555136072547705,10.425949568676229,415477.1717338714,1,33,1,1,1
2,3,3,payload,20,12,8897226,11,125000.0,4,6,0.42884441649564603,continuous,807.8674847354677,257.15220711773196,0.09598889609519934,0.0016477456470411229,-0.12105619096397824,0|1|2|3,1|1|1|1,-0.4048369282721079|-0.15536670176423945|0.09598889609519934|0.34374362445700335,-2|-1|0|1,0.0016479040485361464|0.0016478275629090839|0.0016477456470411229|0.0016479934446979566,0.09516307172789212|0.09463329823576055|0.09598889609519934|0.09374362445700335,0,1369,-679,342,-256.74078369140625,-566.6167602539062,622.0694358438695,386970.40625,-1.9962350764393209,18.59518355002632,415722.68443850474,1,33,1,1,1
2,3,3,payload,21,13,8905418,11,125000.0,4,6,0.42884441649564603,continuous,848.2611055153366,270.00989595072326,0.09598889609519934,0.0016477456470411229,-0.11940844531693712,0|1|2|3,1|1|1|1,-0.4048369282721079|-0.15536670176423945|0.09598889609519934|0.34374362445700335,-2|-1|0|1,0.0016479040485361464|0.0016478275629090839|0.0016477456470411229|0.0016479934446979566,0.09516307172789212|0.09463329823576055|0.09598889609519934|0.09374362445700335,0,1653,-395,413,-189.98046875,-577.5360717773438,607.9806680400907,369640.46875,-1.8885966727629635,13.429419114381734,413223.865023831,1,33,1,1,1
2,3,3,payload,22,14,8913610,11,125000.0,4,6,0.42884441649564603,continuous,888.6547262952055,282.8675847837145,0.09598889609519934,0.0016477456470411229,-0.117760699669896,0|1|2|3,1|1|1|1,-0.4048369282721079|-0.15536670176423945|0.09598889609519934|0.34374362445700335,-2|-1|0|1,0.0016479040485361464|0.0016478275629090839|0.0016477456470411229|0.0016479934446979566,0.09516307172789212|0.09463329823576055|0.09598889609519934|0.09374362445700335,0,2029,-19,507,17.142099380493164,-581.1377563476562,581.3905257432035,338015.0,-1.5413073975359592,9.963960184172251,416297.7826086405,1,33,1,1,1
2,3,3,payload,23,15,8921802,11,125000.0,4,6,0.42884441649564603,continuous,929.0483470750745,295.7252736167058,0.09598889609519934,0.0016477456470411229,-0.11611295402285488,0|1|2|3,1|1|1|1,-0.4048369282721079|-0.15536670176423945|0.09598889609519934|0.34374362445700335,-2|-1|0|1,0.0016479040485361464|0.0016478275629090839|0.0016477456470411229|0.0016479934446979566,0.09516307172789212|0.09463329823576055|0.09598889609519934|0.09374362445700335,0,169,169,42,-138.06842041015625,-578.327392578125,594.5800717487665,353525.46875,-1.8051472001205864,10.863871625330965,418891.3394855394,1,33,1,1,1
2,3,3,payload,24,16,8929994,11,125000.0,4,6,0.42884441649564603,continuous,969.4419678549434,308.5829624496971,0.09598889609519934,0.0016477456470411229,-0.11446520837581375,0|1|2|3,1|1|1|1,-0.4048369282721079|-0.15536670176423945|0.09598889609519934|0.34374362445700335,-2|-1|0|1,0.0016479040485361464|0.0016478275629090839|0.0016477456470411229|0.0016479934446979566,0.09516307172789212|0.09463329823576055|0.09598889609519934|0.09374362445700335,0,333,333,83,-342.72296142578125,-494.18719482421875,601.3983802910412,361680.0,-2.177152199985229,12.294092821139772,413786.3237501228,1,33,1,1,1
2,3,3,payload,25,17,8938186,11,125000.0,4,6,0.42884441649564603,continuous,1009.8355886348124,321.4406512826884,0.09598889609519934,0.0016477456470411229,-0.11281746272877263,0|1|2|3,1|1|1|1,-0.4048369282721079|-0.15536670176423945|0.09598889609519934|0.34374362445700335,-2|-1|0|1,0.0016479040485361464|0.0016478275629090839|0.0016477456470411229|0.0016479934446979566,0.09516307172789212|0.09463329823576055|0.09598889609519934|0.09374362445700335,0,777,777,194,-101.61395263671875,-613.7152099609375,622.0705380484234,386971.78125,-1.7348795724957564,17.792824912276163,417965.9890677895,1,33,1,1,1
2,3,3,payload,26,18,8946378,11,125000.0,4,6,0.42884441649564603,continuous,1050.2292094146815,334.2983401156797,0.09598889609519934,0.0016477456470411229,-0.11116971708173151,0|1|2|3,1|1|1|1,-0.4048369282721079|-0.15536670176423945|0.09598889609519934|0.34374362445700335,-2|-1|0|1,0.0016479040485361464|0.0016478275629090839|0.0016477456470411229|0.0016479934446979566,0.09516307172789212|0.09463329823576055|0.09598889609519934|0.09374362445700335,0,1649,-399,412,603.9705200195312,3.4907114505767822,603.9806074031634,364792.5625,0.005779541331782967,12.595779388460489,415669.29861354793,1,33,1,1,1
2,3,3,payload,27,19,8954570,11,125000.0,4,6,0.42884441649564603,continuous,1090.6228301945503,347.15602894867095,0.09598889609519934,0.0016477456470411229,-0.10952197143469039,0|1|2|3,1|1|1|1,-0.4048369282721079|-0.15536670176423945|0.09598889609519934|0.34374362445700335,-2|-1|0|1,0.0016479040485361464|0.0016478275629090839|0.0016477456470411229|0.0016479934446979566,0.09516307172789212|0.09463329823576055|0.09598889609519934|0.09374362445700335,0,293,293,73,241.521728515625,542.1376953125,593.5031811405263,352246.03125,1.1516918454652172,11.34513388950105,412533.63099790644,1,33,1,1,1
2,3,3,payload,28,20,8962762,11,125000.0,4,6,0.42884441649564603,continuous,1131.0164509744193,360.01371778166225,0.09598889609519934,0.0016477456470411229,-0.10787422578764927,0|1|2|3,1|1|1|1,-0.4048369282721079|-0.15536670176423945|0.09598889609519934|0.34374362445700335,-2|-1|0|1,0.0016479040485361464|0.0016478275629090839|0.0016477456470411229|0.0016479934446979566,0.09516307172789212|0.09463329823576055|0.09598889609519934|0.09374362445700335,0,1161,-887,290,-585.7787475585938,195.85838317871094,617.6546343651065,381497.28125,2.818922374426741,15.978466633025512,413877.132828141,1,33,1,1,1
2,3,3,payload,29,21,8970954,11,125000.0,4,6,0.42884441649564603,continuous,1171.4100717542883,372.8714066146536,0.09598889609519934,0.0016477456470411229,-0.10622648014060815,0|1|2|3,1|1|1|1,-0.4048369282721079|-0.15536670176423945|0.09598889609519934|0.34374362445700335,-2|-1|0|1,0.0016479040485361464|0.0016478275629090839|0.0016477456470411229|0.0016479934446979566,0.09516307172789212|0.09463329823576055|0.09598889609519934|0.09374362445700335,0,1309,-739,327,-386.83624267578125,481.8387145996094,617.9084281141662,381810.84375,2.24726260244603,17.243563651144633,418485.23612070305,1,33,1,1,1
2,3,3,payload,30,22,8979146,11,125000.0,4,6,0.42884441649564603,continuous,1211.803692534157,385.72909544764485,0.09598889609519934,0.0016477456470411229,-0.10457873449356703,0|1|2|3,1|1|1|1,-0.4048369282721079|-0.15536670176423945|0.09598889609519934|0.34374362445700335,-2|-1|0|1,0.0016479040485361464|0.0016478275629090839|0.0016477456470411229|0.0016479934446979566,0.09516307172789212|0.09463329823576055|0.09598889609519934|0.09374362445700335,0,1685,-363,421,-421.60736083984375,427.07965087890625,600.1248161084382,360149.78125,2.349746631174026,11.653632696385365,419152.77741278685,1,33,1,1,1
2,3,3,payload,31,23,8987338,11,125000.0,4,6,0.42884441649564603,continuous,1252.1973133140261,398.58678428063615,0.09598889609519934,0.0016477456470411229,-0.1029309888465259,0|1|2|3,1|1|1|1,-0.4048369282721079|-0.15536670176423945|0.09598889609519934|0.34374362445700335,-2|-1|0|1,0.0016479040485361464|0.0016478275629090839|0.0016477456470411229|0.0016479934446979566,0.09516307172789212|0.09463329823576055|0.09598889609519934|0.09374362445700335,0,1833,-215,458,-95.56704711914062,578.3992919921875,586.2412485249872,343678.84375,1.7345436979458027,10.168823814184403,416330.122027701,1,33,1,1,1
2,3,3,payload,32,24,8995530,11,125000.0,4,6,0.42884441649564603,continuous,1292.5909340938952,411.44447311362745,0.09598889609519934,0.0016477456470411229,-0.10128324319948478,0|1|2|3,1|1|1|1,-0.4048369282721079|-0.15536670176423945|0.09598889609519934|0.34374362445700335,-2|-1|0|1,0.0016479040485361464|0.0016478275629090839|0.0016477456470411229|0.0016479934446979566,0.09516307172789212|0.09463329823576055|0.09598889609519934|0.09374362445700335,0,2009,-39,502,224.0580596923828,522.918212890625,568.8984720368305,323645.4375,1.1659849127320998,8.696553723240484,417577.0552697765,1,33,1,1,1
2,3,3,payload,33,25,9003722,11,125000.0,4,6,0.42884441649564603,continuous,1332.9845548737642,424.30216194661875,0.09598889609519934,0.0016477456470411229,-0.09963549755244366,0|1|2|3,1|1|1|1,-0.4048369282721079|-0.15536670176423945|0.09598889609519934|0.34374362445700335,-2|-1|0|1,0.0016479040485361464|0.0016478275629090839|0.0016477456470411229|0.0016479934446979566,0.09516307172789212|0.09463329823576055|0.09598889609519934|0.09374362445700335,0,969,969,242,-611.247314453125,19.735252380371094,611.565826066724,374012.71875,3.109317012309265,14.74652828762045,414067.03246685804,1,33,1,1,1
2,3,3,payload,34,26,9011914,11,125000.0,4,6,0.42884441649564603,continuous,1373.378175653633,437.15985077961,0.09598889609519934,0.0016477456470411229,-0.09798775190540254,0|1|2|3,1|1|1|1,-0.4048369282721079|-0.15536670176423945|0.09598889609519934|0.34374362445700335,-2|-1|0|1,0.0016479040485361464|0.0016478275629090839|0.0016477456470411229|0.0016479934446979566,0.09516307172789212|0.09463329823576055|0.09598889609519934|0.09374362445700335,0,1633,-415,408,-399.8702087402344,-437.4461975097656,592.6680011218014,351255.40625,-2.311347889853343,11.376306006544617,413410.0908772721,1,33,1,1,1
2,3,3,payload,35,27,9020106,11,125000.0,4,6,0.42884441649564603,continuous,1413.771796433502,450.0175396126013,0.09598889609519934,0.0016477456470411229,-0.09634000625836142,0|1|2|3,1|1|1|1,-0.4048369282721079|-0.15536670176423945|0.09598889609519934|0.34374362445700335,-2|-1|0|1,0.0016479040485361464|0.0016478275629090839|0.0016477456470411229|0.0016479934446979566,0.09516307172789212|0.09463329823576055|0.09598889609519934|0.09374362445700335,0,421,421,105,337.1399230957031,-484.991455078125,590.6606802926478,348880.0,-0.9633354410454678,11.391442712436142,411150.36487649084,1,33,1,1,1
2,3,3,payload,36,28,9028298,11,125000.0,4,6,0.42884441649564603,continuous,1454.165417213371,462.87522844559265,0.09598889609519934,0.0016477456470411229,-0.0946922606113203,0|1|2|3,1|1|1|1,-0.4048369282721079|-0.15536670176423945|0.09598889609519934|0.34374362445700335,-2|-1|0|1,0.0016479040485361464|0.0016478275629090839|0.0016477456470411229|0.0016479934446979566,0.09516307172789212|0.09463329823576055|0.09598889609519934|0.09374362445700335,0,385,385,96,-400.5078125,-432.7597961425781,589.6503616813111,347687.59375,-2.317508368122259,10.795092765882382,415459.70950097893,1,33,1,1,1
2,3,3,payload,37,29,9036490,11,125000.0,4,6,0.42884441649564603,continuous,1494.55903799324,475.73291727858395,0.09598889609519934,0.0016477456470411229,-0.09304451496427918,0|1|2|3,1|1|1|1,-0.4048369282721079|-0.15536670176423945|0.09598889609519934|0.34374362445700335,-2|-1|0|1,0.0016479040485361464|0.0016478275629090839|0.0016477456470411229|0.0016479934446979566,0.09516307172789212|0.09463329823576055|0.09598889609519934|0.09374362445700335,0,677,677,169,-543.730224609375,-264.0305480957031,604.445768850671,365354.71875,-2.689538482077774,13.77922040757207,416118.7675657171,1,33,1,1,1
2,3,3,payload,38,30,9044682,11,125000.0,4,6,0.42884441649564603,continuous,1534.9526587731089,488.5906061115752,0.09598889609519934,0.0016477456470411229,-0.09139676931723806,0|1|2|3,1|1|1|1,-0.4048369282721079|-0.15536670176423945|0.09598889609519934|0.34374362445700335,-2|-1|0|1,0.0016479040485361464|0.0016478275629090839|0.0016477456470411229|0.0016479934446979566,0.09516307172789212|0.09463329823576055|0.09598889609519934|0.09374362445700335,0,857,857,214,-578.576904296875,171.2195281982422,603.3799474810079,364067.28125,2.85387196384926,14.874342036847157,412438.2979419252,1,33,1,1,1
2,3,3,payload,39,31,9052874,11,125000.0,4,6,0.42884441649564603,continuous,1575.3462795529779,501.4482949445665,0.09598889609519934,0.0016477456470411229,-0.08974902367019694,0|1|2|3,1|1|1|1,-0.4048369282721079|-0.15536670176423945|0.09598889609519934|0.34374362445700335,-2|-1|0|1,0.0016479040485361464|0.0016478275629090839|0.0016477456470411229|0.0016479934446979566,0.09516307172789212|0.09463329823576055|0.09598889609519934|0.09374362445700335,0,933,933,233,-118.24446105957031,594.6098022460938,606.2528923629205,367542.625,1.7670960684629433,14.459818306849568,418367.2246976576,1,33,1,1,1
2,3,3,payload,40,32,9061066,11,125000.0,4,6,0.42884441649564603,continuous,1615.739900332847,514.3059837775578,0.09598889609519934,0.0016477456470411229,-0.08810127802315582,0|1|2|3,1|1|1|1,-0.4048369282721079|-0.15536670176423945|0.09598889609519934|0.34374362445700335,-2|-1|0|1,0.0016479040485361464|0.0016478275629090839|0.0016477456470411229|0.0016479934446979566,0.09516307172789212|0.09463329823576055|0.09598889609519934|0.09374362445700335,0,1609,-439,402,-469.18994140625,349.5724182128906,585.098347880088,342340.125,2.5012637181464084,10.52145616520299,414033.9914662247,1,33,1,1,1
2,3,3,payload,41,33,9069258,11,125000.0,4,6,0.42884441649564603,continuous,1656.1335211127157,527.163672610549,0.09598889609519934,0.0016477456470411229,-0.0864535323761147,0|1|2|3,1|1|1|1,-0.4048369282721079|-0.15536670176423945|0.09598889609519934|0.34374362445700335,-2|-1|0|1,0.0016479040485361464|0.0016478275629090839|0.0016477456470411229|0.0016479934446979566,0.09516307172789212|0.09463329823576055|0.09598889609519934|0.09374362445700335,0,321,321,80,-552.2734985351562,-165.3621063232422,576.4986065828091,332350.6875,-2.850667430313317,9.444893937235321,414650.7609670642,1,33,1,1,1
2,3,3,payload,42,34,9077450,11,125000.0,4,6,0.42884441649564603,continuous,1696.5271418925847,540.0213614435404,0.09598889609519934,0.0016477456470411229,-0.08480578672907357,0|1|2|3,1|1|1|1,-0.4048369282721079|-0.15536670176423945|0.09598889609519934|0.34374362445700335,-2|-1|0|1,0.0016479040485361464|0.0016478275629090839|0.0016477456470411229|0.0016479934446979566,0.09516307172789212|0.09463329823576055|0.09598889609519934|0.09374362445700335,0,1933,-115,483,428.6412353515625,357.7024230957031,558.2869621729053,311684.375,0.6954282104372255,7.887405340355732,415247.798524573,1,33,1,1,1
2,3,3,payload,43,35,9085642,11,125000.0,4,6,0.42884441649564603,continuous,1736.9207626724537,552.8790502765316,0.09598889609519934,0.0016477456470411229,-0.08315804108203245,0|1|2|3,1|1|1|1,-0.4048369282721079|-0.15536670176423945|0.09598889609519934|0.34374362445700335,-2|-1|0|1,0.0016479040485361464|0.0016478275629090839|0.0016477456470411229|0.0016479934446979566,0.09516307172789212|0.09463329823576055|0.09598889609519934|0.09374362445700335,0,1745,-303,436,152.85260009765625,-551.8739013671875,572.6506093307281,327928.75,-1.3005994024851582,9.023488147672715,415438.8168498659,1,33,1,1,1
2,3,3,payload,44,36,9093834,11,125000.0,4,6,0.42884441649564603,continuous,1777.3143834523228,565.736739109523,0.09598889609519934,0.0016477456470411229,-0.08151029543499133,0|1|2|3,1|1|1|1,-0.4048369282721079|-0.15536670176423945|0.09598889609519934|0.34374362445700335,-2|-1|0|1,0.0016479040485361464|0.0016478275629090839|0.0016477456470411229|0.0016479934446979566,0.09516307172789212|0.09463329823576055|0.09598889609519934|0.09374362445700335,0,1365,-683,341,-420.4776611328125,416.8843994140625,592.1098428387623,350594.09375,2.360485632378861,11.762305693408539,415565.5896808954,1,33,1,1,1
2,3,3,payload,45,37,9102026,11,125000.0,4,6,0.42884441649564603,continuous,1817.7080042321916,578.5944279425142,0.09598889609519934,0.0016477456470411229,-0.07986254978795021,0|1|2|3,1|1|1|1,-0.4048369282721079|-0.15536670176423945|0.09598889609519934|0.34374362445700335,-2|-1|0|1,0.0016479040485361464|0.0016478275629090839|0.0016477456470411229|0.0016479934446979566,0.09516307172789212|0.09463329823576055|0.09598889609519934|0.09374362445700335,0,2005,-43,501,-520.285400390625,163.37738037109375,545.3339034725001,297389.03125,2.8373282369571156,7.1180309841511855,413730.940110689,1,33,1,1,1
2,3,3,payload,46,38,9110218,11,125000.0,4,6,0.42884441649564603,continuous,1858.1016250120606,591.4521167755055,0.09598889609519934,0.0016477456470411229,-0.07821480414090909,0|1|2|3,1|1|1|1,-0.4048369282721079|-0.15536670176423945|0.09598889609519934|0.34374362445700335,-2|-1|0|1,0.0016479040485361464|0.0016478275629090839|0.0016477456470411229|0.0016479934446979566,0.09516307172789212|0.09463329823576055|0.09598889609519934|0.09374362445700335,0,1969,-79,492,193.40652465820312,514.3660278320312,549.525699460968,301978.5,1.2111408893422246,7.173661441536343,417722.8124914331,1,33,1,1,1
2,3,3,payload,47,39,9118410,11,125000.0,4,6,0.42884441649564603,continuous,1898.4952457919296,604.3098056084968,0.09598889609519934,0.0016477456470411229,-0.07656705849386797,0|1|2|3,1|1|1|1,-0.4048369282721079|-0.15536670176423945|0.09598889609519934|0.34374362445700335,-2|-1|0|1,0.0016479040485361464|0.0016478275629090839|0.0016477456470411229|0.0016479934446979566,0.09516307172789212|0.09463329823576055|0.09598889609519934|0.09374362445700335,0,1769,-279,442,328.1162109375,-456.8443603515625,562.4651255544741,316367.03125,-0.9479444499267223,8.17649542087178,415817.10633072583,1,33,1,1,1
3,4,4,header,0,0,11233782,11,125000.0,4,6,0.41985814561042073,continuous,0.0,0.0,0.0023247923098596024,0.001645442419932956,0.0023247923098596024,0|1|2|3,0|1|1|1,-0.4986286121506138|-0.24677516622538986|0.0023247923098596024|0.2527176690166073,-2|-1|0|1,0.0016455923264162406|0.0016455179835552461|0.001645442419932956|0.0016456821075139683,0.0013713878493861742|0.0032248337746101363|0.0023247923098596024|0.0027176690166073048,0,1745,-303,436,563.5846557617188,-303.3410339355469,640.033942130526,409643.4375,-0.49376579735329135,31.92721356754756,414391.23585787846,1,33,1,1,1
3,4,4,header,1,1,11241974,11,125000.0,4,6,0.41985814561042073,continuous,40.337158374676584,12.839716291220842,0.0023247923098596024,0.001645442419932956,0.003970234729792558,0|1|2|3,0|1|1|1,-0.4986286121506138|-0.24677516622538986|0.0023247923098596024|0.2527176690166073,-2|-1|0|1,0.0016455923264162406|0.0016455179835552461|0.001645442419932956|0.0016456821075139683,0.0013713878493861742|0.0032248337746101363|0.0023247923098596024|0.0027176690166073048,0,1393,-655,348,-114.00035858154297,-630.7630004882812,640.9820937761833,410858.0,-1.7496001977072961,28.011973257834164,416418.2241170504,1,33,1,1,1
3,4,4,header,2,2,11250166,11,125000.0,4,6,0.41985814561042073,continuous,80.67431674935317,25.679432582441684,0.0023247923098596024,0.001645442419932956,0.0056156771497255144,0|1|2|3,0|1|1|1,-0.4986286121506138|-0.24677516622538986|0.0023247923098596024|0.2527176690166073,-2|-1|0|1,0.0016455923264162406|0.0016455179835552461|0.001645442419932956|0.0016456821075139683,0.0013713878493861742|0.0032248337746101363|0.0023247923098596024|0.0027176690166073048,0,61,61,15,618.0770874023438,164.0720977783203,639.4833377353496,408938.9375,0.2594714987043358,30.270025441846986,413802.6799899156,1,33,1,1,1
3,4,4,header,3,3,11258358,11,125000.0,4,6,0.41985814561042073,continuous,121.01147512402974,38.51914887366252,0.0023247923098596024,0.001645442419932956,0.0072611195696584705,0|1|2|3,0|1|1|1,-0.4986286121506138|-0.24677516622538986|0.0023247923098596024|0.2527176690166073,-2|-1|0|1,0.0016455923264162406|0.0016455179835552461|0.001645442419932956|0.0016456821075139683,0.0013713878493861742|0.0032248337746101363|0.0023247923098596024|0.0027176690166073048,0,173,173,43,594.75146484375,236.96377563476562,640.2195997443923,409881.21875,0.37914777016281087,30.29433534347266,415795.37513987056,1,33,1,1,1
3,4,4,header,4,4,11266550,11,125000.0,4,6,0.41985814561042073,continuous,161.34863349870633,51.35886516488337,0.0023247923098596024,0.001645442419932956,0.008906561989591427,0|1|2|3,0|1|1|1,-0.4986286121506138|-0.24677516622538986|0.0023247923098596024|0.2527176690166073,-2|-1|0|1,0.0016455923264162406|0.0016455179835552461|0.001645442419932956|0.0016456821075139683,0.0013713878493861742|0.0032248337746101363|0.0023247923098596024|0.0027176690166073048,0,1741,-307,435,130.21376037597656,-626.2262573242188,639.6209414595107,409115.0,-1.3657836446422729,28.31733735414131,415346.563103475,1,33,1,1,1
3,4,4,header,5,5,11274742,11,125000.0,4,6,0.41985814561042073,continuous,201.68579187338293,64.19858145610422,0.0023247923098596024,0.001645442419932956,0.010552004409524383,0|1|2|3,0|1|1|1,-0.4986286121506138|-0.24677516622538986|0.0023247923098596024|0.2527176690166073,-2|-1|0|1,0.0016455923264162406|0.0016455179835552461|0.001645442419932956|0.0016456821075139683,0.0013713878493861742|0.0032248337746101363|0.0023247923098596024|0.0027176690166073048,0,1657,-391,414,-213.62310791015625,-600.9053955078125,637.7476982189703,406722.1875,-1.9123643278396643,25.98534175609053,413792.27017473546,1,33,1,1,1
3,4,4,header,6,6,11282934,11,125000.0,4,6,0.41985814561042073,continuous,242.0229502480595,77.03829774732505,0.0023247923098596024,0.001645442419932956,0.01219744682945734,0|1|2|3,0|1|1|1,-0.4986286121506138|-0.24677516622538986|0.0023247923098596024|0.2527176690166073,-2|-1|0|1,0.0016455923264162406|0.0016455179835552461|0.001645442419932956|0.0016456821075139683,0.0013713878493861742|0.0032248337746101363|0.0023247923098596024|0.0027176690166073048,0,1445,-603,361,-616.6868286132812,-154.27069091796875,635.6902474172574,404102.09375,-2.8964629289079262,23.05934384303924,412917.1580991581,1,33,1,1,1
3,4,4,header,7,7,11291126,11,125000.0,4,6,0.41985814561042073,continuous,282.3601086227361,89.8780140385459,0.0023247923098596024,0.001645442419932956,0.013842889249390297,0|1|2|3,0|1|1|1,-0.4986286121506138|-0.24677516622538986|0.0023247923098596024|0.2527176690166073,-2|-1|0|1,0.0016455923264162406|0.0016455179835552461|0.001645442419932956|0.0016456821075139683,0.0013713878493861742|0.0032248337746101363|0.0023247923098596024|0.0027176690166073048,0,697,697,174,472.07855224609375,420.4151611328125,632.1448150551396,399607.03125,0.7275761299319061,21.93971978946291,409427.26231054065,1,33,1,1,1
3,4,4,payload,8,0,11299318,11,125000.0,4,6,0.41985814561042073,continuous,322.69726699741267,102.71773032976674,0.0023247923098596024,0.001645442419932956,0.015488331669323254,0|1|2|3,0|1|1|1,-0.4986286121506138|-0.24677516622538986|0.0023247923098596024|0.2527176690166073,-2|-1|0|1,0.0016455923264162406|0.0016455179835552461|0.001645442419932956|0.0016456821075139683,0.0013713878493861742|0.0032248337746101363|0.0023247923098596024|0.0027176690166073048,0,441,441,110,575.1054077148438,-273.0563049316406,636.636454851415,405306.0,-0.4432798311323625,23.604776330783572,414717.69671638135,1,33,1,1,1
3,4,4,payload,9,1,11307510,11,125000.0,4,6,0.41985814561042073,continuous,363.03442537208923,115.55744662098758,0.0023247923098596024,0.001645442419932956,0.01713377408925621,0|1|2|3,0|1|1|1,-0.4986286121506138|-0.24677516622538986|0.0023247923098596024|0.2527176690166073,-2|-1|0|1,0.0016455923264162406|0.0016455179835552461|0.001645442419932956|0.0016456821075139683,0.0013713878493861742|0.0032248337746101363|0.0023247923098596024|0.0027176690166073048,0,1421,-627,355,-350.0190124511719,530.5925903320312,635.6428289476319,404041.8125,2.153943367397077,21.249261224044645,415473.3338665147,1,33,1,1,1
3,4,4,payload,10,2,11315702,11,125000.0,4,6,0.41985814561042073,continuous,403.37158374676585,128.39716291220844,0.0023247923098596024,0.001645442419932956,0.018779216509189168,0|1|2|3,0|1|1|1,-0.4986286121506138|-0.24677516622538986|0.0023247923098596024|0.2527176690166073,-2|-1|0|1,0.0016455923264162406|0.0016455179835552461|0.001645442419932956|0.0016456821075139683,0.0013713878493861742|0.0032248337746101363|0.0023247923098596024|0.0027176690166073048,0,1329,-719,332,91.54682159423828,628.4948120117188,635.127191411022,403386.5625,1.4261531400829466,19.890695332320995,416766.0257679736,1,33,1,1,1
3,4,4,payload,11,3,11323894,11,125000.0,4,6,0.41985814561042073,continuous,443.7087421214424,141.23687920342925,0.0023247923098596024,0.001645442419932956,0.020424658929122125,0|1|2|3,0|1|1|1,-0.4986286121506138|-0.24677516622538986|0.0023247923098596024|0.2527176690166073,-2|-1|0|1,0.0016455923264162406|0.0016455179835552461|0.001645442419932956|0.0016456821075139683,0.0013713878493861742|0.0032248337746101363|0.0023247923098596024|0.0027176690166073048,0,1381,-667,345,285.6736755371094,564.6998291015625,632.8470161754858,400495.3125,1.102451100422764,19.239077120332702,415431.79807211854,1,33,1,1,1
3,4,4,payload,12,4,11332086,11,125000.0,4,6,0.41985814561042073,continuous,484.045900496119,154.0765954946501,0.0023247923098596024,0.001645442419932956,0.02207010134905508,0|1|2|3,0|1|1|1,-0.4986286121506138|-0.24677516622538986|0.0023247923098596024|0.2527176690166073,-2|-1|0|1,0.0016455923264162406|0.0016455179835552461|0.001645442419932956|0.0016456821075139683,0.0013713878493861742|0.0032248337746101363|0.0023247923098596024|0.0027176690166073048,0,1961,-87,490,-448.04083251953125,447.37042236328125,633.1515477437415,400880.875,2.3569432076418093,24.508975690788827,410825.5096927242,1,33,1,1,1
3,4,4,payload,13,5,11340278,11,125000.0,4,6,0.41985814561042073,continuous,524.3830588707956,166.91631178587096,0.0023247923098596024,0.001645442419932956,0.02371554376898804,0|1|2|3,0|1|1|1,-0.4986286121506138|-0.24677516622538986|0.0023247923098596024|0.2527176690166073,-2|-1|0|1,0.0016455923264162406|0.0016455179835552461|0.001645442419932956|0.0016456821075139683,0.0013713878493861742|0.0032248337746101363|0.0023247923098596024|0.0027176690166073048,0,1865,-183,466,42.837135314941406,632.4578247070312,633.9068702854864,401837.90625,1.5031684028523187,22.918533946257615,414058.0372675137,1,33,1,1,1
3,4,4,payload,14,6,11348470,11,125000.0,4,6,0.41985814561042073,continuous,564.7202172454722,179.7560280770918,0.0023247923098596024,0.001645442419932956,0.025360986188920995,0|1|2|3,0|1|1|1,-0.4986286121506138|-0.24677516622538986|0.0023247923098596024|0.2527176690166073,-2|-1|0|1,0.0016455923264162406|0.0016455179835552461|0.001645442419932956|0.0016456821075139683,0.0013713878493861742|0.0032248337746101363|0.0023247923098596024|0.0027176690166073048,0,1693,-355,423,581.5782470703125,244.28607177734375,630.800239639922,397909.0,0.39766191251100885,20.620778101508066,412947.1776970331,1,33,1,1,1
3,4,4,payload,15,7,11356662,11,125000.0,4,6,0.41985814561042073,continuous,605.0573756201487,192.59574436831264,0.0023247923098596024,0.001645442419932956,0.027006428608853952,0|1|2|3,0|1|1|1,-0.4986286121506138|-0.24677516622538986|0.0023247923098596024|0.2527176690166073,-2|-1|0|1,0.0016455923264162406|0.0016455179835552461|0.001645442419932956|0.0016456821075139683,0.0013713878493861742|0.0032248337746101363|0.0023247923098596024|0.0027176690166073048,0,1245,-803,311,-5.2794671058654785,-625.4898071289062,625.5120874891853,391265.375,-1.5792366589581863,16.894758322625812,412570.3596462933,1,33,1,1,1
3,4,4,payload,16,8,11364854,11,125000.0,4,6,0.41985814561042073,continuous,645.3945339948253,205.43546065953348,0.0023247923098596024,0.001645442419932956,0.02865187102878691,0|1|2|3,0|1|1|1,-0.4986286121506138|-0.24677516622538986|0.0023247923098596024|0.2527176690166073,-2|-1|0|1,0.0016455923264162406|0.0016455179835552461|0.001645442419932956|0.0016456821075139683,0.0013713878493861742|0.0032248337746101363|0.0023247923098596024|0.0027176690166073048,0,1921,-127,480,626.2435913085938,-85.77889251708984,632.0910172250065,399539.03125,-0.1361265770198885,22.093929423625585,413347.7988501666,1,33,1,1,1
3,4,4,payload,17,9,11373046,11,125000.0,4,6,0.41985814561042073,continuous,685.731692369502,218.27517695075434,0.0023247923098596024,0.001645442419932956,0.030297313448719866,0|1|2|3,0|1|1|1,-0.4986286121506138|-0.24677516622538986|0.0023247923098596024|0.2527176690166073,-2|-1|0|1,0.0016455923264162406|0.0016455179835552461|0.001645442419932956|0.0016456821075139683,0.0013713878493861742|0.0032248337746101363|0.0023247923098596024|0.0027176690166073048,0,849,849,212,-365.3794860839844,505.8990783691406,624.0481122042935,389436.03125,2.196291667951451,15.895515633518585,414965.8773844173,1,33,1,1,1
3,4,4,payload,18,10,11381238,11,125000.0,4,6,0.41985814561042073,continuous,726.0688507441785,231.11489324197515,0.0023247923098596024,0.001645442419932956,0.03194275586865282,0|1|2|3,0|1|1|1,-0.4986286121506138|-0.24677516622538986|0.0023247923098596024|0.2527176690166073,-2|-1|0|1,0.0016455923264162406|0.0016455179835552461|0.001645442419932956|0.0016456821075139683,0.0013713878493861742|0.0032248337746101363|0.0023247923098596024|0.0027176690166073048,0,2017,-31,504,233.51515197753906,-586.5847778320312,631.356498174642,398610.96875,-1.1919352044158102,22.271182353714476,411928.3138041806,1,33,1,1,1
3,4,4,payload,19,11,11389430,11,125000.0,4,6,0.41985814561042073,continuous,766.4060091188551,243.954609533196,0.0023247923098596024,0.001645442419932956,0.03358819828858577,0|1|2|3,0|1|1|1,-0.4986286121506138|-0.24677516622538986|0.0023247923098596024|0.2527176690166073,-2|-1|0|1,0.0016455923264162406|0.0016455179835552461|0.001645442419932956|0.0016456821075139683,0.0013713878493861742|0.0032248337746101363|0.0023247923098596024|0.0027176690166073048,0,9,9,2,-139.83958435058594,-615.3024291992188,630.9930179723102,398152.21875,-1.7942700274919843,21.779281483185326,411644.73712902714,1,33,1,1,1
3,4,4,payload,20,12,11397622,11,125000.0,4,6,0.41985814561042073,continuous,806.7431674935317,256.7943258244169,0.0023247923098596024,0.001645442419932956,0.035233640708518726,0|1|2|3,0|1|1|1,-0.4986286121506138|-0.24677516622538986|0.0023247923098596024|0.2527176690166073,-2|-1|0|1,0.0016455923264162406|0.0016455179835552461|0.001645442419932956|0.0016456821075139683,0.0013713878493861742|0.0032248337746101363|0.0023247923098596024|0.0027176690166073048,0,1369,-679,342,-25.922983169555664,618.0028686523438,618.5463173594482,382599.5625,1.6127181311990586,15.189834660758937,413012.01194202225,1,33,1,1,1
3,4,4,payload,21,13,11405814,11,125000.0,4,6,0.41985814561042073,continuous,847.0803258682082,269.63404211563767,0.0023247923098596024,0.001645442419932956,0.03687908312845168,0|1|2|3,0|1|1|1,-0.4986286121506138|-0.24677516622538986|0.0023247923098596024|0.2527176690166073,-2|-1|0|1,0.0016455923264162406|0.0016455179835552461|0.001645442419932956|0.0016456821075139683,0.0013713878493861742|0.0032248337746101363|0.0023247923098596024|0.0027176690166073048,0,1653,-395,413,-73.7408447265625,615.84033203125,620.2394914364509,384696.96875,1.6899691332818985,17.20713406331867,410126.1761576683,1,33,1,1,1
3,4,4,payload,22,14,11414006,11,125000.0,4,6,0.41985814561042073,continuous,887.4174842428848,282.4737584068585,0.0023247923098596024,0.001645442419932956,0.03852452554838463,0|1|2|3,0|1|1|1,-0.4986286121506138|-0.24677516622538986|0.0023247923098596024|0.2527176690166073,-2|-1|0|1,0.0016455923264162406|0.0016455179835552461|0.001645442419932956|0.0016456821075139683,0.0013713878493861742|0.0032248337746101363|0.0023247923098596024|0.0027176690166073048,0,2029,-19,507,-278.46954345703125,566.6082763671875,631.3400236647147,398590.21875,2.027594652321002,20.678455517108215,414559.12752802315,1,33,1,1,1
3,4,4,payload,23,15,11422198,11,125000.0,4,6,0.41985814561042073,continuous,927.7546426175614,295.3134746980794,0.0023247923098596024,0.001645442419932956,0.04016996796831759,0|1|2|3,0|1|1|1,-0.4986286121506138|-0.24677516622538986|0.0023247923098596024|0.2527176690166073,-2|-1|0|1,0.0016455923264162406|0.0016455179835552461|0.001645442419932956|0.0016456821075139683,0.0013713878493861742|0.0032248337746101363|0.0023247923098596024|0.0027176690166073048,0,169,169,42,-127.04376220703125,617.4479370117188,630.382481066649,397382.09375,1.7737205505763713,19.18539680589143,419062.80962960445,1,33,1,1,1
3,4,4,payload,24,16,11430390,11,125000.0,4,6,0.41985814561042073,continuous,968.091800992238,308.1531909893002,0.0023247923098596024,0.001645442419932956,0.04181541038825054,0|1|2|3,0|1|1|1,-0.4986286121506138|-0.24677516622538986|0.0023247923098596024|0.2527176690166073,-2|-1|0|1,0.0016455923264162406|0.0016455179835552461|0.001645442419932956|0.0016456821075139683,0.0013713878493861742|0.0032248337746101363|0.0023247923098596024|0.0027176690166073048,0,333,333,83,97.67744445800781,612.4302978515625,620.1707449423915,384611.78125,1.412636883197101,17.14473091186188,413380.03270554275,1,33,1,1,1
3,4,4,payload,25,17,11438582,11,125000.0,4,6,0.41985814561042073,continuous,1008.4289593669146,320.9929072805211,0.0023247923098596024,0.001645442419932956,0.043460852808183494,0|1|2|3,0|1|1|1,-0.4986286121506138|-0.24677516622538986|0.0023247923098596024|0.2527176690166073,-2|-1|0|1,0.0016455923264162406|0.0016455179835552461|0.001645442419932956|0.0016456821075139683,0.0013713878493861742|0.0032248337746101363|0.0023247923098596024|0.0027176690166073048,0,777,777,194,-179.47735595703125,585.3276977539062,612.2259673186161,374820.625,1.8683219191185731,13.206377764550385,417382.9960405254,1,33,1,1,1
3,4,4,payload,26,18,11446774,11,125000.0,4,6,0.41985814561042073,continuous,1048.7661177415912,333.8326235717419,0.0023247923098596024,0.001645442419932956,0.04510629522811645,0|1|2|3,0|1|1|1,-0.4986286121506138|-0.24677516622538986|0.0023247923098596024|0.2527176690166073,-2|-1|0|1,0.0016455923264162406|0.0016455179835552461|0.001645442419932956|0.0016456821075139683,0.0013713878493861742|0.0032248337746101363|0.0023247923098596024|0.0027176690166073048,0,1649,-399,412,-549.31787109375,-281.3221740722656,617.1647179867915,380892.3125,-2.6682881828559273,15.551431494372967,415672.95600014366,1,33,1,1,1
3,4,4,payload,27,19,11454966,11,125000.0,4,6,0.41985814561042073,continuous,1089.1032761162678,346.67233986296276,0.0023247923098596024,0.001645442419932956,0.0467517376480494,0|1|2|3,0|1|1|1,-0.4986286121506138|-0.24677516622538986|0.0023247923098596024|0.2527176690166073,-2|-1|0|1,0.0016455923264162406|0.0016455179835552461|0.001645442419932956|0.0016456821075139683,0.0013713878493861742|0.0032248337746101363|0.0023247923098596024|0.0027176690166073048,0,293,293,73,44.65200424194336,-614.6487426757812,616.2685115724648,379786.84375,-1.4982773437019155,16.438761198713564,412427.27365896845,1,33,1,1,1
3,4,4,payload,28,20,11463158,11,125000.0,4,6,0.41985814561042073,continuous,1129.4404344909444,359.5120561541836,0.0023247923098596024,0.001645442419932956,0.048397180067982354,0|1|2|3,0|1|1|1,-0.4986286121506138|-0.24677516622538986|0.0023247923098596024|0.2527176690166073,-2|-1|0|1,0.0016455923264162406|0.0016455179835552461|0.001645442419932956|0.0016456821075139683,0.0013713878493861742|0.0032248337746101363|0.0023247923098596024|0.0027176690166073048,0,1161,-887,290,593.5985107421875,95.79103088378906,601.2779004363306,361535.1875,0.15999412752543188,11.87925442342256,414010.18300594506,1,33,1,1,1
3,4,4,payload,29,21,11471350,11,125000.0,4,6,0.41985814561042073,continuous,1169.7775928656208,372.3517724454044,0.0023247923098596024,0.001645442419932956,0.05004262248791531,0|1|2|3,0|1|1|1,-0.4986286121506138|-0.24677516622538986|0.0023247923098596024|0.2527176690166073,-2|-1|0|1,0.0016455923264162406|0.0016455179835552461|0.001645442419932956|0.0016456821075139683,0.0013713878493861742|0.0032248337746101363|0.0023247923098596024|0.0027176690166073048,0,1309,-739,327,552.7811279296875,-244.27281188964844,604.347732703361,365236.25,-0.41609581358806585,12.120033456578831,417977.6075088367,1,33,1,1,1
3,4,4,payload,30,22,11479542,11,125000.0,4,6,0.41985814561042073,continuous,1210.1147512402974,385.1914887366253,0.0023247923098596024,0.001645442419932956,0.05168806490784826,0|1|2|3,0|1|1|1,-0.4986286121506138|-0.24677516622538986|0.0023247923098596024|0.2527176690166073,-2|-1|0|1,0.0016455923264162406|0.0016455179835552461|0.001645442419932956|0.0016456821075139683,0.0013713878493861742|0.0032248337746101363|0.0023247923098596024|0.0027176690166073048,0,1685,-363,421,581.5670166015625,-199.1648406982422,614.7250023947279,377886.875,-0.32994409755354004,14.62997252118684,420082.3899484733,1,33,1,1,1
3,4,4,payload,31,23,11487734,11,125000.0,4,6,0.41985814561042073,continuous,1250.451909614974,398.0312050278461,0.0023247923098596024,0.001645442419932956,0.053333507327781214,0|1|2|3,0|1|1|1,-0.4986286121506138|-0.24677516622538986|0.0023247923098596024|0.2527176690166073,-2|-1|0|1,0.0016455923264162406|0.0016455179835552461|0.001645442419932956|0.0016456821075139683,0.0013713878493861742|0.0032248337746101363|0.0023247923098596024|0.0027176690166073048,0,1833,-215,458,352.212158203125,-506.51214599609375,616.9343226208697,380607.96875,-0.963186096019616,15.859171944809784,416378.8713206783,1,33,1,1,1
3,4,4,payload,32,24,11495926,11,125000.0,4,6,0.41985814561042073,continuous,1290.7890679896507,410.87092131906695,0.0023247923098596024,0.001645442419932956,0.05497894974771417,0|1|2|3,0|1|1|1,-0.4986286121506138|-0.24677516622538986|0.0023247923098596024|0.2527176690166073,-2|-1|0|1,0.0016455923264162406|0.0016455179835552461|0.001645442419932956|0.0016456821075139683,0.0013713878493861742|0.0032248337746101363|0.0023247923098596024|0.0027176690166073048,0,2009,-39,502,22.666244506835938,-624.6620483398438,625.0731423410967,390716.46875,-1.5345266276599774,17.470900053008464,416727.5435569194,1,33,1,1,1
3,4,4,payload,33,25,11504118,11,125000.0,4,6,0.41985814561042073,continuous,1331.1262263643273,423.7106376102878,0.0023247923098596024,0.001645442419932956,0.05662439216764712,0|1|2|3,0|1|1|1,-0.4986286121506138|-0.24677516622538986|0.0023247923098596024|0.2527176690166073,-2|-1|0|1,0.0016455923264162406|0.0016455179835552461|0.001645442419932956|0.0016456821075139683,0.0013713878493861742|0.0032248337746101363|0.0023247923098596024|0.0027176690166073048,0,969,969,242,536.8885498046875,234.59193420410156,585.9033115668506,343282.6875,0.41194633548011383,10.203374489961545,412244.7502107121,1,33,1,1,1
3,4,4,payload,34,26,11512310,11,125000.0,4,6,0.41985814561042073,continuous,1371.463384739004,436.5503539015087,0.0023247923098596024,0.001645442419932956,0.058269834587580074,0|1|2|3,0|1|1|1,-0.4986286121506138|-0.24677516622538986|0.0023247923098596024|0.2527176690166073,-2|-1|0|1,0.0016455923264162406|0.0016455179835552461|0.001645442419932956|0.0016456821075139683,0.0013713878493861742|0.0032248337746101363|0.0023247923098596024|0.0027176690166073048,0,1633,-415,408,177.5522003173828,572.0108642578125,598.9333958517539,358721.21875,1.2698257231100192,12.773323536634205,412544.27984216146,1,33,1,1,1
3,4,4,payload,35,27,11520502,11,125000.0,4,6,0.41985814561042073,continuous,1411.8005431136805,449.3900701927295,0.0023247923098596024,0.001645442419932956,0.05991527700751303,0|1|2|3,0|1|1|1,-0.4986286121506138|-0.24677516622538986|0.0023247923098596024|0.2527176690166073,-2|-1|0|1,0.0016455923264162406|0.0016455179835552461|0.001645442419932956|0.0016456821075139683,0.0013713878493861742|0.0032248337746101363|0.0023247923098596024|0.0027176690166073048,0,421,421,105,-519.7049560546875,295.3414611816406,597.7623441140394,357319.8125,2.624818164526273,12.62789176357276,413207.67339853273,1,33,1,1,1
3,4,4,payload,36,28,11528694,11,125000.0,4,6,0.41985814561042073,continuous,1452.137701488357,462.2297864839503,0.0023247923098596024,0.001645442419932956,0.06156071942744598,0|1|2|3,0|1|1|1,-0.4986286121506138|-0.24677516622538986|0.0023247923098596024|0.2527176690166073,-2|-1|0|1,0.0016455923264162406|0.0016455179835552461|0.001645442419932956|0.0016456821075139683,0.0013713878493861742|0.0032248337746101363|0.0023247923098596024|0.0027176690166073048,0,385,385,96,174.0005645751953,576.5562744140625,602.2402627180538,362693.3125,1.2776955232099672,12.752898666158806,418933.4778392898,1,33,1,1,1
3,4,4,payload,37,29,11536886,11,125000.0,4,6,0.41985814561042073,continuous,1492.4748598630335,475.06950277517115,0.0023247923098596024,0.001645442419932956,0.06320616184737894,0|1|2|3,0|1|1|1,-0.4986286121506138|-0.24677516622538986|0.0023247923098596024|0.2527176690166073,-2|-1|0|1,0.0016455923264162406|0.0016455179835552461|0.001645442419932956|0.0016456821075139683,0.0013713878493861742|0.0032248337746101363|0.0023247923098596024|0.0027176690166073048,0,677,677,169,362.0782775878906,457.82196044921875,583.6965192380194,340701.65625,0.901646466074094,10.358133286782149,413537.310707671,1,33,1,1,1
3,4,4,payload,38,30,11545078,11,125000.0,4,6,0.41985814561042073,continuous,1532.8120182377102,487.909219066392,0.0023247923098596024,0.001645442419932956,0.0648516042673119,0|1|2|3,0|1|1|1,-0.4986286121506138|-0.24677516622538986|0.0023247923098596024|0.2527176690166073,-2|-1|0|1,0.0016455923264162406|0.0016455179835552461|0.001645442419932956|0.0016456821075139683,0.0013713878493861742|0.0032248337746101363|0.0023247923098596024|0.0027176690166073048,0,1189,-859,297,223.6294403076172,531.649169921875,576.7676884595018,332660.96875,1.1726299670568365,9.271643874699668,414440.0019657895,1,33,1,1,1
3,4,4,payload,39,31,11553270,11,125000.0,4,6,0.41985814561042073,continuous,1573.1491766123868,500.7489353576129,0.0023247923098596024,0.001645442419932956,0.06649704668724486,0|1|2|3,0|1|1|1,-0.4986286121506138|-0.24677516622538986|0.0023247923098596024|0.2527176690166073,-2|-1|0|1,0.0016455923264162406|0.0016455179835552461|0.001645442419932956|0.0016456821075139683,0.0013713878493861742|0.0032248337746101363|0.0023247923098596024|0.0027176690166073048,0,933,933,233,341.09039306640625,-460.9626159667969,573.4362994798535,328829.25,-0.9337567568225001,8.828330696344267,416786.82403238286,1,33,1,1,1
3,4,4,payload,40,32,11561462,11,125000.0,4,6,0.41985814561042073,continuous,1613.4863349870634,513.5886516488338,0.0023247923098596024,0.001645442419932956,0.06814248910717782,0|1|2|3,0|1|1|1,-0.4986286121506138|-0.24677516622538986|0.0023247923098596024|0.2527176690166073,-2|-1|0|1,0.0016455923264162406|0.0016455179835552461|0.001645442419932956|0.0016456821075139683,0.0013713878493861742|0.0032248337746101363|0.0023247923098596024|0.0027176690166073048,0,1973,-75,493,380.40118408203125,480.7890319824219,613.0767930085151,375863.15625,0.9014431655007601,15.062628824232648,415592.9058577586,1,33,1,1,1
3,4,4,payload,41,33,11569654,11,125000.0,4,6,0.41985814561042073,continuous,1653.82349336174,526.4283679400546,0.0023247923098596024,0.001645442419932956,0.06978793152711078,0|1|2|3,0|1|1|1,-0.4986286121506138|-0.24677516622538986|0.0023247923098596024|0.2527176690166073,-2|-1|0|1,0.0016455923264162406|0.0016455179835552461|0.001645442419932956|0.0016456821075139683,0.0013713878493861742|0.0032248337746101363|0.0023247923098596024|0.0027176690166073048,0,445,445,111,255.01531982421875,523.7373657226562,582.5235116277762,339333.625,1.1176718078684291,10.992737511408382,411917.1564287422,1,33,1,1,1
3,4,4,payload,42,34,11577846,11,125000.0,4,6,0.41985814561042073,continuous,1694.1606517364164,539.2680842312753,0.0023247923098596024,0.001645442419932956,0.07143337394704374,0|1|2|3,0|1|1|1,-0.4986286121506138|-0.24677516622538986|0.0023247923098596024|0.2527176690166073,-2|-1|0|1,0.0016455923264162406|0.0016455179835552461|0.001645442419932956|0.0016456821075139683,0.0013713878493861742|0.0032248337746101363|0.0023247923098596024|0.0027176690166073048,0,2033,-15,508,-92.36084747314453,-609.3477783203125,616.3077486855558,379835.3125,-1.7212245880079258,15.172748417088561,415889.02646390256,1,33,1,1,1
3,4,4,payload,43,35,11586038,11,125000.0,4,6,0.41985814561042073,continuous,1734.497810111093,552.1078005224962,0.0023247923098596024,0.001645442419932956,0.0730788163669767,0|1|2|3,0|1|1|1,-0.4986286121506138|-0.24677516622538986|0.0023247923098596024|0.2527176690166073,-2|-1|0|1,0.0016455923264162406|0.0016455179835552461|0.001645442419932956|0.0016456821075139683,0.0013713878493861742|0.0032248337746101363|0.0023247923098596024|0.0027176690166073048,0,1745,-303,436,-361.7657165527344,471.0062255859375,593.9034418267202,352721.3125,2.225762240427327,11.973634018690401,419022.1501664717,1,33,1,1,1
3,4,4,payload,44,36,11594230,11,125000.0,4,6,0.41985814561042073,continuous,1774.8349684857697,564.947516813717,0.0023247923098596024,0.001645442419932956,0.07472425878690966,0|1|2|3,0|1|1|1,-0.4986286121506138|-0.24677516622538986|0.0023247923098596024|0.2527176690166073,-2|-1|0|1,0.0016455923264162406|0.0016455179835552461|0.001645442419932956|0.0016456821075139683,0.0013713878493861742|0.0032248337746101363|0.0023247923098596024|0.0027176690166073048,0,681,681,170,-447.7188415527344,-351.0859680175781,568.9582744104899,323713.5,-2.476581332581152,8.725036177910523,418864.1085998722,1,33,1,1,1
3,4,4,payload,45,37,11602422,11,125000.0,4,6,0.41985814561042073,continuous,1815.1721268604463,577.787233104938,0.0023247923098596024,0.001645442419932956,0.07636970120684262,0|1|2|3,0|1|1|1,-0.4986286121506138|-0.24677516622538986|0.0023247923098596024|0.2527176690166073,-2|-1|0|1,0.0016455923264162406|0.0016455179835552461|0.001645442419932956|0.0016456821075139683,0.0013713878493861742|0.0032248337746101363|0.0023247923098596024|0.0027176690166073048,0,2001,-47,500,610.5150756835938,43.50935745239258,612.0634949274987,374621.78125,0.07114635241392511,14.2469395135461,418464.6677089037,1,33,1,1,1
3,4,4,payload,46,38,11610614,11,125000.0,4,6,0.41985814561042073,continuous,1855.509285235123,590.6269493961588,0.0023247923098596024,0.001645442419932956,0.07801514362677558,0|1|2|3,0|1|1|1,-0.4986286121506138|-0.24677516622538986|0.0023247923098596024|0.2527176690166073,-2|-1|0|1,0.0016455923264162406|0.0016455179835552461|0.001645442419932956|0.0016456821075139683,0.0013713878493861742|0.0032248337746101363|0.0023247923098596024|0.0027176690166073048,0,945,945,236,-11.637271881103516,549.5604248046875,549.6836241042145,302152.125,1.5919687628293362,7.219044661208408,414259.3644099137,1,33,1,1,1
3,4,4,payload,47,39,11618806,11,125000.0,4,6,0.41985814561042073,continuous,1895.8464436097995,603.4666656873796,0.0023247923098596024,0.001645442419932956,0.07966058604670855,0|1|2|3,0|1|1|1,-0.4986286121506138|-0.24677516622538986|0.0023247923098596024|0.2527176690166073,-2|-1|0|1,0.0016455923264162406|0.0016455179835552461|0.001645442419932956|0.0016456821075139683,0.0013713878493861742|0.0032248337746101363|0.0023247923098596024|0.0027176690166073048,0,2025,-23,506,-595.0897827148438,-136.62403869628906,610.5718446188663,372797.96875,-2.915917890616825,14.416129626997922,414024.5278184639,1,33,1,1,1
4,6,6,header,0,0,16234539,11,125000.0,4,6,0.40559288213296474,continuous,0.0,0.0,-0.052244529860354716,0.0016417861600709874,-0.052244529860354716,0|1|2|3,0|1|1|1,0.44664650330996347|-0.3018697780827863|-0.052244529860354716|0.1973635488582426,2|-1|0|1,0.0016419756893494726|0.0016418775848067429|0.0016417861600709874|0.0016421040090480003,-0.05335349669003653|-0.05186977808278631|-0.052244529860354716|-0.05263645114175741,0,1745,-303,436,210.9674530029297,710.4879150390625,741.1479903791802,549300.3125,1.2821554760689409,23.221824014212817,561820.0724208328,1,33,1,1,1
4,6,6,header,1,1,16242731,11,125000.0,4,6,0.40559288213296474,continuous,40.24752708079198,12.811185764265929,-0.052244529860354716,0.0016417861600709874,-0.050602743700283725,0|1|2|3,0|1|1|1,0.44664650330996347|-0.3018697780827863|-0.052244529860354716|0.1973635488582426,2|-1|0|1,0.0016419756893494726|0.0016418775848067429|0.0016417861600709874|0.0016421040090480003,-0.05335349669003653|-0.05186977808278631|-0.052244529860354716|-0.05263645114175741,0,1393,-655,348,743.3031005859375,14.463018417358398,743.4437962902166,552708.6875,0.019455311789956894,26.490622501189446,562836.6111261518,1,33,1,1,1
4,6,6,header,2,2,16250923,11,125000.0,4,6,0.40559288213296474,continuous,80.49505416158397,25.622371528531858,-0.052244529860354716,0.0016417861600709874,-0.048960957540212735,0|1|2|3,0|1|1|1,0.44664650330996347|-0.3018697780827863|-0.052244529860354716|0.1973635488582426,2|-1|0|1,0.0016419756893494726|0.0016418775848067429|0.0016417861600709874|0.0016421040090480003,-0.05335349669003653|-0.05186977808278631|-0.052244529860354716|-0.05263645114175741,0,61,61,15,-304.83514404296875,674.2807006835938,739.9857622671234,547578.9375,1.9953864239892511,21.92892650176891,564434.3449290833,1,33,1,1,1
4,6,6,header,3,3,16259115,11,125000.0,4,6,0.40559288213296474,continuous,120.74258124237595,38.433557292797786,-0.052244529860354716,0.0016417861600709874,-0.047319171380141745,0|1|2|3,0|1|1|1,0.44664650330996347|-0.3018697780827863|-0.052244529860354716|0.1973635488582426,2|-1|0|1,0.0016419756893494726|0.0016418775848067429|0.0016417861600709874|0.0016421040090480003,-0.05335349669003653|-0.05186977808278631|-0.052244529860354716|-0.05263645114175741,0,173,173,43,-372.55853271484375,641.2682495117188,741.6365876428032,550024.8125,2.0971067154255425,22.049405808242533,565751.8876996567,1,33,1,1,1
4,6,6,header,4,4,16267307,11,125000.0,4,6,0.40559288213296474,continuous,160.99010832316793,51.244743057063715,-0.052244529860354716,0.0016417861600709874,-0.045677385220070754,0|1|2|3,0|1|1|1,0.44664650330996347|-0.3018697780827863|-0.052244529860354716|0.1973635488582426,2|-1|0|1,0.0016419756893494726|0.0016418775848067429|0.0016417861600709874|0.0016421040090480003,-0.05335349669003653|-0.05186977808278631|-0.052244529860354716|-0.05263645114175741,0,1741,-307,435,697.5364990234375,260.4185791015625,744.5636331510899,554375.0625,0.3573149148302837,22.56720262678482,567967.7258729911,1,33,1,1,1
4,6,6,header,5,5,16275499,11,125000.0,4,6,0.40559288213296474,continuous,201.23763540395993,64.05592882132966,-0.052244529860354716,0.0016417861600709874,-0.044035599059999764,0|1|2|3,0|1|1|1,0.44664650330996347|-0.3018697780827863|-0.052244529860354716|0.1973635488582426,2|-1|0|1,0.0016419756893494726|0.0016418775848067429|0.0016417861600709874|0.0016421040090480003,-0.05335349669003653|-0.05186977808278631|-0.052244529860354716|-0.05263645114175741,0,1657,-391,414,732.120361328125,-132.08328247070312,743.9396595016694,553446.1875,-0.17849195830026673,23.03068692802549,565969.9847950058,1,33,1,1,1
4,6,6,header,6,6,16283691,11,125000.0,4,6,0.40559288213296474,continuous,241.4851624847519,76.86711458559557,-0.052244529860354716,0.0016417861600709874,-0.04239381289992877,0|1|2|3,0|1|1|1,0.44664650330996347|-0.3018697780827863|-0.052244529860354716|0.1973635488582426,2|-1|0|1,0.0016419756893494726|0.0016418775848067429|0.0016417861600709874|0.0016421040090480003,-0.05335349669003653|-0.05186977808278631|-0.052244529860354716|-0.05263645114175741,0,1445,-603,361,310.30035400390625,-672.4043579101562,740.5497486540111,548413.8125,-1.1384377394275662,24.81571038532517,559925.6658085175,1,33,1,1,1
4,6,6,header,7,7,16291883,11,125000.0,4,6,0.40559288213296474,continuous,281.73268956554386,89.6783003498615,-0.052244529860354716,0.0016417861600709874,-0.04075202673985778,0|1|2|3,0|1|1|1,0.44664650330996347|-0.3018697780827863|-0.052244529860354716|0.1973635488582426,2|-1|0|1,0.0016419756893494726|0.0016418775848067429|0.0016417861600709874|0.0016421040090480003,-0.05335349669003653|-0.05186977808278631|-0.052244529860354716|-0.05263645114175741,0,697,697,174,-590.1439208984375,444.6896667480469,738.9308134635273,546018.6875,2.4958377718601072,26.15501867156331,556931.938807185,1,33,1,1,1
4,6,6,payload,8,0,16300075,11,125000.0,4,6,0.40559288213296474,continuous,321.98021664633586,102.48948611412743,-0.052244529860354716,0.0016417861600709874,-0.03911024057978679,0|1|2|3,0|1|1|1,0.44664650330996347|-0.3018697780827863|-0.052244529860354716|0.1973635488582426,2|-1|0|1,0.0016419756893494726|0.0016418775848067429|0.0016417861600709874|0.0016421040090480003,-0.05335349669003653|-0.05186977808278631|-0.052244529860354716|-0.05263645114175741,0,441,441,110,179.4603729248047,728.6380004882812,750.4127938713935,563119.3125,1.329307134187221,22.356267198012752,577801.4400575894,1,33,1,1,1
4,6,6,payload,9,1,16308267,11,125000.0,4,6,0.40559288213296474,continuous,362.22774372712786,115.30067187839337,-0.052244529860354716,0.0016417861600709874,-0.0374684544197158,0|1|2|3,0|1|1|1,0.44664650330996347|-0.3018697780827863|-0.052244529860354716|0.1973635488582426,2|-1|0|1,0.0016419756893494726|0.0016418775848067429|0.0016417861600709874|0.0016421040090480003,-0.05335349669003653|-0.05186977808278631|-0.052244529860354716|-0.05263645114175741,0,1649,-399,412,-67.08715057373047,-750.94677734375,753.937496199165,568421.6875,-1.6598965492886186,21.092995166234925,585880.353853952,1,33,1,1,1
4,6,6,payload,10,2,16316459,11,125000.0,4,6,0.40559288213296474,continuous,402.47527080791986,128.11185764265932,-0.052244529860354716,0.0016417861600709874,-0.03582666825964481,0|1|2|3,0|1|1|1,0.44664650330996347|-0.3018697780827863|-0.052244529860354716|0.1973635488582426,2|-1|0|1,0.0016419756893494726|0.0016418775848067429|0.0016417861600709874|0.0016421040090480003,-0.05335349669003653|-0.05186977808278631|-0.052244529860354716|-0.05263645114175741,0,1329,-719,332,-758.7457275390625,-35.77377700805664,759.5886006123337,576974.875,-3.0944789726976776,23.71826914605475,591372.3139858746,1,33,1,1,1
4,6,6,payload,11,3,16324651,11,125000.0,4,6,0.40559288213296474,continuous,442.7227978887118,140.92304340692522,-0.052244529860354716,0.0016417861600709874,-0.03418488209957382,0|1|2|3,0|1|1|1,0.44664650330996347|-0.3018697780827863|-0.052244529860354716|0.1973635488582426,2|-1|0|1,0.0016419756893494726|0.0016418775848067429|0.0016417861600709874|0.0016421040090480003,-0.05335349669003653|-0.05186977808278631|-0.052244529860354716|-0.05263645114175741,0,1381,-667,345,-732.3333740234375,204.79466247558594,760.4295000110405,578253.0,2.86891153077802,22.037944793777452,594929.3622689014,1,33,1,1,1
4,6,6,payload,12,4,16332843,11,125000.0,4,6,0.40559288213296474,continuous,482.9703249695038,153.73422917119115,-0.052244529860354716,0.0016417861600709874,-0.03254309593950283,0|1|2|3,0|1|1|1,0.44664650330996347|-0.3018697780827863|-0.052244529860354716|0.1973635488582426,2|-1|0|1,0.0016419756893494726|0.0016418775848067429|0.0016417861600709874|0.0016421040090480003,-0.05335349669003653|-0.05186977808278631|-0.052244529860354716|-0.05263645114175741,0,2005,-43,501,-330.3397216796875,-673.0955810546875,749.7879653307066,562181.875,-2.0270382203219164,18.190123912521617,592169.9895064553,1,33,1,1,1
4,6,6,payload,13,5,16341035,11,125000.0,4,6,0.40559288213296474,continuous,523.2178520502957,166.54541493545707,-0.052244529860354716,0.0016417861600709874,-0.030901309779431844,0|1|2|3,0|1|1|1,0.44664650330996347|-0.3018697780827863|-0.052244529860354716|0.1973635488582426,2|-1|0|1,0.0016419756893494726|0.0016418775848067429|0.0016417861600709874|0.0016421040090480003,-0.05335349669003653|-0.05186977808278631|-0.052244529860354716|-0.05263645114175741,0,1865,-183,466,-750.8910522460938,-105.89575958251953,758.3213594781599,575051.25,-3.0014897962985496,18.879332336364897,600884.6873255284,1,33,1,1,1
4,6,6,payload,14,6,16349227,11,125000.0,4,6,0.40559288213296474,continuous,563.4653791310877,179.356600699723,-0.052244529860354716,0.0016417861600709874,-0.029259523619360857,0|1|2|3,0|1|1|1,0.44664650330996347|-0.3018697780827863|-0.052244529860354716|0.1973635488582426,2|-1|0|1,0.0016419756893494726|0.0016418775848067429|0.0016417861600709874|0.0016421040090480003,-0.05335349669003653|-0.05186977808278631|-0.052244529860354716|-0.05263645114175741,0,1693,-355,423,-440.1032409667969,617.4761352539062,758.2662067622285,574967.6875,2.1900250951380857,19.095737611438786,599043.0606718764,1,33,1,1,1
4,6,6,payload,15,7,16357419,11,125000.0,4,6,0.40559288213296474,continuous,603.7129062118797,192.16778646398893,-0.052244529860354716,0.0016417861600709874,-0.02761773745928987,0|1|2|3,0|1|1|1,0.44664650330996347|-0.3018697780827863|-0.052244529860354716|0.1973635488582426,2|-1|0|1,0.0016419756893494726|0.0016418775848067429|0.0016417861600709874|0.0016421040090480003,-0.05335349669003653|-0.05186977808278631|-0.052244529860354716|-0.05263645114175741,0,1245,-803,311,740.4321899414062,165.30502319335938,758.6603842262912,575565.5,0.21965269408724236,20.308793661144836,597437.2562115141,1,33,1,1,1
4,6,6,payload,16,8,16365611,11,125000.0,4,6,0.40559288213296474,continuous,643.9604332926717,204.97897222825486,-0.052244529860354716,0.0016417861600709874,-0.025975951299218883,0|1|2|3,0|1|1|1,0.44664650330996347|-0.3018697780827863|-0.052244529860354716|0.1973635488582426,2|-1|0|1,0.0016419756893494726|0.0016418775848067429|0.0016417861600709874|0.0016421040090480003,-0.05335349669003653|-0.05186977808278631|-0.052244529860354716|-0.05263645114175741,0,1921,-127,480,-62.4799690246582,757.057861328125,759.6317212492096,577040.3125,1.65313969135948,17.4646778799041,611099.9040992133,1,33,1,1,1
4,6,6,payload,17,9,16373803,11,125000.0,4,6,0.40559288213296474,continuous,684.2079603734637,217.7901579925208,-0.052244529860354716,0.0016417861600709874,-0.024334165139147896,0|1|2|3,0|1|1|1,0.44664650330996347|-0.3018697780827863|-0.052244529860354716|0.1973635488582426,2|-1|0|1,0.0016419756893494726|0.0016418775848067429|0.0016417861600709874|0.0016421040090480003,-0.05335349669003653|-0.05186977808278631|-0.052244529860354716|-0.05263645114175741,0,849,849,212,-504.3731384277344,-568.1731567382812,759.7453512890921,577213.0,-2.296779873301045,19.406776290199,602173.5055458044,1,33,1,1,1
4,6,6,payload,18,10,16381995,11,125000.0,4,6,0.40559288213296474,continuous,724.4554874542557,230.60134375678675,-0.052244529860354716,0.0016417861600709874,-0.02269237897907691,0|1|2|3,0|1|1|1,0.44664650330996347|-0.3018697780827863|-0.052244529860354716|0.1973635488582426,2|-1|0|1,0.0016419756893494726|0.0016418775848067429|0.0016417861600709874|0.0016421040090480003,-0.05335349669003653|-0.05186977808278631|-0.052244529860354716|-0.05263645114175741,0,2017,-31,504,617.9892578125,423.70709228515625,749.2919476575112,561438.375,0.6010110486591838,16.876691822034346,599799.2290703424,1,33,1,1,1
4,6,6,payload,19,11,16390187,11,125000.0,4,6,0.40559288213296474,continuous,764.7030145350477,243.41252952105268,-0.052244529860354716,0.0016417861600709874,-0.021050592819005922,0|1|2|3,0|1|1|1,0.44664650330996347|-0.3018697780827863|-0.052244529860354716|0.1973635488582426,2|-1|0|1,0.0016419756893494726|0.0016418775848067429|0.0016417861600709874|0.0016421040090480003,-0.05335349669003653|-0.05186977808278631|-0.052244529860354716|-0.05263645114175741,0,9,9,2,749.1417236328125,3.718526601791382,749.1509524305695,561227.125,0.0049636750234698,16.424197090966857,602927.6436484611,1,33,1,1,1
4,6,6,payload,20,12,16398379,11,125000.0,4,6,0.40559288213296474,continuous,804.9505416158397,256.22371528531863,-0.052244529860354716,0.0016417861600709874,-0.019408806658934935,0|1|2|3,0|1|1|1,0.44664650330996347|-0.3018697780827863|-0.052244529860354716|0.1973635488582426,2|-1|0|1,0.0016419756893494726|0.0016418775848067429|0.0016417861600709874|0.0016421040090480003,-0.05335349669003653|-0.05186977808278631|-0.052244529860354716|-0.05263645114175741,0,1369,-679,342,-727.13232421875,-204.53721618652344,755.3521627221928,570556.875,-2.8673853762230244,17.496724348134645,603242.1731198118,1,33,1,1,1
4,6,6,payload,21,13,16406571,11,125000.0,4,6,0.40559288213296474,continuous,845.1980686966316,269.0349010495845,-0.052244529860354716,0.0016417861600709874,-0.017767020498863948,0|1|2|3,0|1|1|1,0.44664650330996347|-0.3018697780827863|-0.052244529860354716|0.1973635488582426,2|-1|0|1,0.0016419756893494726|0.0016418775848067429|0.0016417861600709874|0.0016421040090480003,-0.05335349669003653|-0.05186977808278631|-0.052244529860354716|-0.05263645114175741,0,1653,-395,413,-707.557861328125,-262.30926513671875,754.6153176975641,569444.25,-2.786575338813073,16.764160276785127,606201.0234250001,1,33,1,1,1
4,6,6,payload,22,14,16414763,11,125000.0,4,6,0.40559288213296474,continuous,885.4455957774236,281.84608681385043,-0.052244529860354716,0.0016417861600709874,-0.01612523433879296,0|1|2|3,0|1|1|1,0.44664650330996347|-0.3018697780827863|-0.052244529860354716|0.1973635488582426,2|-1|0|1,0.0016419756893494726|0.0016418775848067429|0.0016417861600709874|0.0016421040090480003,-0.05335349669003653|-0.05186977808278631|-0.052244529860354716|-0.05263645114175741,0,2029,-19,507,-573.7577514648438,-477.69744873046875,746.5874428957349,557392.75,-2.447300964547074,15.924191075604831,602920.2460904106,1,33,1,1,1
4,6,6,payload,23,15,16422955,11,125000.0,4,6,0.40559288213296474,continuous,925.6931228582156,294.65727257811636,-0.052244529860354716,0.0016417861600709874,-0.014483448178721974,0|1|2|3,0|1|1|1,0.44664650330996347|-0.3018697780827863|-0.052244529860354716|0.1973635488582426,2|-1|0|1,0.0016419756893494726|0.0016418775848067429|0.0016417861600709874|0.0016421040090480003,-0.05335349669003653|-0.05186977808278631|-0.052244529860354716|-0.05263645114175741,0,169,169,42,-676.5029296875,-298.73193359375,739.5248352992827,546897.0,-2.725760634433972,15.686113419120238,592104.8068363202,1,33,1,1,1
4,6,6,payload,24,16,16431147,11,125000.0,4,6,0.40559288213296474,continuous,965.9406499390076,307.4684583423823,-0.052244529860354716,0.0016417861600709874,-0.012841662018650987,0|1|2|3,0|1|1|1,0.44664650330996347|-0.3018697780827863|-0.052244529860354716|0.1973635488582426,2|-1|0|1,0.0016419756893494726|0.0016418775848067429|0.0016417861600709874|0.0016421040090480003,-0.05335349669003653|-0.05186977808278631|-0.052244529860354716|-0.05263645114175741,0,333,333,83,-742.4737548828125,-14.711021423339844,742.6194791689084,551483.625,-3.1217817219351525,15.416394948006955,596776.2867795356,1,33,1,1,1
4,6,6,payload,25,17,16439339,11,125000.0,4,6,0.40559288213296474,continuous,1006.1881770197996,320.2796441066482,-0.052244529860354716,0.0016417861600709874,-0.01119987585858,0|1|2|3,0|1|1|1,0.44664650330996347|-0.3018697780827863|-0.052244529860354716|0.1973635488582426,2|-1|0|1,0.0016419756893494726|0.0016418775848067429|0.0016417861600709874|0.0016421040090480003,-0.05335349669003653|-0.05186977808278631|-0.052244529860354716|-0.05263645114175741,0,777,777,194,-660.7422485351562,-329.15765380859375,738.1904090816083,544925.0,-2.679415344597888,15.245402976235535,589959.1496245041,1,33,1,1,1
4,6,6,payload,26,18,16447531,11,125000.0,4,6,0.40559288213296474,continuous,1046.4357041005915,333.09082987091415,-0.052244529860354716,0.0016417861600709874,-0.009558089698509013,0|1|2|3,0|1|1|1,0.44664650330996347|-0.3018697780827863|-0.052244529860354716|0.1973635488582426,2|-1|0|1,0.0016419756893494726|0.0016418775848067429|0.0016417861600709874|0.0016421040090480003,-0.05335349669003653|-0.05186977808278631|-0.052244529860354716|-0.05263645114175741,0,1649,-399,412,425.85662841796875,-597.781494140625,733.9595238870588,538696.625,-0.9517998304181179,14.879722281749697,587866.2969235396,1,33,1,1,1
4,6,6,payload,27,19,16455723,11,125000.0,4,6,0.40559288213296474,continuous,1086.6832311813835,345.9020156351801,-0.052244529860354716,0.0016417861600709874,-0.007916303538438026,0|1|2|3,0|1|1|1,0.44664650330996347|-0.3018697780827863|-0.052244529860354716|0.1973635488582426,2|-1|0|1,0.0016419756893494726|0.0016418775848067429|0.0016417861600709874|0.0016421040090480003,-0.05335349669003653|-0.05186977808278631|-0.052244529860354716|-0.05263645114175741,0,293,293,73,721.12841796875,135.29209899902344,733.7098522261192,538330.125,0.18545581482468623,14.584095198139796,590753.7592533294,1,33,1,1,1
4,6,6,payload,28,20,16463915,11,125000.0,4,6,0.40559288213296474,continuous,1126.9307582621755,358.713201399446,-0.052244529860354716,0.0016417861600709874,-0.006274517378367039,0|1|2|3,0|1|1|1,0.44664650330996347|-0.3018697780827863|-0.052244529860354716|0.1973635488582426,2|-1|0|1,0.0016419756893494726|0.0016418775848067429|0.0016417861600709874|0.0016421040090480003,-0.05335349669003653|-0.05186977808278631|-0.052244529860354716|-0.05263645114175741,0,1161,-887,290,-186.6071014404297,702.6180419921875,726.9761503934873,528494.3125,1.8303916349327956,13.708954252132727,585085.0255794092,1,33,1,1,1
4,6,6,payload,29,21,16472107,11,125000.0,4,6,0.40559288213296474,continuous,1167.1782853429675,371.52438716371194,-0.052244529860354716,0.0016417861600709874,-0.004632731218296052,0|1|2|3,0|1|1|1,0.44664650330996347|-0.3018697780827863|-0.052244529860354716|0.1973635488582426,2|-1|0|1,0.0016419756893494726|0.0016418775848067429|0.0016417861600709874|0.0016421040090480003,-0.05335349669003653|-0.05186977808278631|-0.052244529860354716|-0.05263645114175741,0,1309,-739,327,232.65939331054688,680.6017456054688,719.2698585488224,517349.09375,1.2414061300660861,13.78548308919089,571730.7693024303,1,33,1,1,1
4,6,6,payload,30,22,16480299,11,125000.0,4,6,0.40559288213296474,continuous,1207.4258124237595,384.33557292797786,-0.052244529860354716,0.0016417861600709874,-0.002990945058225065,0|1|2|3,0|1|1|1,0.44664650330996347|-0.3018697780827863|-0.052244529860354716|0.1973635488582426,2|-1|0|1,0.0016419756893494726|0.0016418775848067429|0.0016417861600709874|0.0016421040090480003,-0.05335349669003653|-0.05186977808278631|-0.052244529860354716|-0.05263645114175741,0,1685,-363,421,164.41175842285156,690.2144775390625,709.5260751460901,503427.21875,1.3369503461531296,13.765366143461309,559388.0655175381,1,33,1,1,1
4,6,6,payload,31,23,16488491,11,125000.0,4,6,0.40559288213296474,continuous,1247.6733395045514,397.1467586922438,-0.052244529860354716,0.0016417861600709874,-0.0013491588981540776,0|1|2|3,0|1|1|1,0.44664650330996347|-0.3018697780827863|-0.052244529860354716|0.1973635488582426,2|-1|0|1,0.0016419756893494726|0.0016418775848067429|0.0016417861600709874|0.0016421040090480003,-0.05335349669003653|-0.05186977808278631|-0.052244529860354716|-0.05263645114175741,0,1833,-215,458,544.9783935546875,456.17681884765625,710.7029896485699,505098.65625,0.6969305774261138,13.974174813804286,562132.3844255523,1,33,1,1,1
4,6,6,payload,32,24,16496683,11,125000.0,4,6,0.40559288213296474,continuous,1287.9208665853434,409.9579444565097,-0.052244529860354716,0.0016417861600709874,0.00029262726191690977,0|1|2|3,0|1|1|1,0.44664650330996347|-0.3018697780827863|-0.052244529860354716|0.1973635488582426,2|-1|0|1,0.0016419756893494726|0.0016418775848067429|0.0016417861600709874|0.0016421040090480003,-0.05335349669003653|-0.05186977808278631|-0.052244529860354716|-0.05263645114175741,0,2009,-39,502,703.17822265625,84.97980499267578,708.2945574226841,501681.09375,0.12026778000551634,13.58161773530451,562747.03052575,1,33,1,1,1
4,6,6,payload,33,25,16504875,11,125000.0,4,6,0.40559288213296474,continuous,1328.1683936661354,422.76913022077565,-0.052244529860354716,0.0016417861600709874,0.0019344134219878972,0|1|2|3,0|1|1|1,0.44664650330996347|-0.3018697780827863|-0.052244529860354716|0.1973635488582426,2|-1|0|1,0.0016419756893494726|0.0016418775848067429|0.0016417861600709874|0.0016421040090480003,-0.05335349669003653|-0.05186977808278631|-0.052244529860354716|-0.05263645114175741,0,969,969,242,-321.7648010253906,622.3098754882812,700.572743053246,490802.1875,2.0479900529345203,11.937673465933383,563187.5429368664,1,33,1,1,1
4,6,6,payload,34,26,16513067,11,125000.0,4,6,0.40559288213296474,continuous,1368.4159207469274,435.5803159850416,-0.052244529860354716,0.0016417861600709874,0.0035761995820588846,0|1|2|3,0|1|1|1,0.44664650330996347|-0.3018697780827863|-0.052244529860354716|0.1973635488582426,2|-1|0|1,0.0016419756893494726|0.0016418775848067429|0.0016417861600709874|0.0016421040090480003,-0.05335349669003653|-0.05186977808278631|-0.052244529860354716|-0.05263645114175741,0,1633,-415,408,-680.7501831054688,169.5443115234375,701.5454977177785,492166.0625,2.8975034965186834,12.62800656360152,561507.8686044514,1,33,1,1,1
4,6,6,payload,35,27,16521259,11,125000.0,4,6,0.40559288213296474,continuous,1408.6634478277194,448.39150174930757,-0.052244529860354716,0.0016417861600709874,0.005217985742129872,0|1|2|3,0|1|1|1,0.44664650330996347|-0.3018697780827863|-0.052244529860354716|0.1973635488582426,2|-1|0|1,0.0016419756893494726|0.0016418775848067429|0.0016417861600709874|0.0016421040090480003,-0.05335349669003653|-0.05186977808278631|-0.052244529860354716|-0.05263645114175741,0,421,421,105,-317.0094299316406,-617.5369873046875,694.1519353534452,481846.875,-2.045062729227681,12.527317554052617,552374.168406075,1,33,1,1,1
4,6,6,payload,36,28,16529451,11,125000.0,4,6,0.40559288213296474,continuous,1448.9109749085114,461.2026875135735,-0.052244529860354716,0.0016417861600709874,0.00685977190220086,0|1|2|3,0|1|1|1,0.44664650330996347|-0.3018697780827863|-0.052244529860354716|0.1973635488582426,2|-1|0|1,0.0016419756893494726|0.0016418775848067429|0.0016417861600709874|0.0016421040090480003,-0.05335349669003653|-0.05186977808278631|-0.052244529860354716|-0.05263645114175741,0,385,385,96,-667.6820678710938,186.8493194580078,693.3339829681944,480712.0,2.86872514433995,12.169223932818838,555221.8038011561,1,33,1,1,1
4,6,6,payload,37,29,16537643,11,125000.0,4,6,0.40559288213296474,continuous,1489.1585019893034,474.0138732778394,-0.052244529860354716,0.0016417861600709874,0.008501558062271847,0|1|2|3,0|1|1|1,0.44664650330996347|-0.3018697780827863|-0.052244529860354716|0.1973635488582426,2|-1|0|1,0.0016419756893494726|0.0016418775848067429|0.0016417861600709874|0.0016421040090480003,-0.05335349669003653|-0.05186977808278631|-0.052244529860354716|-0.05263645114175741,0,677,677,169,-549.7000732421875,425.5770263671875,695.1877270881615,483286.0,2.4827834598502885,11.502904268459078,562727.4575995775,1,33,1,1,1
4,6,6,payload,38,30,16545835,11,125000.0,4,6,0.40559288213296474,continuous,1529.4060290700954,486.82505904210535,-0.052244529860354716,0.0016417861600709874,0.010143344222342834,0|1|2|3,0|1|1|1,0.44664650330996347|-0.3018697780827863|-0.052244529860354716|0.1973635488582426,2|-1|0|1,0.0016419756893494726|0.0016418775848067429|0.0016417861600709874|0.0016421040090480003,-0.05335349669003653|-0.05186977808278631|-0.052244529860354716|-0.05263645114175741,0,1189,-859,297,-641.4378051757812,261.4225158691406,692.6645578576073,479784.1875,2.7545885803375505,10.690199364407135,568959.7450357106,1,33,1,1,1
4,6,6,payload,39,31,16554027,11,125000.0,4,6,0.40559288213296474,continuous,1569.6535561508874,499.6362448063713,-0.052244529860354716,0.0016417861600709874,0.01178513038241382,0|1|2|3,0|1|1|1,0.44664650330996347|-0.3018697780827863|-0.052244529860354716|0.1973635488582426,2|-1|0|1,0.0016419756893494726|0.0016418775848067429|0.0016417861600709874|0.0016421040090480003,-0.05335349669003653|-0.05186977808278631|-0.052244529860354716|-0.05263645114175741,0,933,933,233,560.168212890625,415.9154968261719,697.6920002646139,486774.15625,0.6386729849802362,10.451707060574593,581054.8350105473,1,33,1,1,1
4,6,6,payload,40,32,16562219,11,125000.0,4,6,0.40559288213296474,continuous,1609.9010832316794,512.4474305706373,-0.052244529860354716,0.0016417861600709874,0.013426916542484808,0|1|2|3,0|1|1|1,0.44664650330996347|-0.3018697780827863|-0.052244529860354716|0.1973635488582426,2|-1|0|1,0.0016419756893494726|0.0016418775848067429|0.0016417861600709874|0.0016421040090480003,-0.05335349669003653|-0.05186977808278631|-0.052244529860354716|-0.05263645114175741,0,1973,-75,493,-569.4015502929688,433.8241882324219,715.8362604475664,512421.625,2.4905221152321904,12.333195331949087,591977.6276599955,1,33,1,1,1
4,6,6,payload,41,33,16570411,11,125000.0,4,6,0.40559288213296474,continuous,1650.1486103124712,525.2586163349031,-0.052244529860354716,0.0016417861600709874,0.015068702702555795,0|1|2|3,0|1|1|1,0.44664650330996347|-0.3018697780827863|-0.052244529860354716|0.1973635488582426,2|-1|0|1,0.0016419756893494726|0.0016418775848067429|0.0016417861600709874|0.0016421040090480003,-0.05335349669003653|-0.05186977808278631|-0.052244529860354716|-0.05263645114175741,0,321,321,80,-494.0633544921875,510.6595764160156,710.5433141177654,504871.75,2.3396777847131833,11.496014280807508,596545.1733737622,1,33,1,1,1
4,6,6,payload,42,34,16578603,11,125000.0,4,6,0.40559288213296474,continuous,1690.3961373932632,538.069802099169,-0.052244529860354716,0.0016417861600709874,0.01671048886262678,0|1|2|3,0|1|1|1,0.44664650330996347|-0.3018697780827863|-0.052244529860354716|0.1973635488582426,2|-1|0|1,0.0016419756893494726|0.0016418775848067429|0.0016417861600709874|0.0016421040090480003,-0.05335349669003653|-0.05186977808278631|-0.052244529860354716|-0.05263645114175741,0,1933,-115,483,656.8563232421875,-298.6112365722656,721.5461870112423,520628.9375,-0.4266781884659309,11.57251227635333,613296.083340667,1,33,1,1,1
4,6,6,payload,43,35,16586795,11,125000.0,4,6,0.40559288213296474,continuous,1730.6436644740552,550.8809878634349,-0.052244529860354716,0.0016417861600709874,0.01835227502269777,0|1|2|3,0|1|1|1,0.44664650330996347|-0.3018697780827863|-0.052244529860354716|0.1973635488582426,2|-1|0|1,0.0016419756893494726|0.0016418775848067429|0.0016417861600709874|0.0016421040090480003,-0.05335349669003653|-0.05186977808278631|-0.052244529860354716|-0.05263645114175741,0,1757,-291,439,-539.0792236328125,-476.41693115234375,719.4299838352395,517579.5,-2.4178224358546756,10.948453634611113,619484.024035529,1,33,1,1,1
4,6,6,payload,44,36,16594987,11,125000.0,4,6,0.40559288213296474,continuous,1770.8911915548472,563.6921736277009,-0.052244529860354716,0.0016417861600709874,0.019994061182768755,0|1|2|3,0|1|1|1,0.44664650330996347|-0.3018697780827863|-0.052244529860354716|0.1973635488582426,2|-1|0|1,0.0016419756893494726|0.0016418775848067429|0.0016417861600709874|0.0016421040090480003,-0.05335349669003653|-0.05186977808278631|-0.052244529860354716|-0.05263645114175741,0,1361,-687,340,265.14239501953125,657.0433349609375,708.5241235506974,502006.40625,1.187243097438047,9.66264988906435,618223.5484565389,1,33,1,1,1
4,6,6,payload,45,37,16603179,11,125000.0,4,6,0.40559288213296474,continuous,1811.1387186356392,576.5033593919668,-0.052244529860354716,0.0016417861600709874,0.021635847342839742,0|1|2|3,0|1|1|1,0.44664650330996347|-0.3018697780827863|-0.052244529860354716|0.1973635488582426,2|-1|0|1,0.0016419756893494726|0.0016418775848067429|0.0016417861600709874|0.0016421040090480003,-0.05335349669003653|-0.05186977808278631|-0.052244529860354716|-0.05263645114175741,0,1069,-979,267,252.03195190429688,-651.2091064453125,698.2788877647613,487593.375,-1.2015280998077367,8.74921659756273,617711.5245320476,1,33,1,1,1
4,6,6,payload,46,38,16611371,11,125000.0,4,6,0.40559288213296474,continuous,1851.3862457164312,589.3145451562327,-0.052244529860354716,0.0016417861600709874,0.02327763350291073,0|1|2|3,0|1|1|1,0.44664650330996347|-0.3018697780827863|-0.052244529860354716|0.1973635488582426,2|-1|0|1,0.0016419756893494726|0.0016418775848067429|0.0016417861600709874|0.0016421040090480003,-0.05335349669003653|-0.05186977808278631|-0.052244529860354716|-0.05263645114175741,0,1969,-79,492,726.1036376953125,29.441375732421875,726.7002733447837,528093.25,0.0405248721951223,11.272591766566498,628640.2455142941,1,33,1,1,1
4,6,6,payload,47,39,16619563,11,125000.0,4,6,0.40559288213296474,continuous,1891.6337727972232,602.1257309204987,-0.052244529860354716,0.0016417861600709874,0.024919419662981716,0|1|2|3,0|1|1|1,0.44664650330996347|-0.3018697780827863|-0.052244529860354716|0.1973635488582426,2|-1|0|1,0.0016419756893494726|0.0016418775848067429|0.0016417861600709874|0.0016421040090480003,-0.05335349669003653|-0.05186977808278631|-0.052244529860354716|-0.05263645114175741,0,1513,-535,378,-686.4556884765625,-166.54132080078125,706.3691837671715,498957.375,-2.90358086564442,9.3463846537014,625712.6510798298,1,33,1,1,1
5,7,7,header,0,0,18735077,11,125000.0,4,6,0.3999396385397119,continuous,0.0,0.0,0.1879801211474933,0.0016403372048748492,-0.062019878852506705,0|1|2|3,1|1|1|1,-0.31136708705162885|-0.06174366214994975|0.1879801211474933|0.43723719589095755,-1|0|1|2,0.0016401343624728982|0.001640055730696115|0.0016403372048748492|0.0016402227503751691,-0.061367087051628855|-0.06174366214994975|-0.062019878852506705|-0.06276280410904245,0,1745,-303,436,266.0732116699219,701.3502197265625,750.124712750383,562687.0625,1.2081974723410958,22.56289120635008,577258.3938664197,1,33,1,1,1
5,7,7,header,1,1,18743269,11,125000.0,4,6,0.3999396385397119,continuous,40.21200670370895,12.799879277079425,0.1879801211474933,0.0016403372048748492,-0.06037954164763185,0|1|2|3,1|1|1|1,-0.31136708705162885|-0.06174366214994975|0.1879801211474933|0.43723719589095755,-1|0|1|2,0.0016401343624728982|0.001640055730696115|0.0016403372048748492|0.0016402227503751691,-0.061367087051628855|-0.06174366214994975|-0.062019878852506705|-0.06276280410904245,0,1393,-655,348,748.2808837890625,-18.646928787231445,748.5131855868249,560272.0,-0.024914535130017162,25.441201537505712,571965.8839172256,1,33,1,1,1
5,7,7,header,2,2,18751461,11,125000.0,4,6,0.3999396385397119,continuous,80.4240134074179,25.59975855415885,0.1879801211474933,0.0016403372048748492,-0.058739204442757,0|1|2|3,1|1|1|1,-0.31136708705162885|-0.06174366214994975|0.1879801211474933|0.43723719589095755,-1|0|1|2,0.0016401343624728982|0.001640055730696115|0.0016403372048748492|0.0016402227503751691,-0.061367087051628855|-0.06174366214994975|-0.062019878852506705|-0.06276280410904245,0,61,61,15,-299.36865234375,684.0070190429688,746.6506493040512,557487.25,1.983348589538311,21.262618485683063,576112.5848175475,1,33,1,1,1
5,7,7,header,3,3,18759653,11,125000.0,4,6,0.3999396385397119,continuous,120.63602011112685,38.39963783123827,0.1879801211474933,0.0016403372048748492,-0.05709886723788215,0|1|2|3,1|1|1|1,-0.31136708705162885|-0.06174366214994975|0.1879801211474933|0.43723719589095755,-1|0|1|2,0.0016401343624728982|0.001640055730696115|0.0016403372048748492|0.0016402227503751691,-0.061367087051628855|-0.06174366214994975|-0.062019878852506705|-0.06276280410904245,0,173,173,43,-389.1577453613281,637.5691528320312,746.9525924833961,557938.125,2.1188112826780374,21.398068798380447,575617.5063692958,1,33,1,1,1
5,7,7,header,4,4,18767845,11,125000.0,4,6,0.3999396385397119,continuous,160.8480268148358,51.1995171083177,0.1879801211474933,0.0016403372048748492,-0.0554585300330073,0|1|2|3,1|1|1|1,-0.31136708705162885|-0.06174366214994975|0.1879801211474933|0.43723719589095755,-1|0|1|2,0.0016401343624728982|0.001640055730696115|0.0016403372048748492|0.0016402227503751691,-0.061367087051628855|-0.06174366214994975|-0.062019878852506705|-0.06276280410904245,0,1741,-307,435,688.866943359375,292.7552490234375,748.4940223435744,560243.3125,0.4018544146846231,21.85323891434603,575810.9773699229,1,33,1,1,1
5,7,7,header,5,5,18776037,11,125000.0,4,6,0.3999396385397119,continuous,201.06003351854474,63.99939638539712,0.1879801211474933,0.0016403372048748492,-0.053818192828132445,0|1|2|3,1|1|1|1,-0.31136708705162885|-0.06174366214994975|0.1879801211474933|0.43723719589095755,-1|0|1|2,0.0016401343624728982|0.001640055730696115|0.0016403372048748492|0.0016402227503751691,-0.061367087051628855|-0.06174366214994975|-0.062019878852506705|-0.06276280410904245,0,1657,-391,414,744.5069580078125,-95.51956176757812,750.6094838211924,563414.625,-0.12760199493003332,22.137905269403994,578161.5350916276,1,33,1,1,1
5,7,7,header,6,6,18784229,11,125000.0,4,6,0.3999396385397119,continuous,241.2720402222537,76.79927566247655,0.1879801211474933,0.0016403372048748492,-0.052177855623257594,0|1|2|3,1|1|1|1,-0.31136708705162885|-0.06174366214994975|0.1879801211474933|0.43723719589095755,-1|0|1|2,0.0016401343624728982|0.001640055730696115|0.0016403372048748492|0.0016402227503751691,-0.061367087051628855|-0.06174366214994975|-0.062019878852506705|-0.06276280410904245,0,1445,-603,361,356.15740966796875,-661.8043212890625,751.5537639705319,564833.1875,-1.077087815963634,24.50180423695847,577193.827920812,1,33,1,1,1
5,7,7,header,7,7,18792421,11,125000.0,4,6,0.3999396385397119,continuous,281.4840469259627,89.59915493955597,0.1879801211474933,0.0016403372048748492,-0.05053751841838274,0|1|2|3,1|1|1|1,-0.31136708705162885|-0.06174366214994975|0.1879801211474933|0.43723719589095755,-1|0|1|2,0.0016401343624728982|0.001640055730696115|0.0016403372048748492|0.0016402227503751691,-0.061367087051628855|-0.06174366214994975|-0.062019878852506705|-0.06276280410904245,0,697,697,174,-638.7506713867188,403.6961669921875,755.6275639765718,570973.0,2.5779690348256907,26.28277211017325,583024.4448344157,1,33,1,1,1
5,7,7,payload,8,0,18800613,11,125000.0,4,6,0.3999396385397119,continuous,321.6960536296716,102.3990342166354,0.1879801211474933,0.0016403372048748492,-0.04889718121350789,0|1|2|3,1|1|1|1,-0.31136708705162885|-0.06174366214994975|0.1879801211474933|0.43723719589095755,-1|0|1|2,0.0016401343624728982|0.001640055730696115|0.0016403372048748492|0.0016402227503751691,-0.061367087051628855|-0.06174366214994975|-0.062019878852506705|-0.06276280410904245,0,1605,-443,401,209.51858520507812,-723.132568359375,752.873660695049,566818.75,-1.2887811057586671,21.66172512479536,582980.1369050415,1,33,1,1,1
5,7,7,payload,9,1,18808805,11,125000.0,4,6,0.3999396385397119,continuous,361.90806033338055,115.19891349371481,0.1879801211474933,0.0016403372048748492,-0.04725684400863304,0|1|2|3,1|1|1|1,-0.31136708705162885|-0.06174366214994975|0.1879801211474933|0.43723719589095755,-1|0|1|2,0.0016401343624728982|0.001640055730696115|0.0016403372048748492|0.0016402227503751691,-0.061367087051628855|-0.06174366214994975|-0.062019878852506705|-0.06276280410904245,0,1649,-399,412,15.180248260498047,-750.5701293945312,750.723623630277,563585.875,-1.550574127225794,21.041862201233318,581038.7920577253,1,33,1,1,1
5,7,7,payload,10,2,18816997,11,125000.0,4,6,0.3999396385397119,continuous,402.1200670370895,127.99879277079424,0.1879801211474933,0.0016403372048748492,-0.045616506803758186,0|1|2|3,1|1|1|1,-0.31136708705162885|-0.06174366214994975|0.1879801211474933|0.43723719589095755,-1|0|1|2,0.0016401343624728982|0.001640055730696115|0.0016403372048748492|0.0016402227503751691,-0.061367087051628855|-0.06174366214994975|-0.062019878852506705|-0.06276280410904245,0,1329,-719,332,-737.029541015625,-133.959228515625,749.1045449296141,561157.5625,-2.961799757213122,24.3869020243284,575286.5387390316,1,33,1,1,1
5,7,7,payload,11,3,18825189,11,125000.0,4,6,0.3999396385397119,continuous,442.3320737407985,140.79867204787368,0.1879801211474933,0.0016403372048748492,-0.043976169598883334,0|1|2|3,1|1|1|1,-0.31136708705162885|-0.06174366214994975|0.1879801211474933|0.43723719589095755,-1|0|1|2,0.0016401343624728982|0.001640055730696115|0.0016403372048748492|0.0016402227503751691,-0.061367087051628855|-0.06174366214994975|-0.062019878852506705|-0.06276280410904245,0,1381,-667,345,-746.110107421875,97.55266571044922,752.4605072588836,566196.75,3.011581806677328,23.139435829540083,581684.784467371,1,33,1,1,1
5,7,7,payload,12,4,18833381,11,125000.0,4,6,0.3999396385397119,continuous,482.5440804445074,153.5985513249531,0.1879801211474933,0.0016403372048748492,-0.04233583239400848,0|1|2|3,1|1|1|1,-0.31136708705162885|-0.06174366214994975|0.1879801211474933|0.43723719589095755,-1|0|1|2,0.0016401343624728982|0.001640055730696115|0.0016403372048748492|0.0016402227503751691,-0.061367087051628855|-0.06174366214994975|-0.062019878852506705|-0.06276280410904245,0,1961,-87,490,-299.689697265625,-679.8607788085938,742.9835753294884,552024.625,-1.985981947281655,17.977608978468737,581806.2633716877,1,33,1,1,1
5,7,7,payload,13,5,18841573,11,125000.0,4,6,0.3999396385397119,continuous,522.7560871482164,166.3984306020325,0.1879801211474933,0.0016403372048748492,-0.04069549518913363,0|1|2|3,1|1|1|1,-0.31136708705162885|-0.06174366214994975|0.1879801211474933|0.43723719589095755,-1|0|1|2,0.0016401343624728982|0.001640055730696115|0.0016403372048748492|0.0016402227503751691,-0.061367087051628855|-0.06174366214994975|-0.062019878852506705|-0.06276280410904245,0,1865,-183,466,-704.0032958984375,-239.03648376464844,743.4776938190075,552759.0625,-2.81426755170916,18.089465706756936,580732.6034091841,1,33,1,1,1
5,7,7,payload,14,6,18849765,11,125000.0,4,6,0.3999396385397119,continuous,562.9680938519253,179.19830987911195,0.1879801211474933,0.0016403372048748492,-0.03905515798425878,0|1|2|3,1|1|1|1,-0.31136708705162885|-0.06174366214994975|0.1879801211474933|0.43723719589095755,-1|0|1|2,0.0016401343624728982|0.001640055730696115|0.0016403372048748492|0.0016402227503751691,-0.061367087051628855|-0.06174366214994975|-0.062019878852506705|-0.06276280410904245,0,1693,-355,423,-532.975830078125,516.1053466796875,741.9083260880867,550428.0625,2.3722743033985734,18.567790581627094,575585.1893538532,1,33,1,1,1
5,7,7,payload,15,7,18857957,11,125000.0,4,6,0.3999396385397119,continuous,603.1801005556342,191.99818915619136,0.1879801211474933,0.0016403372048748492,-0.03741482077938393,0|1|2|3,1|1|1|1,-0.31136708705162885|-0.06174366214994975|0.1879801211474933|0.43723719589095755,-1|0|1|2,0.0016401343624728982|0.001640055730696115|0.0016403372048748492|0.0016402227503751691,-0.061367087051628855|-0.06174366214994975|-0.062019878852506705|-0.06276280410904245,0,1245,-803,311,689.76171875,284.1791076660156,746.0087089885794,556529.0,0.39080483873158783,20.884426433639312,577465.5095798415,1,33,1,1,1
5,7,7,payload,16,8,18866149,11,125000.0,4,6,0.3999396385397119,continuous,643.3921072593432,204.7980684332708,0.1879801211474933,0.0016403372048748492,-0.035774483574509075,0|1|2|3,1|1|1|1,-0.31136708705162885|-0.06174366214994975|0.1879801211474933|0.43723719589095755,-1|0|1|2,0.0016401343624728982|0.001640055730696115|0.0016403372048748492|0.0016402227503751691,-0.061367087051628855|-0.06174366214994975|-0.062019878852506705|-0.06276280410904245,0,1921,-127,480,-175.78614807128906,711.9442749023438,733.3249078136956,537765.375,1.8128646298428333,16.628055720825763,573841.8833398039,1,33,1,1,1
5,7,7,payload,17,9,18874341,11,125000.0,4,6,0.3999396385397119,continuous,683.6041139630522,217.5979477103502,0.1879801211474933,0.0016403372048748492,-0.03413414636963422,0|1|2|3,1|1|1|1,-0.31136708705162885|-0.06174366214994975|0.1879801211474933|0.43723719589095755,-1|0|1|2,0.0016401343624728982|0.001640055730696115|0.0016403372048748492|0.0016402227503751691,-0.061367087051628855|-0.06174366214994975|-0.062019878852506705|-0.06276280410904245,0,849,849,212,-407.2252502441406,-624.8557739257812,745.8398907572523,556277.1875,-2.1483732719098465,19.96885085625891,579784.8784834367,1,33,1,1,1
5,7,7,payload,18,10,18882533,11,125000.0,4,6,0.3999396385397119,continuous,723.8161206667611,230.39782698742962,0.1879801211474933,0.0016403372048748492,-0.03249380916475937,0|1|2|3,1|1|1|1,-0.31136708705162885|-0.06174366214994975|0.1879801211474933|0.43723719589095755,-1|0|1|2,0.0016401343624728982|0.001640055730696115|0.0016403372048748492|0.0016402227503751691,-0.061367087051628855|-0.06174366214994975|-0.062019878852506705|-0.06276280410904245,0,2017,-31,504,535.586181640625,496.47283935546875,730.2998275927947,533337.8125,0.7475179340357624,16.005133608807242,575723.9456940726,1,33,1,1,1
5,7,7,payload,19,11,18890725,11,125000.0,4,6,0.3999396385397119,continuous,764.0281273704701,243.19770626450907,0.1879801211474933,0.0016403372048748492,-0.030853471959884523,0|1|2|3,1|1|1|1,-0.31136708705162885|-0.06174366214994975|0.1879801211474933|0.43723719589095755,-1|0|1|2,0.0016401343624728982|0.001640055730696115|0.0016403372048748492|0.0016402227503751691,-0.061367087051628855|-0.06174366214994975|-0.062019878852506705|-0.06276280410904245,0,9,9,2,722.6228637695312,101.33366394042969,729.6933017988246,532452.25,0.13932186554050158,15.754462743628059,576810.1426861163,1,33,1,1,1
5,7,7,payload,20,12,18898917,11,125000.0,4,6,0.3999396385397119,continuous,804.240134074179,255.99758554158848,0.1879801211474933,0.0016403372048748492,-0.029213134755009675,0|1|2|3,1|1|1|1,-0.31136708705162885|-0.06174366214994975|0.1879801211474933|0.43723719589095755,-1|0|1|2,0.0016401343624728982|0.001640055730696115|0.0016403372048748492|0.0016402227503751691,-0.061367087051628855|-0.06174366214994975|-0.062019878852506705|-0.06276280410904245,0,1369,-679,342,-677.3101196289062,-302.03167724609375,741.6010600125999,549972.125,-2.722130000641994,17.783593711576643,580327.3814728092,1,33,1,1,1
5,7,7,payload,21,13,18907109,11,125000.0,4,6,0.3999396385397119,continuous,844.452140777888,268.7974648186679,0.1879801211474933,0.0016403372048748492,-0.027572797550134826,0|1|2|3,1|1|1|1,-0.31136708705162885|-0.06174366214994975|0.1879801211474933|0.43723719589095755,-1|0|1|2,0.0016401343624728982|0.001640055730696115|0.0016403372048748492|0.0016402227503751691,-0.061367087051628855|-0.06174366214994975|-0.062019878852506705|-0.06276280410904245,0,1653,-395,413,-641.7437744140625,-361.7246398925781,736.6680304619052,542679.875,-2.628323218864938,16.57310413184633,577998.9315586649,1,33,1,1,1
5,7,7,payload,22,14,18915301,11,125000.0,4,6,0.3999396385397119,continuous,884.664147481597,281.59734409574736,0.1879801211474933,0.0016403372048748492,-0.025932460345259978,0|1|2|3,1|1|1|1,-0.31136708705162885|-0.06174366214994975|0.1879801211474933|0.43723719589095755,-1|0|1|2,0.0016401343624728982|0.001640055730696115|0.0016403372048748492|0.0016402227503751691,-0.061367087051628855|-0.06174366214994975|-0.062019878852506705|-0.06276280410904245,0,2029,-19,507,-480.0361328125,-550.7125244140625,730.5607253008401,533719.0,-2.287733630103494,15.155022696707343,583027.6678259468,1,33,1,1,1
5,7,7,payload,23,15,18923493,11,125000.0,4,6,0.3999396385397119,continuous,924.8761541853058,294.3972233728268,0.1879801211474933,0.0016403372048748492,-0.02429212314038513,0|1|2|3,1|1|1|1,-0.31136708705162885|-0.06174366214994975|0.1879801211474933|0.43723719589095755,-1|0|1|2,0.0016401343624728982|0.001640055730696115|0.0016403372048748492|0.0016402227503751691,-0.061367087051628855|-0.06174366214994975|-0.062019878852506705|-0.06276280410904245,0,169,169,42,-611.691650390625,-402.9026794433594,732.4597219371485,536497.3125,-2.5591469514064196,15.393945008536656,582129.9077376858,1,33,1,1,1
5,7,7,payload,24,16,18931685,11,125000.0,4,6,0.3999396385397119,continuous,965.0881608890148,307.1971026499062,0.1879801211474933,0.0016403372048748492,-0.02265178593551028,0|1|2|3,1|1|1|1,-0.31136708705162885|-0.06174366214994975|0.1879801211474933|0.43723719589095755,-1|0|1|2,0.0016401343624728982|0.001640055730696115|0.0016403372048748492|0.0016402227503751691,-0.061367087051628855|-0.06174366214994975|-0.062019878852506705|-0.06276280410904245,0,333,333,83,-717.4761962890625,-152.7456512451172,733.5552645954607,538103.1875,-2.931831281847391,15.388348757350634,582280.9701198558,1,33,1,1,1
5,7,7,payload,25,17,18939877,11,125000.0,4,6,0.3999396385397119,continuous,1005.3001675927238,319.9969819269856,0.1879801211474933,0.0016403372048748492,-0.021011448730635433,0|1|2|3,1|1|1|1,-0.31136708705162885|-0.06174366214994975|0.1879801211474933|0.43723719589095755,-1|0|1|2,0.0016401343624728982|0.001640055730696115|0.0016403372048748492|0.0016402227503751691,-0.061367087051628855|-0.06174366214994975|-0.062019878852506705|-0.06276280410904245,0,777,777,194,-577.456787109375,-457.08990478515625,736.4696341568913,542387.5,-2.4720211876162868,15.954348718419187,582713.5226465261,1,33,1,1,1
5,7,7,payload,26,18,18948069,11,125000.0,4,6,0.3999396385397119,continuous,1045.5121742964327,332.796861204065,0.1879801211474933,0.0016403372048748492,-0.019371111525760584,0|1|2|3,1|1|1|1,-0.31136708705162885|-0.06174366214994975|0.1879801211474933|0.43723719589095755,-1|0|1|2,0.0016401343624728982|0.001640055730696115|0.0016403372048748492|0.0016402227503751691,-0.061367087051628855|-0.06174366214994975|-0.062019878852506705|-0.06276280410904245,0,1649,-399,412,551.8185424804688,-476.49810791015625,729.0776026372143,531554.125,-0.7122823894119762,15.075416601246449,577656.5552285566,1,33,1,1,1
5,7,7,payload,27,19,18956261,11,125000.0,4,6,0.3999396385397119,continuous,1085.7241810001417,345.5967404811445,0.1879801211474933,0.0016403372048748492,-0.017730774320885736,0|1|2|3,1|1|1|1,-0.31136708705162885|-0.06174366214994975|0.1879801211474933|0.43723719589095755,-1|0|1|2,0.0016401343624728982|0.001640055730696115|0.0016403372048748492|0.0016402227503751691,-0.061367087051628855|-0.06174366214994975|-0.062019878852506705|-0.06276280410904245,0,293,293,73,649.16650390625,326.19696044921875,726.5133218325542,527821.5625,0.4656342837985431,14.809104447907526,576571.3549433487,1,33,1,1,1
5,7,7,payload,28,20,18964453,11,125000.0,4,6,0.3999396385397119,continuous,1125.9361877038507,358.3966197582239,0.1879801211474933,0.0016403372048748492,-0.016090437116010887,0|1|2|3,1|1|1|1,-0.31136708705162885|-0.06174366214994975|0.1879801211474933|0.43723719589095755,-1|0|1|2,0.0016401343624728982|0.001640055730696115|0.0016403372048748492|0.0016402227503751691,-0.061367087051628855|-0.06174366214994975|-0.062019878852506705|-0.06276280410904245,0,1161,-887,290,-400.8770751953125,605.8345947265625,726.4557698749776,527737.9375,2.1553483621956855,14.519633973212045,577790.7013140784,1,33,1,1,1
5,7,7,payload,29,21,18972645,11,125000.0,4,6,0.3999396385397119,continuous,1166.1481944075597,371.19649903530336,0.1879801211474933,0.0016403372048748492,-0.014450099911136039,0|1|2|3,1|1|1|1,-0.31136708705162885|-0.06174366214994975|0.1879801211474933|0.43723719589095755,-1|0|1|2,0.0016401343624728982|0.001640055730696115|0.0016403372048748492|0.0016402227503751691,-0.061367087051628855|-0.06174366214994975|-0.062019878852506705|-0.06276280410904245,0,1309,-739,327,-13.952527046203613,718.8521728515625,718.9875655561699,516943.09375,1.5902033424120818,14.169733701626637,568932.6472886605,1,33,1,1,1
5,7,7,payload,30,22,18980837,11,125000.0,4,6,0.3999396385397119,continuous,1206.3602011112685,383.9963783123827,0.1879801211474933,0.0016403372048748492,-0.01280976270626119,0|1|2|3,1|1|1|1,-0.31136708705162885|-0.06174366214994975|0.1879801211474933|0.43723719589095755,-1|0|1|2,0.0016401343624728982|0.001640055730696115|0.0016403372048748492|0.0016402227503751691,-0.061367087051628855|-0.06174366214994975|-0.062019878852506705|-0.06276280410904245,0,1685,-363,421,-88.4963150024414,710.009765625,715.5036443316545,511945.5,1.6947978119015474,13.863242018762872,567503.7292019373,1,33,1,1,1
5,7,7,payload,31,23,18989029,11,125000.0,4,6,0.3999396385397119,continuous,1246.5722078149774,396.79625758946213,0.1879801211474933,0.0016403372048748492,-0.011169425501386342,0|1|2|3,1|1|1|1,-0.31136708705162885|-0.06174366214994975|0.1879801211474933|0.43723719589095755,-1|0|1|2,0.0016401343624728982|0.001640055730696115|0.0016403372048748492|0.0016402227503751691,-0.061367087051628855|-0.06174366214994975|-0.062019878852506705|-0.06276280410904245,0,1833,-215,458,341.24737548828125,631.136474609375,717.483812263378,514783.03125,1.0751312092557634,13.67737305392521,574884.8600541593,1,33,1,1,1
5,7,7,payload,32,24,18997221,11,125000.0,4,6,0.3999396385397119,continuous,1286.7842145186864,409.5961368665416,0.1879801211474933,0.0016403372048748492,-0.009529088296511494,0|1|2|3,1|1|1|1,-0.31136708705162885|-0.06174366214994975|0.1879801211474933|0.43723719589095755,-1|0|1|2,0.0016401343624728982|0.001640055730696115|0.0016403372048748492|0.0016402227503751691,-0.061367087051628855|-0.06174366214994975|-0.062019878852506705|-0.06276280410904245,0,2009,-39,502,621.201416015625,354.261474609375,715.1170475189543,511392.34375,0.518283157227108,13.266588040343755,577161.5184633081,1,33,1,1,1
5,7,7,payload,33,25,19005413,11,125000.0,4,6,0.3999396385397119,continuous,1326.9962212223954,422.396016143621,0.1879801211474933,0.0016403372048748492,-0.007888751091636646,0|1|2|3,1|1|1|1,-0.31136708705162885|-0.06174366214994975|0.1879801211474933|0.43723719589095755,-1|0|1|2,0.0016401343624728982|0.001640055730696115|0.0016403372048748492|0.0016402227503751691,-0.061367087051628855|-0.06174366214994975|-0.062019878852506705|-0.06276280410904245,0,969,969,242,-562.5761108398438,445.98773193359375,717.9115109280218,515396.90625,2.471282078353525,12.65315985585373,583452.055196878,1,33,1,1,1
5,7,7,payload,34,26,19013605,11,125000.0,4,6,0.3999396385397119,continuous,1367.2082279261044,435.1958954207004,0.1879801211474933,0.0016403372048748492,-0.006248413886761796,0|1|2|3,1|1|1|1,-0.31136708705162885|-0.06174366214994975|0.1879801211474933|0.43723719589095755,-1|0|1|2,0.0016401343624728982|0.001640055730696115|0.0016403372048748492|0.0016402227503751691,-0.061367087051628855|-0.06174366214994975|-0.062019878852506705|-0.06276280410904245,0,1633,-415,408,-701.7427368164062,-148.02761840820312,717.1855021444484,514355.03125,-2.933697596744055,12.786173393372165,584485.175976895,1,33,1,1,1
5,7,7,payload,35,27,19021797,11,125000.0,4,6,0.3999396385397119,continuous,1407.4202346298132,447.99577469777984,0.1879801211474933,0.0016403372048748492,-0.004608076681886947,0|1|2|3,1|1|1|1,-0.31136708705162885|-0.06174366214994975|0.1879801211474933|0.43723719589095755,-1|0|1|2,0.0016401343624728982|0.001640055730696115|0.0016403372048748492|0.0016402227503751691,-0.061367087051628855|-0.06174366214994975|-0.062019878852506705|-0.06276280410904245,0,421,421,105,0.41324344277381897,-711.5374145507812,711.5375345515887,506285.59375,-1.570215551437395,12.715140531453923,576885.7127570088,1,33,1,1,1
5,7,7,payload,36,28,19029989,11,125000.0,4,6,0.3999396385397119,continuous,1447.6322413335222,460.79565397485925,0.1879801211474933,0.0016403372048748492,-0.002967739477012098,0|1|2|3,1|1|1|1,-0.31136708705162885|-0.06174366214994975|0.1879801211474933|0.43723719589095755,-1|0|1|2,0.0016401343624728982|0.001640055730696115|0.0016403372048748492|0.0016402227503751691,-0.061367087051628855|-0.06174366214994975|-0.062019878852506705|-0.06276280410904245,0,385,385,96,-687.6248168945312,-167.4100341796875,707.7103986471315,500854.0,-2.9027774625174017,12.495439514263175,573558.3566452819,1,33,1,1,1
5,7,7,payload,37,29,19038181,11,125000.0,4,6,0.3999396385397119,continuous,1487.8442480372312,473.5955332519387,0.1879801211474933,0.0016403372048748492,-0.0013274022721372486,0|1|2|3,1|1|1|1,-0.31136708705162885|-0.06174366214994975|0.1879801211474933|0.43723719589095755,-1|0|1|2,0.0016401343624728982|0.001640055730696115|0.0016403372048748492|0.0016402227503751691,-0.061367087051628855|-0.06174366214994975|-0.062019878852506705|-0.06276280410904245,0,677,677,169,-704.702392578125,83.78047180175781,709.6651531255138,503624.5625,3.02326034647283,11.843181636477638,581296.4220612156,1,33,1,1,1
5,7,7,payload,38,30,19046373,11,125000.0,4,6,0.3999396385397119,continuous,1528.0562547409402,486.39541252901813,0.1879801211474933,0.0016403372048748492,0.00031293493273760065,0|1|2|3,1|1|1|1,-0.31136708705162885|-0.06174366214994975|0.1879801211474933|0.43723719589095755,-1|0|1|2,0.0016401343624728982|0.001640055730696115|0.0016403372048748492|0.0016402227503751691,-0.061367087051628855|-0.06174366214994975|-0.062019878852506705|-0.06276280410904245,0,1189,-859,297,-692.1978759765625,-123.69287872314453,703.1627320565867,494437.8125,-2.9647632363317427,11.182797886836365,578793.992992599,1,33,1,1,1
5,7,7,payload,39,31,19054565,11,125000.0,4,6,0.3999396385397119,continuous,1568.2682614446492,499.19529180609754,0.1879801211474933,0.0016403372048748492,0.00195327213761245,0|1|2|3,1|1|1|1,-0.31136708705162885|-0.06174366214994975|0.1879801211474933|0.43723719589095755,-1|0|1|2,0.0016401343624728982|0.001640055730696115|0.0016403372048748492|0.0016402227503751691,-0.061367087051628855|-0.06174366214994975|-0.062019878852506705|-0.06276280410904245,0,933,933,233,237.6048126220703,659.0297241210938,700.5542264923495,490776.1875,1.2247651520831861,10.978573723906964,577993.6162568436,1,33,1,1,1
5,7,7,payload,40,32,19062757,11,125000.0,4,6,0.3999396385397119,continuous,1608.480268148358,511.99517108317696,0.1879801211474933,0.0016403372048748492,0.003593609342487299,0|1|2|3,1|1|1|1,-0.31136708705162885|-0.06174366214994975|0.1879801211474933|0.43723719589095755,-1|0|1|2,0.0016401343624728982|0.001640055730696115|0.0016403372048748492|0.0016402227503751691,-0.061367087051628855|-0.06174366214994975|-0.062019878852506705|-0.06276280410904245,0,1609,-439,402,-282.544921875,641.7114868164062,701.159942658929,491625.3125,1.9855536711498878,11.4887535967849,575860.8509193638,1,33,1,1,1
5,7,7,payload,41,33,19070949,11,125000.0,4,6,0.3999396385397119,continuous,1648.692274852067,524.7950503602564,0.1879801211474933,0.0016403372048748492,0.005233946547362148,0|1|2|3,1|1|1|1,-0.31136708705162885|-0.06174366214994975|0.1879801211474933|0.43723719589095755,-1|0|1|2,0.0016401343624728982|0.001640055730696115|0.0016403372048748492|0.0016402227503751691,-0.061367087051628855|-0.06174366214994975|-0.062019878852506705|-0.06276280410904245,0,321,321,80,-687.1822509765625,116.90983581542969,697.0562070361372,485887.375,2.973076830253237,11.606705960241275,570712.6862574333,1,33,1,1,1
5,7,7,payload,42,34,19079141,11,125000.0,4,6,0.3999396385397119,continuous,1688.904281555776,537.5949296373358,0.1879801211474933,0.0016403372048748492,0.006874283752236998,0|1|2|3,1|1|1|1,-0.31136708705162885|-0.06174366214994975|0.1879801211474933|0.43723719589095755,-1|0|1|2,0.0016401343624728982|0.001640055730696115|0.0016403372048748492|0.0016402227503751691,-0.061367087051628855|-0.06174366214994975|-0.062019878852506705|-0.06276280410904245,0,2033,-15,508,598.7102661132812,368.7957458496094,703.1815447707695,494464.34375,0.5520893723972422,11.569700315403043,581049.5889017422,1,33,1,1,1
5,7,7,payload,43,35,19087333,11,125000.0,4,6,0.3999396385397119,continuous,1729.116288259485,550.3948089144152,0.1879801211474933,0.0016403372048748492,0.008514620957111847,0|1|2|3,1|1|1|1,-0.31136708705162885|-0.06174366214994975|0.1879801211474933|0.43723719589095755,-1|0|1|2,0.0016401343624728982|0.001640055730696115|0.0016403372048748492|0.0016402227503751691,-0.061367087051628855|-0.06174366214994975|-0.062019878852506705|-0.06276280410904245,0,1749,-299,437,-118.82286071777344,-689.5560913085938,699.718854462234,489606.40625,-1.7414384163584642,10.978073745790237,585116.0807379967,1,33,1,1,1
5,7,7,payload,44,36,19095525,11,125000.0,4,6,0.3999396385397119,continuous,1769.328294963194,563.1946881914947,0.1879801211474933,0.0016403372048748492,0.010154958161986697,0|1|2|3,1|1|1|1,-0.31136708705162885|-0.06174366214994975|0.1879801211474933|0.43723719589095755,-1|0|1|2,0.0016401343624728982|0.001640055730696115|0.0016403372048748492|0.0016402227503751691,-0.061367087051628855|-0.06174366214994975|-0.062019878852506705|-0.06276280410904245,0,685,685,171,687.7467651367188,-115.81758117675781,697.4305162994059,486409.375,-0.16683613898349936,10.097308069004642,590317.9167998914,1,33,1,1,1
5,7,7,payload,45,37,19103717,11,125000.0,4,6,0.3999396385397119,continuous,1809.540301666903,575.9945674685741,0.1879801211474933,0.0016403372048748492,0.011795295366861545,0|1|2|3,1|1|1|1,-0.31136708705162885|-0.06174366214994975|0.1879801211474933|0.43723719589095755,-1|0|1|2,0.0016401343624728982|0.001640055730696115|0.0016403372048748492|0.0016402227503751691,-0.061367087051628855|-0.06174366214994975|-0.062019878852506705|-0.06276280410904245,0,981,981,245,516.6192626953125,-451.4652404785156,686.0876955230813,470716.25,-0.7181975052977974,9.298810064255692,586015.0395016624,1,33,1,1,1
5,7,7,payload,46,38,19111909,11,125000.0,4,6,0.3999396385397119,continuous,1849.7523083706117,588.7944467456535,0.1879801211474933,0.0016403372048748492,0.013435632571736394,0|1|2|3,1|1|1|1,-0.31136708705162885|-0.06174366214994975|0.1879801211474933|0.43723719589095755,-1|0|1|2,0.0016401343624728982|0.001640055730696115|0.0016403372048748492|0.0016402227503751691,-0.061367087051628855|-0.06174366214994975|-0.062019878852506705|-0.06276280410904245,0,1613,-435,403,665.1856689453125,-181.65048217773438,689.5425090925332,475468.84375,-0.26658253745821875,10.183489714052222,581879.2875775546,1,33,1,1,1
5,7,7,payload,47,39,19120101,11,125000.0,4,6,0.3999396385397119,continuous,1889.9643150743207,601.594326022733,0.1879801211474933,0.0016403372048748492,0.015075969776611242,0|1|2|3,1|1|1|1,-0.31136708705162885|-0.06174366214994975|0.1879801211474933|0.43723719589095755,-1|0|1|2,0.0016401343624728982|0.001640055730696115|0.0016403372048748492|0.0016402227503751691,-0.061367087051628855|-0.06174366214994975|-0.062019878852506705|-0.06276280410904245,0,1769,-279,442,174.31239318847656,-671.2548828125,693.5185131766254,480968.0,-1.3167267380551197,10.38352971725897,586982.5114111394,1,33,1,1,1
6,8,8,header,0,0,21235773,11,125000.0,4,6,0.4001075685456528,continuous,0.0,0.0,0.09459466570996178,0.0016403802461927549,0.09459466570996178,0|1|2|3,1|1|1|1,-0.4061812805450579|-0.15661179110722873|0.09459466570996178|0.3425256694993335,-2|-1|0|1,0.0016405098147431805|0.00164044444397313|0.0016403802461927549|0.0016405926433825217,0.09381871945494208|0.09338820889277127|0.09459466570996178|0.0925256694993335,0,1745,-303,436,143.108642578125,729.5331420898438,743.4370780288226,552698.6875,1.3770912703574838,20.358914865465955,574069.0074095926,1,33,1,1,1
6,8,8,header,1,1,21243965,11,125000.0,4,6,0.4001075685456528,continuous,40.21306183905491,12.800215137091305,0.09459466570996178,0.0016403802461927549,0.09623504595615454,0|1|2|3,1|1|1|1,-0.4061812805450579|-0.15661179110722873|0.09459466570996178|0.3425256694993335,-2|-1|0|1,0.0016405098147431805|0.00164044444397313|0.0016403802461927549|0.0016405926433825217,0.09381871945494208|0.09338820889277127|0.09459466570996178|0.0925256694993335,0,1393,-655,348,734.4679565429688,102.3485107421875,741.5648298291579,549918.375,0.13845891533238608,18.159997091493228,578394.9851565466,1,33,1,1,1
6,8,8,header,2,2,21252157,11,125000.0,4,6,0.4001075685456528,continuous,80.42612367810982,25.60043027418261,0.09459466570996178,0.0016403802461927549,0.0978754262023473,0|1|2|3,1|1|1|1,-0.4061812805450579|-0.15661179110722873|0.09459466570996178|0.3425256694993335,-2|-1|0|1,0.0016405098147431805|0.00164044444397313|0.0016403802461927549|0.0016405926433825217,0.09381871945494208|0.09338820889277127|0.09459466570996178|0.0925256694993335,0,61,61,15,-410.3255310058594,623.2968139648438,746.2345205724307,556866.0,2.152994574785447,22.36535443677504,573426.5405434907,1,33,1,1,1
6,8,8,header,3,3,21260349,11,125000.0,4,6,0.4001075685456528,continuous,120.63918551716472,38.40064541127391,0.09459466570996178,0.0016403802461927549,0.09951580644854005,0|1|2|3,1|1|1|1,-0.4061812805450579|-0.15661179110722873|0.09459466570996178|0.3425256694993335,-2|-1|0|1,0.0016405098147431805|0.00164044444397313|0.0016403802461927549|0.0016405926433825217,0.09381871945494208|0.09338820889277127|0.09459466570996178|0.0925256694993335,0,173,173,43,-483.7418518066406,565.2932739257812,744.0179196330195,553562.6875,2.2786110709078313,21.670886141142148,574126.4012611657,1,33,1,1,1
6,8,8,header,4,4,21268541,11,125000.0,4,6,0.4001075685456528,continuous,160.85224735621964,51.20086054836522,0.09459466570996178,0.0016403802461927549,0.10115618669473281,0|1|2|3,1|1|1|1,-0.4061812805450579|-0.15661179110722873|0.09459466570996178|0.3425256694993335,-2|-1|0|1,0.0016405098147431805|0.00164044444397313|0.0016403802461927549|0.0016405926433825217,0.09381871945494208|0.09338820889277127|0.09459466570996178|0.0925256694993335,0,1741,-307,435,628.2667846679688,392.18511962890625,740.6269781579438,548528.375,0.5580478722492271,20.35643840778131,572995.3690583261,1,33,1,1,1
6,8,8,header,5,5,21276733,11,125000.0,4,6,0.4001075685456528,continuous,201.06530919527455,64.00107568545653,0.09459466570996178,0.0016403802461927549,0.10279656694092557,0|1|2|3,1|1|1|1,-0.4061812805450579|-0.15661179110722873|0.09459466570996178|0.3425256694993335,-2|-1|0|1,0.0016405098147431805|0.00164044444397313|0.0016403802461927549|0.0016405926433825217,0.09381871945494208|0.09338820889277127|0.09459466570996178|0.0925256694993335,0,1657,-391,414,739.0594482421875,23.599782943725586,739.4361485558017,546765.8125,0.03192133815115599,19.11265330797747,574639.2587514461,1,33,1,1,1
6,8,8,header,6,6,21284925,11,125000.0,4,6,0.4001075685456528,continuous,241.27837103432944,76.80129082254783,0.09459466570996178,0.0016403802461927549,0.10443694718711832,0|1|2|3,1|1|1|1,-0.4061812805450579|-0.15661179110722873|0.09459466570996178|0.3425256694993335,-2|-1|0|1,0.0016405098147431805|0.00164044444397313|0.0016403802461927549|0.0016405926433825217,0.09381871945494208|0.09338820889277127|0.09459466570996178|0.0925256694993335,0,1445,-603,361,444.9955139160156,-588.9160766601562,738.1349150082049,544843.125,-0.9237094632096775,16.870072945372577,581189.5017410622,1,33,1,1,1
6,8,8,header,7,7,21293117,11,125000.0,4,6,0.4001075685456528,continuous,281.4914328733844,89.60150595963914,0.09459466570996178,0.0016403802461927549,0.10607732743331108,0|1|2|3,1|1|1|1,-0.4061812805450579|-0.15661179110722873|0.09459466570996178|0.3425256694993335,-2|-1|0|1,0.0016405098147431805|0.00164044444397313|0.0016403802461927549|0.0016405926433825217,0.09381871945494208|0.09338820889277127|0.09459466570996178|0.0925256694993335,0,697,697,174,-675.1082763671875,290.0184631347656,734.7665573354072,539881.875,2.73584229476429,15.89070995754301,580895.4243197837,1,33,1,1,1
6,8,8,payload,8,0,21301309,11,125000.0,4,6,0.4001075685456528,continuous,321.70449471243927,102.40172109673044,0.09459466570996178,0.0016403802461927549,0.10771770767950384,0|1|2|3,1|1|1|1,-0.4061812805450579|-0.15661179110722873|0.09459466570996178|0.3425256694993335,-2|-1|0|1,0.0016405098147431805|0.00164044444397313|0.0016403802461927549|0.0016405926433825217,0.09381871945494208|0.09338820889277127|0.09459466570996178|0.0925256694993335,0,441,441,110,-17.44363021850586,732.6887817382812,732.896398626932,537137.1875,1.5945995240783803,17.878642896704704,571487.631047733,1,33,1,1,1
6,8,8,payload,9,1,21309501,11,125000.0,4,6,0.4001075685456528,continuous,361.91755655149416,115.20193623382174,0.09459466570996178,0.0016403802461927549,0.1093580879256966,0|1|2|3,1|1|1|1,-0.4061812805450579|-0.15661179110722873|0.09459466570996178|0.3425256694993335,-2|-1|0|1,0.0016405098147431805|0.00164044444397313|0.0016403802461927549|0.0016405926433825217,0.09381871945494208|0.09338820889277127|0.09459466570996178|0.0925256694993335,0,1421,-627,355,-352.8949890136719,-637.7479248046875,728.8739869577216,531257.25,-2.076204484418286,15.823581470378471,574748.9240775899,1,33,1,1,1
6,8,8,payload,10,2,21317693,11,125000.0,4,6,0.4001075685456528,continuous,402.1306183905491,128.00215137091305,0.09459466570996178,0.0016403802461927549,0.11099846817188935,0|1|2|3,1|1|1|1,-0.4061812805450579|-0.15661179110722873|0.09459466570996178|0.3425256694993335,-2|-1|0|1,0.0016405098147431805|0.00164044444397313|0.0016403802461927549|0.0016405926433825217,0.09381871945494208|0.09338820889277127|0.09459466570996178|0.0925256694993335,0,1229,-819,307,-726.8563842773438,-40.38428497314453,727.9773992628657,529951.125,-3.0860895197119005,14.45672352213094,581581.2455000766,1,33,1,1,1
6,8,8,payload,11,3,21325885,11,125000.0,4,6,0.4001075685456528,continuous,442.343680229604,140.80236650800435,0.09459466570996178,0.0016403802461927549,0.11263884841808211,0|1|2|3,1|1|1|1,-0.4061812805450579|-0.15661179110722873|0.09459466570996178|0.3425256694993335,-2|-1|0|1,0.0016405098147431805|0.00164044444397313|0.0016403802461927549|0.0016405926433825217,0.09381871945494208|0.09338820889277127|0.09459466570996178|0.0925256694993335,0,1433,-615,358,-711.2490844726562,-174.42881774902344,732.3255236740788,536300.625,-2.901096208814477,15.646670322923804,584452.3784518708,1,33,1,1,1
6,8,8,payload,12,4,21334077,11,125000.0,4,6,0.4001075685456528,continuous,482.5567420686589,153.60258164509565,0.09459466570996178,0.0016403802461927549,0.11427922866427487,0|1|2|3,1|1|1|1,-0.4061812805450579|-0.15661179110722873|0.09459466570996178|0.3425256694993335,-2|-1|0|1,0.0016405098147431805|0.00164044444397313|0.0016403802461927549|0.0016405926433825217,0.09381871945494208|0.09338820889277127|0.09459466570996178|0.0925256694993335,0,1961,-87,490,-149.24896240234375,-731.6057739257812,746.6741332199191,557522.25,-1.7720368820957464,25.98967940765813,573337.7252356177,1,33,1,1,1
6,8,8,payload,13,5,21342269,11,125000.0,4,6,0.4001075685456528,continuous,522.7698039077138,166.40279678218695,0.09459466570996178,0.0016403802461927549,0.11591960891046763,0|1|2|3,1|1|1|1,-0.4061812805450579|-0.15661179110722873|0.09459466570996178|0.3425256694993335,-2|-1|0|1,0.0016405098147431805|0.00164044444397313|0.0016403802461927549|0.0016405926433825217,0.09381871945494208|0.09338820889277127|0.09459466570996178|0.0925256694993335,0,1869,-179,467,-624.62646484375,-393.5876770019531,738.2882093539042,545069.5,-2.579322245625085,22.98875914284999,569880.7835172975,1,33,1,1,1
6,8,8,payload,14,6,21350461,11,125000.0,4,6,0.4001075685456528,continuous,562.9828657467688,179.20301191927828,0.09459466570996178,0.0016403802461927549,0.11755998915666038,0|1|2|3,1|1|1|1,-0.4061812805450579|-0.15661179110722873|0.09459466570996178|0.3425256694993335,-2|-1|0|1,0.0016405098147431805|0.00164044444397313|0.0016403802461927549|0.0016405926433825217,0.09381871945494208|0.09338820889277127|0.09459466570996178|0.0925256694993335,0,353,353,88,63.89374542236328,-728.6759643554688,731.4718530015151,535051.0625,-1.4833353036860792,18.418720647550508,575474.8031491165,1,33,1,1,1
6,8,8,payload,15,7,21358653,11,125000.0,4,6,0.4001075685456528,continuous,603.1959275858236,192.00322705636955,0.09459466570996178,0.0016403802461927549,0.11920036940285314,0|1|2|3,1|1|1|1,-0.4061812805450579|-0.15661179110722873|0.09459466570996178|0.3425256694993335,-2|-1|0|1,0.0016405098147431805|0.00164044444397313|0.0016403802461927549|0.0016405926433825217,0.09381871945494208|0.09338820889277127|0.09459466570996178|0.0925256694993335,0,1825,-223,456,-568.5717163085938,471.3736572265625,738.5573243244189,545466.875,2.4493883320222842,21.366988668953248,576173.4311474902,1,33,1,1,1
6,8,8,payload,16,8,21366845,11,125000.0,4,6,0.4001075685456528,continuous,643.4089894248785,204.80344219346088,0.09459466570996178,0.0016403802461927549,0.1208407496490459,0|1|2|3,1|1|1|1,-0.4061812805450579|-0.15661179110722873|0.09459466570996178|0.3425256694993335,-2|-1|0|1,0.0016405098147431805|0.00164044444397313|0.0016403802461927549|0.0016405926433825217,0.09381871945494208|0.09338820889277127|0.09459466570996178|0.0925256694993335,0,1921,-127,480,-405.3928527832031,625.751220703125,745.5923519585987,555907.9375,2.1456585536281527,24.702535843343142,577646.1809121028,1,33,1,1,1
6,8,8,payload,17,9,21375037,11,125000.0,4,6,0.4001075685456528,continuous,683.6220512639335,217.60365733055218,0.09459466570996178,0.0016403802461927549,0.12248112989523866,0|1|2|3,1|1|1|1,-0.4061812805450579|-0.15661179110722873|0.09459466570996178|0.3425256694993335,-2|-1|0|1,0.0016405098147431805|0.00164044444397313|0.0016403802461927549|0.0016405926433825217,0.09381871945494208|0.09338820889277127|0.09459466570996178|0.0925256694993335,0,941,941,235,49.46099853515625,-700.4003295898438,702.1445805997911,493006.9375,-1.5002951832141271,11.961907117382244,573160.9918683654,1,33,1,1,1
6,8,8,payload,18,10,21383229,11,125000.0,4,6,0.4001075685456528,continuous,723.8351131029883,230.40387246764348,0.09459466570996178,0.0016403802461927549,0.12412151014143141,0|1|2|3,1|1|1|1,-0.4061812805450579|-0.15661179110722873|0.09459466570996178|0.3425256694993335,-2|-1|0|1,0.0016405098147431805|0.00164044444397313|0.0016403802461927549|0.0016405926433825217,0.09381871945494208|0.09338820889277127|0.09459466570996178|0.0925256694993335,0,2017,-31,504,319.82159423828125,683.3231201171875,754.4642725986461,569216.25,1.1330431745477425,31.549502821068618,580748.3063128362,1,33,1,1,1
6,8,8,payload,19,11,21391421,11,125000.0,4,6,0.4001075685456528,continuous,764.0481749420433,243.20408760473478,0.09459466570996178,0.0016403802461927549,0.12576189038762417,0|1|2|3,1|1|1|1,-0.4061812805450579|-0.15661179110722873|0.09459466570996178|0.3425256694993335,-2|-1|0|1,0.0016405098147431805|0.00164044444397313|0.0016403802461927549|0.0016405926433825217,0.09381871945494208|0.09338820889277127|0.09459466570996178|0.0925256694993335,-1,9,9,2,639.1047973632812,404.4356994628906,756.3221383860176,572023.1875,0.5642000296432629,31.31812180484923,580015.8922834477,1,33,1,1,1
6,8,8,payload,20,12,21399612,11,125000.0,4,6,0.4001075685456528,continuous,804.2563279600729,256.00274021556424,0.09459466570996178,0.0016403802461927549,-0.12259772936618307,0|1|2|3,1|1|1|1,-0.4061812805450579|-0.15661179110722873|0.09459466570996178|0.3425256694993335,-2|-1|0|1,0.0016405098147431805|0.00164044444397313|0.0016403802461927549|0.0016405926433825217,0.09381871945494208|0.09338820889277127|0.09459466570996178|0.0925256694993335,0,1369,-679,342,-468.6403503417969,-564.4794311523438,733.6625969494122,538260.8125,-2.263692561548359,18.57000142511614,578132.3497688915,1,33,1,1,1
6,8,8,payload,21,13,21407804,11,125000.0,4,6,0.4001075685456528,continuous,844.4693897991278,268.80295535265554,0.09459466570996178,0.0016403802461927549,-0.12095734911999032,0|1|2|3,1|1|1|1,-0.4061812805450579|-0.15661179110722873|0.09459466570996178|0.3425256694993335,-2|-1|0|1,0.0016405098147431805|0.00164044444397313|0.0016403802461927549|0.0016405926433825217,0.09381871945494208|0.09338820889277127|0.09459466570996178|0.0925256694993335,0,1653,-395,413,-394.21484375,-603.5513305664062,720.8880299056965,519679.5,-2.1493889185888966,13.570833108278515,579759.3276729966,1,33,1,1,1
6,8,8,payload,22,14,21415996,11,125000.0,4,6,0.4001075685456528,continuous,884.6824516381827,281.60317048974684,0.09459466570996178,0.0016403802461927549,-0.11931696887379756,0|1|2|3,1|1|1|1,-0.4061812805450579|-0.15661179110722873|0.09459466570996178|0.3425256694993335,-2|-1|0|1,0.0016405098147431805|0.00164044444397313|0.0016403802461927549|0.0016405926433825217,0.09381871945494208|0.09338820889277127|0.09459466570996178|0.0925256694993335,0,2029,-19,507,-147.52005004882812,-666.894775390625,683.0159636565759,466510.75,-1.7884951268652214,9.976943474482416,575003.295298115,1,33,1,1,1
6,8,8,payload,23,15,21424188,11,125000.0,4,6,0.4001075685456528,continuous,924.8955134772376,294.40338562683814,0.09459466570996178,0.0016403802461927549,-0.1176765886276048,0|1|2|3,1|1|1|1,-0.4061812805450579|-0.15661179110722873|0.09459466570996178|0.3425256694993335,-2|-1|0|1,0.0016405098147431805|0.00164044444397313|0.0016403802461927549|0.0016405926433825217,0.09381871945494208|0.09338820889277127|0.09459466570996178|0.0925256694993335,0,169,169,42,-319.4382019042969,-618.22607421875,695.8766008997412,484244.21875,-2.0477155118792294,10.86067334648023,573919.3241637042,1,33,1,1,1
6,8,8,payload,24,16,21432380,11,125000.0,4,6,0.4001075685456528,continuous,965.1085753162926,307.20360076392944,0.09459466570996178,0.0016403802461927549,-0.11603620838141204,0|1|2|3,1|1|1|1,-0.4061812805450579|-0.15661179110722873|0.09459466570996178|0.3425256694993335,-2|-1|0|1,0.0016405098147431805|0.00164044444397313|0.0016403802461927549|0.0016405926433825217,0.09381871945494208|0.09338820889277127|0.09459466570996178|0.0925256694993335,0,333,333,83,-525.0721435546875,-477.6122131347656,709.7986912305511,503814.1875,-2.403492061539739,12.420048107224835,574344.7583145141,1,33,1,1,1
6,8,8,payload,25,17,21440572,11,125000.0,4,6,0.4001075685456528,continuous,1005.3216371553474,320.00381590102074,0.09459466570996178,0.0016403802461927549,-0.11439582813521929,0|1|2|3,1|1|1|1,-0.4061812805450579|-0.15661179110722873|0.09459466570996178|0.3425256694993335,-2|-1|0|1,0.0016405098147431805|0.00164044444397313|0.0016403802461927549|0.0016405926433825217,0.09381871945494208|0.09338820889277127|0.09459466570996178|0.0925256694993335,0,777,777,194,-262.32171630859375,-679.6482543945312,728.5152246512215,530734.375,-1.939146960878519,17.97929320449262,572273.6763290671,1,33,1,1,1
6,8,8,payload,26,18,21448764,11,125000.0,4,6,0.4001075685456528,continuous,1045.5346989944023,332.80403103811204,0.09459466570996178,0.0016403802461927549,-0.11275544788902653,0|1|2|3,1|1|1|1,-0.4061812805450579|-0.15661179110722873|0.09459466570996178|0.3425256694993335,-2|-1|0|1,0.0016405098147431805|0.00164044444397313|0.0016403802461927549|0.0016405926433825217,0.09381871945494208|0.09338820889277127|0.09459466570996178|0.0925256694993335,0,1649,-399,412,701.870361328125,-129.2530059814453,713.6724344306093,509328.34375,-0.18211470188841214,12.75652993690776,578348.5404500519,1,33,1,1,1
6,8,8,payload,27,19,21456956,11,125000.0,4,6,0.4001075685456528,continuous,1085.7477608334573,345.6042461752034,0.09459466570996178,0.0016403802461927549,-0.11111506764283377,0|1|2|3,1|1|1|1,-0.4061812805450579|-0.15661179110722873|0.09459466570996178|0.3425256694993335,-2|-1|0|1,0.0016405098147431805|0.00164044444397313|0.0016403802461927549|0.0016405926433825217,0.09381871945494208|0.09338820889277127|0.09459466570996178|0.0925256694993335,0,293,293,73,384.1321105957031,591.1123046875,704.9618678649771,496971.21875,0.9945292028354018,11.449760807765868,579691.737975558,1,33,1,1,1
6,8,8,payload,28,20,21465148,11,125000.0,4,6,0.4001075685456528,continuous,1125.9608226725122,358.4044613122947,0.09459466570996178,0.0016403802461927549,-0.10947468739664101,0|1|2|3,1|1|1|1,-0.4061812805450579|-0.15661179110722873|0.09459466570996178|0.3425256694993335,-2|-1|0|1,0.0016405098147431805|0.00164044444397313|0.0016403802461927549|0.0016405926433825217,0.09381871945494208|0.09338820889277127|0.09459466570996178|0.0925256694993335,0,1161,-887,290,-654.0904541015625,325.8780822753906,730.7741420262997,534030.8125,2.6793735658214164,16.013962734043957,578521.6980115843,1,33,1,1,1
6,8,8,payload,29,21,21473340,11,125000.0,4,6,0.4001075685456528,continuous,1166.1738845115672,371.204676449386,0.09459466570996178,0.0016403802461927549,-0.10783430715044826,0|1|2|3,1|1|1|1,-0.4061812805450579|-0.15661179110722873|0.09459466570996178|0.3425256694993335,-2|-1|0|1,0.0016405098147431805|0.00164044444397313|0.0016403802461927549|0.0016405926433825217,0.09381871945494208|0.09338820889277127|0.09459466570996178|0.0925256694993335,0,1309,-739,327,-388.3738708496094,620.4065551757812,731.9416351484514,535738.5625,2.130113687411601,17.381231285226132,586476.4264446163,1,33,1,1,1
6,8,8,payload,30,22,21481532,11,125000.0,4,6,0.4001075685456528,continuous,1206.3869463506219,384.00489158647724,0.09459466570996178,0.0016403802461927549,-0.1061939269042555,0|1|2|3,1|1|1|1,-0.4061812805450579|-0.15661179110722873|0.09459466570996178|0.3425256694993335,-2|-1|0|1,0.0016405098147431805|0.00164044444397313|0.0016403802461927549|0.0016405926433825217,0.09381871945494208|0.09338820889277127|0.09459466570996178|0.0925256694993335,0,1685,-363,421,-440.8210754394531,557.498046875,710.7230774507295,505127.3125,2.239848889845978,11.719833609136055,587179.5715066821,1,33,1,1,1
6,8,8,payload,31,23,21489724,11,125000.0,4,6,0.4001075685456528,continuous,1246.6000081896768,396.80510672356854,0.09459466570996178,0.0016403802461927549,-0.10455354665806274,0|1|2|3,1|1|1|1,-0.4061812805450579|-0.15661179110722873|0.09459466570996178|0.3425256694993335,-2|-1|0|1,0.0016405098147431805|0.00164044444397313|0.0016403802461927549|0.0016405926433825217,0.09381871945494208|0.09338820889277127|0.09459466570996178|0.0925256694993335,0,1833,-215,458,-44.795814514160156,691.9912109375,693.4396159816185,480858.4375,1.635440786504212,10.29223691572925,580395.9725136859,1,33,1,1,1
6,8,8,payload,32,24,21497916,11,125000.0,4,6,0.4001075685456528,continuous,1286.8130700287318,409.6053218606599,0.09459466570996178,0.0016403802461927549,-0.10291316641186998,0|1|2|3,1|1|1|1,-0.4061812805450579|-0.15661179110722873|0.09459466570996178|0.3425256694993335,-2|-1|0|1,0.0016405098147431805|0.00164044444397313|0.0016403802461927549|0.0016405926433825217,0.09381871945494208|0.09338820889277127|0.09459466570996178|0.0925256694993335,0,2009,-39,502,310.51580810546875,596.1529541015625,672.1743908893078,451818.40625,1.090595596756155,8.823696318593685,580002.7083404439,1,33,1,1,1
6,8,8,payload,33,25,21506108,11,125000.0,4,6,0.4001075685456528,continuous,1327.0261318677867,422.4055369977512,0.09459466570996178,0.0016403802461927549,-0.10127278616567723,0|1|2|3,1|1|1|1,-0.4061812805450579|-0.15661179110722873|0.09459466570996178|0.3425256694993335,-2|-1|0|1,0.0016405098147431805|0.00164044444397313|0.0016403802461927549|0.0016405926433825217,0.09381871945494208|0.09338820889277127|0.09459466570996178|0.0925256694993335,0,969,969,242,-718.43408203125,57.311378479003906,720.7163965994173,519432.1875,3.0619885928981354,14.888545060265276,572621.5665865906,1,33,1,1,1
6,8,8,payload,34,26,21514300,11,125000.0,4,6,0.4001075685456528,continuous,1367.2391937068417,435.2057521348425,0.09459466570996178,0.0016403802461927549,-0.09963240591948447,0|1|2|3,1|1|1|1,-0.4061812805450579|-0.15661179110722873|0.09459466570996178|0.3425256694993335,-2|-1|0|1,0.0016405098147431805|0.00164044444397313|0.0016403802461927549|0.0016405926433825217,0.09381871945494208|0.09338820889277127|0.09459466570996178|0.0925256694993335,0,1633,-415,408,-476.8505554199219,-510.25262451171875,698.3868505530335,487744.1875,-2.322368918973641,11.557281595796736,570990.2595356805,1,33,1,1,1
6,8,8,payload,35,27,21522492,11,125000.0,4,6,0.4001075685456528,continuous,1407.4522555458966,448.00596727193386,0.09459466570996178,0.0016403802461927549,-0.09799202567329171,0|1|2|3,1|1|1|1,-0.4061812805450579|-0.15661179110722873|0.09459466570996178|0.3425256694993335,-2|-1|0|1,0.0016405098147431805|0.00164044444397313|0.0016403802461927549|0.0016405926433825217,0.09381871945494208|0.09338820889277127|0.09459466570996178|0.0925256694993335,0,421,421,105,412.5952453613281,-568.2772216796875,702.2633673877339,493173.84375,-0.9428030370564321,11.650379156479826,575751.4671662069,1,33,1,1,1
6,8,8,payload,36,28,21530684,11,125000.0,4,6,0.4001075685456528,continuous,1447.6653173849515,460.80618240902515,0.09459466570996178,0.0016403802461927549,-0.09635164542709895,0|1|2|3,1|1|1|1,-0.4061812805450579|-0.15661179110722873|0.09459466570996178|0.3425256694993335,-2|-1|0|1,0.0016405098147431805|0.00164044444397313|0.0016403802461927549|0.0016405926433825217,0.09381871945494208|0.09338820889277127|0.09459466570996178|0.0925256694993335,0,385,385,96,-440.46917724609375,-547.47607421875,702.6685904079,493743.21875,-2.2483025161297165,11.12283415595529,583537.6665268986,1,33,1,1,1
6,8,8,payload,37,29,21538876,11,125000.0,4,6,0.4001075685456528,continuous,1487.8783792240063,473.6063975461164,0.09459466570996178,0.0016403802461927549,-0.0947112651809062,0|1|2|3,1|1|1|1,-0.4061812805450579|-0.15661179110722873|0.09459466570996178|0.3425256694993335,-2|-1|0|1,0.0016405098147431805|0.00164044444397313|0.0016403802461927549|0.0016405926433825217,0.09381871945494208|0.09338820889277127|0.09459466570996178|0.0925256694993335,0,677,677,169,-600.0767822265625,-383.41973876953125,712.1115366608526,507102.8125,-2.5730239065882063,14.110566157895652,574594.9253637596,1,33,1,1,1
6,8,8,payload,38,30,21547068,11,125000.0,4,6,0.4001075685456528,continuous,1528.0914410630612,486.4066126832077,0.09459466570996178,0.0016403802461927549,-0.09307088493471344,0|1|2|3,1|1|1|1,-0.4061812805450579|-0.15661179110722873|0.09459466570996178|0.3425256694993335,-2|-1|0|1,0.0016405098147431805|0.00164044444397313|0.0016403802461927549|0.0016405926433825217,0.09381871945494208|0.09338820889277127|0.09459466570996178|0.0925256694993335,0,857,857,214,-713.9874877929688,98.08393096923828,720.6931318108235,519398.65625,3.0050723114309377,15.362441324373515,583890.1246050783,1,33,1,1,1
6,8,8,payload,39,31,21555260,11,125000.0,4,6,0.4001075685456528,continuous,1568.3045029021162,499.206827820299,0.09459466570996178,0.0016403802461927549,-0.09143050468852068,0|1|2|3,1|1|1|1,-0.4061812805450579|-0.15661179110722873|0.09459466570996178|0.3425256694993335,-2|-1|0|1,0.0016405098147431805|0.00164044444397313|0.0016403802461927549|0.0016405926433825217,0.09381871945494208|0.09338820889277127|0.09459466570996178|0.0925256694993335,0,89,89,22,542.3082885742188,-389.4557800292969,667.6631519370574,445774.0625,-0.6228000468702966,8.253805197236106,584516.3437944688,1,33,1,1,1
6,8,8,payload,40,32,21563452,11,125000.0,4,6,0.4001075685456528,continuous,1608.517564741171,512.0070429573904,0.09459466570996178,0.0016403802461927549,-0.08979012444232792,0|1|2|3,1|1|1|1,-0.4061812805450579|-0.15661179110722873|0.09459466570996178|0.3425256694993335,-2|-1|0|1,0.0016405098147431805|0.00164044444397313|0.0016403802461927549|0.0016405926433825217,0.09381871945494208|0.09338820889277127|0.09459466570996178|0.0925256694993335,0,1609,-439,402,-642.9010009765625,276.0965576171875,699.6792166305406,489550.96875,2.7359552864523247,10.921373873031381,585576.9175158865,1,33,1,1,1
6,8,8,payload,41,33,21571644,11,125000.0,4,6,0.4001075685456528,continuous,1648.730626580226,524.8072580944817,0.09459466570996178,0.0016403802461927549,-0.08814974419613517,0|1|2|3,1|1|1|1,-0.4061812805450579|-0.15661179110722873|0.09459466570996178|0.3425256694993335,-2|-1|0|1,0.0016405098147431805|0.00164044444397313|0.0016403802461927549|0.0016405926433825217,0.09381871945494208|0.09338820889277127|0.09459466570996178|0.0925256694993335,0,321,321,80,-575.3762817382812,-378.5353088378906,688.728426612382,474346.875,-2.5596896201115937,9.693684960713128,586261.205196752,1,33,1,1,1
6,8,8,payload,42,34,21579836,11,125000.0,4,6,0.4001075685456528,continuous,1688.943688419281,537.607473231573,0.09459466570996178,0.0016403802461927549,-0.08650936394994241,0|1|2|3,1|1|1|1,-0.4061812805450579|-0.15661179110722873|0.09459466570996178|0.3425256694993335,-2|-1|0|1,0.0016405098147431805|0.00164044444397313|0.0016403802461927549|0.0016405926433825217,0.09381871945494208|0.09338820889277127|0.09459466570996178|0.0925256694993335,0,2033,-15,508,150.76832580566406,631.1130981445312,648.871967891842,421034.875,1.3362985813737214,7.521162121158953,575432.6373112701,1,33,1,1,1
6,8,8,payload,43,35,21588028,11,125000.0,4,6,0.4001075685456528,continuous,1729.1567502583357,550.4076883686643,0.09459466570996178,0.0016403802461927549,-0.08486898370374965,0|1|2|3,1|1|1|1,-0.4061812805450579|-0.15661179110722873|0.09459466570996178|0.3425256694993335,-2|-1|0|1,0.0016405098147431805|0.00164044444397313|0.0016403802461927549|0.0016405926433825217,0.09381871945494208|0.09338820889277127|0.09459466570996178|0.0925256694993335,0,1745,-303,436,400.6864318847656,-542.6650390625,674.5627927163264,455034.96875,-0.9347814374511776,9.25866297208292,571087.4531257241,1,33,1,1,1
6,8,8,payload,44,36,21596220,11,125000.0,4,6,0.4001075685456528,continuous,1769.3698120973906,563.2079035057556,0.09459466570996178,0.0016403802461927549,-0.0832286034575569,0|1|2|3,1|1|1|1,-0.4061812805450579|-0.15661179110722873|0.09459466570996178|0.3425256694993335,-2|-1|0|1,0.0016405098147431805|0.00164044444397313|0.0016403802461927549|0.0016405926433825217,0.09381871945494208|0.09338820889277127|0.09459466570996178|0.0925256694993335,0,681,681,170,547.4824829101562,427.8722229003906,694.8465357351874,482811.75,0.6633748461900154,12.401165559603282,564800.474319581,1,33,1,1,1
6,8,8,payload,45,37,21604412,11,125000.0,4,6,0.4001075685456528,continuous,1809.5828739364456,576.0081186428469,0.09459466570996178,0.0016403802461927549,-0.08158822321136414,0|1|2|3,1|1|1|1,-0.4061812805450579|-0.15661179110722873|0.09459466570996178|0.3425256694993335,-2|-1|0|1,0.0016405098147431805|0.00164044444397313|0.0016403802461927549|0.0016405926433825217,0.09381871945494208|0.09338820889277127|0.09459466570996178|0.0925256694993335,0,1065,-983,266,636.79150390625,288.1880187988281,698.96763417656,488555.78125,0.4249829417005937,12.94780473936832,570395.5468031887,1,33,1,1,1
6,8,8,payload,46,38,21612604,11,125000.0,4,6,0.4001075685456528,continuous,1849.7959357755005,588.8083337799382,0.09459466570996178,0.0016403802461927549,-0.07994784296517138,0|1|2|3,1|1|1|1,-0.4061812805450579|-0.15661179110722873|0.09459466570996178|0.3425256694993335,-2|-1|0|1,0.0016405098147431805|0.00164044444397313|0.0016403802461927549|0.0016405926433825217,0.09381871945494208|0.09338820889277127|0.09459466570996178|0.0925256694993335,0,77,77,19,-390.25225830078125,520.0387573242188,650.1823853567377,422737.1875,2.2145720542988063,7.521133387685697,577268.0907321706,1,33,1,1,1
6,8,8,payload,47,39,21620796,11,125000.0,4,6,0.4001075685456528,continuous,1890.0089976145555,601.6085489170295,0.09459466570996178,0.0016403802461927549,-0.07830746271897862,0|1|2|3,1|1|1|1,-0.4061812805450579|-0.15661179110722873|0.09459466570996178|0.3425256694993335,-2|-1|0|1,0.0016405098147431805|0.00164044444397313|0.0016403802461927549|0.0016405926433825217,0.09381871945494208|0.09338820889277127|0.09459466570996178|0.0925256694993335,0,1301,-747,325,-157.0551300048828,-677.073974609375,695.050703872881,483095.5,-1.7987269140869957,11.723093628751544,574762.9263139309,1,33,1,1,1
7,9,9,header,0,0,23736433,11,125000.0,4,6,0.4111420673960559,continuous,0.0,0.0,-0.058375447093319766,0.0016432084445858254,-0.058375447093319766,0|1|2|3,0|1|1|1,0.44060679713524464|-0.3079727359001899|-0.058375447093319766|0.191416585812627,2|-1|0|1,0.0016433652076430522|0.001643285270959529|0.0016432084445858254|0.001643474376945609,-0.05939320286475536|-0.05797273590018992|-0.058375447093319766|-0.058583414187373006,0,1745,-303,436,747.2728271484375,12.210922241210938,747.3725876806022,558565.8125,0.01633919384105427,23.220064860045145,571977.1415448822,1,33,1,1,1
7,9,9,header,1,1,23744625,11,125000.0,4,6,0.4111420673960559,continuous,40.282393640103855,12.822284134792111,-0.058375447093319766,0.0016432084445858254,-0.05673223864873394,0|1|2|3,0|1|1|1,0.44060679713524464|-0.3079727359001899|-0.058375447093319766|0.191416585812627,2|-1|0|1,0.0016433652076430522|0.001643285270959529|0.0016432084445858254|0.001643474376945609,-0.05939320286475536|-0.05797273590018992|-0.058375447093319766|-0.058583414187373006,0,1393,-655,348,256.1168212890625,-706.3653564453125,751.3639883128063,564547.875,-1.2229550408834229,26.089818143061486,575656.2482712732,1,33,1,1,1
7,9,9,header,2,2,23752817,11,125000.0,4,6,0.4111420673960559,continuous,80.56478728020771,25.644568269584223,-0.058375447093319766,0.0016432084445858254,-0.05508903020414811,0|1|2|3,0|1|1|1,0.44060679713524464|-0.3079727359001899|-0.058375447093319766|0.191416585812627,2|-1|0|1,0.0016433652076430522|0.001643285270959529|0.0016432084445858254|0.001643474376945609,-0.05939320286475536|-0.05797273590018992|-0.058375447093319766|-0.058583414187373006,0,61,61,15,529.6341552734375,522.06201171875,743.6807665336222,553061.0,0.7781983532696322,21.510489392312017,571200.6511261322,1,33,1,1,1
7,9,9,header,3,3,23761009,11,125000.0,4,6,0.4111420673960559,continuous,120.84718092031156,38.46685240437633,-0.058375447093319766,0.0016432084445858254,-0.053445821759562286,0|1|2|3,0|1|1|1,0.44060679713524464|-0.3079727359001899|-0.058375447093319766|0.191416585812627,2|-1|0|1,0.0016433652076430522|0.001643285270959529|0.0016432084445858254|0.001643474376945609,-0.05939320286475536|-0.05797273590018992|-0.058375447093319766|-0.058583414187373006,0,173,173,43,462.578369140625,585.426025390625,746.1249083105757,556702.4375,0.902086205433166,21.879174777918053,573146.5294128819,1,33,1,1,1
7,9,9,header,4,4,23769201,11,125000.0,4,6,0.4111420673960559,continuous,161.12957456041542,51.289136539168446,-0.058375447093319766,0.0016432084445858254,-0.05180261331497646,0|1|2|3,0|1|1|1,0.44060679713524464|-0.3079727359001899|-0.058375447093319766|0.191416585812627,2|-1|0|1,0.0016433652076430522|0.001643285270959529|0.0016432084445858254|0.001643474376945609,-0.05939320286475536|-0.05797273590018992|-0.058375447093319766|-0.058583414187373006,0,1741,-307,435,519.4595336914062,-538.3422241210938,748.0979597716727,559650.5625,-0.8032471459623974,22.362650819898363,573854.5039088773,1,33,1,1,1
7,9,9,header,5,5,23777393,11,125000.0,4,6,0.4111420673960559,continuous,201.41196820051928,64.11142067396057,-0.058375447093319766,0.0016432084445858254,-0.05015940487039063,0|1|2|3,0|1|1|1,0.44060679713524464|-0.3079727359001899|-0.058375447093319766|0.191416585812627,2|-1|0|1,0.0016433652076430522|0.001643285270959529|0.0016432084445858254|0.001643474376945609,-0.05939320286475536|-0.05797273590018992|-0.058375447093319766|-0.058583414187373006,0,1657,-391,414,175.28936767578125,-727.8170166015625,748.6280599035641,560443.9375,-1.3344547564602518,22.27639592711938,574728.2144091942,1,33,1,1,1
7,9,9,header,6,6,23785585,11,125000.0,4,6,0.4111420673960559,continuous,241.69436184062312,76.93370480875267,-0.058375447093319766,0.0016432084445858254,-0.048516196425804806,0|1|2|3,0|1|1|1,0.44060679713524464|-0.3079727359001899|-0.058375447093319766|0.191416585812627,2|-1|0|1,0.0016433652076430522|0.001643285270959529|0.0016432084445858254|0.001643474376945609,-0.05939320286475536|-0.05797273590018992|-0.058375447093319766|-0.058583414187373006,0,1445,-603,361,-500.7984313964844,-562.2288818359375,752.9278746730445,566900.375,-2.298470474551768,24.317406313774317,579451.6884840095,1,33,1,1,1
7,9,9,header,7,7,23793777,11,125000.0,4,6,0.4111420673960559,continuous,281.976755480727,89.75598894354478,-0.058375447093319766,0.0016432084445858254,-0.04687298798121898,0|1|2|3,0|1|1|1,0.44060679713524464|-0.3079727359001899|-0.058375447093319766|0.191416585812627,2|-1|0|1,0.0016433652076430522|0.001643285270959529|0.0016432084445858254|0.001643474376945609,-0.05939320286475536|-0.05797273590018992|-0.058375447093319766|-0.058583414187373006,0,697,697,174,170.92608642578125,732.2645263671875,751.9488437364573,565427.0625,1.3414810368729968,26.318336260405147,576891.6503808292,1,33,1,1,1
7,9,9,payload,8,0,23801969,11,125000.0,4,6,0.4111420673960559,continuous,322.25914912083084,102.57827307833689,-0.058375447093319766,0.0016432084445858254,-0.04522977953663315,0|1|2|3,0|1|1|1,0.44060679713524464|-0.3079727359001899|-0.058375447093319766|0.191416585812627,2|-1|0|1,0.0016433652076430522|0.001643285270959529|0.0016432084445858254|0.001643474376945609,-0.05939320286475536|-0.05797273590018992|-0.058375447093319766|-0.058583414187373006,0,1605,-443,401,-608.3041381835938,-433.2978515625,746.8473422995913,557780.9375,-2.5226561989556107,21.88160246498527,573217.1028537857,1,33,1,1,1
7,9,9,payload,9,1,23810161,11,125000.0,4,6,0.4111420673960559,continuous,362.5415427609347,115.400557213129,-0.058375447093319766,0.0016432084445858254,-0.043586571092047326,0|1|2|3,0|1|1|1,0.44060679713524464|-0.3079727359001899|-0.058375447093319766|0.191416585812627,2|-1|0|1,0.0016433652076430522|0.001643285270959529|0.0016432084445858254|0.001643474376945609,-0.05939320286475536|-0.05797273590018992|-0.058375447093319766|-0.058583414187373006,0,1421,-627,355,-703.5987548828125,252.8295440673828,747.6456287747322,558974.0,2.796623528379473,24.04288320975351,572208.3329293774,1,33,1,1,1
7,9,9,payload,10,2,23818353,11,125000.0,4,6,0.4111420673960559,continuous,402.82393640103857,128.22284134792113,-0.058375447093319766,0.0016432084445858254,-0.0419433626474615,0|1|2|3,0|1|1|1,0.44060679713524464|-0.3079727359001899|-0.058375447093319766|0.191416585812627,2|-1|0|1,0.0016433652076430522|0.001643285270959529|0.0016432084445858254|0.001643474376945609,-0.05939320286475536|-0.05797273590018992|-0.058375447093319766|-0.058583414187373006,0,1229,-819,307,-165.07835388183594,736.8372802734375,755.1026688610582,570180.125,1.7911933887670177,24.308906411635345,583552.3095731889,1,33,1,1,1
7,9,9,payload,11,3,23826545,11,125000.0,4,6,0.4111420673960559,continuous,443.1063300411424,141.04512548271325,-0.058375447093319766,0.0016432084445858254,-0.04030015420287567,0|1|2|3,0|1|1|1,0.44060679713524464|-0.3079727359001899|-0.058375447093319766|0.191416585812627,2|-1|0|1,0.0016433652076430522|0.001643285270959529|0.0016432084445858254|0.001643474376945609,-0.05939320286475536|-0.05797273590018992|-0.058375447093319766|-0.058583414187373006,0,1433,-615,358,-290.517822265625,695.2471923828125,753.5046539804149,567769.25,1.9666060617129637,22.734348520039504,583103.6596949655,1,33,1,1,1
7,9,9,payload,12,4,23834737,11,125000.0,4,6,0.4111420673960559,continuous,483.38872368124623,153.86740961750533,-0.058375447093319766,0.0016432084445858254,-0.038656945758289846,0|1|2|3,0|1|1|1,0.44060679713524464|-0.3079727359001899|-0.058375447093319766|0.191416585812627,2|-1|0|1,0.0016433652076430522|0.001643285270959529|0.0016432084445858254|0.001643474376945609,-0.05939320286475536|-0.05797273590018992|-0.058375447093319766|-0.058583414187373006,0,2005,-43,501,-738.5089111328125,-69.92146301269531,741.8115817459363,550284.5,-3.04719480745497,18.340855707103675,578905.7599449668,1,33,1,1,1
7,9,9,payload,13,5,23842929,11,125000.0,4,6,0.4111420673960559,continuous,523.6711173213502,166.68969375229747,-0.058375447093319766,0.0016432084445858254,-0.03701373731370402,0|1|2|3,0|1|1|1,0.44060679713524464|-0.3079727359001899|-0.058375447093319766|0.191416585812627,2|-1|0|1,0.0016433652076430522|0.001643285270959529|0.0016432084445858254|0.001643474376945609,-0.05939320286475536|-0.05797273590018992|-0.058375447093319766|-0.058583414187373006,0,1869,-179,467,-498.9195251464844,550.6408081054688,743.0518098513974,552126.0,2.3069553228734074,18.607724333610015,578326.400758653,1,33,1,1,1
7,9,9,payload,14,6,23851121,11,125000.0,4,6,0.4111420673960559,continuous,563.953510961454,179.51197788708956,-0.058375447093319766,0.0016432084445858254,-0.03537052886911819,0|1|2|3,0|1|1|1,0.44060679713524464|-0.3079727359001899|-0.058375447093319766|0.191416585812627,2|-1|0|1,0.0016433652076430522|0.001643285270959529|0.0016432084445858254|0.001643474376945609,-0.05939320286475536|-0.05797273590018992|-0.058375447093319766|-0.058583414187373006,0,353,353,88,-717.3453979492188,-183.16639709472656,740.3609585760084,548134.375,-2.891595212099343,19.213396799230388,571346.9899988425,1,33,1,1,1
7,9,9,payload,15,7,23859313,11,125000.0,4,6,0.4111420673960559,continuous,604.2359046015579,192.3342620218817,-0.058375447093319766,0.0016432084445858254,-0.033727320424532366,0|1|2|3,0|1|1|1,0.44060679713524464|-0.3079727359001899|-0.058375447093319766|0.191416585812627,2|-1|0|1,0.0016433652076430522|0.001643285270959529|0.0016432084445858254|0.001643474376945609,-0.05939320286475536|-0.05797273590018992|-0.058375447093319766|-0.058583414187373006,0,1825,-223,456,370.7635498046875,635.421875,735.6810240126414,541226.5625,1.0426035393817092,17.98294190029165,568900.8648322776,1,33,1,1,1
7,9,9,payload,16,8,23867505,11,125000.0,4,6,0.4111420673960559,continuous,644.5182982416617,205.15654615667378,-0.058375447093319766,0.0016432084445858254,-0.03208411197994654,0|1|2|3,0|1|1|1,0.44060679713524464|-0.3079727359001899|-0.058375447093319766|0.191416585812627,2|-1|0|1,0.0016433652076430522|0.001643285270959529|0.0016432084445858254|0.001643474376945609,-0.05939320286475536|-0.05797273590018992|-0.058375447093319766|-0.058583414187373006,0,1921,-127,480,554.2263793945312,484.2417297363281,735.9734590559648,541656.9375,0.7181077123310199,17.270632182612584,574321.5744481296,1,33,1,1,1
7,9,9,payload,17,9,23875697,11,125000.0,4,6,0.4111420673960559,continuous,684.8006918817655,217.9788302914659,-0.058375447093319766,0.0016432084445858254,-0.030440903535360712,0|1|2|3,0|1|1|1,0.44060679713524464|-0.3079727359001899|-0.058375447093319766|0.191416585812627,2|-1|0|1,0.0016433652076430522|0.001643285270959529|0.0016432084445858254|0.001643474376945609,-0.05939320286475536|-0.05797273590018992|-0.058375447093319766|-0.058583414187373006,0,941,941,235,-727.7845458984375,-147.9234161376953,742.6652558794175,551551.75,-2.941072462892313,19.70911413591283,576230.1351732991,1,33,1,1,1
7,9,9,payload,18,10,23883889,11,125000.0,4,6,0.4111420673960559,continuous,725.0830855218694,230.801114426258,-0.058375447093319766,0.0016432084445858254,-0.028797695090774886,0|1|2|3,0|1|1|1,0.44060679713524464|-0.3079727359001899|-0.058375447093319766|0.191416585812627,2|-1|0|1,0.0016433652076430522|0.001643285270959529|0.0016432084445858254|0.001643474376945609,-0.05939320286475536|-0.05797273590018992|-0.058375447093319766|-0.058583414187373006,0,2017,-31,504,695.0391235351562,-233.0687255859375,733.0759947582319,537400.375,-0.3235481015139082,16.329462143781647,577662.9682515718,1,33,1,1,1
7,9,9,payload,19,11,23892081,11,125000.0,4,6,0.4111420673960559,continuous,765.3654791619732,243.62339856105012,-0.058375447093319766,0.0016432084445858254,-0.02715448664618906,0|1|2|3,0|1|1|1,0.44060679713524464|-0.3079727359001899|-0.058375447093319766|0.191416585812627,2|-1|0|1,0.0016433652076430522|0.001643285270959529|0.0016432084445858254|0.001643474376945609,-0.05939320286475536|-0.05797273590018992|-0.058375447093319766|-0.058583414187373006,0,9,9,2,447.3583068847656,-585.6096801757812,736.9315790861353,543068.25,-0.918446469100766,16.28202812398248,584478.6889360087,1,33,1,1,1
7,9,9,payload,20,12,23900273,11,125000.0,4,6,0.4111420673960559,continuous,805.6478728020771,256.44568269584227,-0.058375447093319766,0.0016432084445858254,-0.025511278201603232,0|1|2|3,0|1|1|1,0.44060679713524464|-0.3079727359001899|-0.058375447093319766|0.191416585812627,2|-1|0|1,0.0016433652076430522|0.001643285270959529|0.0016432084445858254|0.001643474376945609,-0.05939320286475536|-0.05797273590018992|-0.058375447093319766|-0.058583414187373006,0,1369,-679,342,-602.2731323242188,437.70037841796875,744.5230333487735,554314.625,2.513140104784895,17.804655626955455,584873.0571956331,1,33,1,1,1
7,9,9,payload,21,13,23908465,11,125000.0,4,6,0.4111420673960559,continuous,845.9302664421809,269.26796683063435,-0.058375447093319766,0.0016432084445858254,-0.023868069757017406,0|1|2|3,0|1|1|1,0.44060679713524464|-0.3079727359001899|-0.058375447093319766|0.191416585812627,2|-1|0|1,0.0016433652076430522|0.001643285270959529|0.0016432084445858254|0.001643474376945609,-0.05939320286475536|-0.05797273590018992|-0.058375447093319766|-0.058583414187373006,0,1653,-395,413,-640.2540283203125,378.18780517578125,743.6069101104845,552951.1875,2.6080513206625944,16.764870670191677,588462.9172668554,1,33,1,1,1
7,9,9,payload,22,14,23916657,11,125000.0,4,6,0.4111420673960559,continuous,886.2126600822849,282.0902509654265,-0.058375447093319766,0.0016432084445858254,-0.02222486131243158,0|1|2|3,0|1|1|1,0.44060679713524464|-0.3079727359001899|-0.058375447093319766|0.191416585812627,2|-1|0|1,0.0016433652076430522|0.001643285270959529|0.0016432084445858254|0.001643474376945609,-0.05939320286475536|-0.05797273590018992|-0.058375447093319766|-0.058583414187373006,0,2029,-19,507,-722.923095703125,131.4785614013672,734.7818821998558,539904.375,2.9616882739005614,15.663294322266914,585971.580229209,1,33,1,1,1
7,9,9,payload,23,15,23924849,11,125000.0,4,6,0.4111420673960559,continuous,926.4950537223887,294.9125351002186,-0.058375447093319766,0.0016432084445858254,-0.020581652867845752,0|1|2|3,0|1|1|1,0.44060679713524464|-0.3079727359001899|-0.058375447093319766|0.191416585812627,2|-1|0|1,0.0016433652076430522|0.001643285270959529|0.0016432084445858254|0.001643474376945609,-0.05939320286475536|-0.05797273590018992|-0.058375447093319766|-0.058583414187373006,0,169,169,42,-663.734130859375,301.8500061035156,729.1477371920881,531656.375,2.7147745417590814,15.744822089372946,574763.4571809935,1,33,1,1,1
7,9,9,payload,24,16,23933041,11,125000.0,4,6,0.4111420673960559,continuous,966.7774473624925,307.73481923501066,-0.058375447093319766,0.0016432084445858254,-0.018938444423259926,0|1|2|3,0|1|1|1,0.44060679713524464|-0.3079727359001899|-0.058375447093319766|0.191416585812627,2|-1|0|1,0.0016433652076430522|0.001643285270959529|0.0016432084445858254|0.001643474376945609,-0.05939320286475536|-0.05797273590018992|-0.058375447093319766|-0.058583414187373006,0,333,333,83,-514.5809326171875,522.7890625,733.5543197901593,538101.9375,2.3482822133449948,15.623878181661112,580450.0344722718,1,33,1,1,1
7,9,9,payload,25,17,23941233,11,125000.0,4,6,0.4111420673960559,continuous,1007.0598410025964,320.5571033698028,-0.058375447093319766,0.0016432084445858254,-0.0172952359786741,0|1|2|3,0|1|1|1,0.44060679713524464|-0.3079727359001899|-0.058375447093319766|0.191416585812627,2|-1|0|1,0.0016433652076430522|0.001643285270959529|0.0016432084445858254|0.001643474376945609,-0.05939320286475536|-0.05797273590018992|-0.058375447093319766|-0.058583414187373006,0,777,777,194,-694.5350952148438,234.0984649658203,732.9263876982773,537181.125,2.8164938409523197,15.696852762254036,578619.5569334275,1,33,1,1,1
7,9,9,payload,26,18,23949425,11,125000.0,4,6,0.4111420673960559,continuous,1047.3422346427003,333.37938750459494,-0.058375447093319766,0.0016432084445858254,-0.015652027534088273,0|1|2|3,0|1|1|1,0.44060679713524464|-0.3079727359001899|-0.058375447093319766|0.191416585812627,2|-1|0|1,0.0016433652076430522|0.001643285270959529|0.0016432084445858254|0.001643474376945609,-0.05939320286475536|-0.05797273590018992|-0.058375447093319766|-0.058583414187373006,0,1649,-399,412,-105.5326156616211,-719.7221069335938,727.4180669857703,529137.0625,-1.7163884904444477,14.989573338903924,575676.209330169,1,33,1,1,1
7,9,9,payload,27,19,23957617,11,125000.0,4,6,0.4111420673960559,continuous,1087.624628282804,346.201671639387,-0.058375447093319766,0.0016432084445858254,-0.014008819089502448,0|1|2|3,0|1|1|1,0.44060679713524464|-0.3079727359001899|-0.058375447093319766|0.191416585812627,2|-1|0|1,0.0016433652076430522|0.001643285270959529|0.0016432084445858254|0.001643474376945609,-0.05939320286475536|-0.05797273590018992|-0.058375447093319766|-0.058583414187373006,0,293,293,73,615.6522216796875,-384.7544250488281,725.9914776729747,527063.5625,-0.5585663604099051,14.571879638771483,578021.0771367105,1,33,1,1,1
7,9,9,payload,28,20,23965809,11,125000.0,4,6,0.4111420673960559,continuous,1127.907021922908,359.0239557741791,-0.058375447093319766,0.0016432084445858254,-0.012365610644916623,0|1|2|3,0|1|1|1,0.44060679713524464|-0.3079727359001899|-0.058375447093319766|0.191416585812627,2|-1|0|1,0.0016433652076430522|0.001643285270959529|0.0016432084445858254|0.001643474376945609,-0.05939320286475536|-0.05797273590018992|-0.058375447093319766|-0.058583414187373006,0,1161,-887,290,320.141357421875,650.589111328125,725.0908084582511,525756.6875,1.1135054273479539,14.163912713803285,578114.5192945946,1,33,1,1,1
7,9,9,payload,29,21,23974001,11,125000.0,4,6,0.4111420673960559,continuous,1168.1894155630118,371.84623990897126,-0.058375447093319766,0.0016432084445858254,-0.010722402200330798,0|1|2|3,0|1|1|1,0.44060679713524464|-0.3079727359001899|-0.058375447093319766|0.191416585812627,2|-1|0|1,0.0016433652076430522|0.001643285270959529|0.0016432084445858254|0.001643474376945609,-0.05939320286475536|-0.05797273590018992|-0.058375447093319766|-0.058583414187373006,0,1309,-739,327,615.9782104492188,370.77825927734375,718.9615242145849,516905.71875,0.5418403829405187,14.04757274404501,569457.517373194,1,33,1,1,1
7,9,9,payload,30,22,23982193,11,125000.0,4,6,0.4111420673960559,continuous,1208.4718092031158,384.6685240437634,-0.058375447093319766,0.0016432084445858254,-0.009079193755744973,0|1|2|3,0|1|1|1,0.44060679713524464|-0.3079727359001899|-0.058375447093319766|0.191416585812627,2|-1|0|1,0.0016433652076430522|0.001643285270959529|0.0016432084445858254|0.001643474376945609,-0.05939320286475536|-0.05797273590018992|-0.058375447093319766|-0.058583414187373006,0,1685,-363,421,573.9758911132812,425.8468933105469,714.698467972004,510793.84375,0.6383128555352332,13.709279050288785,568134.9860300727,1,33,1,1,1
7,9,9,payload,31,23,23990385,11,125000.0,4,6,0.4111420673960559,continuous,1248.7542028432194,397.4908081785554,-0.058375447093319766,0.0016432084445858254,-0.007435985311159148,0|1|2|3,0|1|1|1,0.44060679713524464|-0.3079727359001899|-0.058375447093319766|0.191416585812627,2|-1|0|1,0.0016433652076430522|0.001643285270959529|0.0016432084445858254|0.001643474376945609,-0.05939320286475536|-0.05797273590018992|-0.058375447093319766|-0.058583414187373006,0,1833,-215,458,716.6402587890625,-0.2986478805541992,716.6403210173224,513573.25,-0.00041673330461568676,13.600388658758702,574380.7421556946,1,33,1,1,1
7,9,9,payload,32,24,23998577,11,125000.0,4,6,0.4111420673960559,continuous,1289.0365964833234,410.31309231334757,-0.058375447093319766,0.0016432084445858254,-0.005792776866573323,0|1|2|3,0|1|1|1,0.44060679713524464|-0.3079727359001899|-0.058375447093319766|0.191416585812627,2|-1|0|1,0.0016433652076430522|0.001643285270959529|0.0016432084445858254|0.001643474376945609,-0.05939320286475536|-0.05797273590018992|-0.058375447093319766|-0.058583414187373006,0,2009,-39,502,597.4735107421875,-389.6882019042969,713.3242535775711,508831.53125,-0.5779390010732519,13.285215782411829,574385.9682444104,1,33,1,1,1
7,9,9,payload,33,25,24006769,11,125000.0,4,6,0.4111420673960559,continuous,1329.3189901234273,423.1353764481397,-0.058375447093319766,0.0016432084445858254,-0.004149568421987498,0|1|2|3,0|1|1|1,0.44060679713524464|-0.3079727359001899|-0.058375447093319766|0.191416585812627,2|-1|0|1,0.0016433652076430522|0.001643285270959529|0.0016432084445858254|0.001643474376945609,-0.05939320286475536|-0.05797273590018992|-0.058375447093319766|-0.058583414187373006,0,969,969,242,152.87266540527344,697.2011108398438,713.7642753629693,509459.4375,1.354946015973253,12.285791886296877,580722.5688855434,1,33,1,1,1
7,9,9,payload,34,26,24014961,11,125000.0,4,6,0.4111420673960559,continuous,1369.601383763531,435.9576605829318,-0.058375447093319766,0.0016432084445858254,-0.0025063599774016727,0|1|2|3,0|1|1|1,0.44060679713524464|-0.3079727359001899|-0.058375447093319766|0.191416585812627,2|-1|0|1,0.0016433652076430522|0.001643285270959529|0.0016432084445858254|0.001643474376945609,-0.05939320286475536|-0.05797273590018992|-0.058375447093319766|-0.058583414187373006,0,1633,-415,408,-435.1119689941406,570.2661743164062,717.3046320298147,514525.9375,2.222564408761441,12.895167124630976,583821.3517102939,1,33,1,1,1
7,9,9,payload,35,27,24023153,11,125000.0,4,6,0.4111420673960559,continuous,1409.883777403635,448.7799447177239,-0.058375447093319766,0.0016432084445858254,-0.0008631515328158474,0|1|2|3,0|1|1|1,0.44060679713524464|-0.3079727359001899|-0.058375447093319766|0.191416585812627,2|-1|0|1,0.0016433652076430522|0.001643285270959529|0.0016432084445858254|0.001643474376945609,-0.05939320286475536|-0.05797273590018992|-0.058375447093319766|-0.058583414187373006,0,421,421,105,-643.1351318359375,-312.3070983886719,714.9535100309532,511158.5,-2.689530412216166,12.820929666742613,581055.5377446238,1,33,1,1,1
7,9,9,payload,36,28,24031345,11,125000.0,4,6,0.4111420673960559,continuous,1450.1661710437388,461.602228852516,-0.058375447093319766,0.0016432084445858254,0.000780056911769978,0|1|2|3,0|1|1|1,0.44060679713524464|-0.3079727359001899|-0.058375447093319766|0.191416585812627,2|-1|0|1,0.0016433652076430522|0.001643285270959529|0.0016432084445858254|0.001643474376945609,-0.05939320286475536|-0.05797273590018992|-0.058375447093319766|-0.058583414187373006,0,385,385,96,-447.18328857421875,544.8574829101562,704.8706053335209,496842.5625,2.2580529579993507,12.477639061314896,570073.6201664791,1,33,1,1,1
7,9,9,payload,37,29,24039537,11,125000.0,4,6,0.4111420673960559,continuous,1490.4485646838427,474.42451298730816,-0.058375447093319766,0.0016432084445858254,0.0024232653563558033,0|1|2|3,0|1|1|1,0.44060679713524464|-0.3079727359001899|-0.058375447093319766|0.191416585812627,2|-1|0|1,0.0016433652076430522|0.001643285270959529|0.0016432084445858254|0.001643474376945609,-0.05939320286475536|-0.05797273590018992|-0.058375447093319766|-0.058583414187373006,0,677,677,169,-228.64401245117188,670.7406005859375,708.6402738372664,502171.09375,1.8993260484010936,11.72230786821195,580683.5956259391,1,33,1,1,1
7,9,9,payload,38,30,24047729,11,125000.0,4,6,0.4111420673960559,continuous,1530.7309583239464,487.24679712210025,-0.058375447093319766,0.0016432084445858254,0.004066473800941628,0|1|2|3,0|1|1|1,0.44060679713524464|-0.3079727359001899|-0.058375447093319766|0.191416585812627,2|-1|0|1,0.0016433652076430522|0.001643285270959529|0.0016432084445858254|0.001643474376945609,-0.05939320286475536|-0.05797273590018992|-0.058375447093319766|-0.058583414187373006,0,857,857,214,273.8040771484375,644.4387817382812,700.1928420595483,490269.96875,1.169033992304907,11.113533917378577,575740.8843541511,1,33,1,1,1
7,9,9,payload,39,31,24055921,11,125000.0,4,6,0.4111420673960559,continuous,1571.0133519640503,500.06908125689233,-0.058375447093319766,0.0016432084445858254,0.005709682245527453,0|1|2|3,0|1|1|1,0.44060679713524464|-0.3079727359001899|-0.058375447093319766|0.191416585812627,2|-1|0|1,0.0016433652076430522|0.001643285270959529|0.0016432084445858254|0.001643474376945609,-0.05939320286475536|-0.05797273590018992|-0.058375447093319766|-0.058583414187373006,0,89,89,22,-562.0284423828125,-427.0453796386719,705.8638157024255,498243.65625,-2.491830751916058,12.230894480543986,576818.4732875287,1,33,1,1,1
7,9,9,payload,40,32,24064113,11,125000.0,4,6,0.4111420673960559,continuous,1611.2957456041543,512.8913653916845,-0.058375447093319766,0.0016432084445858254,0.007352890690113278,0|1|2|3,0|1|1|1,0.44060679713524464|-0.3079727359001899|-0.058375447093319766|0.191416585812627,2|-1|0|1,0.0016433652076430522|0.001643285270959529|0.0016432084445858254|0.001643474376945609,-0.05939320286475536|-0.05797273590018992|-0.058375447093319766|-0.058583414187373006,0,1973,-75,493,-250.60267639160156,659.9586791992188,705.9370791118788,498347.25,1.9337028379862506,11.861058421760166,581894.5869590056,1,33,1,1,1
7,9,9,payload,41,33,24072305,11,125000.0,4,6,0.4111420673960559,continuous,1651.578139244258,525.7136495264765,-0.058375447093319766,0.0016432084445858254,0.008996099134699103,0|1|2|3,0|1|1|1,0.44060679713524464|-0.3079727359001899|-0.058375447093319766|0.191416585812627,2|-1|0|1,0.0016433652076430522|0.001643285270959529|0.0016432084445858254|0.001643474376945609,-0.05939320286475536|-0.05797273590018992|-0.058375447093319766|-0.058583414187373006,0,321,321,80,-149.2053680419922,689.7717895507812,705.7247080219266,498047.3125,1.7838254225119696,11.396056237751813,587469.5214405579,1,33,1,1,1
7,9,9,payload,42,34,24080497,11,125000.0,4,6,0.4111420673960559,continuous,1691.8605328843619,538.5359336612687,-0.058375447093319766,0.0016432084445858254,0.010639307579284928,0|1|2|3,0|1|1|1,0.44060679713524464|-0.3079727359001899|-0.058375447093319766|0.191416585812627,2|-1|0|1,0.0016433652076430522|0.001643285270959529|0.0016432084445858254|0.001643474376945609,-0.05939320286475536|-0.05797273590018992|-0.058375447093319766|-0.058583414187373006,0,1933,-115,483,400.4733581542969,-574.1301879882812,700.0031309578828,490004.4375,-0.961729620397048,11.405408017738736,578784.8383401838,1,33,1,1,1
7,9,9,payload,43,35,24088689,11,125000.0,4,6,0.4111420673960559,continuous,1732.1429265244658,551.3582177960608,-0.058375447093319766,0.0016432084445858254,0.012282516023870753,0|1|2|3,0|1|1|1,0.44060679713524464|-0.3079727359001899|-0.058375447093319766|0.191416585812627,2|-1|0|1,0.0016433652076430522|0.001643285270959529|0.0016432084445858254|0.001643474376945609,-0.05939320286475536|-0.05797273590018992|-0.058375447093319766|-0.058583414187373006,0,1753,-295,438,-679.667724609375,-128.943359375,691.790868545253,478574.625,-2.9541055116411794,10.965562649297633,571674.4916804723,1,33,1,1,1
7,9,9,payload,44,36,24096881,11,125000.0,4,6,0.4111420673960559,continuous,1772.4253201645697,564.180501930853,-0.058375447093319766,0.0016432084445858254,0.013925724468456578,0|1|2|3,0|1|1|1,0.44060679713524464|-0.3079727359001899|-0.058375447093319766|0.191416585812627,2|-1|0|1,0.0016433652076430522|0.001643285270959529|0.0016432084445858254|0.001643474376945609,-0.05939320286475536|-0.05797273590018992|-0.058375447093319766|-0.058583414187373006,0,1365,-683,341,526.6420288085938,434.7087707519531,682.8788632519722,466323.59375,0.6900588304477367,9.92966172729152,569331.8023534911,1,33,1,1,1
7,9,9,payload,45,37,24105073,11,125000.0,4,6,0.4111420673960559,continuous,1812.7077138046734,577.002786065645,-0.058375447093319766,0.0016432084445858254,0.015568932913042403,0|1|2|3,0|1|1|1,0.44060679713524464|-0.3079727359001899|-0.058375447093319766|0.191416585812627,2|-1|0|1,0.0016433652076430522|0.001643285270959529|0.0016432084445858254|0.001643474376945609,-0.05939320286475536|-0.05797273590018992|-0.058375447093319766|-0.058583414187373006,0,977,977,244,-268.9488830566406,-615.5321044921875,671.7241050892812,451213.28125,-1.9827342998481807,8.973876660602917,568118.7457272346,1,33,1,1,1
7,9,9,payload,46,38,24113265,11,125000.0,4,6,0.4111420673960559,continuous,1852.9901074447773,589.8250702004372,-0.058375447093319766,0.0016432084445858254,0.01721214135762823,0|1|2|3,0|1|1|1,0.44060679713524464|-0.3079727359001899|-0.058375447093319766|0.191416585812627,2|-1|0|1,0.0016433652076430522|0.001643285270959529|0.0016432084445858254|0.001643474376945609,-0.05939320286475536|-0.05797273590018992|-0.058375447093319766|-0.058583414187373006,0,433,433,108,288.2019348144531,626.00439453125,689.160255095454,474941.8125,1.1393413186015056,10.144481219621554,581099.1333502413,1,33,1,1,1
7,9,9,payload,47,39,24121457,11,125000.0,4,6,0.4111420673960559,continuous,1893.2725010848812,602.6473543352292,-0.058375447093319766,0.0016432084445858254,0.018855349802214056,0|1|2|3,0|1|1|1,0.44060679713524464|-0.3079727359001899|-0.058375447093319766|0.191416585812627,2|-1|0|1,0.0016433652076430522|0.001643285270959529|0.0016432084445858254|0.001643474376945609,-0.05939320286475536|-0.05797273590018992|-0.058375447093319766|-0.058583414187373006,0,1557,-491,389,-682.4756469726562,58.88622283935547,685.0113838112707,469240.625,3.055522564000428,9.80455207824642,580557.3142499859,1,33,1,1,1
