packet_index,payload_symbol_index,gt_bin,bank_kind,pattern_count,savaux_selected_bin,savaux_ok,savaux_gt_rank,savaux_gt_power,savaux_gt_margin_db,savaux_gt_floor_db,plain_coherent_selected_bin,plain_coherent_ok,plain_coherent_gt_rank,plain_coherent_gt_power,plain_coherent_gt_margin_db,plain_coherent_gt_floor_db,lora_coherent_selected_bin,lora_coherent_ok,lora_coherent_gt_rank,lora_coherent_gt_power,lora_coherent_gt_margin_db,lora_coherent_gt_floor_db,lora_mean_power_selected_bin,lora_mean_power_ok,lora_mean_power_gt_rank,lora_mean_power_gt_power,lora_mean_power_gt_margin_db,lora_mean_power_gt_floor_db,lora_best_power_selected_bin,lora_best_power_ok,lora_best_power_gt_rank,lora_best_power_gt_power,lora_best_power_gt_margin_db,lora_best_power_gt_floor_db,lora_stable_power_selected_bin,lora_stable_power_ok,lora_stable_power_gt_rank,lora_stable_power_gt_power,lora_stable_power_gt_margin_db,lora_stable_power_gt_floor_db,lora_adaptive_gls_selected_bin,lora_adaptive_gls_ok,lora_adaptive_gls_gt_rank,lora_adaptive_gls_gt_power,lora_adaptive_gls_gt_margin_db,lora_adaptive_gls_gt_floor_db,lora_offpacket_gls_selected_bin,lora_offpacket_gls_ok,lora_offpacket_gls_gt_rank,lora_offpacket_gls_gt_power,lora_offpacket_gls_gt_margin_db,lora_offpacket_gls_gt_floor_db,dataset,snr_db,seed,noise_mode,covariance_source,white_effective_replicas,empirical_effective_replicas,cross_validated_effective_replicas
1,0,222,multiscale_only_diverse16,16,222,True,1,0.7324391971456521,18.251611100435277,40.876284222027614,222,True,1,0.02200555936699312,7.2560074623180295,37.791329194413215,222,True,1,0.04581167796067618,18.28549536979691,40.74189666230101,222,True,1,0.04582294741655302,13.588700955496808,34.03991578072917,222,True,1,0.04710683860028095,8.526903115923984,29.031826927927415,222,True,1,0.732259064882669,18.321076316648533,47.817268755147914,222,True,1,7228.04524094289,18.32497802100669,40.871294426323416,222,True,1,15.219016443820813,18.376105710593617,40.49998036979091,0_0_0_10_14_16,-23.0,42,offpacket_bootstrap,offpacket,4.0,4.234519157567713,4.598837474110578
1,1,826,multiscale_only_diverse16,16,826,True,1,0.6725193482901801,20.287419690217806,40.173705157388326,826,True,1,0.025611580898229697,9.57440185971232,38.306292789521855,826,True,1,0.04198527926201327,20.115960010069976,40.146823628023725,826,True,1,0.041995145179290434,13.083983628362954,33.16272596742057,826,True,1,0.04339105144838906,7.753550503646887,28.162884922160636,826,True,1,0.6723613533545942,20.422519154303487,47.33545734472066,826,True,1,6749.194675104083,20.30270466091008,40.3638818707877,826,True,1,13.957109468275721,20.332812507487745,40.12297342788451,0_0_0_10_14_16,-23.0,42,offpacket_bootstrap,offpacket,4.0,4.234519157567713,4.598837474110578
1,2,922,multiscale_only_diverse16,16,922,True,1,0.8157760012935888,18.51850218383175,42.876862552051676,922,True,1,0.04419450558230738,14.474476419648463,42.93227416022112,922,True,1,0.05105955024026896,18.573538999079084,42.6065177871402,922,True,1,0.05106591796572163,13.119129033917066,35.758786362107784,922,True,1,0.05229507146536695,7.816152091485307,30.54473281979933,922,True,1,0.8156742771336394,18.564256027213037,50.019449536867874,922,True,1,9909.245479064306,18.53186848680782,42.877885316074185,922,True,1,16.924324585625012,18.455406899978403,42.55225745081371,0_0_0_10_14_16,-23.0,42,offpacket_bootstrap,offpacket,4.0,4.234519157567713,4.598837474110578
1,3,718,multiscale_only_diverse16,16,355,False,9,0.7217465601684694,-2.1407094611886985,8.44283429327688,626,False,155,0.017537517408098433,-6.2430036015178905,4.215880950098551,355,False,11,0.04457549879136507,-1.734861724289355,8.284004602183515,420,False,12,0.06878989582258455,-0.9319974847802053,3.2417128629952066,260,False,216,0.13641268121881137,-3.3824760259315543,1.261626755598789,355,False,8,0.467688059935962,-3.064660161981983,13.402293085827656,355,False,7,5.26034206915462,-1.6231383326268234,8.532192573681595,355,False,13,13.587988605109556,-2.0853741175582567,7.73772878418643,0_0_0_10_14_16,-23.0,42,offpacket_bootstrap,offpacket,4.0,4.234519157567713,4.598837474110578
1,4,107,multiscale_only_diverse16,16,337,False,27,0.6118063159793543,-23.74639427782362,10.445790296635973,338,False,33,0.027503792967896554,-23.14320831749481,9.044728155818296,337,False,24,0.04143941932324786,-23.398499261735086,10.416719812833984,337,False,64,0.05906986365776002,-21.865587688743528,5.127937069411641,337,False,117,0.13334114059287136,-18.763064852577383,3.673756743412788,337,False,28,0.4292019128293574,-25.279305850815174,15.928140802187588,337,False,27,5.727921685604426,-24.03079901344689,10.316386316040235,337,False,24,14.25276751695869,-23.305564681433033,10.54501202989061,0_0_0_10_14_16,-23.0,42,offpacket_bootstrap,offpacket,4.0,4.234519157567713,4.598837474110578
1,5,468,multiscale_only_diverse16,16,337,False,10,0.9976499790379059,-12.263674286094417,20.58302446161019,338,False,38,0.007733907562942599,-19.58280845195357,11.000354772368489,337,False,10,0.06227596847356155,-12.251887825214245,20.33138070263933,337,False,10,0.0673223069582978,-11.920110666308245,13.60858082390028,337,False,12,0.12811790501200876,-9.382399997151866,11.36140632417839,337,False,10,0.9228682356458701,-12.595451445000416,27.4886984393352,337,False,10,47.90621751685704,-12.7691198252635,20.458635793541905,337,False,10,21.591481269513086,-12.079672376546611,20.584803941651945,0_0_0_10_14_16,-23.0,42,offpacket_bootstrap,offpacket,4.0,4.234519157567713,4.598837474110578
1,6,89,multiscale_only_diverse16,16,128,False,17,1.142521447495767,-23.033694394421964,19.44400497826298,128,False,18,0.0697117727087824,-22.19873051325013,19.995871546074465,128,False,17,0.06966762408358944,-23.153026624203754,18.93218455788429,128,False,54,0.07299650881989073,-22.95114990078797,12.227947096926064,128,False,109,0.11281417694359444,-21.226920056866824,8.859434142609203,128,False,17,1.0904186514997323,-23.23557111783775,26.693792780964106,128,False,17,24.50580136302496,-23.131079190707098,19.28959707349865,128,False,17,23.45851859966295,-23.095881635878058,18.861844255189514,0_0_0_10_14_16,-23.0,42,offpacket_bootstrap,offpacket,4.0,4.234519157567713,4.598837474110578
1,7,713,multiscale_only_diverse16,16,128,False,15,0.7041678401858462,-14.776771947801404,25.807676909417488,128,False,26,0.015285793413715897,-19.01255671717476,20.491395663877864,128,False,15,0.04452735465209704,-14.703962606262728,25.3658763824132,128,False,33,0.04499513017777447,-14.66115512416559,14.679473044945555,128,False,65,0.05914494327868851,-13.721116024237109,10.328794209115,128,False,15,0.696847215035821,-14.819579429898543,37.08750274225859,128,False,15,52.04200571897356,-14.812115864997113,25.861539603731085,128,False,15,14.6629663281021,-14.752452471025606,24.742493962494024,0_0_0_10_14_16,-23.0,42,offpacket_bootstrap,offpacket,4.0,4.234519157567713,4.598837474110578
1,8,865,multiscale_only_diverse16,16,865,True,1,0.8108549489325902,18.10779407143342,42.8831482140848,865,True,1,0.03545162742870467,10.747696555446849,41.801725308632086,865,True,1,0.05067380830165975,18.05828478652637,42.716077695566526,865,True,1,0.05067973490998561,12.278854465528642,35.93681045404785,865,True,1,0.052115996624704466,6.878972164020174,30.801781573672734,865,True,1,0.8107601256329036,18.170435752953534,49.93361532192495,865,True,1,9549.853283040886,18.085678971693298,42.81647350759763,865,True,1,16.922083461109338,18.263804074076365,42.64161393880438,0_0_0_10_14_16,-23.0,42,offpacket_bootstrap,offpacket,4.0,4.234519157567713,4.598837474110578
1,9,492,multiscale_only_diverse16,16,492,True,1,0.8031406826014553,14.932403081995073,42.84578157873767,493,False,5,0.0007518091901832806,-11.481638389697393,24.654662342815513,492,True,1,0.050282906948627006,14.925971908973244,42.76817952299554,492,True,1,0.05029164226879614,11.955281196186554,35.81188983965694,492,True,1,0.05118442652880551,6.6755952339332705,30.65479682552166,492,True,1,0.8030011824641187,14.951524558304968,50.292732125529646,492,True,1,10186.029030053289,14.949526354777484,43.0223312444858,492,True,1,16.66386295500831,14.876629252392986,42.46966038020992,0_0_0_10_14_16,-23.0,42,offpacket_bootstrap,offpacket,4.0,4.234519157567713,4.598837474110578
1,10,765,multiscale_only_diverse16,16,765,True,1,0.8085675403278323,18.81389544738732,42.803406577320374,765,True,1,0.021457379656884303,6.163038739456955,39.365456082318644,765,True,1,0.050537160139796956,18.7761350289496,42.6883016957263,765,True,1,0.05054410229610633,12.226319925776124,35.80412889843024,765,True,1,0.05159538764555657,6.897828633933437,30.71069088448711,765,True,1,0.8084564847942162,18.84910994297522,49.97983203361169,765,True,1,10179.227852908572,18.78036958174848,42.75748528902692,765,True,1,16.884286979437384,18.918457485197855,42.57180271752344,0_0_0_10_14_16,-23.0,42,offpacket_bootstrap,offpacket,4.0,4.234519157567713,4.598837474110578
1,11,1023,multiscale_only_diverse16,16,1023,True,1,1.7433122947540056,3.8433432103050595,13.729824498354361,1023,True,1,0.10379207285628228,0.8476601167150735,13.446132714893055,1023,True,1,0.10364955569855848,3.6939271506525366,13.478556072472518,1023,True,1,0.13046108092089528,2.9836951993209797,7.117873198210166,1023,True,1,0.30705091473238144,0.5458428964078705,5.718854257654348,1023,True,1,1.3850379248708673,4.5535751616366165,19.90967932022972,1023,True,1,16.248978953119813,3.5461872329402526,13.877668196007,1023,True,1,36.71167099154485,4.395894407069184,13.966776413021421,0_0_0_10_14_16,-23.0,42,offpacket_bootstrap,offpacket,4.0,4.234519157567713,4.598837474110578
1,12,597,multiscale_only_diverse16,16,299,False,112,0.4873376606532851,-6.282648521288264,4.6494813996490585,399,False,131,0.029596954198026243,-5.726068872181724,4.602338293703594,299,False,175,0.025892596456750946,-6.4216828991748685,3.7732317750119626,299,False,210,0.07094760208701006,-3.5067307028101595,1.172644466099896,940,False,66,0.3167130647820448,-2.5171377952731215,2.620023524556527,299,False,155,0.1778557275268769,-9.197600717652973,7.270215450210868,299,False,84,2.3929176393172185,-5.375878682254694,4.974661217640305,299,False,150,9.469927618048931,-6.825482621833422,4.205142746437353,0_0_0_10_14_16,-23.0,42,offpacket_bootstrap,offpacket,4.0,4.234519157567713,4.598837474110578
1,13,562,multiscale_only_diverse16,16,562,True,1,0.5937513636026779,12.207555429121179,19.828714624016406,563,False,3,0.0028829149718012687,-3.239628655932003,8.545424178439827,562,True,1,0.03828495108393648,11.927273782572854,19.661147137557677,562,True,1,0.04093219241828675,8.955168258586294,13.219270380995598,562,True,1,0.07032174331789906,4.12688999575838,10.61982659964189,562,True,1,0.5553511934873426,13.72968033184007,25.855964751657595,562,True,1,1112.3354352466786,18.807365420340204,36.79739278226703,562,True,1,12.715760352215883,12.477623199052166,19.754836830788356,0_0_0_10_14_16,-23.0,42,offpacket_bootstrap,offpacket,4.0,4.234519157567713,4.598837474110578
1,14,478,multiscale_only_diverse16,16,876,False,11,0.7671411383344093,-3.1985122846143272,8.056495064094062,876,False,134,0.022025195263766673,-6.06462806797746,4.195276337007043,876,False,8,0.05183997337498214,-3.0454235920936417,8.302400547971619,876,False,18,0.07843199797912839,-2.4511205327312586,2.9028087704334107,319,False,269,0.1652317037613365,-4.28601728891024,1.1705260788588796,876,False,9,0.5070453030750551,-3.79281534397671,13.321172277260763,823,False,3,8.706363331135645,-1.0146868302769625,10.414872738491933,876,False,8,17.988863569492576,-3.456789338681052,8.123882376119914,0_0_0_10_14_16,-23.0,42,offpacket_bootstrap,offpacket,4.0,4.234519157567713,4.598837474110578
1,15,267,multiscale_only_diverse16,16,267,True,1,0.8193368717195462,18.82913514172016,42.88612080752387,267,True,1,0.01707727067185959,5.030391993538662,37.9909516581327,267,True,1,0.05117641874360601,18.777103708934874,42.505550176690925,267,True,1,0.05118568484875243,12.705508473009274,35.72733464645115,267,True,1,0.05291398750175505,7.339294320185785,30.711057939734086,267,True,1,0.8191885477960482,18.85392376463947,49.811201623339876,267,True,1,9812.153238484749,18.89922550064216,42.79133852310933,267,True,1,16.997901432727833,18.73575358395536,42.39164968834035,0_0_0_10_14_16,-23.0,42,offpacket_bootstrap,offpacket,4.0,4.234519157567713,4.598837474110578
1,16,917,multiscale_only_diverse16,16,917,True,1,0.8472619472386214,25.023748208778194,43.258803400765125,917,True,1,0.044269420309388595,17.282920025225245,42.84498976686858,917,True,1,0.05299614000459403,25.156193987383947,43.13314226074173,917,True,1,0.05300430076203383,12.601098659672079,35.94930785849356,917,True,1,0.053632441281385466,7.2496790124443065,30.620746364548932,917,True,1,0.8471314993477902,25.139144485563335,50.50380887081836,917,True,1,11635.903211713412,25.035954491597415,43.3161245380882,917,True,1,17.603821269790398,25.349368952887737,42.68102859764654,0_0_0_10_14_16,-23.0,42,offpacket_bootstrap,offpacket,4.0,4.234519157567713,4.598837474110578
1,17,656,multiscale_only_diverse16,16,656,True,1,0.8303647132402183,19.153769775783626,42.990339988613556,656,True,1,0.009006129445622173,0.8424413408650516,35.64375210347476,656,True,1,0.05192092629834304,19.048271652635385,42.751687687939636,656,True,1,0.051927643654251475,12.592494883598464,35.88658860098294,656,True,1,0.05303089894600385,7.376713840037034,30.745872450353822,656,True,1,0.8302572973260709,19.213579431095795,50.044599217729136,656,True,1,10513.341336238613,19.184891140222824,43.055653985269124,656,True,1,17.268777059038698,19.06219164053814,42.759720216117785,0_0_0_10_14_16,-23.0,42,offpacket_bootstrap,offpacket,4.0,4.234519157567713,4.598837474110578
1,18,889,multiscale_only_diverse16,16,889,True,1,0.8129554383069717,22.44950849488461,42.62585112410788,889,True,1,0.038534809120714164,14.994748587353916,41.99131048669547,889,True,1,0.05078224114387025,22.60157210793576,42.588671412819835,889,True,1,0.050786005430593556,12.494957235316615,35.82542391348471,889,True,1,0.05160969801757728,7.1858374691882325,30.6184420824261,889,True,1,0.8128951816016625,22.573777051824973,49.902705813327955,889,True,1,10082.602808549982,22.498703456111784,42.75265034763362,889,True,1,16.92994145001309,22.442269588463173,42.41072292767708,0_0_0_10_14_16,-23.0,42,offpacket_bootstrap,offpacket,4.0,4.234519157567713,4.598837474110578
1,19,510,multiscale_only_diverse16,16,510,True,1,1.2274134063210482,1.098082683541324,10.98874589698249,143,False,10,0.042892045161312176,-1.0815549447663177,8.405070112458322,510,True,1,0.08212731440568825,1.6758214718155058,10.800652134790628,510,True,1,0.10001404842392977,0.2743605568180486,4.851712798266395,491,False,4,0.2880901980053802,-0.4501081606589268,4.390262824604498,510,True,1,1.0079000731917847,2.4995435985387813,16.696713886104213,510,True,1,7.7711762837759855,0.012206205377609657,10.264254379364036,510,True,1,25.790338823014842,0.541952245186281,10.418146058688604,0_0_0_10_14_16,-23.0,42,offpacket_bootstrap,offpacket,4.0,4.234519157567713,4.598837474110578
1,20,860,multiscale_only_diverse16,16,117,False,12,0.9092380150070909,-1.3385214383401278,7.9906966745372445,525,False,4,0.08689701896873919,-1.6791181265020945,10.081129169536073,552,False,2,0.0761282567601023,-0.5133006566889581,9.16286004164219,860,True,1,0.13670780767914137,0.04000716715696944,4.492897871895185,628,False,36,0.3378458400813453,-1.6517807678010668,3.2879222005748385,552,False,17,0.5063259095264303,-2.2334753293809846,12.571044296150271,117,False,4,6.794936805401505,-1.1393499986940994,9.581572798482139,4,False,12,18.36869911641697,-1.3453795508058537,7.804476844113611,0_0_0_10_14_16,-23.0,42,offpacket_bootstrap,offpacket,4.0,4.234519157567713,4.598837474110578
1,21,553,multiscale_only_diverse16,16,553,True,1,0.8387938573045552,18.639020925625758,42.849399333647476,552,False,3,0.0025903492232505197,-5.531072455220649,29.617585397676066,553,True,1,0.052402238571345794,18.5286345293815,42.64721661024528,553,True,1,0.052408097540796755,12.49718691310893,35.80357547002109,553,True,1,0.05329710939671528,7.1378762464000625,30.787983669792705,553,True,1,0.8387000842462645,18.67921898002465,49.89056618086032,553,True,1,10844.93498405531,18.633556673472814,42.97953409865243,553,True,1,17.47215099084591,18.513677866118318,42.42455281779257,0_0_0_10_14_16,-23.0,42,offpacket_bootstrap,offpacket,4.0,4.234519157567713,4.598837474110578
1,22,629,multiscale_only_diverse16,16,963,False,18,0.7375459269906628,-2.028945386545506,8.160094497715756,952,False,779,0.002877602665432197,-14.869718123470562,-4.32195446094069,952,False,47,0.034176804412258115,-4.033059648514568,6.448917918924758,952,False,138,0.05958439757011681,-3.779134163815408,1.5860613785238598,953,False,235,0.18601407822407742,-4.054419100071762,1.3845409020749255,963,False,22,0.42304636649476607,-3.558657607516392,12.947213756244562,963,False,5,6.73491455788977,-1.030262223623878,9.724247366960254,952,False,35,13.27868399435638,-3.3884462201344263,7.021495419335723,0_0_0_10_14_16,-23.0,42,offpacket_bootstrap,offpacket,4.0,4.234519157567713,4.598837474110578
1,23,759,multiscale_only_diverse16,16,759,True,1,0.8252379900189091,21.966603172330146,41.20566436566796,759,True,1,0.021087639533317912,7.76747806532514,37.393699464832764,759,True,1,0.05158022593879093,21.893508101883356,40.94523356879517,759,True,1,0.05159166996009296,12.618536504596623,35.03613437267531,759,True,1,0.05293748051143388,7.021945580230151,29.94660832704914,759,True,1,0.825054936414629,22.067601623904118,47.24762072581995,759,True,1,6143.023504508699,22.15526653902795,41.257810844512946,759,True,1,17.159416153965843,21.868617536752723,40.92561011954538,0_0_0_10_14_16,-23.0,42,offpacket_bootstrap,offpacket,4.0,4.234519157567713,4.598837474110578
1,24,874,multiscale_only_diverse16,16,20,False,130,0.2862510496582651,-4.194344520428429,4.46098488097329,256,False,290,0.011835575033923938,-7.003201407216732,2.692137643689127,697,False,187,0.016823251026270337,-4.461267698162995,3.824647901971008,854,False,412,0.036837464594985714,-3.9033960250139166,0.4544315600477533,843,False,692,0.09470592406364675,-6.7720036271476065,-1.0274167527484581,20,False,119,0.13072759805488554,-5.698203405209757,7.507363996256952,874,True,1,14.452146544372697,5.403137005560926,14.895301469272361,379,False,133,6.23855811326185,-4.008921557813999,4.477933336344003,0_0_0_10_14_16,-23.0,42,offpacket_bootstrap,offpacket,4.0,4.234519157567713,4.598837474110578
1,25,720,multiscale_only_diverse16,16,775,False,34,0.5260882974883465,-26.21760159238681,10.436555828905316,775,False,62,0.014570039501338453,-29.365393342094986,7.158012173931438,775,False,35,0.03157658876204597,-26.414048890188546,10.376960276008058,775,False,87,0.05030331199696065,-24.394380168826917,5.194626999304864,775,False,137,0.1265236489957677,-20.649506029458408,3.9621023779799147,775,False,38,0.33023817245508863,-28.23727031374844,16.035897938207725,775,False,32,7.1732080738949,-25.538830070188865,12.747556708292434,775,False,61,6.275617411164981,-28.651457748615673,7.318836880778267,0_0_0_10_14_16,-23.0,42,offpacket_bootstrap,offpacket,4.0,4.234519157567713,4.598837474110578
1,26,314,multiscale_only_diverse16,16,775,False,16,0.7406195269240676,-14.59150265868665,8.534736052271985,777,False,29,0.03865960530862037,-7.433573178783072,7.859566302384814,775,False,14,0.049946757812319456,-14.167638799332,8.746954549946183,775,False,35,0.0873816783283731,-11.812641891252591,4.086137925796942,775,False,34,0.3738719507730721,-7.256984678367564,5.430106246567194,775,False,18,0.4233329554891342,-16.94649956676606,13.06609565269213,775,False,27,3.6572347680902695,-15.98189267022196,7.316170122876857,775,False,22,14.279627695317805,-14.706579545335632,7.864635371064768,0_0_0_10_14_16,-23.0,42,offpacket_bootstrap,offpacket,4.0,4.234519157567713,4.598837474110578
1,27,602,multiscale_only_diverse16,16,602,True,1,0.6698440664757221,5.5066295987472555,13.19994566618291,657,False,63,0.008574369868027952,-3.1839752078462054,5.477493485437939,602,True,1,0.04709537228867342,5.094824866826805,13.251217954174477,602,True,1,0.05391844505025739,3.237546438583136,6.9611002174439465,602,True,1,0.10335421218222877,0.044010718848964625,4.748692448383515,602,True,1,0.5850791070964396,7.019762712135118,19.404433678168594,602,True,1,28.760494366729915,7.220006128246931,16.114871857828064,602,True,1,15.112531788199236,4.228364290442462,13.691930218734516,0_0_0_10_14_16,-23.0,42,offpacket_bootstrap,offpacket,4.0,4.234519157567713,4.598837474110578
1,28,7,multiscale_only_diverse16,16,7,True,1,0.8409925165427836,22.133111363044446,43.19345081582676,7,True,1,0.052157703533433644,21.61387306628626,43.617590460249474,7,True,1,0.052564666652786016,22.119551799618,42.92834890646609,7,True,1,0.05256785425063553,13.3959220693418,35.85231189632411,7,True,1,0.053285445776333755,8.032747705387402,30.50114476263328,7,True,1,0.8409415206256894,22.255466788186403,50.49518098414609,7,True,1,12245.157669705708,22.13945226413675,43.304542021813255,7,True,1,17.49014082920533,21.969521499756706,42.78833784606,0_0_0_10_14_16,-23.0,42,offpacket_bootstrap,offpacket,4.0,4.234519157567713,4.598837474110578
1,29,610,multiscale_only_diverse16,16,610,True,1,0.8298993045355587,22.378442235599675,42.775881188125034,609,False,3,0.006096613518758599,-1.5881834167696312,33.92231562634527,610,True,1,0.05191981479771325,22.44580836808491,42.606038343018085,610,True,1,0.05192391352269059,12.771455355765283,35.87656302398523,610,True,1,0.05307617096411085,7.426227384704117,30.663701567519155,610,True,1,0.8298337946620264,22.500739058951694,49.90092459678155,610,True,1,11339.961350745476,22.444463267035562,42.84199293872905,610,True,1,17.249911039785122,22.612114767822582,42.43742517380709,0_0_0_10_14_16,-23.0,42,offpacket_bootstrap,offpacket,4.0,4.234519157567713,4.598837474110578
1,30,807,multiscale_only_diverse16,16,807,True,1,0.8434958746167922,22.922880059084356,42.98412570004247,807,True,1,0.028506135781463462,9.251136337039453,40.46097862669686,807,True,1,0.05275091611123273,22.851670435057304,42.74067799569325,807,True,1,0.05275317272958282,13.025747387863454,35.871955971331595,807,True,1,0.05373182709173895,7.72261464781592,30.71989268078175,807,True,1,0.8434597924596368,23.06674417456768,49.90224591868746,807,True,1,11593.602014176106,22.898144560683285,42.99320346381907,807,True,1,17.583397103314105,22.862416573835894,42.6140239887124,0_0_0_10_14_16,-23.0,42,offpacket_bootstrap,offpacket,4.0,4.234519157567713,4.598837474110578
1,31,897,multiscale_only_diverse16,16,897,True,1,0.8340802682021753,19.414308432029788,42.82850537051968,897,True,1,0.041116454884848476,13.384984677367227,41.91436398677867,897,True,1,0.052122480010971715,19.304588049064844,42.717863196874575,897,True,1,0.052129521271211364,13.24188144784686,35.875744498435374,897,True,1,0.053538229744953196,8.009418344339418,30.554823569097948,897,True,1,0.8339676069675054,19.476619030722205,50.16680327200941,897,True,1,11148.228094235108,19.396883481794585,42.901119772964755,897,True,1,17.38139927212227,19.35011550286798,42.48628858086778,0_0_0_10_14_16,-23.0,42,offpacket_bootstrap,offpacket,4.0,4.234519157567713,4.598837474110578
1,32,749,multiscale_only_diverse16,16,179,False,7,0.8197704911464179,-0.4437020133780625,7.883604122956445,468,False,263,0.01416590620670155,-6.389685095003777,2.692394134972494,749,True,1,0.053696320487533075,0.07765321055808892,8.306024511293895,241,False,49,0.0716004139044969,-1.5807383173643164,2.6099330676921535,212,False,151,0.23317497593561148,-3.71804925957877,2.11433089699659,749,True,1,0.614782186560179,0.49373585547195903,13.481456170956738,749,True,1,120.17340238605775,15.44682814023081,34.835571021391,241,False,8,17.449379687322487,-0.6513612473279964,7.719721361639408,0_0_0_10_14_16,-23.0,42,offpacket_bootstrap,offpacket,4.0,4.234519157567713,4.598837474110578
1,33,584,multiscale_only_diverse16,16,584,True,1,0.814555262790325,19.367432183749273,42.96100902307073,583,False,3,0.005006698100476822,-2.8353925222139686,32.7025654724556,584,True,1,0.0508197404109257,19.3839067105121,42.572691154395784,584,True,1,0.05083273328553108,12.842414420128403,35.67847123342323,584,True,1,0.051230191807184786,7.410013803876093,30.530074987754425,584,True,1,0.8143470620168364,19.433894620807823,49.90957566592742,584,True,1,10612.14686686011,19.38490022307067,42.934267139236766,584,True,1,16.93948119447095,19.45792535337699,42.5947181606858,0_0_0_10_14_16,-23.0,42,offpacket_bootstrap,offpacket,4.0,4.234519157567713,4.598837474110578
1,34,934,multiscale_only_diverse16,16,934,True,1,0.7932309397591695,19.67723021833131,42.553661244441756,934,True,1,0.04366167192638404,15.846996516679406,42.56670259106333,934,True,1,0.04958029393437086,19.64952147803349,42.589404322900386,934,True,1,0.049589430436461523,12.889356588411307,35.607434766307364,934,True,1,0.050658251739821095,7.594048957076574,30.305647145618053,934,True,1,0.7930847925645819,19.732484674314346,49.72288890567842,934,True,1,9536.604045907974,19.680357844807112,42.560571981452554,934,True,1,16.534332538231666,19.756367358125818,42.42288443194666,0_0_0_10_14_16,-23.0,42,offpacket_bootstrap,offpacket,4.0,4.234519157567713,4.598837474110578
2,0,803,multiscale_only_diverse16,16,803,True,1,0.7886687258026228,11.499259087991751,19.038461344086503,803,True,1,0.035432331628308805,8.426522846436455,16.725384569457727,803,True,1,0.04959111844201172,10.950083915378775,18.132403640723805,803,True,1,0.0540546618862804,8.664719537541023,11.562668605982058,803,True,1,0.07607521405589106,2.521309881988949,7.0430467215664585,803,True,1,0.7235447013815302,13.64296347184871,25.28329388703757,803,True,1,1514.8011005293642,19.587177535554773,40.55428994902598,803,True,1,17.45122490521284,11.507667254597898,18.00817576739614,0_0_0_10_14_16,-23.0,42,offpacket_bootstrap,offpacket,4.0,4.234519157567713,4.598837474110578
2,1,826,multiscale_only_diverse16,16,478,False,2,1.260204706996376,-0.6320547564920049,10.96396894084777,994,False,4,0.06170493633498245,-0.8541227109418192,9.532954321692781,478,False,2,0.07736111382953821,-0.11614601066549073,10.69735705050498,994,False,3,0.10555633177360559,-0.04236628723154042,4.38883160319003,269,False,78,0.2276023629761116,-2.211045732787697,2.687976217553093,478,False,2,0.9235906377986141,-0.7343682650462346,17.16710073289647,826,True,1,14.529531717147119,2.0247182091165983,13.419756969438144,478,False,2,27.916465786770058,-0.21204235065495391,11.158657994217457,0_0_0_10_14_16,-23.0,42,offpacket_bootstrap,offpacket,4.0,4.234519157567713,4.598837474110578
2,2,922,multiscale_only_diverse16,16,47,False,3,1.0634271433730333,-1.0231407045755152,9.441225292627571,47,False,4,0.06331849670831326,-1.3343985283424131,9.02236570646399,501,False,5,0.062415301158612435,-1.6413944879739475,9.036769590204925,501,False,18,0.08468899556857969,-1.4253448025150441,3.280036518292472,365,False,110,0.20803911438201306,-3.429829880429907,2.1481718821878393,501,False,3,0.7837396696967811,-1.143318980206644,14.695892659407042,47,False,3,6.497487736010531,-1.2489133339831895,9.560527571145785,501,False,4,23.639718621139327,-0.905771315533222,9.359122937184496,0_0_0_10_14_16,-23.0,42,offpacket_bootstrap,offpacket,4.0,4.234519157567713,4.598837474110578
2,3,718,multiscale_only_diverse16,16,718,True,1,0.810761883517003,25.648971744607504,42.61838111928996,718,True,1,0.017179451917484666,5.129137777550574,37.89822273119184,718,True,1,0.050575504427476485,25.589766080008587,42.063872722311196,718,True,1,0.050580338801236954,12.906548178478891,35.68447385376888,718,True,1,0.05166238292588338,7.617841075527502,30.4466344761384,718,True,1,0.8106843924193046,25.75246051515631,49.52836235487836,718,True,1,10856.570172789023,25.636337974151992,42.60420222464618,718,True,1,16.88367346085509,25.43395163371776,42.07451799629395,0_0_0_10_14_16,-23.0,42,offpacket_bootstrap,offpacket,4.0,4.234519157567713,4.598837474110578
2,4,86,multiscale_only_diverse16,16,86,True,1,0.3321254973273291,2.7013880338637937,12.884113952463354,86,True,1,0.034263701101135725,5.542877708874601,14.849633876126981,86,True,1,0.022477733512215804,3.8013007297909933,13.541672350167659,86,True,1,0.02705359637639742,2.946765605816435,6.880953141742873,86,True,1,0.05230697452523935,0.4314459493246567,4.435442064331193,86,True,1,0.2759495749721826,3.5559231578383526,19.424587062109357,86,True,1,62.82319246020948,7.85378625586789,21.17607182825717,86,True,1,6.666556548166211,2.551602381590513,12.511903922767363,0_0_0_10_14_16,-23.0,42,offpacket_bootstrap,offpacket,4.0,4.234519157567713,4.598837474110578
2,5,468,multiscale_only_diverse16,16,576,False,23,0.5790642683610372,-1.9960025327612412,7.204128183879747,661,False,45,0.03124769593855783,-2.9592764856623752,6.575852766480854,576,False,16,0.040560424423261375,-1.5587932061717327,7.468938363747345,228,False,29,0.06587221894539162,-1.0104425995072062,2.6962218312161434,224,False,45,0.2194576096554111,-2.476653409478122,2.806011144280041,576,False,20,0.35655535625025625,-2.8657587566908416,11.877831795513181,576,False,2,5.384396933983656,-0.5541258686058201,8.701171717207139,576,False,19,12.206026202378366,-1.6818337997050201,7.196966350375753,0_0_0_10_14_16,-23.0,42,offpacket_bootstrap,offpacket,4.0,4.234519157567713,4.598837474110578
2,6,89,multiscale_only_diverse16,16,89,True,1,0.7868065808072657,21.161772905977077,41.825396215311955,89,True,1,0.03906288244413353,13.804446175741933,41.65425503656156,89,True,1,0.04911058451694273,21.158467071005205,41.61542946732233,89,True,1,0.0491192248354609,13.46739798275236,34.971564544050494,89,True,1,0.050170205513266,7.887579562164635,29.90143992220695,89,True,1,0.7866681775752697,21.223952601817956,48.803878514830856,89,True,1,8277.718535683978,21.192128716376327,41.781162332182305,89,True,1,16.36643773012982,21.09115490664459,41.31296775504231,0_0_0_10_14_16,-23.0,42,offpacket_bootstrap,offpacket,4.0,4.234519157567713,4.598837474110578
2,7,713,multiscale_only_diverse16,16,713,True,1,1.458901860712004,0.9544638055806123,10.659282215501968,713,True,1,0.06901281003010773,0.21784688775937797,9.325705341066087,713,True,1,0.08857145383200163,0.7853511978435525,10.467830538643435,391,False,2,0.11187180761391269,-0.16249446332163953,4.383378239494877,113,False,55,0.2601186463180831,-2.401153889694597,2.8220189995841514,713,True,1,1.1550457756740915,1.3399510538070953,16.71092596345489,713,True,1,29.90360799057284,9.730601973099265,19.43454881345376,713,True,1,25.493608504029567,0.05933846868711627,9.183336182561277,0_0_0_10_14_16,-23.0,42,offpacket_bootstrap,offpacket,4.0,4.234519157567713,4.598837474110578
2,8,865,multiscale_only_diverse16,16,865,True,1,0.787256044930075,19.476726901928785,42.55282467607987,865,True,1,0.034940538165107074,11.468231922908036,41.507370194070944,865,True,1,0.04929552083367342,19.567964674750062,42.33098124404533,865,True,1,0.04929934958788026,12.913495198357712,35.48533992837089,865,True,1,0.050264591209560984,7.58022775991956,30.37598017331888,865,True,1,0.7871949039633263,19.539026006701846,49.44224786404902,865,True,1,9808.918607920672,19.50551071097386,42.45975249499389,865,True,1,16.402679351274074,19.361297158381472,42.14268975706326,0_0_0_10_14_16,-23.0,42,offpacket_bootstrap,offpacket,4.0,4.234519157567713,4.598837474110578
2,9,492,multiscale_only_diverse16,16,394,False,16,0.6665332769790702,-9.302156211421558,27.884142273804645,394,False,29,0.0029921137043430893,-15.038340428159838,14.710755203486933,394,False,16,0.04111322011066297,-9.343872718377519,27.412851638649354,394,False,18,0.04156227371116973,-9.30067724560511,18.999417850594853,394,False,29,0.05291708876772958,-8.567591617163995,14.775204595766798,394,False,16,0.6593318141821832,-9.345351684193966,37.62679055756375,394,False,17,39.6020064654186,-9.347772651417666,27.279493035015733,394,False,16,14.294010767837374,-9.205548807662987,27.739615534473458,0_0_0_10_14_16,-23.0,42,offpacket_bootstrap,offpacket,4.0,4.234519157567713,4.598837474110578
2,10,765,multiscale_only_diverse16,16,393,False,42,0.6773536484061538,-21.978601513889405,16.029804755322786,394,False,36,0.024907719193252083,-21.376396144517113,13.781983713936633,393,False,41,0.043672341501175556,-21.851566962136168,15.441880486172167,393,False,117,0.05048487142643613,-21.22376101559584,8.19540069862789,393,False,186,0.0999302065434996,-18.4398690925937,5.441445804308805,393,False,42,0.5859501869459152,-22.606407460429732,23.696475906616993,393,False,43,6.2457437312770745,-22.26657978463929,15.606405535133582,393,False,42,13.940260334104783,-22.04789507493296,15.139698757434294,0_0_0_10_14_16,-23.0,42,offpacket_bootstrap,offpacket,4.0,4.234519157567713,4.598837474110578
2,11,1023,multiscale_only_diverse16,16,1023,True,1,0.7893836964911003,15.195823661237206,42.81045616354908,1023,True,1,0.049380455916936725,15.370522593124187,43.604490846141104,1023,True,1,0.049286585023040154,15.280436760097105,42.423263405201546,1023,True,1,0.04929082188501911,13.90395386209094,35.58052995798006,1023,True,1,0.05039943220430839,8.654936776019182,30.304409632010035,1023,True,1,0.7893158439042988,15.210902573120181,49.905804274483486,1023,True,1,11823.647020290464,15.199331208788616,42.83199989496789,1023,True,1,16.4115389378867,15.248220449177152,42.54627763852457,0_0_0_10_14_16,-23.0,42,offpacket_bootstrap,offpacket,4.0,4.234519157567713,4.598837474110578
2,12,597,multiscale_only_diverse16,16,597,True,1,0.8056200532217339,19.438904481106633,42.823246808482,596,False,2,0.007421267686251344,-0.8848211227648816,34.37650168749913,597,True,1,0.05028847695072503,19.462553129136893,42.476805379332056,597,True,1,0.0502992171759519,13.166026275767283,35.57501924440069,597,True,1,0.051548865293648834,7.591035502548636,30.53460988915763,597,True,1,0.8054480318403948,19.51591615319903,50.237820015515744,597,True,1,10625.789982657443,19.4499816183141,42.82076444545855,597,True,1,16.71712396569352,19.57870988122353,42.205594051190104,0_0_0_10_14_16,-23.0,42,offpacket_bootstrap,offpacket,4.0,4.234519157567713,4.598837474110578
2,13,562,multiscale_only_diverse16,16,562,True,1,0.5687775142778406,7.346842610509547,15.866667507267714,561,False,176,0.002056567944233082,-9.220580362066134,3.277440808978162,562,True,1,0.037343855251261764,7.67636923648273,15.991382916096255,562,True,1,0.04035231042200561,6.093184800540186,9.306162965908175,562,True,1,0.07109937738691563,2.0085214356550423,6.511150681265896,562,True,1,0.5263724664395177,8.853048020493478,22.180812254982595,562,True,1,393.75401700531455,15.38787636290991,35.22512498998325,562,True,1,12.462003469407746,7.768338275696619,16.287329647760483,0_0_0_10_14_16,-23.0,42,offpacket_bootstrap,offpacket,4.0,4.234519157567713,4.598837474110578
2,14,478,multiscale_only_diverse16,16,179,False,3,1.3015973563153835,-0.7446936934098923,11.039128855841225,488,False,688,0.0038515798080969266,-13.850614526010286,-2.294862530846813,179,False,3,0.07791308709756455,-0.5588985989489127,10.704819139582423,187,False,7,0.09768749463442582,-0.777274378276803,4.300118292498965,7,False,110,0.19279698409522347,-2.8792570280972622,2.260573364121887,179,False,2,1.0381212924752607,-0.6379745945494986,17.285884393072664,179,False,2,8.631066144323274,-1.3572397284182616,11.085176101337211,179,False,2,30.43144195127924,-0.415405042377585,11.161631114542473,0_0_0_10_14_16,-23.0,42,offpacket_bootstrap,offpacket,4.0,4.234519157567713,4.598837474110578
2,15,267,multiscale_only_diverse16,16,267,True,1,0.7830829862601973,17.94677868090682,42.268229552444616,267,True,1,0.018640139112841753,3.9381728097189024,38.216297757713626,267,True,1,0.0489855307503301,17.88921741965211,41.895253335508976,267,True,1,0.0489911696643459,13.708983821529024,35.18387153493429,267,True,1,0.05028886900218751,8.265144707731789,30.106995488346506,267,True,1,0.7829928529227611,17.9821306334824,49.54617444913923,267,True,1,8762.902601982902,17.930840304257117,42.25231858216942,267,True,1,16.30225980947636,17.984532910599597,41.604886559457995,0_0_0_10_14_16,-23.0,42,offpacket_bootstrap,offpacket,4.0,4.234519157567713,4.598837474110578
2,16,917,multiscale_only_diverse16,16,917,True,1,2.1770259870720565,4.190536838490048,12.44320333040844,917,True,1,0.11692158168409743,2.902315363230033,10.812594718303663,917,True,1,0.13794403509909167,4.3099503610003165,11.865365677466661,917,True,1,0.15721270010588423,2.153168778050363,5.550672014615695,122,False,10,0.3599979890097146,-0.7043568804431656,4.027520042366379,917,True,1,1.9102003144150719,5.36235592406959,18.39836515377684,917,True,1,17.91079044880451,5.971550539707486,14.633397812407477,917,True,1,46.782149437895214,3.6767143516408893,12.08854393130406,0_0_0_10_14_16,-23.0,42,offpacket_bootstrap,offpacket,4.0,4.234519157567713,4.598837474110578
2,17,656,multiscale_only_diverse16,16,656,True,1,0.5885886958111683,7.397580723238915,14.177688146099317,655,False,21,0.004921696448505246,-3.2858378123980754,6.637597946149214,656,True,1,0.03657400243926807,7.178863831961624,13.764611273359648,656,True,1,0.0407448414022742,5.144360545491567,8.527330761767605,656,True,1,0.08106917188880329,2.3493752928422227,6.217937937565283,656,True,1,0.528337911142826,9.388226026802972,19.49011191725472,656,True,1,277.51060189750353,13.92639764564862,32.73610817321369,656,True,1,12.106971284914785,6.889855582856313,13.834343120323378,0_0_0_10_14_16,-23.0,42,offpacket_bootstrap,offpacket,4.0,4.234519157567713,4.598837474110578
2,18,889,multiscale_only_diverse16,16,869,False,6,0.8288809655969089,-1.0418598548945714,9.091677882405705,581,False,9,0.05773946073005285,-1.3359777608045804,9.54274158426003,869,False,4,0.05895711878806972,-0.6780323669398924,9.421214169899324,438,False,7,0.08670461760929402,-0.5617986055595408,3.833814533905559,438,False,27,0.24462287721251932,-2.7529434917198774,3.2488702873104414,869,False,5,0.5636197344191806,-1.441802470261455,14.255036903953414,256,False,3,6.61777634090019,-1.2363183849067498,9.931664329184441,869,False,16,15.968324308075703,-2.2885440966149986,8.436426731250993,0_0_0_10_14_16,-23.0,42,offpacket_bootstrap,offpacket,4.0,4.234519157567713,4.598837474110578
2,19,510,multiscale_only_diverse16,16,510,True,1,0.7129499393593655,6.2997975526746615,14.663141473958078,331,False,448,0.0015726613024504644,-8.961074510812605,0.8013851587054341,510,True,1,0.04472605761619969,6.387012312553791,14.914312617143173,510,True,1,0.04985786598835883,4.304728440987094,8.022658909113149,510,True,1,0.1019635071099266,1.5161853248511763,5.772474277525132,510,True,1,0.6395668854478922,7.867714934490238,21.234906385413368,510,True,1,159.98059625905938,12.975058263262431,28.698181147565936,510,True,1,15.84134304519369,5.738992618556262,14.64355398539225,0_0_0_10_14_16,-23.0,42,offpacket_bootstrap,offpacket,4.0,4.234519157567713,4.598837474110578
2,20,860,multiscale_only_diverse16,16,349,False,13,0.5899828649438952,-1.1678071219882604,7.931679935651141,323,False,45,0.028196251427916968,-4.88465872804588,7.149416848670076,674,False,12,0.038185876937168135,-0.7101117667419409,8.110631525344044,104,False,25,0.060053265553005365,-1.5822530520985767,2.7552526695174673,847,False,214,0.14071330943309932,-4.027821545264495,1.324757945896886,764,False,8,0.37515050794199495,-1.1785443622765583,12.938147695719262,323,False,16,4.06986470227069,-1.9147702439840362,7.3883566988006555,674,False,5,15.823402638235166,-1.1173732803988405,8.459145841797058,0_0_0_10_14_16,-23.0,42,offpacket_bootstrap,offpacket,4.0,4.234519157567713,4.598837474110578
2,21,553,multiscale_only_diverse16,16,553,True,1,0.713635470697227,13.017706078244144,41.62658818271435,554,False,3,0.0010259790427209693,-9.275672085815483,24.748754411267733,553,True,1,0.04481752170402036,13.140862397999653,41.40592862102249,553,True,1,0.044847330437953845,12.054520033506538,34.44267020102482,553,True,1,0.047060727599318154,6.753349625560174,29.55674226580133,553,True,1,0.713161137673081,13.049999408814866,49.05812208585913,553,True,1,8766.73164892296,13.050762427918368,41.733673890455165,553,True,1,14.779301791824997,12.94498044375614,41.11500689802927,0_0_0_10_14_16,-23.0,42,offpacket_bootstrap,offpacket,4.0,4.234519157567713,4.598837474110578
2,22,629,multiscale_only_diverse16,16,629,True,1,0.6267901256728159,14.572458319255793,40.19489603928296,630,False,3,0.004038430679974108,-2.6998914362421997,30.090110027324183,629,True,1,0.03929424458189833,14.61870402073327,39.97643641802623,629,True,1,0.03930518251677463,12.141251014917424,33.0506997400365,629,True,1,0.040949981011767916,6.832930485454426,28.142293375399618,629,True,1,0.6266157011023972,14.644515305368838,47.274283636188756,629,True,1,6250.090500365628,14.527902251358853,40.39733377421901,629,True,1,13.161423448819384,14.813126048610838,40.021135539485975,0_0_0_10_14_16,-23.0,42,offpacket_bootstrap,offpacket,4.0,4.234519157567713,4.598837474110578
2,23,759,multiscale_only_diverse16,16,759,True,1,0.7633171512043333,17.969540147251905,41.532773967220386,759,True,1,0.021150274166661195,6.9808621207998645,38.392491148920556,759,True,1,0.04767121579753928,17.981424894140776,41.46913128502454,759,True,1,0.04768244637471572,12.306498658254025,34.842398326515834,759,True,1,0.048457199955786706,6.952589413079279,29.750299350081022,759,True,1,0.7631373682269808,18.003369025595468,48.29051426898809,759,True,1,7947.9558059776,17.985880376299136,41.600591676789236,759,True,1,15.925433828124627,18.006040208248574,41.15952718249193,0_0_0_10_14_16,-23.0,42,offpacket_bootstrap,offpacket,4.0,4.234519157567713,4.598837474110578
2,24,874,multiscale_only_diverse16,16,874,True,1,0.8110354058607214,20.78328060608714,42.48317505711046,874,True,1,0.03657700357363896,13.878982779727657,41.60746976276309,874,True,1,0.05069667820485653,20.862558825166623,42.0723802242818,874,True,1,0.05070163296015211,12.548389053461609,35.70421708539507,874,True,1,0.05170977453151115,7.196907023990997,30.59345108750671,874,True,1,0.8109561484140185,20.868189195292416,49.3964041412963,874,True,1,9624.317468907271,20.814229415765112,42.44708837631913,874,True,1,16.879234096414656,20.7574766013745,42.23134140710382,0_0_0_10_14_16,-23.0,42,offpacket_bootstrap,offpacket,4.0,4.234519157567713,4.598837474110578
2,25,720,multiscale_only_diverse16,16,955,False,26,0.6258696168873854,-1.7296164489671408,6.745035254007513,542,False,307,0.011909122042938933,-6.546735364801837,2.2487050446311,955,False,23,0.03485372532155985,-1.5714117448523628,6.810264170489285,407,False,130,0.05456893583545702,-2.2883678332816264,1.6577695732492492,407,False,311,0.18384766153285878,-4.9170865629725755,1.3170165227724344,955,False,10,0.399749186604605,-1.305300867341784,11.921023318295738,720,True,1,103.58525851427122,14.625633554233236,34.618174537189645,345,False,16,11.213103245239571,-1.4337541437020138,7.08642795822877,0_0_0_10_14_16,-23.0,42,offpacket_bootstrap,offpacket,4.0,4.234519157567713,4.598837474110578
2,26,314,multiscale_only_diverse16,16,314,True,1,0.7975804879035344,16.285600947775343,42.48541944395007,314,True,1,0.010886685939219948,2.242079860465929,36.277984442449636,314,True,1,0.04984440811546772,16.25785716113307,42.072533399654624,314,True,1,0.04985238928267291,12.587445534024607,35.637098336241365,314,True,1,0.05099620696444145,7.166773518652365,30.372774295652732,314,True,1,0.7974527984722924,16.324575882469958,49.60495410243134,314,True,1,9247.667378749782,16.299186289430736,42.47211990648648,314,True,1,16.641343176734978,16.239214242816104,42.163579838104006,0_0_0_10_14_16,-23.0,42,offpacket_bootstrap,offpacket,4.0,4.234519157567713,4.598837474110578
2,27,602,multiscale_only_diverse16,16,602,True,1,1.1268580764642735,1.0539329362047176,9.877971695907434,999,False,72,0.029461895520294514,-2.9311557794736958,5.558929943695259,602,True,1,0.0765522161482305,1.1992891363602836,9.853262778312324,602,True,1,0.10958700107328048,0.26051642060054025,4.258134914936927,412,False,23,0.27110594135119176,-2.3898206098682637,3.2810477513358727,602,True,1,0.7871689360327344,1.0345369592256444,15.123201757916158,602,True,1,6.663219429813217,0.6644844112574391,9.873442830513362,602,True,1,29.839311766346206,1.4063888324706344,10.551230889416187,0_0_0_10_14_16,-23.0,42,offpacket_bootstrap,offpacket,4.0,4.234519157567713,4.598837474110578
2,28,7,multiscale_only_diverse16,16,7,True,1,0.8298984357498398,25.84122081408934,42.08315108977226,7,True,1,0.0514078589176891,25.237558150476023,42.58354193333024,7,True,1,0.051756921278182426,25.831465516360996,41.83915678570266,7,True,1,0.051763940319109705,13.227864088829948,35.35616438660607,7,True,1,0.053471248128466556,7.822314574238561,30.242249662784175,7,True,1,0.8297859039168668,26.05333188272706,48.814068216338946,7,True,1,9123.248017549387,25.746576685877255,42.16742042596282,7,True,1,17.23707542116833,25.846095473498902,41.85848547832805,0_0_0_10_14_16,-23.0,42,offpacket_bootstrap,offpacket,4.0,4.234519157567713,4.598837474110578
2,29,610,multiscale_only_diverse16,16,945,False,4,0.8945196124740598,-0.8213949975349304,8.498000988322511,979,False,932,0.0011461740515386887,-17.355613033685906,-8.300295926911147,945,False,5,0.05464356379674759,-0.6697551302209586,8.574428317021832,944,False,4,0.08329068955292837,-0.3281135794949066,3.111636591030193,297,False,39,0.24147952580838306,-1.9454766334416982,2.6950636369146146,945,False,5,0.586857183846543,-1.2585614436641785,13.750646045519803,610,True,1,8.396731520791471,1.244404470010582,10.553872852589254,945,False,5,18.723015750453953,-0.6821699138056835,8.316285840524325,0_0_0_10_14_16,-23.0,42,offpacket_bootstrap,offpacket,4.0,4.234519157567713,4.598837474110578
2,30,775,multiscale_only_diverse16,16,775,True,1,0.8072169313600739,18.846927590355197,42.40929702207645,775,True,1,0.023093644312873526,8.470190144760958,39.506992689733934,775,True,1,0.05047250286630196,18.87339157187306,42.23590416776743,775,True,1,0.050478694021163284,12.532150903506473,35.69367888590782,775,True,1,0.05148515572343227,7.160054145986191,30.60403863596687,775,True,1,0.8071179271143096,18.90176494358989,49.20518405513759,775,True,1,9950.683281559912,18.802274019483946,42.44257628612752,775,True,1,16.829289369977573,18.866525148435088,42.01727033506258,0_0_0_10_14_16,-23.0,42,offpacket_bootstrap,offpacket,4.0,4.234519157567713,4.598837474110578
2,31,912,multiscale_only_diverse16,16,912,True,1,1.0841702629440988,9.34992275259486,18.368674594692354,912,True,1,0.062217657605126736,7.921623184382147,18.096892907327305,912,True,1,0.07071730367340207,9.558999157899255,18.475623616198323,912,True,1,0.07460886018604586,7.694299900054984,11.50585374297181,912,True,1,0.12240300407729321,2.9888690966866256,8.30211532497411,912,True,1,1.0276205470383202,11.183995008498295,25.416017981925876,912,True,1,150.40310339955357,15.414907162844377,24.579801616211498,912,True,1,25.230272999126047,9.888477400356532,18.74053185082356,0_0_0_10_14_16,-23.0,42,offpacket_bootstrap,offpacket,4.0,4.234519157567713,4.598837474110578
2,32,768,multiscale_only_diverse16,16,115,False,93,0.3660704611111356,-4.086662787811368,5.285315743969866,653,False,6,0.0551459044369554,-1.1576642838719875,9.015524915082981,115,False,50,0.03020528130456132,-2.871750622658875,6.3821243032724535,652,False,90,0.055940465261050044,-2.305198903222591,1.9824945594623724,609,False,72,0.1997056779704666,-2.439565842624739,2.5131465532758064,115,False,74,0.19766123151734355,-5.006953393083245,9.464312342643332,457,False,44,3.0845494437917034,-3.570772456198022,6.16284338750476,115,False,40,10.639774921667394,-3.506485559070219,6.74225033812456,0_0_0_10_14_16,-23.0,42,offpacket_bootstrap,offpacket,4.0,4.234519157567713,4.598837474110578
2,33,581,multiscale_only_diverse16,16,198,False,30,0.6350591639350114,-3.058483222756923,7.3179943730113415,478,False,699,0.004619787659273715,-12.83204465289175,-2.5149797667272016,198,False,39,0.036060672875794626,-3.363721577068146,6.567413550908265,198,False,34,0.07647583930582752,-1.6184419427595569,2.730744765691858,478,False,149,0.20115463222156837,-3.6179788024314563,1.8178842027371422,198,False,43,0.2994496167064757,-4.803762857065512,10.901841663517066,581,True,1,9.406296671077913,3.1866479167999486,11.551405808288662,198,False,31,14.37536365254821,-2.8672993840905776,7.050017533324404,0_0_0_10_14_16,-23.0,42,offpacket_bootstrap,offpacket,4.0,4.234519157567713,4.598837474110578
2,34,93,multiscale_only_diverse16,16,93,True,1,0.6506777522441922,20.47918645281221,39.996820938617674,93,True,1,0.03242422330620591,13.791215099160992,38.767236018697446,93,True,1,0.040696820309142144,20.555412631564455,39.73990089749512,93,True,1,0.04070963868385635,13.28207223710606,32.879703197551436,93,True,1,0.042502504440985085,7.7014258469431045,28.0281813588685,93,True,1,0.6504728712500072,20.569541074938805,46.949525233309366,93,True,1,5869.922827974889,20.516631872318737,40.04554004407645,93,True,1,13.54925330041539,20.381364601582387,39.53200761307181,0_0_0_10_14_16,-23.0,42,offpacket_bootstrap,offpacket,4.0,4.234519157567713,4.598837474110578
3,0,222,multiscale_only_diverse16,16,412,False,16,0.8910095275589356,-18.943462499133567,22.479657640169574,412,False,15,0.026383728239574578,-16.97895267950733,18.12226556051184,412,False,16,0.057714485425457034,-18.790254733886197,22.16267812651632,412,False,41,0.06069900724507145,-18.573588172183825,13.292167471200678,412,False,73,0.0976116680236956,-16.656038761110096,9.989675754024066,412,False,16,0.8471992990695743,-19.160129060835935,32.17862103792681,412,False,16,31.563292281573073,-18.875007444651075,22.493431210177857,412,False,16,18.917521473661957,-18.885080251527448,21.93849386413244,0_0_0_10_14_16,-23.0,42,offpacket_bootstrap,offpacket,4.0,4.234519157567713,4.598837474110578
3,1,711,multiscale_only_diverse16,16,411,False,13,0.8377480336705254,-23.087009090680223,16.64787749156172,411,False,52,0.008725283264911447,-28.524353809699914,9.138041336244209,411,False,13,0.05250848788339581,-23.073902907490154,16.536670147732515,411,False,40,0.05481566979229774,-22.88795973796166,10.233060874348341,411,False,85,0.07135171706382937,-21.867080696948026,6.163100219095009,411,False,13,0.8024873661492397,-23.27295226020871,23.375652106662383,411,False,13,22.210556903056624,-23.200582670576225,16.573440550364957,411,False,13,16.91567682164647,-23.217379797581906,16.255207845337054,0_0_0_10_14_16,-23.0,42,offpacket_bootstrap,offpacket,4.0,4.234519157567713,4.598837474110578
3,2,871,multiscale_only_diverse16,16,871,True,1,0.8330738376482714,23.475009493790875,42.85666936769381,871,True,1,0.03739246928491761,13.125693364190576,41.62293475123174,871,True,1,0.05202399844560071,23.401502491253957,42.64860076404474,871,True,1,0.05203051025899127,12.964224626196652,35.823227501099886,871,True,1,0.05288332363822028,7.454633142966109,30.499208417045644,871,True,1,0.832969575334788,23.65619507107884,49.86423510129527,871,True,1,11183.37176271226,23.45087241810059,42.82782370889343,871,True,1,17.359781897199532,23.345455259449125,42.710180749393956,0_0_0_10_14_16,-23.0,42,offpacket_bootstrap,offpacket,4.0,4.234519157567713,4.598837474110578
3,3,718,multiscale_only_diverse16,16,718,True,1,0.8261140948370418,24.81050309252071,42.5230477399042,718,True,1,0.017016587915435838,5.029678882069718,37.69892708768139,718,True,1,0.05163353909916803,24.666044753090283,42.320867923820174,718,True,1,0.05164565551287507,12.822912678634431,35.71297606264951,718,True,1,0.05318192209809782,7.456933921495845,30.7431720044637,718,True,1,0.8259202829850503,25.043497185342403,49.441304467925846,718,True,1,10735.549631528675,24.771944754110468,42.65200406660382,718,True,1,17.221011691608485,24.48612088065316,42.32019542841965,0_0_0_10_14_16,-23.0,42,offpacket_bootstrap,offpacket,4.0,4.234519157567713,4.598837474110578
3,4,107,multiscale_only_diverse16,16,107,True,1,0.8390406191996682,21.86566367101095,43.18717474709992,107,True,1,0.039568614238195556,12.957651758768542,42.49685357272605,107,True,1,0.05247546241600987,21.801171685924068,42.95024928799087,107,True,1,0.0524796687300741,13.41007707015958,35.70573170725201,107,True,1,0.05365552621197917,8.312401549464786,30.561746032861215,107,True,1,0.8389733689970202,21.930885136724612,50.41978357675112,107,True,1,11972.23532730758,21.889491282835877,43.07766727053028,107,True,1,17.44089031991143,21.960940160074966,42.70363163983195,0_0_0_10_14_16,-23.0,42,offpacket_bootstrap,offpacket,4.0,4.234519157567713,4.598837474110578
3,5,468,multiscale_only_diverse16,16,468,True,1,0.7164469799450082,18.851781888359156,41.1196883806636,467,False,3,0.0035870484496111003,-3.6749070839457736,30.051127457517364,468,True,1,0.04487473146428041,18.92630216552108,40.89897908743761,468,True,1,0.04488863541648274,12.858281923955532,34.243843975238576,468,True,1,0.04640786744861608,7.502343456615639,29.221521493682935,468,True,1,0.7162250653229165,18.908129121089566,47.81144073518375,468,True,1,7667.001523377914,18.846146765916163,41.18892633481895,468,True,1,14.967560814853218,18.943796388065575,40.72529850067583,0_0_0_10_14_16,-23.0,42,offpacket_bootstrap,offpacket,4.0,4.234519157567713,4.598837474110578
3,6,89,multiscale_only_diverse16,16,89,True,1,0.6778784478083253,18.264466685258476,40.3941938877295,89,True,1,0.03307300459922848,11.902819431204144,39.18484738480791,89,True,1,0.042326524583471296,18.408323571563255,40.31132214203551,89,True,1,0.04233922340224415,13.63331135227968,33.349098978219715,89,True,1,0.04392338138595198,8.462103995338143,28.268436114832618,89,True,1,0.677675131477344,18.326848027706365,47.25343921697426,89,True,1,6341.705602066744,18.300812704230665,40.2925877206969,89,True,1,14.16448025917639,18.276056577560837,39.972870746172475,0_0_0_10_14_16,-23.0,42,offpacket_bootstrap,offpacket,4.0,4.234519157567713,4.598837474110578
3,7,713,multiscale_only_diverse16,16,713,True,1,0.7807476899333778,0.6649018439780012,9.891172511963777,112,False,68,0.019410392560304662,-4.986073143957772,5.556921510980444,713,True,1,0.05071289612656333,0.8005775587427393,9.957837821443526,713,True,1,0.07220497245794065,0.5646965038948912,4.410981697846731,394,False,7,0.23455691795845915,-0.7478107230424241,4.495980081194076,713,True,1,0.5483552607641964,0.8823659233595106,15.193519033677806,713,True,1,8.230736683355493,1.4563687881611824,10.488469730763804,713,True,1,16.75285473569168,0.13282500427646005,9.519673002909066,0_0_0_10_14_16,-23.0,42,offpacket_bootstrap,offpacket,4.0,4.234519157567713,4.598837474110578
3,8,865,multiscale_only_diverse16,16,865,True,1,0.7009588085157361,2.2477481846292204,11.747085498328712,793,False,6,0.02598568209668736,-0.710475724493202,8.659013819895897,865,True,1,0.044295949191366125,1.4245185025729712,10.988353643131264,865,True,1,0.0549358994032163,0.6990266096073177,5.472618608562074,112,False,16,0.12239935148561357,-1.0062162274803668,3.9150702570374696,865,True,1,0.5651975503187218,2.973240077594874,16.98367361968602,865,True,1,19.312599380584963,5.1066883940296135,14.876585671390377,865,True,1,14.28701737596895,2.19134010757813,11.014288876590868,0_0_0_10_14_16,-23.0,42,offpacket_bootstrap,offpacket,4.0,4.234519157567713,4.598837474110578
3,9,492,multiscale_only_diverse16,16,235,False,54,0.5451796084073521,-4.068197553001742,6.30186398913149,924,False,545,0.007231151712548201,-10.76989582430196,-0.3009572219742276,235,False,77,0.031560964433259876,-4.675067849262321,5.9146480208375,235,False,87,0.0628431285952522,-2.661572967088789,1.9392778951242984,926,False,236,0.17368415608626306,-4.205302008330591,1.296185504636458,235,False,69,0.2737991346914407,-6.081692435175274,10.05855888250144,235,False,71,2.753850367546394,-5.127096230770522,5.9275491672684035,305,False,37,14.00425305092874,-3.234264383682109,7.048202538156244,0_0_0_10_14_16,-23.0,42,offpacket_bootstrap,offpacket,4.0,4.234519157567713,4.598837474110578
3,10,765,multiscale_only_diverse16,16,765,True,1,0.8208876593744776,19.872787339859975,42.648043582087695,765,True,1,0.02303114790168156,6.164090261128745,39.53301929646344,765,True,1,0.05131502830735183,19.891887835015385,42.4208285104617,765,True,1,0.05132272312603346,13.013261450807462,35.79126745371987,765,True,1,0.05240635593910733,7.543719810240297,30.632607144856948,765,True,1,0.8207645836428691,19.929584917923368,49.65967278777573,765,True,1,10420.167868475315,19.86423320494577,42.71809324101696,765,True,1,17.084170042354838,19.985835396367133,42.49078996753778,0_0_0_10_14_16,-23.0,42,offpacket_bootstrap,offpacket,4.0,4.234519157567713,4.598837474110578
3,11,1023,multiscale_only_diverse16,16,1023,True,1,0.8929420759617166,2.6042570504615767,12.07719199034929,1023,True,1,0.05514991005071695,1.339680526684027,12.238684056469024,1023,True,1,0.055077244457588485,1.718650060360457,11.885911826484712,1023,True,1,0.07400885481206881,1.4214062679080208,6.10640641460762,1023,True,1,0.1669478901470697,0.3767529860578587,4.722745559084827,1023,True,1,0.6645257399144349,2.676212868063073,17.64502006002524,1023,True,1,11.971074338711293,2.9728791310898597,12.171851349216617,1023,True,1,17.08565040557234,1.9354873165508706,11.551815869415433,0_0_0_10_14_16,-23.0,42,offpacket_bootstrap,offpacket,4.0,4.234519157567713,4.598837474110578
3,12,597,multiscale_only_diverse16,16,597,True,1,1.8646842652641595,4.655222823534214,14.292505733962601,462,False,222,0.009438189275245437,-7.863032627129072,3.2733080901349183,597,True,1,0.12430183081878296,4.014939549242835,14.288859360398087,597,True,1,0.1392704197089593,2.548985588419581,7.67163248131844,817,False,3,0.2507984145396586,-0.610495261854612,5.182348744809278,597,True,1,1.6642706222590746,6.121176784357468,20.684900847964816,597,True,1,26.852417593159146,5.098527166095677,15.745335547818968,597,True,1,38.52344159393521,4.742844279053196,14.067126735769055,0_0_0_10_14_16,-23.0,42,offpacket_bootstrap,offpacket,4.0,4.234519157567713,4.598837474110578
3,13,562,multiscale_only_diverse16,16,562,True,1,0.8228528336658769,18.552641711496097,43.699919228673195,561,False,2,0.005960795801447858,-2.2763908357930873,33.83822298310762,562,True,1,0.05150901020309481,18.62405641435543,43.29080638860557,562,True,1,0.05151293202003706,13.236613659290759,35.94886877571197,562,True,1,0.05256512931142868,7.941635070413006,30.797835743871723,562,True,1,0.8227901876844214,18.599440807404505,51.36371304867926,562,True,1,12008.399349105812,18.565007586509264,43.55542570280029,562,True,1,17.11503712972593,18.66368666785126,43.04945586786991,0_0_0_10_14_16,-23.0,42,offpacket_bootstrap,offpacket,4.0,4.234519157567713,4.598837474110578
3,14,478,multiscale_only_diverse16,16,478,True,1,0.8031020094775307,17.889607848941193,42.77288919485801,477,False,2,0.005288846201457632,-2.4906080492391967,32.979771715829216,478,True,1,0.05024423050269539,17.830163291526123,42.30596129639353,478,True,1,0.05025184272367324,13.226769368973773,35.59291588956449,478,True,1,0.051434300640907656,7.862538267716811,30.346428975663006,478,True,1,0.802980354436988,17.924624697497006,50.10167259872061,478,True,1,10662.702384925622,17.879480352138884,42.77642743656447,478,True,1,16.72218429593071,17.85352042825663,42.3276303151212,0_0_0_10_14_16,-23.0,42,offpacket_bootstrap,offpacket,4.0,4.234519157567713,4.598837474110578
3,15,267,multiscale_only_diverse16,16,285,False,13,3.6025175902699544,-10.593209799447337,27.296932227769062,284,False,16,0.02369610930183315,-16.696879384898246,17.242945593752292,285,False,14,0.2197048904298318,-10.715483625989988,26.7085640809902,285,False,15,0.22110472576220233,-10.690227484462081,17.29362722139354,285,False,58,0.27435554130095263,-9.938646291688523,12.558533416260893,285,False,13,3.5797097041383394,-10.618465940975243,37.81974904705261,285,False,13,64.68999621651436,-10.577832502922746,26.876278098145786,285,False,14,74.09734841432562,-10.651177302473101,26.250349813274806,0_0_0_10_14_16,-23.0,42,offpacket_bootstrap,offpacket,4.0,4.234519157567713,4.598837474110578
3,16,917,multiscale_only_diverse16,16,283,False,11,0.8532585323010302,-22.66660352554465,17.28519051999858,283,False,13,0.03695081239061827,-23.212524475918453,15.4592443130325,283,False,10,0.05592612334715253,-22.470614965900012,17.191145555026694,283,False,29,0.06892269774603443,-21.564288524358275,11.552566624457029,283,False,40,0.16237442983195977,-18.03343317500192,10.105862978425275,283,False,12,0.6923617833462323,-23.572929967086388,23.389544376922093,283,False,11,25.036360219422416,-22.870898249811287,16.996177814149277,283,False,11,16.57723849295581,-22.992274281504773,16.571377678605636,0_0_0_10_14_16,-23.0,42,offpacket_bootstrap,offpacket,4.0,4.234519157567713,4.598837474110578
3,17,656,multiscale_only_diverse16,16,656,True,1,0.7812772899234552,19.54973508679162,43.02324408232068,656,True,1,0.011457352442809493,1.143183922051758,36.34635841761296,656,True,1,0.04894251332120118,19.54807038358178,42.694292095332386,656,True,1,0.04895016925151827,13.120199063912118,35.214051796277616,656,True,1,0.05022479914238118,7.623547012003444,30.148861784996438,656,True,1,0.7811550961786441,19.631007013494404,50.833354644186095,656,True,1,10581.850610565007,19.5856658704662,43.029806799617525,656,True,1,16.29705264471816,19.567079983162007,42.63718240451041,0_0_0_10_14_16,-23.0,42,offpacket_bootstrap,offpacket,4.0,4.234519157567713,4.598837474110578
3,18,889,multiscale_only_diverse16,16,889,True,1,0.6813126040769966,18.175267626544166,37.663365933809686,889,True,1,0.03323371879207024,12.686889194777748,36.841264885965415,889,True,1,0.04256749912124167,18.19837670370137,37.53250039063104,889,True,1,0.042582843363415356,12.50628695071569,32.13974609822549,889,True,1,0.043791464404060926,6.943354969957997,27.184950250533305,889,True,1,0.6810671008468876,18.267805722442173,43.081761423626304,889,True,1,2725.146116079875,18.24338547424696,37.7242169671641,889,True,1,14.183016443232333,18.205511793555154,37.451303415519206,0_0_0_10_14_16,-23.0,42,offpacket_bootstrap,offpacket,4.0,4.234519157567713,4.598837474110578
3,19,510,multiscale_only_diverse16,16,972,False,285,0.27458904398578454,-6.34195587254951,2.482982564929683,972,False,231,0.014772950365428519,-5.98539816979428,3.402444315747867,972,False,191,0.016979856941038166,-5.1713258581803565,3.7935980897831403,972,False,864,0.03173576213474803,-4.16976623590572,-1.2346310482855738,395,False,951,0.09188180380632209,-4.253772050980191,-1.96973640477254,972,False,155,0.14691573073488678,-7.343515494824145,7.359626365566699,510,True,1,30.60988897875709,13.118641865409968,22.842194575414467,972,False,190,6.885570329611175,-5.495637382490396,3.7213236492869184,0_0_0_10_14_16,-23.0,42,offpacket_bootstrap,offpacket,4.0,4.234519157567713,4.598837474110578
3,20,860,multiscale_only_diverse16,16,628,False,187,0.27478091411368055,-24.885904232884993,4.055695500175046,629,False,37,0.035615117831559774,-19.436230043736977,7.231624415020878,628,False,229,0.015570689491686105,-25.294178224238394,3.4053636671129213,628,False,758,0.0319866685498887,-22.193232905880073,-0.8473086884492032,628,False,632,0.11158709439285934,-17.277938081045217,-0.5209199835343712,628,False,148,0.13375973447290043,-27.986849551243314,7.982325967811764,628,False,419,0.7941093161254452,-29.53311638781869,1.2160440511682071,628,False,136,7.451608463934132,-23.724058100680576,5.126646507225247,0_0_0_10_14_16,-23.0,42,offpacket_bootstrap,offpacket,4.0,4.234519157567713,4.598837474110578
3,21,553,multiscale_only_diverse16,16,628,False,49,0.36729185179764556,-24.917314728137747,7.9416665839572484,629,False,555,0.003599877473856377,-29.027619377248065,-0.5335326877820155,628,False,62,0.021401616250458486,-25.182148574130323,7.015003558592632,628,False,112,0.05098929633270267,-21.422589922261945,3.128319973436126,628,False,180,0.1444589111704925,-17.18765566811435,2.484104836137078,628,False,76,0.15416253663912508,-28.67687338000612,12.046677707247248,628,False,40,3.654729140524597,-24.0978893699415,9.066877641335669,628,False,60,7.547306822937265,-25.0203524378294,7.074895585056638,0_0_0_10_14_16,-23.0,42,offpacket_bootstrap,offpacket,4.0,4.234519157567713,4.598837474110578
3,22,629,multiscale_only_diverse16,16,145,False,3,0.5587363824464688,-3.1146900033244607,9.04101181665361,145,False,101,0.015140359841663729,-7.363947792286173,5.214685912112942,145,False,8,0.03315163174501589,-3.700261232750534,8.620088021637153,145,False,52,0.0422120799416481,-3.7832988996693357,2.3208446888841494,145,False,314,0.0970988702243783,-4.685149441739988,0.9736299935731831,145,False,3,0.4388085784688414,-3.0316523364056587,15.260906671307787,629,True,1,9.601553667706959,0.40102673819583634,11.487206592532251,145,False,8,11.418154309691658,-3.374595837381444,8.465284517199333,0_0_0_10_14_16,-23.0,42,offpacket_bootstrap,offpacket,4.0,4.234519157567713,4.598837474110578
3,23,759,multiscale_only_diverse16,16,759,True,1,0.8008313310158464,16.940990479371617,42.67367609645657,759,True,1,0.020986420339671987,6.5836839840421915,38.80664080336964,759,True,1,0.05006570896886541,16.923279682959862,42.49913937371151,759,True,1,0.050073396530782674,12.317042709579042,35.67345021601792,759,True,1,0.051435572794024255,6.9872260575091865,30.64393591909511,759,True,1,0.8007083826866136,16.969067587777875,49.53333206777789,759,True,1,10074.649343532385,16.97099885154676,42.77690498130356,759,True,1,16.707301665410927,16.89747117234102,42.30168657523762,0_0_0_10_14_16,-23.0,42,offpacket_bootstrap,offpacket,4.0,4.234519157567713,4.598837474110578
3,24,874,multiscale_only_diverse16,16,874,True,1,0.8102846181032284,20.77314151922848,42.623635175908106,874,True,1,0.03675972338638395,14.501829099838876,41.71068042695417,874,True,1,0.050644889778752436,20.65748781825598,42.36741221101424,874,True,1,0.05064759262523928,12.521962417563806,35.66877310141107,874,True,1,0.05178096016524049,7.18388672818482,30.483409061209137,874,True,1,0.8102413766613381,20.872488488611182,49.82763260223719,874,True,1,10236.51829583771,20.733037329296398,42.53831609254821,874,True,1,16.854096541157922,20.682901350671553,42.37352326197303,0_0_0_10_14_16,-23.0,42,offpacket_bootstrap,offpacket,4.0,4.234519157567713,4.598837474110578
3,25,720,multiscale_only_diverse16,16,720,True,1,0.7867012661311179,16.48469427235551,42.41294518402772,720,True,1,0.014261759536708956,4.446539665832424,37.26638509588725,720,True,1,0.04905941620379743,16.523583913297767,42.21809959866435,720,True,1,0.0490721794235855,12.288339134270176,35.502433740656286,720,True,1,0.050713261117448845,7.124081841173144,30.36968515507001,720,True,1,0.7864966524113866,16.516980038151495,49.36621956038283,720,True,1,9012.476516272065,16.503821761564186,42.479203431210316,720,True,1,16.376160267500275,16.5966129970109,42.312623040297,0_0_0_10_14_16,-23.0,42,offpacket_bootstrap,offpacket,4.0,4.234519157567713,4.598837474110578
3,26,314,multiscale_only_diverse16,16,468,False,32,0.720919177725591,-19.428849067429034,21.020963509678236,468,False,46,0.008778736075634891,-22.103758364727955,13.545554165265594,468,False,30,0.046927479858057466,-19.262620373623086,20.60360087932748,468,False,50,0.05023511474525867,-18.967453742278707,13.090073384457508,468,False,74,0.10701153209025079,-15.827443240566572,11.227639617836036,468,False,32,0.6734516356449266,-19.724015698773417,29.15419450172868,468,False,30,15.71260671153471,-18.84896597038685,21.349246876972053,468,False,30,15.634864043114927,-19.272702308347306,20.393437656867324,0_0_0_10_14_16,-23.0,42,offpacket_bootstrap,offpacket,4.0,4.234519157567713,4.598837474110578
3,27,602,multiscale_only_diverse16,16,619,False,25,1.564948921564394,-14.444649361446393,12.564218864322001,621,False,377,0.007126356317564257,-24.612163635848773,1.4686629058690772,619,False,29,0.09023529888017683,-14.849046555643062,12.203415360892425,619,False,69,0.10284972681521087,-14.312567693994362,5.631134147911055,619,False,134,0.20948490477638734,-12.058658094314902,3.641707894598258,619,False,24,1.3730093218749202,-14.98112822309509,19.479929743339003,619,False,26,11.050123087535082,-14.302209148540967,13.32574183663514,619,False,29,29.61955124728287,-14.80879628180245,11.888583138606839,0_0_0_10_14_16,-23.0,42,offpacket_bootstrap,offpacket,4.0,4.234519157567713,4.598837474110578
3,28,7,multiscale_only_diverse16,16,814,False,6,0.5387851776678332,-1.0875467649636372,9.743741449721599,677,False,3,0.03911996945824824,-0.09925953967863525,10.736287076811957,814,False,3,0.03945687766928315,-0.36708355066288334,10.324205326349096,814,False,5,0.05588318692360549,-0.8219068948632624,4.453569516368283,195,False,17,0.16100955835142242,-2.270907631909646,3.992331063403177,811,False,4,0.3804146115418269,-0.7088103057037753,15.364976748785077,7,True,1,10.468317656964512,1.7339652662063232,11.666660024186742,811,False,5,12.069884610411583,-0.3622449763712492,9.899147124512252,0_0_0_10_14_16,-23.0,42,offpacket_bootstrap,offpacket,4.0,4.234519157567713,4.598837474110578
3,29,610,multiscale_only_diverse16,16,610,True,1,0.6683329447550932,1.386483622324729,11.792972825734138,938,False,404,0.004175914429329736,-8.83355064010972,1.2735268583658943,610,True,1,0.04193149123120673,0.8033329750843892,11.722158157905454,610,True,1,0.054657644358432095,0.6638260012777859,5.66816029936008,616,False,11,0.11682231573481336,-1.7040333885598569,3.783129862150439,610,True,1,0.5127223710694264,1.5259905961313323,17.544178498902102,610,True,1,12.047036229391678,2.1663550582420315,12.233387196514583,610,True,1,13.754205514348465,1.2476920836975633,11.315841449939022,0_0_0_10_14_16,-23.0,42,offpacket_bootstrap,offpacket,4.0,4.234519157567713,4.598837474110578
3,30,778,multiscale_only_diverse16,16,742,False,4,0.6961725296378205,-1.1915748084341695,9.39189770903461,246,False,59,0.01812474890045719,-2.8675347914764115,5.946827632590229,626,False,4,0.04528805095981689,-1.324433234057341,9.723313016075776,626,False,2,0.07770014356854024,-0.5570714106579191,4.778891829702853,778,True,1,0.2822690578388703,0.2795628867839918,5.332905680769494,626,False,6,0.40576883839668526,-1.6183877072726318,14.14532577904803,778,True,1,10.07439054356169,1.414367300825978,11.508363011213046,626,False,12,11.734649681976618,-2.770049587816806,8.204802555474265,0_0_0_10_14_16,-23.0,42,offpacket_bootstrap,offpacket,4.0,4.234519157567713,4.598837474110578
3,31,897,multiscale_only_diverse16,16,897,True,1,0.6860435651251606,20.959353513236984,40.82200871576218,897,True,1,0.03398715137067243,15.449110521970136,40.08139642995006,897,True,1,0.04289479003644115,20.990296135546732,40.53181579706039,897,True,1,0.04290134875365673,12.727627501297757,33.6099288825998,897,True,1,0.04423648313499868,7.4889129860230135,28.550157283187833,897,True,1,0.6859386834402732,21.134239682269946,48.0248602111169,897,True,1,7289.838441661045,20.983363673936584,40.79121555792543,897,True,1,14.252259140200517,21.032098433558588,40.63202253105089,0_0_0_10_14_16,-23.0,42,offpacket_bootstrap,offpacket,4.0,4.234519157567713,4.598837474110578
3,32,740,multiscale_only_diverse16,16,740,True,1,0.8219826753988038,17.54135064056921,42.64622098711734,740,True,1,0.0184962083078548,5.867459728490214,38.802086657918196,740,True,1,0.0513175775720271,17.510864316680088,42.493804145937624,740,True,1,0.05132190900938588,12.538248892523779,35.876331345410144,740,True,1,0.052214948962663384,7.275828909283064,30.623986611969528,740,True,1,0.8219133021713224,17.560082461314895,49.2405775174075,740,True,1,10384.740548036225,17.54793415284008,42.62733086857387,740,True,1,17.09343908618949,17.489703289225123,42.34113019664964,0_0_0_10_14_16,-23.0,42,offpacket_bootstrap,offpacket,4.0,4.234519157567713,4.598837474110578
3,33,590,multiscale_only_diverse16,16,329,False,21,0.9287747804265223,-13.695939767915547,16.572734174909943,331,False,390,0.003802396536288248,-20.83613762883514,4.128296139232954,329,False,21,0.06396479709095156,-13.193489655295295,16.315856597828994,329,False,29,0.08522296621325362,-11.997187594637921,8.394837597595014,326,False,36,0.2568783142117864,-8.301076329064376,8.627789718264339,329,False,21,0.697099537987408,-14.892241828572919,23.08969576098191,329,False,21,6.950638198357325,-13.903387720944572,16.12515967445022,329,False,21,19.365676345307424,-13.740249253200183,15.899185125128117,0_0_0_10_14_16,-23.0,42,offpacket_bootstrap,offpacket,4.0,4.234519157567713,4.598837474110578
3,34,930,multiscale_only_diverse16,16,329,False,10,1.2436413564173563,-21.418575832968823,17.012104185497275,329,False,14,0.06159286040720171,-20.871972213013375,16.648203575624088,329,False,10,0.07429154439293144,-21.608879253995575,16.843507884749197,329,False,29,0.0765713574782319,-21.479222432045,11.027629753677456,329,False,44,0.12600245921481915,-19.412959859829385,7.955971625953849,329,False,10,1.2066135443064487,-21.5482326549194,23.10757463028751,329,False,10,26.138626762309563,-21.36460567168221,17.15146042976276,329,False,10,24.67735739721843,-21.630928435094777,16.578514551279934,0_0_0_10_14_16,-23.0,42,offpacket_bootstrap,offpacket,4.0,4.234519157567713,4.598837474110578
1,0,222,multiscale_only_diverse16,16,222,True,1,0.7324391971456521,18.251611100435277,40.876284222027614,222,True,1,0.02200555936699312,7.2560074623180295,37.791329194413215,222,True,1,0.04581167796067618,18.28549536979691,40.74189666230101,222,True,1,0.04582294741655302,13.588700955496808,34.03991578072917,222,True,1,0.04710683860028095,8.526903115923984,29.031826927927415,222,True,1,0.732259064882669,18.321076316648533,47.817268755147914,222,True,1,7228.04524094289,18.32497802100669,40.871294426323416,222,True,1,12.088919478737024,18.37609948793286,40.500069223225886,0_0_0_10_14_16,-24.0,42,offpacket_bootstrap,offpacket,4.0,4.234204475491736,4.5985977951225925
1,1,826,multiscale_only_diverse16,16,826,True,1,0.6725193482901801,20.287419690217806,40.173705157388326,826,True,1,0.025611580898229697,9.57440185971232,38.306292789521855,826,True,1,0.04198527926201327,20.115960010069976,40.146823628023725,826,True,1,0.041995145179290434,13.083983628362954,33.16272596742057,826,True,1,0.04339105144838906,7.753550503646887,28.162884922160636,826,True,1,0.6723613533545942,20.422519154303487,47.33545734472066,826,True,1,6749.194675104083,20.30270466091008,40.3638818707877,826,True,1,11.086567025167216,20.3327489759195,40.12330963219439,0_0_0_10_14_16,-24.0,42,offpacket_bootstrap,offpacket,4.0,4.234204475491736,4.5985977951225925
1,2,922,multiscale_only_diverse16,16,922,True,1,0.8157760012935888,18.51850218383175,42.876862552051676,922,True,1,0.04419450558230738,14.474476419648463,42.93227416022112,922,True,1,0.05105955024026896,18.573538999079084,42.6065177871402,922,True,1,0.05106591796572163,13.119129033917066,35.758786362107784,922,True,1,0.05229507146536695,7.816152091485307,30.54473281979933,922,True,1,0.8156742771336394,18.564256027213037,50.019449536867874,922,True,1,9909.245479064306,18.53186848680782,42.877885316074185,922,True,1,13.44353344786912,18.45541519297559,42.55143494863523,0_0_0_10_14_16,-24.0,42,offpacket_bootstrap,offpacket,4.0,4.234204475491736,4.5985977951225925
1,3,718,multiscale_only_diverse16,16,355,False,19,0.7401342501916588,-3.0364958896021848,7.539196465751521,626,False,230,0.017824935288205626,-7.177873422203428,3.2956718541482326,355,False,19,0.04562800016362112,-2.6389972750248947,7.395165684433812,420,False,33,0.076073267824676,-1.491184766617077,2.6823144673541415,260,False,279,0.15914485592599997,-3.7192705222920344,0.9437814031303282,355,False,19,0.4439252664507243,-4.296667164237983,12.205606683185184,355,False,15,4.295415422730123,-2.5142216704496905,7.641226157885848,355,False,27,11.11189274467679,-2.9633829411727564,6.846665322713593,0_0_0_10_14_16,-24.0,42,offpacket_bootstrap,offpacket,4.0,4.234204475491736,4.5985977951225925
1,4,107,multiscale_only_diverse16,16,337,False,30,0.5892976079763947,-24.909383869507916,9.311169281801083,338,False,47,0.026270284368996037,-24.342608495234362,7.849540454306282,337,False,34,0.0403572423961525,-24.513640876593765,9.31404546666827,337,False,77,0.062548112943072,-22.61733805996027,4.378415074659535,337,False,143,0.146628827763986,-19.35073257999028,3.0866325624907223,337,False,31,0.3802261217731977,-26.80568668614141,14.389689307795772,337,False,31,4.3629382161093915,-25.221243839488405,9.138704382947793,337,False,30,11.07260234403289,-24.402407836371587,9.461703653935933,0_0_0_10_14_16,-24.0,42,offpacket_bootstrap,offpacket,4.0,4.234204475491736,4.5985977951225925
1,5,468,multiscale_only_diverse16,16,337,False,10,1.0220191173232251,-13.15994047038685,19.685833807911802,338,False,44,0.007871552596025814,-20.506540194141863,10.090810632410799,337,False,10,0.06378486295687055,-13.148834408215658,19.451179166810086,337,False,10,0.07014480958483926,-12.74257262291378,12.80342595979456,337,False,17,0.14013288688480466,-9.992207764764544,10.757786368873024,337,False,10,0.9293538570222794,-13.56620225568873,26.607741604690922,337,False,10,39.05667128835685,-13.706761461528838,19.50668725873347,337,False,10,17.651737595381302,-12.954326561598284,19.7534026376716,0_0_0_10_14_16,-24.0,42,offpacket_bootstrap,offpacket,4.0,4.234204475491736,4.5985977951225925
1,6,89,multiscale_only_diverse16,16,128,False,19,1.1925744089276122,-23.84673881663268,18.654005721734674,128,False,19,0.07387731339839683,-22.94697605171786,19.257829991054347,128,False,19,0.07252574670772938,-23.97758800705647,18.16608069140772,128,False,59,0.07671869309498763,-23.73432957190943,11.466443143309842,128,False,121,0.12236941472329951,-21.873337098664027,8.222378564539333,128,False,19,1.1273960233513807,-24.089997251779714,25.82656932626772,128,False,19,20.374856533090544,-23.95071932192768,18.467003265743397,128,False,18,19.427430705557963,-23.913963838963355,18.085661606311653,0_0_0_10_14_16,-24.0,42,offpacket_bootstrap,offpacket,4.0,4.234204475491736,4.5985977951225925
1,7,713,multiscale_only_diverse16,16,128,False,15,0.6935111177178932,-15.84275086179913,24.79204573703429,128,False,26,0.015461652401195495,-19.963211191825426,19.587372821105077,128,False,15,0.04392342630350271,-15.763200796762298,24.327372981438128,128,False,37,0.044510950006049946,-15.708065912588102,13.65467683435239,128,False,74,0.060292492733366725,-14.636297896022818,9.450930072708799,128,False,15,0.6843570956270615,-15.897885745973323,36.06738297925484,128,False,15,41.27293421149305,-15.88027875237593,24.86111762437728,128,False,15,11.465880131648499,-15.820235063398824,23.6632604578044,0_0_0_10_14_16,-24.0,42,offpacket_bootstrap,offpacket,4.0,4.234204475491736,4.5985977951225925
1,8,865,multiscale_only_diverse16,16,865,True,1,0.8108549489325902,18.10779407143342,42.8831482140848,865,True,1,0.03545162742870467,10.747696555446849,41.801725308632086,865,True,1,0.05067380830165975,18.05828478652637,42.716077695566526,865,True,1,0.05067973490998561,12.278854465528642,35.93681045404785,865,True,1,0.052115996624704466,6.878972164020174,30.801781573672734,865,True,1,0.8107601256329036,18.170435752953534,49.93361532192495,865,True,1,9549.853283040886,18.085678971693298,42.81647350759763,865,True,1,13.441710780604083,18.263746462139018,42.64134678905023,0_0_0_10_14_16,-24.0,42,offpacket_bootstrap,offpacket,4.0,4.234204475491736,4.5985977951225925
1,9,492,multiscale_only_diverse16,16,492,True,1,0.8031406826014553,14.932403081995073,42.84578157873767,493,False,5,0.0007518091901832806,-11.481638389697393,24.654662342815513,492,True,1,0.050282906948627006,14.925971908973244,42.76817952299554,492,True,1,0.05029164226879614,11.955281196186554,35.81188983965694,492,True,1,0.05118442652880551,6.6755952339332705,30.65479682552166,492,True,1,0.8030011824641187,14.951524558304968,50.292732125529646,492,True,1,10186.029030053289,14.949526354777484,43.0223312444858,492,True,1,13.236610171500613,14.876643979081447,42.46846539480331,0_0_0_10_14_16,-24.0,42,offpacket_bootstrap,offpacket,4.0,4.234204475491736,4.5985977951225925
1,10,765,multiscale_only_diverse16,16,765,True,1,0.8085675403278323,18.81389544738732,42.803406577320374,765,True,1,0.021457379656884303,6.163038739456955,39.365456082318644,765,True,1,0.050537160139796956,18.7761350289496,42.6883016957263,765,True,1,0.05054410229610633,12.226319925776124,35.80412889843024,765,True,1,0.05159538764555657,6.897828633933437,30.71069088448711,765,True,1,0.8084564847942162,18.84910994297522,49.97983203361169,765,True,1,10179.227852908572,18.78036958174848,42.75748528902692,765,True,1,13.411712491309183,18.91844483424299,42.57084466491459,0_0_0_10_14_16,-24.0,42,offpacket_bootstrap,offpacket,4.0,4.234204475491736,4.5985977951225925
1,11,1023,multiscale_only_diverse16,16,1023,True,1,1.8824303923756815,3.174446829575905,13.081348130874169,1023,True,1,0.11152817798212498,0.15664772452185696,12.740395955446477,1023,True,1,0.11137389772865998,3.002604502218354,12.80347440321413,1023,True,1,0.14512966951317294,2.443938152793193,6.583257535571965,1023,True,1,0.35551590271667133,0.1675942768327302,5.359690180212093,1023,True,1,1.4445951038477414,3.7331131790010663,19.105267611105894,1023,True,1,13.524943358034585,2.738312680578524,13.045294255300382,1023,True,1,31.48086280670846,3.82330036089557,13.296277798914435,0_0_0_10_14_16,-24.0,42,offpacket_bootstrap,offpacket,4.0,4.234204475491736,4.5985977951225925
1,12,597,multiscale_only_diverse16,16,299,False,205,0.4607995245909393,-7.525694240633907,3.3995615072017427,399,False,111,0.04022242235865335,-5.394876079357181,4.934549719386498,299,False,289,0.023693019140797782,-7.807984829394355,2.4127737836122725,299,False,298,0.08040149315426591,-3.9648709618616396,0.7178353443364948,940,False,90,0.3648035989540645,-2.9041184596025893,2.2347260863607707,299,False,256,0.13579016418582987,-11.368808108166622,5.1256296567089175,299,False,149,1.8417727823956787,-6.516642967111771,3.839250919729345,299,False,260,6.940782692590938,-8.17373452562316,2.8628500793681413,0_0_0_10_14_16,-24.0,42,offpacket_bootstrap,offpacket,4.0,4.234204475491736,4.5985977951225925
1,13,562,multiscale_only_diverse16,16,562,True,1,0.5849488719099014,11.20021659927501,18.739367109913104,563,False,3,0.002997445834713202,-2.947763041485281,7.759273556954324,562,True,1,0.037857084713808616,10.929228463347735,18.635080871968064,562,True,1,0.0411801100129511,8.393784957820401,12.253665416977222,562,True,1,0.07433732998289061,3.900450597240534,9.889705779810821,562,True,1,0.5377464749408274,12.662233493995512,24.738577355992824,562,True,1,939.228186719592,18.840631462960943,36.53092130586623,562,True,1,9.987725375619679,11.476339379118103,18.73857341709201,0_0_0_10_14_16,-24.0,42,offpacket_bootstrap,offpacket,4.0,4.234204475491736,4.5985977951225925
1,14,478,multiscale_only_diverse16,16,876,False,23,0.7700546792253959,-4.180250554991549,7.0660792460721735,876,False,140,0.026989998806795087,-6.183066270936112,4.092163597413453,876,False,16,0.05251102681668461,-3.98801477454452,7.364866729458317,876,False,42,0.08598817411974834,-3.0503033758333435,2.3007738041240606,319,False,375,0.18478112078731262,-4.802721377546874,0.6576139919134911,876,False,17,0.4702549196451827,-5.117961953702727,11.984343803369965,823,False,4,7.278590347500884,-1.7987823655460453,9.666574496090188,876,False,18,14.537554006437842,-4.379289926165953,7.1992599944317694,0_0_0_10_14_16,-24.0,42,offpacket_bootstrap,offpacket,4.0,4.234204475491736,4.5985977951225925
1,15,267,multiscale_only_diverse16,16,267,True,1,0.8193217650968201,18.829780471979426,42.81413578257596,267,True,1,0.017077711111572958,5.029677831003639,37.89207288349409,267,True,1,0.051176808557450076,18.778889797214696,42.368897903699725,267,True,1,0.05118612448180838,12.705298811724976,35.69359122282355,267,True,1,0.05291139626489325,7.3375702272101915,30.67874728158597,267,True,1,0.8191726477399969,18.854447773602732,49.68196943638806,267,True,1,9675.51438714503,18.900531387073414,42.716624991107565,267,True,1,13.501317487113008,18.736367399680727,42.37232224470152,0_0_0_10_14_16,-24.0,42,offpacket_bootstrap,offpacket,4.0,4.234204475491736,4.5985977951225925
1,16,917,multiscale_only_diverse16,16,917,True,1,0.8472619472386214,25.023748208778194,43.258803400765125,917,True,1,0.044269420309388595,17.282920025225245,42.84498976686858,917,True,1,0.05299614000459403,25.156193987383947,43.13314226074173,917,True,1,0.05300430076203383,12.601098659672079,35.94930785849356,917,True,1,0.053632441281385466,7.2496790124443065,30.620746364548932,917,True,1,0.8471314993477902,25.139144485563335,50.50380887081836,917,True,1,11635.903211713412,25.035954491597415,43.3161245380882,917,True,1,13.98325711633596,25.349454278696598,42.68168586231401,0_0_0_10_14_16,-24.0,42,offpacket_bootstrap,offpacket,4.0,4.234204475491736,4.5985977951225925
1,17,656,multiscale_only_diverse16,16,656,True,1,0.8303647132402183,19.153769775783626,42.990339988613556,656,True,1,0.009006129445622173,0.8424413408650516,35.64375210347476,656,True,1,0.05192092629834304,19.048271652635385,42.751687687939636,656,True,1,0.051927643654251475,12.592494883598464,35.88658860098294,656,True,1,0.05303089894600385,7.376713840037034,30.745872450353822,656,True,1,0.8302572973260709,19.213579431095795,50.044599217729136,656,True,1,10513.341336238613,19.184891140222824,43.055653985269124,656,True,1,13.71711080961134,19.062178003385885,42.76026744552989,0_0_0_10_14_16,-24.0,42,offpacket_bootstrap,offpacket,4.0,4.234204475491736,4.5985977951225925
1,18,889,multiscale_only_diverse16,16,889,True,1,0.8129554383069717,22.44950849488461,42.62585112410788,889,True,1,0.038534809120714164,14.994748587353916,41.99131048669547,889,True,1,0.05078224114387025,22.60157210793576,42.588671412819835,889,True,1,0.050786005430593556,12.494957235316615,35.82542391348471,889,True,1,0.05160969801757728,7.1858374691882325,30.6184420824261,889,True,1,0.8128951816016625,22.573777051824973,49.902705813327955,889,True,1,10082.602808549982,22.498703456111784,42.75265034763362,889,True,1,13.447976394235281,22.44232139093964,42.41184939590036,0_0_0_10_14_16,-24.0,42,offpacket_bootstrap,offpacket,4.0,4.234204475491736,4.5985977951225925
1,19,510,multiscale_only_diverse16,16,510,True,1,1.3023228972979837,0.34724414874279524,10.245776462497542,143,False,13,0.05179153455433376,-1.2598358089683617,8.229469087376295,510,True,1,0.08801474755624028,0.9672965805656858,10.098607350309157,313,False,2,0.11053392364928775,-0.29626517909755423,4.282010673582892,491,False,9,0.3321423021179615,-0.8350668986573072,4.017153118462332,510,True,1,1.0369994772472013,1.6108059084060353,15.829255303314921,427,False,3,6.396355470603971,-0.8388216770549126,9.412275106931563,313,False,2,21.730000449553415,-0.21032208963752225,9.64921911910205,0_0_0_10_14_16,-24.0,42,offpacket_bootstrap,offpacket,4.0,4.234204475491736,4.5985977951225925
1,20,860,multiscale_only_diverse16,16,117,False,27,0.9236784608995698,-2.2727011954573695,7.065129040820178,525,False,6,0.09594305105165393,-2.252320675442963,9.51170131672544,552,False,9,0.07967340970277016,-1.3098281057318713,8.35950956748696,689,False,2,0.15597002695767695,-0.38740233994611745,4.06787275996787,628,False,45,0.404474675287086,-1.8666778875280008,3.0734360876714435,552,False,33,0.4718381722716842,-3.535689778234738,11.242836077502435,117,False,5,5.532248979446433,-2.0410185590580343,8.681436044759952,4,False,21,14.79322996342543,-2.2855034569674273,6.863013798450631,0_0_0_10_14_16,-24.0,42,offpacket_bootstrap,offpacket,4.0,4.234204475491736,4.5985977951225925
1,21,553,multiscale_only_diverse16,16,553,True,1,0.8385822824240599,18.629895978874963,42.76339100863444,552,False,3,0.002594035170804693,-5.520241461678161,29.53568217032406,553,True,1,0.052387616260720964,18.518076597827967,42.49968846447721,553,True,1,0.05239345177224068,12.49765035722508,35.771851998539844,553,True,1,0.053276519211328005,7.137878705811051,30.731260614925873,553,True,1,0.8384888822680521,18.669942467859123,49.58341761902821,553,True,1,10451.160880110496,18.622790366281045,42.87152430058019,553,True,1,13.875467492891653,18.504531806330753,42.34845703838589,0_0_0_10_14_16,-24.0,42,offpacket_bootstrap,offpacket,4.0,4.234204475491736,4.5985977951225925
1,22,629,multiscale_only_diverse16,16,963,False,36,0.7281632664025928,-3.086848294490421,7.095699516481824,952,False,814,0.0031926753820420537,-15.406108035842315,-4.8621574295734025,952,False,104,0.032268015505543673,-5.274446019083672,5.214921829483093,952,False,279,0.06426615960808717,-4.445894395260545,0.9196428081629431,953,False,329,0.2080550232615203,-4.5693201598774,0.8694088555530637,963,False,46,0.36561051281317636,-5.196145175117567,11.31576992260234,963,False,7,5.335027176579245,-2.0511946168707675,8.69663950844825,952,False,69,10.182283384720277,-4.53159817724741,5.868519658198464,0_0_0_10_14_16,-24.0,42,offpacket_bootstrap,offpacket,4.0,4.234204475491736,4.5985977951225925
1,23,759,multiscale_only_diverse16,16,759,True,1,0.8252474115220707,21.965548584446605,41.04900938042016,759,True,1,0.02109548436745144,7.774758494296599,37.22493885864638,759,True,1,0.05158741645175017,21.89610746057624,40.80660585747134,759,True,1,0.051599357789188914,12.606701553858382,34.92674895562073,759,True,1,0.053023089547681555,6.9937465467568565,29.84486417843825,759,True,1,0.8250564293425696,22.06914353650978,47.057361553918454,759,True,1,5559.331273440471,22.166447260829457,41.144476438866526,759,True,1,13.630944140250348,21.866783857706675,40.76675255339821,0_0_0_10_14_16,-24.0,42,offpacket_bootstrap,offpacket,4.0,4.234204475491736,4.5985977951225925
1,24,874,multiscale_only_diverse16,16,20,False,259,0.24555530657585223,-5.853392559916298,2.798060683651525,256,False,437,0.009935032213252497,-8.759705817699151,0.9311580548089533,697,False,339,0.014185938248781078,-6.205862086436065,2.09000845467957,854,False,583,0.03936115967515857,-4.6037740174216495,-0.2614682794259244,843,False,799,0.10486875022032492,-7.33286374619346,-1.5870738847485706,20,False,242,0.08849923235224173,-8.382678544634137,4.839751124456347,874,True,1,10.653169237609918,4.101629808606372,13.57291962886892,379,False,254,4.350514100118157,-5.580977260036148,2.917085864445271,0_0_0_10_14_16,-24.0,42,offpacket_bootstrap,offpacket,4.0,4.234204475491736,4.5985977951225925
1,25,720,multiscale_only_diverse16,16,775,False,41,0.5058006058298794,-27.3883587677668,9.307631586966364,775,False,86,0.015401918598731933,-30.123835311701846,6.400391785975394,775,False,45,0.030168082545508738,-27.612081454907656,9.153927812847845,775,False,99,0.053776134425995326,-25.104299796141976,4.4869327929644625,775,False,158,0.14087805755477473,-21.182169995318056,3.420540576133579,775,False,51,0.28375104665142925,-29.896140426532476,14.381091592569032,775,False,37,5.607434959203572,-26.61570478962767,11.699126655009085,775,False,98,4.404261816402886,-30.1892569866046,5.751425373508119,0_0_0_10_14_16,-24.0,42,offpacket_bootstrap,offpacket,4.0,4.234204475491736,4.5985977951225925
1,26,314,multiscale_only_diverse16,16,775,False,20,0.7617079330173091,-15.473039493744423,7.668089213960969,777,False,38,0.04402444192400531,-7.870148186216467,7.410627544801821,775,False,20,0.05179752742504006,-15.013239051510322,7.902923820510789,775,False,39,0.0988907660525905,-12.278889087928583,3.6330484792046374,775,False,38,0.43847779436877826,-7.570050635726809,5.130704832664399,775,False,29,0.3989714017318112,-18.20738945732616,11.818837091960798,775,False,54,2.878462386910807,-17.029574453104534,6.283404098783569,775,False,31,11.510070318622008,-15.646270436660373,6.925057759819143,0_0_0_10_14_16,-24.0,42,offpacket_bootstrap,offpacket,4.0,4.234204475491736,4.5985977951225925
1,27,602,multiscale_only_diverse16,16,602,True,1,0.6528747371504693,4.4021410265920204,12.119071853816983,657,False,103,0.009129166399842854,-3.9184214110666806,4.745982612813571,602,True,1,0.04660360391141765,4.062021170702095,12.21599100194183,602,True,1,0.055189918100853205,2.348945519927239,6.073247282258745,674,False,4,0.11104353528452195,-0.6418737248504063,4.0520257481349375,602,True,1,0.5513020620601538,5.7731940314966135,18.1596187740821,602,True,1,22.580807090150657,6.20112324001389,15.056980375742048,602,True,1,11.817574536429495,3.173417786623803,12.628965058314563,0_0_0_10_14_16,-24.0,42,offpacket_bootstrap,offpacket,4.0,4.234204475491736,4.5985977951225925
1,28,7,multiscale_only_diverse16,16,7,True,1,0.8409925165427836,22.133111363044446,43.19345081582676,7,True,1,0.052157703533433644,21.61387306628626,43.617590460249474,7,True,1,0.052564666652786016,22.119551799618,42.92834890646609,7,True,1,0.05256785425063553,13.3959220693418,35.85231189632411,7,True,1,0.053285445776333755,8.032747705387402,30.50114476263328,7,True,1,0.8409415206256894,22.255466788186403,50.49518098414609,7,True,1,12245.157669705708,22.13945226413675,43.304542021813255,7,True,1,13.892959216985352,21.96968910444843,42.795513861018094,0_0_0_10_14_16,-24.0,42,offpacket_bootstrap,offpacket,4.0,4.234204475491736,4.5985977951225925
1,29,610,multiscale_only_diverse16,16,610,True,1,0.8298993045355587,22.378442235599675,42.775881188125034,609,False,3,0.006096613518758599,-1.5881834167696312,33.92231562634527,610,True,1,0.05191981479771325,22.44580836808491,42.606038343018085,610,True,1,0.05192391352269059,12.771455355765283,35.87656302398523,610,True,1,0.05307617096411085,7.426227384704117,30.663701567519155,610,True,1,0.8298337946620264,22.500739058951694,49.90092459678155,610,True,1,11339.961350745476,22.444463267035562,42.84199293872905,610,True,1,13.702150418552513,22.61218013808739,42.436224472702335,0_0_0_10_14_16,-24.0,42,offpacket_bootstrap,offpacket,4.0,4.234204475491736,4.5985977951225925
1,30,807,multiscale_only_diverse16,16,807,True,1,0.8434958746167922,22.922880059084356,42.98412570004247,807,True,1,0.028506135781463462,9.251136337039453,40.46097862669686,807,True,1,0.05275091611123273,22.851670435057304,42.74067799569325,807,True,1,0.05275317272958282,13.025747387863454,35.871955971331595,807,True,1,0.05373182709173895,7.72261464781592,30.71989268078175,807,True,1,0.8434597924596368,23.06674417456768,49.90224591868746,807,True,1,11593.602014176106,22.898144560683285,42.99320346381907,807,True,1,13.967032246711257,22.862387802441006,42.61330761819808,0_0_0_10_14_16,-24.0,42,offpacket_bootstrap,offpacket,4.0,4.234204475491736,4.5985977951225925
1,31,897,multiscale_only_diverse16,16,897,True,1,0.8340802682021753,19.414308432029788,42.82850537051968,897,True,1,0.041116454884848476,13.384984677367227,41.91436398677867,897,True,1,0.052122480010971715,19.304588049064844,42.717863196874575,897,True,1,0.052129521271211364,13.24188144784686,35.875744498435374,897,True,1,0.053538229744953196,8.009418344339418,30.554823569097948,897,True,1,0.8339676069675054,19.476619030722205,50.16680327200941,897,True,1,11148.228094235108,19.396883481794585,42.901119772964755,897,True,1,13.806568237023965,19.350016456020423,42.487069782254125,0_0_0_10_14_16,-24.0,42,offpacket_bootstrap,offpacket,4.0,4.234204475491736,4.5985977951225925
1,32,749,multiscale_only_diverse16,16,179,False,20,0.8212607579881848,-1.4243702640505431,6.904309771371262,468,False,372,0.013715041597360568,-7.5307343416206605,1.5364602902928506,179,False,8,0.05410952574019102,-0.8793963659728934,7.342813082429149,241,False,101,0.07667305307744456,-2.2802810969094005,1.9051676961293378,212,False,212,0.2652170241565929,-4.152858269929737,1.674170263689875,179,False,5,0.5795782004257127,-0.7482529152316459,12.187643397998972,749,True,1,86.58375185588115,15.109290146118076,33.98671067618517,241,False,28,13.965797219421187,-1.609642611943386,6.761365637840271,0_0_0_10_14_16,-24.0,42,offpacket_bootstrap,offpacket,4.0,4.234204475491736,4.5985977951225925
1,33,584,multiscale_only_diverse16,16,584,True,1,0.8145124426840233,19.365026112660697,42.90586120964852,583,False,3,0.005009879465565797,-2.8312806996296924,32.63717124558986,584,True,1,0.05081683359166768,19.381210685750226,42.46314898746319,584,True,1,0.05082978292158639,12.841856919850635,35.63500476584395,584,True,1,0.05122782759156208,7.407179690297187,30.502081464477815,584,True,1,0.814304938544974,19.431347752547975,49.69096901951189,584,True,1,10467.000798383016,19.382601892920345,42.81630747274785,584,True,1,13.455074035058084,19.45615855759488,42.483240492074174,0_0_0_10_14_16,-24.0,42,offpacket_bootstrap,offpacket,4.0,4.234204475491736,4.5985977951225925
1,34,934,multiscale_only_diverse16,16,934,True,1,0.7932309397591695,19.67723021833131,42.553661244441756,934,True,1,0.04366167192638404,15.846996516679406,42.56670259106333,934,True,1,0.04958029393437086,19.64952147803349,42.589404322900386,934,True,1,0.049589430436461523,12.889356588411307,35.607434766307364,934,True,1,0.050658251739821095,7.594048957076574,30.305647145618053,934,True,1,0.7930847925645819,19.732484674314346,49.72288890567842,934,True,1,9536.604045907974,19.680357844807112,42.560571981452554,934,True,1,13.133742008815682,19.7563405655576,42.42370288172964,0_0_0_10_14_16,-24.0,42,offpacket_bootstrap,offpacket,4.0,4.234204475491736,4.5985977951225925
2,0,803,multiscale_only_diverse16,16,803,True,1,0.7877436206130461,10.65523941765873,18.116020777884476,803,True,1,0.03662847639770387,8.07133145009689,15.877563441852605,803,True,1,0.04958410631367644,10.099654863769999,17.12017876705407,803,True,1,0.055198287550663326,7.985222629264995,10.65677159404261,803,True,1,0.08170355785238428,2.235590724037894,6.359841424347686,803,True,1,0.7076227391392742,12.769671652163732,24.17197847281869,803,True,1,1275.178888535732,19.40672141935886,40.48205893769686,803,True,1,13.969713750909783,10.69264393648284,17.04374531539995,0_0_0_10_14_16,-24.0,42,offpacket_bootstrap,offpacket,4.0,4.234204475491736,4.5985977951225925
2,1,826,multiscale_only_diverse16,16,478,False,3,1.3373080260670491,-1.3693657293259178,10.202329837454156,994,False,6,0.06643397835941511,-1.5389176652406524,8.830400744135613,478,False,2,0.08201193031563914,-0.8589843285255658,9.941508009409086,994,False,4,0.11752407451511061,-0.5799633883434386,3.8527387682418093,269,False,122,0.25969850562381896,-2.642440952820694,2.2625838346195386,478,False,3,0.9332148591415141,-1.6849307429640628,16.217278084724665,826,True,1,12.503904288785968,1.3423225410047224,12.762885038790976,478,False,2,23.595680584265768,-0.9374647413160736,10.440362192737147,0_0_0_10_14_16,-24.0,42,offpacket_bootstrap,offpacket,4.0,4.234204475491736,4.5985977951225925
2,2,922,multiscale_only_diverse16,16,47,False,6,1.146283469748596,-1.704914060379915,8.763547183622736,47,False,6,0.06829581328117408,-2.0111379933659967,8.362671504135196,501,False,11,0.06731442220106447,-2.312093435595463,8.372907977161656,501,False,29,0.09531432057357225,-1.9106471313728755,2.7940186663317546,365,False,181,0.23580347029446344,-3.887887083786506,1.6864698147425297,501,False,4,0.8095468653652933,-2.0021518953533812,13.830933295094942,47,False,6,5.556617725363139,-1.9341343053449702,8.86535335763779,501,False,6,20.460790015439645,-1.5323938460556328,8.734261652365142,0_0_0_10_14_16,-24.0,42,offpacket_bootstrap,offpacket,4.0,4.234204475491736,4.5985977951225925
2,3,718,multiscale_only_diverse16,16,718,True,1,0.810761883517003,25.648971744607504,42.61838111928996,718,True,1,0.017179451917484666,5.129137777550574,37.89822273119184,718,True,1,0.050575504427476485,25.589766080008587,42.063872722311196,718,True,1,0.050580338801236954,12.906548178478891,35.68447385376888,718,True,1,0.05166238292588338,7.617841075527502,30.4466344761384,718,True,1,0.8106843924193046,25.75246051515631,49.52836235487836,718,True,1,10856.570172789023,25.636337974151992,42.60420222464618,718,True,1,13.411202665063037,25.433979380260425,42.07512234823839,0_0_0_10_14_16,-24.0,42,offpacket_bootstrap,offpacket,4.0,4.234204475491736,4.5985977951225925
2,4,86,multiscale_only_diverse16,16,86,True,1,0.2911861872219248,1.2889440519078144,11.311950907064404,86,True,1,0.03387553137735181,4.519082652544906,13.789875617705016,86,True,1,0.019971085573471957,2.4588529185523758,12.013050321656806,86,True,1,0.025735753250101124,1.85156983866722,5.663602918858536,788,False,11,0.052649497506345004,-0.5137710221175449,3.4727472912432216,86,True,1,0.22596207720476325,1.8962271317929702,17.553747637122598,86,True,1,48.51240006494708,7.064486030615498,20.112895340783226,86,True,1,4.6158687880158915,1.1197716115876297,10.984856450565601,0_0_0_10_14_16,-24.0,42,offpacket_bootstrap,offpacket,4.0,4.234204475491736,4.5985977951225925
2,5,468,multiscale_only_diverse16,16,576,False,48,0.5569550335810938,-3.1596039163046354,6.039661351923692,661,False,54,0.03756597835903521,-3.154243451820002,6.386231067257454,576,False,43,0.03972392319876124,-2.642713169380843,6.365844348833219,228,False,76,0.07161723367170619,-1.6494650648326512,2.067081281173845,224,False,66,0.25192288274102126,-2.8752990191990064,2.4044925198247284,576,False,42,0.3089261878021903,-4.481401377182635,10.266784207027067,576,False,17,4.237617767686421,-1.5979750692665964,7.648530212892167,576,False,48,9.33874949314452,-2.839246326451954,6.036290450842334,0_0_0_10_14_16,-24.0,42,offpacket_bootstrap,offpacket,4.0,4.234204475491736,4.5985977951225925
2,6,89,multiscale_only_diverse16,16,89,True,1,0.7868166262500189,21.16217112882229,41.70178475738186,89,True,1,0.03905990811499882,13.802549041386028,41.558857585021,89,True,1,0.04911178421941886,21.159318316454762,41.50547606773783,89,True,1,0.049120422146485064,13.466118123156187,34.9457003864469,89,True,1,0.050170550225144966,7.8834934818538365,29.848578163304214,89,True,1,0.7866782629311582,21.22461231680523,48.64453118405176,89,True,1,7992.708183295107,21.192831883720014,41.70966494680579,89,True,1,13.000324783765414,21.090301262280725,41.18710479893486,0_0_0_10_14_16,-24.0,42,offpacket_bootstrap,offpacket,4.0,4.234204475491736,4.5985977951225925
2,7,713,multiscale_only_diverse16,16,713,True,1,1.5568516133740218,0.23781626117418017,9.951312690521409,1003,False,2,0.07832604648430659,-0.23785792241105042,8.885240762050211,713,True,1,0.09429605008893431,0.05597134667634181,9.731257404981719,391,False,4,0.12363962978970115,-0.7293328592934735,3.8255994275685112,113,False,100,0.29874596810501514,-2.8001719733313806,2.4311439692418673,713,True,1,1.1873616733199197,0.4671672997011866,15.820240283760047,713,True,1,24.916478494835548,8.966123863824393,18.6987044770223,391,False,8,21.269954145438753,-0.7340488566736031,8.385491809946418,0_0_0_10_14_16,-24.0,42,offpacket_bootstrap,offpacket,4.0,4.234204475491736,4.5985977951225925
2,8,865,multiscale_only_diverse16,16,865,True,1,0.787256044930075,19.476726901928785,42.55282467607987,865,True,1,0.034940538165107074,11.468231922908036,41.507370194070944,865,True,1,0.04929552083367342,19.567964674750062,42.33098124404533,865,True,1,0.04929934958788026,12.913495198357712,35.48533992837089,865,True,1,0.050264591209560984,7.58022775991956,30.37598017331888,865,True,1,0.7871949039633263,19.539026006701846,49.44224786404902,865,True,1,9808.918607920672,19.50551071097386,42.45975249499389,865,True,1,13.029165754466309,19.36132841809833,42.14338344936331,0_0_0_10_14_16,-24.0,42,offpacket_bootstrap,offpacket,4.0,4.234204475491736,4.5985977951225925
2,9,492,multiscale_only_diverse16,16,394,False,17,0.6696637772812473,-10.282541680000449,26.998017111766405,394,False,32,0.002920573280819778,-16.140169894219504,13.559387998237618,394,False,17,0.0412661217679404,-10.32825088409693,26.527882327437343,394,False,23,0.041820647231541,-10.274270274239555,18.07040163846249,394,False,35,0.05444813999687603,-9.442053053583745,13.999496791028195,394,False,17,0.6607842969016767,-10.336522289857825,36.75880694948345,394,False,17,31.87074315584068,-10.333526475172864,26.444290668472835,394,False,17,11.446411462879936,-10.171267776269096,26.82132290584328,0_0_0_10_14_16,-24.0,42,offpacket_bootstrap,offpacket,4.0,4.234204475491736,4.5985977951225925
2,10,765,multiscale_only_diverse16,16,393,False,46,0.6780169431631613,-22.973869891712717,15.03930086902741,394,False,38,0.025763936678883756,-22.229868457974703,12.903840876150166,393,False,45,0.04386148649664097,-22.83225430289705,14.461839202175828,393,False,132,0.05243403402229612,-22.05869276712365,7.357757229887898,393,False,206,0.10985099038395449,-19.02857810996299,4.864780631141421,393,False,48,0.56716656560125,-23.747431427486116,22.537971019570087,393,False,48,4.937281855355691,-23.293990180818017,14.64366085555252,393,False,47,11.052889971683175,-23.055608802648422,14.169514439284805,0_0_0_10_14_16,-24.0,42,offpacket_bootstrap,offpacket,4.0,4.234204475491736,4.5985977951225925
2,11,1023,multiscale_only_diverse16,16,1023,True,1,0.7893836964911003,15.195823661237206,42.81045616354908,1023,True,1,0.049380455916936725,15.370522593124187,43.604490846141104,1023,True,1,0.049286585023040154,15.280436760097105,42.423263405201546,1023,True,1,0.04929082188501911,13.90395386209094,35.58052995798006,1023,True,1,0.05039943220430839,8.654936776019182,30.304409632010035,1023,True,1,0.7893158439042988,15.210902573120181,49.905804274483486,1023,True,1,11823.647020290464,15.199331208788616,42.83199989496789,1023,True,1,13.03619730785003,15.248239122564522,42.5426090898193,0_0_0_10_14_16,-24.0,42,offpacket_bootstrap,offpacket,4.0,4.234204475491736,4.5985977951225925
2,12,597,multiscale_only_diverse16,16,597,True,1,0.8056200532217339,19.438904481106633,42.823246808482,596,False,2,0.007421267686251344,-0.8848211227648816,34.37650168749913,597,True,1,0.05028847695072503,19.462553129136893,42.476805379332056,597,True,1,0.0502992171759519,13.166026275767283,35.57501924440069,597,True,1,0.051548865293648834,7.591035502548636,30.53460988915763,597,True,1,0.8054480318403948,19.51591615319903,50.237820015515744,597,True,1,10625.789982657443,19.4499816183141,42.82076444545855,597,True,1,13.278911863339395,19.578741867111695,42.20485895920621,0_0_0_10_14_16,-24.0,42,offpacket_bootstrap,offpacket,4.0,4.234204475491736,4.5985977951225925
2,13,562,multiscale_only_diverse16,16,562,True,1,0.5443414551014172,6.166216880042167,14.661768228552337,561,False,363,0.0017067515360431962,-10.317091635113098,1.4808293598349325,562,True,1,0.03600285109910757,6.556380563363545,14.829095649039019,562,True,1,0.039779917934380786,5.031217707107428,8.257764573457267,562,True,1,0.07409071810928501,1.1910339538040269,5.681940277223355,562,True,1,0.49265673165579726,7.610312137660734,20.883926332557902,562,True,1,322.5156668826795,15.280412728062075,34.65369066723723,562,True,1,9.544258905830514,6.599076653041475,15.131875923912029,0_0_0_10_14_16,-24.0,42,offpacket_bootstrap,offpacket,4.0,4.234204475491736,4.5985977951225925
2,14,478,multiscale_only_diverse16,16,179,False,4,1.3721353943931405,-1.5167505530474235,10.270049781595604,488,False,717,0.004245717817228325,-14.435275257126513,-2.8685464034867607,179,False,6,0.08180753328650779,-1.3473763109294865,9.925835973489196,187,False,11,0.106672017566163,-1.395039169878392,3.6776541991081717,7,False,171,0.2166304051356653,-3.368309722770241,1.7681372253274394,179,False,3,1.0523004487169185,-1.5804506499960578,16.350881043702277,179,False,3,7.121738220687406,-2.194623657623283,10.254497054995577,179,False,4,25.756969239196373,-1.1400485889324967,10.432583202655149,0_0_0_10_14_16,-24.0,42,offpacket_bootstrap,offpacket,4.0,4.234204475491736,4.5985977951225925
2,15,267,multiscale_only_diverse16,16,267,True,1,0.7830502844981879,17.947174684123087,42.23503919861709,267,True,1,0.018639387464350395,3.937467240442789,38.18281995569319,267,True,1,0.04898603333512549,17.890236128908263,41.847530270997105,267,True,1,0.04899169881356368,13.708722820231465,35.14493068384179,267,True,1,0.05029471854702603,8.265241713227574,30.086225469238283,267,True,1,0.7829597313103973,17.982810836377716,49.46947856219743,267,True,1,8535.994030747801,17.93090779242704,42.16617940409662,267,True,1,12.949104490613538,17.98671361289181,41.57469263040439,0_0_0_10_14_16,-24.0,42,offpacket_bootstrap,offpacket,4.0,4.234204475491736,4.5985977951225925
2,16,917,multiscale_only_diverse16,16,917,True,1,2.428721763965825,3.6733345731472267,11.92067955283492,917,True,1,0.1302596229919386,2.3708694848343317,10.278818339975013,917,True,1,0.15412953513895444,3.7919652670753434,11.35669070892244,917,True,1,0.17841175711982152,1.699176638464182,5.099232113981319,122,False,12,0.42110368132677983,-1.0228323738202463,3.711914401145575,917,True,1,2.0981675339395287,4.780188367577624,17.822466345693652,917,True,1,15.307711779248622,5.303206711543825,13.93864543400797,917,True,1,41.48082728047618,3.1549868687229314,11.5743254721597,0_0_0_10_14_16,-24.0,42,offpacket_bootstrap,offpacket,4.0,4.234204475491736,4.5985977951225925
2,17,656,multiscale_only_diverse16,16,656,True,1,0.571681169441959,6.283046658576246,13.084390373410596,655,False,61,0.00473444862983703,-3.778393465273267,5.459493247406587,656,True,1,0.03549042848361872,6.06851356523181,12.634358989530504,656,True,1,0.0407407782909953,4.149608159078316,7.5287609017847,656,True,1,0.08587204395780997,1.599690312474154,5.46264732552867,656,True,1,0.4980074144532425,8.161861650212476,18.22289169897445,656,True,1,224.28570766726318,13.776226037489025,32.002528662713104,656,True,1,9.337592144982175,5.781672740684255,12.691369096912098,0_0_0_10_14_16,-24.0,42,offpacket_bootstrap,offpacket,4.0,4.234204475491736,4.5985977951225925
2,18,889,multiscale_only_diverse16,16,869,False,19,0.8364723624900741,-1.987214636591301,8.127179562467116,581,False,11,0.060623312570457596,-2.129602220080396,8.744497714563742,869,False,10,0.06036373781219906,-1.5607328918639567,8.512799976867761,438,False,14,0.0953255538456662,-1.1406151270396583,3.243654425500986,438,False,48,0.27933481141634037,-3.1689264576716787,2.826186235380488,869,False,16,0.529685864277799,-2.6940900004060255,12.938446318101764,256,False,9,5.116850479989392,-2.35592424414419,8.831728786499713,869,False,31,12.703424692829088,-3.267294241165546,7.444727377907778,0_0_0_10_14_16,-24.0,42,offpacket_bootstrap,offpacket,4.0,4.234204475491736,4.5985977951225925
2,19,510,multiscale_only_diverse16,16,510,True,1,0.7088924478331968,5.279943825804025,13.647304659093704,331,False,432,0.0020996687231023495,-8.688417261692237,1.0388481528401223,510,True,1,0.0444923055123253,5.375159807534828,13.86524877351054,510,True,1,0.050954538842883736,3.4019764117083158,7.1207565007291596,510,True,1,0.11016508086617567,0.8567256756143636,5.101870254249241,510,True,1,0.6189882212775556,6.737209538850243,20.072069921151613,510,True,1,128.47264404153967,12.887042718712802,27.800659506947714,510,True,1,12.614570032465794,4.758873136900672,13.611794858006352,0_0_0_10_14_16,-24.0,42,offpacket_bootstrap,offpacket,4.0,4.234204475491736,4.5985977951225925
2,20,860,multiscale_only_diverse16,16,349,False,31,0.5783512958596617,-2.2513623419965354,6.83610443430705,323,False,72,0.028745678810591216,-5.7949502662969765,6.252871424488065,674,False,25,0.037519529178015196,-1.780124494725149,7.033272445459472,104,False,56,0.06504067676507048,-2.233873856645658,2.1051722775370747,847,False,293,0.1586207829391952,-4.5119532573728796,0.8484398012070637,764,False,24,0.33362919021474546,-2.695026895085398,11.459245273919713,323,False,49,2.9926947567434556,-3.257347573816536,6.055711915241327,674,False,18,12.744375183990558,-2.0528466136928407,7.535916726536963,0_0_0_10_14_16,-24.0,42,offpacket_bootstrap,offpacket,4.0,4.234204475491736,4.5985977951225925
2,21,553,multiscale_only_diverse16,16,553,True,1,0.713635470697227,13.017706078244144,41.62658818271435,554,False,3,0.0010259790427209693,-9.275672085815483,24.748754411267733,553,True,1,0.04481752170402036,13.140862397999653,41.40592862102249,553,True,1,0.044847330437953845,12.054520033506538,34.44267020102482,553,True,1,0.047060727599318154,6.753349625560174,29.55674226580133,553,True,1,0.713161137673081,13.049999408814866,49.05812208585913,553,True,1,8766.73164892296,13.050762427918368,41.733673890455165,553,True,1,11.739643536017713,12.944935072065336,41.11592211067871,0_0_0_10_14_16,-24.0,42,offpacket_bootstrap,offpacket,4.0,4.234204475491736,4.5985977951225925
2,22,629,multiscale_only_diverse16,16,629,True,1,0.6267901256728159,14.572458319255793,40.19489603928296,630,False,3,0.004038430679974108,-2.6998914362421997,30.090110027324183,629,True,1,0.03929424458189833,14.61870402073327,39.97643641802623,629,True,1,0.03930518251677463,12.141251014917424,33.0506997400365,629,True,1,0.040949981011767916,6.832930485454426,28.142293375399618,629,True,1,0.6266157011023972,14.644515305368838,47.274283636188756,629,True,1,6250.090500365628,14.527902251358853,40.39733377421901,629,True,1,10.454508751609696,14.813255525231225,40.020184062961306,0_0_0_10_14_16,-24.0,42,offpacket_bootstrap,offpacket,4.0,4.234204475491736,4.5985977951225925
2,23,759,multiscale_only_diverse16,16,759,True,1,0.7633171512043333,17.969540147251905,41.532773967220386,759,True,1,0.021150274166661195,6.9808621207998645,38.392491148920556,759,True,1,0.04767121579753928,17.981424894140776,41.46913128502454,759,True,1,0.04768244637471572,12.306498658254025,34.842398326515834,759,True,1,0.048457199955786706,6.952589413079279,29.750299350081022,759,True,1,0.7631373682269808,18.003369025595468,48.29051426898809,759,True,1,7947.9558059776,17.985880376299136,41.600591676789236,759,True,1,12.650071759017132,18.005968092436536,41.159909485403716,0_0_0_10_14_16,-24.0,42,offpacket_bootstrap,offpacket,4.0,4.234204475491736,4.5985977951225925
2,24,874,multiscale_only_diverse16,16,874,True,1,0.8110532272058322,20.78238836133844,42.477119373654766,874,True,1,0.03657887722175526,13.879706798243877,41.58745510005578,874,True,1,0.05069894728898983,20.863045327699325,42.03446945040718,874,True,1,0.05070391044840651,12.54836727439088,35.69273607174682,874,True,1,0.05171402198484888,7.197771557326671,30.582479535231187,874,True,1,0.8109738371464377,20.867745416146143,49.35822532054816,874,True,1,9557.120805455634,20.815052240007546,42.42713132354556,874,True,1,13.407700901266168,20.756979174260152,42.20910888018756,0_0_0_10_14_16,-24.0,42,offpacket_bootstrap,offpacket,4.0,4.234204475491736,4.5985977951225925
2,25,720,multiscale_only_diverse16,16,955,False,59,0.6220916679387898,-2.759309422396817,5.725072374232919,542,False,391,0.012135147890495857,-7.460268193256625,1.324298716315471,955,False,63,0.034154339156224,-2.662342029728088,5.723055476234423,407,False,257,0.058956529401134605,-2.954286769189696,0.9954242837878238,407,False,372,0.2102122372299049,-5.33996543211293,0.9044375708573892,955,False,31,0.3603863732968245,-2.759441538337431,10.45933884934373,720,True,1,84.28621034784452,14.573398528925791,33.94791569223409,345,False,50,8.612726810255316,-2.580411986623496,5.944882117319905,0_0_0_10_14_16,-24.0,42,offpacket_bootstrap,offpacket,4.0,4.234204475491736,4.5985977951225925
2,26,314,multiscale_only_diverse16,16,314,True,1,0.7976002900833556,16.28536291281276,42.460078660530876,314,True,1,0.010885411740583942,2.2410763135107117,36.26927062132123,314,True,1,0.04984496831745798,16.257354571120665,42.086764866854416,314,True,1,0.04985297033949463,12.587558662699818,35.6459987187185,314,True,1,0.0509959438771934,7.167609214949091,30.35909965097682,314,True,1,0.7974722653126304,16.32436491992583,49.54471038560719,314,True,1,9203.10365555395,16.29854684089502,42.464900353726456,314,True,1,13.218880503350725,16.238998349979756,42.143709941185,0_0_0_10_14_16,-24.0,42,offpacket_bootstrap,offpacket,4.0,4.234204475491736,4.5985977951225925
2,27,602,multiscale_only_diverse16,16,602,True,1,1.18459018131729,0.269451910697338,9.085598992939852,999,False,87,0.03445175957819813,-3.255260968391949,5.2325835570751185,602,True,1,0.08083384918066498,0.43965460748143803,9.085600420725763,307,False,2,0.1224595132957371,-0.2623619668838756,3.7402168115011536,412,False,33,0.3125338887257839,-2.770426378509392,2.889750439225904,602,True,1,0.7819317705946796,0.02495239059538929,14.132941081320464,877,False,3,5.4349340134471245,-0.22032411272974245,8.983589223702397,602,True,1,25.394432641279774,0.7040825739555406,9.857389366770189,0_0_0_10_14_16,-24.0,42,offpacket_bootstrap,offpacket,4.0,4.234204475491736,4.5985977951225925
2,28,7,multiscale_only_diverse16,16,7,True,1,0.8298796483699142,25.844002450187414,42.05981055675623,7,True,1,0.05140573060370024,25.23800613695238,42.46434907948533,7,True,1,0.051752400686597616,25.82882873459889,41.80718866304452,7,True,1,0.051759454208210605,13.228081042467242,35.262608793222256,7,True,1,0.053476500191677837,7.817282143761166,30.17062710676065,7,True,1,0.829766556488914,26.05598167056649,48.707049041753656,7,True,1,8588.037128098738,25.756681264461847,42.097919757853916,7,True,1,13.691032306966616,25.847763190163363,41.84327381431029,0_0_0_10_14_16,-24.0,42,offpacket_bootstrap,offpacket,4.0,4.234204475491736,4.5985977951225925
2,29,610,multiscale_only_diverse16,16,945,False,14,0.9077631666679196,-1.7590563860072717,7.5751147277302735,979,False,939,0.0013576251672581243,-17.619925948121203,-8.563210106240007,945,False,16,0.05554434647452668,-1.5998167382321773,7.6326213532992435,944,False,14,0.09162324804289709,-0.9121941130123816,2.526322015235199,297,False,77,0.274973389650451,-2.3826856100092,2.2516827346619896,945,False,17,0.550309151042209,-2.5407397114738943,12.472211479136215,610,True,1,6.565976284378512,0.17145118630106318,9.467394393661177,945,False,17,15.093114323186136,-1.6196910627308676,7.373741542758218,0_0_0_10_14_16,-24.0,42,offpacket_bootstrap,offpacket,4.0,4.234204475491736,4.5985977951225925
2,30,775,multiscale_only_diverse16,16,775,True,1,0.8072169313600739,18.846927590355197,42.40929702207645,775,True,1,0.023093644312873526,8.470190144760958,39.506992689733934,775,True,1,0.05047250286630196,18.87339157187306,42.23590416776743,775,True,1,0.050478694021163284,12.532150903506473,35.69367888590782,775,True,1,0.05148515572343227,7.160054145986191,30.60403863596687,775,True,1,0.8071179271143096,18.90176494358989,49.20518405513759,775,True,1,9950.683281559912,18.802274019483946,42.44257628612752,775,True,1,13.368020604960751,18.866505827525984,42.016541717791824,0_0_0_10_14_16,-24.0,42,offpacket_bootstrap,offpacket,4.0,4.234204475491736,4.5985977951225925
2,31,912,multiscale_only_diverse16,16,912,True,1,1.1178900360733337,8.51510977238909,17.492954071074408,912,True,1,0.06475579671551579,7.110871988892622,17.248920574497028,912,True,1,0.07321709082209824,8.74607836419603,17.629902282432248,912,True,1,0.07809838698939917,6.897302957955661,10.712588182243024,912,True,1,0.13318184232036875,2.36787999560829,7.66779889924474,912,True,1,1.048019804959734,10.292250889391756,24.494425501240855,912,True,1,123.24903895327742,14.76660777529182,23.676129828839795,912,True,1,20.892307562691784,9.08544605981587,17.939456693454176,0_0_0_10_14_16,-24.0,42,offpacket_bootstrap,offpacket,4.0,4.234204475491736,4.5985977951225925
2,32,768,multiscale_only_diverse16,16,115,False,187,0.3274912200949984,-5.57144645121658,3.7912522588882487,653,False,12,0.06032276483307203,-1.7727924108879825,8.403998834354095,115,False,103,0.02890872719991792,-4.063887546108757,5.1729346835287915,652,False,187,0.06131657052771526,-2.905923432346241,1.3817152541435418,609,False,102,0.232728929091687,-2.7663385206073925,2.1699417094779303,115,False,150,0.1544012370655224,-7.081368599309403,7.406577275244408,457,False,106,2.2465929426557887,-4.955779143311138,4.744640153946031,115,False,97,7.985513268854969,-4.752582478405557,5.461065751612698,0_0_0_10_14_16,-24.0,42,offpacket_bootstrap,offpacket,4.0,4.234204475491736,4.5985977951225925
2,33,581,multiscale_only_diverse16,16,198,False,59,0.6307926521214178,-4.089281657108568,6.305972003597498,478,False,712,0.005600914333099912,-12.994318967116742,-2.687119098202876,198,False,85,0.035480506449276694,-4.4354529155010605,5.501935375219693,198,False,56,0.08634080095860532,-2.0918803779623665,2.2668244681032776,478,False,221,0.2282540359597052,-4.0693836647950565,1.3642929694473926,198,False,85,0.2592151394620539,-6.432854194647264,9.28280956710245,581,True,1,7.661167343918556,2.2902863597330096,10.65816167340072,198,False,61,11.603717305444322,-3.790578611297017,6.126669442405874,0_0_0_10_14_16,-24.0,42,offpacket_bootstrap,offpacket,4.0,4.234204475491736,4.5985977951225925
2,34,93,multiscale_only_diverse16,16,93,True,1,0.6507522781419119,20.483311387188174,39.90871711352247,93,True,1,0.032424662718880996,13.790994862759874,38.724991139259764,93,True,1,0.04070242214874923,20.561293348143302,39.62741254481894,93,True,1,0.04071524122722876,13.28469936625506,32.85348012689736,93,True,1,0.04250223181990204,7.701822465423055,27.99146699539871,93,True,1,0.6505473906287156,20.573714999575934,46.86767725336103,93,True,1,5718.188357138032,20.52041458333452,39.880807988244655,93,True,1,10.763709953661099,20.385130153728408,39.464668380432876,0_0_0_10_14_16,-24.0,42,offpacket_bootstrap,offpacket,4.0,4.234204475491736,4.5985977951225925
3,0,222,multiscale_only_diverse16,16,412,False,19,0.8989917737466477,-19.90512017926417,21.483217611108195,412,False,17,0.026836617348003574,-17.90248027686527,17.218561205337465,412,False,18,0.05843742944809839,-19.736475529272703,21.258069182976346,412,False,44,0.06220875685871096,-19.467167840688166,12.399358899919964,412,False,82,0.10436221203223352,-17.364922377408686,9.291064223594713,412,False,19,0.844491531506697,-20.1744278678487,31.22048399839828,412,False,18,25.55885975208538,-19.82092063609273,21.569623845977375,412,False,18,15.188273363022136,-19.838896682193162,20.981233153254205,0_0_0_10_14_16,-24.0,42,offpacket_bootstrap,offpacket,4.0,4.234204475491736,4.5985977951225925
3,1,711,multiscale_only_diverse16,16,411,False,14,0.839852787495321,-24.075081322875775,15.682196513969277,411,False,64,0.008001924870332846,-29.900428482060008,7.7645513566080995,411,False,14,0.05265531539631634,-24.060676230548754,15.546699239078253,411,False,45,0.05556334297264449,-23.828024333872865,9.302963748590471,411,False,107,0.07398780524484885,-22.707909562689142,5.309344682210362,411,False,13,0.7958972777036427,-24.307733219551665,22.30966870313082,411,False,15,17.735905849549454,-24.19934860835991,15.617684360692856,411,False,15,13.44546621629421,-24.21339908790559,15.255504699484966,0_0_0_10_14_16,-24.0,42,offpacket_bootstrap,offpacket,4.0,4.234204475491736,4.5985977951225925
3,2,871,multiscale_only_diverse16,16,871,True,1,0.8330738376482714,23.475009493790875,42.85666936769381,871,True,1,0.03739246928491761,13.125693364190576,41.62293475123174,871,True,1,0.05202399844560071,23.401502491253957,42.64860076404474,871,True,1,0.05203051025899127,12.964224626196652,35.823227501099886,871,True,1,0.05288332363822028,7.454633142966109,30.499208417045644,871,True,1,0.832969575334788,23.65619507107884,49.86423510129527,871,True,1,11183.37176271226,23.45087241810059,42.82782370889343,871,True,1,13.789391527650022,23.34521395228339,42.70919380234082,0_0_0_10_14_16,-24.0,42,offpacket_bootstrap,offpacket,4.0,4.234204475491736,4.5985977951225925
3,3,718,multiscale_only_diverse16,16,718,True,1,0.8261140948370418,24.81050309252071,42.5230477399042,718,True,1,0.017016587915435838,5.029678882069718,37.69892708768139,718,True,1,0.05163353909916803,24.666044753090283,42.320867923820174,718,True,1,0.05164565551287507,12.822912678634431,35.71297606264951,718,True,1,0.05318192209809782,7.456933921495845,30.7431720044637,718,True,1,0.8259202829850503,25.043497185342403,49.441304467925846,718,True,1,10735.549631528675,24.771944754110468,42.65200406660382,718,True,1,13.679181449633669,24.485980061074493,42.320156501159715,0_0_0_10_14_16,-24.0,42,offpacket_bootstrap,offpacket,4.0,4.234204475491736,4.5985977951225925
3,4,107,multiscale_only_diverse16,16,107,True,1,0.8390406191996682,21.86566367101095,43.18717474709992,107,True,1,0.039568614238195556,12.957651758768542,42.49685357272605,107,True,1,0.05247546241600987,21.801171685924068,42.95024928799087,107,True,1,0.0524796687300741,13.41007707015958,35.70573170725201,107,True,1,0.05365552621197917,8.312401549464786,30.561746032861215,107,True,1,0.8389733689970202,21.930885136724612,50.41978357675112,107,True,1,11972.23532730758,21.889491282835877,43.07766727053028,107,True,1,13.853840382919987,21.960995340422883,42.7042630326902,0_0_0_10_14_16,-24.0,42,offpacket_bootstrap,offpacket,4.0,4.234204475491736,4.5985977951225925
3,5,468,multiscale_only_diverse16,16,468,True,1,0.7164469799450082,18.851781888359156,41.1196883806636,467,False,3,0.0035870484496111003,-3.6749070839457736,30.051127457517364,468,True,1,0.04487473146428041,18.92630216552108,40.89897908743761,468,True,1,0.04488863541648274,12.858281923955532,34.243843975238576,468,True,1,0.04640786744861608,7.502343456615639,29.221521493682935,468,True,1,0.7162250653229165,18.908129121089566,47.81144073518375,468,True,1,7667.001523377914,18.846146765916163,41.18892633481895,468,True,1,11.88918442154508,18.943852549015872,40.729310752308066,0_0_0_10_14_16,-24.0,42,offpacket_bootstrap,offpacket,4.0,4.234204475491736,4.5985977951225925
3,6,89,multiscale_only_diverse16,16,89,True,1,0.6778784478083253,18.264466685258476,40.3941938877295,89,True,1,0.03307300459922848,11.902819431204144,39.18484738480791,89,True,1,0.042326524583471296,18.408323571563255,40.31132214203551,89,True,1,0.04233922340224415,13.63331135227968,33.349098978219715,89,True,1,0.04392338138595198,8.462103995338143,28.268436114832618,89,True,1,0.677675131477344,18.326848027706365,47.25343921697426,89,True,1,6341.705602066744,18.300812704230665,40.2925877206969,89,True,1,11.251289587560546,18.276102301413214,39.96910935418956,0_0_0_10_14_16,-24.0,42,offpacket_bootstrap,offpacket,4.0,4.234204475491736,4.5985977951225925
3,7,713,multiscale_only_diverse16,16,293,False,5,0.7812144912843486,-0.3371681195026543,8.91034582755346,112,False,117,0.01997105471516396,-5.8561628717014615,4.6687803284888645,293,False,2,0.051050407839244735,-0.17543210177281432,9.000902259881958,870,False,3,0.07807915461301006,-0.09594708239369737,3.7467884051177274,394,False,12,0.27264397043166044,-1.0998035266598032,4.152683613569076,293,False,6,0.5107806121577655,-0.4345872483400675,13.872660541494968,713,True,1,6.487201229513016,0.4228685061174286,9.458335032892682,293,False,5,13.351130247424653,-0.8596526525040955,8.52582033475577,0_0_0_10_14_16,-24.0,42,offpacket_bootstrap,offpacket,4.0,4.234204475491736,4.5985977951225925
3,8,865,multiscale_only_diverse16,16,865,True,1,0.6919163006197984,1.1947635687519884,10.700159430526435,793,False,14,0.025001058646612055,-1.8777564898829846,7.51550877412515,865,True,1,0.043760241899907265,0.3730366395708702,9.917844556943567,348,False,2,0.057135959912107966,-0.13227406269281153,4.646738058927403,112,False,34,0.13496247968947864,-1.583934921751147,3.347148122077802,865,True,1,0.5299363962063212,1.7000742710156702,15.691492164936648,865,True,1,15.502446335684173,4.1737977721723345,13.911995046432931,865,True,1,11.16597876531502,1.1308000710227581,9.9520179873225,0_0_0_10_14_16,-24.0,42,offpacket_bootstrap,offpacket,4.0,4.234204475491736,4.5985977951225925
3,9,492,multiscale_only_diverse16,16,235,False,97,0.5553275383172149,-4.990744030882931,5.388607771924855,924,False,587,0.0079993499426903,-11.332276764687562,-0.8738718456490181,235,False,117,0.032201155476908064,-5.590276481650128,5.003766793902046,235,False,144,0.07163879906715102,-3.089628508989976,1.5088341523485753,926,False,336,0.19382173029921035,-4.725305257435801,0.7765445878421855,235,False,109,0.24961597116109235,-7.491392003543083,8.672186580686622,235,False,127,2.1991985563984175,-6.111352380184666,4.955838596676508,305,False,64,11.614352914415347,-4.040083708680781,6.2427995111334695,0_0_0_10_14_16,-24.0,42,offpacket_bootstrap,offpacket,4.0,4.234204475491736,4.5985977951225925
3,10,765,multiscale_only_diverse16,16,765,True,1,0.8208876593744776,19.872787339859975,42.648043582087695,765,True,1,0.02303114790168156,6.164090261128745,39.53301929646344,765,True,1,0.05131502830735183,19.891887835015385,42.4208285104617,765,True,1,0.05132272312603346,13.013261450807462,35.79126745371987,765,True,1,0.05240635593910733,7.543719810240297,30.632607144856948,765,True,1,0.8207645836428691,19.929584917923368,49.65967278777573,765,True,1,10420.167868475315,19.86423320494577,42.71809324101696,765,True,1,13.570478016022241,19.985851067239373,42.49018623300265,0_0_0_10_14_16,-24.0,42,offpacket_bootstrap,offpacket,4.0,4.234204475491736,4.5985977951225925
3,11,1023,multiscale_only_diverse16,16,1023,True,1,0.9094636655310104,1.6757725981278901,11.169279574173284,1023,True,1,0.056021508150138226,0.40551814681383036,11.29753461136162,1023,True,1,0.05595009338004562,0.779401112567147,10.958126210164373,1023,True,1,0.0797549950413862,0.7391068766679734,5.434825978606667,624,False,2,0.18581846694897136,-0.15117758444047616,4.189768693130994,1023,True,1,0.6380111613800961,1.5016390882663708,16.479812384061095,1023,True,1,9.463898678098959,1.9538250861405302,11.145559951755164,1023,True,1,13.690788097830902,0.9708297252149809,10.569726588339293,0_0_0_10_14_16,-24.0,42,offpacket_bootstrap,offpacket,4.0,4.234204475491736,4.5985977951225925
3,12,597,multiscale_only_diverse16,16,597,True,1,2.0259543401852085,4.026725624347799,13.647631022536624,462,False,277,0.010369859175056163,-8.454007573545914,2.664924960554667,597,True,1,0.13561312283049567,3.4034045491843563,13.656802347493217,597,True,1,0.1544787321879089,2.0074932565030417,7.12264841631038,817,False,3,0.28669196804763475,-1.0253171187310444,4.754287343038586,597,True,1,1.7785360540783683,5.422636917029113,19.95617897590692,597,True,1,23.424621806598086,4.512491781372232,15.15667857928046,597,True,1,33.20609061299965,4.105871361282394,13.423793601181073,0_0_0_10_14_16,-24.0,42,offpacket_bootstrap,offpacket,4.0,4.234204475491736,4.5985977951225925
3,13,562,multiscale_only_diverse16,16,562,True,1,0.8228528336658769,18.552641711496097,43.699919228673195,561,False,2,0.005960795801447858,-2.2763908357930873,33.83822298310762,562,True,1,0.05150901020309481,18.62405641435543,43.29080638860557,562,True,1,0.05151293202003706,13.236613659290759,35.94886877571197,562,True,1,0.05256512931142868,7.941635070413006,30.797835743871723,562,True,1,0.8227901876844214,18.599440807404505,51.36371304867926,562,True,1,12008.399349105812,18.565007586509264,43.55542570280029,562,True,1,13.594978833587513,18.663716774581697,43.0506204416265,0_0_0_10_14_16,-24.0,42,offpacket_bootstrap,offpacket,4.0,4.234204475491736,4.5985977951225925
3,14,478,multiscale_only_diverse16,16,478,True,1,0.8031020094775307,17.889607848941193,42.77288919485801,477,False,2,0.005288846201457632,-2.4906080492391967,32.979771715829216,478,True,1,0.05024423050269539,17.830163291526123,42.30596129639353,478,True,1,0.05025184272367324,13.226769368973773,35.59291588956449,478,True,1,0.051434300640907656,7.862538267716811,30.346428975663006,478,True,1,0.802980354436988,17.924624697497006,50.10167259872061,478,True,1,10662.702384925622,17.879480352138884,42.77642743656447,478,True,1,13.28296936977244,17.853539164505122,42.325510714919304,0_0_0_10_14_16,-24.0,42,offpacket_bootstrap,offpacket,4.0,4.234204475491736,4.5985977951225925
3,15,267,multiscale_only_diverse16,16,285,False,14,4.0850940364382495,-11.044979635725094,26.795273949241576,284,False,16,0.025630159513229056,-17.356967997823013,16.63298320398948,285,False,14,0.24878721246272922,-11.173159535553808,26.283298434726568,285,False,15,0.25055093270297235,-11.144793668033353,16.846147040350132,285,False,63,0.3142968706840711,-10.34649243998896,12.19118796525562,285,False,14,4.056337555839137,-11.073345503245548,37.3621243388737,285,False,14,58.73434176017593,-11.027457215212344,26.461510039378965,285,False,14,66.70637165429355,-11.105046232875395,25.821614741345414,0_0_0_10_14_16,-24.0,42,offpacket_bootstrap,offpacket,4.0,4.234204475491736,4.5985977951225925
3,16,917,multiscale_only_diverse16,16,283,False,13,0.86349038990463,-23.61539794967042,16.325963973599908,283,False,17,0.036437943185789246,-24.27340705058156,14.412834810289912,283,False,12,0.056917299514768004,-23.394960597610954,16.269906841719727,283,False,31,0.07328793004916978,-22.298229784898336,10.82139607920759,283,False,43,0.1816479874766032,-18.54667926968237,9.607021964450018,283,False,13,0.6706089408904294,-24.71212876238304,22.208029220021345,283,False,13,20.237345103635036,-23.821520722677647,16.056089423777944,283,False,13,13.233289409162118,-23.971407697072205,15.574177467861434,0_0_0_10_14_16,-24.0,42,offpacket_bootstrap,offpacket,4.0,4.234204475491736,4.5985977951225925
3,17,656,multiscale_only_diverse16,16,656,True,1,0.7812772899234552,19.54973508679162,43.02324408232068,656,True,1,0.011457352442809493,1.143183922051758,36.34635841761296,656,True,1,0.04894251332120118,19.54807038358178,42.694292095332386,656,True,1,0.04895016925151827,13.120199063912118,35.214051796277616,656,True,1,0.05022479914238118,7.623547012003444,30.148861784996438,656,True,1,0.7811550961786441,19.631007013494404,50.833354644186095,656,True,1,10581.850610565007,19.5856658704662,43.029806799617525,656,True,1,12.945257211513528,19.567112898530144,42.63689752171864,0_0_0_10_14_16,-24.0,42,offpacket_bootstrap,offpacket,4.0,4.234204475491736,4.5985977951225925
3,18,889,multiscale_only_diverse16,16,889,True,1,0.6834203281244164,18.047010825410155,37.40418344457946,889,True,1,0.03334882250654819,12.603131845776769,36.434870213215035,889,True,1,0.04270769987532678,18.07828608322163,37.279738848568,889,True,1,0.04272311524699198,12.506343194338845,31.878417351045204,889,True,1,0.043936283073118754,6.949063464898025,27.00614411552653,889,True,1,0.6831737361261343,18.136811855317784,42.48784510764188,889,True,1,2347.3188270459855,18.113551959364862,37.42653526604484,889,True,1,11.302110929809475,18.079341244055446,37.02363056193742,0_0_0_10_14_16,-24.0,42,offpacket_bootstrap,offpacket,4.0,4.234204475491736,4.5985977951225925
3,19,510,multiscale_only_diverse16,16,972,False,425,0.23897772920236182,-7.946239575252198,0.8928783066303423,972,False,235,0.01850488157858984,-6.0102217637143465,3.4006786998384477,972,False,321,0.014928196627099653,-6.732586764210653,2.2555348323579913,972,False,980,0.033495553516890104,-4.935867565664864,-1.9969522541033475,395,False,1004,0.09859793060927169,-4.934922616716309,-2.660794373227521,972,False,277,0.10650686901566561,-9.742958773797989,4.958804119384841,510,True,1,24.44574453609274,12.237347311354386,21.89217688977848,972,False,324,4.924461716557869,-6.95117771572667,2.2631659691944988,0_0_0_10_14_16,-24.0,42,offpacket_bootstrap,offpacket,4.0,4.234204475491736,4.5985977951225925
3,20,860,multiscale_only_diverse16,16,628,False,299,0.2402623360517362,-26.468510445379067,2.4747887144460052,629,False,54,0.04079346870024212,-19.846401715435427,6.8224377279166255,628,False,351,0.013844269295952482,-26.804117090586924,1.8944657616587226,628,False,889,0.034539824091593875,-22.85926870040423,-1.5134843877511392,628,False,732,0.12561955234658714,-17.763735231372408,-1.0080351330664192,628,False,242,0.09630206781465328,-30.413358835561763,5.576406872699684,628,False,654,0.40976920336577977,-32.407592404443605,-1.646954896644265,628,False,221,5.417341093040196,-25.10832297898102,3.7369322907749893,0_0_0_10_14_16,-24.0,42,offpacket_bootstrap,offpacket,4.0,4.234204475491736,4.5985977951225925
3,21,553,multiscale_only_diverse16,16,628,False,81,0.33272050560414357,-26.347097740624807,6.50469222656922,629,False,522,0.004946179243566802,-28.648753316215853,-0.1364451317586093,628,False,119,0.019704060389777175,-26.541528366534397,5.681937805939512,628,False,137,0.05691060043748042,-21.945921773861535,2.602465004773053,628,False,225,0.16175368071386056,-17.697347221924275,1.9850122591066048,628,False,127,0.11519725472837566,-30.942704333297666,9.82511553467998,628,False,53,2.702417118744751,-25.414610570964726,7.7519757988676465,628,False,102,5.682850219733106,-26.253237515222825,5.855072780681319,0_0_0_10_14_16,-24.0,42,offpacket_bootstrap,offpacket,4.0,4.234204475491736,4.5985977951225925
3,22,629,multiscale_only_diverse16,16,145,False,18,0.5346374592054168,-4.311589421905978,7.852522759464803,145,False,126,0.017361550302147304,-7.776912594798731,4.807513127156427,145,False,23,0.03148056924846221,-4.930994253431406,7.405617571434112,145,False,159,0.04289310627834096,-4.717975140081549,1.3935606766211528,145,False,473,0.10455375326742705,-5.366448829197439,0.2884293862086349,145,False,7,0.39238686627451685,-4.524608535255835,13.763097916096418,145,False,2,7.509519767685627,-0.6846839279647238,10.42292424450157,145,False,25,8.662060097848311,-4.580023324940523,7.253054398439124,0_0_0_10_14_16,-24.0,42,offpacket_bootstrap,offpacket,4.0,4.234204475491736,4.5985977951225925
3,23,759,multiscale_only_diverse16,16,759,True,1,0.8008313310158464,16.940990479371617,42.67367609645657,759,True,1,0.020986420339671987,6.5836839840421915,38.80664080336964,759,True,1,0.05006570896886541,16.923279682959862,42.49913937371151,759,True,1,0.050073396530782674,12.317042709579042,35.67345021601792,759,True,1,0.051435572794024255,6.9872260575091865,30.64393591909511,759,True,1,0.8007083826866136,16.969067587777875,49.53333206777789,759,True,1,10074.649343532385,16.97099885154676,42.77690498130356,759,True,1,13.271136786728803,16.89744958504919,42.30147674261727,0_0_0_10_14_16,-24.0,42,offpacket_bootstrap,offpacket,4.0,4.234204475491736,4.5985977951225925
3,24,874,multiscale_only_diverse16,16,874,True,1,0.8102846181032284,20.77314151922848,42.623635175908106,874,True,1,0.03675972338638395,14.501829099838876,41.71068042695417,874,True,1,0.050644889778752436,20.65748781825598,42.36741221101424,874,True,1,0.05064759262523928,12.521962417563806,35.66877310141107,874,True,1,0.05178096016524049,7.18388672818482,30.483409061209137,874,True,1,0.8102413766613381,20.872488488611182,49.82763260223719,874,True,1,10236.51829583771,20.733037329296398,42.53831609254821,874,True,1,13.387746685599094,20.682956559087078,42.373104523290706,0_0_0_10_14_16,-24.0,42,offpacket_bootstrap,offpacket,4.0,4.234204475491736,4.5985977951225925
3,25,720,multiscale_only_diverse16,16,720,True,1,0.7867012661311179,16.48469427235551,42.41294518402772,720,True,1,0.014261759536708956,4.446539665832424,37.26638509588725,720,True,1,0.04905941620379743,16.523583913297767,42.21809959866435,720,True,1,0.0490721794235855,12.288339134270176,35.502433740656286,720,True,1,0.050713261117448845,7.124081841173144,30.36968515507001,720,True,1,0.7864966524113866,16.516980038151495,49.36621956038283,720,True,1,9012.476516272065,16.503821761564186,42.479203431210316,720,True,1,13.00811054531414,16.596668853227285,42.311701026408876,0_0_0_10_14_16,-24.0,42,offpacket_bootstrap,offpacket,4.0,4.234204475491736,4.5985977951225925
3,26,314,multiscale_only_diverse16,16,468,False,33,0.7105419696827084,-20.491140710562302,19.978295262750624,468,False,53,0.00843745721392134,-23.27568582403466,12.389467062205027,468,False,33,0.04649051055730309,-20.302675712787057,19.64242211414955,468,False,56,0.050644354058147815,-19.93164054526132,12.156326175689776,468,False,83,0.11529109596587735,-16.503221512098445,10.554947405394373,468,False,34,0.6522634073881799,-20.86217587808804,27.9345267540334,468,False,32,12.60598011986065,-19.821398157402033,20.359317834990506,468,False,33,12.304949768153941,-20.312082007937825,19.395597206287203,0_0_0_10_14_16,-24.0,42,offpacket_bootstrap,offpacket,4.0,4.234204475491736,4.5985977951225925
3,27,602,multiscale_only_diverse16,16,619,False,29,1.6857278296016034,-15.124060352524719,11.901620447234713,621,False,438,0.007620959426098265,-25.316974694470254,0.7489479743008566,619,False,31,0.09676702597667972,-15.547999753493789,11.507632016473048,619,False,82,0.11264413197996108,-14.919974039638944,5.030453031605831,619,False,155,0.23727346240317487,-12.51938555161151,3.182786239561526,619,False,28,1.448125755060984,-15.752086066379565,18.710663967788697,619,False,27,9.496569267196248,-14.97277307516352,12.665623451583707,619,False,29,25.191306812427342,-15.51428462065811,11.192521593503404,0_0_0_10_14_16,-24.0,42,offpacket_bootstrap,offpacket,4.0,4.234204475491736,4.5985977951225925
3,28,7,multiscale_only_diverse16,16,814,False,17,0.5074376976326143,-2.342838062768916,8.476193921072417,677,False,6,0.03773670363000184,-1.252075009681415,9.575903338543753,814,False,10,0.03806996554198991,-1.51634599206392,9.17014585355787,814,False,11,0.05873295076365533,-1.6019124969796366,3.667212491670537,195,False,36,0.17852254511729448,-2.8228029962285293,3.4487486004944428,811,False,14,0.3289147814370433,-2.3319671640608477,13.75038306870576,7,True,1,7.839590955341944,0.5033081707498408,10.414815727435832,811,False,12,9.141780547302275,-1.5646470483133255,8.692685831003487,0_0_0_10_14_16,-24.0,42,offpacket_bootstrap,offpacket,4.0,4.234204475491736,4.5985977951225925
3,29,610,multiscale_only_diverse16,16,610,True,1,0.658226419785283,0.30817015888772936,10.728080026296134,938,False,482,0.004262718408410627,-9.749557014382017,0.3522314274545845,938,False,2,0.04148016064058465,-0.2504023306163673,10.66717864517065,938,False,2,0.05748276177375743,-0.12090655816604265,4.886904486645088,616,False,25,0.12707415175056638,-2.3403091984069233,3.13574091669793,610,True,1,0.4749830521023299,0.17867438643740474,16.26018774680262,610,True,1,9.488542655388652,1.1111128180276262,11.175319443028881,610,True,1,10.755570943504626,0.17101045204968718,10.258775150745262,0_0_0_10_14_16,-24.0,42,offpacket_bootstrap,offpacket,4.0,4.234204475491736,4.5985977951225925
3,30,778,multiscale_only_diverse16,16,742,False,10,0.6944896122541309,-2.1978818083544707,8.369616638849873,246,False,118,0.017967801678559315,-3.8958256655376817,4.897381258568143,626,False,8,0.04549787842587313,-2.2970092151432855,8.73425780688224,626,False,4,0.08632670654164773,-1.095403474690035,4.23952788037986,870,False,2,0.32630635691894655,-0.08228522102493638,4.959861513048008,626,False,15,0.3660258245937608,-3.057682791825102,12.666798842206115,778,True,1,8.009554249710702,0.3827022361137724,10.52939986222608,626,False,28,9.041296802145297,-3.8973308188041456,7.091383512028978,0_0_0_10_14_16,-24.0,42,offpacket_bootstrap,offpacket,4.0,4.234204475491736,4.5985977951225925
3,31,897,multiscale_only_diverse16,16,897,True,1,0.6860435651251606,20.959353513236984,40.82200871576218,897,True,1,0.03398715137067243,15.449110521970136,40.08139642995006,897,True,1,0.04289479003644115,20.990296135546732,40.53181579706039,897,True,1,0.04290134875365673,12.727627501297757,33.6099288825998,897,True,1,0.04423648313499868,7.4889129860230135,28.550157283187833,897,True,1,0.6859386834402732,21.134239682269946,48.0248602111169,897,True,1,7289.838441661045,20.983363673936584,40.79121555792543,897,True,1,11.321030648233332,21.03223789120383,40.63053098387802,0_0_0_10_14_16,-24.0,42,offpacket_bootstrap,offpacket,4.0,4.234204475491736,4.5985977951225925
3,32,740,multiscale_only_diverse16,16,740,True,1,0.8219826753988038,17.54135064056921,42.64622098711734,740,True,1,0.0184962083078548,5.867459728490214,38.802086657918196,740,True,1,0.0513175775720271,17.510864316680088,42.493804145937624,740,True,1,0.05132190900938588,12.538248892523779,35.876331345410144,740,True,1,0.052214948962663384,7.275828909283064,30.623986611969528,740,True,1,0.8219133021713224,17.560082461314895,49.2405775174075,740,True,1,10384.740548036225,17.54793415284008,42.62733086857387,740,True,1,13.577836857126433,17.489712500034425,42.34025519237895,0_0_0_10_14_16,-24.0,42,offpacket_bootstrap,offpacket,4.0,4.234204475491736,4.5985977951225925
3,33,590,multiscale_only_diverse16,16,329,False,21,0.9432077692538066,-14.628742010565661,15.660621036405036,331,False,410,0.003841337122859197,-21.791965985691437,3.168519594868941,329,False,21,0.06567464572481199,-14.078458756671905,15.421129121908915,329,False,34,0.09244875191305409,-12.64325082957175,7.764517822841973,326,False,45,0.2935442554691492,-8.720468424779055,8.207732693961855,329,False,24,0.6700451310461352,-16.063949937665814,21.966572845936096,329,False,23,5.623723253286896,-14.829013413250507,15.242924990592945,329,False,23,15.621248843812992,-14.673390919526298,14.974084867207988,0_0_0_10_14_16,-24.0,42,offpacket_bootstrap,offpacket,4.0,4.234204475491736,4.5985977951225925
3,34,930,multiscale_only_diverse16,16,329,False,11,1.3063577251889456,-22.20459467702345,16.22634335278947,329,False,14,0.06426897887407185,-21.68729258598931,15.798421395596003,329,False,11,0.07768609614316165,-22.414608263257712,16.060687304614625,329,False,31,0.08055295838916877,-22.25883586841976,10.233097312120025,329,False,49,0.13767719721849686,-20.02777618448612,7.339939109693612,329,False,11,1.2598647382519503,-22.360367071861408,22.303299018330264,329,False,10,21.970976465527105,-22.139505871941374,16.40182025763393,329,False,11,20.499028600615805,-22.436371700024118,15.770048730845229,0_0_0_10_14_16,-24.0,42,offpacket_bootstrap,offpacket,4.0,4.234204475491736,4.5985977951225925
1,0,222,multiscale_only_diverse16,16,222,True,1,0.7324391971456521,18.251611100435277,40.876284222027614,222,True,1,0.02200555936699312,7.2560074623180295,37.791329194413215,222,True,1,0.04581167796067618,18.28549536979691,40.74189666230101,222,True,1,0.04582294741655302,13.588700955496808,34.03991578072917,222,True,1,0.04710683860028095,8.526903115923984,29.031826927927415,222,True,1,0.732259064882669,18.321076316648533,47.817268755147914,222,True,1,7228.04524094289,18.32497802100669,40.871294426323416,222,True,1,9.602528690168478,18.376093923709597,40.50014351615347,0_0_0_10_14_16,-25.0,42,offpacket_bootstrap,offpacket,4.0,4.233930681224419,4.59840442034861
1,1,826,multiscale_only_diverse16,16,826,True,1,0.6725193482901801,20.287419690217806,40.173705157388326,826,True,1,0.025611580898229697,9.57440185971232,38.306292789521855,826,True,1,0.04198527926201327,20.115960010069976,40.146823628023725,826,True,1,0.041995145179290434,13.083983628362954,33.16272596742057,826,True,1,0.04339105144838906,7.753550503646887,28.162884922160636,826,True,1,0.6723613533545942,20.422519154303487,47.33545734472066,826,True,1,6749.194675104083,20.30270466091008,40.3638818707877,826,True,1,8.806347716265394,20.332692409136953,40.12359425845752,0_0_0_10_14_16,-25.0,42,offpacket_bootstrap,offpacket,4.0,4.233930681224419,4.59840442034861
1,2,922,multiscale_only_diverse16,16,922,True,1,0.8157760012935888,18.51850218383175,42.876862552051676,922,True,1,0.04419450558230738,14.474476419648463,42.93227416022112,922,True,1,0.05105955024026896,18.573538999079084,42.6065177871402,922,True,1,0.05106591796572163,13.119129033917066,35.758786362107784,922,True,1,0.05229507146536695,7.816152091485307,30.54473281979933,922,True,1,0.8156742771336394,18.564256027213037,50.019449536867874,922,True,1,9909.245479064306,18.53186848680782,42.877885316074185,922,True,1,10.678558058820421,18.455423796600186,42.55069666491691,0_0_0_10_14_16,-25.0,42,offpacket_bootstrap,offpacket,4.0,4.233930681224419,4.59840442034861
1,3,718,multiscale_only_diverse16,16,355,False,37,0.7683351287700511,-3.878591570105468,6.689416912821762,626,False,316,0.018262602177067024,-8.077397030011648,2.41745652340585,355,False,35,0.047270952159163646,-3.490257489624953,6.563267234471776,420,False,64,0.08555591006770935,-1.9776801704531355,2.196612139778434,260,False,333,0.18781048309556597,-4.00550213259821,0.6713478163345638,355,False,37,0.42451693968949844,-5.495745371141405,11.047159273898178,355,False,28,3.546164942965751,-3.355917020495993,6.804740865489381,355,False,52,9.241424654605332,-3.7677156750504963,6.048697395293533,0_0_0_10_14_16,-25.0,42,offpacket_bootstrap,offpacket,4.0,4.233930681224419,4.59840442034861
1,4,107,multiscale_only_diverse16,16,337,False,40,0.5646463803359438,-26.09513978230975,8.13345567069539,338,False,78,0.02492649513115158,-25.570752586801888,6.64943832858082,337,False,40,0.0391639330248772,-25.644188473667967,8.198898338473576,337,False,91,0.06709574034940724,-23.312738130048633,3.683097717593779,337,False,176,0.16236333225860328,-19.90824257408732,2.527361816635574,337,False,44,0.3295853493389705,-28.42659012592909,12.765100574522252,337,False,43,3.3021547323322054,-26.43763211579199,7.908607775697866,337,False,39,8.576711732992454,-25.511979639808814,8.396688790525138,0_0_0_10_14_16,-25.0,42,offpacket_bootstrap,offpacket,4.0,4.233930681224419,4.59840442034861
1,5,468,multiscale_only_diverse16,16,337,False,11,1.049713615027045,-14.044778998710337,18.804531499637115,338,False,49,0.008032860192202446,-21.41875232760932,9.198186841391918,337,False,11,0.06549937162995513,-14.0344576245173,18.570917360187337,337,False,11,0.07351416997494233,-13.539566805555312,12.008021846095138,337,False,20,0.15426377666645216,-10.574175735483887,10.17307944193771,337,False,13,0.9352697881118125,-14.539669817672324,25.633542539038547,337,False,13,31.828717073850083,-14.636798186423537,18.587694721202816,337,False,11,14.474565549277733,-13.81585671453281,18.954680196207658,0_0_0_10_14_16,-25.0,42,offpacket_bootstrap,offpacket,4.0,4.233930681224419,4.59840442034861
1,6,89,multiscale_only_diverse16,16,128,False,22,1.2508363755187588,-24.63892239298891,17.87181302621432,128,False,19,0.0786951613409234,-23.67286997225735,18.517799498322326,128,False,22,0.07584771404833093,-24.782348546185425,17.348368383684928,128,False,67,0.08112895334344856,-24.49084383335578,10.732640021050932,128,False,140,0.1335635906343367,-22.492747625154912,7.59026462384676,128,False,24,1.1694108677818758,-24.930427105818552,24.99190457321128,128,False,22,17.00528135413544,-24.750085325034583,17.67597010127487,128,False,23,16.166318329758262,-24.71129333393594,17.320830827651097,0_0_0_10_14_16,-25.0,42,offpacket_bootstrap,offpacket,4.0,4.233930681224419,4.59840442034861
1,7,713,multiscale_only_diverse16,16,128,False,16,0.6816589082736755,-16.917392172172427,23.768988580297403,128,False,28,0.01566276274699165,-20.907384015773207,18.710385257569488,128,False,16,0.043251100887616016,-16.830130053607327,23.30583210648792,128,False,45,0.04398937612340342,-16.75918962867238,12.619548237392493,128,False,84,0.06159546832183218,-15.54222871370264,8.582347118907668,128,False,16,0.6702186030095008,-16.988332597107377,35.077005804656125,128,False,16,32.57513774101148,-16.957321043383075,23.75141282789532,128,False,16,8.947418336158938,-16.896982315619592,22.654359526286363,0_0_0_10_14_16,-25.0,42,offpacket_bootstrap,offpacket,4.0,4.233930681224419,4.59840442034861
1,8,865,multiscale_only_diverse16,16,865,True,1,0.8108549489325902,18.10779407143342,42.8831482140848,865,True,1,0.03545162742870467,10.747696555446849,41.801725308632086,865,True,1,0.05067380830165975,18.05828478652637,42.716077695566526,865,True,1,0.05067973490998561,12.278854465528642,35.93681045404785,865,True,1,0.052115996624704466,6.878972164020174,30.801781573672734,865,True,1,0.8107601256329036,18.170435752953534,49.93361532192495,865,True,1,9549.853283040886,18.085678971693298,42.81647350759763,865,True,1,10.677079850143768,18.26369391914895,42.6411135141445,0_0_0_10_14_16,-25.0,42,offpacket_bootstrap,offpacket,4.0,4.233930681224419,4.59840442034861
1,9,492,multiscale_only_diverse16,16,492,True,1,0.8031406826014553,14.932403081995073,42.84578157873767,493,False,5,0.0007518091901832806,-11.481638389697393,24.654662342815513,492,True,1,0.050282906948627006,14.925971908973244,42.76817952299554,492,True,1,0.05029164226879614,11.955281196186554,35.81188983965694,492,True,1,0.05118442652880551,6.6755952339332705,30.65479682552166,492,True,1,0.8030011824641187,14.951524558304968,50.292732125529646,492,True,1,10186.029030053289,14.949526354777484,43.0223312444858,492,True,1,10.514171807698938,14.87665735143133,42.467390065673825,0_0_0_10_14_16,-25.0,42,offpacket_bootstrap,offpacket,4.0,4.233930681224419,4.59840442034861
1,10,765,multiscale_only_diverse16,16,765,True,1,0.8085675403278323,18.81389544738732,42.803406577320374,765,True,1,0.021457379656884303,6.163038739456955,39.365456082318644,765,True,1,0.050537160139796956,18.7761350289496,42.6883016957263,765,True,1,0.05054410229610633,12.226319925776124,35.80412889843024,765,True,1,0.05159538764555657,6.897828633933437,30.71069088448711,765,True,1,0.8084564847942162,18.84910994297522,49.97983203361169,765,True,1,10179.227852908572,18.78036958174848,42.75748528902692,765,True,1,10.65326911519089,18.918432472116272,42.56999991676498,0_0_0_10_14_16,-25.0,42,offpacket_bootstrap,offpacket,4.0,4.233930681224419,4.59840442034861
1,11,1023,multiscale_only_diverse16,16,1023,True,1,2.045312065472501,2.532766823870479,12.460694103995625,724,False,2,0.12054919404643144,-0.5084211734496794,12.070762135619225,1023,True,1,0.12038117198755874,2.337250246382015,12.143367590193112,1023,True,1,0.16287970254275705,1.9427894565031512,6.086646913613592,236,False,4,0.41435090736123087,-0.18042582748794272,5.028707055470369,1023,True,1,1.5116497616223268,2.9272276137493436,18.31372315394622,1023,True,1,11.382417229577321,1.886174914248731,12.308053005732225,1023,True,1,27.158329931411323,3.2674320168645865,12.660162913445648,0_0_0_10_14_16,-25.0,42,offpacket_bootstrap,offpacket,4.0,4.233930681224419,4.59840442034861
1,12,597,multiscale_only_diverse16,16,299,False,329,0.43455502970931903,-8.780250142224379,2.1256965747058865,399,False,98,0.054085557619476976,-5.109655789465752,5.232276279800439,299,False,423,0.021448111287440903,-9.240966723276703,0.9996264664840429,299,False,414,0.09282605188488167,-4.342071238024733,0.3422179513695891,940,False,142,0.42284609370997683,-3.263698975107594,1.8766445898410882,299,False,381,0.10040699187854447,-13.67914562747635,2.805262285354051,299,False,257,1.4252963714914162,-7.63302505352677,2.7426563604638323,299,False,394,5.026547329030446,-9.57408349373827,1.4592608540935645,0_0_0_10_14_16,-25.0,42,offpacket_bootstrap,offpacket,4.0,4.233930681224419,4.59840442034861
1,13,562,multiscale_only_diverse16,16,562,True,1,0.5751507052012563,10.178160823430888,17.66866261005066,563,False,17,0.0031294340119618954,-2.621735093079993,6.954857916489436,562,True,1,0.0373801758074197,9.919386986158846,17.600002785649025,562,True,1,0.041553019117088176,7.742012391702746,11.297750131243271,562,True,1,0.07898051412833165,3.667025585471551,9.158216391159025,562,True,1,0.5173928377046154,11.559640511039827,23.700518699821753,562,True,1,785.6306797162372,18.874936276967922,36.20999457650096,562,True,1,7.833580836901323,10.463556929138608,17.665069849251108,0_0_0_10_14_16,-25.0,42,offpacket_bootstrap,offpacket,4.0,4.233930681224419,4.59840442034861
1,14,478,multiscale_only_diverse16,16,876,False,44,0.7733337981047192,-5.160199344004305,6.080317548992481,876,False,150,0.03318590391099601,-6.28669234421948,3.9934565297246234,876,False,37,0.05326922852970538,-4.924379045635648,6.416616897451526,876,False,100,0.09541462161498902,-3.5973405723286045,1.754377419496703,319,False,478,0.2080181440434702,-5.2903787636591595,0.1750719288290445,876,False,39,0.43174614250646337,-6.487237817311349,10.597587966353112,823,False,7,6.111193005446237,-2.5629731357414194,8.917165345990043,876,False,40,11.770989479164692,-5.293709138083653,6.284814936415515,0_0_0_10_14_16,-25.0,42,offpacket_bootstrap,offpacket,4.0,4.233930681224419,4.59840442034861
1,15,267,multiscale_only_diverse16,16,267,True,1,0.8193050400698212,18.83050351760449,42.62868074079754,267,True,1,0.017078205178815267,5.028876618347939,37.81044440515644,267,True,1,0.05117724545004968,18.78089194211287,42.283125564498235,267,True,1,0.05118662114330504,12.70505818096543,35.626670441856206,267,True,1,0.05290849778226532,7.335636763742205,30.662209339114597,267,True,1,0.8191549705288612,18.855057881076956,49.38214245791975,267,True,1,9508.826778423967,18.90200548353152,42.53239562791372,267,True,1,10.723870782452122,18.737069637492322,42.286213758684084,0_0_0_10_14_16,-25.0,42,offpacket_bootstrap,offpacket,4.0,4.233930681224419,4.59840442034861
1,16,917,multiscale_only_diverse16,16,917,True,1,0.8472619472386214,25.023748208778194,43.258803400765125,917,True,1,0.044269420309388595,17.282920025225245,42.84498976686858,917,True,1,0.05299614000459403,25.156193987383947,43.13314226074173,917,True,1,0.05300430076203383,12.601098659672079,35.94930785849356,917,True,1,0.053632441281385466,7.2496790124443065,30.620746364548932,917,True,1,0.8471314993477902,25.139144485563335,50.50380887081836,917,True,1,11635.903211713412,25.035954491597415,43.3161245380882,917,True,1,11.107258909795526,25.349528287500096,42.682264554954365,0_0_0_10_14_16,-25.0,42,offpacket_bootstrap,offpacket,4.0,4.233930681224419,4.59840442034861
1,17,656,multiscale_only_diverse16,16,656,True,1,0.8303647132402183,19.153769775783626,42.990339988613556,656,True,1,0.009006129445622173,0.8424413408650516,35.64375210347476,656,True,1,0.05192092629834304,19.048271652635385,42.751687687939636,656,True,1,0.051927643654251475,12.592494883598464,35.88658860098294,656,True,1,0.05303089894600385,7.376713840037034,30.745872450353822,656,True,1,0.8302572973260709,19.213579431095795,50.044599217729136,656,True,1,10513.341336238613,19.184891140222824,43.055653985269124,656,True,1,10.895844855169987,19.062165992372016,42.76032979337919,0_0_0_10_14_16,-25.0,42,offpacket_bootstrap,offpacket,4.0,4.233930681224419,4.59840442034861
1,18,889,multiscale_only_diverse16,16,889,True,1,0.8129554383069717,22.44950849488461,42.62585112410788,889,True,1,0.038534809120714164,14.994748587353916,41.99131048669547,889,True,1,0.05078224114387025,22.60157210793576,42.588671412819835,889,True,1,0.050786005430593556,12.494957235316615,35.82542391348471,889,True,1,0.05160969801757728,7.1858374691882325,30.6184420824261,889,True,1,0.8128951816016625,22.573777051824973,49.902705813327955,889,True,1,10082.602808549982,22.498703456111784,42.75265034763362,889,True,1,10.682073553481157,22.44236829340203,42.41285308859755,0_0_0_10_14_16,-25.0,42,offpacket_bootstrap,offpacket,4.0,4.233930681224419,4.59840442034861
1,19,510,multiscale_only_diverse16,16,313,False,3,1.3930934506516337,-0.3673665782450518,9.537997315324983,143,False,17,0.06277723457862543,-1.4218226401038039,8.060152870439342,510,True,1,0.09518127288169193,0.2990634659575107,9.451892594263828,313,False,7,0.12353263926874634,-0.8178389558545035,3.761228647782149,491,False,12,0.3854991312014118,-1.1906720516183316,3.6624383185361915,510,True,1,1.0733714479110765,0.7495358435669635,14.976754273326854,427,False,7,5.305084748057296,-1.6560493176652937,8.596042476284255,313,False,5,18.453093222895745,-0.9275880879866892,8.94434808425081,0_0_0_10_14_16,-25.0,42,offpacket_bootstrap,offpacket,4.0,4.233930681224419,4.59840442034861
1,20,860,multiscale_only_diverse16,16,117,False,49,0.9415589320923665,-3.191765787632232,6.149030403475596,525,False,9,0.1068306079050904,-2.7884292870128147,8.986659731663787,552,False,18,0.08383225929785881,-2.083684908324858,7.58113499714593,689,False,5,0.17991951910632253,-0.7669387714376619,3.6876124768273706,628,False,54,0.487471612526509,-2.053089944361601,2.8826032776526382,552,False,63,0.43871289191661994,-4.84810594799839,9.975258989988475,117,False,11,4.515137342684273,-2.930622663975692,7.805063478378048,4,False,50,11.957288866237116,-3.209747243300666,5.929098118197914,0_0_0_10_14_16,-25.0,42,offpacket_bootstrap,offpacket,4.0,4.233930681224419,4.59840442034861
1,21,553,multiscale_only_diverse16,16,553,True,1,0.8383449747664748,18.619660206507596,42.705077509102914,552,False,3,0.0025981764127129426,-5.508087401386411,29.42295430020969,553,True,1,0.05237121331482779,18.506235963901943,42.30336789573733,553,True,1,0.05237702437481016,12.498161397863122,35.69959152032638,553,True,1,0.053253422022504576,7.137876678433797,30.605435763359786,553,True,1,0.8382519631264964,18.65954889003116,49.4098493446966,553,True,1,9992.36393296802,18.610731760826788,42.7625236970906,553,True,1,11.018786235097696,18.494267682605198,42.199403209415685,0_0_0_10_14_16,-25.0,42,offpacket_bootstrap,offpacket,4.0,4.233930681224419,4.59840442034861
1,22,629,multiscale_only_diverse16,16,963,False,68,0.7183191364105177,-4.148012917029677,6.059402227154815,952,False,826,0.003757885534175765,-15.687180184246678,-5.141626410936416,952,False,183,0.030203159180615474,-6.554325287391762,3.9245008442832106,952,False,408,0.07049990963702202,-5.039610509956894,0.3250047041849927,953,False,427,0.23426011653773163,-5.055214420221368,0.380693564233926,963,False,84,0.30773808549814113,-6.947893544178938,9.589221131955929,963,False,16,4.22979621694285,-3.0666488655156248,7.675097892401894,952,False,135,7.768986210005425,-5.697503339899756,4.695633340356781,0_0_0_10_14_16,-25.0,42,offpacket_bootstrap,offpacket,4.0,4.233930681224419,4.59840442034861
1,23,759,multiscale_only_diverse16,16,759,True,1,0.8252580243141807,21.964363751468508,40.99331821795265,759,True,1,0.021104288264492118,7.782931223502897,37.08713052274418,759,True,1,0.05159548529295347,21.8990217966911,40.76520588138983,759,True,1,0.051608027455052184,12.592284805717068,34.81161911328695,759,True,1,0.053119229541968446,6.962160003020401,29.68814045520531,759,True,1,0.8250574640443036,22.071445182750228,46.93402781346582,759,True,1,4967.06767710795,22.179104089660125,41.06109413012848,759,True,1,10.828027237222534,21.864716755139312,40.6689720210897,0_0_0_10_14_16,-25.0,42,offpacket_bootstrap,offpacket,4.0,4.233930681224419,4.59840442034861
1,24,874,multiscale_only_diverse16,16,20,False,428,0.20638809851165263,-7.6018585143277075,1.0455458236673356,256,False,588,0.008104268341356234,-10.640964851307285,-0.9541247722277837,697,False,495,0.011640755710346581,-8.068263969034449,0.23956981015351048,854,False,740,0.043311167523521786,-5.177916722004026,-0.8466422672184806,843,False,861,0.11753978523032758,-7.8406390253305025,-2.086037206252016,20,False,416,0.0554709922098571,-11.402661087131689,1.7895540385465494,874,True,1,7.738930554689114,2.7367934865091086,12.22059561083994,379,False,395,3.0100561195458657,-7.18650284423437,1.3215478718511975,0_0_0_10_14_16,-25.0,42,offpacket_bootstrap,offpacket,4.0,4.233930681224419,4.59840442034861
1,25,720,multiscale_only_diverse16,16,775,False,56,0.4846732952111985,-28.573627556381926,8.124492164990764,775,False,104,0.016526734844217527,-30.81734126912692,5.716023625602151,775,False,57,0.028694983360881478,-28.829371850527124,7.954368909056751,775,False,116,0.05845253182806393,-25.742028487373684,3.862053809854401,775,False,185,0.15817828144254387,-21.678582897609445,2.924945564540457,775,False,65,0.23793138990895937,-31.66097091953537,12.61991071128157,775,False,42,4.374760336692654,-27.6995399115115,10.610697842120434,775,False,181,3.0460388238309277,-31.790576426421477,4.163552694784797,0_0_0_10_14_16,-25.0,42,offpacket_bootstrap,offpacket,4.0,4.233930681224419,4.59840442034861
1,26,314,multiscale_only_diverse16,16,775,False,37,0.788815039705014,-16.324262073725436,6.825854373488899,777,False,47,0.05054417966666735,-8.271212716829075,6.942958670527288,775,False,29,0.054114884647173796,-15.826385326263367,7.091174633109004,775,False,48,0.11336352237747221,-12.688922317521405,3.225477737273092,775,False,41,0.5172498710047908,-7.857255599985025,4.84668587671612,775,False,55,0.3765464762064892,-19.461725082467396,10.564806559379072,775,False,103,2.275349776083094,-18.057136644134374,5.254742159680651,775,False,51,9.322359404705683,-16.564708031334263,6.016975312307916,0_0_0_10_14_16,-25.0,42,offpacket_bootstrap,offpacket,4.0,4.233930681224419,4.59840442034861
1,27,602,multiscale_only_diverse16,16,602,True,1,0.6345993589836816,3.2850356770374796,10.994912366555539,657,False,142,0.00979593684974364,-4.618272604886694,4.057390692217831,602,True,1,0.046080932253372626,3.024414968058568,11.16613857951424,602,True,1,0.05688683475786856,1.4894602832469754,5.205593662398157,674,False,23,0.12002410492994377,-1.3020468925700543,3.378891258424061,602,True,1,0.5140544414859689,4.479832300951733,16.859982704142947,602,True,1,17.70222324611057,5.172827936699513,13.988244475400144,602,True,1,9.2266720820315,2.1103139977928005,11.548760801087008,0_0_0_10_14_16,-25.0,42,offpacket_bootstrap,offpacket,4.0,4.233930681224419,4.59840442034861
1,28,7,multiscale_only_diverse16,16,7,True,1,0.8409925165427836,22.133111363044446,43.19345081582676,7,True,1,0.052157703533433644,21.61387306628626,43.617590460249474,7,True,1,0.052564666652786016,22.119551799618,42.92834890646609,7,True,1,0.05256785425063553,13.3959220693418,35.85231189632411,7,True,1,0.053285445776333755,8.032747705387402,30.50114476263328,7,True,1,0.8409415206256894,22.255466788186403,50.49518098414609,7,True,1,12245.157669705708,22.13945226413675,43.304542021813255,7,True,1,11.035534606745108,21.96983920901355,42.80189436660112,0_0_0_10_14_16,-25.0,42,offpacket_bootstrap,offpacket,4.0,4.233930681224419,4.59840442034861
1,29,610,multiscale_only_diverse16,16,610,True,1,0.8298993045355587,22.378442235599675,42.775881188125034,609,False,3,0.006096613518758599,-1.5881834167696312,33.92231562634527,610,True,1,0.05191981479771325,22.44580836808491,42.606038343018085,610,True,1,0.05192391352269059,12.771455355765283,35.87656302398523,610,True,1,0.05307617096411085,7.426227384704117,30.663701567519155,610,True,1,0.8298337946620264,22.500739058951694,49.90092459678155,610,True,1,11339.961350745476,22.444463267035562,42.84199293872905,610,True,1,10.883979443814354,22.612236966998772,42.43622387304882,0_0_0_10_14_16,-25.0,42,offpacket_bootstrap,offpacket,4.0,4.233930681224419,4.59840442034861
1,30,807,multiscale_only_diverse16,16,807,True,1,0.8434958746167922,22.922880059084356,42.98412570004247,807,True,1,0.028506135781463462,9.251136337039453,40.46097862669686,807,True,1,0.05275091611123273,22.851670435057304,42.74067799569325,807,True,1,0.05275317272958282,13.025747387863454,35.871955971331595,807,True,1,0.05373182709173895,7.72261464781592,30.71989268078175,807,True,1,0.8434597924596368,23.06674417456768,49.90224591868746,807,True,1,11593.602014176106,22.898144560683285,42.99320346381907,807,True,1,11.094370225095721,22.862362294160402,42.61243690647223,0_0_0_10_14_16,-25.0,42,offpacket_bootstrap,offpacket,4.0,4.233930681224419,4.59840442034861
1,31,897,multiscale_only_diverse16,16,897,True,1,0.8340802682021753,19.414308432029788,42.82850537051968,897,True,1,0.041116454884848476,13.384984677367227,41.91436398677867,897,True,1,0.052122480010971715,19.304588049064844,42.717863196874575,897,True,1,0.052129521271211364,13.24188144784686,35.875744498435374,897,True,1,0.053538229744953196,8.009418344339418,30.554823569097948,897,True,1,0.8339676069675054,19.476619030722205,50.16680327200941,897,True,1,11148.228094235108,19.396883481794585,42.901119772964755,897,True,1,10.966901828832686,19.3499282008367,42.487768899652856,0_0_0_10_14_16,-25.0,42,offpacket_bootstrap,offpacket,4.0,4.233930681224419,4.59840442034861
1,32,749,multiscale_only_diverse16,16,179,False,47,0.823285868047833,-2.403465287495961,5.920238924290006,468,False,477,0.013277871495369301,-8.671942771408835,0.3937253830256826,179,False,30,0.054599329000514674,-1.8316454077384945,6.392591649029996,241,False,194,0.0830318871887804,-2.9314293982448114,1.251454834986777,212,False,291,0.3037414313739409,-4.55848589357967,1.2630267526319094,179,False,20,0.5413685933552029,-2.0318523698392608,10.891740714570105,749,True,1,70.41788534111554,15.010259160998142,33.349076680874475,241,False,58,11.201021940017132,-2.559790419019035,5.81327793863343,0_0_0_10_14_16,-25.0,42,offpacket_bootstrap,offpacket,4.0,4.233930681224419,4.59840442034861
1,33,584,multiscale_only_diverse16,16,584,True,1,0.8144642445138892,19.362323366064274,42.882264349440156,583,False,3,0.005013450251494134,-2.826668167010568,32.5734627885386,584,True,1,0.05081357277221309,19.378185372160004,42.382219335495,584,True,1,0.05082647436728508,12.841229623453398,35.60714804501836,584,True,1,0.051225176037344215,7.404000532532332,30.465781230184508,584,True,1,0.8142575040697774,19.428491748730558,49.51722175020731,584,True,1,10288.327112855166,19.38003229768639,42.7484035891246,584,True,1,10.6872755520472,19.45417212520313,42.392507979680374,0_0_0_10_14_16,-25.0,42,offpacket_bootstrap,offpacket,4.0,4.233930681224419,4.59840442034861
1,34,934,multiscale_only_diverse16,16,934,True,1,0.7932309397591695,19.67723021833131,42.553661244441756,934,True,1,0.04366167192638404,15.846996516679406,42.56670259106333,934,True,1,0.04958029393437086,19.64952147803349,42.589404322900386,934,True,1,0.049589430436461523,12.889356588411307,35.607434766307364,934,True,1,0.050658251739821095,7.594048957076574,30.305647145618053,934,True,1,0.7930847925645819,19.732484674314346,49.72288890567842,934,True,1,9536.604045907974,19.680357844807112,42.560571981452554,934,True,1,10.43247624123525,19.7563163915475,42.42444374157462,0_0_0_10_14_16,-25.0,42,offpacket_bootstrap,offpacket,4.0,4.233930681224419,4.59840442034861
2,0,803,multiscale_only_diverse16,16,803,True,1,0.7868890610775594,9.796573878963775,17.050754813348735,803,True,1,0.037998846276491985,7.700801536633813,15.034576800984741,803,True,1,0.049593674480728545,9.236510009138817,16.12888119312785,803,True,1,0.056656073838255785,7.1769380978602735,9.77799128610772,803,True,1,0.08867198586013651,1.9666913808707385,5.72299170479471,803,True,1,0.6888002874843757,11.856145790242316,23.038268542972066,803,True,1,1060.5269762934881,19.24647526288603,40.38638218434188,803,True,1,11.199398064654163,9.869775081828791,16.085598394673536,0_0_0_10_14_16,-25.0,42,offpacket_bootstrap,offpacket,4.0,4.233930681224419,4.59840442034861
2,1,826,multiscale_only_diverse16,16,478,False,6,1.429634466506343,-2.0751632564322446,9.499661961256264,994,False,9,0.07196386086940176,-2.1965731298664477,8.161477376395803,478,False,5,0.0875924081200726,-1.5698645894396657,9.22478121333478,994,False,15,0.13231811853278658,-1.0686264254190285,3.3732758418214397,269,False,167,0.29841474699516796,-3.042786055286931,1.8689718291254918,478,False,5,0.9463943943679702,-2.620082927262874,15.30060099992491,826,True,1,10.727162487589313,0.680975585980384,12.08185260154359,478,False,3,20.081415197796673,-1.633490320748043,9.750580235171334,0_0_0_10_14_16,-25.0,42,offpacket_bootstrap,offpacket,4.0,4.233930681224419,4.59840442034861
2,2,922,multiscale_only_diverse16,16,47,False,12,1.2523268552041031,-2.327439570739162,8.140625190340842,47,False,13,0.07451889486184872,-2.637201732315075,7.7321513859335695,501,False,20,0.07368345088252394,-2.918468426047128,7.759722677421156,501,False,47,0.10888762721772811,-2.331213795081193,2.370755797288064,365,False,255,0.2691649226090558,-4.315084956612503,1.2528780640980772,501,False,12,0.8474403077935165,-2.8030656615368694,13.024556055590688,47,False,12,4.637228501729169,-2.7245616750126835,8.100867774968613,501,False,13,17.959590448728328,-2.0981161939996045,8.177788745917233,0_0_0_10_14_16,-25.0,42,offpacket_bootstrap,offpacket,4.0,4.233930681224419,4.59840442034861
2,3,718,multiscale_only_diverse16,16,718,True,1,0.810761883517003,25.648971744607504,42.61838111928996,718,True,1,0.017179451917484666,5.129137777550574,37.89822273119184,718,True,1,0.050575504427476485,25.589766080008587,42.063872722311196,718,True,1,0.050580338801236954,12.906548178478891,35.68447385376888,718,True,1,0.05166238292588338,7.617841075527502,30.4466344761384,718,True,1,0.8106843924193046,25.75246051515631,49.52836235487836,718,True,1,10856.570172789023,25.636337974151992,42.60420222464618,718,True,1,10.652848106881006,25.434005825203442,42.07567407284437,0_0_0_10_14_16,-25.0,42,offpacket_bootstrap,offpacket,4.0,4.233930681224419,4.59840442034861
2,4,86,multiscale_only_diverse16,16,84,False,3,0.24913796715143022,-0.24510766877874737,9.633743405723493,86,True,1,0.03351367705093254,3.4953981591211463,12.76573978921338,86,True,1,0.017362697114513225,1.0054149813209468,10.40853405321843,86,True,1,0.024624564562985146,0.7685874762054055,4.4763884265881515,788,False,40,0.0530517077573364,-1.4570938748660769,2.5065473618872725,84,False,2,0.17566633725893743,-0.008280163663207312,15.475005238165465,86,True,1,37.2113910832258,6.231113024063046,18.90692343686262,84,False,3,3.116975297280389,-0.4368508007038091,9.278033521910306,0_0_0_10_14_16,-25.0,42,offpacket_bootstrap,offpacket,4.0,4.233930681224419,4.59840442034861
2,5,468,multiscale_only_diverse16,16,576,False,100,0.5330426677334152,-4.345315883024508,4.864334469285799,661,False,61,0.045426970600644816,-3.3243591643177033,6.2296531089676455,576,False,78,0.03884133642066812,-3.734425819042202,5.250749363986264,228,False,144,0.07902386848118376,-2.2240173008856963,1.5001108159564835,224,False,103,0.2913550449413873,-3.2418028940993744,2.037753360448991,576,False,87,0.26199792520830356,-6.1906499757673075,8.547825781665289,576,False,44,3.3318309170033156,-2.6450811235634037,6.6020871601749995,576,False,109,7.111067940925385,-4.017914678094292,4.850390547930857,0_0_0_10_14_16,-25.0,42,offpacket_bootstrap,offpacket,4.0,4.233930681224419,4.59840442034861
2,6,89,multiscale_only_diverse16,16,89,True,1,0.7868278349249955,21.162615819633302,41.661327027692074,89,True,1,0.03905657095813625,13.800420702819418,41.522121679270526,89,True,1,0.04911313028145042,21.160270257799986,41.44701644362179,89,True,1,0.04912176607094706,13.464670837675765,34.88038055848769,89,True,1,0.0501709370826212,7.8789110465159755,29.79963820673731,89,True,1,0.7866895076599967,21.225358921129846,48.60418566810911,89,True,1,7658.955264429445,21.193611217745236,41.61580172255284,89,True,1,10.326457907428797,21.089353689831167,41.07745099666037,0_0_0_10_14_16,-25.0,42,offpacket_bootstrap,offpacket,4.0,4.233930681224419,4.59840442034861
2,7,713,multiscale_only_diverse16,16,391,False,3,1.670570782669202,-0.4549920926807115,9.261380094550214,1003,False,2,0.08949011314368466,-0.6640427868999992,8.496135148367653,391,False,5,0.10093807421354431,-0.6496619600917679,9.0458372293701,391,False,9,0.1378912325559406,-1.2567226639853915,3.301042911611796,113,False,141,0.3453989362145129,-3.1702728774221116,2.047165734376377,366,False,2,1.2228783115100097,-0.3982378577162477,14.929327171136729,713,True,1,20.841926218821147,8.215006158591155,17.921990814633503,391,False,14,17.828039599665225,-1.50665960281346,7.6144409821204135,0_0_0_10_14_16,-25.0,42,offpacket_bootstrap,offpacket,4.0,4.233930681224419,4.59840442034861
2,8,865,multiscale_only_diverse16,16,865,True,1,0.787256044930075,19.476726901928785,42.55282467607987,865,True,1,0.034940538165107074,11.468231922908036,41.507370194070944,865,True,1,0.04929552083367342,19.567964674750062,42.33098124404533,865,True,1,0.04929934958788026,12.913495198357712,35.48533992837089,865,True,1,0.050264591209560984,7.58022775991956,30.37598017331888,865,True,1,0.7871949039633263,19.539026006701846,49.44224786404902,865,True,1,9808.918607920672,19.50551071097386,42.45975249499389,865,True,1,10.349408826528924,19.361357541065082,42.14565564492539,0_0_0_10_14_16,-25.0,42,offpacket_bootstrap,offpacket,4.0,4.233930681224419,4.59840442034861
2,9,492,multiscale_only_diverse16,16,394,False,18,0.6732911916094544,-11.259737892640453,26.095442435406913,394,False,34,0.002845638338529278,-17.250140657789622,12.536347248973275,394,False,18,0.04144556305645364,-11.309853099572953,25.614032019988606,394,False,26,0.042131985498678554,-11.242515951108174,17.168474344977646,394,False,39,0.056209992179996844,-10.302262482053887,13.192067750273978,394,False,18,0.6623218015224959,-11.327075041105232,35.87063524868584,394,False,18,25.609517504350777,-11.317567396415228,25.48746944492556,394,False,17,9.176568397086236,-11.131909469011475,26.00536408306935,0_0_0_10_14_16,-25.0,42,offpacket_bootstrap,offpacket,4.0,4.233930681224419,4.59840442034861
2,10,765,multiscale_only_diverse16,16,393,False,51,0.6789577312019901,-23.967420496782385,14.04816744333396,394,False,44,0.026744831734914598,-23.067819289414857,12.086625637689306,393,False,50,0.044081459818536534,-23.81004338763342,13.537421402790937,393,False,152,0.0548696748705885,-22.861013609298652,6.551284242653853,393,False,221,0.1217291931324793,-19.582475253613765,4.313981851624117,393,False,55,0.5454642845443245,-24.916450275117157,21.431655415708022,393,False,56,3.8993176459355845,-24.32405228186722,13.616638468362039,393,False,53,8.762127317888995,-24.0640341179071,13.095193161808217,0_0_0_10_14_16,-25.0,42,offpacket_bootstrap,offpacket,4.0,4.233930681224419,4.59840442034861
2,11,1023,multiscale_only_diverse16,16,1023,True,1,0.7893836964911003,15.195823661237206,42.81045616354908,1023,True,1,0.049380455916936725,15.370522593124187,43.604490846141104,1023,True,1,0.049286585023040154,15.280436760097105,42.423263405201546,1023,True,1,0.04929082188501911,13.90395386209094,35.58052995798006,1023,True,1,0.05039943220430839,8.654936776019182,30.304409632010035,1023,True,1,0.7893158439042988,15.210902573120181,49.905804274483486,1023,True,1,11823.647020290464,15.199331208788616,42.83199989496789,1023,True,1,10.354990095269663,15.24825597869581,42.539417825422106,0_0_0_10_14_16,-25.0,42,offpacket_bootstrap,offpacket,4.0,4.233930681224419,4.59840442034861
2,12,597,multiscale_only_diverse16,16,597,True,1,0.8056200532217339,19.438904481106633,42.823246808482,596,False,2,0.007421267686251344,-0.8848211227648816,34.37650168749913,597,True,1,0.05028847695072503,19.462553129136893,42.476805379332056,597,True,1,0.0502992171759519,13.166026275767283,35.57501924440069,597,True,1,0.051548865293648834,7.591035502548636,30.53460988915763,597,True,1,0.8054480318403948,19.51591615319903,50.237820015515744,597,True,1,10625.789982657443,19.4499816183141,42.82076444545855,597,True,1,10.547769462751043,19.578769745523118,42.204209630521746,0_0_0_10_14_16,-25.0,42,offpacket_bootstrap,offpacket,4.0,4.233930681224419,4.59840442034861
2,13,562,multiscale_only_diverse16,16,562,True,1,0.5176101849432513,4.956489688248443,13.462213822380502,561,False,564,0.001354454442342802,-11.63435157411655,-0.5163793720518759,562,True,1,0.034530847663990824,5.386288168607941,13.649998776957268,562,True,1,0.03927449953917359,3.9756389571362623,7.20491313766723,562,True,1,0.07752162026247,0.3885337150317802,4.88266571332029,562,True,1,0.45509220118204,6.2731760388130295,19.530855383190556,562,True,1,262.69389359248515,15.181393618916976,34.039698164151794,562,True,1,7.2714797083709595,5.408172494251765,13.933602316167423,0_0_0_10_14_16,-25.0,42,offpacket_bootstrap,offpacket,4.0,4.233930681224419,4.59840442034861
2,14,478,multiscale_only_diverse16,16,179,False,7,1.4535182687888124,-2.267641512268686,9.511986103741124,488,False,738,0.0048407682650786,-14.87257500689212,-3.3045284614188657,179,False,10,0.0862927239607262,-2.115842948740469,9.164131482387885,187,False,24,0.11756180165889456,-1.97278357022178,3.097931625963834,7,False,244,0.24502506833276846,-3.8291621008257,1.305534717459288,179,False,7,1.066911607091519,-2.5218005128694445,15.418099068806459,179,False,7,5.898512497713406,-3.015305307446779,9.423264307801634,179,False,6,21.92010931605665,-1.8408661750461746,9.741969904439909,0_0_0_10_14_16,-25.0,42,offpacket_bootstrap,offpacket,4.0,4.233930681224419,4.59840442034861
2,15,267,multiscale_only_diverse16,16,267,True,1,0.783013785918584,17.947619528314878,42.16768374441632,267,True,1,0.01863854507071559,3.9366754668964847,38.114941294879756,267,True,1,0.04898659640146276,17.891378862236632,41.824747004504076,267,True,1,0.048992293459008365,13.708425081484135,35.126874591325034,267,True,1,0.05030128147016377,8.265350552582095,30.048307917533418,267,True,1,0.7829227333410778,17.983583707717717,49.357652118652794,267,True,1,8267.19067547755,17.93096519686441,42.10703215066186,267,True,1,10.285552306480369,17.98915877086729,41.49437827670681,0_0_0_10_14_16,-25.0,42,offpacket_bootstrap,offpacket,4.0,4.233930681224419,4.59840442034861
2,16,917,multiscale_only_diverse16,16,917,True,1,2.7319242617710557,3.1910641794419154,11.43218412768606,917,True,1,0.14626529944251104,1.8736503936518136,9.786387111037712,917,True,1,0.17364705713844955,3.30994177904951,10.879715725372833,917,True,1,0.20424411116372623,1.2834458956090176,4.689494017520068,122,False,21,0.495636536487806,-1.3145240238094982,3.418674662800031,917,True,1,2.322664803791547,4.230769475845851,17.243452071164846,917,True,1,13.173973137163403,4.663781467146219,13.300874565727907,917,True,1,37.07568877624518,2.667966841707012,11.091544802799708,0_0_0_10_14_16,-25.0,42,offpacket_bootstrap,offpacket,4.0,4.233930681224419,4.59840442034861
2,17,656,multiscale_only_diverse16,16,656,True,1,0.5540002472781822,5.157352181238953,11.969839853420034,655,False,124,0.004581486284028183,-4.272581148688647,4.364285564093126,656,True,1,0.03435787334955465,4.945750962547779,11.492129939975438,656,True,1,0.04096728718990505,3.1787248674950357,6.554503952989792,656,True,1,0.09146886952850256,0.8742211644734971,4.744168309297252,656,True,1,0.4646212048010851,6.887771147723225,16.907190733182844,656,True,1,180.20274629815344,13.604047260655678,31.242335379383256,656,True,1,7.188718185916209,4.663561715784857,11.577893257666092,0_0_0_10_14_16,-25.0,42,offpacket_bootstrap,offpacket,4.0,4.233930681224419,4.59840442034861
2,18,889,multiscale_only_diverse16,16,869,False,40,0.8450887456280185,-2.929287564797764,7.154754417019362,581,False,25,0.06394645310354205,-2.902550262706773,7.967440503232286,869,False,27,0.06196400951477139,-2.4338108714427573,7.616778031350013,438,False,29,0.10601214838148515,-1.670680456517796,2.7034681613138094,438,False,74,0.3210543453265417,-3.5574902583007857,2.430871200722331,869,False,33,0.4939536446944248,-3.9818973833453946,11.62284051581447,256,False,19,4.081226037429989,-3.344432820263995,7.8463821413050985,869,False,60,10.113728165086968,-4.2443091605025876,6.467714769403791,0_0_0_10_14_16,-25.0,42,offpacket_bootstrap,offpacket,4.0,4.233930681224419,4.59840442034861
2,19,510,multiscale_only_diverse16,16,510,True,1,0.7048234163094094,4.259342367922427,12.62042470934555,331,False,415,0.0027921041570922473,-8.434982702359333,1.3110876197949037,510,True,1,0.044258102267931504,4.361963725158711,12.86986544703237,510,True,1,0.0523956036717795,2.525510294993948,6.246316325933218,510,True,1,0.11977235700831401,0.22389643789712727,4.47594120360332,510,True,1,0.5953580959819346,5.57850946180362,18.976108698592775,510,True,1,102.75909282909667,12.78621809684969,26.881887281842168,510,True,1,10.055187117448682,3.782177488543211,12.61369552623039,0_0_0_10_14_16,-25.0,42,offpacket_bootstrap,offpacket,4.0,4.233930681224419,4.59840442034861
2,20,860,multiscale_only_diverse16,16,349,False,70,0.5686487783549552,-3.322240083355906,5.746345344925262,323,False,108,0.029699092254676176,-6.647984858630124,5.39443722497423,674,False,52,0.03695425618623898,-2.8403094864199554,6.010582029614611,104,False,121,0.07159226179181283,-2.8153915909047456,1.5250219435447927,847,False,401,0.1804490810764535,-4.955922505563,0.4022149449136672,764,False,59,0.29352323993378804,-4.25753078415214,9.894078054560076,323,False,106,2.1811766995802664,-4.6368488191957935,4.686597116439247,674,False,37,10.328223990167254,-2.9618799650066436,6.642409306578601,0_0_0_10_14_16,-25.0,42,offpacket_bootstrap,offpacket,4.0,4.233930681224419,4.59840442034861
2,21,553,multiscale_only_diverse16,16,553,True,1,0.713635470697227,13.017706078244144,41.62658818271435,554,False,3,0.0010259790427209693,-9.275672085815483,24.748754411267733,553,True,1,0.04481752170402036,13.140862397999653,41.40592862102249,553,True,1,0.044847330437953845,12.054520033506538,34.44267020102482,553,True,1,0.047060727599318154,6.753349625560174,29.55674226580133,553,True,1,0.713161137673081,13.049999408814866,49.05812208585913,553,True,1,8766.73164892296,13.050762427918368,41.733673890455165,553,True,1,9.325092269378654,12.944895674293582,41.116753476351306,0_0_0_10_14_16,-25.0,42,offpacket_bootstrap,offpacket,4.0,4.233930681224419,4.59840442034861
2,22,629,multiscale_only_diverse16,16,629,True,1,0.6267901256728159,14.572458319255793,40.19489603928296,630,False,3,0.004038430679974108,-2.6998914362421997,30.090110027324183,629,True,1,0.03929424458189833,14.61870402073327,39.97643641802623,629,True,1,0.03930518251677463,12.141251014917424,33.0506997400365,629,True,1,0.040949981011767916,6.832930485454426,28.142293375399618,629,True,1,0.6266157011023972,14.644515305368838,47.274283636188756,629,True,1,6250.090500365628,14.527902251358853,40.39733377421901,629,True,1,8.304272852547838,14.813369166764673,40.01932792662673,0_0_0_10_14_16,-25.0,42,offpacket_bootstrap,offpacket,4.0,4.233930681224419,4.59840442034861
2,23,759,multiscale_only_diverse16,16,759,True,1,0.7633171512043333,17.969540147251905,41.532773967220386,759,True,1,0.021150274166661195,6.9808621207998645,38.392491148920556,759,True,1,0.04767121579753928,17.981424894140776,41.46913128502454,759,True,1,0.04768244637471572,12.306498658254025,34.842398326515834,759,True,1,0.048457199955786706,6.952589413079279,29.750299350081022,759,True,1,0.7631373682269808,18.003369025595468,48.29051426898809,759,True,1,7947.9558059776,17.985880376299136,41.600591676789236,759,True,1,10.048282180170935,18.005904032455074,41.16022629761403,0_0_0_10_14_16,-25.0,42,offpacket_bootstrap,offpacket,4.0,4.233930681224419,4.59840442034861
2,24,874,multiscale_only_diverse16,16,874,True,1,0.8110735180118276,20.781388371069617,42.44842886884989,874,True,1,0.03658097970473943,13.880518965661153,41.53169177992143,874,True,1,0.05070149349264104,20.863591338532007,42.02785991262381,874,True,1,0.050706467682030076,12.548341901379237,35.691728036051416,874,True,1,0.051718789096662304,7.198741316878412,30.54773630613743,874,True,1,0.8109939535406377,20.86726488737661,49.34016251436535,874,True,1,9474.015982041421,20.81597973318189,42.43004673181897,874,True,1,10.650084010905994,20.756413456473155,42.157760258432376,0_0_0_10_14_16,-25.0,42,offpacket_bootstrap,offpacket,4.0,4.233930681224419,4.59840442034861
2,25,720,multiscale_only_diverse16,16,955,False,98,0.6222549978077474,-3.7611992318441807,4.726372277736277,542,False,466,0.012554099879531355,-8.308569901986653,0.4662673449560377,955,False,106,0.033658962214065856,-3.728377524907087,4.660275884726915,407,False,396,0.06486327100717847,-3.5412129786714086,0.4185016290851343,407,False,430,0.24240280329096744,-5.725513672954582,0.5252823096518604,955,False,71,0.3229016534859407,-4.239937306951656,8.964339863527599,720,True,1,68.16061759415783,14.520550661365153,33.28624049980652,345,False,101,6.625551047187164,-3.7203004944262528,4.799579171102476,0_0_0_10_14_16,-25.0,42,offpacket_bootstrap,offpacket,4.0,4.233930681224419,4.59840442034861
2,26,314,multiscale_only_diverse16,16,314,True,1,0.7976223282821735,16.285096432541344,42.44319924800151,314,True,1,0.01088398225536939,2.2399504051114825,36.25948629251536,314,True,1,0.049845596386240434,16.256790339310406,42.05502899288793,314,True,1,0.04985362306513566,12.58768462715057,35.63295426034368,314,True,1,0.050995648224798094,7.168546694350554,30.3685624909303,314,True,1,0.7974939071581878,16.324133627846034,49.52362540535055,314,True,1,9146.451647903941,16.297825580783,42.36466971350246,314,True,1,10.500224471020854,16.238758358186075,42.11895974837459,0_0_0_10_14_16,-25.0,42,offpacket_bootstrap,offpacket,4.0,4.233930681224419,4.59840442034861
2,27,602,multiscale_only_diverse16,16,412,False,4,1.2535656844286223,-0.4860730424881359,8.326100421988658,999,False,102,0.0405472175384535,-3.5509837410109157,4.951098193366525,37,False,5,0.08588444827706088,-0.2935560203101857,8.34368237450504,307,False,8,0.1383302384717628,-0.7377680409744065,3.2702600393134884,412,False,55,0.36270618023353435,-3.122231850427421,2.528423895703149,681,False,6,0.7782954643585417,-0.9779483053520683,13.129830748533385,877,False,7,4.459844081448443,-1.078887706728384,8.114923101715151,602,True,1,21.75904798560178,0.031517672487443506,9.192366749989807,0_0_0_10_14_16,-25.0,42,offpacket_bootstrap,offpacket,4.0,4.233930681224419,4.59840442034861
2,28,7,multiscale_only_diverse16,16,7,True,1,0.8298586892895088,25.84710861206089,41.982899431800305,7,True,1,0.051403342383342376,25.23850782941899,42.34638082569823,7,True,1,0.05174732897634378,25.82584281005124,41.732265088517536,7,True,1,0.051754422463774735,13.228322003155819,35.22197763584741,7,True,1,0.05348239522091614,7.8116329012631525,30.098465028275218,7,True,1,0.8297449484360375,26.058992615501598,48.68520375255575,7,True,1,8113.352620371116,25.766457094591612,42.02321362920537,7,True,1,10.874333083642652,25.849597960496823,41.784564070643775,0_0_0_10_14_16,-25.0,42,offpacket_bootstrap,offpacket,4.0,4.233930681224419,4.59840442034861
2,29,610,multiscale_only_diverse16,16,945,False,30,0.9231453295677206,-2.6874068315898034,6.661892222422795,979,False,936,0.0017660790478516788,-17.477272557088384,-8.416091328230497,945,False,26,0.05664528103257635,-2.5155317513127695,6.706441522232786,944,False,43,0.10208239654607598,-1.4411238109451636,1.9958846903127914,297,False,117,0.31516849111489453,-2.791340173761932,1.8443264568596818,945,False,33,0.5122511656911519,-3.8545723096390776,11.161693643327105,944,False,7,5.450473070326716,-0.6429469926758362,8.654995055913577,945,False,31,12.191822958557252,-2.5481509603562325,6.4486316686195195,0_0_0_10_14_16,-25.0,42,offpacket_bootstrap,offpacket,4.0,4.233930681224419,4.59840442034861
2,30,775,multiscale_only_diverse16,16,775,True,1,0.8072169313600739,18.846927590355197,42.40929702207645,775,True,1,0.023093644312873526,8.470190144760958,39.506992689733934,775,True,1,0.05047250286630196,18.87339157187306,42.23590416776743,775,True,1,0.050478694021163284,12.532150903506473,35.69367888590782,775,True,1,0.05148515572343227,7.160054145986191,30.60403863596687,775,True,1,0.8071179271143096,18.90176494358989,49.20518405513759,775,True,1,9950.683281559912,18.802274019483946,42.44257628612752,775,True,1,10.618559312274275,18.866488679057777,42.015906272412494,0_0_0_10_14_16,-25.0,42,offpacket_bootstrap,offpacket,4.0,4.233930681224419,4.59840442034861
2,31,912,multiscale_only_diverse16,16,912,True,1,1.156435665152685,7.6911068634976445,16.631097314058632,912,True,1,0.06766437511104907,6.3155954103329845,16.431660533953654,912,True,1,0.07607623795731096,7.944844292379345,16.798502434448746,912,True,1,0.0822016625892085,6.1236111496435655,9.939526803211523,912,True,1,0.14584219902048456,1.7734021297387037,7.071146684800469,912,True,1,1.070261501694086,9.404015520431539,23.622228591982683,912,True,1,101.14677008076465,13.9272105309288,22.854780683328784,912,True,1,17.37085049115788,8.298373994322116,17.19260782624587,0_0_0_10_14_16,-25.0,42,offpacket_bootstrap,offpacket,4.0,4.233930681224419,4.59840442034861
2,32,768,multiscale_only_diverse16,16,115,False,317,0.28784047579586414,-7.13293383227,2.217968583319113,653,False,16,0.06640788478522129,-2.3596940601601553,7.814754328895378,115,False,172,0.027741292741599144,-5.2443338999303,4.00463487745729,652,False,283,0.06855077052182398,-3.420937676971863,0.8663955820078045,609,False,142,0.2735964951895251,-3.0560413691167945,1.8686202548051902,115,False,242,0.11648398466056784,-9.306716033037056,5.169520110396988,457,False,222,1.6106904645835076,-6.407721900587139,3.2945083445498833,115,False,168,5.951052659883197,-6.029466067675321,4.206006288494907,0_0_0_10_14_16,-25.0,42,offpacket_bootstrap,offpacket,4.0,4.233930681224419,4.59840442034861
2,33,581,multiscale_only_diverse16,16,198,False,102,0.6303623150556383,-5.0936039933372,5.324998801708244,478,False,717,0.006912488220094187,-13.079355461750218,-2.7779395756089724,198,False,152,0.03513148074192768,-5.479536209111533,4.4566288405508345,198,False,100,0.09913951962457156,-2.4921234908643948,1.8666838220942552,478,False,306,0.26092614583859275,-4.4886521510190125,0.9426891706264449,198,False,148,0.22337773690730459,-8.081016711584336,7.652880374667026,581,True,1,6.272526425112197,1.418116541739156,9.781154138230653,198,False,105,9.468090813459122,-4.6677053576734995,5.236577336821569,0_0_0_10_14_16,-25.0,42,offpacket_bootstrap,offpacket,4.0,4.233930681224419,4.59840442034861
2,34,93,multiscale_only_diverse16,16,93,True,1,0.6508360407281089,20.48793809314042,39.82450719505431,93,True,1,0.0324251557273877,13.790747611102557,38.68632235036222,93,True,1,0.04070870782981171,20.56789252764418,39.5492768783484,93,True,1,0.04072152808595306,13.287641426221308,32.83963398675482,93,True,1,0.04250192574825972,7.702266294584016,27.937426928044164,93,True,1,0.6506311396563577,20.578400765479444,46.775541424899515,93,True,1,5538.279449753326,20.524645239326375,39.80127943127953,93,True,1,8.550890129963529,20.389345230298296,39.36598521162281,0_0_0_10_14_16,-25.0,42,offpacket_bootstrap,offpacket,4.0,4.233930681224419,4.59840442034861
3,0,222,multiscale_only_diverse16,16,412,False,20,0.9082243542042221,-20.8610943555611,20.53389530933891,412,False,19,0.027367327021245728,-18.81515522207392,16.313300119814752,412,False,20,0.05925947042059368,-20.67606148142799,20.291500254105237,412,False,52,0.06402319089910181,-20.34255862092091,11.537395797405177,412,False,91,0.11224087790361928,-18.049671366676833,8.624697197257479,412,False,20,0.84064685776202,-21.19459721606818,30.21191973200791,412,False,20,20.702018948826712,-20.759895315541215,20.626204490646032,412,False,20,12.210724049500657,-20.78676945387762,20.074835042438657,0_0_0_10_14_16,-25.0,42,offpacket_bootstrap,offpacket,4.0,4.233930681224419,4.59840442034861
3,1,711,multiscale_only_diverse16,16,411,False,16,0.8426983610920757,-25.059473742354214,14.673527849184262,411,False,91,0.007237118138104923,-31.336916094461337,6.353206319368805,411,False,17,0.05284749177384203,-25.043874333323735,14.576744650699167,411,False,50,0.05651256007105156,-24.753478528224658,8.378004152783847,411,False,140,0.07700947454276792,-23.532630601812734,4.478484362616916,411,False,15,0.7880459609271239,-25.349869547453284,21.246042712160932,411,False,15,14.155597888437825,-25.195866951570526,14.648037670514146,411,False,17,10.69829356141358,-25.204991023676108,14.277441872425978,0_0_0_10_14_16,-25.0,42,offpacket_bootstrap,offpacket,4.0,4.233930681224419,4.59840442034861
3,2,871,multiscale_only_diverse16,16,871,True,1,0.8330738376482714,23.475009493790875,42.85666936769381,871,True,1,0.03739246928491761,13.125693364190576,41.62293475123174,871,True,1,0.05202399844560071,23.401502491253957,42.64860076404474,871,True,1,0.05203051025899127,12.964224626196652,35.823227501099886,871,True,1,0.05288332363822028,7.454633142966109,30.499208417045644,871,True,1,0.832969575334788,23.65619507107884,49.86423510129527,871,True,1,11183.37176271226,23.45087241810059,42.82782370889343,871,True,1,10.953254204851522,23.345001331125218,42.70831886191998,0_0_0_10_14_16,-25.0,42,offpacket_bootstrap,offpacket,4.0,4.233930681224419,4.59840442034861
3,3,718,multiscale_only_diverse16,16,718,True,1,0.8261140948370418,24.81050309252071,42.5230477399042,718,True,1,0.017016587915435838,5.029678882069718,37.69892708768139,718,True,1,0.05163353909916803,24.666044753090283,42.320867923820174,718,True,1,0.05164565551287507,12.822912678634431,35.71297606264951,718,True,1,0.05318192209809782,7.456933921495845,30.7431720044637,718,True,1,0.8259202829850503,25.043497185342403,49.441304467925846,718,True,1,10735.549631528675,24.771944754110468,42.65200406660382,718,True,1,10.865724906922397,24.485857725737397,42.320133910017134,0_0_0_10_14_16,-25.0,42,offpacket_bootstrap,offpacket,4.0,4.233930681224419,4.59840442034861
3,4,107,multiscale_only_diverse16,16,107,True,1,0.8390406191996682,21.86566367101095,43.18717474709992,107,True,1,0.039568614238195556,12.957651758768542,42.49685357272605,107,True,1,0.05247546241600987,21.801171685924068,42.95024928799087,107,True,1,0.0524796687300741,13.41007707015958,35.70573170725201,107,True,1,0.05365552621197917,8.312401549464786,30.561746032861215,107,True,1,0.8389733689970202,21.930885136724612,50.41978357675112,107,True,1,11972.23532730758,21.889491282835877,43.07766727053028,107,True,1,11.004463113860325,21.96104410145216,42.7048361472727,0_0_0_10_14_16,-25.0,42,offpacket_bootstrap,offpacket,4.0,4.233930681224419,4.59840442034861
3,5,468,multiscale_only_diverse16,16,468,True,1,0.7164469799450082,18.851781888359156,41.1196883806636,467,False,3,0.0035870484496111003,-3.6749070839457736,30.051127457517364,468,True,1,0.04487473146428041,18.92630216552108,40.89897908743761,468,True,1,0.04488863541648274,12.858281923955532,34.243843975238576,468,True,1,0.04640786744861608,7.502343456615639,29.221521493682935,468,True,1,0.7162250653229165,18.908129121089566,47.81144073518375,468,True,1,7667.001523377914,18.846146765916163,41.18892633481895,468,True,1,9.443876294388946,18.943902171629674,40.73288857032635,0_0_0_10_14_16,-25.0,42,offpacket_bootstrap,offpacket,4.0,4.233930681224419,4.59840442034861
3,6,89,multiscale_only_diverse16,16,89,True,1,0.6778784478083253,18.264466685258476,40.3941938877295,89,True,1,0.03307300459922848,11.902819431204144,39.18484738480791,89,True,1,0.042326524583471296,18.408323571563255,40.31132214203551,89,True,1,0.04233922340224415,13.63331135227968,33.349098978219715,89,True,1,0.04392338138595198,8.462103995338143,28.268436114832618,89,True,1,0.677675131477344,18.326848027706365,47.25343921697426,89,True,1,6341.705602066744,18.300812704230665,40.2925877206969,89,True,1,8.937191699652384,18.276143266428523,39.96580602372157,0_0_0_10_14_16,-25.0,42,offpacket_bootstrap,offpacket,4.0,4.233930681224419,4.59840442034861
3,7,713,multiscale_only_diverse16,16,293,False,11,0.7823431441367212,-1.3350613430098734,7.912737597484778,112,False,180,0.020623129993651398,-6.711059966693037,3.8298882281423423,293,False,11,0.05148546633430943,-1.1428733132997853,8.050309926563987,870,False,14,0.08548150964212284,-0.7028722899884311,3.1464581816406403,394,False,16,0.31939833465266193,-1.4173119133954157,3.8429243265393076,293,False,13,0.4712048462639745,-1.792555638187875,12.484012769545146,622,False,7,4.976151712675649,-0.7279765807090361,8.329037755620416,293,False,21,10.648511387154644,-1.8479491178141991,7.5536033860945455,0_0_0_10_14_16,-25.0,42,offpacket_bootstrap,offpacket,4.0,4.233930681224419,4.59840442034861
3,8,865,multiscale_only_diverse16,16,865,True,1,0.6823065825780397,0.13705158659667097,9.625447015251533,793,False,50,0.02391906514020356,-3.069475259223169,6.332822335464172,348,False,3,0.04318597060649546,-0.6831256568956712,8.844753967555214,348,False,5,0.06000376432451189,-0.9212381650664878,3.8604618242300734,112,False,67,0.14999741278514994,-2.1270625822805296,2.797928851179319,865,True,1,0.49107039119204937,0.3751640947674884,14.36822199171054,865,True,1,12.468507523071747,3.24762553680981,12.985210213573406,865,True,1,8.711959512455113,0.061856416683892926,8.861514667194834,0_0_0_10_14_16,-25.0,42,offpacket_bootstrap,offpacket,4.0,4.233930681224419,4.59840442034861
3,9,492,multiscale_only_diverse16,16,235,False,140,0.5782108751994919,-5.817727915973662,4.570675369671821,924,False,623,0.008971346547278242,-11.835009091013113,-1.3662437253955562,235,False,158,0.03371830850890202,-6.3924907221387475,4.197650675734163,235,False,201,0.08343029972550162,-3.4253634078561057,1.1746226412072465,926,False,443,0.21775829178130934,-5.216396928267476,0.2822416987490623,235,False,152,0.23368359861254823,-8.784855230256303,7.382835286483202,235,False,189,1.8078653436968044,-6.968511190614243,4.112471027197295,305,False,92,9.825521505414294,-4.760354615677034,5.494851881264808,0_0_0_10_14_16,-25.0,42,offpacket_bootstrap,offpacket,4.0,4.233930681224419,4.59840442034861
3,10,765,multiscale_only_diverse16,16,765,True,1,0.8208876593744776,19.872787339859975,42.648043582087695,765,True,1,0.02303114790168156,6.164090261128745,39.53301929646344,765,True,1,0.05131502830735183,19.891887835015385,42.4208285104617,765,True,1,0.05132272312603346,13.013261450807462,35.79126745371987,765,True,1,0.05240635593910733,7.543719810240297,30.632607144856948,765,True,1,0.8207645836428691,19.929584917923368,49.65967278777573,765,True,1,10420.167868475315,19.86423320494577,42.71809324101696,765,True,1,10.779374889154735,19.98586502768647,42.48963037931868,0_0_0_10_14_16,-25.0,42,offpacket_bootstrap,offpacket,4.0,4.233930681224419,4.59840442034861
3,11,1023,multiscale_only_diverse16,16,1023,True,1,0.9287977576732942,0.7599135082816131,10.267747096439797,445,False,2,0.05703296565155144,-0.518787317144521,10.381982979499156,262,False,2,0.05696286174680814,-0.14939874146893356,10.045436708165543,1023,True,1,0.08689981709779473,0.1054257859651375,4.807831853270349,624,False,10,0.20819623410266522,-0.6511072872860291,3.680839423133035,1023,True,1,0.6088272683192091,0.30033188064695915,15.270379482931686,1023,True,1,7.478649883828228,0.9328551335400186,10.133123990524082,1023,True,1,10.989671054271845,0.0140677813877501,9.610279433521884,0_0_0_10_14_16,-25.0,42,offpacket_bootstrap,offpacket,4.0,4.233930681224419,4.59840442034861
3,12,597,multiscale_only_diverse16,16,597,True,1,2.215649991499177,3.425488620088215,13.039122067676434,462,False,316,0.011588476048605604,-8.971310955228528,2.1556133543254106,597,True,1,0.14892479243497012,2.8191795000435476,13.054275383526758,597,True,1,0.17269939151618963,1.4992090574391987,6.608272951665459,817,False,4,0.3300282009354791,-1.410153750093501,4.369906527593674,597,True,1,1.9106333392125807,4.745459062692564,19.246104944932195,597,True,1,20.566761983436027,3.953861596242785,14.593213103387974,597,True,1,28.805095377806005,3.4956062000000965,12.806067292000398,0_0_0_10_14_16,-25.0,42,offpacket_bootstrap,offpacket,4.0,4.233930681224419,4.59840442034861
3,13,562,multiscale_only_diverse16,16,562,True,1,0.8228528336658769,18.552641711496097,43.699919228673195,561,False,2,0.005960795801447858,-2.2763908357930873,33.83822298310762,562,True,1,0.05150901020309481,18.62405641435543,43.29080638860557,562,True,1,0.05151293202003706,13.236613659290759,35.94886877571197,562,True,1,0.05256512931142868,7.941635070413006,30.797835743871723,562,True,1,0.8227901876844214,18.599440807404505,51.36371304867926,562,True,1,12008.399349105812,18.565007586509264,43.55542570280029,562,True,1,10.798824099295878,18.663743359536365,43.051651800855446,0_0_0_10_14_16,-25.0,42,offpacket_bootstrap,offpacket,4.0,4.233930681224419,4.59840442034861
3,14,478,multiscale_only_diverse16,16,478,True,1,0.8031020094775307,17.889607848941193,42.77288919485801,477,False,2,0.005288846201457632,-2.4906080492391967,32.979771715829216,478,True,1,0.05024423050269539,17.830163291526123,42.30596129639353,478,True,1,0.05025184272367324,13.226769368973773,35.59291588956449,478,True,1,0.051434300640907656,7.862538267716811,30.346428975663006,478,True,1,0.802980354436988,17.924624697497006,50.10167259872061,478,True,1,10662.702384925622,17.879480352138884,42.77642743656447,478,True,1,10.551019408265194,17.853555710633273,42.325014450507574,0_0_0_10_14_16,-25.0,42,offpacket_bootstrap,offpacket,4.0,4.233930681224419,4.59840442034861
3,15,267,multiscale_only_diverse16,16,285,False,15,4.6627117569451,-11.468589679563355,26.368726074175413,284,False,18,0.02814418643916755,-17.951335519583264,16.051330062937595,285,False,16,0.283573679427105,-11.602604989023872,25.85455302715364,285,False,19,0.28579578475360734,-11.571008455908025,16.411318306707717,285,False,74,0.3623467036734741,-10.726964438390405,11.794693212807122,285,False,15,4.626458469864658,-11.500186212679202,36.90458715211087,285,False,15,53.61801922894109,-11.448952543533295,26.05387181382671,285,False,16,60.44686622718823,-11.530739368209668,25.409648201277435,0_0_0_10_14_16,-25.0,42,offpacket_bootstrap,offpacket,4.0,4.233930681224419,4.59840442034861
3,16,917,multiscale_only_diverse16,16,283,False,14,0.8754873062184885,-24.55597509820646,15.38550098819633,283,False,19,0.035866858022782555,-25.342173575793545,13.316696274362737,283,False,14,0.05807172746629393,-24.308327384396033,15.352040544136496,283,False,40,0.07869130724087368,-22.989860023175808,10.131164757872826,283,False,44,0.2046894076657371,-19.028366065689323,9.143328512877382,283,False,16,0.6460822933249242,-25.874442459426685,21.106611097725217,283,False,14,16.367862352763463,-24.76442125382793,15.105713473834605,283,False,16,10.579066796462216,-24.94419968484204,14.642906129736485,0_0_0_10_14_16,-25.0,42,offpacket_bootstrap,offpacket,4.0,4.233930681224419,4.59840442034861
3,17,656,multiscale_only_diverse16,16,656,True,1,0.7812772899234552,19.54973508679162,43.02324408232068,656,True,1,0.011457352442809493,1.143183922051758,36.34635841761296,656,True,1,0.04894251332120118,19.54807038358178,42.694292095332386,656,True,1,0.04895016925151827,13.120199063912118,35.214051796277616,656,True,1,0.05022479914238118,7.623547012003444,30.148861784996438,656,True,1,0.7811550961786441,19.631007013494404,50.833354644186095,656,True,1,10581.850610565007,19.5856658704662,43.029806799617525,656,True,1,10.282753575720447,19.567141004479637,42.63664304542679,0_0_0_10_14_16,-25.0,42,offpacket_bootstrap,offpacket,4.0,4.233930681224419,4.59840442034861
3,18,889,multiscale_only_diverse16,16,889,True,1,0.6858022697731627,17.902106023288425,37.202383210685056,889,True,1,0.0334790195328961,12.5097474742672,36.183948991373796,889,True,1,0.04286609154426278,17.94233687802395,36.954854110179284,889,True,1,0.0428816276040846,12.506350058795526,31.632415299016227,889,True,1,0.04409968899609204,6.955415266053306,26.759400451561497,889,True,1,0.685553802872897,17.989164873573674,42.236763979718255,889,True,1,1995.4654764452966,17.968699979700734,37.29855781125296,889,True,1,9.009966890520944,17.936913537246497,36.87233668840814,0_0_0_10_14_16,-25.0,42,offpacket_bootstrap,offpacket,4.0,4.233930681224419,4.59840442034861
3,19,510,multiscale_only_diverse16,16,972,False,572,0.20363488869535562,-9.642204973019986,-0.8176209021889075,972,False,235,0.02320463422519535,-6.030023408082496,3.387618622069082,972,False,465,0.01296098353945234,-8.348059067579083,0.6616440073743899,972,False,1013,0.036325941002074265,-5.584010768834183,-2.641746931033437,395,False,1017,0.10641915404378786,-5.592280191437581,-3.319527232779374,972,False,402,0.07265629926250239,-12.406253271764884,2.2974772854687786,510,True,1,19.4725885292338,11.265520773576021,20.950463548410102,972,False,449,3.471283970912656,-8.469596914125457,0.7546133482248507,0_0_0_10_14_16,-25.0,42,offpacket_bootstrap,offpacket,4.0,4.233930681224419,4.59840442034861
3,20,860,multiscale_only_diverse16,16,628,False,440,0.20879944306274467,-28.077716811756986,0.8640300401197781,629,False,68,0.047895186721573994,-20.14915241378626,6.520554950488671,628,False,473,0.012525977432104353,-28.23830985335797,0.444928402322206,628,False,949,0.038613260717313164,-23.37470152140927,-2.029796362004895,628,False,807,0.14302548469504783,-18.200378180853725,-1.4443117963734953,628,False,367,0.06773365064368193,-32.94132514370568,3.0594301066348373,628,False,831,0.19776387517702496,-35.60140751504981,-4.7976844273653,628,False,318,3.9305486172257402,-26.501293118976996,2.3598532329793107,0_0_0_10_14_16,-25.0,42,offpacket_bootstrap,offpacket,4.0,4.233930681224419,4.59840442034861
3,21,553,multiscale_only_diverse16,16,628,False,145,0.2976119785379048,-27.83180275206596,5.01397531258743,629,False,503,0.006725684604671647,-28.314938178008255,0.20132885012988244,628,False,183,0.018199232358545057,-27.886975185328158,4.338286967192629,628,False,161,0.06499260120134286,-22.369636346107093,2.1757186455649347,628,False,273,0.1826136080977673,-18.171261593583424,1.5159771964041875,628,False,214,0.08333732532597486,-33.34914159128702,7.437543805912386,628,False,89,1.9748263027515711,-26.781278013217303,6.3751199395797435,628,False,160,4.340370318877867,-27.42416345149934,4.685652948272797,0_0_0_10_14_16,-25.0,42,offpacket_bootstrap,offpacket,4.0,4.233930681224419,4.59840442034861
3,22,629,multiscale_only_diverse16,16,145,False,43,0.5082604649362708,-5.5361519685503,6.62934723815634,145,False,149,0.020127328556828254,-8.141604399787,4.440992660903918,145,False,60,0.02966091237186915,-6.195016771269884,6.150641491776287,145,False,354,0.04403544246363595,-5.607561652122594,0.5104123533142416,145,False,605,0.11329714093502183,-6.019933143055084,-0.3718364976046217,145,False,27,0.342348532662284,-6.123607087697591,12.153131063409099,145,False,4,5.993285742885142,-1.6782720181394901,9.439578784163023,145,False,66,6.529215645974918,-5.812657016670829,6.041362432130998,0_0_0_10_14_16,-25.0,42,offpacket_bootstrap,offpacket,4.0,4.233930681224419,4.59840442034861
3,23,759,multiscale_only_diverse16,16,759,True,1,0.8008313310158464,16.940990479371617,42.67367609645657,759,True,1,0.020986420339671987,6.5836839840421915,38.80664080336964,759,True,1,0.05006570896886541,16.923279682959862,42.49913937371151,759,True,1,0.050073396530782674,12.317042709579042,35.67345021601792,759,True,1,0.051435572794024255,6.9872260575091865,30.64393591909511,759,True,1,0.8007083826866136,16.969067587777875,49.53333206777789,759,True,1,10074.649343532385,16.97099885154676,42.77690498130356,759,True,1,10.541612445527864,16.89743104305615,42.30129414216982,0_0_0_10_14_16,-25.0,42,offpacket_bootstrap,offpacket,4.0,4.233930681224419,4.59840442034861
3,24,874,multiscale_only_diverse16,16,874,True,1,0.8102846181032284,20.77314151922848,42.623635175908106,874,True,1,0.03675972338638395,14.501829099838876,41.71068042695417,874,True,1,0.050644889778752436,20.65748781825598,42.36741221101424,874,True,1,0.05064759262523928,12.521962417563806,35.66877310141107,874,True,1,0.05178096016524049,7.18388672818482,30.483409061209137,874,True,1,0.8102413766613381,20.872488488611182,49.82763260223719,874,True,1,10236.51829583771,20.733037329296398,42.53831609254821,874,True,1,10.63424331727642,20.68300718757403,42.372734502642366,0_0_0_10_14_16,-25.0,42,offpacket_bootstrap,offpacket,4.0,4.233930681224419,4.59840442034861
3,25,720,multiscale_only_diverse16,16,720,True,1,0.7867012661311179,16.48469427235551,42.41294518402772,720,True,1,0.014261759536708956,4.446539665832424,37.26638509588725,720,True,1,0.04905941620379743,16.523583913297767,42.21809959866435,720,True,1,0.0490721794235855,12.288339134270176,35.502433740656286,720,True,1,0.050713261117448845,7.124081841173144,30.36968515507001,720,True,1,0.7864966524113866,16.516980038151495,49.36621956038283,720,True,1,9012.476516272065,16.503821761564186,42.479203431210316,720,True,1,10.332690854650126,16.5967185918602,42.31087605290887,0_0_0_10_14_16,-25.0,42,offpacket_bootstrap,offpacket,4.0,4.233930681224419,4.59840442034861
3,26,314,multiscale_only_diverse16,16,468,False,38,0.698989625159868,-21.561728261917168,18.884342111353888,468,False,64,0.008065270747495,-24.471365597189333,11.201444766265787,468,False,37,0.0460031402831354,-21.34793260960786,18.5885019909661,468,False,63,0.051221314250986326,-20.88192972377084,11.217164822936166,468,False,93,0.12495324591346638,-17.153195876473987,9.903533816155235,468,False,40,0.6277800219088764,-22.027731147754185,26.772598824647183,468,False,34,10.113341460603566,-20.79076641700448,19.431603290206635,468,False,37,9.67275785363768,-21.356670162586916,18.37957420999593,0_0_0_10_14_16,-25.0,42,offpacket_bootstrap,offpacket,4.0,4.233930681224419,4.59840442034861
3,27,602,multiscale_only_diverse16,16,619,False,32,1.8277760273406471,-15.774741687454696,11.245235490279384,621,False,507,0.008196054492880646,-25.997663978313025,0.05380383104195912,619,False,34,0.10447741956260169,-16.217244925077512,10.855839826029651,619,False,99,0.12446189750830272,-15.488889720607444,4.4665036865878385,619,False,173,0.27058821711753606,-12.95029734638491,2.7531861396333297,619,False,31,1.534295448630737,-16.503096891924763,17.98750007957953,619,False,29,8.210165339494539,-15.615594878899122,12.023348746350937,619,False,34,21.56933925747009,-16.19036822851682,10.497467668022406,0_0_0_10_14_16,-25.0,42,offpacket_bootstrap,offpacket,4.0,4.233930681224419,4.59840442034861
3,28,7,multiscale_only_diverse16,16,814,False,33,0.47338430285981303,-3.6400452435028763,7.183736574369991,677,False,17,0.03621962023813312,-2.4271299229201433,8.390462259072484,814,False,21,0.036548097905867535,-2.688058087283427,7.989685895298707,814,False,23,0.06254286321428448,-2.325415157028595,2.941235677113237,195,False,64,0.19926440115032187,-3.3457120145802826,2.924686786549367,811,False,33,0.27663101685548935,-4.076125336863306,11.98290421514076,787,False,6,6.057382199038932,-0.6223403020720232,9.287407399789764,811,False,29,6.876693014105739,-2.7972754417383543,7.46709180349448,0_0_0_10_14_16,-25.0,42,offpacket_bootstrap,offpacket,4.0,4.233930681224419,4.59840442034861
3,29,610,multiscale_only_diverse16,16,938,False,3,0.6483642868091835,-0.7682014781098956,9.673128097982186,938,False,552,0.004408764397090069,-10.608026763088239,-0.4983763624271012,938,False,5,0.04110723554500724,-1.295631595118378,9.621834167841426,938,False,5,0.06123258076565579,-0.849694990533046,4.161051106043809,616,False,51,0.13940500378620135,-2.939525582622763,2.5400280996483584,938,False,4,0.4352660482960503,-1.2141380826952273,14.856999336793953,610,True,1,7.490369983119778,0.06783438644943035,10.137680239804563,938,False,7,8.414188978021965,-0.9028941427456999,9.206561083809273,0_0_0_10_14_16,-25.0,42,offpacket_bootstrap,offpacket,4.0,4.233930681224419,4.59840442034861
3,30,778,multiscale_only_diverse16,16,742,False,24,0.692855565987216,-3.204366097679002,7.384028239315887,246,False,181,0.017793002519593842,-4.92982802284539,3.854759414551168,626,False,19,0.045779360874185,-3.2636693032522768,7.763119575930007,626,False,5,0.09720762550223198,-1.5759137601445694,3.7554237754480018,870,False,4,0.37956699643447084,-0.4180472025988066,4.609659702061176,626,False,37,0.32629626354043767,-4.54919344640821,11.189724146537127,742,False,4,6.680816295347507,-0.4156446653032561,9.724575606020094,626,False,65,6.938598940154049,-5.042329657767168,5.927841273521482,0_0_0_10_14_16,-25.0,42,offpacket_bootstrap,offpacket,4.0,4.233930681224419,4.59840442034861
3,31,897,multiscale_only_diverse16,16,897,True,1,0.6860435651251606,20.959353513236984,40.82200871576218,897,True,1,0.03398715137067243,15.449110521970136,40.08139642995006,897,True,1,0.04289479003644115,20.990296135546732,40.53181579706039,897,True,1,0.04290134875365673,12.727627501297757,33.6099288825998,897,True,1,0.04423648313499868,7.4889129860230135,28.550157283187833,897,True,1,0.6859386834402732,21.134239682269946,48.0248602111169,897,True,1,7289.838441661045,20.983363673936584,40.79121555792543,897,True,1,8.992600296801461,21.03236153751237,40.62920843031549,0_0_0_10_14_16,-25.0,42,offpacket_bootstrap,offpacket,4.0,4.233930681224419,4.59840442034861
3,32,740,multiscale_only_diverse16,16,740,True,1,0.8219826753988038,17.54135064056921,42.64622098711734,740,True,1,0.0184962083078548,5.867459728490214,38.802086657918196,740,True,1,0.0513175775720271,17.510864316680088,42.493804145937624,740,True,1,0.05132190900938588,12.538248892523779,35.876331345410144,740,True,1,0.052214948962663384,7.275828909283064,30.623986611969528,740,True,1,0.8219133021713224,17.560082461314895,49.2405775174075,740,True,1,10384.740548036225,17.54793415284008,42.62733086857387,740,True,1,10.785217748974198,17.489720811600225,42.339480346579386,0_0_0_10_14_16,-25.0,42,offpacket_bootstrap,offpacket,4.0,4.233930681224419,4.59840442034861
3,33,590,multiscale_only_diverse16,16,329,False,28,0.9596874196519458,-15.553312966507182,14.718192004931797,331,False,429,0.0038891432066348137,-22.738320918640568,2.2281074987622316,329,False,23,0.06763310015214336,-14.950429744360198,14.56111334876882,329,False,36,0.10135307240947308,-13.243455158205508,7.1737967775250535,326,False,54,0.3376891709663892,-9.111010860216789,7.824141975406107,329,False,41,0.6404012609094375,-17.26028755266187,20.72678286995094,329,False,30,4.558949370032911,-15.744978846313511,14.350920576953461,329,False,32,12.623975286956973,-15.598534836221363,14.095391635775671,0_0_0_10_14_16,-25.0,42,offpacket_bootstrap,offpacket,4.0,4.233930681224419,4.59840442034861
3,34,930,multiscale_only_diverse16,16,329,False,15,1.3787466160216724,-22.97009265912915,15.443239272178047,329,False,17,0.06739043201595403,-22.48135143345928,14.977939947378275,329,False,15,0.0815948845318476,-23.201205182768053,15.271388754528745,329,False,37,0.0852008944656879,-23.014999742083916,9.463766278068524,329,False,62,0.15142721339690593,-20.614041749690443,6.739643314275694,329,False,14,1.320393073787147,-23.15629809981328,21.5069570443854,329,False,13,18.54249393318189,-22.89310581365809,15.6371834092954,329,False,15,17.10427821373433,-23.22244246157045,14.970758576427443,0_0_0_10_14_16,-25.0,42,offpacket_bootstrap,offpacket,4.0,4.233930681224419,4.59840442034861
1,0,222,multiscale_only_diverse16,16,222,True,1,0.7324391971456521,18.251611100435277,40.876284222027614,222,True,1,0.02200555936699312,7.2560074623180295,37.791329194413215,222,True,1,0.04581167796067618,18.28549536979691,40.74189666230101,222,True,1,0.04582294741655302,13.588700955496808,34.03991578072917,222,True,1,0.04710683860028095,8.526903115923984,29.031826927927415,222,True,1,0.732259064882669,18.321076316648533,47.817268755147914,222,True,1,7228.04524094289,18.32497802100669,40.871294426323416,222,True,1,8.59926834995971,18.202606928417218,40.393476572793794,0_0_0_10_14_16,-23.0,43,offpacket_bootstrap,offpacket,4.0,2.77771448239175,3.4497845353701986
1,1,826,multiscale_only_diverse16,16,826,True,1,0.6725193482901801,20.287419690217806,40.173705157388326,826,True,1,0.025611580898229697,9.57440185971232,38.306292789521855,826,True,1,0.04198527926201327,20.115960010069976,40.146823628023725,826,True,1,0.041995145179290434,13.083983628362954,33.16272596742057,826,True,1,0.04339105144838906,7.753550503646887,28.162884922160636,826,True,1,0.6723613533545942,20.422519154303487,47.33545734472066,826,True,1,6749.194675104083,20.30270466091008,40.3638818707877,826,True,1,7.890240396472143,20.124373898810852,39.93796971256668,0_0_0_10_14_16,-23.0,43,offpacket_bootstrap,offpacket,4.0,2.77771448239175,3.4497845353701986
1,2,922,multiscale_only_diverse16,16,922,True,1,0.8157760012935888,18.51850218383175,42.876862552051676,922,True,1,0.04419450558230738,14.474476419648463,42.93227416022112,922,True,1,0.05105955024026896,18.573538999079084,42.6065177871402,922,True,1,0.05106591796572163,13.119129033917066,35.758786362107784,922,True,1,0.05229507146536695,7.816152091485307,30.54473281979933,922,True,1,0.8156742771336394,18.564256027213037,50.019449536867874,922,True,1,9909.245479064306,18.53186848680782,42.877885316074185,922,True,1,9.67258282131418,18.525856476409523,42.727268175592016,0_0_0_10_14_16,-23.0,43,offpacket_bootstrap,offpacket,4.0,2.77771448239175,3.4497845353701986
1,3,718,multiscale_only_diverse16,16,718,True,1,0.8106455324256245,19.008089318467295,43.11002391558141,718,True,1,0.018827587645587073,4.9384209317526135,38.544527869926256,718,True,1,0.050573811904788664,18.946703700653686,42.72137729053974,718,True,1,0.050581106829558575,13.038360115071846,35.738677516916056,718,True,1,0.05139762125573247,7.637783513437518,30.46217966279082,718,True,1,0.8105286192431187,19.06474300305159,50.36037805957942,718,True,1,10016.09920756602,19.120346904881217,43.01535367875537,718,True,1,9.603727393944999,19.059609040118474,42.60695925320634,0_0_0_10_14_16,-23.0,43,offpacket_bootstrap,offpacket,4.0,2.77771448239175,3.4497845353701986
1,4,107,multiscale_only_diverse16,16,107,True,1,0.815387573422047,16.032186210281466,42.918762968256615,107,True,1,0.03888628345921783,10.364179464782586,42.37601401696799,107,True,1,0.050970350936947004,16.07526119215555,42.87046413856821,107,True,1,0.05097838591100404,13.78109044026295,35.57158147781168,107,True,1,0.052147500952778494,8.40593681023875,30.42771661575728,107,True,1,0.8152590558575579,16.06562829777792,50.4480040041377,107,True,1,10638.130002579746,16.070202330568303,42.93324381310895,107,True,1,9.651541129442062,16.114261293667276,42.50254648417949,0_0_0_10_14_16,-23.0,43,offpacket_bootstrap,offpacket,4.0,2.77771448239175,3.4497845353701986
1,5,468,multiscale_only_diverse16,16,784,False,59,0.500275155357631,-4.1888904040133745,5.915549406923763,235,False,324,0.013017580901545539,-8.643661873818596,2.0460386234106513,784,False,49,0.03286064299316821,-3.622107662656762,6.107101663948455,784,False,241,0.05135705939030778,-3.504594915858425,0.9774275100831359,934,False,415,0.14558421756674092,-4.111229602178402,0.39883189751752696,784,False,36,0.3200993879657632,-4.306403150811712,11.009253433541204,526,False,11,4.751310653796488,-1.7270141260034229,8.273776464167298,784,False,70,5.812709894312532,-4.699142661472305,5.600103909421361,0_0_0_10_14_16,-23.0,43,offpacket_bootstrap,offpacket,4.0,2.77771448239175,3.4497845353701986
1,6,89,multiscale_only_diverse16,16,361,False,3,1.241929404996668,-0.5049361970254418,9.904708683050437,736,False,61,0.03182665238867316,-4.246260457946071,5.8256234497242225,595,False,3,0.07663655473236622,-0.6091517035459603,9.799198402334442,595,False,3,0.10457166923761109,-0.8159575536194884,4.023954471426158,581,False,158,0.19365331395450147,-3.3771788386281347,1.7407334440181899,361,False,4,0.910162298389801,-0.32193723501998295,15.561400915108713,80,False,5,6.002507008800415,-0.8494255294166032,9.292727554808378,361,False,2,16.250792696786593,-0.33418764667105,9.883100937454762,0_0_0_10_14_16,-23.0,43,offpacket_bootstrap,offpacket,4.0,2.77771448239175,3.4497845353701986
1,7,713,multiscale_only_diverse16,16,713,True,1,0.6717512695823338,2.7313535759334857,13.534754482719958,20,False,7,0.016376532579830447,-1.514390213993317,8.977152453935846,713,True,1,0.038648893130372376,2.1155654727856024,12.79747378744229,713,True,1,0.04826818761897023,2.0824793134463473,6.623190264085986,713,True,1,0.10367658908151074,0.3778692282505124,5.08863738650993,713,True,1,0.5378789697518266,2.7644397352727412,19.7558211277502,713,True,1,24.264578812014786,5.684038689579564,15.785226981780315,713,True,1,8.431154736918911,2.8628542835266053,13.193761240586781,0_0_0_10_14_16,-23.0,43,offpacket_bootstrap,offpacket,4.0,2.77771448239175,3.4497845353701986
1,8,865,multiscale_only_diverse16,16,865,True,1,1.0524673986066233,0.5001505191456561,11.101518339445855,760,False,3,0.06386572168620949,-0.8463799153545781,10.400103997362116,865,True,1,0.07008421174308578,0.5896496522824923,10.971332851423316,865,True,1,0.11022937008176147,1.3763808498507073,5.715631121667513,796,False,3,0.27770984445255553,-0.40457700995829526,4.527228331588612,80,False,4,0.6691623835093093,-0.2669285766587475,16.237169676997603,865,True,1,11.271047804841247,1.585587740273767,12.014040745780743,865,True,1,16.778680321083762,1.5164508331537978,12.101261544733916,0_0_0_10_14_16,-23.0,43,offpacket_bootstrap,offpacket,4.0,2.77771448239175,3.4497845353701986
1,9,492,multiscale_only_diverse16,16,492,True,1,0.5715149750392499,1.570833018870316,9.761495541270714,731,False,696,0.0020515062324209994,-12.69810001136178,-2.1954756586252584,492,True,1,0.03841894465588958,1.9596673511166904,9.909950786720826,492,True,1,0.04840218262235273,0.8683483888604647,4.168497779680705,360,False,29,0.13245899911083264,-1.8136389915843378,3.3424174728481875,492,True,1,0.45363661319489834,1.8977549814092143,15.158952729346495,492,True,1,19.008180552222928,5.2185066537476175,14.868701212164543,492,True,1,6.132434579821669,0.6312471742851675,9.423021562071007,0_0_0_10_14_16,-23.0,43,offpacket_bootstrap,offpacket,4.0,2.77771448239175,3.4497845353701986
1,10,765,multiscale_only_diverse16,16,765,True,1,0.8085675403278323,18.81389544738732,42.803406577320374,765,True,1,0.021457379656884303,6.163038739456955,39.365456082318644,765,True,1,0.050537160139796956,18.7761350289496,42.6883016957263,765,True,1,0.05054410229610633,12.226319925776124,35.80412889843024,765,True,1,0.05159538764555657,6.897828633933437,30.71069088448711,765,True,1,0.8084564847942162,18.84910994297522,49.97983203361169,765,True,1,10179.227852908572,18.78036958174848,42.75748528902692,765,True,1,9.540922466538564,18.657311776427857,42.651805760107834,0_0_0_10_14_16,-23.0,43,offpacket_bootstrap,offpacket,4.0,2.77771448239175,3.4497845353701986
1,11,1023,multiscale_only_diverse16,16,1023,True,1,1.8344782567769613,1.45825650750528,12.041200591042793,1023,True,1,0.10435483919857934,0.6056050897232386,11.254903489044246,1023,True,1,0.10435047715409872,0.9627157581275826,11.363885074757595,1023,True,1,0.14940953758191994,0.9097266882105206,5.517281979754412,61,False,2,0.3876866523287845,-0.18488314718430937,4.586457824478488,1023,True,1,1.2812346823477483,1.0288368966291557,17.714689995035236,1023,True,1,11.042014938760133,1.0885576798428562,11.950631091478003,1023,True,1,23.346086299515797,0.9804078282251584,12.206142202487555,0_0_0_10_14_16,-23.0,43,offpacket_bootstrap,offpacket,4.0,2.77771448239175,3.4497845353701986
1,12,597,multiscale_only_diverse16,16,352,False,5,1.2511451743923772,-1.2519580075369645,9.071965677964993,87,False,606,0.007557943259221865,-11.119036791348089,-1.1187213807049026,352,False,3,0.09431644685881352,-0.48098072356201416,10.057384887894134,352,False,4,0.12799754495016216,-0.6709868834583549,3.921035205684302,274,False,83,0.27914740841896024,-2.469260136792256,2.372344271230843,352,False,4,0.9219205524542377,-1.0619518476406236,14.945560380655005,376,False,5,6.5209465863890035,-0.46007306711916784,9.64569187370374,352,False,10,13.021741372897226,-1.6848852913588144,8.63181593096066,0_0_0_10_14_16,-23.0,43,offpacket_bootstrap,offpacket,4.0,2.77771448239175,3.4497845353701986
1,13,562,multiscale_only_diverse16,16,562,True,1,0.6692731364142332,18.328003568537046,38.881766086081875,563,False,3,0.0020380057424195875,-5.707934764690013,26.143943934809887,562,True,1,0.04194582316957233,18.54179605822327,38.89771604352771,562,True,1,0.041953770654056775,12.422837715324107,32.902878339732865,562,True,1,0.04339121063417416,7.107554939139147,27.984145035038054,562,True,1,0.669146353105258,18.383635015028716,44.76184871663712,562,True,1,4816.849136790083,18.318291081767946,39.034527688968176,562,True,1,7.879971919040051,18.255658508582066,38.761271284849556,0_0_0_10_14_16,-23.0,43,offpacket_bootstrap,offpacket,4.0,2.77771448239175,3.4497845353701986
1,14,478,multiscale_only_diverse16,16,356,False,73,0.48394481905462783,-9.04873938917808,5.773622986741409,354,False,703,0.004017731695446597,-16.804746343300728,-2.625900766581756,356,False,51,0.034789516614496106,-8.39393959231545,6.218894266168165,356,False,55,0.053142339688941276,-6.7598411407006544,3.1020217001281045,354,False,123,0.13490925192403927,-6.565168148746033,2.2555589107035203,356,False,70,0.31681341885863257,-10.682837840792875,8.704646526344835,356,False,164,1.824359491644701,-10.360764341563032,3.846964546853716,356,False,81,5.837762271219827,-8.959760482401695,5.490293010803829,0_0_0_10_14_16,-23.0,43,offpacket_bootstrap,offpacket,4.0,2.77771448239175,3.4497845353701986
1,15,267,multiscale_only_diverse16,16,391,False,10,2.490633911083151,-2.537055320955812,15.789552985072472,391,False,20,0.07375588325381258,-3.5466472168533816,13.039357716756479,391,False,12,0.15545539605355285,-2.60851467747039,16.026065460031422,391,False,12,0.1618597347129792,-2.550703351304595,10.607953001543013,391,False,11,0.25579885401921865,-2.7114467771190705,7.4656505033926654,391,False,10,2.3920864676963616,-2.594866647121607,20.946146099178886,391,False,7,12.357542392184907,-2.116219528097138,15.343314300570325,391,False,9,29.811315888535727,-2.3444849276297743,15.331904739254465,0_0_0_10_14_16,-23.0,43,offpacket_bootstrap,offpacket,4.0,2.77771448239175,3.4497845353701986
1,16,917,multiscale_only_diverse16,16,917,True,1,1.5062177122754292,1.292411281616078,11.651646294622893,783,False,2,0.08327993026385476,-0.00027172416469741276,11.098410585254383,917,True,1,0.07958401906255046,0.2308032532696867,10.872781117519374,917,True,1,0.11634202825749837,0.38486367316657305,5.153993146685876,91,False,72,0.20886598847005977,-2.407179705828552,2.6436694910971523,917,True,1,1.0303315226787195,0.8998805177150755,17.296695517752404,917,True,1,11.844832376455377,1.5436820974886991,12.450857459896039,917,True,1,18.953085415044956,0.7062026715654373,11.76734026735115,0_0_0_10_14_16,-23.0,43,offpacket_bootstrap,offpacket,4.0,2.77771448239175,3.4497845353701986
1,17,656,multiscale_only_diverse16,16,656,True,1,1.0429486601611302,4.309402561147129,14.942848702419802,616,False,54,0.009270936729267603,-2.2201565253331457,6.998623741499813,656,True,1,0.061469936662701806,4.417898799835313,15.049419221784612,656,True,1,0.06817175539698883,3.378363412119607,8.114342220079273,867,False,14,0.10283338866118383,-0.8770845845860296,4.386623709540832,656,True,1,0.940418619253952,5.333614476828244,21.816532289481284,656,True,1,51.14104514179899,8.996305964905817,18.93284730263526,656,True,1,11.249542889394125,3.5271683272947687,13.836046845368147,0_0_0_10_14_16,-23.0,43,offpacket_bootstrap,offpacket,4.0,2.77771448239175,3.4497845353701986
1,18,889,multiscale_only_diverse16,16,889,True,1,0.8129554383069717,22.44950849488461,42.62585112410788,889,True,1,0.038534809120714164,14.994748587353916,41.99131048669547,889,True,1,0.05078224114387025,22.60157210793576,42.588671412819835,889,True,1,0.050786005430593556,12.494957235316615,35.82542391348471,889,True,1,0.05160969801757728,7.1858374691882325,30.6184420824261,889,True,1,0.8128951816016625,22.573777051824973,49.902705813327955,889,True,1,10082.602808549982,22.498703456111784,42.75265034763362,889,True,1,9.589690800663476,22.464493733550253,42.44970255331311,0_0_0_10_14_16,-23.0,43,offpacket_bootstrap,offpacket,4.0,2.77771448239175,3.4497845353701986
1,19,510,multiscale_only_diverse16,16,315,False,21,0.7635242170355383,-25.719757091982736,15.44349669691745,316,False,56,0.010626271600828368,-28.976918195487347,8.945276267163262,315,False,24,0.04518116968355367,-25.9508999518818,14.923046936796807,315,False,71,0.049789170303548486,-25.529980443166565,7.943456758772058,315,False,140,0.07724250370080556,-23.75525127811395,4.747640809343498,315,False,21,0.6928598527966736,-26.140676600697965,22.72209280083237,315,False,22,13.640967496245773,-25.728545204675427,15.448256660239434,315,False,21,8.974684511151645,-25.742033505596954,15.051870254899438,0_0_0_10_14_16,-23.0,43,offpacket_bootstrap,offpacket,4.0,2.77771448239175,3.4497845353701986
1,20,860,multiscale_only_diverse16,16,318,False,26,0.8109858077261833,-12.048727675052515,17.584861052326715,319,False,24,0.049262282284800514,-11.247373181657572,17.765362724835786,318,False,26,0.05262964550014993,-11.924324492529284,17.730800284042026,318,False,26,0.05404811490481455,-11.815255923092785,12.165418078835957,318,False,47,0.07553834195602047,-10.827532991177502,8.40207961226591,318,False,26,0.7897018358817862,-12.157796244489017,22.933238811016857,318,False,26,16.534587288690314,-12.196732958584642,17.56043434300137,318,False,27,9.029233653189346,-12.323036461894766,17.320644031659462,0_0_0_10_14_16,-23.0,43,offpacket_bootstrap,offpacket,4.0,2.77771448239175,3.4497845353701986
1,21,553,multiscale_only_diverse16,16,553,True,1,0.8405288380463958,18.713862214456427,43.840554700076105,552,False,3,0.002560317622946528,-5.619786413291422,30.13462680696081,553,True,1,0.05252216968188242,18.615330942400654,43.421067585018285,553,True,1,0.05252828003534623,12.493106008712264,36.06337910578824,553,True,1,0.053466004176094595,7.137705433885606,31.00891747520837,553,True,1,0.840431063508689,18.755698732415265,51.29041417800672,553,True,1,12599.264431972932,18.722278608696005,43.840676677455086,553,True,1,9.913525595682339,18.815377357673732,43.32720125241754,0_0_0_10_14_16,-23.0,43,offpacket_bootstrap,offpacket,4.0,2.77771448239175,3.4497845353701986
1,22,629,multiscale_only_diverse16,16,629,True,1,0.8566899965117614,20.848317297082506,36.83827276672173,628,False,2,0.007284804904286449,-0.275372872926515,28.93299712816887,629,True,1,0.053512384349400643,20.910608773904787,36.92985266950989,629,True,1,0.05351984728921207,12.635570541268244,33.56323387272606,629,True,1,0.0546347489362872,7.070084520075128,29.029589779689523,629,True,1,0.8565705375408403,20.925859182459682,40.23273624088713,629,True,1,3978.0395999600314,20.935366399044604,37.007563600335104,629,True,1,10.129662413840022,20.764179350499397,36.76413037820566,0_0_0_10_14_16,-23.0,43,offpacket_bootstrap,offpacket,4.0,2.77771448239175,3.4497845353701986
1,23,759,multiscale_only_diverse16,16,759,True,1,1.595949031946077,8.196287204256576,9.069687545721825,760,False,1024,0.0013932800019105158,-13.165402804114851,-9.484659691530908,759,True,1,0.09960387992719352,8.196314334918632,9.063260431255014,759,True,1,0.13645053514462463,3.850903179225716,4.400369549345213,759,True,1,0.39259758504992526,1.5992410363661458,2.926406341648738,759,True,1,1.1649841869758324,12.245122971529746,13.735306971405656,759,True,1,242.13061143969074,22.227630811582756,40.57466429744204,759,True,1,22.965320317175035,7.299766508373277,7.9973819194582285,0_0_0_10_14_16,-23.0,43,offpacket_bootstrap,offpacket,4.0,2.77771448239175,3.4497845353701986
1,24,874,multiscale_only_diverse16,16,718,False,34,0.8262870309644121,-21.702747144104464,13.521061160299473,718,False,35,0.0399851566239178,-21.554193915256935,12.592519201386864,718,False,33,0.05410369493861331,-21.48606085686245,13.323786330910865,718,False,91,0.05962971421694695,-21.067076078263174,7.371800453908625,718,False,146,0.12991986122035484,-17.95102864720082,5.530460293349896,718,False,34,0.7497131596569976,-22.121731922703738,20.0611764355398,718,False,33,8.06042066448802,-21.551558505374203,13.784360176146377,718,False,33,9.98807382088788,-21.616508847530387,13.211748203209638,0_0_0_10_14_16,-23.0,43,offpacket_bootstrap,offpacket,4.0,2.77771448239175,3.4497845353701986
1,25,720,multiscale_only_diverse16,16,716,False,21,2.2837843816998884,-5.133949512393156,23.79380930341306,720,True,1,0.10140369950466055,0.13501468281131374,21.68603526524938,716,False,21,0.1439077709762786,-5.10305740124208,23.690639754264705,716,False,21,0.14503551848422896,-5.082742126743049,16.10219156204469,716,False,49,0.17552953226712925,-4.686634895368751,11.661237717830286,716,False,21,2.2660264409411353,-5.154264786892187,31.732319196249897,716,False,22,43.550719375947445,-5.260191926294486,23.532299668734225,716,False,21,27.0914672608722,-5.1223066506776584,23.298115740619465,0_0_0_10_14_16,-23.0,43,offpacket_bootstrap,offpacket,4.0,2.77771448239175,3.4497845353701986
1,26,314,multiscale_only_diverse16,16,314,True,1,0.6768538649311928,21.19928697492666,40.17789913624302,314,True,1,0.010527507982839194,2.96779703507064,34.008858635858125,314,True,1,0.042399460731556475,21.48045251547375,40.12055220849692,314,True,1,0.04241559442351169,12.835044545074235,33.250653497463595,314,True,1,0.044781288087616784,7.279601992943281,28.190928301158937,314,True,1,0.6765964088727804,21.400206330684952,47.32808711393027,314,True,1,6820.076274885849,21.047440698394077,40.18144316154409,314,True,1,8.051520606733776,21.19607855492869,39.97744098090818,0_0_0_10_14_16,-23.0,43,offpacket_bootstrap,offpacket,4.0,2.77771448239175,3.4497845353701986
1,27,602,multiscale_only_diverse16,16,602,True,1,0.8331193190725941,21.064520799230337,43.37459593471499,601,False,3,0.005429081655259503,-2.2524121124567116,33.5307116076056,602,True,1,0.052046760192745775,21.073672250778625,43.14579678791298,602,True,1,0.05205363471280581,12.849007650000857,35.860391777829754,602,True,1,0.05419631271405699,7.50819188202605,30.60933494430624,602,True,1,0.8330092922607688,21.158865306427682,50.99555129141879,602,True,1,12208.747646775015,21.162425483600313,43.434845299106506,602,True,1,9.799340894663006,21.022401424906356,42.78901800469314,0_0_0_10_14_16,-23.0,43,offpacket_bootstrap,offpacket,4.0,2.77771448239175,3.4497845353701986
1,28,7,multiscale_only_diverse16,16,7,True,1,0.8409925165427836,22.133111363044446,43.19345081582676,7,True,1,0.052157703533433644,21.61387306628626,43.617590460249474,7,True,1,0.052564666652786016,22.119551799618,42.92834890646609,7,True,1,0.05256785425063553,13.3959220693418,35.85231189632411,7,True,1,0.053285445776333755,8.032747705387402,30.50114476263328,7,True,1,0.8409415206256894,22.255466788186403,50.49518098414609,7,True,1,12245.157669705708,22.13945226413675,43.304542021813255,7,True,1,9.935273096681009,22.044813396500448,42.561428163905646,0_0_0_10_14_16,-23.0,43,offpacket_bootstrap,offpacket,4.0,2.77771448239175,3.4497845353701986
1,29,610,multiscale_only_diverse16,16,610,True,1,0.8298993045355587,22.378442235599675,42.775881188125034,609,False,3,0.006096613518758599,-1.5881834167696312,33.92231562634527,610,True,1,0.05191981479771325,22.44580836808491,42.606038343018085,610,True,1,0.05192391352269059,12.771455355765283,35.87656302398523,610,True,1,0.05307617096411085,7.426227384704117,30.663701567519155,610,True,1,0.8298337946620264,22.500739058951694,49.90092459678155,610,True,1,11339.961350745476,22.444463267035562,42.84199293872905,610,True,1,9.791471024199987,22.408879447331117,42.55769301386493,0_0_0_10_14_16,-23.0,43,offpacket_bootstrap,offpacket,4.0,2.77771448239175,3.4497845353701986
1,30,807,multiscale_only_diverse16,16,807,True,1,0.8434958746167922,22.922880059084356,42.98412570004247,807,True,1,0.028506135781463462,9.251136337039453,40.46097862669686,807,True,1,0.05275091611123273,22.851670435057304,42.74067799569325,807,True,1,0.05275317272958282,13.025747387863454,35.871955971331595,807,True,1,0.05373182709173895,7.72261464781592,30.71989268078175,807,True,1,0.8434597924596368,23.06674417456768,49.90224591868746,807,True,1,11593.602014176106,22.898144560683285,42.99320346381907,807,True,1,9.928639184405379,22.775712940653015,42.426844194553055,0_0_0_10_14_16,-23.0,43,offpacket_bootstrap,offpacket,4.0,2.77771448239175,3.4497845353701986
1,31,897,multiscale_only_diverse16,16,897,True,1,0.8340802682021753,19.414308432029788,42.82850537051968,897,True,1,0.041116454884848476,13.384984677367227,41.91436398677867,897,True,1,0.052122480010971715,19.304588049064844,42.717863196874575,897,True,1,0.052129521271211364,13.24188144784686,35.875744498435374,897,True,1,0.053538229744953196,8.009418344339418,30.554823569097948,897,True,1,0.8339676069675054,19.476619030722205,50.16680327200941,897,True,1,11148.228094235108,19.396883481794585,42.901119772964755,897,True,1,9.785317372268775,19.320811061928545,42.370392680061855,0_0_0_10_14_16,-23.0,43,offpacket_bootstrap,offpacket,4.0,2.77771448239175,3.4497845353701986
1,32,749,multiscale_only_diverse16,16,749,True,1,0.9844186483718751,0.1879307844807039,8.383772679775557,369,False,111,0.02733248591420923,-3.540236146293299,5.0117518381604995,125,False,7,0.05334904250864033,-0.7327563173551384,7.640251163413748,126,False,36,0.08081519955915965,-0.6827190753349672,2.2842126994109893,623,False,46,0.29132946494258083,-0.946790833585595,2.700131929787848,749,True,1,0.6498504316609958,0.09906708121574007,13.610425288526578,749,True,1,35.16873985027881,15.958614722035861,25.3823417243617,126,False,5,13.116581557288594,-0.4429566095782844,8.57405250496066,0_0_0_10_14_16,-23.0,43,offpacket_bootstrap,offpacket,4.0,2.77771448239175,3.4497845353701986
1,33,584,multiscale_only_diverse16,16,584,True,1,0.815479612130062,19.4203025743451,42.356032162173456,583,False,3,0.004996742751205604,-2.8356579374359066,32.181422816759806,584,True,1,0.050873810831701775,19.44520385738096,42.13763142399042,584,True,1,0.0508870396839943,12.84496717886823,35.51900794968475,584,True,1,0.05126566274710269,7.451325543777159,30.321915953153407,584,True,1,0.815267615924281,19.48716403507761,49.08834040182337,584,True,1,9491.78834055314,19.43876841874426,42.406241452520426,584,True,1,9.63549844767317,19.460807422947465,42.052491590854245,0_0_0_10_14_16,-23.0,43,offpacket_bootstrap,offpacket,4.0,2.77771448239175,3.4497845353701986
1,34,934,multiscale_only_diverse16,16,934,True,1,0.9533479157767601,0.5544837086330399,10.383713973751963,402,False,2,0.050281811415090714,-0.19552335558699546,9.509364999322425,934,True,1,0.057042195691854494,0.7313006661857837,10.143296323921104,29,False,2,0.07380031209956502,-0.43335155792246194,3.737898063506204,747,False,124,0.15900582301264743,-2.9659145093512755,1.9090954720528175,934,True,1,0.7368675934702462,1.1274838344217384,16.623785739430293,934,True,1,8.306720347762825,1.1188301636004125,10.847105569841176,934,True,1,10.991448458023314,0.17622104770946156,10.042407290470992,0_0_0_10_14_16,-23.0,43,offpacket_bootstrap,offpacket,4.0,2.77771448239175,3.4497845353701986
2,0,803,multiscale_only_diverse16,16,803,True,1,0.8020472975011081,24.088085280892507,42.7647413880926,803,True,1,0.02652434419361106,9.258119617680748,39.73930519715765,803,True,1,0.05020053461423786,24.19438892665835,42.4236275838825,803,True,1,0.05020917541682459,12.827115813662298,35.6800571597242,803,True,1,0.051044758839281154,7.5071691310109765,30.601847440038775,803,True,1,0.8019092683001624,24.197664765039328,49.82363917076597,803,True,1,11177.509902919668,24.062427713229518,42.73164893174667,803,True,1,9.466002294965893,23.704678772664014,42.03275931047796,0_0_0_10_14_16,-23.0,43,offpacket_bootstrap,offpacket,4.0,2.77771448239175,3.4497845353701986
2,1,826,multiscale_only_diverse16,16,893,False,15,0.9797599228272844,-8.141697924136365,29.166608644467516,893,False,17,0.03602547358406053,-10.170397034085513,26.899258460790755,893,False,15,0.06196217708108768,-8.088597588452874,28.606479332864424,893,False,15,0.06237437273369722,-8.06246800019846,19.43353702921092,893,False,50,0.0777748315840285,-7.290738624422017,15.216000601698967,893,False,15,0.9732852640356893,-8.167827512390778,39.09381608578482,893,False,15,50.61530659331316,-8.235420468923154,28.979390582181665,893,False,15,11.583896214024891,-8.122955599726001,28.16526171854072,0_0_0_10_14_16,-23.0,43,offpacket_bootstrap,offpacket,4.0,2.77771448239175,3.4497845353701986
2,2,922,multiscale_only_diverse16,16,620,False,44,0.955593805792887,-21.085809797512987,17.351477588022775,621,False,22,0.0960884115748562,-18.334403066768555,19.148468830597597,620,False,45,0.055857909264419296,-21.355493131534594,16.69627835039545,620,False,141,0.059553437612848065,-21.079587347823704,8.041942952360237,620,False,284,0.09799836245515059,-19.181976515240336,4.528510336088035,620,False,44,0.8962953985061735,-21.36171558122388,26.58825411386326,620,False,45,5.207986717662922,-21.33625741051555,16.883228850046883,620,False,44,11.331073805219242,-21.085593006244604,16.46072539529159,0_0_0_10_14_16,-23.0,43,offpacket_bootstrap,offpacket,4.0,2.77771448239175,3.4497845353701986
2,3,718,multiscale_only_diverse16,16,718,True,1,0.810761883517003,25.648971744607504,42.61838111928996,718,True,1,0.017179451917484666,5.129137777550574,37.89822273119184,718,True,1,0.050575504427476485,25.589766080008587,42.063872722311196,718,True,1,0.050580338801236954,12.906548178478891,35.68447385376888,718,True,1,0.05166238292588338,7.617841075527502,30.4466344761384,718,True,1,0.8106843924193046,25.75246051515631,49.52836235487836,718,True,1,10856.570172789023,25.636337974151992,42.60420222464618,718,True,1,9.587353473874776,25.575518367763998,42.09085839426754,0_0_0_10_14_16,-23.0,43,offpacket_bootstrap,offpacket,4.0,2.77771448239175,3.4497845353701986
2,4,86,multiscale_only_diverse16,16,86,True,1,0.5697776013647662,9.065586096637272,17.250639242832335,86,True,1,0.05582663345002332,11.068746009023245,18.855974631061137,86,True,1,0.035538111742191805,8.88103032258987,16.643255609034348,86,True,1,0.037827445871014775,7.615460787514267,10.559812394562984,86,True,1,0.06976096584685001,3.531545622774916,8.747514396355012,86,True,1,0.5352944032897211,10.331155631712877,23.498785775116936,86,True,1,640.8852075702943,17.9018303657695,36.60625742757674,86,True,1,6.311003614243173,8.45035853381622,16.730286373513014,0_0_0_10_14_16,-23.0,43,offpacket_bootstrap,offpacket,4.0,2.77771448239175,3.4497845353701986
2,5,468,multiscale_only_diverse16,16,836,False,61,0.662299992205849,-5.023626914569888,6.048884466255125,191,False,46,0.04553050088441711,-3.1843659500862955,6.147016925087944,836,False,56,0.041996902488746615,-5.645302521170632,6.10020158110107,836,False,163,0.0763115934754392,-4.049771004425773,1.4071680542372809,668,False,528,0.17390712823932186,-6.721624203777342,-0.07011079838818338,836,False,51,0.3644865337521587,-6.619158431314748,10.63796774791102,836,False,54,2.992369445452492,-5.464872398479226,6.218274287380272,836,False,104,7.291657655733442,-5.2461393506929666,5.141257332985103,0_0_0_10_14_16,-23.0,43,offpacket_bootstrap,offpacket,4.0,2.77771448239175,3.4497845353701986
2,6,89,multiscale_only_diverse16,16,158,False,27,0.5774633702023948,-2.355240016574563,7.662232943169737,288,False,43,0.03277653863846178,-2.376325493466925,6.933344909296276,605,False,24,0.038595783638221075,-2.2527014219110497,7.913446139600751,108,False,22,0.06706006228075448,-1.5091661536365257,2.7549189040840476,605,False,142,0.1684217636139818,-3.108857061148702,1.767054684925705,157,False,27,0.33235357286159134,-3.328426020247731,12.389894369377533,158,False,22,4.329815178703215,-1.6898538937163434,7.843842393938511,158,False,53,5.9184572851880155,-3.371085235909912,6.762013910272506,0_0_0_10_14_16,-23.0,43,offpacket_bootstrap,offpacket,4.0,2.77771448239175,3.4497845353701986
2,7,713,multiscale_only_diverse16,16,713,True,1,0.7411206642848391,13.05072874817489,20.004701668843392,713,True,1,0.01474187554440894,4.616213525084315,15.07971895432732,713,True,1,0.04485435040858967,12.911862674897819,19.90220260333349,713,True,1,0.04665565065121402,9.730645356440952,13.2722783587836,713,True,1,0.07163106035168298,5.23453876731511,9.233013400728819,713,True,1,0.7125071777348351,15.291211310114063,26.428998460309302,713,True,1,1698.5210243231788,19.964033514819846,40.5015713070414,713,True,1,8.887992811247614,13.153947977427995,20.158049620733824,0_0_0_10_14_16,-23.0,43,offpacket_bootstrap,offpacket,4.0,2.77771448239175,3.4497845353701986
2,8,865,multiscale_only_diverse16,16,865,True,1,1.4306899930388681,0.20700912891652973,10.30553934008572,842,False,6,0.07343507593485842,-1.6050432932985812,8.91741318114347,990,False,3,0.08774418810581354,-0.5183127345198446,9.686538601314274,681,False,9,0.10663734222126482,-1.0116487755605352,3.6481417393106548,335,False,109,0.248756664315283,-3.721810425258215,2.2742428185306696,865,True,1,1.1772117464239868,0.42684094780835713,16.197972290344673,865,True,1,7.501450998770084,0.4334393351509072,10.45714399676934,936,False,4,14.647035199366146,-0.13608208239310465,9.660666578790346,0_0_0_10_14_16,-23.0,43,offpacket_bootstrap,offpacket,4.0,2.77771448239175,3.4497845353701986
2,9,492,multiscale_only_diverse16,16,492,True,1,0.6445246850360178,18.846054544474878,40.4233626523144,491,False,3,0.003747265606692683,-3.1857151214845274,29.840111488899,492,True,1,0.04010962500450136,18.80681062987486,40.11000695752823,492,True,1,0.0401233466609541,12.993934293123273,33.24469561754072,492,True,1,0.041761601844140024,7.651643538594314,28.227083388506312,492,True,1,0.6443042660769985,18.905949538601124,47.56855806455267,492,True,1,6333.636682081543,18.77398439818355,40.4405467289481,492,True,1,7.640977704389398,18.755484563217472,39.95976375383742,0_0_0_10_14_16,-23.0,43,offpacket_bootstrap,offpacket,4.0,2.77771448239175,3.4497845353701986
2,10,765,multiscale_only_diverse16,16,765,True,1,0.6957832796184107,5.656041971990923,16.80446632153217,765,True,1,0.020073849297688923,3.073363806226585,12.661672374169413,765,True,1,0.04596744161413005,6.3037800612096575,16.841807704268952,765,True,1,0.05001237141705871,5.4745092952987555,9.840944412172956,765,True,1,0.11464043330222601,4.230987864810145,8.253389309371892,765,True,1,0.6395093129104855,6.322325735819866,23.507842754189852,765,True,1,103.82755424387254,13.189716156449602,23.057837072253964,765,True,1,7.751650538247166,5.126321042988476,16.31077673502731,0_0_0_10_14_16,-23.0,43,offpacket_bootstrap,offpacket,4.0,2.77771448239175,3.4497845353701986
2,11,1023,multiscale_only_diverse16,16,519,False,25,0.647542596958889,-1.9081680409137978,6.785411837332781,284,False,89,0.027830136402412792,-5.328383058168935,5.1729771471438015,519,False,68,0.031117574632252485,-3.4102070465623098,5.532878441760821,519,False,70,0.0669923637673806,-2.286291755400584,2.1542767369915943,127,False,35,0.24965383536087338,-2.3489229647567327,2.7443920931810686,120,False,43,0.30077987930681255,-3.054453141648006,10.166997309706336,120,False,43,3.0434002635098736,-3.1771758889013695,6.040858567524058,1019,False,110,5.1673246320148705,-4.817735888482426,5.111880360594945,0_0_0_10_14_16,-23.0,43,offpacket_bootstrap,offpacket,4.0,2.77771448239175,3.4497845353701986
2,12,597,multiscale_only_diverse16,16,597,True,1,0.8056200532217339,19.438904481106633,42.823246808482,596,False,2,0.007421267686251344,-0.8848211227648816,34.37650168749913,597,True,1,0.05028847695072503,19.462553129136893,42.476805379332056,597,True,1,0.0502992171759519,13.166026275767283,35.57501924440069,597,True,1,0.051548865293648834,7.591035502548636,30.53460988915763,597,True,1,0.8054480318403948,19.51591615319903,50.237820015515744,597,True,1,10625.789982657443,19.4499816183141,42.82076444545855,597,True,1,9.499931756515226,19.36253436175763,42.49723020238589,0_0_0_10_14_16,-23.0,43,offpacket_bootstrap,offpacket,4.0,2.77771448239175,3.4497845353701986
2,13,562,multiscale_only_diverse16,16,562,True,1,0.7907706160671388,18.138250331233778,42.94987009085621,561,False,2,0.00619598866718805,-1.793174249408155,33.54805119512634,562,True,1,0.049366778370197636,18.135442362444326,42.795212069006546,562,True,1,0.049373854272505895,13.140176195545916,35.591162067640944,562,True,1,0.05022966334724478,7.801279467179882,30.562011476504626,562,True,1,0.7906572885639496,18.182166275743604,50.34188738996275,562,True,1,11003.995727701604,18.154572603183375,42.934405103648274,562,True,1,9.399309181380339,18.286751614812392,42.82107855085216,0_0_0_10_14_16,-23.0,43,offpacket_bootstrap,offpacket,4.0,2.77771448239175,3.4497845353701986
2,14,478,multiscale_only_diverse16,16,478,True,1,0.7943297753604952,17.857278698793454,43.274116994195225,477,False,2,0.005458486401109025,-2.3792727679516297,33.12699909574689,478,True,1,0.04965346613924926,17.80911302879921,43.02123968155499,478,True,1,0.04966067352850469,13.182725389641817,35.645329425313925,478,True,1,0.05070960308361341,7.769416105497793,30.552941961223485,478,True,1,0.794214492109556,17.897322061902276,51.05451386297642,478,True,1,10786.166360831385,17.881363044605152,43.26527690274234,478,True,1,9.375934410883518,17.759871130330033,42.79582325141411,0_0_0_10_14_16,-23.0,43,offpacket_bootstrap,offpacket,4.0,2.77771448239175,3.4497845353701986
2,15,267,multiscale_only_diverse16,16,267,True,1,0.7833496893437228,17.94351072069613,42.632509661151666,267,True,1,0.018646326817430652,3.943950027760563,38.64925192021073,267,True,1,0.04898141568137713,17.88087436296797,42.39821674922403,267,True,1,0.04898689300572216,13.710966142444413,35.38971789302762,267,True,1,0.05024094540362857,8.264347560534606,30.243119776183928,267,True,1,0.7832621014184463,17.976822701013656,50.217373962989484,267,True,1,9796.12081905272,17.92967059000071,42.76526580927951,267,True,1,9.25139852507528,17.884737716746898,42.35322170524607,0_0_0_10_14_16,-23.0,43,offpacket_bootstrap,offpacket,4.0,2.77771448239175,3.4497845353701986
2,16,917,multiscale_only_diverse16,16,917,True,1,0.7725071048661825,13.491585813375806,42.62558633792043,917,True,1,0.04053253731113582,10.33022787205178,42.39053715056812,917,True,1,0.048250616307141364,13.486533898626636,42.36774348723757,917,True,1,0.04825563703424976,13.478159918295525,35.41089448384186,917,True,1,0.04911576642888059,8.07323654609196,30.2212391606356,917,True,1,0.7724267298550708,13.499959793706914,50.008398357236516,917,True,1,10102.810575156811,13.513908405121882,42.62949114412427,917,True,1,9.118067907481366,13.506127702074204,42.22600729665106,0_0_0_10_14_16,-23.0,43,offpacket_bootstrap,offpacket,4.0,2.77771448239175,3.4497845353701986
2,17,656,multiscale_only_diverse16,16,656,True,1,0.767969343799578,14.81313067060082,42.70196655969723,657,False,2,0.00826467124395172,-0.24041804410577922,34.83921391841217,656,True,1,0.048088955423142725,14.813197693769276,42.430351657701436,656,True,1,0.04809190771877783,12.112982523203469,35.509940578856046,656,True,1,0.049001683201203135,6.844066763597371,30.42303315133396,656,True,1,0.7679221992247599,14.831152128559527,49.57917590928686,656,True,1,9683.77140788829,14.844740249314686,42.68954127636617,656,True,1,9.051646635313013,14.777070805297612,42.33764577857595,0_0_0_10_14_16,-23.0,43,offpacket_bootstrap,offpacket,4.0,2.77771448239175,3.4497845353701986
2,18,889,multiscale_only_diverse16,16,889,True,1,0.7697937007855593,19.34039720964701,42.49481168447624,889,True,1,0.03687142189217855,13.406634822732833,41.993812034681206,889,True,1,0.04812608652967138,19.36887754654671,42.321164732044494,889,True,1,0.048138856994311204,12.36321213861747,35.58162661914829,889,True,1,0.049145528039457174,6.948994395885153,30.4017812600987,889,True,1,0.7695894868957903,19.403844865771514,50.02141448137361,889,True,1,8934.619481547206,19.383010513374824,42.391450598974146,889,True,1,9.06438945094607,19.366441047126596,42.00629365413741,0_0_0_10_14_16,-23.0,43,offpacket_bootstrap,offpacket,4.0,2.77771448239175,3.4497845353701986
2,19,510,multiscale_only_diverse16,16,510,True,1,0.761500177394069,13.691084887838132,42.470658270217896,511,False,5,0.0004543170014781706,-13.553937926928823,22.058826084031903,510,True,1,0.047530326728947345,13.684370959043715,41.97385932044523,510,True,1,0.04753536865663451,12.073266264556201,35.333714935478824,510,True,1,0.04828685382747524,6.663742063423438,30.282303789485482,510,True,1,0.7614194074550387,13.707010012813045,49.24672393022683,510,True,1,9792.972469076334,13.734748010944301,42.45562261204313,510,True,1,9.000764117908439,13.656216753391133,41.98577435901213,0_0_0_10_14_16,-23.0,43,offpacket_bootstrap,offpacket,4.0,2.77771448239175,3.4497845353701986
2,20,860,multiscale_only_diverse16,16,860,True,1,0.7912963931364771,19.083796464506698,42.64730356565897,860,True,1,0.03435849992001822,11.473013034341637,41.24173538019038,860,True,1,0.04941971944208714,19.037438982724005,42.66748214352506,860,True,1,0.04942637566426201,12.404250248362985,35.633147444656814,860,True,1,0.051172166496300284,7.165463500403463,30.667302433072834,860,True,1,0.791189829696854,19.11528310945921,49.96850300170792,860,True,1,9750.739886049725,19.063527880503795,42.70373812262153,860,True,1,9.335734803504959,19.180034683209048,42.259826472386656,0_0_0_10_14_16,-23.0,43,offpacket_bootstrap,offpacket,4.0,2.77771448239175,3.4497845353701986
2,21,553,multiscale_only_diverse16,16,553,True,1,0.713635470697227,13.017706078244144,41.62658818271435,554,False,3,0.0010259790427209693,-9.275672085815483,24.748754411267733,553,True,1,0.04481752170402036,13.140862397999653,41.40592862102249,553,True,1,0.044847330437953845,12.054520033506538,34.44267020102482,553,True,1,0.047060727599318154,6.753349625560174,29.55674226580133,553,True,1,0.713161137673081,13.049999408814866,49.05812208585913,553,True,1,8766.73164892296,13.050762427918368,41.733673890455165,553,True,1,8.423944717411592,12.979647124957388,41.39132700831507,0_0_0_10_14_16,-23.0,43,offpacket_bootstrap,offpacket,4.0,2.77771448239175,3.4497845353701986
2,22,629,multiscale_only_diverse16,16,629,True,1,0.7948640675206207,2.802192948917455,6.015553399199549,630,False,249,0.021399647495017736,-3.0229298172773875,2.4749741621406174,629,True,1,0.049823271128742366,2.817146650306946,6.022055091903743,629,True,1,0.08725304445870363,1.3114277937588623,2.4550886577061424,373,False,405,0.2631599068193233,-1.9400747454332286,1.191363631425906,629,True,1,0.4538836231132154,4.236637843592709,9.562436455386965,629,True,1,146.5943245254615,14.725728363762071,38.038022269649204,629,True,1,8.068142314655413,3.1220154651699508,6.276673470921904,0_0_0_10_14_16,-23.0,43,offpacket_bootstrap,offpacket,4.0,2.77771448239175,3.4497845353701986
2,23,759,multiscale_only_diverse16,16,759,True,1,0.7633171512043333,17.969540147251905,41.532773967220386,759,True,1,0.021150274166661195,6.9808621207998645,38.392491148920556,759,True,1,0.04767121579753928,17.981424894140776,41.46913128502454,759,True,1,0.04768244637471572,12.306498658254025,34.842398326515834,759,True,1,0.048457199955786706,6.952589413079279,29.750299350081022,759,True,1,0.7631373682269808,18.003369025595468,48.29051426898809,759,True,1,7947.9558059776,17.985880376299136,41.600591676789236,759,True,1,9.013136804191443,18.003369062835397,40.98856278480875,0_0_0_10_14_16,-23.0,43,offpacket_bootstrap,offpacket,4.0,2.77771448239175,3.4497845353701986
2,24,874,multiscale_only_diverse16,16,874,True,1,0.8108872600894443,20.790588672177577,42.71648508678141,874,True,1,0.03656164980302562,13.873041013054506,41.70644383404073,874,True,1,0.05067808349791884,20.858570302097668,42.294575358800486,874,True,1,0.0506830200252497,12.54853762153201,35.711276697637906,874,True,1,0.0516750008387121,7.18981266785221,30.603050251837992,874,True,1,0.8108082796514261,20.87233708927519,49.68521196029342,874,True,1,9855.969514373632,20.80829802072516,42.75705259730319,874,True,1,9.573636346999903,20.586575219883983,42.46908630970814,0_0_0_10_14_16,-23.0,43,offpacket_bootstrap,offpacket,4.0,2.77771448239175,3.4497845353701986
2,25,720,multiscale_only_diverse16,16,720,True,1,0.7956171419710358,16.290442814983127,42.2500903776742,720,True,1,0.015276674500487341,4.281138475843901,37.581629248272264,720,True,1,0.04971038266694893,16.274096961812127,42.06467836419766,720,True,1,0.04971565279872961,12.451807259159962,35.57438464564908,720,True,1,0.05124237187603858,7.246233992351193,30.51619598512152,720,True,1,0.7955328021917287,16.318006261687714,48.99912174280364,720,True,1,9572.532779138726,16.348827522621214,42.36633938885517,720,True,1,9.42077198917139,16.327727244646933,41.9141484624459,0_0_0_10_14_16,-23.0,43,offpacket_bootstrap,offpacket,4.0,2.77771448239175,3.4497845353701986
2,26,314,multiscale_only_diverse16,16,120,False,7,1.0545428158877712,-0.5446740681556496,8.222923507960694,121,False,517,0.00997730349470522,-9.425764156507629,-0.04351643553244769,119,False,7,0.06897106300911261,-0.6346904939414826,7.673412719945489,119,False,3,0.12507150242528078,-0.1542877545646789,4.06954692380592,760,False,174,0.23645209521496713,-2.2922971896468947,2.010375835686151,120,False,10,0.5815308650653975,-1.0970402452066452,11.881933736010426,314,True,1,43.11290439132842,10.028029608343056,26.69639233337945,314,True,1,16.935948583213342,1.8101006043998589,9.818582365260426,0_0_0_10_14_16,-23.0,43,offpacket_bootstrap,offpacket,4.0,2.77771448239175,3.4497845353701986
2,27,602,multiscale_only_diverse16,16,607,False,135,0.4052002396009726,-5.239035365183952,4.700522614261932,105,False,288,0.01588066745621429,-7.790519687570213,2.573874726556719,105,False,100,0.030251151233143855,-4.678150854167599,5.458071905161399,105,False,152,0.06390671426037764,-3.455869330644264,1.3365552832428327,809,False,480,0.154965969796903,-4.5752816682816615,0.1317723633000273,606,False,110,0.19180729082601272,-6.577625560301209,8.529125442787294,530,False,38,3.512430820385818,-3.2716072262217955,6.806852678752452,606,False,228,3.666418149571935,-6.8450210428021,3.5105653286536658,0_0_0_10_14_16,-23.0,43,offpacket_bootstrap,offpacket,4.0,2.77771448239175,3.4497845353701986
2,28,7,multiscale_only_diverse16,16,7,True,1,0.8300518920805224,25.817917828579063,42.69841172332164,7,True,1,0.05142530596250355,25.233872203164122,43.25001925275737,7,True,1,0.0517939965542946,25.852220352973948,42.64161240988027,7,True,1,0.05180077345631994,13.226007643637015,35.67137637463543,7,True,1,0.05342829058659986,7.863469511302592,30.5031152432902,7,True,1,0.8299432994867588,26.032786425864643,50.075508464976494,7,True,1,11337.026098773276,25.80799844282845,42.658531518509584,7,True,1,9.742397443655378,25.830448097196737,42.35421914488376,0_0_0_10_14_16,-23.0,43,offpacket_bootstrap,offpacket,4.0,2.77771448239175,3.4497845353701986
2,29,610,multiscale_only_diverse16,16,610,True,1,0.8025349462333367,16.053710063958,43.06423368496985,609,False,3,0.004832139250332625,-2.275345357384491,32.82080093045588,610,True,1,0.05011764450245205,16.03569007308798,42.79410187703591,610,True,1,0.0501309749735369,12.4929466876398,35.72195146069045,610,True,1,0.050881365203894406,7.143378127516559,30.49453795518685,610,True,1,0.8023215418680517,16.07463608904791,50.16485961198648,610,True,1,10616.458461765122,16.099475447519673,43.09022236348072,610,True,1,9.527270318334995,15.999964074980767,42.669975567802425,0_0_0_10_14_16,-23.0,43,offpacket_bootstrap,offpacket,4.0,2.77771448239175,3.4497845353701986
2,30,775,multiscale_only_diverse16,16,775,True,1,0.8072169313600739,18.846927590355197,42.40929702207645,775,True,1,0.023093644312873526,8.470190144760958,39.506992689733934,775,True,1,0.05047250286630196,18.87339157187306,42.23590416776743,775,True,1,0.050478694021163284,12.532150903506473,35.69367888590782,775,True,1,0.05148515572343227,7.160054145986191,30.60403863596687,775,True,1,0.8071179271143096,18.90176494358989,49.20518405513759,775,True,1,9950.683281559912,18.802274019483946,42.44257628612752,775,True,1,9.506012471915918,18.627985838174844,42.08526878968476,0_0_0_10_14_16,-23.0,43,offpacket_bootstrap,offpacket,4.0,2.77771448239175,3.4497845353701986
2,31,912,multiscale_only_diverse16,16,912,True,1,0.8301324813405166,21.625699774724907,42.466658035443956,912,True,1,0.043312686640842896,17.062317700319195,41.989260720532336,912,True,1,0.0519223942067443,21.864310377359786,42.253234522381796,912,True,1,0.05193221909375051,12.905497173205669,35.8227569874521,912,True,1,0.05331502954724019,7.410289950871933,30.673663787116347,912,True,1,0.829975431286202,21.729750177928736,49.35239561882845,912,True,1,10057.107780238368,21.635410993958374,42.39124131457339,912,True,1,9.76307939164475,21.404621623457977,42.11175722899501,0_0_0_10_14_16,-23.0,43,offpacket_bootstrap,offpacket,4.0,2.77771448239175,3.4497845353701986
2,32,768,multiscale_only_diverse16,16,384,False,87,0.47245129929942564,-4.530757130507206,4.908833672082534,324,False,271,0.016771531461771624,-6.425974556875348,2.8942581712257844,384,False,67,0.03283834369309785,-3.4364968970433187,5.56225118291353,810,False,122,0.06648491125225875,-2.2808010287933564,1.6074914543708065,203,False,219,0.20082046798865977,-4.21011747746796,1.359289893053863,384,False,85,0.23335397238900712,-6.2658513827998865,8.726825416192014,701,False,66,2.7185391502407437,-3.5342579890922416,5.698184112195138,574,False,60,6.851208743251044,-4.3994563055113005,5.666515378033732,0_0_0_10_14_16,-23.0,43,offpacket_bootstrap,offpacket,4.0,2.77771448239175,3.4497845353701986
2,33,581,multiscale_only_diverse16,16,581,True,1,0.8079129352752581,15.16680936689121,43.367957526428135,580,False,3,0.003249025704809444,-4.551512820115534,30.648011179534628,581,True,1,0.05037213440461564,15.207018438554902,42.772030432264344,581,True,1,0.050387311969923895,12.291735376581205,35.84350793976272,581,True,1,0.0513384844306627,6.833855315232488,30.665545330135913,581,True,1,0.8076695773571806,15.192103217684728,50.60210373130862,581,True,1,11312.728778784047,15.205672982362454,43.340475228021475,581,True,1,9.572171873012962,15.199885156699256,43.02446514294481,0_0_0_10_14_16,-23.0,43,offpacket_bootstrap,offpacket,4.0,2.77771448239175,3.4497845353701986
2,34,93,multiscale_only_diverse16,16,93,True,1,0.6500668008604329,20.44534239144847,40.34207434426645,93,True,1,0.032420622226327286,13.793016009790417,39.277071753925284,93,True,1,0.04065092740418166,20.507253332768087,40.160532575322904,93,True,1,0.040663752290212615,13.26036424443728,33.01932953587932,93,True,1,0.042504739269881624,7.69813879976866,28.13035766003267,93,True,1,0.6498617771682255,20.535423417319656,47.74543351263113,93,True,1,6552.860363527654,20.485082604997636,40.48156058144929,93,True,1,7.6800673445719845,20.378892143935747,40.16057490783279,0_0_0_10_14_16,-23.0,43,offpacket_bootstrap,offpacket,4.0,2.77771448239175,3.4497845353701986
3,0,222,multiscale_only_diverse16,16,222,True,1,1.6704013004233644,2.7941476192966985,17.264127709669246,224,False,2,0.01853124888930903,-1.0454674439875076,10.453058375954265,222,True,1,0.10044170673019459,2.89822818930777,17.570532018823876,222,True,1,0.10534435452685265,2.1814904018314714,11.131670522099972,401,False,2,0.17556353114701342,-0.40295795216357405,7.970988411452052,222,True,1,1.592662068056927,3.5108854067729967,23.429914203255947,222,True,1,69.52954154527077,9.03094113790326,20.20450537035519,222,True,1,20.0267967814054,2.3571102225654523,16.767488767031768,0_0_0_10_14_16,-23.0,43,offpacket_bootstrap,offpacket,4.0,2.77771448239175,3.4497845353701986
3,1,711,multiscale_only_diverse16,16,365,False,81,1.055468247531067,-8.762366260399011,7.5659030338977615,366,False,575,0.008327401072776693,-16.056883732114148,-0.8994994428085039,365,False,94,0.061382926577271735,-9.237532987394072,7.09379869513374,365,False,96,0.07966359662061136,-8.252624381276272,3.877211103407477,366,False,266,0.14479669873423046,-7.59843505732129,1.4734582079795189,365,False,80,0.8132664440369822,-9.747274866516811,10.864924224868908,365,False,73,3.2910141540641544,-7.816499539282389,8.037245801801715,365,False,52,15.349793213584794,-7.890468882363263,8.584453108727155,0_0_0_10_14_16,-23.0,43,offpacket_bootstrap,offpacket,4.0,2.77771448239175,3.4497845353701986
3,2,871,multiscale_only_diverse16,16,871,True,1,1.2258604856399415,0.3898493823879818,9.552470024454928,516,False,535,0.008533373874453666,-9.044789866136766,-0.289447840251735,249,False,2,0.06800672808223727,-0.3895526956931167,8.71140373776488,183,False,5,0.10224862575485866,-0.4622063583571594,3.220905395776753,859,False,73,0.27742172695425665,-2.69112627956497,2.5754906696118516,871,True,1,0.8153338012928102,0.25991344305658015,14.892751883038331,871,True,1,10.14813098419611,1.8329610706069244,11.607713110551463,871,True,1,15.198602035391103,0.13068923948084638,9.596610755609124,0_0_0_10_14_16,-23.0,43,offpacket_bootstrap,offpacket,4.0,2.77771448239175,3.4497845353701986
3,3,718,multiscale_only_diverse16,16,718,True,1,0.8261140948370418,24.81050309252071,42.5230477399042,718,True,1,0.017016587915435838,5.029678882069718,37.69892708768139,718,True,1,0.05163353909916803,24.666044753090283,42.320867923820174,718,True,1,0.05164565551287507,12.822912678634431,35.71297606264951,718,True,1,0.05318192209809782,7.456933921495845,30.7431720044637,718,True,1,0.8259202829850503,25.043497185342403,49.441304467925846,718,True,1,10735.549631528675,24.771944754110468,42.65200406660382,718,True,1,9.782733516573487,24.87751257838333,42.307015723146066,0_0_0_10_14_16,-23.0,43,offpacket_bootstrap,offpacket,4.0,2.77771448239175,3.4497845353701986
3,4,107,multiscale_only_diverse16,16,107,True,1,0.8390406191996682,21.86566367101095,43.18717474709992,107,True,1,0.039568614238195556,12.957651758768542,42.49685357272605,107,True,1,0.05247546241600987,21.801171685924068,42.95024928799087,107,True,1,0.0524796687300741,13.41007707015958,35.70573170725201,107,True,1,0.05365552621197917,8.312401549464786,30.561746032861215,107,True,1,0.8389733689970202,21.930885136724612,50.41978357675112,107,True,1,11972.23532730758,21.889491282835877,43.07766727053028,107,True,1,9.88101320376103,21.905391763119976,42.54823501193528,0_0_0_10_14_16,-23.0,43,offpacket_bootstrap,offpacket,4.0,2.77771448239175,3.4497845353701986
3,5,468,multiscale_only_diverse16,16,468,True,1,0.7164469799450082,18.851781888359156,41.1196883806636,467,False,3,0.0035870484496111003,-3.6749070839457736,30.051127457517364,468,True,1,0.04487473146428041,18.92630216552108,40.89897908743761,468,True,1,0.04488863541648274,12.858281923955532,34.243843975238576,468,True,1,0.04640786744861608,7.502343456615639,29.221521493682935,468,True,1,0.7162250653229165,18.908129121089566,47.81144073518375,468,True,1,7667.001523377914,18.846146765916163,41.18892633481895,468,True,1,8.404656030242696,18.785061772636563,40.572588110122055,0_0_0_10_14_16,-23.0,43,offpacket_bootstrap,offpacket,4.0,2.77771448239175,3.4497845353701986
3,6,89,multiscale_only_diverse16,16,89,True,1,0.6778784478083253,18.264466685258476,40.3941938877295,89,True,1,0.03307300459922848,11.902819431204144,39.18484738480791,89,True,1,0.042326524583471296,18.408323571563255,40.31132214203551,89,True,1,0.04233922340224415,13.63331135227968,33.349098978219715,89,True,1,0.04392338138595198,8.462103995338143,28.268436114832618,89,True,1,0.677675131477344,18.326848027706365,47.25343921697426,89,True,1,6341.705602066744,18.300812704230665,40.2925877206969,89,True,1,8.001021830649018,18.185485343981885,40.00357514983341,0_0_0_10_14_16,-23.0,43,offpacket_bootstrap,offpacket,4.0,2.77771448239175,3.4497845353701986
3,7,713,multiscale_only_diverse16,16,713,True,1,0.796093685005733,22.430141593853854,42.88931238531919,713,True,1,0.0155434642968904,3.971432057763804,37.81692288437445,713,True,1,0.04973076985354168,22.254330851809016,42.7202755677953,713,True,1,0.04974592630733965,13.061111369725392,35.68406622685827,713,True,1,0.05042150334916593,7.511561559547118,30.469059080977296,713,True,1,0.7958511333426863,22.564236151551324,50.240932218231535,713,True,1,10209.372443335178,22.451399008438415,42.84890649325756,713,True,1,9.363263861996217,22.691444845060115,42.43426179910061,0_0_0_10_14_16,-23.0,43,offpacket_bootstrap,offpacket,4.0,2.77771448239175,3.4497845353701986
3,8,865,multiscale_only_diverse16,16,865,True,1,0.7920437445138759,19.966792075449792,42.65450721957059,865,True,1,0.034776035488457854,11.526462327808389,41.50933595149496,865,True,1,0.049534706349930714,20.035550647789417,42.25473041810104,865,True,1,0.049543769047950804,13.050014631529944,35.69531749452238,865,True,1,0.05054754259768328,7.540763231499144,30.51026160407353,865,True,1,0.7918988614455675,20.072274982798458,49.69243153875403,865,True,1,9765.958145141773,19.953221135218392,42.58796816068963,865,True,1,9.309228619679159,20.013392809425376,42.207391020508254,0_0_0_10_14_16,-23.0,43,offpacket_bootstrap,offpacket,4.0,2.77771448239175,3.4497845353701986
3,9,492,multiscale_only_diverse16,16,376,False,17,0.9941885511325133,-19.49110175467006,21.270469340290102,375,False,75,0.004276280004137588,-23.050604297279325,8.559506939457368,376,False,17,0.06095335164710632,-19.57522342359556,20.654105305664856,376,False,45,0.06735093214745398,-19.143791098648077,12.159383847706955,376,False,72,0.116990512161592,-16.88926734308503,9.10301929383545,376,False,17,0.8997518286463391,-19.92253407961754,30.126677103562063,376,False,17,24.272693471993506,-19.765151056054407,20.877436071962897,376,False,17,11.236394423183869,-19.700604038618998,20.321199824441038,0_0_0_10_14_16,-23.0,43,offpacket_bootstrap,offpacket,4.0,2.77771448239175,3.4497845353701986
3,10,765,multiscale_only_diverse16,16,375,False,15,0.8253536508144101,-24.49010131127695,16.12562445718527,375,False,30,0.017913718386774878,-27.09097064397101,11.616566692734212,375,False,15,0.05325361929433762,-24.354726422052522,15.956410407007024,375,False,43,0.05749523683005228,-24.022386265675184,10.012307285002082,375,False,73,0.09402537190384933,-22.01035164614826,7.028191319714933,375,False,16,0.764464528315298,-24.822441467654283,22.474838095050572,375,False,17,18.998991033210658,-24.69483185245096,15.936021016181234,375,False,17,8.791169206445074,-24.932105077678777,15.538376164727485,0_0_0_10_14_16,-23.0,43,offpacket_bootstrap,offpacket,4.0,2.77771448239175,3.4497845353701986
3,11,1023,multiscale_only_diverse16,16,1023,True,1,0.782755155618716,15.789165901147848,42.98154404746931,1023,True,1,0.04906732145710533,15.927265592227887,43.357518701895515,1023,True,1,0.0489814738568349,15.837397781968477,42.72345150865833,1023,True,1,0.04899514001479241,13.75967992412967,35.501175986173024,1023,True,1,0.05042363270553588,8.262836231840252,30.480308837447957,1023,True,1,0.7825368226249637,15.803449885601808,50.673564733045744,1023,True,1,11397.678506623228,15.77107611710969,42.9452444020147,1023,True,1,9.286374672820221,15.761349426815869,42.63260804675211,0_0_0_10_14_16,-23.0,43,offpacket_bootstrap,offpacket,4.0,2.77771448239175,3.4497845353701986
3,12,597,multiscale_only_diverse16,16,597,True,1,0.8198901937618217,19.849376244566905,43.05073268077703,596,False,2,0.0072869571038417106,-1.0993864808649558,34.414881034586024,597,True,1,0.05123071871823566,19.877423716505838,42.84888832643154,597,True,1,0.05124142065963011,13.149438596078424,35.85668234922612,597,True,1,0.05186132117012509,7.858727382395817,30.60949859806005,597,True,1,0.8197189569637281,19.932530900989384,50.486762591155916,597,True,1,11540.069465612445,19.824507272979247,43.08980656409119,597,True,1,9.666043982005453,19.838775027710835,42.72410636537259,0_0_0_10_14_16,-23.0,43,offpacket_bootstrap,offpacket,4.0,2.77771448239175,3.4497845353701986
3,13,562,multiscale_only_diverse16,16,562,True,1,0.8228528336658769,18.552641711496097,43.699919228673195,561,False,2,0.005960795801447858,-2.2763908357930873,33.83822298310762,562,True,1,0.05150901020309481,18.62405641435543,43.29080638860557,562,True,1,0.05151293202003706,13.236613659290759,35.94886877571197,562,True,1,0.05256512931142868,7.941635070413006,30.797835743871723,562,True,1,0.8227901876844214,18.599440807404505,51.36371304867926,562,True,1,12008.399349105812,18.565007586509264,43.55542570280029,562,True,1,9.711810384334356,18.749042000299127,43.07785853842248,0_0_0_10_14_16,-23.0,43,offpacket_bootstrap,offpacket,4.0,2.77771448239175,3.4497845353701986
3,14,478,multiscale_only_diverse16,16,478,True,1,0.8031020094775307,17.889607848941193,42.77288919485801,477,False,2,0.005288846201457632,-2.4906080492391967,32.979771715829216,478,True,1,0.05024423050269539,17.830163291526123,42.30596129639353,478,True,1,0.05025184272367324,13.226769368973773,35.59291588956449,478,True,1,0.051434300640907656,7.862538267716811,30.346428975663006,478,True,1,0.802980354436988,17.924624697497006,50.10167259872061,478,True,1,10662.702384925622,17.879480352138884,42.77642743656447,478,True,1,9.444312459190641,17.890541520222307,42.262381464528225,0_0_0_10_14_16,-23.0,43,offpacket_bootstrap,offpacket,4.0,2.77771448239175,3.4497845353701986
3,15,267,multiscale_only_diverse16,16,267,True,1,0.45396144880237443,4.65044942558518,12.952705816020643,267,True,1,0.020963959002651456,2.6358024838500387,11.764694727465955,267,True,1,0.026884916764166253,4.584398446639785,12.718687721508338,267,True,1,0.03347629434658186,2.9311472712852282,5.922047601969878,267,True,1,0.0650013323130324,0.8115361323776074,3.8605878311554798,267,True,1,0.3645778603460731,5.959728750283778,19.38754908769271,267,True,1,45.21593788862323,10.983489105906001,17.78810997710342,267,True,1,6.783380785521761,5.740922010425297,14.037789140813965,0_0_0_10_14_16,-23.0,43,offpacket_bootstrap,offpacket,4.0,2.77771448239175,3.4497845353701986
3,16,917,multiscale_only_diverse16,16,282,False,36,0.6092770102187082,-2.759520940553075,7.314944978823334,282,False,16,0.04120027486623905,-2.9113273558636426,7.519038508537098,282,False,41,0.03509579433823856,-3.1645817392543596,6.816087565301632,282,False,44,0.06822814067388229,-1.7155946988745983,2.463177565615529,672,False,346,0.1477302837954074,-4.4481639276289435,0.7664509401339996,282,False,40,0.31340529632574443,-4.208507980932836,11.208152559004468,698,False,2,6.186549844693115,-0.35469897657643623,9.650525163674583,89,False,6,10.345945347771693,-0.7170955338302293,8.954004086643366,0_0_0_10_14_16,-23.0,43,offpacket_bootstrap,offpacket,4.0,2.77771448239175,3.4497845353701986
3,17,656,multiscale_only_diverse16,16,656,True,1,0.9194465246601204,3.4917343180811318,6.774892704532737,656,True,1,0.038875606651228474,0.39947043567026436,6.0799025933298605,656,True,1,0.05239109913499477,4.220195100860989,7.437425919899412,656,True,1,0.08343618408826524,1.6655369545703336,2.8655916234910173,622,False,432,0.23925569963443455,-2.27813955019778,0.8872055003244903,656,True,1,0.5773372134544885,6.035070482352413,11.322849311786147,656,True,1,231.0230325011724,19.126012895111177,41.23494442094782,656,True,1,9.324462946849486,1.8355601801054582,4.963024886045405,0_0_0_10_14_16,-23.0,43,offpacket_bootstrap,offpacket,4.0,2.77771448239175,3.4497845353701986
3,18,889,multiscale_only_diverse16,16,889,True,1,0.664575190936123,19.15769155575346,40.72319859100578,889,True,1,0.03232357659001247,13.388811811505725,39.58760011715964,889,True,1,0.041452790348178156,19.109494073756434,40.40548045580159,889,True,1,0.041468845553799254,12.503986390622806,33.44090317740954,889,True,1,0.04263361089733539,6.894885031015559,28.360234900683064,889,True,1,0.6643178919638785,19.285025832083157,47.88498944547716,889,True,1,6867.239475699912,19.193525827347944,40.756943157255435,889,True,1,7.829204029745225,19.3004548431118,40.51070994854097,0_0_0_10_14_16,-23.0,43,offpacket_bootstrap,offpacket,4.0,2.77771448239175,3.4497845353701986
3,19,510,multiscale_only_diverse16,16,848,False,10,0.49075947365011885,-1.3199614791879273,8.165918116743006,848,False,649,0.0026551770033730144,-12.160389898078972,-2.137626904529027,848,False,7,0.034977897464337916,-0.7001311352944949,8.952233793568109,848,False,4,0.058235750255228126,-0.23378374017567083,3.735769705915177,678,False,23,0.18519846892680325,-2.564752482135015,3.673097416728059,848,False,14,0.29476282994130815,-1.786308874306752,13.140218738353058,510,True,1,9.666292218456476,0.7990980392401613,11.069824669082491,848,False,27,4.74628611526608,-3.2217511520396673,6.9896038148887225,0_0_0_10_14_16,-23.0,43,offpacket_bootstrap,offpacket,4.0,2.77771448239175,3.4497845353701986
3,20,860,multiscale_only_diverse16,16,860,True,1,0.6429516987273018,0.8131497753751317,9.923528500967716,860,True,1,0.039136906781924226,0.3322744188844629,9.71642951125678,860,True,1,0.04187725731182673,0.5541597517985125,9.915559241346106,829,False,2,0.05434756636012508,-0.16259909561741737,3.7813699369116542,909,False,17,0.1593664992580284,-1.9131973159694917,3.50105318765086,860,True,1,0.49542335618608835,1.519364580819047,15.710849757543075,857,False,2,7.087115476720925,-0.7870853309237023,9.86256345400222,860,True,1,8.993024496987918,0.0371741364738118,10.31512761881443,0_0_0_10_14_16,-23.0,43,offpacket_bootstrap,offpacket,4.0,2.77771448239175,3.4497845353701986
3,21,553,multiscale_only_diverse16,16,553,True,1,0.7671446883246205,13.02108865458078,42.98794680842671,554,False,3,0.0010783874608043746,-9.797585763071513,26.58064567843383,553,True,1,0.047970651698677064,13.04130539564045,42.74242692655564,553,True,1,0.047983250156037716,12.017316400519618,35.61020172671771,553,True,1,0.04877086514393685,6.721846661871878,30.38960920208752,553,True,1,0.7669432672117554,13.03626923855335,50.3584546670626,553,True,1,10815.876769621378,13.061566277035567,42.94501834171509,553,True,1,9.044909881548266,13.10997896285403,42.704909179743986,0_0_0_10_14_16,-23.0,43,offpacket_bootstrap,offpacket,4.0,2.77771448239175,3.4497845353701986
3,22,629,multiscale_only_diverse16,16,629,True,1,0.9557808494776943,1.0338624519300335,12.197548933003816,794,False,226,0.008194763585876036,-6.778636725102579,3.500586245478215,629,True,1,0.05633234213686484,0.6834915868407523,11.981238824362636,629,True,1,0.07533370586035726,0.628520804308888,5.759051756963603,679,False,6,0.20399794127931198,-2.329567626435805,4.9699454471271505,629,True,1,0.714704967792825,0.9556392686767698,18.15471776845009,629,True,1,16.587460415740242,3.021485874089949,13.682383335336308,629,True,1,11.50791921595258,0.4817469631677185,11.979852717400574,0_0_0_10_14_16,-23.0,43,offpacket_bootstrap,offpacket,4.0,2.77771448239175,3.4497845353701986
3,23,759,multiscale_only_diverse16,16,759,True,1,0.889679859078317,0.40302028634729004,10.29145254498404,202,False,5,0.0349557807766853,-1.0212580659438562,8.406935984173648,759,True,1,0.0662463222806218,1.499775092168023,11.079865049741656,759,True,1,0.087553921543028,0.9614378739223629,5.137250254210506,123,False,11,0.21748584723316972,-0.995996313506698,3.9574770499768706,759,True,1,0.6731625223904509,0.8544279359109596,16.22067499772452,759,True,1,16.578174664984672,3.9276088152875586,13.720965684695258,759,True,1,12.37755673692902,1.2662203816403346,10.62526562937536,0_0_0_10_14_16,-23.0,43,offpacket_bootstrap,offpacket,4.0,2.77771448239175,3.4497845353701986
3,24,874,multiscale_only_diverse16,16,874,True,1,0.8102846181032284,20.77314151922848,42.623635175908106,874,True,1,0.03675972338638395,14.501829099838876,41.71068042695417,874,True,1,0.050644889778752436,20.65748781825598,42.36741221101424,874,True,1,0.05064759262523928,12.521962417563806,35.66877310141107,874,True,1,0.05178096016524049,7.18388672818482,30.483409061209137,874,True,1,0.8102413766613381,20.872488488611182,49.82763260223719,874,True,1,10236.51829583771,20.733037329296398,42.53831609254821,874,True,1,9.563992728506626,20.783930055392076,42.443852642675054,0_0_0_10_14_16,-23.0,43,offpacket_bootstrap,offpacket,4.0,2.77771448239175,3.4497845353701986
3,25,720,multiscale_only_diverse16,16,720,True,1,0.7867012661311179,16.48469427235551,42.41294518402772,720,True,1,0.014261759536708956,4.446539665832424,37.26638509588725,720,True,1,0.04905941620379743,16.523583913297767,42.21809959866435,720,True,1,0.0490721794235855,12.288339134270176,35.502433740656286,720,True,1,0.050713261117448845,7.124081841173144,30.36968515507001,720,True,1,0.7864966524113866,16.516980038151495,49.36621956038283,720,True,1,9012.476516272065,16.503821761564186,42.479203431210316,720,True,1,9.30375574749834,16.467070660980642,42.069659594726204,0_0_0_10_14_16,-23.0,43,offpacket_bootstrap,offpacket,4.0,2.77771448239175,3.4497845353701986
3,26,314,multiscale_only_diverse16,16,720,False,3,0.6828283714843089,-1.3055655964714834,8.85743506781228,898,False,158,0.014669142795955152,-6.2016510438727925,4.1923295949593,720,False,4,0.042264649918884095,-1.396548690820997,8.782225267943087,720,False,8,0.06074895673295153,-0.9761353209852643,3.323853546228867,644,False,274,0.11700875075003402,-4.301145276163826,1.0956650985054484,720,False,4,0.4750616903979199,-1.7259789663072158,14.163818766694193,720,False,2,8.563734047330986,-0.2651363963310332,10.625434397479845,720,False,5,7.3426576307645925,-1.4881467131849468,8.33466095386522,0_0_0_10_14_16,-23.0,43,offpacket_bootstrap,offpacket,4.0,2.77771448239175,3.4497845353701986
3,27,602,multiscale_only_diverse16,16,848,False,3,0.5004724763280741,-0.4722563392876744,9.494199089868584,369,False,983,0.00023189700895128013,-22.484996150526506,-12.452685685164099,369,False,3,0.03433467642456126,-0.23805887864276148,9.760487702200493,987,False,4,0.04498493888821924,-0.5559610592010713,3.7039080312648665,711,False,84,0.10252182062654346,-2.8290585541304147,2.243660376115935,262,False,2,0.38198474775795216,-0.1656230074753828,15.05568139445014,602,True,1,8.584479250849949,1.1141900522083035,10.916630318931137,848,False,3,6.1362852871839015,-1.2146643239976131,9.607663130599619,0_0_0_10_14_16,-23.0,43,offpacket_bootstrap,offpacket,4.0,2.77771448239175,3.4497845353701986
3,28,7,multiscale_only_diverse16,16,7,True,1,0.8311082257278599,23.68374573056917,43.06819692049611,7,True,1,0.051563187948637276,23.22817340673292,43.76942396937308,7,True,1,0.0519080459035851,23.749539670344856,42.901734566467375,7,True,1,0.051912390206933744,13.172912156233235,35.77221993531114,7,True,1,0.05292352305949632,7.727478440170525,30.546851010815217,7,True,1,0.831038674196256,23.814378867777446,50.375380735425836,7,True,1,11864.094837199624,23.60597936918485,43.07313602433089,7,True,1,9.818563732414777,23.886048086883903,42.769477818579446,0_0_0_10_14_16,-23.0,43,offpacket_bootstrap,offpacket,4.0,2.77771448239175,3.4497845353701986
3,29,610,multiscale_only_diverse16,16,610,True,1,0.7979376036695704,14.852369205910064,42.895713408349806,609,False,3,0.00500439301147072,-2.243327265847564,32.816345154901846,610,True,1,0.04985518564895403,14.841833483286422,42.67931977911268,610,True,1,0.049862164715762394,12.347641540197252,35.706598383275384,610,True,1,0.050629432904900316,7.0185380090090685,30.53025321835885,610,True,1,0.7978259185897778,14.866058142727073,50.03015296509601,610,True,1,10825.265851045062,14.868372436279069,42.97821795307567,610,True,1,9.443716617497214,14.797610805594609,42.55967739684651,0_0_0_10_14_16,-23.0,43,offpacket_bootstrap,offpacket,4.0,2.77771448239175,3.4497845353701986
3,30,778,multiscale_only_diverse16,16,778,True,1,0.7180298033290491,20.061918068615295,41.507289712424935,778,True,1,0.019452218610740486,8.314603341411393,37.484589507847545,778,True,1,0.0450261769208734,20.096206876753232,41.19353821822473,778,True,1,0.04503926169841221,12.853372332352603,34.19917409554696,778,True,1,0.047920489023448753,7.713231934590548,29.342866128718427,778,True,1,0.7178212017692431,20.18532599521011,48.736620034897044,778,True,1,7516.322461394777,20.00642758293896,41.547855925765546,778,True,1,8.463072454137018,19.921987075254556,41.16399299434366,0_0_0_10_14_16,-23.0,43,offpacket_bootstrap,offpacket,4.0,2.77771448239175,3.4497845353701986
3,31,897,multiscale_only_diverse16,16,64,False,17,0.7789544743246921,-20.57053471516064,16.40093348760875,64,False,12,0.037230855963644414,-20.432864316010114,15.845016651912925,64,False,16,0.04985658953443779,-20.457267980618397,16.446052727752594,64,False,44,0.06008574837005245,-19.649044887923182,9.565575447834055,64,False,63,0.14617393409727247,-15.938173361177432,8.288831084631614,64,False,17,0.6463431769749969,-21.378757807855855,23.43015749734866,64,False,17,20.49375665584497,-20.605129657429913,16.523834351324936,64,False,16,10.251341688364107,-20.107370056456496,16.524647945675493,0_0_0_10_14_16,-23.0,43,offpacket_bootstrap,offpacket,4.0,2.77771448239175,3.4497845353701986
3,32,740,multiscale_only_diverse16,16,64,False,23,0.7770351144611141,-22.777775602231536,12.944824429571543,64,False,31,0.02505960697988458,-25.556507756113795,10.326886092074512,64,False,21,0.05255955033372259,-22.430317828726196,13.123842763743017,64,False,47,0.06210616446422405,-21.70816765096355,7.557936931494496,64,False,77,0.11281364659628591,-19.415519989210846,5.001281129988088,64,False,24,0.6575935989915277,-23.49992577999418,18.587768914571196,64,False,22,10.333972695315287,-22.635950542512873,13.192237104712083,64,False,24,8.623219306352418,-23.041451279048538,12.230582977639383,0_0_0_10_14_16,-23.0,43,offpacket_bootstrap,offpacket,4.0,2.77771448239175,3.4497845353701986
3,33,590,multiscale_only_diverse16,16,590,True,1,0.6992589476597146,2.260658176916863,12.005395055374251,166,False,207,0.006646420629092941,-6.198874065489726,4.059435575940984,590,True,1,0.053376640578319104,3.133381397161139,13.053196714277215,590,True,1,0.06399683964466037,1.533015040743052,6.447789409409971,120,False,4,0.1776290313553174,-1.0806013806253976,5.711030473302927,590,True,1,0.5832177608714215,2.656399037798376,18.37599339841595,590,True,1,21.22004658298786,4.962773665433172,15.069806802570278,590,True,1,7.584436114597477,1.1391082539751154,11.213388679449224,0_0_0_10_14_16,-23.0,43,offpacket_bootstrap,offpacket,4.0,2.77771448239175,3.4497845353701986
3,34,930,multiscale_only_diverse16,16,467,False,6,0.8198194936854328,-1.0548254298587234,9.100141947335356,568,False,19,0.03507408964057358,-2.494981459206192,7.3971390384659585,467,False,5,0.05614800853043359,-0.6759372177259659,9.434136260155952,467,False,9,0.07567180633394496,-1.5545656637079008,3.640632864946907,304,False,25,0.21778318344522088,-1.814994936702997,3.289615679676504,570,False,6,0.6083009532206274,-0.3473754798925841,14.683404783933705,52,False,3,5.92121935138366,-1.1898834323031653,9.401823529662053,790,False,4,10.452739472036956,-0.8688756415512945,9.315309956024333,0_0_0_10_14_16,-23.0,43,offpacket_bootstrap,offpacket,4.0,2.77771448239175,3.4497845353701986
1,0,222,multiscale_only_diverse16,16,222,True,1,0.7324391971456521,18.251611100435277,40.876284222027614,222,True,1,0.02200555936699312,7.2560074623180295,37.791329194413215,222,True,1,0.04581167796067618,18.28549536979691,40.74189666230101,222,True,1,0.04582294741655302,13.588700955496808,34.03991578072917,222,True,1,0.04710683860028095,8.526903115923984,29.031826927927415,222,True,1,0.732259064882669,18.321076316648533,47.817268755147914,222,True,1,7228.04524094289,18.32497802100669,40.871294426323416,222,True,1,6.830302246360711,18.202602433955196,40.39340596679908,0_0_0_10_14_16,-24.0,43,offpacket_bootstrap,offpacket,4.0,2.7774636618705233,3.449850813271805
1,1,826,multiscale_only_diverse16,16,826,True,1,0.6725193482901801,20.287419690217806,40.173705157388326,826,True,1,0.025611580898229697,9.57440185971232,38.306292789521855,826,True,1,0.04198527926201327,20.115960010069976,40.146823628023725,826,True,1,0.041995145179290434,13.083983628362954,33.16272596742057,826,True,1,0.04339105144838906,7.753550503646887,28.162884922160636,826,True,1,0.6723613533545942,20.422519154303487,47.33545734472066,826,True,1,6749.194675104083,20.30270466091008,40.3638818707877,826,True,1,6.267119558941257,20.124367227886314,39.93820972425283,0_0_0_10_14_16,-24.0,43,offpacket_bootstrap,offpacket,4.0,2.7774636618705233,3.449850813271805
1,2,922,multiscale_only_diverse16,16,922,True,1,0.8157760012935888,18.51850218383175,42.876862552051676,922,True,1,0.04419450558230738,14.474476419648463,42.93227416022112,922,True,1,0.05105955024026896,18.573538999079084,42.6065177871402,922,True,1,0.05106591796572163,13.119129033917066,35.758786362107784,922,True,1,0.05229507146536695,7.816152091485307,30.54473281979933,922,True,1,0.8156742771336394,18.564256027213037,50.019449536867874,922,True,1,9909.245479064306,18.53186848680782,42.877885316074185,922,True,1,7.682826963774819,18.525779002683024,42.728274415469784,0_0_0_10_14_16,-24.0,43,offpacket_bootstrap,offpacket,4.0,2.7774636618705233,3.449850813271805
1,3,718,multiscale_only_diverse16,16,718,True,1,0.8106455324256245,19.008089318467295,43.11002391558141,718,True,1,0.018827587645587073,4.9384209317526135,38.544527869926256,718,True,1,0.050573811904788664,18.946703700653686,42.72137729053974,718,True,1,0.050581106829558575,13.038360115071846,35.738677516916056,718,True,1,0.05139762125573247,7.637783513437518,30.46217966279082,718,True,1,0.8105286192431187,19.06474300305159,50.36037805957942,718,True,1,10016.09920756602,19.120346904881217,43.01535367875537,718,True,1,7.628120726871723,19.059610902767343,42.60741867451736,0_0_0_10_14_16,-24.0,43,offpacket_bootstrap,offpacket,4.0,2.7774636618705233,3.449850813271805
1,4,107,multiscale_only_diverse16,16,107,True,1,0.815387573422047,16.032186210281466,42.918762968256615,107,True,1,0.03888628345921783,10.364179464782586,42.37601401696799,107,True,1,0.050970350936947004,16.07526119215555,42.87046413856821,107,True,1,0.05097838591100404,13.78109044026295,35.57158147781168,107,True,1,0.052147500952778494,8.40593681023875,30.42771661575728,107,True,1,0.8152590558575579,16.06562829777792,50.4480040041377,107,True,1,10638.130002579746,16.070202330568303,42.93324381310895,107,True,1,7.666109477389625,16.114250787417767,42.50282692390577,0_0_0_10_14_16,-24.0,43,offpacket_bootstrap,offpacket,4.0,2.7774636618705233,3.449850813271805
1,5,468,multiscale_only_diverse16,16,784,False,98,0.5108851884659913,-5.09886527393122,4.995233385638938,235,False,318,0.01664318624772757,-8.573836334664577,2.121513489656553,784,False,94,0.033056920272292296,-4.597774322322824,5.121906665091409,784,False,401,0.05632231272223363,-4.10528196572233,0.3739509443312723,934,False,498,0.16925641283317527,-4.454893195531277,0.05172080132219231,784,False,67,0.2998508073825691,-5.591357630531713,9.70692691115096,526,False,26,3.9192611223169025,-2.5560005826907966,7.4404926242509255,784,False,111,4.82648140166348,-5.509001053196374,4.791360132778825,0_0_0_10_14_16,-24.0,43,offpacket_bootstrap,offpacket,4.0,2.7774636618705233,3.449850813271805
1,6,89,multiscale_only_diverse16,16,361,False,4,1.3321186542454058,-1.198590254370775,9.229840259735614,736,False,122,0.03199199970057103,-5.222745883626745,4.860157759644258,595,False,4,0.08209370881296263,-1.3048895334041368,9.081479186162962,595,False,6,0.11728797848338932,-1.3137519228782366,3.52962888042526,581,False,234,0.217841144651654,-3.8676908528780514,1.2539345187278992,361,False,4,0.9323936035049465,-1.2140290173645354,14.677910930131041,80,False,7,5.023417750615306,-1.6372809299335618,8.504437277971741,361,False,5,13.885979270958364,-1.0129748569083383,9.191781778630482,0_0_0_10_14_16,-24.0,43,offpacket_bootstrap,offpacket,4.0,2.7774636618705233,3.449850813271805
1,7,713,multiscale_only_diverse16,16,713,True,1,0.6638392473647059,1.6646449323806802,12.46418209855727,20,False,14,0.017573299334448837,-2.2300435088301125,8.297527464397316,713,True,1,0.03777905958938458,1.0015396251000626,11.678825940172782,713,True,1,0.049874531453293444,1.2111611431089657,5.768428775802806,414,False,3,0.11151101438929514,-0.29921263030817336,4.41372450286422,713,True,1,0.5028462775123943,1.4550234143717775,18.40513455661014,713,True,1,18.860216415646395,4.611016433548663,14.709479991904008,713,True,1,6.677574518197772,1.8511268232492384,12.191709228313254,0_0_0_10_14_16,-24.0,43,offpacket_bootstrap,offpacket,4.0,2.7774636618705233,3.449850813271805
1,8,865,multiscale_only_diverse16,16,760,False,4,1.0842400222493467,-0.3650138976711437,10.220077736801201,760,False,4,0.0679284263844267,-1.575733420710642,9.681237405121214,80,False,4,0.07267444773628856,-0.2584236229940542,10.128806724280672,865,True,1,0.12318906037840525,0.8612921702823546,5.200432832230874,796,False,3,0.32026035626290345,-0.7962575528968395,4.149554447552185,80,False,9,0.6396391415642727,-1.4696672442624459,15.03051661158787,865,True,1,9.185884501138506,0.6916470490481605,11.138829436366727,865,True,1,14.146711680052812,0.7796808184185476,11.38010199118036,0_0_0_10_14_16,-24.0,43,offpacket_bootstrap,offpacket,4.0,2.7774636618705233,3.449850813271805
1,9,492,multiscale_only_diverse16,16,492,True,1,0.5491350568428324,0.394028813488633,8.573158114303494,731,False,698,0.0025570546146108796,-12.741650705188727,-2.2081382723676626,492,True,1,0.03742172505163442,0.8472941742428017,8.79471247110488,492,True,1,0.04998201133523001,0.010148326096134468,3.3141532579668165,360,False,51,0.14826374525856412,-2.3228146525314974,2.84246439085405,492,True,1,0.4111395392946435,0.47594018007078953,13.74829455702322,492,True,1,14.303027514139464,3.963610822315897,13.634462183698165,294,False,8,4.60153990031116,-0.6169574990296935,8.164873393273822,0_0_0_10_14_16,-24.0,43,offpacket_bootstrap,offpacket,4.0,2.7774636618705233,3.449850813271805
1,10,765,multiscale_only_diverse16,16,765,True,1,0.8085675403278323,18.81389544738732,42.803406577320374,765,True,1,0.021457379656884303,6.163038739456955,39.365456082318644,765,True,1,0.050537160139796956,18.7761350289496,42.6883016957263,765,True,1,0.05054410229610633,12.226319925776124,35.80412889843024,765,True,1,0.05159538764555657,6.897828633933437,30.71069088448711,765,True,1,0.8084564847942162,18.84910994297522,49.97983203361169,765,True,1,10179.227852908572,18.78036958174848,42.75748528902692,765,True,1,7.578245114794896,18.657336423943615,42.651459567131994,0_0_0_10_14_16,-24.0,43,offpacket_bootstrap,offpacket,4.0,2.7774636618705233,3.449850813271805
1,11,1023,multiscale_only_diverse16,16,1023,True,1,1.9871342062187978,0.8039888818672959,11.37670170406487,160,False,2,0.1122209131884603,-0.08163545042691112,10.570975628099239,1023,True,1,0.11222674300639371,0.2782527341094849,10.69205355670541,1023,True,1,0.1689592866763271,0.4427167020182936,5.0543996149320005,61,False,5,0.45258892479876833,-0.5084202872505004,4.267833558292521,1023,True,1,1.3199014050511915,0.16141455869274907,16.8429237163398,1023,True,1,9.281148709092404,0.33020515332771644,11.206412675040626,1023,True,1,20.210798435759347,0.35508227107110124,11.58382929337795,0_0_0_10_14_16,-24.0,43,offpacket_bootstrap,offpacket,4.0,2.7774636618705233,3.449850813271805
1,12,597,multiscale_only_diverse16,16,352,False,10,1.3105046904016149,-2.0491297059926943,8.271252724099817,87,False,614,0.009192362654494865,-11.274046116242776,-1.2557114344963098,352,False,5,0.10051755379246703,-1.2025320446146743,9.322452267227112,352,False,7,0.14291557033941543,-1.1907784297615809,3.4073316396252635,274,False,132,0.32117736141736036,-2.8633152037569576,1.9778999450273462,352,False,8,0.9217241018587218,-2.060883320845789,13.950614466945188,376,False,8,5.315180802122396,-1.3562313695425012,8.722628369888124,352,False,20,10.700078751563245,-2.535968138532202,7.7701225595095345,0_0_0_10_14_16,-24.0,43,offpacket_bootstrap,offpacket,4.0,2.7774636618705233,3.449850813271805
1,13,562,multiscale_only_diverse16,16,562,True,1,0.6693818801638294,18.333436742011177,38.82943673629147,563,False,3,0.002035997233962537,-5.711823878572064,26.045754860420594,562,True,1,0.041952440443062206,18.54665851464464,38.72384413109994,562,True,1,0.041960460339120514,12.423394722838237,32.835242583747274,562,True,1,0.04340467848823318,7.107585822074474,27.912625618756763,562,True,1,0.6692539413123763,18.389289470965885,44.67675613208614,562,True,1,4606.950119653112,18.318402836065754,38.92902405137326,562,True,1,6.26003118469727,18.261808139647574,38.62358052327603,0_0_0_10_14_16,-24.0,43,offpacket_bootstrap,offpacket,4.0,2.7774636618705233,3.449850813271805
1,14,478,multiscale_only_diverse16,16,356,False,106,0.4917361208578228,-9.986690416976463,4.839960058291966,354,False,704,0.005016469007926228,-16.84293230296905,-2.6193906515323295,356,False,80,0.03564757957043107,-9.295627053348047,5.319190479506001,356,False,83,0.05881439577986684,-7.326579000155692,2.545264454030327,354,False,177,0.15424753683604675,-6.969763392423387,1.8414726897246234,356,False,117,0.298042720043294,-11.955738470168818,7.418983755312355,356,False,251,1.3363486277538064,-11.723154650857058,2.524045488138031,356,False,125,4.786182183068885,-9.830212673728257,4.631921190576347,0_0_0_10_14_16,-24.0,43,offpacket_bootstrap,offpacket,4.0,2.7774636618705233,3.449850813271805
1,15,267,multiscale_only_diverse16,16,391,False,16,2.77032055280921,-3.0732471792287006,15.254671302053385,391,False,24,0.08387453522735365,-3.9829894128250354,12.59202198368178,391,False,18,0.17279207292268697,-3.146824105512721,15.480487990271431,391,False,18,0.18084722163753963,-3.0664599240277415,10.089680037154075,391,False,16,0.2924739488331931,-3.1258859267290835,7.055799465499938,391,False,16,2.646927205437713,-3.1536113607136813,20.349979637111176,391,False,14,10.822081154061609,-2.6975332247031645,14.751649483442131,391,False,12,26.398853442752507,-2.8703849522086333,14.831627614493714,0_0_0_10_14_16,-24.0,43,offpacket_bootstrap,offpacket,4.0,2.7774636618705233,3.449850813271805
1,16,917,multiscale_only_diverse16,16,917,True,1,1.630233553706617,0.6324238329057154,11.009538817705678,783,False,3,0.09036896435961783,-0.6460390917961317,10.442992550800948,1012,False,2,0.08501321211174279,-0.4865119617813607,10.167074591079961,532,False,2,0.1312633243271656,-0.09865340328765404,4.6816148281471595,91,False,93,0.24799328649717306,-2.662451849224122,2.3910490931119965,1012,False,2,1.055827220614271,-0.0010493073718187695,16.301523063815424,917,True,1,10.111607987164595,0.8480387597647293,11.756255372033223,917,True,1,16.424867865832894,0.0815063518793601,11.148599948168789,0_0_0_10_14_16,-24.0,43,offpacket_bootstrap,offpacket,4.0,2.7774636618705233,3.449850813271805
1,17,656,multiscale_only_diverse16,16,656,True,1,1.0768896937666028,3.450724171690566,14.083245291889803,616,False,89,0.00934783405404785,-3.1903689301134235,6.048335965801335,656,True,1,0.06302447671826046,3.528008155445363,14.157434949707124,656,True,1,0.07143554866380351,2.5880694868610505,7.319344489327165,868,False,29,0.11078688261982664,-1.5540751854632593,3.707650827079845,656,True,1,0.9500929257552959,4.3808080888859715,20.87039321319167,656,True,1,41.76392069014081,8.134812681854244,18.062039679939904,656,True,1,9.146469653638574,2.6404264859527125,12.918694931579447,0_0_0_10_14_16,-24.0,43,offpacket_bootstrap,offpacket,4.0,2.7774636618705233,3.449850813271805
1,18,889,multiscale_only_diverse16,16,889,True,1,0.8129554383069717,22.44950849488461,42.62585112410788,889,True,1,0.038534809120714164,14.994748587353916,41.99131048669547,889,True,1,0.05078224114387025,22.60157210793576,42.588671412819835,889,True,1,0.050786005430593556,12.494957235316615,35.82542391348471,889,True,1,0.05160969801757728,7.1858374691882325,30.6184420824261,889,True,1,0.8128951816016625,22.573777051824973,49.902705813327955,889,True,1,10082.602808549982,22.498703456111784,42.75265034763362,889,True,1,7.61697606271857,22.46439966260113,42.45004261003335,0_0_0_10_14_16,-24.0,43,offpacket_bootstrap,offpacket,4.0,2.7774636618705233,3.449850813271805
1,19,510,multiscale_only_diverse16,16,315,False,23,0.7576751433280293,-26.753538176877957,14.417889789874117,316,False,59,0.012284316814140377,-29.347486064990733,8.583873510881293,315,False,25,0.0444635617071627,-27.020750170138417,13.862768186232337,315,False,75,0.05026329591872627,-26.489138950348362,6.987134385190408,315,False,172,0.08141528758680533,-24.52773181347301,3.9793546410649987,315,False,23,0.67024923204047,-27.285149396668004,21.544693985029923,315,False,23,10.795155162911554,-26.759289138943426,14.396464587869806,315,False,25,7.067393286557343,-26.779932688917036,14.018743567208352,0_0_0_10_14_16,-24.0,43,offpacket_bootstrap,offpacket,4.0,2.7774636618705233,3.449850813271805
1,20,860,multiscale_only_diverse16,16,318,False,28,0.808576223020637,-13.06157876866198,16.544344605698765,319,False,26,0.05102427903479079,-12.092338018615303,16.9676022357227,318,False,27,0.0527111549901321,-12.917730481027355,16.716858967774094,318,False,27,0.054494037251023884,-12.779663520882965,11.217756796101261,318,False,58,0.0789132121685176,-11.637368564828774,7.604995818380631,318,False,28,0.7821220222066703,-13.19964572880637,21.895978293342644,318,False,28,13.141422500271142,-13.212749808723386,16.56821660425186,318,False,28,7.095268708734697,-13.369419932639207,16.284445097183625,0_0_0_10_14_16,-24.0,43,offpacket_bootstrap,offpacket,4.0,2.7774636618705233,3.449850813271805
1,21,553,multiscale_only_diverse16,16,553,True,1,0.8405288380463958,18.713862214456427,43.840554700076105,552,False,3,0.002560317622946528,-5.619786413291422,30.13462680696081,553,True,1,0.05252216968188242,18.615330942400654,43.421067585018285,553,True,1,0.05252828003534623,12.493106008712264,36.06337910578824,553,True,1,0.053466004176094595,7.137705433885606,31.00891747520837,553,True,1,0.840431063508689,18.755698732415265,51.29041417800672,553,True,1,12599.264431972932,18.722278608696005,43.840676677455086,553,True,1,7.874196531591748,18.815334404636083,43.32838847065009,0_0_0_10_14_16,-24.0,43,offpacket_bootstrap,offpacket,4.0,2.7774636618705233,3.449850813271805
1,22,629,multiscale_only_diverse16,16,629,True,1,0.8592332779562959,20.90543959626192,35.95483949474672,628,False,2,0.0073210653291500985,-0.2740168236368123,28.053735559817575,629,True,1,0.05366785048639068,20.970956288716387,36.04004420753543,629,True,1,0.053675864418692716,12.637466085652838,33.07741451841724,629,True,1,0.054838069182548965,7.049617196389496,28.635945595122543,629,True,1,0.8591049924150053,20.98938666486688,38.93853081877178,629,True,1,3393.8732987769617,21.000021614366467,36.04148771931203,629,True,1,8.069926669484834,20.82144651996176,35.9633792392284,0_0_0_10_14_16,-24.0,43,offpacket_bootstrap,offpacket,4.0,2.7774636618705233,3.449850813271805
1,23,759,multiscale_only_diverse16,16,759,True,1,1.7171266268259302,7.604676668007574,8.38640376080731,760,False,1024,0.0006983761870127783,-16.83326432676427,-13.485971806355245,759,True,1,0.10716328095547144,7.603848940902846,8.379997257298163,759,True,1,0.15358994682820096,3.4353239392227115,3.9143896499775517,759,True,1,0.46120579641588016,1.4394423395336131,2.630362389889262,759,True,1,1.198079216424868,11.520551019257883,12.856294128845207,759,True,1,193.53994864780017,22.246654490712828,40.379155191248515,759,True,1,19.915641302723614,6.753901010659583,7.3793588036732425,0_0_0_10_14_16,-24.0,43,offpacket_bootstrap,offpacket,4.0,2.7774636618705233,3.449850813271805
1,24,874,multiscale_only_diverse16,16,718,False,36,0.8296975412640819,-22.68506063340265,12.533230556562353,718,False,39,0.040510956002247564,-22.49743421857891,11.667096637289447,718,False,35,0.054629212757279194,-22.444288615139914,12.41312028123279,718,False,104,0.06159592767267584,-21.92639117931059,6.50884115821461,718,False,168,0.14226123609234176,-18.556527709596093,4.914974104563043,718,False,35,0.7358558466197694,-23.202958069231975,18.964065463587154,718,False,36,6.473463740855411,-22.511574154318815,12.827372875360457,718,False,35,8.00328404015932,-22.578414694256924,12.216701282200438,0_0_0_10_14_16,-24.0,43,offpacket_bootstrap,offpacket,4.0,2.7774636618705233,3.449850813271805
1,25,720,multiscale_only_diverse16,16,716,False,21,3.011252659418929,-4.93259466704143,24.004979930960488,702,False,2,0.11865516770337171,-0.19581966890299501,21.43362240717446,716,False,21,0.18977737087711913,-4.900917597384809,23.840075708279564,716,False,21,0.19119614641841454,-4.882173069062649,16.296427633297665,716,False,47,0.22755651492153486,-4.559284378326754,11.795652362145884,716,False,21,2.9889075876072053,-4.95133919536359,31.89089343442791,716,False,21,45.518311365404436,-5.060210605103833,23.709924466915275,716,False,21,28.36086423480652,-4.923066905013801,23.46742732871693,0_0_0_10_14_16,-24.0,43,offpacket_bootstrap,offpacket,4.0,2.7774636618705233,3.449850813271805
1,26,314,multiscale_only_diverse16,16,314,True,1,0.6768538649311928,21.19928697492666,40.17789913624302,314,True,1,0.010527507982839194,2.96779703507064,34.008858635858125,314,True,1,0.042399460731556475,21.48045251547375,40.12055220849692,314,True,1,0.04241559442351169,12.835044545074235,33.250653497463595,314,True,1,0.044781288087616784,7.279601992943281,28.190928301158937,314,True,1,0.6765964088727804,21.400206330684952,47.32808711393027,314,True,1,6820.076274885849,21.047440698394077,40.18144316154409,314,True,1,6.395240939026519,21.19612257690999,39.97714993047066,0_0_0_10_14_16,-24.0,43,offpacket_bootstrap,offpacket,4.0,2.7774636618705233,3.449850813271805
1,27,602,multiscale_only_diverse16,16,602,True,1,0.8331193190725941,21.064520799230337,43.37459593471499,601,False,3,0.005429081655259503,-2.2524121124567116,33.5307116076056,602,True,1,0.052046760192745775,21.073672250778625,43.14579678791298,602,True,1,0.05205363471280581,12.849007650000857,35.860391777829754,602,True,1,0.05419631271405699,7.50819188202605,30.60933494430624,602,True,1,0.8330092922607688,21.158865306427682,50.99555129141879,602,True,1,12208.747646775015,21.162425483600313,43.434845299106506,602,True,1,7.783501466125559,21.022406366204947,42.788008065095376,0_0_0_10_14_16,-24.0,43,offpacket_bootstrap,offpacket,4.0,2.7774636618705233,3.449850813271805
1,28,7,multiscale_only_diverse16,16,7,True,1,0.8409925165427836,22.133111363044446,43.19345081582676,7,True,1,0.052157703533433644,21.61387306628626,43.617590460249474,7,True,1,0.052564666652786016,22.119551799618,42.92834890646609,7,True,1,0.05256785425063553,13.3959220693418,35.85231189632411,7,True,1,0.053285445776333755,8.032747705387402,30.50114476263328,7,True,1,0.8409415206256894,22.255466788186403,50.49518098414609,7,True,1,12245.157669705708,22.13945226413675,43.304542021813255,7,True,1,7.891467808538176,22.04485600312313,42.56147040733233,0_0_0_10_14_16,-24.0,43,offpacket_bootstrap,offpacket,4.0,2.7774636618705233,3.449850813271805
1,29,610,multiscale_only_diverse16,16,610,True,1,0.8298993045355587,22.378442235599675,42.775881188125034,609,False,3,0.006096613518758599,-1.5881834167696312,33.92231562634527,610,True,1,0.05191981479771325,22.44580836808491,42.606038343018085,610,True,1,0.05192391352269059,12.771455355765283,35.87656302398523,610,True,1,0.05307617096411085,7.426227384704117,30.663701567519155,610,True,1,0.8298337946620264,22.500739058951694,49.90092459678155,610,True,1,11339.961350745476,22.444463267035562,42.84199293872905,610,True,1,7.777252431672484,22.408912651516182,42.558620312204624,0_0_0_10_14_16,-24.0,43,offpacket_bootstrap,offpacket,4.0,2.7774636618705233,3.449850813271805
1,30,807,multiscale_only_diverse16,16,807,True,1,0.8434958746167922,22.922880059084356,42.98412570004247,807,True,1,0.028506135781463462,9.251136337039453,40.46097862669686,807,True,1,0.05275091611123273,22.851670435057304,42.74067799569325,807,True,1,0.05275317272958282,13.025747387863454,35.871955971331595,807,True,1,0.05373182709173895,7.72261464781592,30.71989268078175,807,True,1,0.8434597924596368,23.06674417456768,49.90224591868746,807,True,1,11593.602014176106,22.898144560683285,42.99320346381907,807,True,1,7.886198478957897,22.775851012020215,42.426286296443074,0_0_0_10_14_16,-24.0,43,offpacket_bootstrap,offpacket,4.0,2.7774636618705233,3.449850813271805
1,31,897,multiscale_only_diverse16,16,897,True,1,0.8340802682021753,19.414308432029788,42.82850537051968,897,True,1,0.041116454884848476,13.384984677367227,41.91436398677867,897,True,1,0.052122480010971715,19.304588049064844,42.717863196874575,897,True,1,0.052129521271211364,13.24188144784686,35.875744498435374,897,True,1,0.053538229744953196,8.009418344339418,30.554823569097948,897,True,1,0.8339676069675054,19.476619030722205,50.16680327200941,897,True,1,11148.228094235108,19.396883481794585,42.901119772964755,897,True,1,7.772366490389348,19.32079675664146,42.37075416164079,0_0_0_10_14_16,-24.0,43,offpacket_bootstrap,offpacket,4.0,2.7774636618705233,3.449850813271805
1,32,749,multiscale_only_diverse16,16,125,False,12,1.0154854102421638,-0.6721964612927858,7.5189448821707145,369,False,178,0.02833475601815581,-4.382339281325374,4.162151885624888,125,False,28,0.054093305292423115,-1.6675599380823525,6.705281663173883,126,False,100,0.08865449066480875,-1.2806242106040424,1.6896882140320244,623,False,76,0.3343456969538959,-1.3444865193103992,2.3019187437056594,124,False,10,0.619607217912038,-1.104564822271673,12.417581264204134,749,True,1,26.824693441141047,15.415077283528174,24.251435773910032,126,False,12,10.80794754581198,-1.2834158751041205,7.743610667921828,0_0_0_10_14_16,-24.0,43,offpacket_bootstrap,offpacket,4.0,2.7774636618705233,3.449850813271805
1,33,584,multiscale_only_diverse16,16,584,True,1,0.8155495865531179,19.42434357195146,42.24355421140486,583,False,3,0.004998719780260588,-2.8315643006221873,32.082748964438366,584,True,1,0.050877503019538535,19.449986266763442,42.05134009940285,584,True,1,0.05089072629955042,12.844707018478124,35.434856585581024,584,True,1,0.051289075572904325,7.455335871667149,30.298040833329395,584,True,1,0.8153376768137462,19.491148889036005,48.91270496924196,584,True,1,9124.763248067631,19.442952388467013,42.31712690547874,584,True,1,7.653864172593221,19.464687558058046,41.95357039967075,0_0_0_10_14_16,-24.0,43,offpacket_bootstrap,offpacket,4.0,2.7774636618705233,3.449850813271805
1,34,934,multiscale_only_diverse16,16,529,False,2,0.974872708669011,-0.34471861496127987,9.477359377520333,402,False,5,0.05114466023465769,-1.1247358238262604,8.57758301357549,773,False,2,0.05804907083831533,-0.19111827548455745,9.23943192686879,29,False,17,0.07912437347792696,-1.1324128451456155,3.042367399748718,747,False,207,0.17660572892943846,-3.5045532593316526,1.3810939084496854,773,False,2,0.7152088849038987,-0.0009496823306990361,15.469681709699914,934,True,1,6.713025151655856,0.18445368786441607,9.914473027876287,452,False,6,8.940281733945197,-0.7251828595798543,9.141225750558231,0_0_0_10_14_16,-24.0,43,offpacket_bootstrap,offpacket,4.0,2.7774636618705233,3.449850813271805
2,0,803,multiscale_only_diverse16,16,803,True,1,0.8020472975011081,24.088085280892507,42.7647413880926,803,True,1,0.02652434419361106,9.258119617680748,39.73930519715765,803,True,1,0.05020053461423786,24.19438892665835,42.4236275838825,803,True,1,0.05020917541682459,12.827115813662298,35.6800571597242,803,True,1,0.051044758839281154,7.5071691310109765,30.601847440038775,803,True,1,0.8019092683001624,24.197664765039328,49.82363917076597,803,True,1,11177.509902919668,24.062427713229518,42.73164893174667,803,True,1,7.518741137523617,23.704724033817524,42.032616128907534,0_0_0_10_14_16,-24.0,43,offpacket_bootstrap,offpacket,4.0,2.7774636618705233,3.449850813271805
2,1,826,multiscale_only_diverse16,16,893,False,17,1.0017889387038394,-9.046465063180534,28.329089703760452,893,False,17,0.03682773512427215,-11.079163465999022,26.068202148651217,894,False,17,0.0634328242187296,-8.988726931582393,27.733572926655743,893,False,21,0.06395072095804866,-8.955981730710864,18.5644218544294,893,False,53,0.08154469626021246,-8.085895445807152,14.443922428119528,893,False,17,0.9936760790352056,-9.079139880288055,38.10607227600852,893,False,17,41.40380273700466,-9.152420105666781,28.069731821094486,893,False,17,9.41119094641363,-9.026001283500962,27.317350344467897,0_0_0_10_14_16,-24.0,43,offpacket_bootstrap,offpacket,4.0,2.7774636618705233,3.449850813271805
2,2,922,multiscale_only_diverse16,16,620,False,46,0.9762810512541229,-21.992181958675584,16.43668894279458,621,False,28,0.10426926299693129,-18.97898967270284,18.49955683076417,620,False,46,0.05661410894826231,-22.29654131132677,15.734194521249735,620,False,163,0.06126486575212078,-21.955994994064216,7.170031969045426,620,False,319,0.10541683547378534,-19.86509776510674,3.867775468132373,620,False,45,0.9021693122360539,-22.332728275938138,25.621439407341988,620,False,46,4.20458975183209,-22.270495801435803,15.941556698748427,620,False,46,9.201426404303039,-21.98869096541475,15.558357142552534,0_0_0_10_14_16,-24.0,43,offpacket_bootstrap,offpacket,4.0,2.7774636618705233,3.449850813271805
2,3,718,multiscale_only_diverse16,16,718,True,1,0.810761883517003,25.648971744607504,42.61838111928996,718,True,1,0.017179451917484666,5.129137777550574,37.89822273119184,718,True,1,0.050575504427476485,25.589766080008587,42.063872722311196,718,True,1,0.050580338801236954,12.906548178478891,35.68447385376888,718,True,1,0.05166238292588338,7.617841075527502,30.4466344761384,718,True,1,0.8106843924193046,25.75246051515631,49.52836235487836,718,True,1,10856.570172789023,25.636337974151992,42.60420222464618,718,True,1,7.615114496257112,25.57550702437573,42.091240845275024,0_0_0_10_14_16,-24.0,43,offpacket_bootstrap,offpacket,4.0,2.7774636618705233,3.449850813271805
2,4,86,multiscale_only_diverse16,16,86,True,1,0.5454499504226682,7.88774261382332,16.0413462579227,86,True,1,0.05806582579918562,10.251347407031657,18.026970889561053,86,True,1,0.03400530639284307,7.703951365273351,15.430600596610653,86,True,1,0.036890538163492775,6.521374711502473,9.458133045682702,86,True,1,0.07255664429500121,2.726707326871498,7.921644234803957,86,True,1,0.5027899729703418,9.0703192675942,22.245493185531465,86,True,1,532.7766297562096,17.75777553562093,36.2271630684725,86,True,1,4.754024237097369,7.233897780845943,15.527998578008422,0_0_0_10_14_16,-24.0,43,offpacket_bootstrap,offpacket,4.0,2.7774636618705233,3.449850813271805
2,5,468,multiscale_only_diverse16,16,836,False,128,0.6479157137221137,-6.1198286456864555,4.948858532366302,191,False,57,0.05394030718559862,-3.44868916928925,5.876889312903836,836,False,130,0.04116526966612384,-6.733460185788353,4.994195058190829,836,False,274,0.0843507660066512,-4.615748698756365,0.843848424466159,668,False,653,0.19507824616532587,-7.222757217585442,-0.561038628575291,836,False,102,0.3161989669920342,-8.237540132718443,9.064872225628932,836,False,104,2.3049204301257324,-6.602550625997478,5.090479367747102,836,False,180,5.617483416419582,-6.380056191297665,4.007830109553789,0_0_0_10_14_16,-24.0,43,offpacket_bootstrap,offpacket,4.0,2.7774636618705233,3.449850813271805
2,6,89,multiscale_only_diverse16,16,158,False,50,0.5601724671674333,-3.4825878161372654,6.5407411132992666,288,False,80,0.032924431063953506,-3.3572291890133195,5.948837855743941,605,False,49,0.03798510835006205,-3.3170472746870683,6.866202264740303,108,False,53,0.07384311916667782,-2.0902141613070095,2.1731592100305956,605,False,220,0.18920072307440217,-3.6031071564255317,1.2710366697369968,157,False,54,0.28815429386247354,-4.937175834697146,10.744840833072,109,False,43,3.289363599840195,-2.885333929837378,6.613512720986165,158,False,89,4.453986432525069,-4.601256114788183,5.531370586418144,0_0_0_10_14_16,-24.0,43,offpacket_bootstrap,offpacket,4.0,2.7774636618705233,3.449850813271805
2,7,713,multiscale_only_diverse16,16,713,True,1,0.7368951542901101,12.074059858257032,19.084612720187103,713,True,1,0.014685471072620393,4.678700426517647,14.065511171708012,713,True,1,0.04441088788591468,11.91352873664647,18.857150245976197,713,True,1,0.04666939305504153,9.108434553640969,12.279505587445875,713,True,1,0.07478322290389953,4.445718409496323,8.421033403158459,713,True,1,0.7012340623812031,14.295139868216712,25.35156103753245,713,True,1,1436.9338138812416,19.963336522664356,40.33290734513534,713,True,1,7.03833747908614,12.145578054499858,19.139566721533875,0_0_0_10_14_16,-24.0,43,offpacket_bootstrap,offpacket,4.0,2.7774636618705233,3.449850813271805
2,8,865,multiscale_only_diverse16,16,990,False,3,1.5434154103200513,-0.45650428860526304,9.62014446062809,120,False,15,0.07987754641817311,-2.222781716754315,8.27066725074446,990,False,7,0.09460129161304402,-1.1865880187096292,9.02027095681756,681,False,25,0.11838954572715686,-1.5640388337433322,3.1016427679330176,335,False,164,0.2836309556069393,-4.156585788960811,1.83661026604691,990,False,2,1.2332937880195005,-0.3660363756414814,15.44375932685259,842,False,2,6.269706157759468,-0.33047612424416306,9.686806744417764,936,False,6,12.472958802715615,-0.827936095874323,8.95990205922376,0_0_0_10_14_16,-24.0,43,offpacket_bootstrap,offpacket,4.0,2.7774636618705233,3.449850813271805
2,9,492,multiscale_only_diverse16,16,492,True,1,0.6445246850360178,18.846054544474878,40.4233626523144,491,False,3,0.003747265606692683,-3.1857151214845274,29.840111488899,492,True,1,0.04010962500450136,18.80681062987486,40.11000695752823,492,True,1,0.0401233466609541,12.993934293123273,33.24469561754072,492,True,1,0.041761601844140024,7.651643538594314,28.227083388506312,492,True,1,0.6443042660769985,18.905949538601124,47.56855806455267,492,True,1,6333.636682081543,18.77398439818355,40.4405467289481,492,True,1,6.069137676622269,18.755486179059794,39.960115250595734,0_0_0_10_14_16,-24.0,43,offpacket_bootstrap,offpacket,4.0,2.7774636618705233,3.449850813271805
2,10,765,multiscale_only_diverse16,16,765,True,1,0.698052086063413,4.685255679759507,15.833938069663764,765,True,1,0.02027108508337425,2.1308933591134647,11.71142054058816,765,True,1,0.04644470661767964,5.353786755549759,15.899762212774164,765,True,1,0.051522581724495066,4.617089036532831,8.976160668254545,765,True,1,0.12638423960752965,3.6737177543078814,7.681738835418791,765,True,1,0.6292546540939511,5.257919460008679,22.424236956636626,765,True,1,83.74404072141823,12.356891782743098,22.077008387024343,765,True,1,6.134640782309824,4.133478556082968,15.293767693276394,0_0_0_10_14_16,-24.0,43,offpacket_bootstrap,offpacket,4.0,2.7774636618705233,3.449850813271805
2,11,1023,multiscale_only_diverse16,16,519,False,67,0.6329643702046361,-3.0060026989929427,5.689566104909582,284,False,169,0.02575680475465223,-6.667919912769888,3.8486831793719825,519,False,140,0.029342248883901016,-4.6644548457500274,4.269715192412208,519,False,132,0.07450049697818635,-2.8242422466113375,1.6214944227057675,127,False,62,0.28864357299490667,-2.7060463358743725,2.378042687383523,120,False,95,0.24929495558431145,-4.875529101593855,8.349454447873395,120,False,107,2.3040789337360192,-4.391368536761065,4.8319066973953655,1019,False,214,3.7765826709211976,-6.15399837089663,3.7582061384189123,0_0_0_10_14_16,-24.0,43,offpacket_bootstrap,offpacket,4.0,2.7774636618705233,3.449850813271805
2,12,597,multiscale_only_diverse16,16,597,True,1,0.8056200532217339,19.438904481106633,42.823246808482,596,False,2,0.007421267686251344,-0.8848211227648816,34.37650168749913,597,True,1,0.05028847695072503,19.462553129136893,42.476805379332056,597,True,1,0.0502992171759519,13.166026275767283,35.57501924440069,597,True,1,0.051548865293648834,7.591035502548636,30.53460988915763,597,True,1,0.8054480318403948,19.51591615319903,50.237820015515744,597,True,1,10625.789982657443,19.4499816183141,42.82076444545855,597,True,1,7.545679737264725,19.362581247984252,42.497445778716305,0_0_0_10_14_16,-24.0,43,offpacket_bootstrap,offpacket,4.0,2.7774636618705233,3.449850813271805
2,13,562,multiscale_only_diverse16,16,562,True,1,0.7907706160671388,18.138250331233778,42.94987009085621,561,False,2,0.00619598866718805,-1.793174249408155,33.54805119512634,562,True,1,0.049366778370197636,18.135442362444326,42.795212069006546,562,True,1,0.049373854272505895,13.140176195545916,35.591162067640944,562,True,1,0.05022966334724478,7.801279467179882,30.562011476504626,562,True,1,0.7906572885639496,18.182166275743604,50.34188738996275,562,True,1,11003.995727701604,18.154572603183375,42.934405103648274,562,True,1,7.4657528156588135,18.286679834830572,42.82122315377171,0_0_0_10_14_16,-24.0,43,offpacket_bootstrap,offpacket,4.0,2.7774636618705233,3.449850813271805
2,14,478,multiscale_only_diverse16,16,478,True,1,0.7943297753604952,17.857278698793454,43.274116994195225,477,False,2,0.005458486401109025,-2.3792727679516297,33.12699909574689,478,True,1,0.04965346613924926,17.80911302879921,43.02123968155499,478,True,1,0.04966067352850469,13.182725389641817,35.645329425313925,478,True,1,0.05070960308361341,7.769416105497793,30.552941961223485,478,True,1,0.794214492109556,17.897322061902276,51.05451386297642,478,True,1,10786.166360831385,17.881363044605152,43.26527690274234,478,True,1,7.4471900086343386,17.75990537801233,42.79626213963099,0_0_0_10_14_16,-24.0,43,offpacket_bootstrap,offpacket,4.0,2.7774636618705233,3.449850813271805
2,15,267,multiscale_only_diverse16,16,267,True,1,0.7833496893437228,17.94351072069613,42.632509661151666,267,True,1,0.018646326817430652,3.943950027760563,38.64925192021073,267,True,1,0.04898141568137713,17.88087436296797,42.39821674922403,267,True,1,0.04898689300572216,13.710966142444413,35.38971789302762,267,True,1,0.05024094540362857,8.264347560534606,30.243119776183928,267,True,1,0.7832621014184463,17.976822701013656,50.217373962989484,267,True,1,9796.12081905272,17.92967059000071,42.76526580927951,267,True,1,7.3482786121940515,17.884725355450968,42.3528834195597,0_0_0_10_14_16,-24.0,43,offpacket_bootstrap,offpacket,4.0,2.7774636618705233,3.449850813271805
2,16,917,multiscale_only_diverse16,16,917,True,1,0.7725071048661825,13.491585813375806,42.62558633792043,917,True,1,0.04053253731113582,10.33022787205178,42.39053715056812,917,True,1,0.048250616307141364,13.486533898626636,42.36774348723757,917,True,1,0.04825563703424976,13.478159918295525,35.41089448384186,917,True,1,0.04911576642888059,8.07323654609196,30.2212391606356,917,True,1,0.7724267298550708,13.499959793706914,50.008398357236516,917,True,1,10102.810575156811,13.513908405121882,42.62949114412427,917,True,1,7.2423752808645085,13.5061126447148,42.22569936115274,0_0_0_10_14_16,-24.0,43,offpacket_bootstrap,offpacket,4.0,2.7774636618705233,3.449850813271805
2,17,656,multiscale_only_diverse16,16,656,True,1,0.767969343799578,14.81313067060082,42.70196655969723,657,False,2,0.00826467124395172,-0.24041804410577922,34.83921391841217,656,True,1,0.048088955423142725,14.813197693769276,42.430351657701436,656,True,1,0.04809190771877783,12.112982523203469,35.509940578856046,656,True,1,0.049001683201203135,6.844066763597371,30.42303315133396,656,True,1,0.7679221992247599,14.831152128559527,49.57917590928686,656,True,1,9683.77140788829,14.844740249314686,42.68954127636617,656,True,1,7.189623513905227,14.777063510603188,42.338034413134274,0_0_0_10_14_16,-24.0,43,offpacket_bootstrap,offpacket,4.0,2.7774636618705233,3.449850813271805
2,18,889,multiscale_only_diverse16,16,889,True,1,0.7697937007855593,19.34039720964701,42.49481168447624,889,True,1,0.03687142189217855,13.406634822732833,41.993812034681206,889,True,1,0.04812608652967138,19.36887754654671,42.321164732044494,889,True,1,0.048138856994311204,12.36321213861747,35.58162661914829,889,True,1,0.049145528039457174,6.948994395885153,30.4017812600987,889,True,1,0.7695894868957903,19.403844865771514,50.02141448137361,889,True,1,8934.619481547206,19.383010513374824,42.391450598974146,889,True,1,7.1997298359822315,19.366530710687783,42.00697799731821,0_0_0_10_14_16,-24.0,43,offpacket_bootstrap,offpacket,4.0,2.7774636618705233,3.449850813271805
2,19,510,multiscale_only_diverse16,16,510,True,1,0.761500177394069,13.691084887838132,42.470658270217896,511,False,5,0.0004543170014781706,-13.553937926928823,22.058826084031903,510,True,1,0.047530326728947345,13.684370959043715,41.97385932044523,510,True,1,0.04753536865663451,12.073266264556201,35.333714935478824,510,True,1,0.04828685382747524,6.663742063423438,30.282303789485482,510,True,1,0.7614194074550387,13.707010012813045,49.24672393022683,510,True,1,9792.972469076334,13.734748010944301,42.45562261204313,510,True,1,7.1491969085216045,13.656249677902284,41.98584394438643,0_0_0_10_14_16,-24.0,43,offpacket_bootstrap,offpacket,4.0,2.7774636618705233,3.449850813271805
2,20,860,multiscale_only_diverse16,16,860,True,1,0.7912963931364771,19.083796464506698,42.64730356565897,860,True,1,0.03435849992001822,11.473013034341637,41.24173538019038,860,True,1,0.04941971944208714,19.037438982724005,42.66748214352506,860,True,1,0.04942637566426201,12.404250248362985,35.633147444656814,860,True,1,0.051172166496300284,7.165463500403463,30.667302433072834,860,True,1,0.791189829696854,19.11528310945921,49.96850300170792,860,True,1,9750.739886049725,19.063527880503795,42.70373812262153,860,True,1,7.415258700892427,19.17999662377016,42.258758188670924,0_0_0_10_14_16,-24.0,43,offpacket_bootstrap,offpacket,4.0,2.7774636618705233,3.449850813271805
2,21,553,multiscale_only_diverse16,16,553,True,1,0.713635470697227,13.017706078244144,41.62658818271435,554,False,3,0.0010259790427209693,-9.275672085815483,24.748754411267733,553,True,1,0.04481752170402036,13.140862397999653,41.40592862102249,553,True,1,0.044847330437953845,12.054520033506538,34.44267020102482,553,True,1,0.047060727599318154,6.753349625560174,29.55674226580133,553,True,1,0.713161137673081,13.049999408814866,49.05812208585913,553,True,1,8766.73164892296,13.050762427918368,41.733673890455165,553,True,1,6.691063056118526,12.979718134852337,41.39061039262788,0_0_0_10_14_16,-24.0,43,offpacket_bootstrap,offpacket,4.0,2.7774636618705233,3.449850813271805
2,22,629,multiscale_only_diverse16,16,629,True,1,0.8259268761280261,1.9941320272791083,5.197137458565355,630,False,273,0.02610655857700664,-2.7965452153393016,2.3523668979470154,629,True,1,0.05176767961346027,2.007990850502001,5.185349902233687,629,True,1,0.09885014367737574,0.8736964302540717,1.9931359110231095,373,False,442,0.3038387125037695,-2.293031314044452,0.8193616290239846,629,True,1,0.43253673001314585,3.0680261302812135,8.365243004954126,629,True,1,117.28006479167635,14.735259253141116,37.89272913273744,629,True,1,6.582892091911921,2.269588216409309,5.397104165111878,0_0_0_10_14_16,-24.0,43,offpacket_bootstrap,offpacket,4.0,2.7774636618705233,3.449850813271805
2,23,759,multiscale_only_diverse16,16,759,True,1,0.7633171512043333,17.969540147251905,41.532773967220386,759,True,1,0.021150274166661195,6.9808621207998645,38.392491148920556,759,True,1,0.04767121579753928,17.981424894140776,41.46913128502454,759,True,1,0.04768244637471572,12.306498658254025,34.842398326515834,759,True,1,0.048457199955786706,6.952589413079279,29.750299350081022,759,True,1,0.7631373682269808,18.003369025595468,48.29051426898809,759,True,1,7947.9558059776,17.985880376299136,41.600591676789236,759,True,1,7.159018152581734,18.003317550336238,40.98880545219913,0_0_0_10_14_16,-24.0,43,offpacket_bootstrap,offpacket,4.0,2.7774636618705233,3.449850813271805
2,24,874,multiscale_only_diverse16,16,874,True,1,0.8108872600894443,20.790588672177577,42.71648508678141,874,True,1,0.03656164980302562,13.873041013054506,41.70644383404073,874,True,1,0.05067808349791884,20.858570302097668,42.294575358800486,874,True,1,0.0506830200252497,12.54853762153201,35.711276697637906,874,True,1,0.0516750008387121,7.18981266785221,30.603050251837992,874,True,1,0.8108082796514261,20.87233708927519,49.68521196029342,874,True,1,9855.969514373632,20.80829802072516,42.75705259730319,874,True,1,7.604231448429051,20.58647142057806,42.46975556026241,0_0_0_10_14_16,-24.0,43,offpacket_bootstrap,offpacket,4.0,2.7774636618705233,3.449850813271805
2,25,720,multiscale_only_diverse16,16,720,True,1,0.7955504734826526,16.28721374775077,42.17677806389957,720,True,1,0.01527501601624997,4.280814795083109,37.52759607712386,720,True,1,0.049706295876792005,16.270995845694525,42.03396470191517,720,True,1,0.04971156324647978,12.451495357197297,35.56649260881313,720,True,1,0.051235426203935626,7.247019181095867,30.496355426022813,720,True,1,0.7954661780355683,16.31476467844471,48.849754280930355,720,True,1,9494.677849670199,16.345760438303248,42.2971391303867,720,True,1,7.482161123391619,16.32440366832476,41.89570943274604,0_0_0_10_14_16,-24.0,43,offpacket_bootstrap,offpacket,4.0,2.7774636618705233,3.449850813271805
2,26,314,multiscale_only_diverse16,16,120,False,14,1.0917229645271078,-1.4001529985102834,7.345013699139855,121,False,613,0.00996139242305277,-10.433119518007155,-1.0601487500872766,119,False,16,0.07174673892696912,-1.4671999192492091,6.856411140822801,119,False,8,0.14238611248208205,-0.5916104280421784,3.624043878592957,760,False,216,0.2687117129866436,-2.7439269501390355,1.5719364947106993,120,False,37,0.5501067565585791,-2.346888287909221,10.6323748179675,314,True,1,32.92604251112876,9.710069457299998,25.71315608405056,314,True,1,14.337588268380971,1.0826829908709454,9.110885016648634,0_0_0_10_14_16,-24.0,43,offpacket_bootstrap,offpacket,4.0,2.7774636618705233,3.449850813271805
2,27,602,multiscale_only_diverse16,16,607,False,208,0.38464683021064516,-6.491391079170338,3.480426244720692,105,False,262,0.021847044676481662,-7.401863455125542,2.9712969735940726,105,False,151,0.030336031505727546,-5.662338622757115,4.456451152021212,105,False,247,0.07276827483838509,-3.8890448353981615,0.9055047393687887,809,False,547,0.18273887507481382,-4.85804326719287,-0.1527929425617365,606,False,189,0.1603536484239032,-8.361438238568672,6.742683890786959,530,False,71,2.7584688576079066,-4.325154040800143,5.768131367266167,606,False,317,2.659007655957599,-8.2421303587783,2.1230612170626957,0_0_0_10_14_16,-24.0,43,offpacket_bootstrap,offpacket,4.0,2.7774636618705233,3.449850813271805
2,28,7,multiscale_only_diverse16,16,7,True,1,0.8300518920805224,25.817917828579063,42.69841172332164,7,True,1,0.05142530596250355,25.233872203164122,43.25001925275737,7,True,1,0.0517939965542946,25.852220352973948,42.64161240988027,7,True,1,0.05180077345631994,13.226007643637015,35.67137637463543,7,True,1,0.05342829058659986,7.863469511302592,30.5031152432902,7,True,1,0.8299432994867588,26.032786425864643,50.075508464976494,7,True,1,11337.026098773276,25.80799844282845,42.658531518509584,7,True,1,7.738273807278589,25.830375009201653,42.354834377259955,0_0_0_10_14_16,-24.0,43,offpacket_bootstrap,offpacket,4.0,2.7774636618705233,3.449850813271805
2,29,610,multiscale_only_diverse16,16,610,True,1,0.8025349462333367,16.053710063958,43.06423368496985,609,False,3,0.004832139250332625,-2.275345357384491,32.82080093045588,610,True,1,0.05011764450245205,16.03569007308798,42.79410187703591,610,True,1,0.0501309749735369,12.4929466876398,35.72195146069045,610,True,1,0.050881365203894406,7.143378127516559,30.49453795518685,610,True,1,0.8023215418680517,16.07463608904791,50.16485961198648,610,True,1,10616.458461765122,16.099475447519673,43.09022236348072,610,True,1,7.567395274350107,15.999957746784192,42.67012418503856,0_0_0_10_14_16,-24.0,43,offpacket_bootstrap,offpacket,4.0,2.7774636618705233,3.449850813271805
2,30,775,multiscale_only_diverse16,16,775,True,1,0.8072169313600739,18.846927590355197,42.40929702207645,775,True,1,0.023093644312873526,8.470190144760958,39.506992689733934,775,True,1,0.05047250286630196,18.87339157187306,42.23590416776743,775,True,1,0.050478694021163284,12.532150903506473,35.69367888590782,775,True,1,0.05148515572343227,7.160054145986191,30.60403863596687,775,True,1,0.8071179271143096,18.90176494358989,49.20518405513759,775,True,1,9950.683281559912,18.802274019483946,42.44257628612752,775,True,1,7.550513400498703,18.627963990197788,42.08489266795442,0_0_0_10_14_16,-24.0,43,offpacket_bootstrap,offpacket,4.0,2.7774636618705233,3.449850813271805
2,31,912,multiscale_only_diverse16,16,912,True,1,0.8301058712466016,21.62358232176754,42.41444634554645,912,True,1,0.043309469081851244,17.061402764941636,41.93983634794932,912,True,1,0.05191897122580362,21.860017852718254,42.20353812160382,912,True,1,0.05192883121611063,12.904346608101315,35.78788436891217,912,True,1,0.05332596217063336,7.405908507307599,30.64796886906516,912,True,1,0.8299482548386716,21.727459664060206,49.221408761105,912,True,1,9807.837269342148,21.631498290286395,42.38416074850532,912,True,1,7.754642856949311,21.404243924451052,41.99840923557094,0_0_0_10_14_16,-24.0,43,offpacket_bootstrap,offpacket,4.0,2.7774636618705233,3.449850813271805
2,32,768,multiscale_only_diverse16,16,384,False,160,0.46759651773516353,-5.576579452929764,3.857819904013052,324,False,358,0.016533163756599047,-7.484033131178446,1.831803795639859,384,False,122,0.033000818212702905,-4.4170422998202,4.566943737419697,810,False,191,0.07538328870623452,-2.7404644509443363,1.1489075969534506,203,False,243,0.24215306279493443,-4.3959686372655895,1.1727419652936346,384,False,144,0.20470143905243054,-7.818211312710822,7.161346953065366,701,False,121,2.1192611104093384,-4.616199419678103,4.605869269940685,574,False,97,5.603474724263174,-5.278064708947974,4.784220219727407,0_0_0_10_14_16,-24.0,43,offpacket_bootstrap,offpacket,4.0,2.7774636618705233,3.449850813271805
2,33,581,multiscale_only_diverse16,16,581,True,1,0.8079129352752581,15.16680936689121,43.367957526428135,580,False,3,0.003249025704809444,-4.551512820115534,30.648011179534628,581,True,1,0.05037213440461564,15.207018438554902,42.772030432264344,581,True,1,0.050387311969923895,12.291735376581205,35.84350793976272,581,True,1,0.0513384844306627,6.833855315232488,30.665545330135913,581,True,1,0.8076695773571806,15.192103217684728,50.60210373130862,581,True,1,11312.728778784047,15.205672982362454,43.340475228021475,581,True,1,7.603052034752598,15.199907053434547,43.02490425588174,0_0_0_10_14_16,-24.0,43,offpacket_bootstrap,offpacket,4.0,2.7774636618705233,3.449850813271805
2,34,93,multiscale_only_diverse16,16,93,True,1,0.6500668008604329,20.44534239144847,40.34207434426645,93,True,1,0.032420622226327286,13.793016009790417,39.277071753925284,93,True,1,0.04065092740418166,20.507253332768087,40.160532575322904,93,True,1,0.040663752290212615,13.26036424443728,33.01932953587932,93,True,1,0.042504739269881624,7.69813879976866,28.13035766003267,93,True,1,0.6498617771682255,20.535423417319656,47.74543351263113,93,True,1,6552.860363527654,20.485082604997636,40.48156058144929,93,True,1,6.100184444182818,20.37887872366198,40.158489898605666,0_0_0_10_14_16,-24.0,43,offpacket_bootstrap,offpacket,4.0,2.7774636618705233,3.449850813271805
3,0,222,multiscale_only_diverse16,16,222,True,1,1.792094540733288,2.1004288521532977,16.543481764783337,224,False,5,0.018107056718365634,-1.925512408628788,9.362977733701266,222,True,1,0.10741108463949169,2.1917410575281195,16.85243202779275,222,True,1,0.11358698877445504,1.5098416023825654,10.468592595046712,401,False,3,0.19563538445609094,-0.9341792056746324,7.445322655340377,222,True,1,1.6946555276581474,2.7823283072988527,22.78362021238263,222,True,1,58.00448222288813,8.225332873719562,19.38418170098003,222,True,1,17.084384990361848,1.6670552252052049,16.07095018160587,0_0_0_10_14_16,-24.0,43,offpacket_bootstrap,offpacket,4.0,2.7774636618705233,3.449850813271805
3,1,711,multiscale_only_diverse16,16,365,False,112,1.0885366469734805,-9.627514318177298,6.700615119442833,366,False,622,0.009213567646381834,-16.61695189386818,-1.4710361466538246,365,False,121,0.06274789828070983,-10.14102427560636,6.190138671997345,365,False,127,0.08578237695270678,-8.930305460656662,3.199301055195921,366,False,341,0.16097590942257142,-8.133732462354102,0.9281938909587971,365,False,111,0.7962403144502939,-10.838233133126998,9.787012035508226,365,False,100,2.6849973634232644,-8.70227799345049,7.154460711835647,365,False,72,12.839943917171379,-8.664474215318318,7.801606583118922,0_0_0_10_14_16,-24.0,43,offpacket_bootstrap,offpacket,4.0,2.7774636618705233,3.449850813271805
3,2,871,multiscale_only_diverse16,16,249,False,3,1.2925048994550394,-0.37490201716728644,8.778285777377725,516,False,687,0.006460828877152499,-11.25299878073491,-2.513784218615487,249,False,7,0.07100016752456849,-1.1963637457646565,7.907698310015255,183,False,18,0.11408863933227414,-0.9845966666586667,2.6949713233553165,859,False,110,0.31704028698515335,-3.104585224245014,2.158463422072486,249,False,4,0.8043576023408091,-0.7912131508372744,13.8222443313065,871,True,1,8.782090457698438,1.2014850547650204,10.987479980754873,249,False,4,12.877520897989157,-0.5843760310713104,8.869600951696613,0_0_0_10_14_16,-24.0,43,offpacket_bootstrap,offpacket,4.0,2.7774636618705233,3.449850813271805
3,3,718,multiscale_only_diverse16,16,718,True,1,0.8261140948370418,24.81050309252071,42.5230477399042,718,True,1,0.017016587915435838,5.029678882069718,37.69892708768139,718,True,1,0.05163353909916803,24.666044753090283,42.320867923820174,718,True,1,0.05164565551287507,12.822912678634431,35.71297606264951,718,True,1,0.05318192209809782,7.456933921495845,30.7431720044637,718,True,1,0.8259202829850503,25.043497185342403,49.441304467925846,718,True,1,10735.549631528675,24.771944754110468,42.65200406660382,718,True,1,7.770310597926159,24.877680582604103,42.307482211557215,0_0_0_10_14_16,-24.0,43,offpacket_bootstrap,offpacket,4.0,2.7774636618705233,3.449850813271805
3,4,107,multiscale_only_diverse16,16,107,True,1,0.8390406191996682,21.86566367101095,43.18717474709992,107,True,1,0.039568614238195556,12.957651758768542,42.49685357272605,107,True,1,0.05247546241600987,21.801171685924068,42.95024928799087,107,True,1,0.0524796687300741,13.41007707015958,35.70573170725201,107,True,1,0.05365552621197917,8.312401549464786,30.561746032861215,107,True,1,0.8389733689970202,21.930885136724612,50.41978357675112,107,True,1,11972.23532730758,21.889491282835877,43.07766727053028,107,True,1,7.848373213273927,21.90536447699333,42.54878359945613,0_0_0_10_14_16,-24.0,43,offpacket_bootstrap,offpacket,4.0,2.7774636618705233,3.449850813271805
3,5,468,multiscale_only_diverse16,16,468,True,1,0.7164469799450082,18.851781888359156,41.1196883806636,467,False,3,0.0035870484496111003,-3.6749070839457736,30.051127457517364,468,True,1,0.04487473146428041,18.92630216552108,40.89897908743761,468,True,1,0.04488863541648274,12.858281923955532,34.243843975238576,468,True,1,0.04640786744861608,7.502343456615639,29.221521493682935,468,True,1,0.7162250653229165,18.908129121089566,47.81144073518375,468,True,1,7667.001523377914,18.846146765916163,41.18892633481895,468,True,1,6.675716241700677,18.785065176051415,40.572646838923816,0_0_0_10_14_16,-24.0,43,offpacket_bootstrap,offpacket,4.0,2.7774636618705233,3.449850813271805
3,6,89,multiscale_only_diverse16,16,89,True,1,0.6778784478083253,18.264466685258476,40.3941938877295,89,True,1,0.03307300459922848,11.902819431204144,39.18484738480791,89,True,1,0.042326524583471296,18.408323571563255,40.31132214203551,89,True,1,0.04233922340224415,13.63331135227968,33.349098978219715,89,True,1,0.04392338138595198,8.462103995338143,28.268436114832618,89,True,1,0.677675131477344,18.326848027706365,47.25343921697426,89,True,1,6341.705602066744,18.300812704230665,40.2925877206969,89,True,1,6.3551114372067685,18.18550950550837,40.00319651451402,0_0_0_10_14_16,-24.0,43,offpacket_bootstrap,offpacket,4.0,2.7774636618705233,3.449850813271805
3,7,713,multiscale_only_diverse16,16,713,True,1,0.796093685005733,22.430141593853854,42.88931238531919,713,True,1,0.0155434642968904,3.971432057763804,37.81692288437445,713,True,1,0.04973076985354168,22.254330851809016,42.7202755677953,713,True,1,0.04974592630733965,13.061111369725392,35.68406622685827,713,True,1,0.05042150334916593,7.511561559547118,30.469059080977296,713,True,1,0.7958511333426863,22.564236151551324,50.240932218231535,713,True,1,10209.372443335178,22.451399008438415,42.84890649325756,713,True,1,7.437124740251241,22.691462264291626,42.43204187124881,0_0_0_10_14_16,-24.0,43,offpacket_bootstrap,offpacket,4.0,2.7774636618705233,3.449850813271805
3,8,865,multiscale_only_diverse16,16,865,True,1,0.7920437445138759,19.966792075449792,42.65450721957059,865,True,1,0.034776035488457854,11.526462327808389,41.50933595149496,865,True,1,0.049534706349930714,20.035550647789417,42.25473041810104,865,True,1,0.049543769047950804,13.050014631529944,35.69531749452238,865,True,1,0.05054754259768328,7.540763231499144,30.51026160407353,865,True,1,0.7918988614455675,20.072274982798458,49.69243153875403,865,True,1,9765.958145141773,19.953221135218392,42.58796816068963,865,True,1,7.3942117916304415,20.013383740851932,42.206917719040085,0_0_0_10_14_16,-24.0,43,offpacket_bootstrap,offpacket,4.0,2.7774636618705233,3.449850813271805
3,9,492,multiscale_only_diverse16,16,376,False,18,1.016167856138864,-20.396317341696072,20.389288050093395,375,False,85,0.0044229048541503104,-23.903900337199406,7.726188393416376,376,False,18,0.062181340801548246,-20.488706833396076,19.777408919073103,376,False,49,0.07024701554739192,-19.9610619670799,11.344606998746949,376,False,83,0.12672531977630888,-17.541981176264116,8.461954568553494,376,False,19,0.899492729787512,-20.92396220801225,29.198347768132557,376,False,19,19.731816519268907,-20.68701608194443,19.973407177920187,376,False,19,9.076835032319883,-20.627453715469862,19.421638838001897,0_0_0_10_14_16,-24.0,43,offpacket_bootstrap,offpacket,4.0,2.7774636618705233,3.449850813271805
3,10,765,multiscale_only_diverse16,16,375,False,17,0.8266207101335112,-25.483840178937193,15.142877477519214,375,False,34,0.01734228100460104,-28.23183176231824,10.540057576477393,375,False,17,0.05352579965486567,-25.33298971574803,14.992721545823516,375,False,49,0.058873632185262925,-24.919900697255855,9.137111757571802,375,False,87,0.10040318481294594,-22.72606463014818,6.312051875539691,375,False,17,0.751533969943246,-25.89692919742937,21.356513897816146,375,False,17,15.108941380440756,-25.709935332964896,14.943559846594233,375,False,17,6.9070466242847255,-25.97980125315321,14.529977716280023,0_0_0_10_14_16,-24.0,43,offpacket_bootstrap,offpacket,4.0,2.7774636618705233,3.449850813271805
3,11,1023,multiscale_only_diverse16,16,1023,True,1,0.782755155618716,15.789165901147848,42.98154404746931,1023,True,1,0.04906732145710533,15.927265592227887,43.357518701895515,1023,True,1,0.0489814738568349,15.837397781968477,42.72345150865833,1023,True,1,0.04899514001479241,13.75967992412967,35.501175986173024,1023,True,1,0.05042363270553588,8.262836231840252,30.480308837447957,1023,True,1,0.7825368226249637,15.803449885601808,50.673564733045744,1023,True,1,11397.678506623228,15.77107611710969,42.9452444020147,1023,True,1,7.376057898163111,15.761374796557682,42.63160711115911,0_0_0_10_14_16,-24.0,43,offpacket_bootstrap,offpacket,4.0,2.7774636618705233,3.449850813271805
3,12,597,multiscale_only_diverse16,16,597,True,1,0.8198901937618217,19.849376244566905,43.05073268077703,596,False,2,0.0072869571038417106,-1.0993864808649558,34.414881034586024,597,True,1,0.05123071871823566,19.877423716505838,42.84888832643154,597,True,1,0.05124142065963011,13.149438596078424,35.85668234922612,597,True,1,0.05186132117012509,7.858727382395817,30.60949859806005,597,True,1,0.8197189569637281,19.932530900989384,50.486762591155916,597,True,1,11540.069465612445,19.824507272979247,43.08980656409119,597,True,1,7.677634575798784,19.838830003576188,42.72416556872891,0_0_0_10_14_16,-24.0,43,offpacket_bootstrap,offpacket,4.0,2.7774636618705233,3.449850813271805
3,13,562,multiscale_only_diverse16,16,562,True,1,0.8228528336658769,18.552641711496097,43.699919228673195,561,False,2,0.005960795801447858,-2.2763908357930873,33.83822298310762,562,True,1,0.05150901020309481,18.62405641435543,43.29080638860557,562,True,1,0.05151293202003706,13.236613659290759,35.94886877571197,562,True,1,0.05256512931142868,7.941635070413006,30.797835743871723,562,True,1,0.8227901876844214,18.599440807404505,51.36371304867926,562,True,1,12008.399349105812,18.565007586509264,43.55542570280029,562,True,1,7.713973201232894,18.748943396837777,43.078752889764246,0_0_0_10_14_16,-24.0,43,offpacket_bootstrap,offpacket,4.0,2.7774636618705233,3.449850813271805
3,14,478,multiscale_only_diverse16,16,478,True,1,0.8031020094775307,17.889607848941193,42.77288919485801,477,False,2,0.005288846201457632,-2.4906080492391967,32.979771715829216,478,True,1,0.05024423050269539,17.830163291526123,42.30596129639353,478,True,1,0.05025184272367324,13.226769368973773,35.59291588956449,478,True,1,0.051434300640907656,7.862538267716811,30.346428975663006,478,True,1,0.802980354436988,17.924624697497006,50.10167259872061,478,True,1,10662.702384925622,17.879480352138884,42.77642743656447,478,True,1,7.501505880752411,17.890628698566683,42.26255376969458,0_0_0_10_14_16,-24.0,43,offpacket_bootstrap,offpacket,4.0,2.7774636618705233,3.449850813271805
3,15,267,multiscale_only_diverse16,16,267,True,1,0.4193772617505864,3.3053460636222773,11.601373970703575,267,True,1,0.021245115195896388,1.6921026406459896,10.816576566836524,267,True,1,0.024648134091388687,3.228438164234442,11.339003027335455,267,True,1,0.03295599972130359,1.9094368379366655,4.856901081836715,437,False,3,0.06718387693230053,-0.04308015769806717,3.0108736815325643,267,True,1,0.31365660486475405,4.320675705748734,17.751995607366574,267,True,1,35.608509341922485,9.992455406088094,16.746238632901495,267,True,1,5.163807030646197,4.569686512557612,12.878928488242083,0_0_0_10_14_16,-24.0,43,offpacket_bootstrap,offpacket,4.0,2.7774636618705233,3.449850813271805
3,16,917,multiscale_only_diverse16,16,282,False,67,0.5930911870085289,-3.8793195769937454,6.19532263997248,282,False,35,0.041461450097312294,-3.8825121458728096,6.53050687793558,282,False,85,0.03367818710149362,-4.348124760303039,5.618754921511261,282,False,88,0.07537243958807636,-2.287572468911585,1.890700798576921,672,False,452,0.165685812983544,-4.950614560672182,0.273786220321907,282,False,78,0.26500715743689457,-5.939871868385199,9.46231919333669,698,False,8,4.962748862253001,-1.3152701947018288,8.69177748548185,89,False,18,8.451374579231864,-1.5944803049484848,8.072329659736354,0_0_0_10_14_16,-24.0,43,offpacket_bootstrap,offpacket,4.0,2.7774636618705233,3.449850813271805
3,17,656,multiscale_only_diverse16,16,656,True,1,0.937325770996722,2.5932417987764325,5.852985770545366,656,True,1,0.04333482653017837,0.3549874410738258,5.550432847555747,656,True,1,0.05291269373497219,3.2842710377108615,6.47835576176484,656,True,1,0.09194695421659614,1.0970216687066876,2.2878456509849547,622,False,464,0.27588607142861443,-2.6498324840417005,0.5081584249417648,656,True,1,0.5394026574693676,4.777373592828804,10.012139348815673,656,True,1,185.02372875287892,19.11567422559191,41.12796609602695,656,True,1,7.439975394070399,0.8733156419382277,3.998125293402829,0_0_0_10_14_16,-24.0,43,offpacket_bootstrap,offpacket,4.0,2.7774636618705233,3.449850813271805
3,18,889,multiscale_only_diverse16,16,889,True,1,0.664575190936123,19.15769155575346,40.72319859100578,889,True,1,0.03232357659001247,13.388811811505725,39.58760011715964,889,True,1,0.041452790348178156,19.109494073756434,40.40548045580159,889,True,1,0.041468845553799254,12.503986390622806,33.44090317740954,889,True,1,0.04263361089733539,6.894885031015559,28.360234900683064,889,True,1,0.6643178919638785,19.285025832083157,47.88498944547716,889,True,1,6867.239475699912,19.193525827347944,40.756943157255435,889,True,1,6.218632386110016,19.300443969861732,40.51058665318122,0_0_0_10_14_16,-24.0,43,offpacket_bootstrap,offpacket,4.0,2.7774636618705233,3.449850813271805
3,19,510,multiscale_only_diverse16,16,848,False,23,0.4667242088719412,-2.5306226356280255,6.947839671565465,848,False,629,0.0036185831794658106,-11.813896919008906,-1.819434050194406,848,False,16,0.03390664629419865,-1.8245118657520099,7.856796824573537,848,False,14,0.06318191341431065,-0.8719761301010189,3.0930007122131427,678,False,39,0.2095290397464175,-3.029215703614568,3.2025274168662126,848,False,26,0.25046808195549586,-3.4831583712790177,11.414332920057328,618,False,2,7.828107866974666,-0.13936950784184804,10.130971098175202,848,False,78,3.487439070390733,-4.555830716510761,5.645650857040019,0_0_0_10_14_16,-24.0,43,offpacket_bootstrap,offpacket,4.0,2.7774636618705233,3.449850813271805
3,20,860,multiscale_only_diverse16,16,322,False,2,0.626856947139661,-0.29290632103264935,8.797757215368833,980,False,3,0.03981358987036939,-0.5932811269722371,8.793396453455498,829,False,5,0.04101716433289694,-0.5299005830347006,8.812739163594726,829,False,17,0.05668935246570815,-0.9721623202683966,2.9685933459147535,909,False,39,0.1770391350843071,-2.458915216194108,2.9696856399652094,860,True,1,0.45355773695949164,0.14146897508998046,14.333198804214236,857,False,7,5.423262949847615,-1.9061800266288607,8.71786167131198,804,False,4,7.121043320179889,-0.9784858533248082,9.29770150095258,0_0_0_10_14_16,-24.0,43,offpacket_bootstrap,offpacket,4.0,2.7774636618705233,3.449850813271805
3,21,553,multiscale_only_diverse16,16,553,True,1,0.7671446883246205,13.02108865458078,42.98794680842671,554,False,3,0.0010783874608043746,-9.797585763071513,26.58064567843383,553,True,1,0.047970651698677064,13.04130539564045,42.74242692655564,553,True,1,0.047983250156037716,12.017316400519618,35.61020172671771,553,True,1,0.04877086514393685,6.721846661871878,30.38960920208752,553,True,1,0.7669432672117554,13.03626923855335,50.3584546670626,553,True,1,10815.876769621378,13.061566277035567,42.94501834171509,553,True,1,7.184255890642687,13.109973887284252,42.70298732815028,0_0_0_10_14_16,-24.0,43,offpacket_bootstrap,offpacket,4.0,2.7774636618705233,3.449850813271805
3,22,629,multiscale_only_diverse16,16,629,True,1,0.9788709013089516,0.13813467949233646,11.294651988978012,794,False,282,0.008811464740032924,-7.454218481607687,2.786197525287836,741,False,3,0.05736378813330215,-0.24415275495061667,11.030242629649056,741,False,2,0.08127335017762881,-0.04629544007562418,5.0925071617602855,679,False,7,0.23217837300694694,-2.7777655956769296,4.524910118394176,740,False,2,0.6908998198033858,-0.1903076259667361,16.993409821039048,629,True,1,13.590065545209642,2.1605002972906577,12.831888130162028,740,False,2,9.382235048368331,-0.40517967811444017,11.081936083264935,0_0_0_10_14_16,-24.0,43,offpacket_bootstrap,offpacket,4.0,2.7774636618705233,3.449850813271805
3,23,759,multiscale_only_diverse16,16,298,False,4,0.9337296054796731,-0.38537038667935875,9.511745045552917,202,False,16,0.03736323738125427,-1.7351065256972853,7.682677457495892,759,True,1,0.07044682398294123,0.7696276536563125,10.335717104063056,759,True,1,0.09726452184090945,0.42191514501179794,4.594708470916652,123,False,20,0.24800989353443506,-1.427348449197868,3.5318194861170173,202,False,3,0.6762824092476168,-0.12444346778733115,15.249997349056043,759,True,1,14.250053538420168,3.2673416289439734,13.077846264765572,759,True,1,10.585939684996402,0.5904308221916287,9.944269556625505,0_0_0_10_14_16,-24.0,43,offpacket_bootstrap,offpacket,4.0,2.7774636618705233,3.449850813271805
3,24,874,multiscale_only_diverse16,16,874,True,1,0.8102846181032284,20.77314151922848,42.623635175908106,874,True,1,0.03675972338638395,14.501829099838876,41.71068042695417,874,True,1,0.050644889778752436,20.65748781825598,42.36741221101424,874,True,1,0.05064759262523928,12.521962417563806,35.66877310141107,874,True,1,0.05178096016524049,7.18388672818482,30.483409061209137,874,True,1,0.8102413766613381,20.872488488611182,49.82763260223719,874,True,1,10236.51829583771,20.733037329296398,42.53831609254821,874,True,1,7.596568970083903,20.783875295048734,42.44372534611351,0_0_0_10_14_16,-24.0,43,offpacket_bootstrap,offpacket,4.0,2.7774636618705233,3.449850813271805
3,25,720,multiscale_only_diverse16,16,720,True,1,0.7867012661311179,16.48469427235551,42.41294518402772,720,True,1,0.014261759536708956,4.446539665832424,37.26638509588725,720,True,1,0.04905941620379743,16.523583913297767,42.21809959866435,720,True,1,0.0490721794235855,12.288339134270176,35.502433740656286,720,True,1,0.050713261117448845,7.124081841173144,30.36968515507001,720,True,1,0.7864966524113866,16.516980038151495,49.36621956038283,720,True,1,9012.476516272065,16.503821761564186,42.479203431210316,720,True,1,7.389864605233389,16.467063767276752,42.0699842608769,0_0_0_10_14_16,-24.0,43,offpacket_bootstrap,offpacket,4.0,2.7774636618705233,3.449850813271805
3,26,314,multiscale_only_diverse16,16,720,False,9,0.6810466620525091,-2.3207482782252646,7.838373999260414,898,False,211,0.015835995080051134,-6.872604035842333,3.5204330391079877,720,False,9,0.04190957018156112,-2.435188944917191,7.766073091729853,720,False,29,0.06520086100867277,-1.6720899704162637,2.632361636416858,644,False,415,0.1281521596063907,-4.910755961213222,0.49288400459534526,720,False,8,0.4377606743016932,-3.0838472527261924,12.80475000724357,720,False,3,6.843637985899617,-1.283642222896201,9.604435271270608,720,False,19,5.754388938681301,-2.550988446624623,7.259415255162157,0_0_0_10_14_16,-24.0,43,offpacket_bootstrap,offpacket,4.0,2.7774636618705233,3.449850813271805
3,27,602,multiscale_only_diverse16,16,848,False,11,0.472936992299541,-1.716070285092538,8.229449899203583,369,False,970,0.00039065363348838293,-21.214576137291278,-11.194945281109192,369,False,9,0.032978159710667025,-1.404730820950293,8.581004484845888,987,False,22,0.04639274030825517,-1.4218228254157679,2.8322465586391496,711,False,159,0.11309801098555565,-3.3980242743342104,1.6759340617354046,262,False,9,0.33618604034824584,-1.716518842418843,13.484709469820054,848,False,2,6.3870502893740575,-0.15316206400104773,9.656930717663275,848,False,13,4.644160093160155,-2.4202857497702555,8.399122845762765,0_0_0_10_14_16,-24.0,43,offpacket_bootstrap,offpacket,4.0,2.7774636618705233,3.449850813271805
3,28,7,multiscale_only_diverse16,16,7,True,1,0.8311082257278599,23.68374573056917,43.06819692049611,7,True,1,0.051563187948637276,23.22817340673292,43.76942396937308,7,True,1,0.0519080459035851,23.749539670344856,42.901734566467375,7,True,1,0.051912390206933744,13.172912156233235,35.77221993531114,7,True,1,0.05292352305949632,7.727478440170525,30.546851010815217,7,True,1,0.831038674196256,23.814378867777446,50.375380735425836,7,True,1,11864.094837199624,23.60597936918485,43.07313602433089,7,True,1,7.798772294389191,23.885922933111576,42.7688665939851,0_0_0_10_14_16,-24.0,43,offpacket_bootstrap,offpacket,4.0,2.7774636618705233,3.449850813271805
3,29,610,multiscale_only_diverse16,16,610,True,1,0.7979376036695704,14.852369205910064,42.895713408349806,609,False,3,0.00500439301147072,-2.243327265847564,32.816345154901846,610,True,1,0.04985518564895403,14.841833483286422,42.67931977911268,610,True,1,0.049862164715762394,12.347641540197252,35.706598383275384,610,True,1,0.050629432904900316,7.0185380090090685,30.53025321835885,610,True,1,0.7978259185897778,14.866058142727073,50.03015296509601,610,True,1,10825.265851045062,14.868372436279069,42.97821795307567,610,True,1,7.501029293695267,14.797613672648648,42.560027026620006,0_0_0_10_14_16,-24.0,43,offpacket_bootstrap,offpacket,4.0,2.7774636618705233,3.449850813271805
3,30,778,multiscale_only_diverse16,16,778,True,1,0.7180298033290491,20.061918068615295,41.507289712424935,778,True,1,0.019452218610740486,8.314603341411393,37.484589507847545,778,True,1,0.0450261769208734,20.096206876753232,41.19353821822473,778,True,1,0.04503926169841221,12.853372332352603,34.19917409554696,778,True,1,0.047920489023448753,7.713231934590548,29.342866128718427,778,True,1,0.7178212017692431,20.18532599521011,48.736620034897044,778,True,1,7516.322461394777,20.00642758293896,41.547855925765546,778,True,1,6.722118753494697,19.92199102918834,41.16436192182626,0_0_0_10_14_16,-24.0,43,offpacket_bootstrap,offpacket,4.0,2.7774636618705233,3.449850813271805
3,31,897,multiscale_only_diverse16,16,64,False,18,0.7958435379550544,-21.477433817988008,15.49436318165193,64,False,14,0.038107274192060454,-21.33180239287245,14.992779493178269,64,False,17,0.05137948442228151,-21.32650500255751,15.580918594297417,64,False,48,0.06425283288320248,-20.357742309191913,8.858465484314683,64,False,69,0.16494449396264346,-16.412859704525292,7.810220307054667,64,False,19,0.6363926511265924,-22.446196511353605,22.372600743064154,64,False,17,16.752756258445462,-21.500002818623884,15.663946166280995,64,False,17,8.4081628900954,-20.968248111858323,15.680581532637197,0_0_0_10_14_16,-24.0,43,offpacket_bootstrap,offpacket,4.0,2.7774636618705233,3.449850813271805
3,32,740,multiscale_only_diverse16,16,64,False,27,0.7727546053290588,-23.801831739957397,11.933287678986932,64,False,34,0.025931824366448118,-26.408341185661925,9.485837770436781,64,False,24,0.05298392700070849,-23.395477068459478,12.160222437529846,64,False,54,0.0649990692787612,-22.510524562204942,6.75351272416434,64,False,90,0.12495450238665004,-19.97110893246152,4.454425246461802,64,False,27,0.6299101518303537,-24.68678424621193,17.394206572031216,64,False,26,8.247420725842568,-23.62575906249127,12.218099157950622,64,False,28,6.751792414594339,-24.103850477548953,11.17989816142738,0_0_0_10_14_16,-24.0,43,offpacket_bootstrap,offpacket,4.0,2.7774636618705233,3.449850813271805
3,33,590,multiscale_only_diverse16,16,590,True,1,0.6858662424748587,1.170009071148708,10.930930886828689,166,False,254,0.0071377553799723365,-6.893426978957895,3.3999001277651972,590,True,1,0.05365590016817286,2.153769872108389,12.101420470273395,590,True,1,0.06700819131304521,0.7387064618984268,5.649654178118498,120,False,5,0.198451297979053,-1.5964212878644368,5.198614913563993,590,True,1,0.5491980892757876,1.3895270729498432,17.08789631828286,590,True,1,17.13017155237969,4.033944083107914,14.143866574460407,590,True,1,5.843130868681962,0.00199525410734744,10.102798479644123,0_0_0_10_14_16,-24.0,43,offpacket_bootstrap,offpacket,4.0,2.7774636618705233,3.449850813271805
3,34,930,multiscale_only_diverse16,16,467,False,14,0.8238099010719111,-2.0387446703961407,8.066665927608232,568,False,49,0.03427214054897428,-3.60217972903266,6.2792670423459995,467,False,12,0.05699134361755784,-1.6165700159704746,8.494926616830197,467,False,25,0.08160335906560168,-2.2295213984591427,2.9688816325269523,304,False,47,0.2487755909492674,-2.2420483229140076,2.8699751471461274,570,False,13,0.5753443692163709,-1.5960835188873692,13.44105463420968,52,False,16,4.575844755917719,-2.2465555249933904,8.252382321362147,790,False,10,8.415440080401899,-1.80973556793552,8.36782555978091,0_0_0_10_14_16,-24.0,43,offpacket_bootstrap,offpacket,4.0,2.7774636618705233,3.449850813271805
1,0,222,multiscale_only_diverse16,16,222,True,1,0.7324391971456521,18.251611100435277,40.876284222027614,222,True,1,0.02200555936699312,7.2560074623180295,37.791329194413215,222,True,1,0.04581167796067618,18.28549536979691,40.74189666230101,222,True,1,0.04582294741655302,13.588700955496808,34.03991578072917,222,True,1,0.04710683860028095,8.526903115923984,29.031826927927415,222,True,1,0.732259064882669,18.321076316648533,47.817268755147914,222,True,1,7228.04524094289,18.32497802100669,40.871294426323416,222,True,1,5.425251571595092,18.202598360059888,40.3933452487002,0_0_0_10_14_16,-25.0,43,offpacket_bootstrap,offpacket,4.0,2.7772468047215675,3.4499158472088474
1,1,826,multiscale_only_diverse16,16,826,True,1,0.6725193482901801,20.287419690217806,40.173705157388326,826,True,1,0.025611580898229697,9.57440185971232,38.306292789521855,826,True,1,0.04198527926201327,20.115960010069976,40.146823628023725,826,True,1,0.041995145179290434,13.083983628362954,33.16272596742057,826,True,1,0.04339105144838906,7.753550503646887,28.162884922160636,826,True,1,0.6723613533545942,20.422519154303487,47.33545734472066,826,True,1,6749.194675104083,20.30270466091008,40.3638818707877,826,True,1,4.977913377278354,20.124361292384943,39.9384231501857,0_0_0_10_14_16,-25.0,43,offpacket_bootstrap,offpacket,4.0,2.7772468047215675,3.4499158472088474
1,2,922,multiscale_only_diverse16,16,922,True,1,0.8157760012935888,18.51850218383175,42.876862552051676,922,True,1,0.04419450558230738,14.474476419648463,42.93227416022112,922,True,1,0.05105955024026896,18.573538999079084,42.6065177871402,922,True,1,0.05106591796572163,13.119129033917066,35.758786362107784,922,True,1,0.05229507146536695,7.816152091485307,30.54473281979933,922,True,1,0.8156742771336394,18.564256027213037,50.019449536867874,922,True,1,9909.245479064306,18.53186848680782,42.877885316074185,922,True,1,6.102406984354435,18.525709620923262,42.729166883639316,0_0_0_10_14_16,-25.0,43,offpacket_bootstrap,offpacket,4.0,2.7772468047215675,3.4499158472088474
1,3,718,multiscale_only_diverse16,16,718,True,1,0.8106455324256245,19.008089318467295,43.11002391558141,718,True,1,0.018827587645587073,4.9384209317526135,38.544527869926256,718,True,1,0.050573811904788664,18.946703700653686,42.72137729053974,718,True,1,0.050581106829558575,13.038360115071846,35.738677516916056,718,True,1,0.05139762125573247,7.637783513437518,30.46217966279082,718,True,1,0.8105286192431187,19.06474300305159,50.36037805957942,718,True,1,10016.09920756602,19.120346904881217,43.01535367875537,718,True,1,6.0589435267001255,19.05961261977802,42.608013030927346,0_0_0_10_14_16,-25.0,43,offpacket_bootstrap,offpacket,4.0,2.7772468047215675,3.4499158472088474
1,4,107,multiscale_only_diverse16,16,107,True,1,0.815387573422047,16.032186210281466,42.918762968256615,107,True,1,0.03888628345921783,10.364179464782586,42.37601401696799,107,True,1,0.050970350936947004,16.07526119215555,42.87046413856821,107,True,1,0.05097838591100404,13.78109044026295,35.57158147781168,107,True,1,0.052147500952778494,8.40593681023875,30.42771661575728,107,True,1,0.8152590558575579,16.06562829777792,50.4480040041377,107,True,1,10638.130002579746,16.070202330568303,42.93324381310895,107,True,1,6.0891253282005415,16.11424128267084,42.50307822457334,0_0_0_10_14_16,-25.0,43,offpacket_bootstrap,offpacket,4.0,2.7772468047215675,3.4499158472088474
1,5,468,multiscale_only_diverse16,16,784,False,150,0.5352938351209424,-5.897178519844828,4.194839623086156,235,False,308,0.021454249019730396,-8.4686047112024,2.2222114717917725,784,False,143,0.03388812858620576,-5.4912875808493355,4.211070713959804,784,False,547,0.06315510747258837,-4.609349844526438,-0.12471136891812375,934,False,577,0.19892539050767266,-4.751634683468397,-0.2528582471696701,784,False,105,0.287231025991923,-6.779116256167725,8.515132032947331,526,False,41,3.282896577500028,-3.3185523087738455,6.665020301832639,784,False,160,4.1378718661084415,-6.1796510126133715,4.135894038111304,0_0_0_10_14_16,-25.0,43,offpacket_bootstrap,offpacket,4.0,2.7772468047215675,3.4499158472088474
1,6,89,multiscale_only_diverse16,16,361,False,6,1.4426655313878314,-1.850681944684118,8.59753784948401,736,False,176,0.03248272021485985,-6.155738283221917,3.9403740664459646,361,False,7,0.08878458751433609,-1.9627033791894097,8.427031227210769,595,False,12,0.13312101680341587,-1.7604281185657675,3.087639942872369,581,False,338,0.24668398425335808,-4.329161445863006,0.7946654493137693,361,False,5,0.9621806323382319,-2.074680979484196,13.790458314802358,80,False,13,4.250587178430676,-2.3757846425879565,7.806285601480908,361,False,6,11.967137743377961,-1.6550921730818455,8.543081467781585,0_0_0_10_14_16,-25.0,43,offpacket_bootstrap,offpacket,4.0,2.7772468047215675,3.4499158472088474
1,7,713,multiscale_only_diverse16,16,713,True,1,0.6568016963232282,0.6047842413697858,11.410588965023186,20,False,18,0.019149761828622262,-2.8764749630900655,7.676392397377432,20,False,2,0.036925255879784735,-0.11123184039637374,10.59060839576237,713,True,1,0.05213644403858414,0.3917608691122699,4.957707257181093,414,False,14,0.12064127163626913,-0.9515932056261955,3.7453478346659814,713,True,1,0.46517500658586325,0.10179153186114162,17.078548286889614,713,True,1,14.631624511996876,3.5276401862728797,13.613743777684693,713,True,1,5.301806583583448,0.8500375142221511,11.173054102038995,0_0_0_10_14_16,-25.0,43,offpacket_bootstrap,offpacket,4.0,2.7772468047215675,3.4499158472088474
1,8,865,multiscale_only_diverse16,16,760,False,11,1.1204831800723838,-1.217162583689879,9.40809356770295,760,False,8,0.07264108522735681,-2.281923436498497,8.966323216235276,80,False,11,0.07563816904750491,-1.089898074145592,9.304243949484958,865,True,1,0.13920426312058418,0.39401228897666124,4.731606886007398,796,False,8,0.37186219788726527,-1.1571182153599338,3.799797606306234,80,False,16,0.608826872750197,-2.6901003431031296,13.81073476264493,79,False,3,7.174102636316711,-0.37752006073027744,10.115160497592392,865,True,1,11.99226234699279,0.06593893709713924,10.680306327705836,0_0_0_10_14_16,-25.0,43,offpacket_bootstrap,offpacket,4.0,2.7772468047215675,3.4499158472088474
1,9,492,multiscale_only_diverse16,16,294,False,12,0.5255473398047492,-0.799609160064909,7.375676880204098,731,False,700,0.0032141255065836595,-12.74862286909164,-2.19558093712918,694,False,7,0.036419449846078686,-0.26897496846383817,7.676532468213235,768,False,12,0.05222336160162352,-0.7973085714379892,2.504815620933691,360,False,78,0.1675166457689927,-2.791439397928734,2.3765782546637264,9,False,10,0.3665054182028012,-1.018344259309778,12.250657653585904,492,True,1,10.504790825179136,2.635979368068178,12.31514409198613,294,False,19,3.4257500869584065,-1.8992380358451944,6.862443631767967,0_0_0_10_14_16,-25.0,43,offpacket_bootstrap,offpacket,4.0,2.7772468047215675,3.4499158472088474
1,10,765,multiscale_only_diverse16,16,765,True,1,0.8085675403278323,18.81389544738732,42.803406577320374,765,True,1,0.021457379656884303,6.163038739456955,39.365456082318644,765,True,1,0.050537160139796956,18.7761350289496,42.6883016957263,765,True,1,0.05054410229610633,12.226319925776124,35.80412889843024,765,True,1,0.05159538764555657,6.897828633933437,30.71069088448711,765,True,1,0.8084564847942162,18.84910994297522,49.97983203361169,765,True,1,10179.227852908572,18.78036958174848,42.75748528902692,765,True,1,6.019334581133196,18.65735852365903,42.65115615432282,0_0_0_10_14_16,-25.0,43,offpacket_bootstrap,offpacket,4.0,2.7772468047215675,3.4499158472088474
1,11,1023,multiscale_only_diverse16,16,1023,True,1,2.1658312780893993,0.17670170629740492,10.75184144127583,160,False,3,0.12140362118071689,-0.7426053303987324,9.90796578350557,756,False,6,0.12142166292029079,-0.380178584252239,10.025151432632724,1023,True,1,0.19285126240223602,0.016181747274838627,4.626816556257988,61,False,9,0.5315993253813359,-0.8058431141120913,3.9750807974920073,176,False,5,1.3636355402325047,-0.693935653333738,15.989225626477024,661,False,2,7.840556866003115,-0.4057147234563396,10.466433663550095,160,False,3,17.608945692888053,-0.24253784678788043,10.985616946909895,0_0_0_10_14_16,-25.0,43,offpacket_bootstrap,offpacket,4.0,2.7772468047215675,3.4499158472088474
1,12,597,multiscale_only_diverse16,16,352,False,19,1.3787491355835755,-2.8273063662192177,7.5016351825480045,87,False,617,0.011335644473604104,-11.368527687425622,-1.3561112797727313,352,False,8,0.10771177115626855,-1.900622202776321,8.630755911006084,352,False,23,0.16108338435602207,-1.6697988906930308,2.93255108529602,274,False,196,0.37197794838731657,-3.228415201650244,1.615818016923959,352,False,13,0.9219294216320533,-3.0581296783025076,12.946599105568538,376,False,15,4.44054525707376,-2.146629492253479,7.949406511708435,352,False,36,8.823482051161504,-3.371879215136078,6.930518027565249,0_0_0_10_14_16,-25.0,43,offpacket_bootstrap,offpacket,4.0,2.7772468047215675,3.4499158472088474
1,13,562,multiscale_only_diverse16,16,562,True,1,0.6695037031588527,18.339526866781654,38.77802414320563,563,False,3,0.002033744867844767,-5.716190287775773,25.926719945496647,562,True,1,0.04195986849387755,18.552102779315458,38.59364525337779,562,True,1,0.041967971529371026,12.423996101875863,32.71807499339598,562,True,1,0.04341979771418526,7.107620831828098,27.83593590991736,562,True,1,0.6693744376243983,18.395643426706854,44.458334233409154,562,True,1,4370.273138579442,18.318591904132823,38.809151700205774,562,True,1,4.973231560762638,18.268692178329072,38.57780863035054,0_0_0_10_14_16,-25.0,43,offpacket_bootstrap,offpacket,4.0,2.7772468047215675,3.4499158472088474
1,14,478,multiscale_only_diverse16,16,356,False,180,0.5106990296410494,-10.828873833727261,3.999714596958973,354,False,704,0.006304380834979228,-16.852590337106893,-2.6518769262352997,356,False,127,0.03720272519560256,-10.116862078871108,4.507949615288782,356,False,124,0.06643798089710952,-7.803640116088168,2.078520112734112,354,False,228,0.17817965294214916,-7.331191874266305,1.4596244682572719,356,False,181,0.28597190042275117,-13.142095796510201,6.226066202870659,356,False,397,1.0008225479460922,-12.98763169316314,1.2859612851218443,356,False,170,4.024825892526708,-10.589642148324971,3.874579747460045,0_0_0_10_14_16,-25.0,43,offpacket_bootstrap,offpacket,4.0,2.7772468047215675,3.4499158472088474
1,15,267,multiscale_only_diverse16,16,391,False,20,3.103753341242296,-3.5782417200859196,14.74339823905858,391,False,31,0.09605702599041312,-4.389252324170795,12.180186973281316,391,False,21,0.19343839595551224,-3.6543974550866625,14.984170533295323,391,False,21,0.20357116765127414,-3.5501948098696734,9.599986856170652,391,False,18,0.3366349113518384,-3.5118902472791804,6.65981999942341,391,False,21,2.949263762145118,-3.6824443653029086,19.838281056502602,391,False,20,9.539972304862584,-3.2492886515413426,14.1906741458478,391,False,16,23.549658128246502,-3.364545878996539,14.353265032318417,0_0_0_10_14_16,-25.0,43,offpacket_bootstrap,offpacket,4.0,2.7772468047215675,3.4499158472088474
1,16,917,multiscale_only_diverse16,16,917,True,1,1.7806737816228093,0.012552253516262355,10.405624034375265,783,False,4,0.0989260366734085,-1.2536233324069979,9.826797147254844,1012,False,4,0.09167061333623083,-1.1625679176500339,9.489546288564236,532,False,3,0.14986772331570156,-0.5300975719726864,4.254850632513969,91,False,109,0.2970896846388577,-2.87886158819569,2.173425471576512,1012,False,3,1.089196887105887,-0.8722204158055118,15.469862753415029,917,True,1,8.69549487781578,0.18523644154432023,11.11694115509632,1012,False,2,14.370552729023219,-0.5013661965516591,10.568422540054332,0_0_0_10_14_16,-25.0,43,offpacket_bootstrap,offpacket,4.0,2.7772468047215675,3.4499158472088474
1,17,656,multiscale_only_diverse16,16,656,True,1,1.1170442132157063,2.6117104581063346,13.233858488985216,616,False,137,0.009445658108383265,-4.15066045505044,5.109227323296819,656,True,1,0.06486952122858718,2.654786152143271,13.262254708012655,656,True,1,0.0754294532400571,1.83019702471825,6.560597527138537,868,False,58,0.1201591969316774,-2.2052810779216596,3.061063956675673,656,True,1,0.9606608584560895,3.431321170254995,19.92887373009441,656,True,1,34.19345586617118,7.283574447342503,17.196670719788326,656,True,1,7.46736024472291,1.7681896906947203,12.03402613410926,0_0_0_10_14_16,-25.0,43,offpacket_bootstrap,offpacket,4.0,2.7772468047215675,3.4499158472088474
1,18,889,multiscale_only_diverse16,16,889,True,1,0.8129554383069717,22.44950849488461,42.62585112410788,889,True,1,0.038534809120714164,14.994748587353916,41.99131048669547,889,True,1,0.05078224114387025,22.60157210793576,42.588671412819835,889,True,1,0.050786005430593556,12.494957235316615,35.82542391348471,889,True,1,0.05160969801757728,7.1858374691882325,30.6184420824261,889,True,1,0.8128951816016625,22.573777051824973,49.902705813327955,889,True,1,10082.602808549982,22.498703456111784,42.75265034763362,889,True,1,6.050094575883624,22.46431544981304,42.450343948947626,0_0_0_10_14_16,-25.0,43,offpacket_bootstrap,offpacket,4.0,2.7772468047215675,3.4499158472088474
1,19,510,multiscale_only_diverse16,16,315,False,27,0.7515768364893951,-27.78897586792226,13.414689509096394,316,False,64,0.014289389137222332,-29.69109860974832,8.223471459896283,315,False,32,0.043676135016735736,-28.09863358756662,12.791460866382335,315,False,84,0.05097616330270628,-27.428261236853317,6.055364801560974,315,False,201,0.08724434364322066,-25.22828860751438,3.280465984084431,315,False,27,0.6439474699387436,-28.459348218635565,20.363963130915597,315,False,28,8.532433542768935,-27.792460210376152,13.35175902818597,315,False,29,5.561633850389122,-27.820759955181586,12.947717961633343,0_0_0_10_14_16,-25.0,43,offpacket_bootstrap,offpacket,4.0,2.7772468047215675,3.4499158472088474
1,20,860,multiscale_only_diverse16,16,318,False,28,0.8062917119455939,-14.073802698285022,15.528348778308311,319,False,27,0.053042003413070055,-12.921757218965624,16.169530543687202,318,False,28,0.05282929818877138,-13.908120041954179,15.748253986191859,318,False,28,0.055070796541347805,-13.734022405399774,10.277955543754164,318,False,78,0.08284081301550941,-12.426117474461192,6.831097112667427,318,False,28,0.7734739272479433,-14.247900334839425,20.786356129710477,318,False,28,10.43495340660793,-14.229147486834082,15.58899602706922,318,False,28,5.570601781970464,-14.419689171947516,15.22499419257227,0_0_0_10_14_16,-25.0,43,offpacket_bootstrap,offpacket,4.0,2.7772468047215675,3.4499158472088474
1,21,553,multiscale_only_diverse16,16,553,True,1,0.8405288380463958,18.713862214456427,43.840554700076105,552,False,3,0.002560317622946528,-5.619786413291422,30.13462680696081,553,True,1,0.05252216968188242,18.615330942400654,43.421067585018285,553,True,1,0.05252828003534623,12.493106008712264,36.06337910578824,553,True,1,0.053466004176094595,7.137705433885606,31.00891747520837,553,True,1,0.840431063508689,18.755698732415265,51.29041417800672,553,True,1,12599.264431972932,18.722278608696005,43.840676677455086,553,True,1,6.254404117032553,18.815295936353092,43.32944618349829,0_0_0_10_14_16,-25.0,43,offpacket_bootstrap,offpacket,4.0,2.7772468047215675,3.4499158472088474
1,22,629,multiscale_only_diverse16,16,629,True,1,0.8620937593679088,20.965798966090322,35.04129424818194,628,False,2,0.007362012111739949,-0.2725164410301083,27.1509848486968,629,True,1,0.05384272925970328,21.035045871770038,35.146265936563864,629,True,1,0.05385141081771142,12.638904910896649,32.53095280257056,629,True,1,0.055066704659476315,7.026791668554156,28.260840110112827,629,True,1,0.861954778478332,21.057524922104378,37.70814938154289,629,True,1,2840.5751222968315,21.070289725928376,35.09795485964373,629,True,1,6.431363655823949,20.8821659003795,35.074470769409245,0_0_0_10_14_16,-25.0,43,offpacket_bootstrap,offpacket,4.0,2.7772468047215675,3.4499158472088474
1,23,759,multiscale_only_diverse16,16,759,True,1,1.8601121788629058,7.033503636275457,7.733101787710428,760,False,1024,0.0003589412796241209,-20.41729775765644,-17.376297769296,759,True,1,0.11608328039119846,7.031913927066897,7.727486711035612,759,True,1,0.17457555438158506,3.052482789652762,3.4704649939402534,759,True,1,0.5451840274000684,1.2930320113501546,2.3600622403344462,759,True,1,1.2368737672518184,10.7976192547552,11.994315198385097,759,True,1,154.5282843008146,22.268065493946985,40.10103607496064,759,True,1,17.392549840460138,6.231045867448076,6.790872697509376,0_0_0_10_14_16,-25.0,43,offpacket_bootstrap,offpacket,4.0,2.7772468047215675,3.4499158472088474
1,24,874,multiscale_only_diverse16,16,718,False,41,0.8343767515140286,-23.6608175650707,11.546741424909467,718,False,45,0.04114146952037309,-23.43034069942386,10.751820957431608,718,False,39,0.05527387914049719,-23.39352380616976,11.475960067126152,718,False,120,0.06405597885573412,-22.756499669328292,5.687098075625288,718,False,191,0.1567823063530072,-19.13407485404918,4.333678041162114,718,False,40,0.7199833730539986,-24.29784170191217,17.851958771861522,718,False,39,5.207408471503058,-23.46294382552157,11.875206216587276,718,False,39,6.429877100739298,-23.528857812822256,11.263647921470408,0_0_0_10_14_16,-25.0,43,offpacket_bootstrap,offpacket,4.0,2.7772468047215675,3.4499158472088474
1,25,720,multiscale_only_diverse16,16,716,False,21,3.9672034092607333,-4.7348516617230345,24.19329931231656,702,False,3,0.13971113233653462,-0.4980950971053,21.143327977535115,716,False,21,0.25004375106069776,-4.702738017535927,24.05075753225794,716,False,21,0.251829092841683,-4.685458484153902,16.49331914198696,716,False,45,0.29811179632523316,-4.386432955523244,11.963036569555197,716,False,21,3.9390779297130907,-4.752131195105057,32.05737433818384,716,False,21,47.53680405339117,-4.863214473324601,23.90007459445375,716,False,21,29.666719080115126,-4.727241531968302,23.684916654637412,0_0_0_10_14_16,-25.0,43,offpacket_bootstrap,offpacket,4.0,2.7772468047215675,3.4499158472088474
1,26,314,multiscale_only_diverse16,16,314,True,1,0.6768538649311928,21.19928697492666,40.17789913624302,314,True,1,0.010527507982839194,2.96779703507064,34.008858635858125,314,True,1,0.042399460731556475,21.48045251547375,40.12055220849692,314,True,1,0.04241559442351169,12.835044545074235,33.250653497463595,314,True,1,0.044781288087616784,7.279601992943281,28.190928301158937,314,True,1,0.6765964088727804,21.400206330684952,47.32808711393027,314,True,1,6820.076274885849,21.047440698394077,40.18144316154409,314,True,1,5.079692107761725,21.19616139561358,39.97767964122017,0_0_0_10_14_16,-25.0,43,offpacket_bootstrap,offpacket,4.0,2.7772468047215675,3.4499158472088474
1,27,602,multiscale_only_diverse16,16,602,True,1,0.8331193190725941,21.064520799230337,43.37459593471499,601,False,3,0.005429081655259503,-2.2524121124567116,33.5307116076056,602,True,1,0.052046760192745775,21.073672250778625,43.14579678791298,602,True,1,0.05205363471280581,12.849007650000857,35.860391777829754,602,True,1,0.05419631271405699,7.50819188202605,30.60933494430624,602,True,1,0.8330092922607688,21.158865306427682,50.99555129141879,602,True,1,12208.747646775015,21.162425483600313,43.434845299106506,602,True,1,6.182366259663628,21.022410704636293,42.78710572189431,0_0_0_10_14_16,-25.0,43,offpacket_bootstrap,offpacket,4.0,2.7772468047215675,3.4499158472088474
1,28,7,multiscale_only_diverse16,16,7,True,1,0.8409925165427836,22.133111363044446,43.19345081582676,7,True,1,0.052157703533433644,21.61387306628626,43.617590460249474,7,True,1,0.052564666652786016,22.119551799618,42.92834890646609,7,True,1,0.05256785425063553,13.3959220693418,35.85231189632411,7,True,1,0.053285445776333755,8.032747705387402,30.50114476263328,7,True,1,0.8409415206256894,22.255466788186403,50.49518098414609,7,True,1,12245.157669705708,22.13945226413675,43.304542021813255,7,True,1,6.2681207972081046,22.044894169499184,42.56151374539285,0_0_0_10_14_16,-25.0,43,offpacket_bootstrap,offpacket,4.0,2.7772468047215675,3.4499158472088474
1,29,610,multiscale_only_diverse16,16,610,True,1,0.8298993045355587,22.378442235599675,42.775881188125034,609,False,3,0.006096613518758599,-1.5881834167696312,33.92231562634527,610,True,1,0.05191981479771325,22.44580836808491,42.606038343018085,610,True,1,0.05192391352269059,12.771455355765283,35.87656302398523,610,True,1,0.05307617096411085,7.426227384704117,30.663701567519155,610,True,1,0.8298337946620264,22.500739058951694,49.90092459678155,610,True,1,11339.961350745476,22.444463267035562,42.84199293872905,610,True,1,6.177404042108852,22.408942317269116,42.55945412796274,0_0_0_10_14_16,-25.0,43,offpacket_bootstrap,offpacket,4.0,2.7772468047215675,3.4499158472088474
1,30,807,multiscale_only_diverse16,16,807,True,1,0.8434958746167922,22.922880059084356,42.98412570004247,807,True,1,0.028506135781463462,9.251136337039453,40.46097862669686,807,True,1,0.05275091611123273,22.851670435057304,42.74067799569325,807,True,1,0.05275317272958282,13.025747387863454,35.871955971331595,807,True,1,0.05373182709173895,7.72261464781592,30.71989268078175,807,True,1,0.8434597924596368,23.06674417456768,49.90224591868746,807,True,1,11593.602014176106,22.898144560683285,42.99320346381907,807,True,1,6.263935361600019,22.775974538400977,42.42578529224403,0_0_0_10_14_16,-25.0,43,offpacket_bootstrap,offpacket,4.0,2.7772468047215675,3.4499158472088474
1,31,897,multiscale_only_diverse16,16,897,True,1,0.8340802682021753,19.414308432029788,42.82850537051968,897,True,1,0.041116454884848476,13.384984677367227,41.91436398677867,897,True,1,0.052122480010971715,19.304588049064844,42.717863196874575,897,True,1,0.052129521271211364,13.24188144784686,35.875744498435374,897,True,1,0.053538229744953196,8.009418344339418,30.554823569097948,897,True,1,0.8339676069675054,19.476619030722205,50.16680327200941,897,True,1,11148.228094235108,19.396883481794585,42.901119772964755,897,True,1,6.173524480968404,19.320784163425444,42.3710754295934,0_0_0_10_14_16,-25.0,43,offpacket_bootstrap,offpacket,4.0,2.7772468047215675,3.4499158472088474
1,32,749,multiscale_only_diverse16,16,125,False,23,1.053152371046636,-1.5096196560350996,6.67731386398755,369,False,256,0.029488303822905643,-5.207706534309966,3.3475858128461287,125,False,49,0.0550512600023409,-2.586838904710018,5.780508637674123,126,False,231,0.09854279058528324,-1.8213710555543372,1.1473784685780366,623,False,116,0.3861875622535526,-1.714723922836619,1.9266701460902729,124,False,26,0.5883470993283269,-2.3264159737343975,11.182540569439299,749,True,1,21.39027930110466,14.417458654702205,23.313996097277364,126,False,24,8.944163440685994,-2.1051595166519577,6.92912202418735,0_0_0_10_14_16,-25.0,43,offpacket_bootstrap,offpacket,4.0,2.7772468047215675,3.4499158472088474
1,33,584,multiscale_only_diverse16,16,584,True,1,0.8156280691314102,19.42887824446681,42.1318842779,583,False,3,0.005000942198876185,-2.8269681873390256,31.999601467370237,584,True,1,0.050881646162390735,19.45535258668357,41.963241778860684,584,True,1,0.050894866689809186,12.844409748412854,35.34830151168366,584,True,1,0.05131535168273659,7.459832387210691,30.220322993142542,584,True,1,0.8154162003526406,19.495634791434703,48.816111595550694,584,True,1,8699.692512267922,19.447635644068047,42.19714145856547,584,True,1,6.079845361325219,19.46903495633218,41.885902520205875,0_0_0_10_14_16,-25.0,43,offpacket_bootstrap,offpacket,4.0,2.7772468047215675,3.4499158472088474
1,34,934,multiscale_only_diverse16,16,529,False,8,0.9995389516216733,-1.232789219416169,8.613664489185787,402,False,22,0.052127053804274515,-2.0448748919123836,7.664976568512188,773,False,8,0.05920376164702462,-1.104160787917218,8.317366990896236,29,False,48,0.08571169537410996,-1.7865494052325106,2.3913581246750444,747,False,300,0.1974871533634688,-4.014358252895938,0.8664581820177076,773,False,5,0.6904129662869933,-1.1531744175858762,14.294621017744838,452,False,6,5.437737198388707,-0.7387333872766673,8.99955081410892,452,False,14,7.2980280210785065,-1.6105260447466159,8.258348388018527,0_0_0_10_14_16,-25.0,43,offpacket_bootstrap,offpacket,4.0,2.7772468047215675,3.4499158472088474
2,0,803,multiscale_only_diverse16,16,803,True,1,0.8020472975011081,24.088085280892507,42.7647413880926,803,True,1,0.02652434419361106,9.258119617680748,39.73930519715765,803,True,1,0.05020053461423786,24.19438892665835,42.4236275838825,803,True,1,0.05020917541682459,12.827115813662298,35.6800571597242,803,True,1,0.051044758839281154,7.5071691310109765,30.601847440038775,803,True,1,0.8019092683001624,24.197664765039328,49.82363917076597,803,True,1,11177.509902919668,24.062427713229518,42.73164893174667,803,True,1,5.9720741095273935,23.70476483340067,42.03249058244714,0_0_0_10_14_16,-25.0,43,offpacket_bootstrap,offpacket,4.0,2.7772468047215675,3.4499158472088474
2,1,826,multiscale_only_diverse16,16,893,False,17,1.0269212481130694,-9.940045337383236,27.438445675449344,893,False,17,0.037746271532103484,-11.976110443690072,25.259249978883645,894,False,17,0.06510818331525754,-9.877717109997642,26.90702623538951,894,False,27,0.06575912463603989,-9.836742705912343,17.704547925999524,893,False,56,0.08588808334174966,-8.861168471151696,13.700589767933051,893,False,17,1.0167558835756616,-9.980630122440179,37.26033043018214,894,False,17,33.876157175681044,-10.060833115483645,27.217313208344656,893,False,17,7.665843630675317,-9.91768201660789,26.42412856549405,0_0_0_10_14_16,-25.0,43,offpacket_bootstrap,offpacket,4.0,2.7772468047215675,3.4499158472088474
2,2,922,multiscale_only_diverse16,16,620,False,48,0.9998784102209015,-22.88791274843696,15.56462163913694,621,False,31,0.11388087712253574,-19.595545390787304,17.90383701037865,620,False,50,0.05746912616312021,-23.2309505483156,14.802598097398485,620,False,175,0.06332266484757897,-22.81203188332626,6.318757381146924,620,False,347,0.11412292801097218,-20.520497929193716,3.203683999338806,620,False,46,0.9074497834713603,-23.306831413426302,24.606173601279714,620,False,49,3.399765819151821,-23.197059419860917,14.998857595083877,620,False,49,7.4908151025934995,-22.880998150123368,14.66414057607366,0_0_0_10_14_16,-25.0,43,offpacket_bootstrap,offpacket,4.0,2.7772468047215675,3.4499158472088474
2,3,718,multiscale_only_diverse16,16,718,True,1,0.810761883517003,25.648971744607504,42.61838111928996,718,True,1,0.017179451917484666,5.129137777550574,37.89822273119184,718,True,1,0.050575504427476485,25.589766080008587,42.063872722311196,718,True,1,0.050580338801236954,12.906548178478891,35.68447385376888,718,True,1,0.05166238292588338,7.617841075527502,30.4466344761384,718,True,1,0.8106843924193046,25.75246051515631,49.52836235487836,718,True,1,10856.570172789023,25.636337974151992,42.60420222464618,718,True,1,6.048612330012737,25.575496851989588,42.09201411972696,0_0_0_10_14_16,-25.0,43,offpacket_bootstrap,offpacket,4.0,2.7772468047215675,3.4499158472088474
2,4,86,multiscale_only_diverse16,16,86,True,1,0.5188328898634751,6.6808642869962975,14.84447489307593,86,True,1,0.060650964885538915,9.451049334478006,17.20426222684611,86,True,1,0.032329113298175775,6.497272099247558,14.190251176381128,86,True,1,0.035965012176677254,5.424168030292389,8.357115714950808,86,True,1,0.07576272889568691,1.936373936695588,7.1085967263454215,86,True,1,0.46638124844271656,7.753968355951466,20.896971691965668,86,True,1,439.3996169454688,17.635183523354012,35.925359917146366,86,True,1,3.552229532909401,5.980684070505462,14.279419140468088,0_0_0_10_14_16,-25.0,43,offpacket_bootstrap,offpacket,4.0,2.7772468047215675,3.4499158472088474
2,5,468,multiscale_only_diverse16,16,836,False,206,0.6320418959554708,-7.228304122516526,3.8489106786376253,191,False,67,0.06423831920232888,-3.6902680729356514,5.630615859545388,836,False,198,0.040243999618765014,-7.8329135083120285,3.87795832992572,836,False,419,0.09459566227006952,-5.118789185789863,0.342931694830821,668,False,742,0.2222799267538827,-7.655885998745413,-0.9923493780231745,836,False,183,0.26889069973691077,-9.942428445038692,7.346261570626657,836,False,183,1.767121179213513,-7.759715860133122,3.945896570885139,836,False,285,4.311556368048309,-7.530082381666067,2.85823429261084,0_0_0_10_14_16,-25.0,43,offpacket_bootstrap,offpacket,4.0,2.7772468047215675,3.4499158472088474
2,6,89,multiscale_only_diverse16,16,158,False,91,0.5429058825504605,-4.614387020828818,5.417420990233527,288,False,125,0.03332803991365531,-4.304722571514276,4.988535329657042,605,False,84,0.037473690207390185,-4.371536060167326,5.814689768549687,108,False,94,0.08264300860027235,-2.60085646881476,1.6584394102793143,108,False,316,0.2141336380081665,-4.066880304561971,0.806125896515834,157,False,97,0.24617553497923683,-6.6111369171483325,9.049032070797669,158,False,91,2.486629182719926,-4.193344145189045,5.459031140195311,158,False,159,3.334162516521722,-5.8549208760904285,4.2748486445492695,0_0_0_10_14_16,-25.0,43,offpacket_bootstrap,offpacket,4.0,2.7772468047215675,3.4499158472088474
2,7,713,multiscale_only_diverse16,16,713,True,1,0.7321919155220371,11.089335298183334,18.050463906178155,713,True,1,0.014625216827145508,4.74905523492996,13.045489515784272,713,True,1,0.04391635757820827,10.904990937990577,17.81841912708325,713,True,1,0.04674969438600556,8.43271586361946,11.298116947613913,713,True,1,0.07840081877891103,3.672445800777075,7.620402693848485,713,True,1,0.6878163034059244,13.276955138851376,24.370276050004655,713,True,1,1203.2300270832486,19.96373747892025,40.138985386447814,713,True,1,5.572015575625307,11.135342998398698,18.139987174257527,0_0_0_10_14_16,-25.0,43,offpacket_bootstrap,offpacket,4.0,2.7772468047215675,3.4499158472088474
2,8,865,multiscale_only_diverse16,16,990,False,9,1.678754654891236,-1.0851174671711552,8.9683608474377,120,False,19,0.08755804352478218,-2.824050281780016,7.6638239718614365,990,False,11,0.10285581435806072,-1.8188673459452027,8.384870624322392,681,False,44,0.13280713589825188,-2.070693731165519,2.5996567787423848,335,False,223,0.32549361497434354,-4.56276285972519,1.4350766074070616,990,False,6,1.3001536097315693,-1.1322382967852587,14.665629287602012,842,False,7,5.262638696658212,-1.1039700411993822,8.944309427765479,936,False,15,10.720487227718575,-1.480171448478186,8.303430978700511,0_0_0_10_14_16,-25.0,43,offpacket_bootstrap,offpacket,4.0,2.7772468047215675,3.4499158472088474
2,9,492,multiscale_only_diverse16,16,492,True,1,0.6445246850360178,18.846054544474878,40.4233626523144,491,False,3,0.003747265606692683,-3.1857151214845274,29.840111488899,492,True,1,0.04010962500450136,18.80681062987486,40.11000695752823,492,True,1,0.0401233466609541,12.993934293123273,33.24469561754072,492,True,1,0.041761601844140024,7.651643538594314,28.227083388506312,492,True,1,0.6443042660769985,18.905949538601124,47.56855806455267,492,True,1,6333.636682081543,18.77398439818355,40.4405467289481,492,True,1,4.820661329303797,18.755487536404523,39.96043279077404,0_0_0_10_14_16,-25.0,43,offpacket_bootstrap,offpacket,4.0,2.7772468047215675,3.4499158472088474
2,10,765,multiscale_only_diverse16,16,765,True,1,0.7006273922031347,3.7044704886757582,14.832889171571592,765,True,1,0.02049467148358864,1.191935902572706,10.76024456360308,765,True,1,0.046990016733792925,4.409070926745398,14.918815355544599,765,True,1,0.05336695019835102,3.7816867583568756,8.133774836882912,765,True,1,0.14029760061813798,3.144343004124701,7.134257991425653,765,True,1,0.6169078945192613,4.177096733845523,21.343593622796774,765,True,1,67.46457133866882,11.509016423246546,21.165877870220577,765,True,1,4.8527681190501974,3.13622346719809,14.281009163994355,0_0_0_10_14_16,-25.0,43,offpacket_bootstrap,offpacket,4.0,2.7772468047215675,3.4499158472088474
2,11,1023,multiscale_only_diverse16,16,519,False,116,0.6173138489097063,-4.113798656298989,4.580748210949624,284,False,290,0.02357450735204075,-8.055361515325863,2.4612892417984007,519,False,238,0.02746465335733188,-5.9508715513057,2.998007596696451,519,False,218,0.08430955074793753,-3.286441400625138,1.1524191825250383,127,False,99,0.3361907614627207,-3.0325343498810042,2.0416643050012513,120,False,189,0.20109596982285174,-6.813701539078224,6.419914784162188,120,False,184,1.7363945857410752,-5.624342453048829,3.603345745266328,1019,False,329,2.7226296333853233,-7.552578333559965,2.327055032019919,0_0_0_10_14_16,-25.0,43,offpacket_bootstrap,offpacket,4.0,2.7772468047215675,3.4499158472088474
2,12,597,multiscale_only_diverse16,16,597,True,1,0.8056200532217339,19.438904481106633,42.823246808482,596,False,2,0.007421267686251344,-0.8848211227648816,34.37650168749913,597,True,1,0.05028847695072503,19.462553129136893,42.476805379332056,597,True,1,0.0502992171759519,13.166026275767283,35.57501924440069,597,True,1,0.051548865293648834,7.591035502548636,30.53460988915763,597,True,1,0.8054480318403948,19.51591615319903,50.237820015515744,597,True,1,10625.789982657443,19.4499816183141,42.82076444545855,597,True,1,5.993463262390319,19.362623300090604,42.497642736468194,0_0_0_10_14_16,-25.0,43,offpacket_bootstrap,offpacket,4.0,2.7772468047215675,3.4499158472088474
2,13,562,multiscale_only_diverse16,16,562,True,1,0.7907706160671388,18.138250331233778,42.94987009085621,561,False,2,0.00619598866718805,-1.793174249408155,33.54805119512634,562,True,1,0.049366778370197636,18.135442362444326,42.795212069006546,562,True,1,0.049373854272505895,13.140176195545916,35.591162067640944,562,True,1,0.05022966334724478,7.801279467179882,30.562011476504626,562,True,1,0.7906572885639496,18.182166275743604,50.34188738996275,562,True,1,11003.995727701604,18.154572603183375,42.934405103648274,562,True,1,5.92997542878962,18.286615770821726,42.821358181501516,0_0_0_10_14_16,-25.0,43,offpacket_bootstrap,offpacket,4.0,2.7772468047215675,3.4499158472088474
2,14,478,multiscale_only_diverse16,16,478,True,1,0.7943297753604952,17.857278698793454,43.274116994195225,477,False,2,0.005458486401109025,-2.3792727679516297,33.12699909574689,478,True,1,0.04965346613924926,17.80911302879921,43.02123968155499,478,True,1,0.04966067352850469,13.182725389641817,35.645329425313925,478,True,1,0.05070960308361341,7.769416105497793,30.552941961223485,478,True,1,0.794214492109556,17.897322061902276,51.05451386297642,478,True,1,10786.166360831385,17.881363044605152,43.26527690274234,478,True,1,5.915233678985556,17.759936024636097,42.79665184709042,0_0_0_10_14_16,-25.0,43,offpacket_bootstrap,offpacket,4.0,2.7772468047215675,3.4499158472088474
2,15,267,multiscale_only_diverse16,16,267,True,1,0.7833496893437228,17.94351072069613,42.632509661151666,267,True,1,0.018646326817430652,3.943950027760563,38.64925192021073,267,True,1,0.04898141568137713,17.88087436296797,42.39821674922403,267,True,1,0.04898689300572216,13.710966142444413,35.38971789302762,267,True,1,0.05024094540362857,8.264347560534606,30.243119776183928,267,True,1,0.7832621014184463,17.976822701013656,50.217373962989484,267,True,1,9796.12081905272,17.92967059000071,42.76526580927951,267,True,1,5.836673490178376,17.884714462493786,42.352577753816824,0_0_0_10_14_16,-25.0,43,offpacket_bootstrap,offpacket,4.0,2.7772468047215675,3.4499158472088474
2,16,917,multiscale_only_diverse16,16,917,True,1,0.7725071048661825,13.491585813375806,42.62558633792043,917,True,1,0.04053253731113582,10.33022787205178,42.39053715056812,917,True,1,0.048250616307141364,13.486533898626636,42.36774348723757,917,True,1,0.04825563703424976,13.478159918295525,35.41089448384186,917,True,1,0.04911576642888059,8.07323654609196,30.2212391606356,917,True,1,0.7724267298550708,13.499959793706914,50.008398357236516,917,True,1,10102.810575156811,13.513908405121882,42.62949114412427,917,True,1,5.752555136178291,13.506099143860377,42.22542476092437,0_0_0_10_14_16,-25.0,43,offpacket_bootstrap,offpacket,4.0,2.7772468047215675,3.4499158472088474
2,17,656,multiscale_only_diverse16,16,656,True,1,0.767969343799578,14.81313067060082,42.70196655969723,657,False,2,0.00826467124395172,-0.24041804410577922,34.83921391841217,656,True,1,0.048088955423142725,14.813197693769276,42.430351657701436,656,True,1,0.04809190771877783,12.112982523203469,35.509940578856046,656,True,1,0.049001683201203135,6.844066763597371,30.42303315133396,656,True,1,0.7679221992247599,14.831152128559527,49.57917590928686,656,True,1,9683.77140788829,14.844740249314686,42.68954127636617,656,True,1,5.710659074097363,14.777057249367989,42.33838945321315,0_0_0_10_14_16,-25.0,43,offpacket_bootstrap,offpacket,4.0,2.7772468047215675,3.4499158472088474
2,18,889,multiscale_only_diverse16,16,889,True,1,0.7697937007855593,19.34039720964701,42.49481168447624,889,True,1,0.03687142189217855,13.406634822732833,41.993812034681206,889,True,1,0.04812608652967138,19.36887754654671,42.321164732044494,889,True,1,0.048138856994311204,12.36321213861747,35.58162661914829,889,True,1,0.049145528039457174,6.948994395885153,30.4017812600987,889,True,1,0.7695894868957903,19.403844865771514,50.02141448137361,889,True,1,8934.619481547206,19.383010513374824,42.391450598974146,889,True,1,5.718675707927012,19.36661115650312,42.00759107576499,0_0_0_10_14_16,-25.0,43,offpacket_bootstrap,offpacket,4.0,2.7772468047215675,3.4499158472088474
2,19,510,multiscale_only_diverse16,16,510,True,1,0.761500177394069,13.691084887838132,42.470658270217896,511,False,5,0.0004543170014781706,-13.553937926928823,22.058826084031903,510,True,1,0.047530326728947345,13.684370959043715,41.97385932044523,510,True,1,0.04753536865663451,12.073266264556201,35.333714935478824,510,True,1,0.04828685382747524,6.663742063423438,30.282303789485482,510,True,1,0.7614194074550387,13.707010012813045,49.24672393022683,510,True,1,9792.972469076334,13.734748010944301,42.45562261204313,510,True,1,5.678540601159267,13.656279216061991,41.98590631598535,0_0_0_10_14_16,-25.0,43,offpacket_bootstrap,offpacket,4.0,2.7772468047215675,3.4499158472088474
2,20,860,multiscale_only_diverse16,16,860,True,1,0.7912963931364771,19.083796464506698,42.64730356565897,860,True,1,0.03435849992001822,11.473013034341637,41.24173538019038,860,True,1,0.04941971944208714,19.037438982724005,42.66748214352506,860,True,1,0.04942637566426201,12.404250248362985,35.633147444656814,860,True,1,0.051172166496300284,7.165463500403463,30.667302433072834,860,True,1,0.791189829696854,19.11528310945921,49.96850300170792,860,True,1,9750.739886049725,19.063527880503795,42.70373812262153,860,True,1,5.889870051598896,19.179962888561754,42.26021434647636,0_0_0_10_14_16,-25.0,43,offpacket_bootstrap,offpacket,4.0,2.7772468047215675,3.4499158472088474
2,21,553,multiscale_only_diverse16,16,553,True,1,0.713635470697227,13.017706078244144,41.62658818271435,554,False,3,0.0010259790427209693,-9.275672085815483,24.748754411267733,553,True,1,0.04481752170402036,13.140862397999653,41.40592862102249,553,True,1,0.044847330437953845,12.054520033506538,34.44267020102482,553,True,1,0.047060727599318154,6.753349625560174,29.55674226580133,553,True,1,0.713161137673081,13.049999408814866,49.05812208585913,553,True,1,8766.73164892296,13.050762427918368,41.733673890455165,553,True,1,5.314668122402967,12.97978165571447,41.38998161438047,0_0_0_10_14_16,-25.0,43,offpacket_bootstrap,offpacket,4.0,2.7772468047215675,3.4499158472088474
2,22,629,multiscale_only_diverse16,16,629,True,1,0.8635126556742421,1.2095189161003574,4.379570579253599,630,False,293,0.03205802775629311,-2.5713020540390246,2.228354327869811,629,True,1,0.05412014141092139,1.2229537910073112,4.381187123150452,629,True,1,0.11335022073331366,0.48613812255638883,1.5933826556624524,373,False,474,0.3529933669271034,-2.6221182284522087,0.4756951747934387,629,True,1,0.41229233373230906,1.893732223805119,7.152483510639424,629,True,1,93.6968404848557,14.74594007495197,37.766299181852304,629,True,1,5.40637419107708,1.4422714724210814,4.543921456673344,0_0_0_10_14_16,-25.0,43,offpacket_bootstrap,offpacket,4.0,2.7772468047215675,3.4499158472088474
2,23,759,multiscale_only_diverse16,16,759,True,1,0.7633171512043333,17.969540147251905,41.532773967220386,759,True,1,0.021150274166661195,6.9808621207998645,38.392491148920556,759,True,1,0.04767121579753928,17.981424894140776,41.46913128502454,759,True,1,0.04768244637471572,12.306498658254025,34.842398326515834,759,True,1,0.048457199955786706,6.952589413079279,29.750299350081022,759,True,1,0.7631373682269808,18.003369025595468,48.29051426898809,759,True,1,7947.9558059776,17.985880376299136,41.600591676789236,759,True,1,5.686337111847676,18.00327130595284,40.98901773962326,0_0_0_10_14_16,-25.0,43,offpacket_bootstrap,offpacket,4.0,2.7772468047215675,3.4499158472088474
2,24,874,multiscale_only_diverse16,16,874,True,1,0.8108872600894443,20.790588672177577,42.71648508678141,874,True,1,0.03656164980302562,13.873041013054506,41.70644383404073,874,True,1,0.05067808349791884,20.858570302097668,42.294575358800486,874,True,1,0.0506830200252497,12.54853762153201,35.711276697637906,874,True,1,0.0516750008387121,7.18981266785221,30.603050251837992,874,True,1,0.8108082796514261,20.87233708927519,49.68521196029342,874,True,1,9855.969514373632,20.80829802072516,42.75705259730319,874,True,1,6.03997682998276,20.58637914312886,42.470348299948135,0_0_0_10_14_16,-25.0,43,offpacket_bootstrap,offpacket,4.0,2.7772468047215675,3.4499158472088474
2,25,720,multiscale_only_diverse16,16,720,True,1,0.7954757272871262,16.283590513686715,42.095506287248206,720,True,1,0.015273155327242376,4.28045154730704,37.40237649975622,720,True,1,0.04970171077865673,16.267517406507096,41.984296199500726,720,True,1,0.04970697528238107,12.451143509982522,35.548424891139895,720,True,1,0.051227633724129036,7.247900286628958,30.49882668901152,720,True,1,0.7953914778451691,16.311128285029678,48.756863576047266,720,True,1,9400.767452312706,16.342315733224652,42.246464139536116,720,True,1,5.942438463971095,16.320667360390907,41.88279673646592,0_0_0_10_14_16,-25.0,43,offpacket_bootstrap,offpacket,4.0,2.7772468047215675,3.4499158472088474
2,26,314,multiscale_only_diverse16,16,120,False,36,1.134944833393149,-2.2368380626310067,6.5219072218031515,121,False,680,0.009968488064584495,-11.430406900486027,-2.0626098879398254,119,False,40,0.07497538731928494,-2.279476094203762,6.0492309734679575,119,False,21,0.16392002998373542,-0.9803447498505653,3.24002744079029,760,False,260,0.3073670187418492,-3.1665199169843987,1.1589297268454692,120,False,68,0.5191124506145821,-3.6063834028522384,9.373197583811734,314,True,1,26.618889626283064,9.466292054315407,24.757261934393142,314,True,1,12.209749203120488,0.3813601551126411,8.422591609912807,0_0_0_10_14_16,-25.0,43,offpacket_bootstrap,offpacket,4.0,2.7772468047215675,3.4499158472088474
2,27,602,multiscale_only_diverse16,16,607,False,320,0.3683148485970946,-7.703185794230833,2.2992137645168325,105,False,232,0.029720089079779036,-7.062244924372477,3.31210784293187,105,False,224,0.0310539727976398,-6.557508329704995,3.5494632657201275,105,False,332,0.08454331221189097,-4.235120361191266,0.5570864382341678,809,False,602,0.21774540588544924,-5.095711105174244,-0.3916838329465636,606,False,267,0.13528733367619702,-10.104969325088453,4.995975592897803,530,False,135,2.1783436095430138,-5.3538033427871135,4.731347361252695,606,False,447,1.947144745420262,-9.597029385959944,0.7615773474688053,0_0_0_10_14_16,-25.0,43,offpacket_bootstrap,offpacket,4.0,2.7772468047215675,3.4499158472088474
2,28,7,multiscale_only_diverse16,16,7,True,1,0.8300518920805224,25.817917828579063,42.69841172332164,7,True,1,0.05142530596250355,25.233872203164122,43.25001925275737,7,True,1,0.0517939965542946,25.852220352973948,42.64161240988027,7,True,1,0.05180077345631994,13.226007643637015,35.67137637463543,7,True,1,0.05342829058659986,7.863469511302592,30.5031152432902,7,True,1,0.8299432994867588,26.032786425864643,50.075508464976494,7,True,1,11337.026098773276,25.80799844282845,42.658531518509584,7,True,1,6.146443644614674,25.83030918912122,42.355388406550404,0_0_0_10_14_16,-25.0,43,offpacket_bootstrap,offpacket,4.0,2.7772468047215675,3.4499158472088474
2,29,610,multiscale_only_diverse16,16,610,True,1,0.8025349462333367,16.053710063958,43.06423368496985,609,False,3,0.004832139250332625,-2.275345357384491,32.82080093045588,610,True,1,0.05011764450245205,16.03569007308798,42.79410187703591,610,True,1,0.0501309749735369,12.4929466876398,35.72195146069045,610,True,1,0.050881365203894406,7.143378127516559,30.49453795518685,610,True,1,0.8023215418680517,16.07463608904791,50.16485961198648,610,True,1,10616.458461765122,16.099475447519673,43.09022236348072,610,True,1,6.010712284893862,15.999952159545003,42.67025967623651,0_0_0_10_14_16,-25.0,43,offpacket_bootstrap,offpacket,4.0,2.7772468047215675,3.4499158472088474
2,30,775,multiscale_only_diverse16,16,775,True,1,0.8072169313600739,18.846927590355197,42.40929702207645,775,True,1,0.023093644312873526,8.470190144760958,39.506992689733934,775,True,1,0.05047250286630196,18.87339157187306,42.23590416776743,775,True,1,0.050478694021163284,12.532150903506473,35.69367888590782,775,True,1,0.05148515572343227,7.160054145986191,30.60403863596687,775,True,1,0.8071179271143096,18.90176494358989,49.20518405513759,775,True,1,9950.683281559912,18.802274019483946,42.44257628612752,775,True,1,5.997305331507963,18.627944499060046,42.0845567226258,0_0_0_10_14_16,-25.0,43,offpacket_bootstrap,offpacket,4.0,2.7772468047215675,3.4499158472088474
2,31,912,multiscale_only_diverse16,16,912,True,1,0.8300760032818779,21.621206856515286,42.40942897607174,912,True,1,0.043305859238050005,17.060373963843706,41.8671926014779,912,True,1,0.051915130902486194,21.855199695966384,42.114396168775855,912,True,1,0.05192503260094654,12.90301225496049,35.77887650151098,912,True,1,0.053338230039444136,7.400987878812454,30.643735468713974,912,True,1,0.829917714266504,21.724919900812974,48.96670719742719,912,True,1,9511.456882366323,21.62704142593497,42.33150751313534,912,True,1,6.159393871399806,21.403802315076085,41.863531155368385,0_0_0_10_14_16,-25.0,43,offpacket_bootstrap,offpacket,4.0,2.7772468047215675,3.4499158472088474
2,32,768,multiscale_only_diverse16,16,384,False,237,0.47115665597834777,-6.544499555565208,2.8973997165642498,324,False,441,0.016352549316104692,-8.5280750951779,0.7904670003257401,384,False,187,0.03376502881391136,-5.31938250457298,3.6564535324676255,810,False,278,0.08714840729160414,-3.1152515406697474,0.7750626838473579,203,False,274,0.29446015477840704,-4.545419094944312,1.0183145115812646,384,False,218,0.18254628580581836,-9.298559317156077,5.6669828519554235,701,False,199,1.6697264329819712,-5.651516841300493,3.5866024927966955,574,False,168,4.679418208120101,-6.065617877604792,3.99897931311251,0_0_0_10_14_16,-25.0,43,offpacket_bootstrap,offpacket,4.0,2.7772468047215675,3.4499158472088474
2,33,581,multiscale_only_diverse16,16,581,True,1,0.8079129352752581,15.16680936689121,43.367957526428135,580,False,3,0.003249025704809444,-4.551512820115534,30.648011179534628,581,True,1,0.05037213440461564,15.207018438554902,42.772030432264344,581,True,1,0.050387311969923895,12.291735376581205,35.84350793976272,581,True,1,0.0513384844306627,6.833855315232488,30.665545330135913,581,True,1,0.8076695773571806,15.192103217684728,50.60210373130862,581,True,1,11312.728778784047,15.205672982362454,43.340475228021475,581,True,1,6.03902846526562,15.199926660220113,43.0252951077993,0_0_0_10_14_16,-25.0,43,offpacket_bootstrap,offpacket,4.0,2.7772468047215675,3.4499158472088474
2,34,93,multiscale_only_diverse16,16,93,True,1,0.6500668008604329,20.44534239144847,40.34207434426645,93,True,1,0.032420622226327286,13.793016009790417,39.277071753925284,93,True,1,0.04065092740418166,20.507253332768087,40.160532575322904,93,True,1,0.040663752290212615,13.26036424443728,33.01932953587932,93,True,1,0.042504739269881624,7.69813879976866,28.13035766003267,93,True,1,0.6498617771682255,20.535423417319656,47.74543351263113,93,True,1,6552.860363527654,20.485082604997636,40.48156058144929,93,True,1,4.845320370580825,20.378866854289264,40.15663207439552,0_0_0_10_14_16,-25.0,43,offpacket_bootstrap,offpacket,4.0,2.7772468047215675,3.4499158472088474
3,0,222,multiscale_only_diverse16,16,222,True,1,1.933731132729065,1.4315613320817786,15.904791571443047,224,False,10,0.017674652324756707,-2.8311440582510143,8.26656830438776,222,True,1,0.11550917332632261,1.5093394586289501,16.198474147152545,222,True,1,0.12328862992156273,0.8668216907607841,9.8335636624322,401,False,3,0.21945110344787755,-1.4364801497819553,6.963296182144024,222,True,1,1.8117135758505354,2.074079099949944,22.08058670331922,222,True,1,48.25563845075524,7.434345192729915,18.611761684616283,222,True,1,14.658981829273193,1.0021679511664596,15.406378328001304,0_0_0_10_14_16,-25.0,43,offpacket_bootstrap,offpacket,4.0,2.7772468047215675,3.4499158472088474
3,1,711,multiscale_only_diverse16,16,365,False,136,1.127263056583402,-10.474915501819295,5.859841144906027,366,False,643,0.010683998136058786,-16.97322481160471,-1.8161553100164005,365,False,160,0.0643419142522199,-11.03119125537551,5.297900595843923,365,False,168,0.09336377984627221,-9.561667856379891,2.5677162516437315,366,False,428,0.18035279196652265,-8.635938630165466,0.40914982576561015,365,False,144,0.7768565395039596,-11.944438900814912,8.731096242992876,365,False,129,2.196593063013518,-9.575702596834624,6.279981199185674,365,False,95,10.799993780847043,-9.414623961349996,7.052226035291186,0_0_0_10_14_16,-25.0,43,offpacket_bootstrap,offpacket,4.0,2.7772468047215675,3.4499158472088474
3,2,871,multiscale_only_diverse16,16,249,False,8,1.3721261781952876,-1.1105235572113514,8.051875862071446,534,False,823,0.004510525851425354,-13.815902972614822,-5.068271932676919,249,False,22,0.07462898685230265,-1.9744300164318158,7.124943398783472,183,False,56,0.1288524611660953,-1.4545315433969754,2.2246787117080613,859,False,159,0.36464540428306386,-3.4909656311519894,1.7738918568051576,249,False,10,0.7947103655260318,-1.8367062958479365,12.77740806323116,871,True,1,7.657184777641305,0.6030687594713686,10.39693281336892,249,False,16,11.004639327626174,-1.2627880586927152,8.181834998714487,0_0_0_10_14_16,-25.0,43,offpacket_bootstrap,offpacket,4.0,2.7772468047215675,3.4499158472088474
3,3,718,multiscale_only_diverse16,16,718,True,1,0.8261140948370418,24.81050309252071,42.5230477399042,718,True,1,0.017016587915435838,5.029678882069718,37.69892708768139,718,True,1,0.05163353909916803,24.666044753090283,42.320867923820174,718,True,1,0.05164565551287507,12.822912678634431,35.71297606264951,718,True,1,0.05318192209809782,7.456933921495845,30.7431720044637,718,True,1,0.8259202829850503,25.043497185342403,49.441304467925846,718,True,1,10735.549631528675,24.771944754110468,42.65200406660382,718,True,1,6.171888956430277,24.877830354591318,42.30690386076827,0_0_0_10_14_16,-25.0,43,offpacket_bootstrap,offpacket,4.0,2.7772468047215675,3.4499158472088474
3,4,107,multiscale_only_diverse16,16,107,True,1,0.8390406191996682,21.86566367101095,43.18717474709992,107,True,1,0.039568614238195556,12.957651758768542,42.49685357272605,107,True,1,0.05247546241600987,21.801171685924068,42.95024928799087,107,True,1,0.0524796687300741,13.41007707015958,35.70573170725201,107,True,1,0.05365552621197917,8.312401549464786,30.561746032861215,107,True,1,0.8389733689970202,21.930885136724612,50.41978357675112,107,True,1,11972.23532730758,21.889491282835877,43.07766727053028,107,True,1,6.2338935544997405,21.90534022527332,42.54927397858224,0_0_0_10_14_16,-25.0,43,offpacket_bootstrap,offpacket,4.0,2.7772468047215675,3.4499158472088474
3,5,468,multiscale_only_diverse16,16,468,True,1,0.7164469799450082,18.851781888359156,41.1196883806636,467,False,3,0.0035870484496111003,-3.6749070839457736,30.051127457517364,468,True,1,0.04487473146428041,18.92630216552108,40.89897908743761,468,True,1,0.04488863541648274,12.858281923955532,34.243843975238576,468,True,1,0.04640786744861608,7.502343456615639,29.221521493682935,468,True,1,0.7162250653229165,18.908129121089566,47.81144073518375,468,True,1,7667.001523377914,18.846146765916163,41.18892633481895,468,True,1,5.302459841427099,18.785068433899788,40.57269758913935,0_0_0_10_14_16,-25.0,43,offpacket_bootstrap,offpacket,4.0,2.7772468047215675,3.4499158472088474
3,6,89,multiscale_only_diverse16,16,89,True,1,0.6778784478083253,18.264466685258476,40.3941938877295,89,True,1,0.03307300459922848,11.902819431204144,39.18484738480791,89,True,1,0.042326524583471296,18.408323571563255,40.31132214203551,89,True,1,0.04233922340224415,13.63331135227968,33.349098978219715,89,True,1,0.04392338138595198,8.462103995338143,28.268436114832618,89,True,1,0.677675131477344,18.326848027706365,47.25343921697426,89,True,1,6341.705602066744,18.300812704230665,40.2925877206969,89,True,1,5.047804187415355,18.18553093960465,40.00286419793406,0_0_0_10_14_16,-25.0,43,offpacket_bootstrap,offpacket,4.0,2.7772468047215675,3.4499158472088474
3,7,713,multiscale_only_diverse16,16,713,True,1,0.796093685005733,22.430141593853854,42.88931238531919,713,True,1,0.0155434642968904,3.971432057763804,37.81692288437445,713,True,1,0.04973076985354168,22.254330851809016,42.7202755677953,713,True,1,0.04974592630733965,13.061111369725392,35.68406622685827,713,True,1,0.05042150334916593,7.511561559547118,30.469059080977296,713,True,1,0.7958511333426863,22.564236151551324,50.240932218231535,713,True,1,10209.372443335178,22.451399008438415,42.84890649325756,713,True,1,5.907238150152901,22.69147721210393,42.43227926004107,0_0_0_10_14_16,-25.0,43,offpacket_bootstrap,offpacket,4.0,2.7772468047215675,3.4499158472088474
3,8,865,multiscale_only_diverse16,16,865,True,1,0.7920437445138759,19.966792075449792,42.65450721957059,865,True,1,0.034776035488457854,11.526462327808389,41.50933595149496,865,True,1,0.049534706349930714,20.035550647789417,42.25473041810104,865,True,1,0.049543769047950804,13.050014631529944,35.69531749452238,865,True,1,0.05054754259768328,7.540763231499144,30.51026160407353,865,True,1,0.7918988614455675,20.072274982798458,49.69243153875403,865,True,1,9765.958145141773,19.953221135218392,42.58796816068963,865,True,1,5.873157474802117,20.013375055801465,42.206493780801935,0_0_0_10_14_16,-25.0,43,offpacket_bootstrap,offpacket,4.0,2.7772468047215675,3.4499158472088474
3,9,492,multiscale_only_diverse16,16,376,False,22,1.0412031193300777,-21.29078119479346,19.50322664158184,375,False,101,0.004629893709703592,-24.705008422267042,6.958790837067452,376,False,22,0.06358156995454142,-21.392091745597387,18.8976050211758,376,False,56,0.07374906894090807,-20.74987672265894,10.560428246945659,376,False,93,0.13812133568920354,-18.16786624081976,7.838941465676335,376,False,24,0.8976564710480118,-21.93299621773192,28.1995954104049,376,False,24,16.05787448832573,-21.59979532522595,19.102001006040986,376,False,24,7.346434441348505,-21.54595638873866,18.49216236282905,0_0_0_10_14_16,-25.0,43,offpacket_bootstrap,offpacket,4.0,2.7772468047215675,3.4499158472088474
3,10,765,multiscale_only_diverse16,16,375,False,18,0.8282294699725412,-26.47575389312047,14.1449271997717,375,False,43,0.01671483179120662,-29.39193232906741,9.39292153428346,375,False,17,0.05384040377415433,-26.307897811245976,14.026444289020741,375,False,56,0.060582091163052486,-25.79602636398599,8.265019853310832,375,False,106,0.1078414683205192,-23.41633851560584,5.621454653664414,375,False,18,0.7360625594940033,-26.987625340380454,20.267291400505325,375,False,18,12.000810749583733,-26.726267603214517,13.93127734255868,375,False,19,5.421290381180326,-27.031827140213274,13.492689184142614,0_0_0_10_14_16,-25.0,43,offpacket_bootstrap,offpacket,4.0,2.7772468047215675,3.4499158472088474
3,11,1023,multiscale_only_diverse16,16,1023,True,1,0.782755155618716,15.789165901147848,42.98154404746931,1023,True,1,0.04906732145710533,15.927265592227887,43.357518701895515,1023,True,1,0.0489814738568349,15.837397781968477,42.72345150865833,1023,True,1,0.04899514001479241,13.75967992412967,35.501175986173024,1023,True,1,0.05042363270553588,8.262836231840252,30.480308837447957,1023,True,1,0.7825368226249637,15.803449885601808,50.673564733045744,1023,True,1,11397.678506623228,15.77107611710969,42.9452444020147,1023,True,1,5.858736969105556,15.761397463047665,42.6307112993764,0_0_0_10_14_16,-25.0,43,offpacket_bootstrap,offpacket,4.0,2.7772468047215675,3.4499158472088474
3,12,597,multiscale_only_diverse16,16,597,True,1,0.8198901937618217,19.849376244566905,43.05073268077703,596,False,2,0.0072869571038417106,-1.0993864808649558,34.414881034586024,597,True,1,0.05123071871823566,19.877423716505838,42.84888832643154,597,True,1,0.05124142065963011,13.149438596078424,35.85668234922612,597,True,1,0.05186132117012509,7.858727382395817,30.60949859806005,597,True,1,0.8197189569637281,19.932530900989384,50.486762591155916,597,True,1,11540.069465612445,19.824507272979247,43.08980656409119,597,True,1,6.098283642929262,19.838879288888503,42.72421583264724,0_0_0_10_14_16,-25.0,43,offpacket_bootstrap,offpacket,4.0,2.7772468047215675,3.4499158472088474
3,13,562,multiscale_only_diverse16,16,562,True,1,0.8228528336658769,18.552641711496097,43.699919228673195,561,False,2,0.005960795801447858,-2.2763908357930873,33.83822298310762,562,True,1,0.05150901020309481,18.62405641435543,43.29080638860557,562,True,1,0.05151293202003706,13.236613659290759,35.94886877571197,562,True,1,0.05256512931142868,7.941635070413006,30.797835743871723,562,True,1,0.8227901876844214,18.599440807404505,51.36371304867926,562,True,1,12008.399349105812,18.565007586509264,43.55542570280029,562,True,1,6.127137765657539,18.748855034651708,43.07954825199141,0_0_0_10_14_16,-25.0,43,offpacket_bootstrap,offpacket,4.0,2.7772468047215675,3.4499158472088474
3,14,478,multiscale_only_diverse16,16,478,True,1,0.8031020094775307,17.889607848941193,42.77288919485801,477,False,2,0.005288846201457632,-2.4906080492391967,32.979771715829216,478,True,1,0.05024423050269539,17.830163291526123,42.30596129639353,478,True,1,0.05025184272367324,13.226769368973773,35.59291588956449,478,True,1,0.051434300640907656,7.862538267716811,30.346428975663006,478,True,1,0.802980354436988,17.924624697497006,50.10167259872061,478,True,1,10662.702384925622,17.879480352138884,42.77642743656447,478,True,1,5.958379159992915,17.89070654484838,42.26270367397218,0_0_0_10_14_16,-25.0,43,offpacket_bootstrap,offpacket,4.0,2.7772468047215675,3.4499158472088474
3,15,267,multiscale_only_diverse16,16,267,True,1,0.38230051735169823,1.9024874136140828,10.198516058492753,267,True,1,0.02156290648672998,0.7551937445483113,9.870812327991738,267,True,1,0.02227655094543959,1.8080655088086626,9.889644866843991,267,True,1,0.03274665043692166,0.9195977652726819,3.829869112407466,437,False,70,0.06970022605250603,-0.881650058718495,2.1645089626863556,267,True,1,0.26006742178585984,2.5197623256701784,15.98759135698115,267,True,1,27.983913198343284,8.988177791333868,15.684180068382965,267,True,1,3.9069040875667826,3.3673849696283287,11.690646657794854,0_0_0_10_14_16,-25.0,43,offpacket_bootstrap,offpacket,4.0,2.7772468047215675,3.4499158472088474
3,16,917,multiscale_only_diverse16,16,282,False,127,0.5763149192221704,-5.006490415699779,5.054645336848439,282,False,64,0.04182501380280952,-4.843375413298097,5.571769388574161,282,False,152,0.032164311704801794,-5.551858378341295,4.412121462337043,282,False,155,0.08463547608483808,-2.7881636657154205,1.4031839760157174,672,False,558,0.18738740432571901,-5.416614178629712,-0.19646018623257874,282,False,142,0.21901894524003632,-7.770185128325654,7.644261681706511,698,False,20,3.988361175602691,-2.266878592748693,7.741963322635765,89,False,41,6.948623589290425,-2.4438357676942593,7.2211326118027035,0_0_0_10_14_16,-25.0,43,offpacket_bootstrap,offpacket,4.0,2.7772468047215675,3.4499158472088474
3,17,656,multiscale_only_diverse16,16,656,True,1,0.9576501931920554,1.7023610280988022,4.963874405806773,656,True,1,0.04862650391417941,0.31060317853991637,5.059806251651175,656,True,1,0.053524024522271424,2.3529667082488195,5.522799279091977,656,True,1,0.1026102890621706,0.5821472439090554,1.7690957354289314,622,False,494,0.32049830067134677,-2.9902792994034306,0.16114546768240662,656,True,1,0.4995336519626529,3.4731804924385656,8.695313459795802,656,True,1,147.94718569089454,19.10404543782446,40.96616800763332,695,False,35,5.943727958414724,-0.08854958870341835,2.9962304311783265,0_0_0_10_14_16,-25.0,43,offpacket_bootstrap,offpacket,4.0,2.7772468047215675,3.4499158472088474
3,18,889,multiscale_only_diverse16,16,889,True,1,0.664575190936123,19.15769155575346,40.72319859100578,889,True,1,0.03232357659001247,13.388811811505725,39.58760011715964,889,True,1,0.041452790348178156,19.109494073756434,40.40548045580159,889,True,1,0.041468845553799254,12.503986390622806,33.44090317740954,889,True,1,0.04263361089733539,6.894885031015559,28.360234900683064,889,True,1,0.6643178919638785,19.285025832083157,47.88498944547716,889,True,1,6867.239475699912,19.193525827347944,40.756943157255435,889,True,1,4.939395707257992,19.30043448216018,40.510477160604985,0_0_0_10_14_16,-25.0,43,offpacket_bootstrap,offpacket,4.0,2.7772468047215675,3.4499158472088474
3,19,510,multiscale_only_diverse16,16,848,False,69,0.4405374673505982,-3.7747799216591686,5.68878453657991,848,False,609,0.004878001638078309,-11.515043551069118,-1.5228903209362168,848,False,36,0.0327246959651637,-2.969051355660883,6.724129443277533,848,False,40,0.06957526752933946,-1.446437565776937,2.5065691819054714,678,False,55,0.2386441904741607,-3.4646367504559477,2.7680615585219193,848,False,72,0.20720660073972733,-5.297393711543112,9.604089047970355,618,False,4,6.348701400217494,-1.0641055128235564,9.217182973061641,848,False,152,2.5341511787506064,-5.9386489575835935,4.258843937368088,0_0_0_10_14_16,-25.0,43,offpacket_bootstrap,offpacket,4.0,2.7772468047215675,3.4499158472088474
3,20,860,multiscale_only_diverse16,16,322,False,22,0.6092047123274824,-1.4133526699510215,7.684350568709688,980,False,15,0.04058750574460329,-1.509677257852836,7.876032533647901,829,False,24,0.04006410235487398,-1.6266511183896633,7.719734941130798,829,False,55,0.05976444510386193,-1.736359731928976,2.194500350552724,909,False,74,0.1979765841891474,-2.975645154480543,2.4415368545252765,322,False,17,0.4083906394068174,-1.3091428529444284,12.862945295941943,857,False,24,4.089996401232623,-3.04600022899711,7.469105811389033,804,False,7,5.6383437659294895,-1.994211597967607,8.288987868985366,0_0_0_10_14_16,-25.0,43,offpacket_bootstrap,offpacket,4.0,2.7772468047215675,3.4499158472088474
3,21,553,multiscale_only_diverse16,16,553,True,1,0.7671446883246205,13.02108865458078,42.98794680842671,554,False,3,0.0010783874608043746,-9.797585763071513,26.58064567843383,553,True,1,0.047970651698677064,13.04130539564045,42.74242692655564,553,True,1,0.047983250156037716,12.017316400519618,35.61020172671771,553,True,1,0.04877086514393685,6.721846661871878,30.38960920208752,553,True,1,0.7669432672117554,13.03626923855335,50.3584546670626,553,True,1,10815.876769621378,13.061566277035567,42.94501834171509,553,True,1,5.706383768242338,13.109969369392836,42.7012648803353,0_0_0_10_14_16,-25.0,43,offpacket_bootstrap,offpacket,4.0,2.7772468047215675,3.4499158472088474
3,22,629,multiscale_only_diverse16,16,740,False,4,1.0051153583574433,-0.7464269223592872,10.408360670661787,794,False,343,0.00958097234785282,-8.08231390234665,2.1430755659452276,741,False,4,0.058543782272287216,-1.1614862239840198,10.135568166442377,741,False,4,0.08863111075173734,-0.6738769924341994,4.460389111754491,679,False,10,0.26618710385480004,-3.1931577155591566,4.126434996096107,740,False,4,0.6639119627309495,-1.3622984733850274,15.830217131863183,629,True,1,11.177694367380836,1.3160147728885985,11.984847311487048,740,False,4,7.6707691210236995,-1.2798663719531396,10.191449524454878,0_0_0_10_14_16,-25.0,43,offpacket_bootstrap,offpacket,4.0,2.7772468047215675,3.4499158472088474
3,23,759,multiscale_only_diverse16,16,298,False,5,0.9917532463363301,-1.1220031010309264,8.769313733526229,202,False,21,0.04024645968285238,-2.4150492530694994,6.992171401394933,759,True,1,0.07573627960852168,0.08659884732887738,9.638837670925598,298,False,2,0.10949017210691922,-0.06059719870076314,4.105861568245265,123,False,31,0.28488771065771906,-1.8268450929650617,3.135633199483135,202,False,5,0.6860131801951994,-1.0614705231218362,14.32583050028904,759,True,1,12.36126108614026,2.6472442485202614,12.450711985079074,275,False,2,9.17789039383747,-0.02651358563408912,9.319862573935707,0_0_0_10_14_16,-25.0,43,offpacket_bootstrap,offpacket,4.0,2.7772468047215675,3.4499158472088474
3,24,874,multiscale_only_diverse16,16,874,True,1,0.8102846181032284,20.77314151922848,42.623635175908106,874,True,1,0.03675972338638395,14.501829099838876,41.71068042695417,874,True,1,0.050644889778752436,20.65748781825598,42.36741221101424,874,True,1,0.05064759262523928,12.521962417563806,35.66877310141107,874,True,1,0.05178096016524049,7.18388672818482,30.483409061209137,874,True,1,0.8102413766613381,20.872488488611182,49.82763260223719,874,True,1,10236.51829583771,20.733037329296398,42.53831609254821,874,True,1,6.03388866500012,20.78382685101698,42.44361593338668,0_0_0_10_14_16,-25.0,43,offpacket_bootstrap,offpacket,4.0,2.7772468047215675,3.4499158472088474
3,25,720,multiscale_only_diverse16,16,720,True,1,0.7867012661311179,16.48469427235551,42.41294518402772,720,True,1,0.014261759536708956,4.446539665832424,37.26638509588725,720,True,1,0.04905941620379743,16.523583913297767,42.21809959866435,720,True,1,0.0490721794235855,12.288339134270176,35.502433740656286,720,True,1,0.050713261117448845,7.124081841173144,30.36968515507001,720,True,1,0.7864966524113866,16.516980038151495,49.36621956038283,720,True,1,9012.476516272065,16.503821761564186,42.479203431210316,720,True,1,5.869704336864612,16.467057731399702,42.070276619508306,0_0_0_10_14_16,-25.0,43,offpacket_bootstrap,offpacket,4.0,2.7772468047215675,3.4499158472088474
3,26,314,multiscale_only_diverse16,16,720,False,24,0.6825678460527342,-3.3144761871169677,6.846800935138843,898,False,253,0.017360351545169267,-7.476470944762417,2.921488778172963,720,False,26,0.04168261333663297,-3.4605542620810947,6.75727910884477,720,False,74,0.07102835636662051,-2.3030828382138946,2.0009049490699518,644,False,480,0.1490211006314358,-5.259713816928299,0.15368820354141774,720,False,21,0.40056131182566784,-4.471947610984167,11.433111140679614,720,False,5,5.5395597515245205,-2.211229703329192,8.687230470821557,720,False,49,4.5288445706238925,-3.594929656446262,6.170727954525114,0_0_0_10_14_16,-25.0,43,offpacket_bootstrap,offpacket,4.0,2.7772468047215675,3.4499158472088474
3,27,602,multiscale_only_diverse16,16,848,False,29,0.4438030386465961,-2.9904604639271075,6.963339916274228,369,False,948,0.0007197877879956052,-19.555588046633595,-9.5629116414561,369,False,23,0.03156146427525646,-2.5879367529759847,7.367571448282295,987,False,66,0.048457266738376324,-2.232993023529416,2.020361985049705,711,False,245,0.12602658598890104,-3.923808813422119,1.1443853091070224,262,False,21,0.28906033485379673,-3.36906289351343,11.849851882910606,848,False,7,4.880905358164881,-1.334154819170419,8.47430946450274,848,False,30,3.49753619992226,-3.6478384809664766,7.156291139463509,0_0_0_10_14_16,-25.0,43,offpacket_bootstrap,offpacket,4.0,2.7772468047215675,3.4499158472088474
3,28,7,multiscale_only_diverse16,16,7,True,1,0.8311082257278599,23.68374573056917,43.06819692049611,7,True,1,0.051563187948637276,23.22817340673292,43.76942396937308,7,True,1,0.0519080459035851,23.749539670344856,42.901734566467375,7,True,1,0.051912390206933744,13.172912156233235,35.77221993531114,7,True,1,0.05292352305949632,7.727478440170525,30.546851010815217,7,True,1,0.831038674196256,23.814378867777446,50.375380735425836,7,True,1,11864.094837199624,23.60597936918485,43.07313602433089,7,True,1,6.194497342604495,23.885810426248867,42.76935038569793,0_0_0_10_14_16,-25.0,43,offpacket_bootstrap,offpacket,4.0,2.7772468047215675,3.4499158472088474
3,29,610,multiscale_only_diverse16,16,610,True,1,0.7979376036695704,14.852369205910064,42.895713408349806,609,False,3,0.00500439301147072,-2.243327265847564,32.816345154901846,610,True,1,0.04985518564895403,14.841833483286422,42.67931977911268,610,True,1,0.049862164715762394,12.347641540197252,35.706598383275384,610,True,1,0.050629432904900316,7.0185380090090685,30.53025321835885,610,True,1,0.7978259185897778,14.866058142727073,50.03015296509601,610,True,1,10825.265851045062,14.868372436279069,42.97821795307567,610,True,1,5.957998213927273,14.797616280502696,42.560342053845034,0_0_0_10_14_16,-25.0,43,offpacket_bootstrap,offpacket,4.0,2.7772468047215675,3.4499158472088474
3,30,778,multiscale_only_diverse16,16,778,True,1,0.7180298033290491,20.061918068615295,41.507289712424935,778,True,1,0.019452218610740486,8.314603341411393,37.484589507847545,778,True,1,0.0450261769208734,20.096206876753232,41.19353821822473,778,True,1,0.04503926169841221,12.853372332352603,34.19917409554696,778,True,1,0.047920489023448753,7.713231934590548,29.342866128718427,778,True,1,0.7178212017692431,20.18532599521011,48.736620034897044,778,True,1,7516.322461394777,20.00642758293896,41.547855925765546,778,True,1,5.339319008919375,19.92199481061754,41.164691350637725,0_0_0_10_14_16,-25.0,43,offpacket_bootstrap,offpacket,4.0,2.7772468047215675,3.4499158472088474
3,31,897,multiscale_only_diverse16,16,64,False,20,0.8162315098524608,-22.367626734322595,14.66702598113121,64,False,14,0.03921509915016166,-22.20733607100229,14.10943861756024,64,False,20,0.05326259339214103,-22.170097861916638,14.78443404216974,64,False,52,0.06946444944046337,-21.018954862727945,8.202100864427507,64,False,78,0.18764504656262176,-16.85230092330245,7.383666194395784,64,False,22,0.6258540501409461,-23.518769733511288,21.37511243201009,64,False,20,13.73784182994216,-22.37732652118477,14.789238966892452,64,False,20,6.92684102594382,-21.809971951535054,14.857815447578112,0_0_0_10_14_16,-25.0,43,offpacket_bootstrap,offpacket,4.0,2.7772468047215675,3.4499158472088474
3,32,740,multiscale_only_diverse16,16,64,False,28,0.7682636575087578,-24.827204654882422,10.924617854252299,64,False,43,0.026928943027077046,-27.244854487231954,8.640226982759687,64,False,28,0.05353073761289392,-24.35096126591507,11.219124550477694,64,False,60,0.06865330252706972,-23.273053999474573,5.996557692295004,64,False,102,0.14411957332293326,-20.350945191433265,4.078438124580395,64,False,28,0.5990348425177041,-25.905111921322916,16.18650985441224,64,False,28,6.5844724885654,-24.611921092461596,11.252806993708443,64,False,29,5.2770052648993735,-25.17406495138218,10.120537154159713,0_0_0_10_14_16,-25.0,43,offpacket_bootstrap,offpacket,4.0,2.7772468047215675,3.4499158472088474
3,33,590,multiscale_only_diverse16,16,590,True,1,0.6711715188087055,0.07000739155204733,9.835532117953608,166,False,304,0.007720436729325854,-7.556455111060045,2.7205858343823364,590,True,1,0.05397329574845048,1.177357323089294,11.11175642748764,121,False,2,0.07076320791096172,-0.019169324004190313,4.8917940587833035,120,False,7,0.2232056553999336,-2.083431150600155,4.714407315578078,590,True,1,0.511923356105898,0.079073556681161,15.80502538969907,590,True,1,13.85111459133122,3.1123603488687173,13.222460276568729,221,False,10,4.484701506901954,-1.1509806382157726,8.942641497156256,0_0_0_10_14_16,-25.0,43,offpacket_bootstrap,offpacket,4.0,2.7772468047215675,3.4499158472088474
3,34,930,multiscale_only_diverse16,16,467,False,26,0.8284912744547377,-3.018599802767952,7.085687096680892,568,False,89,0.03342838975359129,-4.716445442661574,5.16739930635176,467,False,26,0.05795024911527314,-2.548900805374312,7.581615137824573,467,False,47,0.08897246828779516,-2.8564562220320626,2.328092969075275,304,False,72,0.2862330304750769,-2.637282989019959,2.4739832099836385,570,False,23,0.5396194650819657,-2.8805341350040954,12.157976920266067,52,False,37,3.6043394613181867,-3.29180340805215,7.208293061111193,790,False,24,6.786879892153608,-2.743195419086297,7.427563076137972,0_0_0_10_14_16,-25.0,43,offpacket_bootstrap,offpacket,4.0,2.7772468047215675,3.4499158472088474
1,0,222,multiscale_only_diverse16,16,222,True,1,0.7324391971456521,18.251611100435277,40.876284222027614,222,True,1,0.02200555936699312,7.2560074623180295,37.791329194413215,222,True,1,0.04581167796067618,18.28549536979691,40.74189666230101,222,True,1,0.04582294741655302,13.588700955496808,34.03991578072917,222,True,1,0.04710683860028095,8.526903115923984,29.031826927927415,222,True,1,0.732259064882669,18.321076316648533,47.817268755147914,222,True,1,7228.04524094289,18.32497802100669,40.871294426323416,222,True,1,13.712062231451865,18.24059974936929,40.73752297809034,0_0_0_10_14_16,-23.0,44,offpacket_bootstrap,offpacket,4.0,4.1715461926848025,2.3138594973757938
1,1,826,multiscale_only_diverse16,16,1000,False,23,0.4471005959114258,-2.263126856552643,7.112654322001362,424,False,237,0.010835561061087039,-6.654273915242199,2.8682283477089965,1000,False,11,0.0331367990029904,-1.6465075087311034,7.748676734112695,1000,False,27,0.05120210818561078,-1.3038748195120151,2.5091149855790955,677,False,51,0.15736674607586093,-2.441322043259856,2.3047664803860686,1000,False,19,0.28935297990323205,-2.605759545771731,12.28241646566805,826,True,1,8.708503371811458,3.423944098370279,11.283989648493362,1000,False,13,9.818482812937315,-1.7750631840354703,7.844932468386591,0_0_0_10_14_16,-23.0,44,offpacket_bootstrap,offpacket,4.0,4.1715461926848025,2.3138594973757938
1,2,922,multiscale_only_diverse16,16,922,True,1,1.1657912034227138,8.672115741584648,15.387978384577023,922,True,1,0.07971029476786849,8.863026389993607,16.057914500300427,922,True,1,0.07549276135843953,9.266089578252078,15.730057989264466,922,True,1,0.0834249356307882,5.572818958600621,9.565338758535955,922,True,1,0.1639428867277844,0.7259872524594764,7.090043790956782,922,True,1,1.054945939703897,10.554017221699477,21.527080850833627,922,True,1,337.64839998198704,17.495110963493758,35.748345722725134,922,True,1,20.43465383323999,8.067695082791172,15.043126888065192,0_0_0_10_14_16,-23.0,44,offpacket_bootstrap,offpacket,4.0,4.1715461926848025,2.3138594973757938
1,3,718,multiscale_only_diverse16,16,718,True,1,0.8106455324256245,19.008089318467295,43.11002391558141,718,True,1,0.018827587645587073,4.9384209317526135,38.544527869926256,718,True,1,0.050573811904788664,18.946703700653686,42.72137729053974,718,True,1,0.050581106829558575,13.038360115071846,35.738677516916056,718,True,1,0.05139762125573247,7.637783513437518,30.46217966279082,718,True,1,0.8105286192431187,19.06474300305159,50.36037805957942,718,True,1,10016.09920756602,19.120346904881217,43.01535367875537,718,True,1,15.188333472209383,19.036819617086152,42.607348163041,0_0_0_10_14_16,-23.0,44,offpacket_bootstrap,offpacket,4.0,4.1715461926848025,2.3138594973757938
1,4,107,multiscale_only_diverse16,16,107,True,1,0.815387573422047,16.032186210281466,42.918762968256615,107,True,1,0.03888628345921783,10.364179464782586,42.37601401696799,107,True,1,0.050970350936947004,16.07526119215555,42.87046413856821,107,True,1,0.05097838591100404,13.78109044026295,35.57158147781168,107,True,1,0.052147500952778494,8.40593681023875,30.42771661575728,107,True,1,0.8152590558575579,16.06562829777792,50.4480040041377,107,True,1,10638.130002579746,16.070202330568303,42.93324381310895,107,True,1,15.210529037782605,15.93245057245219,42.75985327083057,0_0_0_10_14_16,-23.0,44,offpacket_bootstrap,offpacket,4.0,4.1715461926848025,2.3138594973757938
1,5,468,multiscale_only_diverse16,16,468,True,1,0.8090703557568055,18.491579457911637,43.21751926127181,467,False,2,0.0068232679808869915,-1.1983570676975237,34.19669284307247,468,True,1,0.05059065566965749,18.59038091092597,42.980262063866505,468,True,1,0.05059903422510451,13.312902806535385,35.71455887286546,468,True,1,0.051681020780512926,7.914356926693371,30.584187301607486,468,True,1,0.808936384013272,18.546020033941574,50.66406667517323,468,True,1,10889.817807627522,18.514734111179706,43.150149515427934,468,True,1,15.110875828337383,18.44416099403067,43.06554749964932,0_0_0_10_14_16,-23.0,44,offpacket_bootstrap,offpacket,4.0,4.1715461926848025,2.3138594973757938
1,6,89,multiscale_only_diverse16,16,89,True,1,0.7988324475218747,17.155451234831762,42.94869011528363,89,True,1,0.0401318570460904,11.945509184170737,42.259009065537505,89,True,1,0.04988670569558398,17.170304017874617,42.55167727338031,89,True,1,0.04989440392020241,13.548598089761686,35.522692955414826,89,True,1,0.05064246875468283,8.298108927851404,30.373150292974632,89,True,1,0.798709195390767,17.178417419133748,50.69569868700141,89,True,1,9603.732338051228,17.156313297607895,43.05011108099372,89,True,1,14.924768785530304,17.180519134108646,42.657813644910725,0_0_0_10_14_16,-23.0,44,offpacket_bootstrap,offpacket,4.0,4.1715461926848025,2.3138594973757938
1,7,713,multiscale_only_diverse16,16,713,True,1,0.7948282511528681,16.621811341259864,42.54712803400967,713,True,1,0.013964533666407021,2.328005917919609,37.562826635391964,713,True,1,0.04964443672270207,16.605310641415457,42.28192107576683,713,True,1,0.0496496517044269,12.234118467324626,35.73359899073194,713,True,1,0.05097268483209651,7.076928897309411,30.419888263700415,713,True,1,0.7947447658783124,16.64887566619376,49.23185140253956,713,True,1,9199.86132304462,16.60471862034806,42.54344955869019,713,True,1,14.83049338224585,16.653984898297914,42.188008961161074,0_0_0_10_14_16,-23.0,44,offpacket_bootstrap,offpacket,4.0,4.1715461926848025,2.3138594973757938
1,8,865,multiscale_only_diverse16,16,37,False,2,0.9645779143810707,-0.24813974383089832,10.564949144373994,469,False,30,0.03066716565697874,-3.242007137306579,7.352946498359768,37,False,3,0.05220996220068925,-0.4098247380926252,9.796732203511638,90,False,5,0.07422220473580508,-0.4036942750780859,3.8839197078520735,458,False,92,0.1746673708757239,-3.9203471594341237,2.396180248866757,37,False,2,0.6785109204006335,-0.32556499761013824,16.13643827505226,865,True,1,9.125571150944975,0.36770739957516146,11.476011143278129,37,False,2,18.73538433215458,-0.3500977981455775,10.460710124036288,0_0_0_10_14_16,-23.0,44,offpacket_bootstrap,offpacket,4.0,4.1715461926848025,2.3138594973757938
1,9,492,multiscale_only_diverse16,16,492,True,1,0.7347982210108626,7.234250576881768,15.377484312350614,491,False,864,0.0003880542772073304,-15.015127788168915,-5.5582203719747225,492,True,1,0.04644890227193998,6.4246602370196335,14.912176570545242,492,True,1,0.04953801486959795,4.625528851313859,8.313169691099489,492,True,1,0.0811795737527999,0.3370027852672431,5.253265455904686,492,True,1,0.6889773610665056,8.54716941548008,21.988217997135365,492,True,1,51.78941147544423,9.670990680748346,18.876292545485015,492,True,1,13.783412696873784,7.1907803860113715,15.462478105117698,0_0_0_10_14_16,-23.0,44,offpacket_bootstrap,offpacket,4.0,4.1715461926848025,2.3138594973757938
1,10,765,multiscale_only_diverse16,16,765,True,1,0.6441886165720376,1.757254282144126,10.337478922961052,917,False,49,0.01401775833155441,-2.634009521390915,5.927392150812887,765,True,1,0.051524922109064064,3.095273628140175,11.55545928684402,765,True,1,0.07048706410671586,2.1651833449543947,5.883937469638262,765,True,1,0.18921664115681303,0.9333347253909098,5.4508290141678035,765,True,1,0.4708916268972186,2.404351812544465,15.754531322706233,765,True,1,223.84755493986282,16.54872847429173,35.01261278193445,765,True,1,11.685941318536479,2.2179860422568773,10.438703851073843,0_0_0_10_14_16,-23.0,44,offpacket_bootstrap,offpacket,4.0,4.1715461926848025,2.3138594973757938
1,11,1023,multiscale_only_diverse16,16,1021,False,146,0.15780576032938498,-4.6109601620446075,4.346158418094485,1021,False,137,0.010370252375285315,-4.400907482282746,4.361115140931842,1021,False,130,0.01037111233941381,-4.407159941717568,4.455716925268516,1021,False,197,0.02369410093531737,-2.1776188906589162,0.9291290676124868,374,False,536,0.05267005446859949,-6.006819576043584,-0.02894588493812116,1021,False,135,0.0690729423602306,-6.840501213103261,7.923477540908936,1023,True,1,124.12710535467899,14.19675762975019,33.25970723365504,1021,False,180,3.1058576792698127,-4.913618025853434,3.9796526687285483,0_0_0_10_14_16,-23.0,44,offpacket_bootstrap,offpacket,4.0,4.1715461926848025,2.3138594973757938
1,12,597,multiscale_only_diverse16,16,597,True,1,0.8166192768549685,17.274594267033937,43.43467620862435,598,False,3,0.003957439068460366,-4.006280617448608,32.11641517912525,597,True,1,0.05097969520424694,17.31990165052696,43.105268157569725,597,True,1,0.05098402057709547,12.332204784515389,35.79542655625812,597,True,1,0.05216444210637581,6.92598161317302,30.662972945171262,597,True,1,0.8165499966607486,17.311565393013538,51.294144256208355,597,True,1,11452.004820561287,17.290147903942376,43.4593722784378,597,True,1,15.233461546162495,17.253151370375182,43.06021080568418,0_0_0_10_14_16,-23.0,44,offpacket_bootstrap,offpacket,4.0,4.1715461926848025,2.3138594973757938
1,13,562,multiscale_only_diverse16,16,562,True,1,0.6683839149745587,18.283266828274023,39.84290707448618,563,False,3,0.002054505244844113,-5.676144900371266,27.03561728697038,562,True,1,0.041891675358551365,18.501568393568636,39.73086836095671,562,True,1,0.04189908926430369,12.417524469473731,33.246316845046955,562,True,1,0.04328106395373267,7.107314128829704,28.193942732284416,562,True,1,0.6682656466436951,18.33757217701821,46.47096496771336,562,True,1,6014.626426442203,18.31870298305278,40.011979569241745,562,True,1,12.49013917664844,18.345135000920827,39.60093601796579,0_0_0_10_14_16,-23.0,44,offpacket_bootstrap,offpacket,4.0,4.1715461926848025,2.3138594973757938
1,14,478,multiscale_only_diverse16,16,478,True,1,0.7436016519797164,16.377945591233786,41.78340085172215,479,False,3,0.0011282663310471725,-9.069073751337628,25.172900923639165,478,True,1,0.04650722520104956,16.412724010655335,41.402111799446246,478,True,1,0.04652047094441857,12.31214564530874,34.397760882292715,478,True,1,0.04826323131608499,6.982549350934683,29.293832835808146,478,True,1,0.7433899267660429,16.438325144946454,49.27862465815451,478,True,1,8226.936865174463,16.44106365932344,41.73630659845104,478,True,1,13.878274455290876,16.534473709189218,41.39942603904824,0_0_0_10_14_16,-23.0,44,offpacket_bootstrap,offpacket,4.0,4.1715461926848025,2.3138594973757938
1,15,267,multiscale_only_diverse16,16,267,True,1,1.7600429852382717,1.8338244729455178,11.965969680295693,420,False,13,0.04233988920732138,-1.9265172893108096,7.471108761256875,267,True,1,0.10557230404997699,1.217869355320609,11.379475517431114,267,True,1,0.1370298116442132,1.5221196228781484,5.502758519315729,301,False,10,0.29982653317006197,-0.7662107612993485,4.13639246096631,267,True,1,1.3559953921636354,1.3560835839891727,17.907366657245593,267,True,1,18.56138566244136,6.594772725047732,16.01849118756053,267,True,1,32.56313272325706,1.3595029492215533,11.079634975938458,0_0_0_10_14_16,-23.0,44,offpacket_bootstrap,offpacket,4.0,4.1715461926848025,2.3138594973757938
1,16,917,multiscale_only_diverse16,16,582,False,48,0.703594561288412,-18.68225334079326,14.61935640031572,581,False,30,0.037722582494847334,-18.080872561198884,15.281285842304925,582,False,47,0.04392905497200041,-18.682123810770918,14.548609931793015,582,False,120,0.05123117233434175,-18.0218423213223,8.154361180030838,579,False,198,0.09879991443397003,-17.274857665102505,5.577056038852724,582,False,47,0.6033093281396661,-19.342534830241867,21.671410048713934,579,False,46,5.748227667924529,-18.96452547070542,14.463375963801894,582,False,47,13.624488121827763,-18.578564720818637,14.436305174776756,0_0_0_10_14_16,-23.0,44,offpacket_bootstrap,offpacket,4.0,4.1715461926848025,2.3138594973757938
1,17,656,multiscale_only_diverse16,16,581,False,11,0.8361011651761743,-13.509986954275693,22.655014757817685,581,False,26,0.013804063853086012,-13.827886438678663,15.038269804149717,581,False,11,0.05136217825949343,-13.59935135357884,22.127931195887797,581,False,17,0.051955425118193344,-13.554490047444414,14.083803462675508,581,False,51,0.0714201407550525,-12.481607282892549,10.084296905488838,581,False,11,0.8265542432008902,-13.554848260410118,30.964014860822484,581,False,11,53.17942697541729,-13.50455803818866,22.702122685285538,581,False,11,16.13536985670975,-13.384299311860273,22.63452581075061,0_0_0_10_14_16,-23.0,44,offpacket_bootstrap,offpacket,4.0,4.1715461926848025,2.3138594973757938
1,18,889,multiscale_only_diverse16,16,889,True,1,0.8129554383069717,22.44950849488461,42.62585112410788,889,True,1,0.038534809120714164,14.994748587353916,41.99131048669547,889,True,1,0.05078224114387025,22.60157210793576,42.588671412819835,889,True,1,0.050786005430593556,12.494957235316615,35.82542391348471,889,True,1,0.05160969801757728,7.1858374691882325,30.6184420824261,889,True,1,0.8128951816016625,22.573777051824973,49.902705813327955,889,True,1,10082.602808549982,22.498703456111784,42.75265034763362,889,True,1,15.149443211897607,22.37319292453311,42.548664806492226,0_0_0_10_14_16,-23.0,44,offpacket_bootstrap,offpacket,4.0,4.1715461926848025,2.3138594973757938
1,19,510,multiscale_only_diverse16,16,510,True,1,0.8261817068072084,18.071429881168285,43.179134832089304,511,False,3,0.0016184380430812014,-7.6060847514612355,27.83558624659043,510,True,1,0.05162486791060923,18.05295201081679,42.81600669192969,510,True,1,0.051629954936817456,12.525619083655604,35.79875180880235,510,True,1,0.052948218114460335,7.262628443648235,30.624233053106984,510,True,1,0.8261003042958092,18.100834889623847,50.49453549083104,510,True,1,11036.663879598931,18.05490056693718,43.144648288870385,510,True,1,15.433743910152772,18.147232637945677,42.71559196838201,0_0_0_10_14_16,-23.0,44,offpacket_bootstrap,offpacket,4.0,4.1715461926848025,2.3138594973757938
1,20,860,multiscale_only_diverse16,16,860,True,1,0.84400231519027,23.784432087845957,43.11423476068783,860,True,1,0.03611111748035635,14.029305845777913,41.6890957316824,860,True,1,0.05280667920120819,23.721286172200585,42.69076208747434,860,True,1,0.052812924676141675,12.764541711478874,35.98624667571473,860,True,1,0.05413210327843024,7.502385676994477,30.879908879274048,860,True,1,0.8439025063776423,23.869237992870275,49.82426547717488,860,True,1,11669.989997222492,23.785629359194246,43.158018884227644,860,True,1,15.780859039231066,23.886320922777596,42.64761238590349,0_0_0_10_14_16,-23.0,44,offpacket_bootstrap,offpacket,4.0,4.1715461926848025,2.3138594973757938
1,21,553,multiscale_only_diverse16,16,553,True,1,0.8405288380463958,18.713862214456427,43.840554700076105,552,False,3,0.002560317622946528,-5.619786413291422,30.13462680696081,553,True,1,0.05252216968188242,18.615330942400654,43.421067585018285,553,True,1,0.05252828003534623,12.493106008712264,36.06337910578824,553,True,1,0.053466004176094595,7.137705433885606,31.00891747520837,553,True,1,0.840431063508689,18.755698732415265,51.29041417800672,553,True,1,12599.264431972932,18.722278608696005,43.840676677455086,553,True,1,15.667205813342253,18.6724703363051,43.34543034887677,0_0_0_10_14_16,-23.0,44,offpacket_bootstrap,offpacket,4.0,4.1715461926848025,2.3138594973757938
1,22,629,multiscale_only_diverse16,16,629,True,1,0.8360708625425559,20.2757198090522,43.199049585367945,628,False,3,0.0069959231397748985,-0.28716993847204586,34.282227007121804,629,True,1,0.052252256008062326,20.315506881819353,43.065431193624704,629,True,1,0.052256766925102775,12.597755651625366,35.94888376968703,629,True,1,0.05299978899617817,7.243617045631755,30.884762524990883,629,True,1,0.8359986910990704,20.319104672917216,50.52964359594485,629,True,1,11366.836843731917,20.328604689015293,43.30164157331207,629,True,1,15.601498058583646,20.30056575224007,43.09701985693036,0_0_0_10_14_16,-23.0,44,offpacket_bootstrap,offpacket,4.0,4.1715461926848025,2.3138594973757938
1,23,759,multiscale_only_diverse16,16,759,True,1,0.8251616453390511,21.975258900680092,42.49838751784576,759,True,1,0.021023402424626775,7.707933932899084,38.71199161307104,759,True,1,0.05152131625682499,21.87211666318123,42.277348985811074,759,True,1,0.051530040087571685,12.678570843740841,35.85595054760914,759,True,1,0.05223856062521272,7.254583626690173,30.660857045898325,759,True,1,0.825021948755847,22.073109635568095,49.30039442017385,759,True,1,10580.727567592154,22.071716173228655,42.641575800026985,759,True,1,15.433404987883304,22.105410432090142,42.657548570086846,0_0_0_10_14_16,-23.0,44,offpacket_bootstrap,offpacket,4.0,4.1715461926848025,2.3138594973757938
1,24,874,multiscale_only_diverse16,16,874,True,1,0.9589108613511144,6.237166346705388,15.042887505415692,874,True,1,0.045011737890855094,3.2447789162526592,14.541513639612605,874,True,1,0.060174642989288686,6.246677769260262,15.020345154619895,874,True,1,0.06532555491815956,4.293276066576295,8.176295651238254,874,True,1,0.13774907294865646,1.5504287856944423,6.27550682844954,874,True,1,0.8833008584870705,8.190568049389356,21.422819570646098,874,True,1,75.05794547794596,11.867626885407763,21.415349029087892,874,True,1,17.61663191771591,6.350136378318929,14.893441575508719,0_0_0_10_14_16,-23.0,44,offpacket_bootstrap,offpacket,4.0,4.1715461926848025,2.3138594973757938
1,25,720,multiscale_only_diverse16,16,55,False,58,0.3959042430481965,-3.7489879218126343,6.53720897691887,55,False,111,0.020205490735915696,-4.902223775770672,5.5449617256926995,55,False,60,0.025270459528719976,-3.8851850068595892,6.2328765073973935,55,False,103,0.04353242420164777,-3.01562136369394,1.9298975670210896,29,False,57,0.16340839377017807,-1.8226625635616363,2.6322150988888775,459,False,53,0.22982138795797352,-4.680069772816942,10.834809652559212,459,False,31,3.5009233882359614,-4.464139279022182,6.868590151083235,55,False,48,8.059157807240824,-3.158994534929222,6.631322777870601,0_0_0_10_14_16,-23.0,44,offpacket_bootstrap,offpacket,4.0,4.1715461926848025,2.3138594973757938
1,26,314,multiscale_only_diverse16,16,314,True,1,0.6768538649311928,21.19928697492666,40.17789913624302,314,True,1,0.010527507982839194,2.96779703507064,34.008858635858125,314,True,1,0.042399460731556475,21.48045251547375,40.12055220849692,314,True,1,0.04241559442351169,12.835044545074235,33.250653497463595,314,True,1,0.044781288087616784,7.279601992943281,28.190928301158937,314,True,1,0.6765964088727804,21.400206330684952,47.32808711393027,314,True,1,6820.076274885849,21.047440698394077,40.18144316154409,314,True,1,12.645919415396625,21.237767133990147,40.018549907694094,0_0_0_10_14_16,-23.0,44,offpacket_bootstrap,offpacket,4.0,4.1715461926848025,2.3138594973757938
1,27,602,multiscale_only_diverse16,16,338,False,12,0.7915408398254478,-2.335998786019121,8.116217770428992,348,False,996,0.00031880737494277377,-24.068392745020553,-13.9609487384428,328,False,17,0.04676540760117631,-3.227697642013376,7.795211992450045,328,False,38,0.06893619905535937,-3.2062880378981062,2.7044760800749854,668,False,58,0.23111209580202544,-3.2381657596101627,2.89221118932566,338,False,14,0.5369708587746201,-2.649958627933127,13.156075626142702,346,False,3,6.344929159775132,-0.5595841640687313,9.651614973927371,338,False,26,12.664757307697764,-3.7578510316729785,7.435408628803603,0_0_0_10_14_16,-23.0,44,offpacket_bootstrap,offpacket,4.0,4.1715461926848025,2.3138594973757938
1,28,7,multiscale_only_diverse16,16,7,True,1,0.8404494942858634,22.09312122188834,41.31742109937033,7,True,1,0.05208715457481023,21.54663938964341,41.76009359833428,7,True,1,0.05249385155729865,22.047316626515013,41.112941392508986,7,True,1,0.0524969911812191,13.430679509505145,34.726265593976834,7,True,1,0.05321585083935777,7.868952913898437,29.446276186550907,7,True,1,0.8403992305416598,22.210059322010434,47.66180410617292,7,True,1,5541.795294040115,22.056861089524592,41.329274906261446,7,True,1,15.678807312677586,21.96583888788494,40.87205126843352,0_0_0_10_14_16,-23.0,44,offpacket_bootstrap,offpacket,4.0,4.1715461926848025,2.3138594973757938
1,29,610,multiscale_only_diverse16,16,861,False,784,0.0902935009009731,-18.720765326067767,-4.437722364680102,861,False,974,0.0006606830972096014,-28.134126176764855,-12.570393531919311,861,False,735,0.0071037312050324635,-17.92145392401184,-3.456049986125003,861,False,805,0.02008255395125065,-13.536403286879217,-1.8604578361328548,862,False,794,0.06154968004482325,-10.6901969456841,-1.817475856568572,861,False,763,0.03193920262925148,-23.105815963200385,-6.0636294695534145,861,False,396,0.9214574304944425,-12.37775815354784,1.5952033328277246,861,False,786,1.6408963668749215,-19.114733972383146,-4.658082532265807,0_0_0_10_14_16,-23.0,44,offpacket_bootstrap,offpacket,4.0,4.1715461926848025,2.3138594973757938
1,30,807,multiscale_only_diverse16,16,807,True,1,1.1783783204096068,0.06117575650665189,11.1782111263586,16,False,13,0.0407870906774502,-2.369576871959482,8.317859961938801,16,False,2,0.07008126910690607,-0.48324798463299246,10.865374106830174,16,False,3,0.08392864411842169,-1.0417675174675458,4.435549022424133,100,False,43,0.1952189437251767,-2.2870837158273547,3.0881350448876415,807,True,1,0.9839578495495256,0.6196952893412062,17.271079330349743,16,False,2,7.101235712820728,-0.08573991086375571,10.203140764056924,807,True,1,23.027663785738827,0.37142393149886993,11.265898054667737,0_0_0_10_14_16,-23.0,44,offpacket_bootstrap,offpacket,4.0,4.1715461926848025,2.3138594973757938
1,31,897,multiscale_only_diverse16,16,897,True,1,1.6113052398295622,6.530573623171591,16.611311666891872,897,True,1,0.06135298932048996,4.370071518436736,14.469200878437224,897,True,1,0.09693841616868754,6.641983880496109,16.302514251292216,897,True,1,0.10904311859429679,5.235050929366466,9.891164255578781,897,True,1,0.2404241160465775,3.072774345464685,8.119940820473413,897,True,1,1.4324368188196193,7.866486458649034,23.05703828893823,897,True,1,70.47020232643749,9.897643729396746,20.84514095580881,897,True,1,30.672942820306513,6.563790326351224,16.365984234978683,0_0_0_10_14_16,-23.0,44,offpacket_bootstrap,offpacket,4.0,4.1715461926848025,2.3138594973757938
1,32,749,multiscale_only_diverse16,16,749,True,1,0.8187334704945357,21.374546057393864,42.73416466200425,749,True,1,0.020035699596599177,5.70509180310993,38.77944648545729,749,True,1,0.0511385755313321,21.32518502481735,42.566210552152114,749,True,1,0.051147138296360244,12.863461049140408,35.74992150358615,749,True,1,0.05200409129698757,7.578931559994423,30.53134380374461,749,True,1,0.8185964027608944,21.434677886977,50.18673211485463,749,True,1,10819.984832116827,21.29061432217825,42.81161005311816,749,True,1,15.316106037096008,21.456251091730575,42.432315978929694,0_0_0_10_14_16,-23.0,44,offpacket_bootstrap,offpacket,4.0,4.1715461926848025,2.3138594973757938
1,33,584,multiscale_only_diverse16,16,589,False,125,0.5554014515982999,-7.523810543302902,6.526854976649559,590,False,837,0.001476965559221966,-18.039824544060377,-5.8708435042647436,589,False,111,0.03494335427289108,-7.028490989220149,6.691564366931234,589,False,121,0.0482329788563842,-6.102018740303949,3.1247795415360575,589,False,196,0.11287618694757505,-6.906111016025818,1.772713773070298,589,False,118,0.40237178268968843,-8.450282792219102,9.903097953353932,589,False,96,3.0587719335235675,-4.874433824601393,7.670242260106523,589,False,131,9.596846039163387,-7.836193292033908,6.10765505563034,0_0_0_10_14_16,-23.0,44,offpacket_bootstrap,offpacket,4.0,4.1715461926848025,2.3138594973757938
1,34,934,multiscale_only_diverse16,16,934,True,1,1.0928656954257718,2.3722254004992855,14.435201623821193,934,True,1,0.05879469486304305,3.233231875500504,12.830521361799605,934,True,1,0.06801543086868597,2.5689230285474327,14.615464213495486,934,True,1,0.07735040323428144,1.9845612234434524,8.270304521351376,934,True,1,0.13829752726158112,0.13681654446751843,5.79520721078362,934,True,1,0.9609740615165459,2.9565872056032654,20.555550060199103,934,True,1,32.48186998477931,6.522753214545648,16.530588395122805,934,True,1,19.107220042876374,2.518472035715389,14.317168603938446,0_0_0_10_14_16,-23.0,44,offpacket_bootstrap,offpacket,4.0,4.1715461926848025,2.3138594973757938
2,0,803,multiscale_only_diverse16,16,913,False,26,0.46248529121755055,-3.053924971932858,7.045994950786748,1010,False,365,0.00849240466731905,-7.848911564889722,1.7947843065974378,913,False,47,0.027217317258951393,-2.785450042300304,6.696019949969417,482,False,155,0.0437364397327645,-2.868581316857768,1.4383908553634743,437,False,377,0.11441494752123926,-3.786572246756257,0.5913082891896995,913,False,19,0.2878059799923948,-3.6594736912846044,12.149388806900625,913,False,19,4.076338321879981,-3.615118754781117,7.602358038593263,913,False,43,7.8988212474147685,-3.349933489072679,6.265506860670316,0_0_0_10_14_16,-23.0,44,offpacket_bootstrap,offpacket,4.0,4.1715461926848025,2.3138594973757938
2,1,826,multiscale_only_diverse16,16,169,False,16,1.008240200857827,-8.408245739485977,9.418601806043704,630,False,5,0.04847660980599761,-1.2078406336019571,8.165083241590988,169,False,16,0.06958613449902189,-8.283578510050765,9.522193714746901,169,False,23,0.08968137394289538,-7.3961168203354335,3.5015004503928573,162,False,45,0.2792697076804851,-5.092091449294701,3.3297902925647413,169,False,16,0.7823200642408499,-9.29570742920131,15.308179530250996,162,False,22,4.652971710690373,-9.430268375545575,8.539365342748281,169,False,15,21.11078656700828,-8.10045008285741,9.973565245937246,0_0_0_10_14_16,-23.0,44,offpacket_bootstrap,offpacket,4.0,4.1715461926848025,2.3138594973757938
2,2,922,multiscale_only_diverse16,16,167,False,22,1.0107465869828616,-23.103288307514056,16.12152135082291,167,False,22,0.050727437613374844,-24.57817957265729,14.742769695783668,167,False,22,0.06323171238543551,-23.09224356947734,15.464627253740924,167,False,51,0.0713249996601617,-22.570536239847566,9.00530476822652,167,False,87,0.15887778694955776,-19.196581438457912,7.241406114654552,167,False,22,0.8960566111065578,-23.62499563714383,22.990973761032375,167,False,21,14.515407412181847,-22.93719421765278,16.820926928139443,167,False,22,17.443958357473207,-23.450190904086718,15.549550284560102,0_0_0_10_14_16,-23.0,44,offpacket_bootstrap,offpacket,4.0,4.1715461926848025,2.3138594973757938
2,3,718,multiscale_only_diverse16,16,718,True,1,1.5838113978180814,1.8314697154107837,11.906080591656313,402,False,99,0.020408367077270083,-4.650015768556896,5.055640801680098,718,True,1,0.10789601955508726,2.681132919116158,12.575152631228102,718,True,1,0.1517129129249134,2.5345920335099588,6.4841041909545645,718,True,1,0.3938731876352863,1.0058784892055013,5.573257751366471,718,True,1,1.126383656183084,1.875730543120942,17.904809927803207,718,True,1,17.183818221343373,4.047145611330441,14.369478089651897,718,True,1,30.264330628185483,1.7694928434995025,11.612999641713316,0_0_0_10_14_16,-23.0,44,offpacket_bootstrap,offpacket,4.0,4.1715461926848025,2.3138594973757938
2,4,86,multiscale_only_diverse16,16,86,True,1,0.7906548604418084,20.822151966391598,42.721954966304494,86,True,1,0.03977720895662,14.10549232825513,42.445263599084846,86,True,1,0.049481577129523266,20.96832856508413,42.48906961613812,86,True,1,0.049484565181506984,13.24505259932926,35.422112348746715,86,True,1,0.050621726255015174,7.542752178271437,30.339364765099344,86,True,1,0.7906071179221862,20.931956486610027,49.73056147436357,86,True,1,9561.936385816147,20.89053924083414,42.76413206468782,86,True,1,14.722754019351525,20.707187896314437,42.19729743305273,0_0_0_10_14_16,-23.0,44,offpacket_bootstrap,offpacket,4.0,4.1715461926848025,2.3138594973757938
2,5,468,multiscale_only_diverse16,16,468,True,1,0.7885775776203197,20.017386562998595,42.58005402729683,467,False,3,0.0038941841725683617,-3.7097001725081458,31.04582367309454,468,True,1,0.04918756148548893,19.8376691855522,42.20763096249989,468,True,1,0.04919420436536239,12.808102405894564,35.50890994210032,468,True,1,0.05005904871107923,7.507703491534777,30.324933410079225,468,True,1,0.7884710930011126,20.137360506781825,49.506441555087136,468,True,1,10718.049782146076,19.99745353110246,42.46377158951398,468,True,1,14.712896815538992,19.998793868715087,42.238357131459665,0_0_0_10_14_16,-23.0,44,offpacket_bootstrap,offpacket,4.0,4.1715461926848025,2.3138594973757938
2,6,89,multiscale_only_diverse16,16,89,True,1,0.7867250564808081,21.15846112140148,42.350539309862185,89,True,1,0.03908726326368466,13.82000455046727,41.92845148412559,89,True,1,0.04910075608617516,21.151394458287296,42.178848647985745,89,True,1,0.04910943328867859,13.477529059999666,35.284851506629316,89,True,1,0.050167388161927395,7.921136593272017,30.13811904784005,89,True,1,0.7865860491216827,21.218767159569193,49.54866572641376,89,True,1,9517.17019542234,21.186052123950574,42.27944659352073,89,True,1,14.670841882945833,21.09260411489526,42.02677977846782,0_0_0_10_14_16,-23.0,44,offpacket_bootstrap,offpacket,4.0,4.1715461926848025,2.3138594973757938
2,7,713,multiscale_only_diverse16,16,713,True,1,0.7769495796550387,20.539433252459926,42.61520701501083,713,True,1,0.015300108959436948,4.116849022181765,37.66344913517921,713,True,1,0.0485850550066899,20.392164557439543,42.357033850303914,713,True,1,0.04859666902337044,13.12541359600052,35.4060928110643,713,True,1,0.04943379912069385,7.713513132532144,30.347588578642174,713,True,1,0.7767638980937426,20.63045296392593,50.185927383521054,713,True,1,9854.594126795619,20.588824112941936,42.60354588517848,713,True,1,14.516542965195292,20.840823098784735,42.33776542268389,0_0_0_10_14_16,-23.0,44,offpacket_bootstrap,offpacket,4.0,4.1715461926848025,2.3138594973757938
2,8,865,multiscale_only_diverse16,16,865,True,1,0.787256044930075,19.476726901928785,42.55282467607987,865,True,1,0.034940538165107074,11.468231922908036,41.507370194070944,865,True,1,0.04929552083367342,19.567964674750062,42.33098124404533,865,True,1,0.04929934958788026,12.913495198357712,35.48533992837089,865,True,1,0.050264591209560984,7.58022775991956,30.37598017331888,865,True,1,0.7871949039633263,19.539026006701846,49.44224786404902,865,True,1,9808.918607920672,19.50551071097386,42.45975249499389,865,True,1,14.703809884201261,19.501328568519135,42.25694223987547,0_0_0_10_14_16,-23.0,44,offpacket_bootstrap,offpacket,4.0,4.1715461926848025,2.3138594973757938
2,9,492,multiscale_only_diverse16,16,492,True,1,0.6445246850360178,18.846054544474878,40.4233626523144,491,False,3,0.003747265606692683,-3.1857151214845274,29.840111488899,492,True,1,0.04010962500450136,18.80681062987486,40.11000695752823,492,True,1,0.0401233466609541,12.993934293123273,33.24469561754072,492,True,1,0.041761601844140024,7.651643538594314,28.227083388506312,492,True,1,0.6443042660769985,18.905949538601124,47.56855806455267,492,True,1,6333.636682081543,18.77398439818355,40.4405467289481,492,True,1,12.007432906012774,18.880920220351868,40.094633013943394,0_0_0_10_14_16,-23.0,44,offpacket_bootstrap,offpacket,4.0,4.1715461926848025,2.3138594973757938
2,10,765,multiscale_only_diverse16,16,765,True,1,0.6781209957543446,20.63432870261434,40.34847036659653,765,True,1,0.018529645541165308,6.148613331457819,36.8684676436032,765,True,1,0.04236647488580635,20.570018426380933,40.000106878882804,765,True,1,0.04237956694342712,13.23439777946573,33.56768424055155,765,True,1,0.043752274215641346,7.8989325237927845,28.724215252085976,765,True,1,0.6779115080273435,20.74873406215881,46.68262939396594,765,True,1,6324.328482190396,20.642499829045985,40.232091603627694,765,True,1,12.69544273448689,20.7290207347957,39.956549349448714,0_0_0_10_14_16,-23.0,44,offpacket_bootstrap,offpacket,4.0,4.1715461926848025,2.3138594973757938
2,11,1023,multiscale_only_diverse16,16,1023,True,1,0.7893836964911003,15.195823661237206,42.81045616354908,1023,True,1,0.049380455916936725,15.370522593124187,43.604490846141104,1023,True,1,0.049286585023040154,15.280436760097105,42.423263405201546,1023,True,1,0.04929082188501911,13.90395386209094,35.58052995798006,1023,True,1,0.05039943220430839,8.654936776019182,30.304409632010035,1023,True,1,0.7893158439042988,15.210902573120181,49.905804274483486,1023,True,1,11823.647020290464,15.199331208788616,42.83199989496789,1023,True,1,14.776011887247519,15.191574553986198,42.75018368410197,0_0_0_10_14_16,-23.0,44,offpacket_bootstrap,offpacket,4.0,4.1715461926848025,2.3138594973757938
2,12,597,multiscale_only_diverse16,16,597,True,1,1.0946986508372447,11.813171169242445,16.57331091118508,597,True,1,0.019589067242191862,2.0517891601332634,10.05245528877554,597,True,1,0.070174962499797,11.09147802040889,15.613161152442496,597,True,1,0.07465771535292645,8.131172466621553,10.351422118331168,597,True,1,0.15357103966715513,2.32651501666933,7.9844897162433535,597,True,1,1.0289684918421602,14.136608277784488,21.798002969552172,597,True,1,1080.5904381503692,19.535911053727503,41.34895456930068,597,True,1,21.937213209467167,11.003257607371335,15.282198160337813,0_0_0_10_14_16,-23.0,44,offpacket_bootstrap,offpacket,4.0,4.1715461926848025,2.3138594973757938
2,13,562,multiscale_only_diverse16,16,135,False,199,0.2170369051891976,-6.727092933891448,3.585319123871438,769,False,410,0.008468661542011627,-8.950776464234242,1.138982755541189,135,False,146,0.01743298061378676,-5.97316021178688,4.281375503159604,135,False,398,0.03540921972312081,-4.264097951529727,0.3462839182915525,135,False,742,0.08627725787655742,-6.481395255558175,-0.7977219193429342,135,False,144,0.10685353109232783,-8.4361551941486,7.602020322802558,562,True,1,34.080621009091026,11.435451187030075,21.716534023000335,135,False,115,5.376139765140286,-5.277240758902215,4.8435937504317685,0_0_0_10_14_16,-23.0,44,offpacket_bootstrap,offpacket,4.0,4.1715461926848025,2.3138594973757938
2,14,478,multiscale_only_diverse16,16,478,True,1,0.7931008844132101,17.79169447585079,42.49043764428764,477,False,2,0.005451947718079625,-2.390602701388736,32.7572979367287,478,True,1,0.04957056870814488,17.740062135552673,42.321955106567216,478,True,1,0.0495776624353,13.179272127321918,35.38621082648707,478,True,1,0.05060854221074506,7.767682994906863,30.26150782432222,478,True,1,0.7929874050556899,17.831401682926014,49.69068578463378,478,True,1,8753.770600605962,17.80729410654037,42.56550123309876,478,True,1,14.817137572679233,17.792667105084835,42.09784959096563,0_0_0_10_14_16,-23.0,44,offpacket_bootstrap,offpacket,4.0,4.1715461926848025,2.3138594973757938
2,15,267,multiscale_only_diverse16,16,700,False,17,0.762690396248221,-2.372631583233563,8.581320846721074,703,False,49,0.03578672254831702,-3.859605005057538,6.73997641400395,699,False,27,0.04471321321973295,-3.267033179579269,7.5351323111311945,699,False,28,0.07370161976199961,-2.72652089905735,2.7971374871667978,698,False,42,0.22706264407252,-2.553242092727074,2.7180923206935343,700,False,19,0.4627081252517113,-3.046798092046708,13.184537649098543,267,True,1,6.28663052615586,0.9118709176139925,9.731634536385718,700,False,15,14.347870453799692,-2.597277737807863,8.23458541705606,0_0_0_10_14_16,-23.0,44,offpacket_bootstrap,offpacket,4.0,4.1715461926848025,2.3138594973757938
2,16,917,multiscale_only_diverse16,16,917,True,1,0.7725071048661825,13.491585813375806,42.62558633792043,917,True,1,0.04053253731113582,10.33022787205178,42.39053715056812,917,True,1,0.048250616307141364,13.486533898626636,42.36774348723757,917,True,1,0.04825563703424976,13.478159918295525,35.41089448384186,917,True,1,0.04911576642888059,8.07323654609196,30.2212391606356,917,True,1,0.7724267298550708,13.499959793706914,50.008398357236516,917,True,1,10102.810575156811,13.513908405121882,42.62949114412427,917,True,1,14.443108092869474,13.492438479928943,42.42458898241597,0_0_0_10_14_16,-23.0,44,offpacket_bootstrap,offpacket,4.0,4.1715461926848025,2.3138594973757938
2,17,656,multiscale_only_diverse16,16,656,True,1,0.767969343799578,14.81313067060082,42.70196655969723,657,False,2,0.00826467124395172,-0.24041804410577922,34.83921391841217,656,True,1,0.048088955423142725,14.813197693769276,42.430351657701436,656,True,1,0.04809190771877783,12.112982523203469,35.509940578856046,656,True,1,0.049001683201203135,6.844066763597371,30.42303315133396,656,True,1,0.7679221992247599,14.831152128559527,49.57917590928686,656,True,1,9683.77140788829,14.844740249314686,42.68954127636617,656,True,1,14.355291293671332,14.824439187964744,42.430841596912785,0_0_0_10_14_16,-23.0,44,offpacket_bootstrap,offpacket,4.0,4.1715461926848025,2.3138594973757938
2,18,889,multiscale_only_diverse16,16,661,False,15,0.7627458868387862,-7.955314314155821,20.414874770343722,661,False,15,0.036383597953605094,-7.249545379290426,20.784301566407393,661,False,15,0.04712775337428405,-8.005428979076953,20.410837238450053,661,False,15,0.04745576753124745,-7.979153771989644,16.506081747629334,661,False,15,0.06325657087819782,-7.0021289633126145,13.149414650082825,661,False,15,0.757473789008233,-7.98158952124313,24.05539077389558,661,False,15,35.354265825170735,-8.08183021616286,20.5757744386582,661,False,15,14.490930198780063,-7.894948908616522,20.520886021251947,0_0_0_10_14_16,-23.0,44,offpacket_bootstrap,offpacket,4.0,4.1715461926848025,2.3138594973757938
2,19,510,multiscale_only_diverse16,16,661,False,27,0.5593233976179022,-24.76881590171488,11.45754234781306,662,False,116,0.010400126527276623,-29.74012982976303,5.77318051717641,661,False,24,0.03837801003088362,-24.357583637710643,11.973855622453037,661,False,84,0.04901202690398096,-23.29758566069277,5.364316004631322,661,False,178,0.09053055157489223,-20.823104717336214,2.95197153820854,661,False,26,0.437968399191918,-25.82881387873275,18.353891246245592,661,False,23,8.299620182972788,-24.186974652461718,12.22672011385312,661,False,31,9.110845623862934,-25.378491052559646,10.419885791137657,0_0_0_10_14_16,-23.0,44,offpacket_bootstrap,offpacket,4.0,4.1715461926848025,2.3138594973757938
2,20,860,multiscale_only_diverse16,16,860,True,1,1.7356620609664333,2.6050595792234414,13.014665375283471,531,False,8,0.04686399485123147,-1.5118427030450934,9.025762027849822,860,True,1,0.1076268576135921,1.6915932808585852,12.839985820757121,860,True,1,0.1435566171204982,1.3467685078502982,6.564980872537206,860,True,1,0.4076107730398036,0.7660144492849774,6.083903637450172,860,True,1,1.3012556108378424,2.6780029742738987,19.206148389802596,860,True,1,15.855453681903102,3.5214455948577212,13.810831280514392,860,True,1,30.191355784296118,1.9265236792846538,12.75388919748411,0_0_0_10_14_16,-23.0,44,offpacket_bootstrap,offpacket,4.0,4.1715461926848025,2.3138594973757938
2,21,553,multiscale_only_diverse16,16,553,True,1,0.6408994590231067,10.79555276228656,21.06949385826571,552,False,31,0.002145804056723706,-6.844879544319106,7.620725401537881,553,True,1,0.04111620271988833,10.552991773631387,21.611288092624182,553,True,1,0.04336316487705722,8.743924688045785,13.87127279649205,553,True,1,0.06391766901690038,3.6466601878722176,10.378008470309164,553,True,1,0.6076897789857334,11.883764551868374,28.547701213967667,553,True,1,126.43738338137777,13.295941978371541,22.696165659437533,553,True,1,12.000709838294679,10.883100266111231,21.31288552824889,0_0_0_10_14_16,-23.0,44,offpacket_bootstrap,offpacket,4.0,4.1715461926848025,2.3138594973757938
2,22,629,multiscale_only_diverse16,16,999,False,26,0.9277227271255128,-18.34073833356673,13.522988924024284,999,False,170,0.007820328984182215,-27.000252845646727,4.251551501924839,999,False,25,0.061177466393021754,-18.11447340419953,13.241034642413545,999,False,74,0.0776148557247498,-17.09400197998609,7.1569127493789395,1000,False,119,0.17385799964134052,-14.208530089898657,5.504256424947935,999,False,26,0.7312482311638866,-19.36120975778017,19.90667630979149,999,False,26,8.834894737698047,-18.567329256665126,13.44020578873415,999,False,24,19.69799948033905,-17.707157815326084,13.636730403512425,0_0_0_10_14_16,-23.0,44,offpacket_bootstrap,offpacket,4.0,4.1715461926848025,2.3138594973757938
2,23,759,multiscale_only_diverse16,16,759,True,1,0.8706488862358697,7.942331997569859,16.66308424684149,759,True,1,0.02430843809396654,4.988221627523508,13.835741587591324,759,True,1,0.05454608118505531,8.774275708983296,17.17041587554198,759,True,1,0.05921231361645648,6.5792001980581105,10.119451940842723,759,True,1,0.12865852581769002,3.1346177681405454,8.182931157735382,759,True,1,0.8020373116969546,9.62291299811244,23.513729648972465,759,True,1,375.18654269564314,12.716301571804259,34.16869536823302,759,True,1,15.440308857605146,8.733475295810285,17.150792623708288,0_0_0_10_14_16,-23.0,44,offpacket_bootstrap,offpacket,4.0,4.1715461926848025,2.3138594973757938
2,24,874,multiscale_only_diverse16,16,1001,False,2,0.8457884974058203,-0.42144591910620394,9.567185602531039,1001,False,2,0.05193714793762603,-0.3135402003864919,9.246018597938525,452,False,5,0.049024143510870165,-0.8023417043794301,8.945453568127311,245,False,4,0.08112288727612513,-0.6002740331731015,3.9911827931784543,894,False,49,0.201456097264024,-2.6486782533882183,2.9576925985032325,1001,False,4,0.5111264905492245,-0.6200020982465222,14.345661726354182,223,False,5,5.315917819058236,-0.9347931482595401,8.774432462406077,245,False,6,11.73799038232076,-1.5360588613859913,8.255901120116134,0_0_0_10_14_16,-23.0,44,offpacket_bootstrap,offpacket,4.0,4.1715461926848025,2.3138594973757938
2,25,720,multiscale_only_diverse16,16,852,False,16,0.8092347427520963,-7.998522917259425,27.973140906804733,852,False,19,0.014812150332032164,-12.786921058197692,22.226220621073672,852,False,16,0.05017598765687373,-8.035497566824997,27.405048166383548,852,False,16,0.05097865628483461,-7.969498177758999,18.764144658194557,852,False,45,0.07578110720820154,-6.587998202696048,15.067070695734818,852,False,16,0.7964931879917301,-8.064522306325422,37.504421217655434,852,False,16,52.90443261975423,-8.000232591100984,28.46726986803247,852,False,16,14.611198117881639,-8.129491835105334,27.06245082124807,0_0_0_10_14_16,-23.0,44,offpacket_bootstrap,offpacket,4.0,4.1715461926848025,2.3138594973757938
2,26,314,multiscale_only_diverse16,16,851,False,23,1.1297309563190225,-19.60579164764132,16.208804109127595,852,False,39,0.024076555077714664,-23.96270263245137,11.235874782334214,851,False,23,0.07443948501848427,-19.374205460303354,16.213071721699983,851,False,63,0.07798105913496921,-19.174749348522234,9.82140841386945,851,False,119,0.11914119617767642,-17.55353454049645,6.373593345351716,851,False,23,1.0784232931778197,-19.80524775942244,23.16537491199977,851,False,23,13.81898745221551,-19.691716973208855,16.1598694759485,851,False,24,20.00115484721731,-19.838018765156292,15.6188309519474,0_0_0_10_14_16,-23.0,44,offpacket_bootstrap,offpacket,4.0,4.1715461926848025,2.3138594973757938
2,27,602,multiscale_only_diverse16,16,602,True,1,0.7866541094344939,15.000612440482616,42.945975372810715,603,False,3,0.0042900209918008275,-2.948798112336511,32.24644557285296,602,True,1,0.049265390259047276,15.070338693001538,42.64980031956513,602,True,1,0.04927470964388396,12.18362114355413,35.665712538024565,602,True,1,0.05043456262231269,6.9042263257264205,30.547355648752735,602,True,1,0.7865053286008337,15.025126251403938,50.274691094384934,602,True,1,10597.824328126208,15.065935181484885,42.93129971090928,602,True,1,14.711294514706221,14.964016983185587,42.62850012575497,0_0_0_10_14_16,-23.0,44,offpacket_bootstrap,offpacket,4.0,4.1715461926848025,2.3138594973757938
2,28,7,multiscale_only_diverse16,16,7,True,1,0.7952062235817472,4.591554376342058,12.469380788899333,7,True,1,0.04673655117969769,4.582455532297866,12.0095395938999,7,True,1,0.047167026476310804,4.72548795349409,12.160596692641503,7,True,1,0.05893590283011481,3.2410273871520823,6.168420934165981,7,True,1,0.14699899288329552,2.012103267049317,5.208287627794611,7,True,1,0.636411952658541,5.966032835829969,18.372978465895574,7,True,1,43.54590744479679,9.227446441285998,19.600974427582607,7,True,1,15.333565966385667,4.1397889997391815,11.798893682831723,0_0_0_10_14_16,-23.0,44,offpacket_bootstrap,offpacket,4.0,4.1715461926848025,2.3138594973757938
2,29,610,multiscale_only_diverse16,16,610,True,1,0.6542167084714698,0.7523750988008497,9.435621882203854,694,False,208,0.01012166738139078,-4.357591183121779,2.956466448260975,610,True,1,0.035986301223419066,0.7538689892079957,8.772710332017638,610,True,1,0.05931011920514132,0.4111160598119387,4.0632278496960375,490,False,56,0.161817900781202,-1.8914930147380116,2.874598516190519,610,True,1,0.3969447347596501,0.7211899361422416,13.996650978584693,610,True,1,74.59204080542888,15.414058531009605,25.9147842514969,610,True,1,10.568401098102557,0.9705182467445739,9.402839162938934,0_0_0_10_14_16,-23.0,44,offpacket_bootstrap,offpacket,4.0,4.1715461926848025,2.3138594973757938
2,30,775,multiscale_only_diverse16,16,775,True,1,0.8072169313600739,18.846927590355197,42.40929702207645,775,True,1,0.023093644312873526,8.470190144760958,39.506992689733934,775,True,1,0.05047250286630196,18.87339157187306,42.23590416776743,775,True,1,0.050478694021163284,12.532150903506473,35.69367888590782,775,True,1,0.05148515572343227,7.160054145986191,30.60403863596687,775,True,1,0.8071179271143096,18.90176494358989,49.20518405513759,775,True,1,9950.683281559912,18.802274019483946,42.44257628612752,775,True,1,15.091091050081532,18.80202625681418,42.28716270981114,0_0_0_10_14_16,-23.0,44,offpacket_bootstrap,offpacket,4.0,4.1715461926848025,2.3138594973757938
2,31,912,multiscale_only_diverse16,16,912,True,1,0.8303508088261005,21.643022040938945,42.91359330242736,912,True,1,0.04333906971629809,17.06974874050281,42.37968238011349,912,True,1,0.05195046165352104,21.899433829266126,42.576190006181236,912,True,1,0.051960072345147476,12.913550547363622,35.93491989468104,912,True,1,0.053225475608576274,7.446049687883992,30.78659482578121,912,True,1,0.8301972246372182,21.749444934181845,49.958519418389294,912,True,1,11170.507214811654,21.665365449164028,42.91034351117176,912,True,1,15.52898664895768,21.686364782105745,42.84450149804427,0_0_0_10_14_16,-23.0,44,offpacket_bootstrap,offpacket,4.0,4.1715461926848025,2.3138594973757938
2,32,768,multiscale_only_diverse16,16,768,True,1,0.7974734965069388,16.836162444718838,42.58056411123065,768,True,1,0.021474141766680006,7.1191212378000825,39.34261544126035,768,True,1,0.04993160445750216,16.939170737097587,42.49826106329618,768,True,1,0.04993604229348461,12.542161229518861,35.641282128374556,768,True,1,0.050961685607069,7.363756616595021,30.558610570764543,768,True,1,0.797402624719442,16.88296396010777,49.65956070257087,768,True,1,9843.390061141661,16.85924902033029,42.60248663623324,768,True,1,14.874982812931883,16.749682722855322,42.322602266705864,0_0_0_10_14_16,-23.0,44,offpacket_bootstrap,offpacket,4.0,4.1715461926848025,2.3138594973757938
2,33,581,multiscale_only_diverse16,16,723,False,64,0.42539755126626133,-3.7050581188009355,5.705963492835101,723,False,121,0.02196173874931811,-5.796096649746164,4.703510534999949,723,False,83,0.02521499944901297,-4.195800541155474,5.422978609307535,337,False,199,0.04893904518099118,-2.786736026690813,1.1019717328510055,561,False,464,0.1277782673033096,-4.97077492797615,0.34245352186292827,723,False,59,0.2191787555544009,-5.845740474440372,9.956144908188003,581,True,1,17.286557739420452,5.175648931315799,18.228088186955954,723,False,229,5.0687880265277645,-5.904303189383906,3.327060554746963,0_0_0_10_14_16,-23.0,44,offpacket_bootstrap,offpacket,4.0,4.1715461926848025,2.3138594973757938
2,34,93,multiscale_only_diverse16,16,93,True,1,0.6500668008604329,20.44534239144847,40.34207434426645,93,True,1,0.032420622226327286,13.793016009790417,39.277071753925284,93,True,1,0.04065092740418166,20.507253332768087,40.160532575322904,93,True,1,0.040663752290212615,13.26036424443728,33.01932953587932,93,True,1,0.042504739269881624,7.69813879976866,28.13035766003267,93,True,1,0.6498617771682255,20.535423417319656,47.74543351263113,93,True,1,6552.860363527654,20.485082604997636,40.48156058144929,93,True,1,12.17068269040094,20.3645472545122,40.359765398529134,0_0_0_10_14_16,-23.0,44,offpacket_bootstrap,offpacket,4.0,4.1715461926848025,2.3138594973757938
3,0,222,multiscale_only_diverse16,16,222,True,1,0.8591770339407958,3.2052471377494074,12.35047434303704,477,False,80,0.01379261963050487,-4.198769866024917,5.962099421051469,222,True,1,0.04834022907613181,2.0601213706307706,11.34696050984843,222,True,1,0.06742367739574281,1.8463170946419378,5.893752059290488,498,False,18,0.16109147916778802,-1.3018952816202942,4.575063162720554,222,True,1,0.6159974691661058,3.069894474763977,17.716053306641168,222,True,1,25.38327680317199,5.80511239373259,15.652235230422187,222,True,1,16.00795123345656,3.2688884115998067,12.580261047217574,0_0_0_10_14_16,-23.0,44,offpacket_bootstrap,offpacket,4.0,4.1715461926848025,2.3138594973757938
3,1,711,multiscale_only_diverse16,16,860,False,5,0.462803544885503,-1.0662327911373284,8.565780583589934,584,False,195,0.009591826183806858,-6.108756483713597,3.630934752390562,264,False,5,0.03227250272776789,-0.9207137840447679,8.640411503441216,860,False,14,0.04582046369427375,-1.8545617843083926,3.3226173875880343,860,False,80,0.12366586375993133,-2.673672598202668,2.365528049488011,264,False,5,0.32596415357980324,-1.1711096258700167,13.493851927999717,711,True,1,11.436205899579441,2.572517576524565,12.242945846376898,860,False,12,7.797955316841524,-2.0924845118981787,7.7408569721588645,0_0_0_10_14_16,-23.0,44,offpacket_bootstrap,offpacket,4.0,4.1715461926848025,2.3138594973757938
3,2,871,multiscale_only_diverse16,16,871,True,1,0.9614485951062512,11.76183137126012,16.98052151363593,871,True,1,0.04529595241696039,8.94903321214311,16.776573832901406,871,True,1,0.05916526831131342,12.147882726676613,17.46897556334903,871,True,1,0.06382779794177385,8.81297274692258,10.81386995417579,871,True,1,0.1253724354884713,6.373722154070485,7.674193455928831,871,True,1,0.8912161461200461,14.39178296840354,23.707074499206456,871,True,1,1150.4030177998209,22.86807673664816,40.28134794734911,871,True,1,16.817353541726188,11.882805140070698,17.059618601437176,0_0_0_10_14_16,-23.0,44,offpacket_bootstrap,offpacket,4.0,4.1715461926848025,2.3138594973757938
3,3,718,multiscale_only_diverse16,16,593,False,14,0.7680985757832595,-0.7312857113975019,7.364414403248425,592,False,370,0.012074203859672108,-7.10973727165514,1.5292402831026575,401,False,41,0.03897686984625508,-1.934290037214788,6.293304000210137,401,False,12,0.07315125645408159,-0.7923645890515263,3.3741684186367267,401,False,165,0.1488597549654271,-3.145160069580905,1.6917184588031564,593,False,26,0.4092626657231881,-1.9813543599771801,10.095726127214576,718,True,1,9.076035477363133,2.7598768748381013,11.738916627407175,401,False,20,14.169838124689736,-1.481330689545629,6.943884636368438,0_0_0_10_14_16,-23.0,44,offpacket_bootstrap,offpacket,4.0,4.1715461926848025,2.3138594973757938
3,4,107,multiscale_only_diverse16,16,107,True,1,0.5300277186978839,1.3734082712236932,10.64096691096772,549,False,42,0.015192072284858903,-2.936445255090963,6.450932896240142,107,True,1,0.03276841525353474,0.775014021881421,10.006366240626994,107,True,1,0.044571696998310546,0.5303950770105107,4.416811023345956,498,False,33,0.10754525358013795,-2.0014088532754846,3.2496884920234965,107,True,1,0.3896680977355267,1.6561406120007802,15.857069035260213,107,True,1,21.26261279907496,4.558225887158917,14.825130028896805,107,True,1,8.919819481493997,0.5862621807314586,10.175348099209705,0_0_0_10_14_16,-23.0,44,offpacket_bootstrap,offpacket,4.0,4.1715461926848025,2.3138594973757938
3,5,468,multiscale_only_diverse16,16,468,True,1,0.9829715892897326,0.48071630952135547,9.802316102905472,959,False,57,0.028981161629269347,-4.820156784731455,6.371020350879819,959,False,3,0.05874595212216428,-0.370298846092011,9.164519797181686,545,False,3,0.10172901709416801,-0.29847589861976376,4.555591021579433,545,False,19,0.28388727386191476,-1.4964795354468807,3.8279903583095285,684,False,2,0.5676414023386139,-0.6874762501232857,14.361136351533638,584,False,2,5.615277544817043,-0.5677901443286908,9.153729673912515,284,False,3,14.648664370061375,-0.6543713743813859,9.283664365036115,0_0_0_10_14_16,-23.0,44,offpacket_bootstrap,offpacket,4.0,4.1715461926848025,2.3138594973757938
3,6,89,multiscale_only_diverse16,16,339,False,3,0.4948316219927307,-0.7378788048518987,8.090735242810577,462,False,32,0.0216776758363398,-4.047711780000419,6.716543145522503,339,False,11,0.027685114801498142,-1.2126260422373594,7.702864692576385,339,False,11,0.05011258186774787,-0.8203947757996297,3.120516652732083,957,False,40,0.16150949575752638,-1.988079735681031,3.0067855051063788,339,False,7,0.2733738664360691,-1.130110071289627,12.920109460038843,89,True,1,9.23787188094121,1.8625582879225862,11.293325779358875,89,True,1,10.486762874924757,0.2789423285371936,8.726529031864912,0_0_0_10_14_16,-23.0,44,offpacket_bootstrap,offpacket,4.0,4.1715461926848025,2.3138594973757938
3,7,713,multiscale_only_diverse16,16,1019,False,327,0.18827050196634687,-6.548895914452521,2.5653886076348975,265,False,602,0.005729626199957354,-10.394563063301765,-0.9359040817241081,1020,False,396,0.010143724992134716,-6.7121844396569195,2.124467045761591,584,False,698,0.02878719901415796,-4.677784450408884,-0.7050978247112767,518,False,864,0.07199246626418754,-6.8263481629582206,-1.6548009117377185,1019,False,325,0.06634074385418781,-9.432263967957944,5.000652634828809,1018,False,7,4.817180174657658,-0.19212484093282028,8.395891232682802,1019,False,366,3.1313504483579826,-6.929509433866792,1.8101926476361716,0_0_0_10_14_16,-23.0,44,offpacket_bootstrap,offpacket,4.0,4.1715461926848025,2.3138594973757938
3,8,865,multiscale_only_diverse16,16,957,False,13,0.7589361031009254,-2.819012316029575,8.687890138011992,875,False,54,0.030765770067006096,-5.137781681220643,6.350539223580305,875,False,16,0.0444876107755272,-2.976807739601517,7.950420974682726,875,False,13,0.0926852951792801,-1.0963969038812644,3.9193778426676467,260,False,31,0.2664072271953495,-1.8346254947513767,3.5397328014116103,958,False,20,0.36427843157797013,-5.017455720542743,12.708189263430468,958,False,14,4.7607998669161535,-2.9306466060551912,8.152182969941721,958,False,12,14.696340437165963,-2.6858777317535196,8.755037653205358,0_0_0_10_14_16,-23.0,44,offpacket_bootstrap,offpacket,4.0,4.1715461926848025,2.3138594973757938
3,9,492,multiscale_only_diverse16,16,492,True,1,0.8571438735041035,21.981282816071207,37.61409969321358,491,False,3,0.004435915090064536,-3.54045611534724,27.364215793732853,492,True,1,0.05361080426625875,21.986531523942627,37.50771704409821,492,True,1,0.05362493128804796,13.045825402024246,33.62125724429246,492,True,1,0.05450510002130985,7.5386017153663465,28.899854978162658,492,True,1,0.8569180664049308,22.086866526587528,41.83380556402927,492,True,1,4088.267355017138,22.126271428495514,37.77629114011467,492,True,1,15.9762911760017,22.012495920548535,37.5185574702286,0_0_0_10_14_16,-23.0,44,offpacket_bootstrap,offpacket,4.0,4.1715461926848025,2.3138594973757938
3,10,765,multiscale_only_diverse16,16,765,True,1,0.8208876593744776,19.872787339859975,42.648043582087695,765,True,1,0.02303114790168156,6.164090261128745,39.53301929646344,765,True,1,0.05131502830735183,19.891887835015385,42.4208285104617,765,True,1,0.05132272312603346,13.013261450807462,35.79126745371987,765,True,1,0.05240635593910733,7.543719810240297,30.632607144856948,765,True,1,0.8207645836428691,19.929584917923368,49.65967278777573,765,True,1,10420.167868475315,19.86423320494577,42.71809324101696,765,True,1,15.328557584518002,19.851031723430612,42.53231841299496,0_0_0_10_14_16,-23.0,44,offpacket_bootstrap,offpacket,4.0,4.1715461926848025,2.3138594973757938
3,11,1023,multiscale_only_diverse16,16,1023,True,1,0.782755155618716,15.789165901147848,42.98154404746931,1023,True,1,0.04906732145710533,15.927265592227887,43.357518701895515,1023,True,1,0.0489814738568349,15.837397781968477,42.72345150865833,1023,True,1,0.04899514001479241,13.75967992412967,35.501175986173024,1023,True,1,0.05042363270553588,8.262836231840252,30.480308837447957,1023,True,1,0.7825368226249637,15.803449885601808,50.673564733045744,1023,True,1,11397.678506623228,15.77107611710969,42.9452444020147,1023,True,1,14.587203887934564,15.768689411140128,42.72730803834832,0_0_0_10_14_16,-23.0,44,offpacket_bootstrap,offpacket,4.0,4.1715461926848025,2.3138594973757938
3,12,597,multiscale_only_diverse16,16,597,True,1,0.8198901937618217,19.849376244566905,43.05073268077703,596,False,2,0.0072869571038417106,-1.0993864808649558,34.414881034586024,597,True,1,0.05123071871823566,19.877423716505838,42.84888832643154,597,True,1,0.05124142065963011,13.149438596078424,35.85668234922612,597,True,1,0.05186132117012509,7.858727382395817,30.60949859806005,597,True,1,0.8197189569637281,19.932530900989384,50.486762591155916,597,True,1,11540.069465612445,19.824507272979247,43.08980656409119,597,True,1,15.312899523185461,19.867479135031296,42.682635309576,0_0_0_10_14_16,-23.0,44,offpacket_bootstrap,offpacket,4.0,4.1715461926848025,2.3138594973757938
3,13,562,multiscale_only_diverse16,16,562,True,1,2.251377435672012,3.302509613638475,13.161671729066835,204,False,31,0.03046804984001195,-3.073612065777238,7.024418485835097,562,True,1,0.14030750283083238,3.560564680606326,13.282404486174407,562,True,1,0.16834680655765502,2.8736072092563965,6.835197138053166,562,True,1,0.5935902789711205,2.5215428296860125,6.82991176486003,562,True,1,1.8763952366428724,3.9894670849884046,19.481838074202788,562,True,1,15.750525946002398,4.93097872572797,13.540791644277213,562,True,1,42.209673987556656,2.5399657204982873,12.667742905404587,0_0_0_10_14_16,-23.0,44,offpacket_bootstrap,offpacket,4.0,4.1715461926848025,2.3138594973757938
3,14,478,multiscale_only_diverse16,16,478,True,1,0.8360103679200712,15.820102816163914,22.250159117078113,479,False,2,0.007569676422072591,-0.19528356574380648,13.87041061818563,478,True,1,0.0523062228312696,15.771445283982573,22.229536258438472,478,True,1,0.05314932732321689,10.61925642988328,16.266850060809762,478,True,1,0.060561414081537084,3.8718380399572743,10.577255950671445,478,True,1,0.8227487871624909,18.038603753117904,28.220940183843346,478,True,1,4064.823334178978,18.370115103829935,40.91459455309423,478,True,1,15.738319356623315,15.731516398913765,21.748097289869534,0_0_0_10_14_16,-23.0,44,offpacket_bootstrap,offpacket,4.0,4.1715461926848025,2.3138594973757938
3,15,267,multiscale_only_diverse16,16,267,True,1,0.8822891941383695,2.166342844823555,11.561861357562712,294,False,87,0.011915456580388015,-4.2746672646992305,5.2209090004792955,267,True,1,0.05741165682771697,2.8165272910976697,12.244786614944962,267,True,1,0.06594802298224493,1.4227903094357952,5.309852667821751,4,False,67,0.1131751502183254,-2.5224589057039037,2.4532534809497464,267,True,1,0.7680849576083945,3.5390673945812283,18.421267292942176,267,True,1,81.36870499428677,9.76402137293518,27.412135246852174,267,True,1,16.36911295366835,2.367435747079864,11.82641357725531,0_0_0_10_14_16,-23.0,44,offpacket_bootstrap,offpacket,4.0,4.1715461926848025,2.3138594973757938
3,16,917,multiscale_only_diverse16,16,917,True,1,0.5688465630100978,1.477792313571737,10.499379801319543,857,False,2,0.025674011392941853,-0.3878219694051708,8.639943399876325,917,True,1,0.03478451781186873,1.2023995461276644,10.093760807890725,917,True,1,0.04861868049245569,0.3967364915078735,4.306155040275804,917,True,1,0.15223461542711594,0.1322595372023192,4.335919698898911,917,True,1,0.40698458293855744,1.8178111074152026,16.132309906881076,917,True,1,71.90955157082784,13.892557236324192,27.444751190981457,917,True,1,10.484749675500348,1.759255369583916,10.702857969129319,0_0_0_10_14_16,-23.0,44,offpacket_bootstrap,offpacket,4.0,4.1715461926848025,2.3138594973757938
3,17,656,multiscale_only_diverse16,16,656,True,1,0.7812772899234552,19.54973508679162,43.02324408232068,656,True,1,0.011457352442809493,1.143183922051758,36.34635841761296,656,True,1,0.04894251332120118,19.54807038358178,42.694292095332386,656,True,1,0.04895016925151827,13.120199063912118,35.214051796277616,656,True,1,0.05022479914238118,7.623547012003444,30.148861784996438,656,True,1,0.7811550961786441,19.631007013494404,50.833354644186095,656,True,1,10581.850610565007,19.5856658704662,43.029806799617525,656,True,1,14.57100143914306,19.50264673785048,42.59271969211578,0_0_0_10_14_16,-23.0,44,offpacket_bootstrap,offpacket,4.0,4.1715461926848025,2.3138594973757938
3,18,889,multiscale_only_diverse16,16,889,True,1,0.664575190936123,19.15769155575346,40.72319859100578,889,True,1,0.03232357659001247,13.388811811505725,39.58760011715964,889,True,1,0.041452790348178156,19.109494073756434,40.40548045580159,889,True,1,0.041468845553799254,12.503986390622806,33.44090317740954,889,True,1,0.04263361089733539,6.894885031015559,28.360234900683064,889,True,1,0.6643178919638785,19.285025832083157,47.88498944547716,889,True,1,6867.239475699912,19.193525827347944,40.756943157255435,889,True,1,12.36510385666816,19.150069718391887,40.290710962853915,0_0_0_10_14_16,-23.0,44,offpacket_bootstrap,offpacket,4.0,4.1715461926848025,2.3138594973757938
3,19,510,multiscale_only_diverse16,16,510,True,1,0.7124828714385245,12.700383019327043,41.6531817223784,511,False,5,0.00040811148085011836,-13.534413367649485,21.19425558792728,510,True,1,0.04439097346269152,12.632681583986201,41.57007544888383,510,True,1,0.04440333148968345,11.980672944431864,34.41216023372947,510,True,1,0.046152526706607404,6.336919673031387,29.330951729746193,510,True,1,0.7122845781514865,12.717123427254029,49.08096280877382,510,True,1,8567.257648061572,12.710272078813121,41.710120234805814,510,True,1,13.328436273831734,12.804849399279181,41.46450973847023,0_0_0_10_14_16,-23.0,44,offpacket_bootstrap,offpacket,4.0,4.1715461926848025,2.3138594973757938
3,20,860,multiscale_only_diverse16,16,860,True,1,0.787721613511426,18.48521975299948,42.9422133226341,860,True,1,0.034055474772940984,11.782002535380878,41.5826756060316,860,True,1,0.049305377520545736,18.487768489517617,42.751600833806094,860,True,1,0.049321836111244154,12.19672908758495,35.831792063713536,860,True,1,0.050084432025725725,6.704291268984791,30.605551435294338,860,True,1,0.7874587525021189,18.53803470967729,50.27095301508968,860,True,1,9188.220339999212,18.52010448703198,43.00163240021906,860,True,1,14.728640387618986,18.40285873799052,42.546710907238115,0_0_0_10_14_16,-23.0,44,offpacket_bootstrap,offpacket,4.0,4.1715461926848025,2.3138594973757938
3,21,553,multiscale_only_diverse16,16,553,True,1,0.7671446883246205,13.02108865458078,42.98794680842671,554,False,3,0.0010783874608043746,-9.797585763071513,26.58064567843383,553,True,1,0.047970651698677064,13.04130539564045,42.74242692655564,553,True,1,0.047983250156037716,12.017316400519618,35.61020172671771,553,True,1,0.04877086514393685,6.721846661871878,30.38960920208752,553,True,1,0.7669432672117554,13.03626923855335,50.3584546670626,553,True,1,10815.876769621378,13.061566277035567,42.94501834171509,553,True,1,14.317546743930883,12.990774250050771,42.82715307294558,0_0_0_10_14_16,-23.0,44,offpacket_bootstrap,offpacket,4.0,4.1715461926848025,2.3138594973757938
3,22,629,multiscale_only_diverse16,16,629,True,1,1.0278922525694725,5.069709318717129,13.411929243661657,358,False,23,0.014507537075562299,-1.3761164093657792,7.138488007771869,629,True,1,0.06456776694914802,4.5873059878812645,13.55405034180565,629,True,1,0.07865513529457036,3.6895247193221388,7.303572795153337,629,True,1,0.2074989902038656,1.3567415968467158,6.519173803896763,629,True,1,0.8437936971843464,5.913085690210092,19.58904182652846,629,True,1,20.336169647987063,5.578881404321129,14.384671593533422,629,True,1,21.26975483803896,5.288445834286063,13.736408074520643,0_0_0_10_14_16,-23.0,44,offpacket_bootstrap,offpacket,4.0,4.1715461926848025,2.3138594973757938
3,23,759,multiscale_only_diverse16,16,759,True,1,1.1655881040560558,2.1239492405341447,12.537997197215232,428,False,29,0.02140893092035077,-3.9406489051614333,7.085518145433878,759,True,1,0.06852324603879793,2.4127312256085958,12.300743021910064,759,True,1,0.07933197168667626,1.3299626368960733,5.671207548596668,920,False,69,0.12409310958826872,-1.8149138443691482,2.5674323385177127,759,True,1,1.0067804787403665,3.1064482184108493,19.08086877970286,759,True,1,13.465161664731083,1.4368295961097408,13.068755797498913,759,True,1,22.151400444792795,2.230744748375719,11.91362994936436,0_0_0_10_14_16,-23.0,44,offpacket_bootstrap,offpacket,4.0,4.1715461926848025,2.3138594973757938
3,24,874,multiscale_only_diverse16,16,874,True,1,0.8102846181032284,20.77314151922848,42.623635175908106,874,True,1,0.03675972338638395,14.501829099838876,41.71068042695417,874,True,1,0.050644889778752436,20.65748781825598,42.36741221101424,874,True,1,0.05064759262523928,12.521962417563806,35.66877310141107,874,True,1,0.05178096016524049,7.18388672818482,30.483409061209137,874,True,1,0.8102413766613381,20.872488488611182,49.82763260223719,874,True,1,10236.51829583771,20.733037329296398,42.53831609254821,874,True,1,15.138909505637011,20.804625190893184,42.38233216970279,0_0_0_10_14_16,-23.0,44,offpacket_bootstrap,offpacket,4.0,4.1715461926848025,2.3138594973757938
3,25,720,multiscale_only_diverse16,16,720,True,1,0.7867012661311179,16.48469427235551,42.41294518402772,720,True,1,0.014261759536708956,4.446539665832424,37.26638509588725,720,True,1,0.04905941620379743,16.523583913297767,42.21809959866435,720,True,1,0.0490721794235855,12.288339134270176,35.502433740656286,720,True,1,0.050713261117448845,7.124081841173144,30.36968515507001,720,True,1,0.7864966524113866,16.516980038151495,49.36621956038283,720,True,1,9012.476516272065,16.503821761564186,42.479203431210316,720,True,1,14.667836819482998,16.526653889297435,42.23619772796644,0_0_0_10_14_16,-23.0,44,offpacket_bootstrap,offpacket,4.0,4.1715461926848025,2.3138594973757938
3,26,314,multiscale_only_diverse16,16,314,True,1,0.8088451951967421,16.586401714787034,43.00126289999934,314,True,1,0.011915411994104142,2.6868799856742314,37.051913728247484,314,True,1,0.05060124632863122,16.604339718166624,42.82419390723373,314,True,1,0.050609594424349647,12.578582355524057,35.732268393661634,314,True,1,0.05283986056711875,7.226551565519143,30.583242978412652,314,True,1,0.8087117754926783,16.609527683483105,50.21774046357825,314,True,1,10628.244781870972,16.603138910027248,43.05597323469857,314,True,1,15.066509118781406,16.529199859590904,42.76227707387922,0_0_0_10_14_16,-23.0,44,offpacket_bootstrap,offpacket,4.0,4.1715461926848025,2.3138594973757938
3,27,602,multiscale_only_diverse16,16,602,True,1,0.7818981417689344,13.912157146563258,43.05772338615956,603,False,3,0.0037104383577393264,-3.6202311883476335,31.740233361180763,602,True,1,0.04878640885258048,13.932881023166777,42.57614873384103,602,True,1,0.04879689681088892,12.1121153636805,35.606064185778095,602,True,1,0.04945548238349603,6.810406544797134,30.50574164953851,602,True,1,0.7817300877399231,13.929983741805794,50.0168452713953,602,True,1,10365.314410707562,13.930980333345547,42.985568381263604,602,True,1,14.566845956682542,13.837261924737943,42.59674733587312,0_0_0_10_14_16,-23.0,44,offpacket_bootstrap,offpacket,4.0,4.1715461926848025,2.3138594973757938
3,28,7,multiscale_only_diverse16,16,7,True,1,0.8311082257278599,23.68374573056917,43.06819692049611,7,True,1,0.051563187948637276,23.22817340673292,43.76942396937308,7,True,1,0.0519080459035851,23.749539670344856,42.901734566467375,7,True,1,0.051912390206933744,13.172912156233235,35.77221993531114,7,True,1,0.05292352305949632,7.727478440170525,30.546851010815217,7,True,1,0.831038674196256,23.814378867777446,50.375380735425836,7,True,1,11864.094837199624,23.60597936918485,43.07313602433089,7,True,1,15.564072636354071,23.659873689448947,42.94379155562228,0_0_0_10_14_16,-23.0,44,offpacket_bootstrap,offpacket,4.0,4.1715461926848025,2.3138594973757938
3,29,610,multiscale_only_diverse16,16,610,True,1,0.7979376036695704,14.852369205910064,42.895713408349806,609,False,3,0.00500439301147072,-2.243327265847564,32.816345154901846,610,True,1,0.04985518564895403,14.841833483286422,42.67931977911268,610,True,1,0.049862164715762394,12.347641540197252,35.706598383275384,610,True,1,0.050629432904900316,7.0185380090090685,30.53025321835885,610,True,1,0.7978259185897778,14.866058142727073,50.03015296509601,610,True,1,10825.265851045062,14.868372436279069,42.97821795307567,610,True,1,14.929998636781306,14.809828332772097,42.69157769335778,0_0_0_10_14_16,-23.0,44,offpacket_bootstrap,offpacket,4.0,4.1715461926848025,2.3138594973757938
3,30,778,multiscale_only_diverse16,16,778,True,1,0.6283781922221046,1.0234077870706069,10.901987514865617,424,False,18,0.018354709698249587,-3.6571499176261906,7.7427806582633085,778,True,1,0.03654890881615534,0.969167277349237,10.577828556774335,124,False,2,0.04739347680599341,-0.0016478205938230063,4.575740966540303,903,False,19,0.11991588403663583,-1.2900352170826341,3.4816648013085407,778,True,1,0.4845927920333938,1.4231851377542115,16.72055297097297,778,True,1,21.420565079811805,5.713651960066636,15.223186313657095,778,True,1,9.947414445475532,0.26015013696987516,9.72442169316674,0_0_0_10_14_16,-23.0,44,offpacket_bootstrap,offpacket,4.0,4.1715461926848025,2.3138594973757938
3,31,897,multiscale_only_diverse16,16,897,True,1,1.9670551637114073,5.483898344912451,15.047267390005869,897,True,1,0.06811228233702682,0.9040218766287494,12.738817412352002,897,True,1,0.11487562110567555,5.258231360549188,14.855055451176796,897,True,1,0.13242199931007873,3.2082818855225193,8.11471353480334,897,True,1,0.3083643686409436,0.018199508254418222,6.639403451322679,897,True,1,1.7064134725178985,6.952456718492639,21.591069622034137,897,True,1,21.674335783065317,4.796223863306218,14.790988163665364,897,True,1,35.88693812081897,5.50301760804932,15.051628084375077,0_0_0_10_14_16,-23.0,44,offpacket_bootstrap,offpacket,4.0,4.1715461926848025,2.3138594973757938
3,32,740,multiscale_only_diverse16,16,740,True,1,0.8219826753988038,17.54135064056921,42.64622098711734,740,True,1,0.0184962083078548,5.867459728490214,38.802086657918196,740,True,1,0.0513175775720271,17.510864316680088,42.493804145937624,740,True,1,0.05132190900938588,12.538248892523779,35.876331345410144,740,True,1,0.052214948962663384,7.275828909283064,30.623986611969528,740,True,1,0.8219133021713224,17.560082461314895,49.2405775174075,740,True,1,10384.740548036225,17.54793415284008,42.62733086857387,740,True,1,15.371145119768435,17.562219864226932,42.34221806578502,0_0_0_10_14_16,-23.0,44,offpacket_bootstrap,offpacket,4.0,4.1715461926848025,2.3138594973757938
3,33,590,multiscale_only_diverse16,16,590,True,1,1.0689130212032438,4.347325465534439,14.44567810682511,589,False,10,0.018940980423200315,-3.0219191676151476,9.38322797005122,590,True,1,0.06783175828281218,4.68293844373047,14.89274549353761,590,True,1,0.07870369881064757,4.048418807925342,8.241418218017225,590,True,1,0.1949295462730001,1.6527067204707397,7.113269133847616,590,True,1,0.9212559355571203,4.981845101339568,20.69497407099325,590,True,1,23.643830584194806,5.249676559265755,15.125235937507746,590,True,1,20.572367721090473,4.117872463248238,14.387185207377065,0_0_0_10_14_16,-23.0,44,offpacket_bootstrap,offpacket,4.0,4.1715461926848025,2.3138594973757938
3,34,930,multiscale_only_diverse16,16,930,True,1,0.8434901814462705,0.026752472132392183,10.476183480339998,757,False,5,0.04128197027932921,-1.4709029166662366,9.260185418683736,930,True,1,0.0546389648941739,0.12455730621310944,10.223430571524224,602,False,3,0.07411709132926333,-0.3043013141688754,4.395964114622054,112,False,8,0.2363863923479317,-2.036535031171915,4.395210845817687,930,True,1,0.6218191996752933,0.19521376905813234,16.157818513321764,930,True,1,7.652653142372727,0.05619390582040375,10.431728288473321,602,False,5,12.692210335653067,-1.2296889551055823,9.60647494297217,0_0_0_10_14_16,-23.0,44,offpacket_bootstrap,offpacket,4.0,4.1715461926848025,2.3138594973757938
1,0,222,multiscale_only_diverse16,16,222,True,1,0.7324391971456521,18.251611100435277,40.876284222027614,222,True,1,0.02200555936699312,7.2560074623180295,37.791329194413215,222,True,1,0.04581167796067618,18.28549536979691,40.74189666230101,222,True,1,0.04582294741655302,13.588700955496808,34.03991578072917,222,True,1,0.04710683860028095,8.526903115923984,29.031826927927415,222,True,1,0.732259064882669,18.321076316648533,47.817268755147914,222,True,1,7228.04524094289,18.32497802100669,40.871294426323416,222,True,1,10.892723133504497,18.240726159802716,40.738058473875746,0_0_0_10_14_16,-24.0,44,offpacket_bootstrap,offpacket,4.0,4.171530709005165,2.3140252693432988
1,1,826,multiscale_only_diverse16,16,1000,False,48,0.4451045790325594,-3.2779840717570967,6.101664257165419,424,False,362,0.009875314440673412,-8.050359447319433,1.4803504035622557,1000,False,29,0.03380762692305985,-2.5539971254838445,6.8297882467783815,1000,False,63,0.05656332641419765,-1.8655295959139204,1.9390933916730217,677,False,95,0.17983397572337861,-2.863103082342013,1.886382214745903,1000,False,38,0.26603685645159086,-3.9664516013270195,10.867383795066443,826,True,1,6.767470903295319,2.3598579835688667,10.218214058938116,1000,False,28,7.905758386307751,-2.709728263480826,6.919841972089937,0_0_0_10_14_16,-24.0,44,offpacket_bootstrap,offpacket,4.0,4.171530709005165,2.3140252693432988
1,2,922,multiscale_only_diverse16,16,922,True,1,1.212832547383428,7.850228682513264,14.553510620749359,922,True,1,0.08477086870848083,8.121870989799742,15.329323501104724,922,True,1,0.07880254938780255,8.455838571981607,14.914786858468203,922,True,1,0.08880035408287645,5.040048960836437,8.837621271598387,922,True,1,0.18215607124044136,0.3989143657349559,6.532671975813002,922,True,1,1.0762828335697678,9.644461608103631,20.6365534625281,922,True,1,274.20979563971815,17.4003781294209,35.15796447025621,922,True,1,16.776909300652562,7.218818263937563,14.174504010576975,0_0_0_10_14_16,-24.0,44,offpacket_bootstrap,offpacket,4.0,4.171530709005165,2.3140252693432988
1,3,718,multiscale_only_diverse16,16,718,True,1,0.8106455324256245,19.008089318467295,43.11002391558141,718,True,1,0.018827587645587073,4.9384209317526135,38.544527869926256,718,True,1,0.050573811904788664,18.946703700653686,42.72137729053974,718,True,1,0.050581106829558575,13.038360115071846,35.738677516916056,718,True,1,0.05139762125573247,7.637783513437518,30.46217966279082,718,True,1,0.8105286192431187,19.06474300305159,50.36037805957942,718,True,1,10016.09920756602,19.120346904881217,43.01535367875537,718,True,1,12.065375701492503,19.03691089630625,42.60879649956617,0_0_0_10_14_16,-24.0,44,offpacket_bootstrap,offpacket,4.0,4.171530709005165,2.3140252693432988
1,4,107,multiscale_only_diverse16,16,107,True,1,0.815387573422047,16.032186210281466,42.918762968256615,107,True,1,0.03888628345921783,10.364179464782586,42.37601401696799,107,True,1,0.050970350936947004,16.07526119215555,42.87046413856821,107,True,1,0.05097838591100404,13.78109044026295,35.57158147781168,107,True,1,0.052147500952778494,8.40593681023875,30.42771661575728,107,True,1,0.8152590558575579,16.06562829777792,50.4480040041377,107,True,1,10638.130002579746,16.070202330568303,42.93324381310895,107,True,1,12.083024192218806,15.932410563696047,42.75851077328859,0_0_0_10_14_16,-24.0,44,offpacket_bootstrap,offpacket,4.0,4.171530709005165,2.3140252693432988
1,5,468,multiscale_only_diverse16,16,468,True,1,0.8090703557568055,18.491579457911637,43.21751926127181,467,False,2,0.0068232679808869915,-1.1983570676975237,34.19669284307247,468,True,1,0.05059065566965749,18.59038091092597,42.980262063866505,468,True,1,0.05059903422510451,13.312902806535385,35.71455887286546,468,True,1,0.051681020780512926,7.914356926693371,30.584187301607486,468,True,1,0.808936384013272,18.546020033941574,50.66406667517323,468,True,1,10889.817807627522,18.514734111179706,43.150149515427934,468,True,1,12.003871480240647,18.444225133302893,43.06459992334464,0_0_0_10_14_16,-24.0,44,offpacket_bootstrap,offpacket,4.0,4.171530709005165,2.3140252693432988
1,6,89,multiscale_only_diverse16,16,89,True,1,0.7988324475218747,17.155451234831762,42.94869011528363,89,True,1,0.0401318570460904,11.945509184170737,42.259009065537505,89,True,1,0.04988670569558398,17.170304017874617,42.55167727338031,89,True,1,0.04989440392020241,13.548598089761686,35.522692955414826,89,True,1,0.05064246875468283,8.298108927851404,30.373150292974632,89,True,1,0.798709195390767,17.178417419133748,50.69569868700141,89,True,1,9603.732338051228,17.156313297607895,43.05011108099372,89,True,1,11.85604376335431,17.180513066561872,42.65819878755493,0_0_0_10_14_16,-24.0,44,offpacket_bootstrap,offpacket,4.0,4.171530709005165,2.3140252693432988
1,7,713,multiscale_only_diverse16,16,713,True,1,0.7948282511528681,16.621811341259864,42.54712803400967,713,True,1,0.013964533666407021,2.328005917919609,37.562826635391964,713,True,1,0.04964443672270207,16.605310641415457,42.28192107576683,713,True,1,0.0496496517044269,12.234118467324626,35.73359899073194,713,True,1,0.05097268483209651,7.076928897309411,30.419888263700415,713,True,1,0.7947447658783124,16.64887566619376,49.23185140253956,713,True,1,9199.86132304462,16.60471862034806,42.54344955869019,713,True,1,11.781163423937507,16.653997648390323,42.189270702975165,0_0_0_10_14_16,-24.0,44,offpacket_bootstrap,offpacket,4.0,4.171530709005165,2.3140252693432988
1,8,865,multiscale_only_diverse16,16,37,False,3,0.9953928728328378,-1.1156986274397276,9.700965592261905,469,False,60,0.03032564341262399,-4.286968277772295,6.294686033169469,37,False,4,0.05302379064011528,-1.3471906926092183,8.870803150053685,90,False,14,0.08076014562850715,-1.035183842345212,3.2503024938031535,458,False,150,0.19594151594723885,-4.425389235741974,1.89421433607984,37,False,3,0.653534028238811,-1.492720894878334,14.965357583021397,37,False,2,7.392798636470868,-0.5516163301692987,10.563518330174242,37,False,4,15.341537301750648,-1.2236600943027753,9.606928147189663,0_0_0_10_14_16,-24.0,44,offpacket_bootstrap,offpacket,4.0,4.171530709005165,2.3140252693432988
1,9,492,multiscale_only_diverse16,16,492,True,1,0.7267742744848107,6.217284931789303,14.304939879104726,970,False,916,0.00035190779279682,-15.692096880633084,-6.977510681448238,492,True,1,0.04600472618329195,5.399984262544759,13.861612395503922,492,True,1,0.04990018253077128,3.649935167417076,7.362723010987477,281,False,4,0.0859217256279598,-0.41178296504937933,4.509385288286079,492,True,1,0.6700386611635424,7.432423209937634,20.822981531758977,492,True,1,40.95315438523229,8.66248713376687,17.882364120014984,492,True,1,10.837641390205855,6.153012750140246,14.43767134334028,0_0_0_10_14_16,-24.0,44,offpacket_bootstrap,offpacket,4.0,4.171530709005165,2.3140252693432988
1,10,765,multiscale_only_diverse16,16,765,True,1,0.6291093435045383,0.6643013774741111,9.244522824785218,917,False,92,0.014163338849494632,-3.580437515427715,4.974937460150216,765,True,1,0.05194776406249215,2.1411241758962705,10.59583007326296,765,True,1,0.07581749210801962,1.5421515335875544,5.205079612358386,765,True,1,0.21320725437010057,0.5708553165037757,4.9762122224653,765,True,1,0.4310459609943529,1.035495852469909,14.383138234326399,765,True,1,180.0712780964144,16.499762036036294,34.288772994808184,765,True,1,9.042456745211803,1.1132779339058794,9.31908981727487,0_0_0_10_14_16,-24.0,44,offpacket_bootstrap,offpacket,4.0,4.171530709005165,2.3140252693432988
1,11,1023,multiscale_only_diverse16,16,1021,False,354,0.11284917830991592,-7.0414959939846415,1.8726686781711184,1021,False,330,0.00753855005883489,-6.759182000334768,1.9698508235115066,1021,False,343,0.0075427936225415885,-6.762807584356133,2.0818859407522066,1021,False,494,0.024316888953134205,-3.0446503346176823,0.04079559701023684,374,False,858,0.05976787675483,-6.452565520549487,-0.47409754626011275,1021,False,333,0.03500439814096291,-10.75965324372309,3.9714053260387083,1023,True,1,101.28096905139644,13.98623918254998,32.56354787536123,1021,False,380,1.8273318408761123,-7.195189150394876,1.6662516865074928,0_0_0_10_14_16,-24.0,44,offpacket_bootstrap,offpacket,4.0,4.171530709005165,2.3140252693432988
1,12,597,multiscale_only_diverse16,16,597,True,1,0.8166192768549685,17.274594267033937,43.43467620862435,598,False,3,0.003957439068460366,-4.006280617448608,32.11641517912525,597,True,1,0.05097969520424694,17.31990165052696,43.105268157569725,597,True,1,0.05098402057709547,12.332204784515389,35.79542655625812,597,True,1,0.05216444210637581,6.92598161317302,30.662972945171262,597,True,1,0.8165499966607486,17.311565393013538,51.294144256208355,597,True,1,11452.004820561287,17.290147903942376,43.4593722784378,597,True,1,12.101269551247475,17.25317855051637,43.05926730560862,0_0_0_10_14_16,-24.0,44,offpacket_bootstrap,offpacket,4.0,4.171530709005165,2.3140252693432988
1,13,562,multiscale_only_diverse16,16,562,True,1,0.6683839149745587,18.283266828274023,39.84290707448618,563,False,3,0.002054505244844113,-5.676144900371266,27.03561728697038,562,True,1,0.041891675358551365,18.501568393568636,39.73086836095671,562,True,1,0.04189908926430369,12.417524469473731,33.246316845046955,562,True,1,0.04328106395373267,7.107314128829704,28.193942732284416,562,True,1,0.6682656466436951,18.33757217701821,46.47096496771336,562,True,1,6014.626426442203,18.31870298305278,40.011979569241745,562,True,1,9.921973167724884,18.345102345499985,39.60089529711341,0_0_0_10_14_16,-24.0,44,offpacket_bootstrap,offpacket,4.0,4.171530709005165,2.3140252693432988
1,14,478,multiscale_only_diverse16,16,478,True,1,0.7436016519797164,16.377945591233786,41.78340085172215,479,False,3,0.0011282663310471725,-9.069073751337628,25.172900923639165,478,True,1,0.04650722520104956,16.412724010655335,41.402111799446246,478,True,1,0.04652047094441857,12.31214564530874,34.397760882292715,478,True,1,0.04826323131608499,6.982549350934683,29.293832835808146,478,True,1,0.7433899267660429,16.438325144946454,49.27862465815451,478,True,1,8226.936865174463,16.44106365932344,41.73630659845104,478,True,1,11.024701573780256,16.534603065229334,41.40048534310054,0_0_0_10_14_16,-24.0,44,offpacket_bootstrap,offpacket,4.0,4.171530709005165,2.3140252693432988
1,15,267,multiscale_only_diverse16,16,267,True,1,1.9000982101262167,1.1664503278692786,11.30594101007455,420,False,27,0.04625936588128935,-2.5378987813231015,6.84961865414505,267,True,1,0.11365043713664695,0.5375082965224888,10.683528325256033,267,True,1,0.15331060389775694,1.0160681275429693,4.995727630150467,301,False,22,0.3446381571183141,-1.1516745197065386,3.736335603033215,267,True,1,1.4085587473611436,0.5211944611199769,17.06681653592601,267,True,1,15.354896699326362,5.761634272056052,15.175602650737112,267,True,1,27.904255428491947,0.6892393899528406,10.415191688790106,0_0_0_10_14_16,-24.0,44,offpacket_bootstrap,offpacket,4.0,4.171530709005165,2.3140252693432988
1,16,917,multiscale_only_diverse16,16,582,False,54,0.6873010802848967,-19.784478218352504,13.529388115222856,581,False,32,0.0369628670086931,-19.17002641958578,14.207152188505827,582,False,54,0.0428837682732109,-19.787298817083887,13.453793024419316,582,False,139,0.05207223269507162,-18.951697330299936,7.2228263026410575,579,False,230,0.10530909725554945,-17.99792578538282,4.885584803481688,582,False,53,0.5660225946803814,-20.620079705136455,20.343038685568363,579,False,54,4.467169333525832,-20.067229186128653,13.387737766515821,582,False,53,10.619712411215586,-19.661332603502494,13.323910008752513,0_0_0_10_14_16,-24.0,44,offpacket_bootstrap,offpacket,4.0,4.171530709005165,2.3140252693432988
1,17,656,multiscale_only_diverse16,16,581,False,14,0.836889117342313,-14.504791871255833,21.674934190088237,581,False,30,0.014465044587725606,-14.626717204856238,14.290171641821466,581,False,14,0.051298362490225256,-14.603552470200778,21.195753958831972,581,False,24,0.052043455088602565,-14.545899168773266,13.100276579278114,581,False,59,0.07401553160058838,-13.321248456649172,9.246204404497558,581,False,14,0.8249075937110959,-14.562445172683345,30.00685264443871,581,False,14,42.88048998087602,-14.49330801184277,21.712892422072613,581,False,14,12.88199074338201,-14.361465505312154,21.65685562608955,0_0_0_10_14_16,-24.0,44,offpacket_bootstrap,offpacket,4.0,4.171530709005165,2.3140252693432988
1,18,889,multiscale_only_diverse16,16,889,True,1,0.8129554383069717,22.44950849488461,42.62585112410788,889,True,1,0.038534809120714164,14.994748587353916,41.99131048669547,889,True,1,0.05078224114387025,22.60157210793576,42.588671412819835,889,True,1,0.050786005430593556,12.494957235316615,35.82542391348471,889,True,1,0.05160969801757728,7.1858374691882325,30.6184420824261,889,True,1,0.8128951816016625,22.573777051824973,49.902705813327955,889,True,1,10082.602808549982,22.498703456111784,42.75265034763362,889,True,1,12.034555683902699,22.37297514668628,42.551234302424234,0_0_0_10_14_16,-24.0,44,offpacket_bootstrap,offpacket,4.0,4.171530709005165,2.3140252693432988
1,19,510,multiscale_only_diverse16,16,510,True,1,0.8261817068072084,18.071429881168285,43.179134832089304,511,False,3,0.0016184380430812014,-7.6060847514612355,27.83558624659043,510,True,1,0.05162486791060923,18.05295201081679,42.81600669192969,510,True,1,0.051629954936817456,12.525619083655604,35.79875180880235,510,True,1,0.052948218114460335,7.262628443648235,30.624233053106984,510,True,1,0.8261003042958092,18.100834889623847,50.49453549083104,510,True,1,11036.663879598931,18.05490056693718,43.144648288870385,510,True,1,12.260369146695725,18.147147125418034,42.71757290124754,0_0_0_10_14_16,-24.0,44,offpacket_bootstrap,offpacket,4.0,4.171530709005165,2.3140252693432988
1,20,860,multiscale_only_diverse16,16,860,True,1,0.84400231519027,23.784432087845957,43.11423476068783,860,True,1,0.03611111748035635,14.029305845777913,41.6890957316824,860,True,1,0.05280667920120819,23.721286172200585,42.69076208747434,860,True,1,0.052812924676141675,12.764541711478874,35.98624667571473,860,True,1,0.05413210327843024,7.502385676994477,30.879908879274048,860,True,1,0.8439025063776423,23.869237992870275,49.82426547717488,860,True,1,11669.989997222492,23.785629359194246,43.158018884227644,860,True,1,12.536093291572838,23.886317152768356,42.64981167670743,0_0_0_10_14_16,-24.0,44,offpacket_bootstrap,offpacket,4.0,4.171530709005165,2.3140252693432988
1,21,553,multiscale_only_diverse16,16,553,True,1,0.8405288380463958,18.713862214456427,43.840554700076105,552,False,3,0.002560317622946528,-5.619786413291422,30.13462680696081,553,True,1,0.05252216968188242,18.615330942400654,43.421067585018285,553,True,1,0.05252828003534623,12.493106008712264,36.06337910578824,553,True,1,0.053466004176094595,7.137705433885606,31.00891747520837,553,True,1,0.840431063508689,18.755698732415265,51.29041417800672,553,True,1,12599.264431972932,18.722278608696005,43.840676677455086,553,True,1,12.445776593730404,18.67245904806993,43.34368301415202,0_0_0_10_14_16,-24.0,44,offpacket_bootstrap,offpacket,4.0,4.171530709005165,2.3140252693432988
1,22,629,multiscale_only_diverse16,16,629,True,1,0.8360708625425559,20.2757198090522,43.199049585367945,628,False,3,0.0069959231397748985,-0.28716993847204586,34.282227007121804,629,True,1,0.052252256008062326,20.315506881819353,43.065431193624704,629,True,1,0.052256766925102775,12.597755651625366,35.94888376968703,629,True,1,0.05299978899617817,7.243617045631755,30.884762524990883,629,True,1,0.8359986910990704,20.319104672917216,50.52964359594485,629,True,1,11366.836843731917,20.328604689015293,43.30164157331207,629,True,1,12.39364262477936,20.30061891832771,43.09306959619875,0_0_0_10_14_16,-24.0,44,offpacket_bootstrap,offpacket,4.0,4.171530709005165,2.3140252693432988
1,23,759,multiscale_only_diverse16,16,759,True,1,0.8251616453390511,21.975258900680092,42.49838751784576,759,True,1,0.021023402424626775,7.707933932899084,38.71199161307104,759,True,1,0.05152131625682499,21.87211666318123,42.277348985811074,759,True,1,0.051530040087571685,12.678570843740841,35.85595054760914,759,True,1,0.05223856062521272,7.254583626690173,30.660857045898325,759,True,1,0.825021948755847,22.073109635568095,49.30039442017385,759,True,1,10580.727567592154,22.071716173228655,42.641575800026985,759,True,1,12.260083042200144,22.105425127269257,42.65885970897753,0_0_0_10_14_16,-24.0,44,offpacket_bootstrap,offpacket,4.0,4.171530709005165,2.3140252693432988
1,24,874,multiscale_only_diverse16,16,874,True,1,0.9764820062943649,5.320141264875789,14.11832822580891,874,True,1,0.04614785765809463,2.3528223339280294,13.671239729337435,874,True,1,0.06138336216411097,5.338766323561915,14.118971594176802,874,True,1,0.06786530815640666,3.4614435019815257,7.352102454877157,874,True,1,0.15136269458177237,0.9524331469037288,5.701625436195973,874,True,1,0.8832163334610338,7.197464086456177,20.425829067511994,874,True,1,62.06804571995493,11.031671832293231,20.596635911433545,874,True,1,14.225614388414755,5.415615995166948,13.964096298900358,0_0_0_10_14_16,-24.0,44,offpacket_bootstrap,offpacket,4.0,4.171530709005165,2.3140252693432988
1,25,720,multiscale_only_diverse16,16,55,False,100,0.3634144203847569,-5.117824643501933,5.180498487484857,55,False,159,0.021204262012896633,-5.686890360968909,4.75656023809938,55,False,123,0.023264883589765573,-5.240258957017634,4.870293142815415,55,False,214,0.04620067912039778,-3.7536231613703075,1.1835645290736105,29,False,92,0.18288163533930657,-2.3438480518816953,2.1291371007135944,459,False,105,0.1830015130959552,-6.677931614436848,8.858819990591265,459,False,88,2.5185256909223512,-5.900536037086628,5.435637736716022,55,False,103,5.969147135582166,-4.460725674423932,5.33089756520639,0_0_0_10_14_16,-24.0,44,offpacket_bootstrap,offpacket,4.0,4.171530709005165,2.3140252693432988
1,26,314,multiscale_only_diverse16,16,314,True,1,0.6768538649311928,21.19928697492666,40.17789913624302,314,True,1,0.010527507982839194,2.96779703507064,34.008858635858125,314,True,1,0.042399460731556475,21.48045251547375,40.12055220849692,314,True,1,0.04241559442351169,12.835044545074235,33.250653497463595,314,True,1,0.044781288087616784,7.279601992943281,28.190928301158937,314,True,1,0.6765964088727804,21.400206330684952,47.32808711393027,314,True,1,6820.076274885849,21.047440698394077,40.18144316154409,314,True,1,10.045647205067102,21.23741763433713,40.02032376791569,0_0_0_10_14_16,-24.0,44,offpacket_bootstrap,offpacket,4.0,4.171530709005165,2.3140252693432988
1,27,602,multiscale_only_diverse16,16,338,False,30,0.7905338137142657,-3.3382270193040373,7.1108331293219695,348,False,1015,0.00020792613135382627,-26.923141252961315,-16.81180195960154,328,False,38,0.04628133731629298,-4.265881588361781,6.747053874240119,328,False,90,0.07420878147928328,-3.883229153985097,2.0236230527167978,668,False,94,0.26258147537384235,-3.6816361024932154,2.438576850830771,338,False,28,0.4930273932965649,-4.017557576606469,11.768121392599099,346,False,8,5.132955286554903,-1.5202506064814232,8.720402921815593,338,False,54,9.86015787440553,-4.840769857746642,6.351718610435601,0_0_0_10_14_16,-24.0,44,offpacket_bootstrap,offpacket,4.0,4.171530709005165,2.3140252693432988
1,28,7,multiscale_only_diverse16,16,7,True,1,0.8403832680642154,22.08821789830171,41.214079464430036,7,True,1,0.05207855436227986,21.53842825410915,41.695271406323855,7,True,1,0.05248521879510777,22.0384980642162,41.07231825716758,7,True,1,0.052488497132609856,13.426379893166892,34.601854077713995,7,True,1,0.05320736533601246,7.847358327816067,29.27632786596082,7,True,1,0.8403307792307695,22.20602879299575,47.704380571150594,7,True,1,4912.08464894876,22.053281060076912,41.269077489400615,7,True,1,12.451553877217478,21.957422060665614,40.72695946935009,0_0_0_10_14_16,-24.0,44,offpacket_bootstrap,offpacket,4.0,4.171530709005165,2.3140252693432988
1,29,610,multiscale_only_diverse16,16,861,False,844,0.07455298799957077,-20.552460814852264,-6.272519031943676,861,False,955,0.0013481676045831526,-26.036768626093725,-10.47236127326498,861,False,812,0.006054703525168339,-19.615195125571084,-5.136119112362762,861,False,868,0.022380803191259412,-14.065618333620243,-2.3742804560448527,862,False,848,0.07106852616079602,-11.06111047164628,-2.1997507408452903,861,False,822,0.0201689025811693,-26.102037606803105,-9.05018447139634,861,False,494,0.6680970054686965,-13.768588961673672,0.19943853209889256,861,False,827,1.2265864936822743,-20.378816827559,-5.916899935346888,0_0_0_10_14_16,-24.0,44,offpacket_bootstrap,offpacket,4.0,4.171530709005165,2.3140252693432988
1,30,807,multiscale_only_diverse16,16,16,False,2,1.230321203794361,-0.7521811616087866,10.376148165620844,16,False,25,0.044881873811213606,-2.954487727648037,7.746406696960544,16,False,3,0.0731132787548346,-1.300736423212734,10.044934643825528,16,False,6,0.090547739547293,-1.7134056397381334,3.7641731719763976,100,False,72,0.21889833764900274,-2.7910907814060764,2.578098521129583,16,False,2,0.993429737514524,-0.3395119450833868,16.3122114044982,16,False,4,5.605829329332768,-1.107848913127042,9.197465274864475,16,False,2,19.168565844032017,-0.4257740893480587,10.456933060395157,0_0_0_10_14_16,-24.0,44,offpacket_bootstrap,offpacket,4.0,4.171530709005165,2.3140252693432988
1,31,897,multiscale_only_diverse16,16,897,True,1,1.7408344807587497,5.882763442185368,15.97773200348005,897,True,1,0.06434020572923667,3.584550984594801,13.696487706325257,897,True,1,0.10450759269740156,5.983617554501242,15.667779851730597,897,True,1,0.11973197782390714,4.6517127898802695,9.297424804579421,897,True,1,0.2725061343111824,2.6263819816281773,7.6591173423299805,897,True,1,1.5194806281100413,7.141444057332093,22.291076958204634,897,True,1,58.66701737208657,9.202460874789173,20.100532245142944,897,True,1,26.345486180045683,5.917262358789368,15.714756254102163,0_0_0_10_14_16,-24.0,44,offpacket_bootstrap,offpacket,4.0,4.171530709005165,2.3140252693432988
1,32,749,multiscale_only_diverse16,16,749,True,1,0.8187334704945357,21.374546057393864,42.73416466200425,749,True,1,0.020035699596599177,5.70509180310993,38.77944648545729,749,True,1,0.0511385755313321,21.32518502481735,42.566210552152114,749,True,1,0.051147138296360244,12.863461049140408,35.74992150358615,749,True,1,0.05200409129698757,7.578931559994423,30.53134380374461,749,True,1,0.8185964027608944,21.434677886977,50.18673211485463,749,True,1,10819.984832116827,21.29061432217825,42.81161005311816,749,True,1,12.166864897612436,21.45642576168501,42.43152839902735,0_0_0_10_14_16,-24.0,44,offpacket_bootstrap,offpacket,4.0,4.171530709005165,2.3140252693432988
1,33,584,multiscale_only_diverse16,16,589,False,177,0.5271335705493243,-8.752177301754903,5.309011113407259,590,False,889,0.0012604892672305745,-19.76548727847158,-7.5476706829120275,589,False,166,0.033210365264742706,-8.25052348676149,5.486555094389716,589,False,184,0.04997204562389228,-6.948858812966767,2.284306244408592,589,False,271,0.12439268237529291,-7.486579663645494,1.1930327225343555,589,False,170,0.35032182898834724,-10.053841975549624,8.333420671648305,589,False,150,2.3290791784755474,-6.064716550751015,6.4770729536363305,589,False,198,7.153127424873282,-9.11526452240338,4.844094843935016,0_0_0_10_14_16,-24.0,44,offpacket_bootstrap,offpacket,4.0,4.171530709005165,2.3140252693432988
1,34,934,multiscale_only_diverse16,16,934,True,1,1.1328589586724434,1.5207640069165071,13.593673877612893,934,True,1,0.06100581143059304,2.3984617416485006,12.014155035369951,934,True,1,0.07048782558457344,1.7160508868428457,13.780853950043017,934,True,1,0.08224628128870892,1.2459147354607067,7.53704663530046,590,False,6,0.1526131191446415,-0.4321194653260343,5.231319259899609,934,True,1,0.9708981784904985,1.9909001582986456,19.548865773938747,934,True,1,26.568372653862586,5.633117493593663,15.68519741517478,934,True,1,15.625597248866566,1.6408786015081922,13.442562907913958,0_0_0_10_14_16,-24.0,44,offpacket_bootstrap,offpacket,4.0,4.171530709005165,2.3140252693432988
2,0,803,multiscale_only_diverse16,16,913,False,85,0.4277584702390982,-4.401560405823178,5.714059170378852,1010,False,512,0.007106626861133976,-9.618683108108259,0.02019242123133383,913,False,105,0.024892151342444838,-4.184164434034169,5.309874733215308,482,False,347,0.04566919212184198,-3.6872970077215745,0.6247533275375678,437,False,521,0.12454847561038909,-4.42353656137669,-0.03369732891912117,913,False,68,0.23315123575640906,-5.584927860744699,10.240538441160629,913,False,62,3.010336461909883,-4.948301493658283,6.277768588340958,913,False,131,5.713993644300811,-4.766260326680779,4.853741774902755,0_0_0_10_14_16,-24.0,44,offpacket_bootstrap,offpacket,4.0,4.171530709005165,2.3140252693432988
2,1,826,multiscale_only_diverse16,16,169,False,19,1.0338852425690135,-9.299302335314332,8.538175346272714,630,False,18,0.05145583286587707,-1.9532968619545155,7.423373982790529,169,False,17,0.07212605667759818,-9.127920629627402,8.687674571350465,169,False,46,0.09742214709492693,-8.036530795941886,2.8666848908911624,162,False,70,0.3198142244239479,-5.504212503865801,2.9201484718728414,169,False,17,0.7654323767983153,-10.390692168999848,14.20029159785194,162,False,42,3.6747873975495,-10.45866494761167,7.503389965309999,169,False,17,17.395310720922627,-8.941304074876278,9.136086471052673,0_0_0_10_14_16,-24.0,44,offpacket_bootstrap,offpacket,4.0,4.171530709005165,2.3140252693432988
2,2,922,multiscale_only_diverse16,16,167,False,24,1.0407158849125295,-23.976182542325354,15.258385310164723,167,False,27,0.05186006773472761,-25.48194459762467,13.826395503821958,167,False,24,0.06505744394144244,-23.968338043031714,14.562539765025564,167,False,57,0.07524877821275905,-23.337676493933685,8.24396647689842,167,False,101,0.17647520317328028,-19.73975107769072,6.7077822442582775,167,False,24,0.8997663078360173,-24.606844091423387,21.97888719761739,167,False,23,11.993949133660063,-23.77824455926862,16.007243807440872,167,False,25,14.15703088790648,-24.357018878017563,14.643717446151728,0_0_0_10_14_16,-24.0,44,offpacket_bootstrap,offpacket,4.0,4.171530709005165,2.3140252693432988
2,3,718,multiscale_only_diverse16,16,718,True,1,1.6969624890657684,1.1259073948932616,11.211720506609344,402,False,162,0.020838134847570192,-5.551914047085395,4.153442925244103,718,True,1,0.11652542514016817,2.0120323135740668,11.917758353432,718,True,1,0.1716914306240154,2.070388457104107,6.022164866125434,718,True,1,0.4581137923690645,0.6545853695922377,5.231161208784175,718,True,1,1.151713133070299,0.9666591403644809,16.982470740398057,718,True,1,14.554893779065535,3.3240883163402204,13.606200611464685,718,True,1,25.854055501485043,1.0890156974954275,10.922771327937859,0_0_0_10_14_16,-24.0,44,offpacket_bootstrap,offpacket,4.0,4.171530709005165,2.3140252693432988
2,4,86,multiscale_only_diverse16,16,86,True,1,0.7906548604418084,20.822151966391598,42.721954966304494,86,True,1,0.03977720895662,14.10549232825513,42.445263599084846,86,True,1,0.049481577129523266,20.96832856508413,42.48906961613812,86,True,1,0.049484565181506984,13.24505259932926,35.422112348746715,86,True,1,0.050621726255015174,7.542752178271437,30.339364765099344,86,True,1,0.7906071179221862,20.931956486610027,49.73056147436357,86,True,1,9561.936385816147,20.89053924083414,42.76413206468782,86,True,1,11.69556421533884,20.706887271199086,42.19815386972725,0_0_0_10_14_16,-24.0,44,offpacket_bootstrap,offpacket,4.0,4.171530709005165,2.3140252693432988
2,5,468,multiscale_only_diverse16,16,468,True,1,0.7885775776203197,20.017386562998595,42.58005402729683,467,False,3,0.0038941841725683617,-3.7097001725081458,31.04582367309454,468,True,1,0.04918756148548893,19.8376691855522,42.20763096249989,468,True,1,0.04919420436536239,12.808102405894564,35.50890994210032,468,True,1,0.05005904871107923,7.507703491534777,30.324933410079225,468,True,1,0.7884710930011126,20.137360506781825,49.506441555087136,468,True,1,10718.049782146076,19.99745353110246,42.46377158951398,468,True,1,11.687752920673647,19.998846602785207,42.24087644694988,0_0_0_10_14_16,-24.0,44,offpacket_bootstrap,offpacket,4.0,4.171530709005165,2.3140252693432988
2,6,89,multiscale_only_diverse16,16,89,True,1,0.7867250564808081,21.15846112140148,42.350539309862185,89,True,1,0.03908726326368466,13.82000455046727,41.92845148412559,89,True,1,0.04910075608617516,21.151394458287296,42.178848647985745,89,True,1,0.04910943328867859,13.477529059999666,35.284851506629316,89,True,1,0.050167388161927395,7.921136593272017,30.13811904784005,89,True,1,0.7865860491216827,21.218767159569193,49.54866572641376,89,True,1,9517.17019542234,21.186052123950574,42.27944659352073,89,True,1,11.65429643465733,21.0927156512456,42.02899528855011,0_0_0_10_14_16,-24.0,44,offpacket_bootstrap,offpacket,4.0,4.171530709005165,2.3140252693432988
2,7,713,multiscale_only_diverse16,16,713,True,1,0.7769495796550387,20.539433252459926,42.61520701501083,713,True,1,0.015300108959436948,4.116849022181765,37.66344913517921,713,True,1,0.0485850550066899,20.392164557439543,42.357033850303914,713,True,1,0.04859666902337044,13.12541359600052,35.4060928110643,713,True,1,0.04943379912069385,7.713513132532144,30.347588578642174,713,True,1,0.7767638980937426,20.63045296392593,50.185927383521054,713,True,1,9854.594126795619,20.588824112941936,42.60354588517848,713,True,1,11.53178505608524,20.8405911788366,42.34129253424765,0_0_0_10_14_16,-24.0,44,offpacket_bootstrap,offpacket,4.0,4.171530709005165,2.3140252693432988
2,8,865,multiscale_only_diverse16,16,865,True,1,0.787256044930075,19.476726901928785,42.55282467607987,865,True,1,0.034940538165107074,11.468231922908036,41.507370194070944,865,True,1,0.04929552083367342,19.567964674750062,42.33098124404533,865,True,1,0.04929934958788026,12.913495198357712,35.48533992837089,865,True,1,0.050264591209560984,7.58022775991956,30.37598017331888,865,True,1,0.7871949039633263,19.539026006701846,49.44224786404902,865,True,1,9808.918607920672,19.50551071097386,42.45975249499389,865,True,1,11.680511465096913,19.501053799748068,42.258234868924866,0_0_0_10_14_16,-24.0,44,offpacket_bootstrap,offpacket,4.0,4.171530709005165,2.3140252693432988
2,9,492,multiscale_only_diverse16,16,492,True,1,0.6445246850360178,18.846054544474878,40.4233626523144,491,False,3,0.003747265606692683,-3.1857151214845274,29.840111488899,492,True,1,0.04010962500450136,18.80681062987486,40.11000695752823,492,True,1,0.0401233466609541,12.993934293123273,33.24469561754072,492,True,1,0.041761601844140024,7.651643538594314,28.227083388506312,492,True,1,0.6443042660769985,18.905949538601124,47.56855806455267,492,True,1,6333.636682081543,18.77398439818355,40.4405467289481,492,True,1,9.538525644894829,18.88096221013705,40.096005105826116,0_0_0_10_14_16,-24.0,44,offpacket_bootstrap,offpacket,4.0,4.171530709005165,2.3140252693432988
2,10,765,multiscale_only_diverse16,16,765,True,1,0.6781209957543446,20.63432870261434,40.34847036659653,765,True,1,0.018529645541165308,6.148613331457819,36.8684676436032,765,True,1,0.04236647488580635,20.570018426380933,40.000106878882804,765,True,1,0.04237956694342712,13.23439777946573,33.56768424055155,765,True,1,0.043752274215641346,7.8989325237927845,28.724215252085976,765,True,1,0.6779115080273435,20.74873406215881,46.68262939396594,765,True,1,6324.328482190396,20.642499829045985,40.232091603627694,765,True,1,10.085120496219032,20.729252373196157,39.95581455962677,0_0_0_10_14_16,-24.0,44,offpacket_bootstrap,offpacket,4.0,4.171530709005165,2.3140252693432988
2,11,1023,multiscale_only_diverse16,16,1023,True,1,0.7893836964911003,15.195823661237206,42.81045616354908,1023,True,1,0.049380455916936725,15.370522593124187,43.604490846141104,1023,True,1,0.049286585023040154,15.280436760097105,42.423263405201546,1023,True,1,0.04929082188501911,13.90395386209094,35.58052995798006,1023,True,1,0.05039943220430839,8.654936776019182,30.304409632010035,1023,True,1,0.7893158439042988,15.210902573120181,49.905804274483486,1023,True,1,11823.647020290464,15.199331208788616,42.83199989496789,1023,True,1,11.737846141434494,15.19147161981273,42.75136013429577,0_0_0_10_14_16,-24.0,44,offpacket_bootstrap,offpacket,4.0,4.171530709005165,2.3140252693432988
2,12,597,multiscale_only_diverse16,16,597,True,1,1.1358619454049403,11.162083858753105,15.75128943215099,597,True,1,0.02152920915366177,2.0091142883905286,9.463755636281267,597,True,1,0.0730680806021017,10.438338912928756,14.79017562737765,597,True,1,0.07873089776860388,7.521062499903937,9.597427675009389,597,True,1,0.17203527693203707,2.071877082297516,7.48192879182143,597,True,1,1.0541636705787045,13.514020100920677,20.950339369186423,597,True,1,886.8788883995741,19.522503899397897,41.216774950183705,597,True,1,18.218430468866515,10.358255539563393,14.462390719342402,0_0_0_10_14_16,-24.0,44,offpacket_bootstrap,offpacket,4.0,4.171530709005165,2.3140252693432988
2,13,562,multiscale_only_diverse16,16,135,False,348,0.18402091940248866,-8.440089050309442,1.870000507792867,769,False,487,0.008774637948376164,-9.802262858810344,0.285048981848783,135,False,256,0.01584996948150846,-7.382960193194291,2.892994386707353,135,False,607,0.0385341802996461,-4.893905255411107,-0.2857620522126839,135,False,860,0.09419062873993628,-7.100569314573182,-1.4124480736320812,135,False,265,0.07569191647020349,-10.929143988092626,5.035447702388232,562,True,1,26.874379194084742,10.852838679917427,20.708674022064496,135,False,214,3.811088844499656,-6.7685696599403204,3.3459175455783314,0_0_0_10_14_16,-24.0,44,offpacket_bootstrap,offpacket,4.0,4.171530709005165,2.3140252693432988
2,14,478,multiscale_only_diverse16,16,478,True,1,0.7929510951021399,17.783708890825945,42.470712286624135,477,False,2,0.005451150507886736,-2.391984809364251,32.68335013818366,478,True,1,0.04956046044116872,17.73165687878455,42.10644494932723,478,True,1,0.049567551729264865,13.178846756337268,35.355482305294935,478,True,1,0.05059622063878144,7.767471543521243,30.217623966826444,478,True,1,0.7928376530525459,17.823438867884363,49.43987165585582,478,True,1,8328.254417943264,17.798215125447165,42.45835139599442,478,True,1,11.76892151685113,17.785103864556937,42.06690510617848,0_0_0_10_14_16,-24.0,44,offpacket_bootstrap,offpacket,4.0,4.171530709005165,2.3140252693432988
2,15,267,multiscale_only_diverse16,16,700,False,33,0.7615846494718568,-3.380636918994788,7.550140682351531,703,False,68,0.03851988864810655,-4.5342959604045205,6.080656127656605,699,False,49,0.044598546318432915,-4.279186207042753,6.529747115490334,699,False,57,0.08105848518465812,-3.314996973257057,2.204789050720602,698,False,63,0.26635357828942013,-2.8608525254960195,2.407713508162836,700,False,41,0.4190254504201707,-4.477604169883247,11.723776321825435,331,False,2,4.855294095397706,-0.17425369570516994,8.57900089633855,700,False,30,11.390619235515613,-3.6007699987635764,7.225844184716786,0_0_0_10_14_16,-24.0,44,offpacket_bootstrap,offpacket,4.0,4.171530709005165,2.3140252693432988
2,16,917,multiscale_only_diverse16,16,917,True,1,0.7725071048661825,13.491585813375806,42.62558633792043,917,True,1,0.04053253731113582,10.33022787205178,42.39053715056812,917,True,1,0.048250616307141364,13.486533898626636,42.36774348723757,917,True,1,0.04825563703424976,13.478159918295525,35.41089448384186,917,True,1,0.04911576642888059,8.07323654609196,30.2212391606356,917,True,1,0.7724267298550708,13.499959793706914,50.008398357236516,917,True,1,10102.810575156811,13.513908405121882,42.62949114412427,917,True,1,11.473374811118815,13.492299593742285,42.425688044411565,0_0_0_10_14_16,-24.0,44,offpacket_bootstrap,offpacket,4.0,4.171530709005165,2.3140252693432988
2,17,656,multiscale_only_diverse16,16,656,True,1,0.767969343799578,14.81313067060082,42.70196655969723,657,False,2,0.00826467124395172,-0.24041804410577922,34.83921391841217,656,True,1,0.048088955423142725,14.813197693769276,42.430351657701436,656,True,1,0.04809190771877783,12.112982523203469,35.509940578856046,656,True,1,0.049001683201203135,6.844066763597371,30.42303315133396,656,True,1,0.7679221992247599,14.831152128559527,49.57917590928686,656,True,1,9683.77140788829,14.844740249314686,42.68954127636617,656,True,1,11.403660934696234,14.824511634117687,42.431135440684564,0_0_0_10_14_16,-24.0,44,offpacket_bootstrap,offpacket,4.0,4.171530709005165,2.3140252693432988
2,18,889,multiscale_only_diverse16,16,661,False,17,0.7621637005664503,-8.956689523620826,19.47223285731444,661,False,15,0.03634633534762519,-8.250780465077863,19.81758625810506,661,False,17,0.04702785558859646,-9.012784755486175,19.400740674752246,661,False,17,0.047438283632636184,-8.978899209002355,15.510069884586654,661,False,15,0.06510018355559752,-7.872000149136284,12.312534738824814,661,False,17,0.755569588534826,-8.990575070104645,23.07605054870838,661,False,17,28.231122794678154,-9.095665280927538,19.551948121239114,661,False,17,11.527970065645569,-8.88701229780914,19.532925566258537,0_0_0_10_14_16,-24.0,44,offpacket_bootstrap,offpacket,4.0,4.171530709005165,2.3140252693432988
2,19,510,multiscale_only_diverse16,16,661,False,31,0.5411089305704451,-25.913054569921602,10.291416458598972,662,False,116,0.013185176676322522,-29.71004938152729,5.82499345970907,661,False,30,0.03765054097295551,-25.441079421900263,10.92943547298011,661,False,95,0.051049735447758635,-24.12106361710743,4.5407487369030495,661,False,214,0.0974871643935032,-21.502469236543845,2.2584907175659428,661,False,29,0.3990822632591952,-27.23307037471443,16.984699070522538,661,False,29,6.512042328643097,-25.250669813777492,11.188803577466498,661,False,37,6.878966780355326,-26.599693172198474,9.198193303717309,0_0_0_10_14_16,-24.0,44,offpacket_bootstrap,offpacket,4.0,4.171530709005165,2.3140252693432988
2,20,860,multiscale_only_diverse16,16,860,True,1,1.8866875725757524,1.9758008638637994,12.373277510622332,531,False,17,0.04856050543396877,-2.3566292598479084,8.181382784131095,860,True,1,0.11699952200844092,1.0610397486980485,12.208414077031884,860,True,1,0.1621691123290524,0.880712701002852,6.088247364740661,860,True,1,0.48192043250206434,0.49457209703189775,5.816730647922865,860,True,1,1.361181183027806,1.8643398541494056,18.418899980030886,860,True,1,13.841512549755668,2.916845813672151,13.23345349689415,860,True,1,26.05291265982223,1.2927019307137626,12.12273217938267,0_0_0_10_14_16,-24.0,44,offpacket_bootstrap,offpacket,4.0,4.171530709005165,2.3140252693432988
2,21,553,multiscale_only_diverse16,16,553,True,1,0.6326776959468248,9.773745553400769,20.033068838099943,552,False,38,0.0023503320915002233,-6.611070024123746,7.001044364373708,553,True,1,0.040701812894664825,9.544954591815088,20.549348625897306,553,True,1,0.04350680895685741,8.218860404313196,12.904921853412057,553,True,1,0.06669350075025056,3.185037926142715,9.568712726196662,553,True,1,0.5918873348902894,10.806702829712105,27.454373335550763,553,True,1,101.63649025639202,12.342603554238165,21.737899666590717,553,True,1,9.409785420076187,9.966879799397926,20.27646757133823,0_0_0_10_14_16,-24.0,44,offpacket_bootstrap,offpacket,4.0,4.171530709005165,2.3140252693432988
2,22,629,multiscale_only_diverse16,16,999,False,29,0.9691211138534896,-19.15095650628174,12.704613588211757,999,False,223,0.008402605987038627,-27.688017491332605,3.551577377909503,999,False,27,0.06423830960928356,-18.902080209572418,12.46728230385747,999,False,82,0.08491231597947474,-17.703344988026455,6.555090667832644,1000,False,128,0.19787614012568325,-14.649365893416274,5.062591215362992,999,False,30,0.7331645762160416,-20.349691727827704,18.941730719661916,999,False,29,7.304025751601243,-19.400685339377695,12.615748427239591,999,False,27,16.54011022570323,-18.46622274613282,12.889731042543634,0_0_0_10_14_16,-24.0,44,offpacket_bootstrap,offpacket,4.0,4.171530709005165,2.3140252693432988
2,23,759,multiscale_only_diverse16,16,759,True,1,0.8844956677246643,7.022284349917002,15.72070649515207,759,True,1,0.024772543442958286,4.720515128671326,12.924305445266345,759,True,1,0.05542182999579041,7.8673585189290085,16.26140176043146,759,True,1,0.06130425884092846,5.74318707528509,9.273479950027333,759,True,1,0.14178716014881118,2.560151220927703,7.594838621722738,759,True,1,0.7996241934161037,8.637914010958758,22.545387689525498,759,True,1,309.8823594559095,12.65848784432239,33.5454433910835,759,True,1,12.389450774250651,7.801787784424114,16.178579041947312,0_0_0_10_14_16,-24.0,44,offpacket_bootstrap,offpacket,4.0,4.171530709005165,2.3140252693432988
2,24,874,multiscale_only_diverse16,16,1001,False,7,0.87268228953441,-1.291353374141885,8.71858018804424,1001,False,8,0.053999103927356795,-1.1494475997745228,8.4116881230148,452,False,7,0.050075652018585985,-1.7090877434422336,8.039850075443642,245,False,8,0.09049462786037656,-1.1236873857975083,3.4660191387772765,894,False,80,0.22925112545916249,-3.0908418277598573,2.518282066945133,1001,False,10,0.48290308150592776,-1.8770130075245333,13.086225774835118,223,False,12,4.268801844113066,-1.8834180461463026,7.809787585144528,245,False,20,9.250726992862603,-2.5681739680128546,7.256800338743362,0_0_0_10_14_16,-24.0,44,offpacket_bootstrap,offpacket,4.0,4.171530709005165,2.3140252693432988
2,25,720,multiscale_only_diverse16,16,852,False,16,0.8112995253611786,-8.989950286581195,26.980548384958993,852,False,24,0.014794004183666297,-13.795658020464632,21.17889542950624,852,False,16,0.050255259625496665,-9.030646719614179,26.460806286649493,852,False,19,0.05125872298902523,-8.947561505835438,17.824668559203303,852,False,48,0.0793743935298239,-7.390468538482385,14.282231237974894,852,False,16,0.7954171681139571,-9.073035500359937,36.61012756249933,852,False,16,42.73686538021042,-8.982688165852492,27.65458392709977,852,False,16,11.592246499754685,-9.137551467904876,26.13018641624629,0_0_0_10_14_16,-24.0,44,offpacket_bootstrap,offpacket,4.0,4.171530709005165,2.3140252693432988
2,26,314,multiscale_only_diverse16,16,851,False,26,1.1752480144201058,-20.43397735612015,15.36048455535326,852,False,44,0.02605714591833021,-24.620294842959723,10.614331721385277,851,False,25,0.07783729006572694,-20.179973211633403,15.394808362054942,851,False,69,0.08228360104722096,-19.941122531000044,9.062769295457292,851,False,134,0.12950101406644363,-18.191509525447472,5.737094203768062,851,False,26,1.1117418225909912,-20.672828036753508,22.3060833634986,851,False,26,11.450943042473133,-20.51925877271247,15.353197231954187,851,False,27,16.438589352984845,-20.689878180322374,14.775120793866428,0_0_0_10_14_16,-24.0,44,offpacket_bootstrap,offpacket,4.0,4.171530709005165,2.3140252693432988
2,27,602,multiscale_only_diverse16,16,602,True,1,0.7866541094344939,15.000612440482616,42.945975372810715,603,False,3,0.0042900209918008275,-2.948798112336511,32.24644557285296,602,True,1,0.049265390259047276,15.070338693001538,42.64980031956513,602,True,1,0.04927470964388396,12.18362114355413,35.665712538024565,602,True,1,0.05043456262231269,6.9042263257264205,30.547355648752735,602,True,1,0.7865053286008337,15.025126251403938,50.274691094384934,602,True,1,10597.824328126208,15.065935181484885,42.93129971090928,602,True,1,11.68639916077468,14.964020623775212,42.63272816308552,0_0_0_10_14_16,-24.0,44,offpacket_bootstrap,offpacket,4.0,4.171530709005165,2.3140252693432988
2,28,7,multiscale_only_diverse16,16,7,True,1,0.793627647869485,3.592912945036314,11.474801272364306,7,True,1,0.046350654611494534,3.558356337281618,10.991824048088393,7,True,1,0.04678746987059069,3.6911066385514095,11.130738182919373,7,True,1,0.061642270074870276,2.464039400936362,5.3657905121010865,7,True,1,0.16232504579053383,1.4422185345238052,4.64093814710821,7,True,1,0.6023760905959696,4.742657515339729,17.143504695373036,7,True,1,34.34682675402424,8.650656705618395,18.633976273784608,7,True,1,12.188414022787548,3.1382228951675755,10.814747628472565,0_0_0_10_14_16,-24.0,44,offpacket_bootstrap,offpacket,4.0,4.171530709005165,2.3140252693432988
2,29,610,multiscale_only_diverse16,16,781,False,2,0.6720134361978722,-0.12800325164169654,8.54758274896481,694,False,243,0.011692080175262425,-4.739791796083281,2.594725711423082,781,False,2,0.03644603820042641,-0.18805514154918984,7.854903323417704,490,False,3,0.0658366230473425,-0.13234853628825224,3.5198075354183302,490,False,107,0.18435443650815056,-2.32370886705879,2.449203126313518,781,False,3,0.3720152436927899,-0.5555088635058274,12.69228625266776,610,True,1,59.77309594000484,15.161395344447293,25.023783121716935,781,False,2,8.303655635925958,-0.07385418987491321,8.349888645255625,0_0_0_10_14_16,-24.0,44,offpacket_bootstrap,offpacket,4.0,4.171530709005165,2.3140252693432988
2,30,775,multiscale_only_diverse16,16,775,True,1,0.8072169313600739,18.846927590355197,42.40929702207645,775,True,1,0.023093644312873526,8.470190144760958,39.506992689733934,775,True,1,0.05047250286630196,18.87339157187306,42.23590416776743,775,True,1,0.050478694021163284,12.532150903506473,35.69367888590782,775,True,1,0.05148515572343227,7.160054145986191,30.60403863596687,775,True,1,0.8071179271143096,18.90176494358989,49.20518405513759,775,True,1,9950.683281559912,18.802274019483946,42.44257628612752,775,True,1,11.988168873474446,18.802111446890123,42.28970561158084,0_0_0_10_14_16,-24.0,44,offpacket_bootstrap,offpacket,4.0,4.171530709005165,2.3140252693432988
2,31,912,multiscale_only_diverse16,16,912,True,1,0.8303508088261005,21.643022040938945,42.91359330242736,912,True,1,0.04333906971629809,17.06974874050281,42.37968238011349,912,True,1,0.05195046165352104,21.899433829266126,42.576190006181236,912,True,1,0.051960072345147476,12.913550547363622,35.93491989468104,912,True,1,0.053225475608576274,7.446049687883992,30.78659482578121,912,True,1,0.8301972246372182,21.749444934181845,49.958519418389294,912,True,1,11170.507214811654,21.665365449164028,42.91034351117176,912,True,1,12.336072100389382,21.68621591408739,42.84542340658386,0_0_0_10_14_16,-24.0,44,offpacket_bootstrap,offpacket,4.0,4.171530709005165,2.3140252693432988
2,32,768,multiscale_only_diverse16,16,768,True,1,0.7974899971995377,16.83678295473135,42.54613015957507,768,True,1,0.021474192607715315,7.119097542153917,39.29696288460698,768,True,1,0.04993233964526005,16.939636413732387,42.447614134590175,768,True,1,0.049936785755372165,12.542196932125055,35.636242642320546,768,True,1,0.05096302697776188,7.363447041348961,30.535239307923018,768,True,1,0.7974189928630107,16.883634937013362,49.65189961844726,768,True,1,9814.988181888133,16.860000836066874,42.597254187061495,768,True,1,11.816660289986295,16.75028811662376,42.32147329760315,0_0_0_10_14_16,-24.0,44,offpacket_bootstrap,offpacket,4.0,4.171530709005165,2.3140252693432988
2,33,581,multiscale_only_diverse16,16,723,False,145,0.39067022633321713,-5.073084862543606,4.333370938702542,723,False,136,0.026545503294240106,-5.970280148247847,4.5362324933340545,723,False,185,0.023060203069785984,-5.5818805863492535,4.0444886815973815,337,False,367,0.05294910706870035,-3.4464879775180086,0.44584608287633143,561,False,525,0.14508392406024515,-5.422967395063935,-0.1068250450676762,723,False,138,0.17014328005332244,-7.943895852065284,7.890182458804623,581,True,1,13.613868424163341,4.744418068599271,17.206126144538224,723,False,384,3.381114462733657,-7.6610060167280185,1.5640155010943715,0_0_0_10_14_16,-24.0,44,offpacket_bootstrap,offpacket,4.0,4.171530709005165,2.3140252693432988
2,34,93,multiscale_only_diverse16,16,93,True,1,0.6500668008604329,20.44534239144847,40.34207434426645,93,True,1,0.032420622226327286,13.793016009790417,39.277071753925284,93,True,1,0.04065092740418166,20.507253332768087,40.160532575322904,93,True,1,0.040663752290212615,13.26036424443728,33.01932953587932,93,True,1,0.042504739269881624,7.69813879976866,28.13035766003267,93,True,1,0.6498617771682255,20.535423417319656,47.74543351263113,93,True,1,6552.860363527654,20.485082604997636,40.48156058144929,93,True,1,9.668242017708558,20.36446632166826,40.35881751461025,0_0_0_10_14_16,-24.0,44,offpacket_bootstrap,offpacket,4.0,4.171530709005165,2.3140252693432988
3,0,222,multiscale_only_diverse16,16,222,True,1,0.8768743113332675,2.289457598765408,11.423455296533946,477,False,140,0.012810564443245824,-5.525345767929249,4.628101633632796,222,True,1,0.04883568353039894,1.1007604119284458,10.386649776211502,222,True,1,0.07286942422697998,1.1871786690984245,5.233770002751257,498,False,29,0.18429807198640308,-1.722692683662316,4.159986722594224,222,True,1,0.5876642613618017,1.8564208428930407,16.492220517080213,222,True,1,20.743960512257807,4.89780771674272,14.772586896361785,222,True,1,12.965897241159821,2.3625749101264155,11.673219905955357,0_0_0_10_14_16,-24.0,44,offpacket_bootstrap,offpacket,4.0,4.171530709005165,2.3140252693432988
3,1,711,multiscale_only_diverse16,16,860,False,20,0.4268856104497196,-2.414381309710868,7.222491506326065,584,False,279,0.009777427861073449,-7.034649967522486,2.7314141617254206,264,False,17,0.030208679981631834,-2.2247723699115634,7.346375008359072,860,False,39,0.047267719299484104,-2.718112893829234,2.4603054896074985,860,False,155,0.13457152811248446,-3.3009186104000166,1.7232428388022323,264,False,14,0.272821515104916,-2.9608373427993504,11.770939383378565,711,True,1,8.655684005457044,1.3596773158955113,11.079740307447036,860,False,35,5.597581613821048,-3.53233292040906,6.305198484298468,0_0_0_10_14_16,-24.0,44,offpacket_bootstrap,offpacket,4.0,4.171530709005165,2.3140252693432988
3,2,871,multiscale_only_diverse16,16,871,True,1,0.9811834799893546,10.895236698035898,16.061424251054618,871,True,1,0.04647199515937351,8.566257925956771,15.83754233046433,871,True,1,0.06023891463531038,11.268944687048446,16.551995399541447,871,True,1,0.06610081255728856,8.089660393331224,9.97374817642875,871,True,1,0.13694962005567102,5.873634241234738,7.052145625497576,871,True,1,0.894170973184781,13.471998809568216,22.733055454913405,871,True,1,949.0839203370288,22.6421022104217,40.08518752804477,871,True,1,13.525773682034494,10.978239731070623,16.10454683519476,0_0_0_10_14_16,-24.0,44,offpacket_bootstrap,offpacket,4.0,4.171530709005165,2.3140252693432988
3,3,718,multiscale_only_diverse16,16,593,False,21,0.783681443558649,-1.6436342512339452,6.472308140113784,592,False,474,0.011828688563789073,-8.185613851858434,0.4292643696891456,401,False,79,0.03864664194783939,-2.9725817597081305,5.265950463705958,401,False,31,0.08172470163802988,-1.3109591285710167,2.853969731202693,401,False,145,0.19366540138120739,-2.997439758043125,1.8344494587933604,593,False,70,0.3705936582616214,-3.408863811241967,8.663597844831552,718,True,1,7.494357668656295,1.9292731188394274,10.905232310018038,401,False,35,11.827902237112243,-2.2680912220135783,6.142755063000406,0_0_0_10_14_16,-24.0,44,offpacket_bootstrap,offpacket,4.0,4.171530709005165,2.3140252693432988
3,4,107,multiscale_only_diverse16,16,107,True,1,0.5056554707570946,0.16904293515273744,9.4331015937982,549,False,113,0.013049714213652863,-4.587635233973962,4.77240118668933,715,False,3,0.03137431320989882,-0.4302775436594186,8.818418201239599,715,False,4,0.04622968113868342,-0.3217271528514878,3.5779142349929574,498,False,71,0.11598186310805571,-2.676889505144848,2.5783952524111835,107,True,1,0.3431689928433655,0.10536905258199705,14.347348736072048,107,True,1,16.952549667186265,3.5820828608415423,13.789118206607881,714,False,3,6.650146205183827,-0.6903832180937517,8.901241264397052,0_0_0_10_14_16,-24.0,44,offpacket_bootstrap,offpacket,4.0,4.171530709005165,2.3140252693432988
3,5,468,multiscale_only_diverse16,16,959,False,8,1.0197087137720615,-0.35520740363979586,8.968139990941117,959,False,66,0.035337484740631184,-4.953937895439601,6.236219309901787,959,False,12,0.06078608312854941,-1.2180678003539753,8.301547931455817,545,False,4,0.11492274879507458,-0.759007662331008,4.0911533994626,545,False,25,0.33238823204756063,-1.8057278903496838,3.523420310839189,684,False,15,0.5393544732625755,-1.9134887504689542,13.152962716440278,584,False,15,4.37973040048797,-1.6504272568582672,8.091724726093144,284,False,14,11.77252878015879,-1.6191980734051106,8.337208715784687,0_0_0_10_14_16,-24.0,44,offpacket_bootstrap,offpacket,4.0,4.171530709005165,2.3140252693432988
3,6,89,multiscale_only_diverse16,16,339,False,29,0.4746548979206331,-1.9270154062820897,6.926105759252462,462,False,85,0.020490899147183928,-5.2898165288511665,5.454682236896327,339,False,38,0.026110585457856543,-2.473548854824046,6.4595786676499465,339,False,35,0.054333454939770744,-1.470248301036052,2.4810831066427093,957,False,69,0.18290181236516875,-2.4528431601998086,2.5600001053369486,339,False,41,0.22810103441581656,-2.9303159600700828,11.160805209371759,89,True,1,7.015346178514672,0.7202241398612768,10.092829228837967,715,False,12,8.134202778571778,-0.820785827561209,7.622395029317652,0_0_0_10_14_16,-24.0,44,offpacket_bootstrap,offpacket,4.0,4.171530709005165,2.3140252693432988
3,7,713,multiscale_only_diverse16,16,1019,False,481,0.14313089960524028,-8.742648125205566,0.3737489160399616,265,False,674,0.005198467487567937,-11.802527560258639,-2.3386381070539866,1020,False,537,0.0073923662240819995,-9.08845865120411,-0.252247014097434,584,False,843,0.030868353313131692,-5.3653959123692205,-1.4031441040614627,518,False,905,0.08558045849166285,-7.074754415444968,-1.9038778806983616,1019,False,480,0.0342770479892795,-13.304398388196478,1.1436845124592467,1018,False,33,3.487053394151411,-1.6085217254665631,6.975639781273441,1019,False,549,1.825815753541363,-9.275691483446316,-0.5201275790823534,0_0_0_10_14_16,-24.0,44,offpacket_bootstrap,offpacket,4.0,4.171530709005165,2.3140252693432988
3,8,865,multiscale_only_diverse16,16,957,False,20,0.7785633444436826,-3.7095499967635064,7.793646595107232,875,False,77,0.0320520859649149,-5.947730542911403,5.526556931359697,875,False,35,0.04532371394292164,-3.9048198391349622,7.016123952892082,875,False,18,0.1060226837405286,-1.51992395527076,3.5023885911154014,260,False,34,0.3286265275565171,-1.9273100504437894,3.457008791942842,958,False,47,0.332828608605771,-6.409105564307486,11.337975171064418,958,False,25,3.707854447598342,-4.025708496721264,7.069083955326741,958,False,17,11.855045156636978,-3.61769667231969,7.816116446241081,0_0_0_10_14_16,-24.0,44,offpacket_bootstrap,offpacket,4.0,4.171530709005165,2.3140252693432988
3,9,492,multiscale_only_diverse16,16,492,True,1,0.8609971128929637,22.21466389860946,36.715185716026554,491,False,3,0.004439186532244344,-3.541027912758945,26.64577159582368,492,True,1,0.05385897440515303,22.22375511418179,36.59512207858923,492,True,1,0.05387345288324384,13.043568381912946,33.08867384125783,492,True,1,0.0547365036084889,7.512631038333408,28.57661759057072,492,True,1,0.860765720116594,22.328365931883297,40.54091013086298,492,True,1,3496.8995154691156,22.38326946154407,36.78928534594221,492,True,1,12.748664440550554,22.242097867462487,36.786942209364454,0_0_0_10_14_16,-24.0,44,offpacket_bootstrap,offpacket,4.0,4.171530709005165,2.3140252693432988
3,10,765,multiscale_only_diverse16,16,765,True,1,0.8208876593744776,19.872787339859975,42.648043582087695,765,True,1,0.02303114790168156,6.164090261128745,39.53301929646344,765,True,1,0.05131502830735183,19.891887835015385,42.4208285104617,765,True,1,0.05132272312603346,13.013261450807462,35.79126745371987,765,True,1,0.05240635593910733,7.543719810240297,30.632607144856948,765,True,1,0.8207645836428691,19.929584917923368,49.65967278777573,765,True,1,10420.167868475315,19.86423320494577,42.71809324101696,765,True,1,12.176783487129699,19.85105163911056,42.532788047662855,0_0_0_10_14_16,-24.0,44,offpacket_bootstrap,offpacket,4.0,4.171530709005165,2.3140252693432988
3,11,1023,multiscale_only_diverse16,16,1023,True,1,0.782755155618716,15.789165901147848,42.98154404746931,1023,True,1,0.04906732145710533,15.927265592227887,43.357518701895515,1023,True,1,0.0489814738568349,15.837397781968477,42.72345150865833,1023,True,1,0.04899514001479241,13.75967992412967,35.501175986173024,1023,True,1,0.05042363270553588,8.262836231840252,30.480308837447957,1023,True,1,0.7825368226249637,15.803449885601808,50.673564733045744,1023,True,1,11397.678506623228,15.77107611710969,42.9452444020147,1023,True,1,11.587839855280436,15.768661746151729,42.71511401445893,0_0_0_10_14_16,-24.0,44,offpacket_bootstrap,offpacket,4.0,4.171530709005165,2.3140252693432988
3,12,597,multiscale_only_diverse16,16,597,True,1,0.8198901937618217,19.849376244566905,43.05073268077703,596,False,2,0.0072869571038417106,-1.0993864808649558,34.414881034586024,597,True,1,0.05123071871823566,19.877423716505838,42.84888832643154,597,True,1,0.05124142065963011,13.149438596078424,35.85668234922612,597,True,1,0.05186132117012509,7.858727382395817,30.60949859806005,597,True,1,0.8197189569637281,19.932530900989384,50.486762591155916,597,True,1,11540.069465612445,19.824507272979247,43.08980656409119,597,True,1,12.164378398286745,19.867155971862513,42.68183409680442,0_0_0_10_14_16,-24.0,44,offpacket_bootstrap,offpacket,4.0,4.171530709005165,2.3140252693432988
3,13,562,multiscale_only_diverse16,16,562,True,1,2.4936464550182933,2.744673491385763,12.611720049957377,204,False,46,0.0348445292254841,-3.4922721645288797,6.602853420223238,562,True,1,0.15540463681042213,3.003063173949514,12.72613664450443,562,True,1,0.19070004449861783,2.414713306426495,6.379133179288884,562,True,1,0.7011599556178795,2.250140811450486,6.560308888015439,562,True,1,2.0321139551623086,3.3330233589087817,18.850935261962427,562,True,1,12.837980942111038,4.054448387859954,12.6397991657859,562,True,1,37.08704954308808,1.9765438210970512,12.105081968645482,0_0_0_10_14_16,-24.0,44,offpacket_bootstrap,offpacket,4.0,4.171530709005165,2.3140252693432988
3,14,478,multiscale_only_diverse16,16,478,True,1,0.8408060241532098,15.507243454328492,21.28019356584747,479,False,2,0.007892496188151878,-0.22043819387634664,13.065499116271354,478,True,1,0.05260609766517321,15.461784470946018,21.268712563042026,478,True,1,0.053678644507242836,10.26478944464092,15.321265659730674,478,True,1,0.06250819142856441,3.5561925516305912,9.743450473844199,478,True,1,0.8240059753763268,17.984972003567187,27.25102834106007,478,True,1,3567.869297176545,18.43435441951814,40.589809558261855,478,True,1,12.587590182616289,15.405434959655107,20.777846579741034,0_0_0_10_14_16,-24.0,44,offpacket_bootstrap,offpacket,4.0,4.171530709005165,2.3140252693432988
3,15,267,multiscale_only_diverse16,16,267,True,1,0.8977885361474733,1.2429374980508776,10.623730104498268,294,False,153,0.011507593028502424,-5.432640245810811,4.073413343533623,267,True,1,0.058550609024760586,1.9133908568827431,11.323137051667056,267,True,1,0.069288849667266,0.6427654541016294,4.535904504901013,4,False,119,0.1227048585402817,-3.181040092077886,1.804710604652215,267,True,1,0.7586511512214718,2.486376176808461,17.368310118711005,267,True,1,65.9194998418993,9.604207735959,26.604118382054512,267,True,1,13.223918010662318,1.4479298631220638,10.884885148960397,0_0_0_10_14_16,-24.0,44,offpacket_bootstrap,offpacket,4.0,4.171530709005165,2.3140252693432988
3,16,917,multiscale_only_diverse16,16,917,True,1,0.5448082285266196,0.31662939077160396,9.310625711252845,857,False,24,0.024021314872114875,-1.687661621044194,7.38531102778329,917,True,1,0.03321746433955557,0.030472701225274585,8.891954577501945,896,False,3,0.0506217404023603,-0.4101919846855701,3.481805774749896,575,False,6,0.16881535577793588,-0.41952366167395955,3.7750772122374214,917,True,1,0.3574975447137259,0.2533525550071317,14.577143427641053,917,True,1,57.31861778748471,13.878661385084465,26.664689416818344,917,True,1,7.959397071721075,0.5683948158866516,9.502162145903847,0_0_0_10_14_16,-24.0,44,offpacket_bootstrap,offpacket,4.0,4.171530709005165,2.3140252693432988
3,17,656,multiscale_only_diverse16,16,656,True,1,0.7812772899234552,19.54973508679162,43.02324408232068,656,True,1,0.011457352442809493,1.143183922051758,36.34635841761296,656,True,1,0.04894251332120118,19.54807038358178,42.694292095332386,656,True,1,0.04895016925151827,13.120199063912118,35.214051796277616,656,True,1,0.05022479914238118,7.623547012003444,30.148861784996438,656,True,1,0.7811550961786441,19.631007013494404,50.833354644186095,656,True,1,10581.850610565007,19.5856658704662,43.029806799617525,656,True,1,11.575018723143682,19.502709800770226,42.59245678835653,0_0_0_10_14_16,-24.0,44,offpacket_bootstrap,offpacket,4.0,4.171530709005165,2.3140252693432988
3,18,889,multiscale_only_diverse16,16,889,True,1,0.664575190936123,19.15769155575346,40.72319859100578,889,True,1,0.03232357659001247,13.388811811505725,39.58760011715964,889,True,1,0.041452790348178156,19.109494073756434,40.40548045580159,889,True,1,0.041468845553799254,12.503986390622806,33.44090317740954,889,True,1,0.04263361089733539,6.894885031015559,28.360234900683064,889,True,1,0.6643178919638785,19.285025832083157,47.88498944547716,889,True,1,6867.239475699912,19.193525827347944,40.756943157255435,889,True,1,9.822712431636024,19.150217652747745,40.29243551383069,0_0_0_10_14_16,-24.0,44,offpacket_bootstrap,offpacket,4.0,4.171530709005165,2.3140252693432988
3,19,510,multiscale_only_diverse16,16,510,True,1,0.7124828714385245,12.700383019327043,41.6531817223784,511,False,5,0.00040811148085011836,-13.534413367649485,21.19425558792728,510,True,1,0.04439097346269152,12.632681583986201,41.57007544888383,510,True,1,0.04440333148968345,11.980672944431864,34.41216023372947,510,True,1,0.046152526706607404,6.336919673031387,29.330951729746193,510,True,1,0.7122845781514865,12.717123427254029,49.08096280877382,510,True,1,8567.257648061572,12.710272078813121,41.710120234805814,510,True,1,10.587919868519627,12.804772056419658,41.46598923686989,0_0_0_10_14_16,-24.0,44,offpacket_bootstrap,offpacket,4.0,4.171530709005165,2.3140252693432988
3,20,860,multiscale_only_diverse16,16,860,True,1,0.787721613511426,18.48521975299948,42.9422133226341,860,True,1,0.034055474772940984,11.782002535380878,41.5826756060316,860,True,1,0.049305377520545736,18.487768489517617,42.751600833806094,860,True,1,0.049321836111244154,12.19672908758495,35.831792063713536,860,True,1,0.050084432025725725,6.704291268984791,30.605551435294338,860,True,1,0.7874587525021189,18.53803470967729,50.27095301508968,860,True,1,9188.220339999212,18.52010448703198,43.00163240021906,860,True,1,11.700168478866356,18.40277236014293,42.54727972333154,0_0_0_10_14_16,-24.0,44,offpacket_bootstrap,offpacket,4.0,4.171530709005165,2.3140252693432988
3,21,553,multiscale_only_diverse16,16,553,True,1,0.7671446883246205,13.02108865458078,42.98794680842671,554,False,3,0.0010783874608043746,-9.797585763071513,26.58064567843383,553,True,1,0.047970651698677064,13.04130539564045,42.74242692655564,553,True,1,0.047983250156037716,12.017316400519618,35.61020172671771,553,True,1,0.04877086514393685,6.721846661871878,30.38960920208752,553,True,1,0.7669432672117554,13.03626923855335,50.3584546670626,553,True,1,10815.876769621378,13.061566277035567,42.94501834171509,553,True,1,11.37366619876211,12.990725860703485,42.830347209529435,0_0_0_10_14_16,-24.0,44,offpacket_bootstrap,offpacket,4.0,4.171530709005165,2.3140252693432988
3,22,629,multiscale_only_diverse16,16,629,True,1,1.0686524899666097,4.233841343589134,12.6164241604046,358,False,31,0.01671108262256524,-1.767004857312008,6.72690917099078,629,True,1,0.06722287059296955,3.7594494575050086,12.75154276439112,629,True,1,0.0849708595435896,3.0304159282879137,6.638814570852948,629,True,1,0.23490055487013795,0.892224007116893,6.054936416456611,629,True,1,0.8454414657889583,4.920007183752128,18.611949149165746,629,True,1,16.9872128145478,4.792549475301545,13.610708214366847,629,True,1,17.764823405867247,4.47610547108897,12.949686194673301,0_0_0_10_14_16,-24.0,44,offpacket_bootstrap,offpacket,4.0,4.171530709005165,2.3140252693432988
3,23,759,multiscale_only_diverse16,16,759,True,1,1.2211544007727895,1.3186301040610715,11.739604556575646,428,False,55,0.021954338600108002,-4.829072100947048,6.164479847333322,759,True,1,0.0714893531883617,1.600278203026802,11.477801553842816,759,True,1,0.08509686311659657,0.6393072487441762,4.974651987168176,920,False,113,0.13840234395814968,-2.3403516507840827,2.0443232093014756,759,True,1,1.025884328247841,2.17813971622438,18.13240206591519,759,True,1,11.146981636324375,0.6183575559703822,12.253127668481268,759,True,1,18.503299196085173,1.4411792369970353,11.122613588497416,0_0_0_10_14_16,-24.0,44,offpacket_bootstrap,offpacket,4.0,4.171530709005165,2.3140252693432988
3,24,874,multiscale_only_diverse16,16,874,True,1,0.8102846181032284,20.77314151922848,42.623635175908106,874,True,1,0.03675972338638395,14.501829099838876,41.71068042695417,874,True,1,0.050644889778752436,20.65748781825598,42.36741221101424,874,True,1,0.05064759262523928,12.521962417563806,35.66877310141107,874,True,1,0.05178096016524049,7.18388672818482,30.483409061209137,874,True,1,0.8102413766613381,20.872488488611182,49.82763260223719,874,True,1,10236.51829583771,20.733037329296398,42.53831609254821,874,True,1,12.026133216051718,20.804488242039806,42.38098327344281,0_0_0_10_14_16,-24.0,44,offpacket_bootstrap,offpacket,4.0,4.171530709005165,2.3140252693432988
3,25,720,multiscale_only_diverse16,16,720,True,1,0.7867012661311179,16.48469427235551,42.41294518402772,720,True,1,0.014261759536708956,4.446539665832424,37.26638509588725,720,True,1,0.04905941620379743,16.523583913297767,42.21809959866435,720,True,1,0.0490721794235855,12.288339134270176,35.502433740656286,720,True,1,0.050713261117448845,7.124081841173144,30.36968515507001,720,True,1,0.7864966524113866,16.516980038151495,49.36621956038283,720,True,1,9012.476516272065,16.503821761564186,42.479203431210316,720,True,1,11.651900052815463,16.526731513701833,42.244355531652104,0_0_0_10_14_16,-24.0,44,offpacket_bootstrap,offpacket,4.0,4.171530709005165,2.3140252693432988
3,26,314,multiscale_only_diverse16,16,314,True,1,0.8088451951967421,16.586401714787034,43.00126289999934,314,True,1,0.011915411994104142,2.6868799856742314,37.051913728247484,314,True,1,0.05060124632863122,16.604339718166624,42.82419390723373,314,True,1,0.050609594424349647,12.578582355524057,35.732268393661634,314,True,1,0.05283986056711875,7.226551565519143,30.583242978412652,314,True,1,0.8087117754926783,16.609527683483105,50.21774046357825,314,True,1,10628.244781870972,16.603138910027248,43.05597323469857,314,True,1,11.96862223886326,16.52922285420258,42.75964842647451,0_0_0_10_14_16,-24.0,44,offpacket_bootstrap,offpacket,4.0,4.171530709005165,2.3140252693432988
3,27,602,multiscale_only_diverse16,16,602,True,1,0.7818981417689344,13.912157146563258,43.05772338615956,603,False,3,0.0037104383577393264,-3.6202311883476335,31.740233361180763,602,True,1,0.04878640885258048,13.932881023166777,42.57614873384103,602,True,1,0.04879689681088892,12.1121153636805,35.606064185778095,602,True,1,0.04945548238349603,6.810406544797134,30.50574164953851,602,True,1,0.7817300877399231,13.929983741805794,50.0168452713953,602,True,1,10365.314410707562,13.930980333345547,42.985568381263604,602,True,1,11.571787224303094,13.837197706445028,42.59488179372492,0_0_0_10_14_16,-24.0,44,offpacket_bootstrap,offpacket,4.0,4.171530709005165,2.3140252693432988
3,28,7,multiscale_only_diverse16,16,7,True,1,0.8311082257278599,23.68374573056917,43.06819692049611,7,True,1,0.051563187948637276,23.22817340673292,43.76942396937308,7,True,1,0.0519080459035851,23.749539670344856,42.901734566467375,7,True,1,0.051912390206933744,13.172912156233235,35.77221993531114,7,True,1,0.05292352305949632,7.727478440170525,30.546851010815217,7,True,1,0.831038674196256,23.814378867777446,50.375380735425836,7,True,1,11864.094837199624,23.60597936918485,43.07313602433089,7,True,1,12.36386673320921,23.659693385967522,42.94126422245208,0_0_0_10_14_16,-24.0,44,offpacket_bootstrap,offpacket,4.0,4.171530709005165,2.3140252693432988
3,29,610,multiscale_only_diverse16,16,610,True,1,0.7979376036695704,14.852369205910064,42.895713408349806,609,False,3,0.00500439301147072,-2.243327265847564,32.816345154901846,610,True,1,0.04985518564895403,14.841833483286422,42.67931977911268,610,True,1,0.049862164715762394,12.347641540197252,35.706598383275384,610,True,1,0.050629432904900316,7.0185380090090685,30.53025321835885,610,True,1,0.7978259185897778,14.866058142727073,50.03015296509601,610,True,1,10825.265851045062,14.868372436279069,42.97821795307567,610,True,1,11.86017276770869,14.809844660111152,42.6948295404017,0_0_0_10_14_16,-24.0,44,offpacket_bootstrap,offpacket,4.0,4.171530709005165,2.3140252693432988
3,30,778,multiscale_only_diverse16,16,778,True,1,0.6320808481155495,0.0390640718756127,9.934040099315657,424,False,31,0.01933632766081953,-4.424424470589528,6.9753901247685,428,False,2,0.03636342338344558,-0.04969978720315445,9.561541220940816,124,False,2,0.05004599936530325,-0.7712652598053215,3.8126021712544405,903,False,42,0.13420737796983265,-1.7928536404364912,2.9591217133001964,778,True,1,0.4592699473302608,0.19351460156076966,15.470994215796914,778,True,1,17.224220070704806,4.777671124371769,14.26550486294035,124,False,4,7.7747796612904825,-0.8183375958064139,8.641563662886128,0_0_0_10_14_16,-24.0,44,offpacket_bootstrap,offpacket,4.0,4.171530709005165,2.3140252693432988
3,31,897,multiscale_only_diverse16,16,897,True,1,2.168518409928083,4.91149603717205,14.472801808122401,897,True,1,0.07309525626131615,0.21559501426392794,12.06666529402468,897,True,1,0.12605460312024058,4.664084294937904,14.24585606997974,897,True,1,0.14815115694121073,2.694809700271054,7.594635577618639,104,False,2,0.357106548776161,-0.34174775706550453,6.28875907159054,897,True,1,1.8450866882591475,6.3060744767422605,20.926784823015858,897,True,1,18.484161773506234,4.125267291252111,14.107114770721367,897,True,1,31.38009078856159,4.928453234404936,14.46887947865971,0_0_0_10_14_16,-24.0,44,offpacket_bootstrap,offpacket,4.0,4.171530709005165,2.3140252693432988
3,32,740,multiscale_only_diverse16,16,740,True,1,0.8219826753988038,17.54135064056921,42.64622098711734,740,True,1,0.0184962083078548,5.867459728490214,38.802086657918196,740,True,1,0.0513175775720271,17.510864316680088,42.493804145937624,740,True,1,0.05132190900938588,12.538248892523779,35.876331345410144,740,True,1,0.052214948962663384,7.275828909283064,30.623986611969528,740,True,1,0.8219133021713224,17.560082461314895,49.2405775174075,740,True,1,10384.740548036225,17.54793415284008,42.62733086857387,740,True,1,12.210653194145895,17.562063461262998,42.34251006374522,0_0_0_10_14_16,-24.0,44,offpacket_bootstrap,offpacket,4.0,4.171530709005165,2.3140252693432988
3,33,590,multiscale_only_diverse16,16,590,True,1,1.103795035875521,3.4853212079604257,13.555321260086373,589,False,11,0.02199626948745181,-2.8881439202141417,8.999560351564616,590,True,1,0.07020469807382688,3.8304181658765475,14.031110001432065,590,True,1,0.08390163680271248,3.325868124076856,7.522425167721421,590,True,1,0.2190586401962639,1.1614323837287652,6.6188473601507,590,True,1,0.9236005420400168,3.9898712497601174,19.73889711610611,590,True,1,19.105305492915548,4.325539629330395,14.203770919710784,590,True,1,16.931760144103478,3.272551101282248,13.535574522833757,0_0_0_10_14_16,-24.0,44,offpacket_bootstrap,offpacket,4.0,4.171530709005165,2.3140252693432988
3,34,930,multiscale_only_diverse16,16,602,False,5,0.8552006508671752,-0.9141252519056489,9.503013493458326,757,False,14,0.04114814734980271,-2.4854809303946017,8.245124099056346,602,False,5,0.055804671179988594,-0.7842565312322841,9.31347086544121,602,False,6,0.08034546119443293,-0.9549680558956347,3.7395457113059387,112,False,15,0.26986414710649,-2.4624579001966103,3.9673563056789125,512,False,4,0.5939873939993229,-0.9974076777395912,14.964090397815129,244,False,4,5.992614418582867,-1.0138791729543417,9.350294405512475,602,False,11,9.956204645554891,-2.282689192214744,8.557800290430245,0_0_0_10_14_16,-24.0,44,offpacket_bootstrap,offpacket,4.0,4.171530709005165,2.3140252693432988
1,0,222,multiscale_only_diverse16,16,222,True,1,0.7324391971456521,18.251611100435277,40.876284222027614,222,True,1,0.02200555936699312,7.2560074623180295,37.791329194413215,222,True,1,0.04581167796067618,18.28549536979691,40.74189666230101,222,True,1,0.04582294741655302,13.588700955496808,34.03991578072917,222,True,1,0.04710683860028095,8.526903115923984,29.031826927927415,222,True,1,0.732259064882669,18.321076316648533,47.817268755147914,222,True,1,7228.04524094289,18.32497802100669,40.871294426323416,222,True,1,8.652933298808284,18.240837996324867,40.737875394419135,0_0_0_10_14_16,-25.0,44,offpacket_bootstrap,offpacket,4.0,4.171518207362055,2.3141838728574102
1,1,826,multiscale_only_diverse16,16,1000,False,86,0.44946991744660636,-4.231522024428401,5.156032843572467,424,False,506,0.009016089574244775,-9.439521520644863,0.10088623884522505,1000,False,50,0.03501354786350831,-3.396910439867771,5.993555724550694,1000,False,117,0.06367598229656028,-2.3459017150421495,1.4576649634531222,677,False,147,0.20719942753702586,-3.2491596774000664,1.5022418634852974,1000,False,72,0.24715027393576636,-5.282530749254022,9.514490647362917,826,True,1,5.2657537542256945,1.2995388356383561,9.116888162317917,1000,False,59,6.452028875806533,-3.5865104026991155,6.020459830121413,0_0_0_10_14_16,-25.0,44,offpacket_bootstrap,offpacket,4.0,4.171518207362055,2.3141838728574102
1,2,922,multiscale_only_diverse16,16,922,True,1,1.2667359464391126,7.044671837076172,13.732055702437032,922,True,1,0.09063716392102054,7.404918345902813,14.601065731853938,922,True,1,0.08260123992614246,7.663287438478861,14.132337179454522,922,True,1,0.0952011612624658,4.449639829246414,8.145127093614104,922,True,1,0.2037484782317263,0.08143522611860556,6.034196201650377,922,True,1,1.0990828099923553,8.738598116521867,19.71782167921687,922,True,1,221.94053075116682,17.320814087446873,34.49995591825821,922,True,1,13.820437566662463,6.3837592142006505,13.320524828865608,0_0_0_10_14_16,-25.0,44,offpacket_bootstrap,offpacket,4.0,4.171518207362055,2.3141838728574102
1,3,718,multiscale_only_diverse16,16,718,True,1,0.8106455324256245,19.008089318467295,43.11002391558141,718,True,1,0.018827587645587073,4.9384209317526135,38.544527869926256,718,True,1,0.050573811904788664,18.946703700653686,42.72137729053974,718,True,1,0.050581106829558575,13.038360115071846,35.738677516916056,718,True,1,0.05139762125573247,7.637783513437518,30.46217966279082,718,True,1,0.8105286192431187,19.06474300305159,50.36037805957942,718,True,1,10016.09920756602,19.120346904881217,43.01535367875537,718,True,1,9.584403976617498,19.036991507774545,42.61007906498483,0_0_0_10_14_16,-25.0,44,offpacket_bootstrap,offpacket,4.0,4.171518207362055,2.3141838728574102
1,4,107,multiscale_only_diverse16,16,107,True,1,0.815387573422047,16.032186210281466,42.918762968256615,107,True,1,0.03888628345921783,10.364179464782586,42.37601401696799,107,True,1,0.050970350936947004,16.07526119215555,42.87046413856821,107,True,1,0.05097838591100404,13.78109044026295,35.57158147781168,107,True,1,0.052147500952778494,8.40593681023875,30.42771661575728,107,True,1,0.8152590558575579,16.06562829777792,50.4480040041377,107,True,1,10638.130002579746,16.070202330568303,42.93324381310895,107,True,1,9.598435201908796,15.93237576596753,42.75730059913556,0_0_0_10_14_16,-25.0,44,offpacket_bootstrap,offpacket,4.0,4.171518207362055,2.3141838728574102
1,5,468,multiscale_only_diverse16,16,468,True,1,0.8090703557568055,18.491579457911637,43.21751926127181,467,False,2,0.0068232679808869915,-1.1983570676975237,34.19669284307247,468,True,1,0.05059065566965749,18.59038091092597,42.980262063866505,468,True,1,0.05059903422510451,13.312902806535385,35.71455887286546,468,True,1,0.051681020780512926,7.914356926693371,30.584187301607486,468,True,1,0.808936384013272,18.546020033941574,50.66406667517323,468,True,1,10889.817807627522,18.514734111179706,43.150149515427934,468,True,1,9.535565868236075,18.444282806240068,43.06374623505341,0_0_0_10_14_16,-25.0,44,offpacket_bootstrap,offpacket,4.0,4.171518207362055,2.3141838728574102
1,6,89,multiscale_only_diverse16,16,89,True,1,0.7988324475218747,17.155451234831762,42.94869011528363,89,True,1,0.0401318570460904,11.945509184170737,42.259009065537505,89,True,1,0.04988670569558398,17.170304017874617,42.55167727338031,89,True,1,0.04989440392020241,13.548598089761686,35.522692955414826,89,True,1,0.05064246875468283,8.298108927851404,30.373150292974632,89,True,1,0.798709195390767,17.178417419133748,50.69569868700141,89,True,1,9603.732338051228,17.156313297607895,43.05011108099372,89,True,1,9.418144455973938,17.1805079610078,42.65853631185288,0_0_0_10_14_16,-25.0,44,offpacket_bootstrap,offpacket,4.0,4.171518207362055,2.3141838728574102
1,7,713,multiscale_only_diverse16,16,713,True,1,0.7948282511528681,16.621811341259864,42.54712803400967,713,True,1,0.013964533666407021,2.328005917919609,37.562826635391964,713,True,1,0.04964443672270207,16.605310641415457,42.28192107576683,713,True,1,0.0496496517044269,12.234118467324626,35.73359899073194,713,True,1,0.05097268483209651,7.076928897309411,30.419888263700415,713,True,1,0.7947447658783124,16.64887566619376,49.23185140253956,713,True,1,9199.86132304462,16.60471862034806,42.54344955869019,713,True,1,9.35866919934347,16.654008616311028,42.18932734006174,0_0_0_10_14_16,-25.0,44,offpacket_bootstrap,offpacket,4.0,4.171518207362055,2.3141838728574102
1,8,865,multiscale_only_diverse16,16,37,False,6,1.0330909705371596,-1.9579377391744406,8.858523480088653,469,False,108,0.03000517778361606,-5.329830529143304,5.239675921136327,37,False,20,0.054099109962207265,-2.2640423983617226,7.9533893396865265,90,False,35,0.08904488769446295,-1.6094113335853102,2.673658828102394,458,False,218,0.22142890094999754,-4.898043619961307,1.4232634672197972,37,False,5,0.6276531248803918,-2.6720013957413036,13.780118542127928,37,False,3,6.010518992708677,-1.4548031653439666,9.643568758897999,37,False,11,12.618539523104374,-2.0772377307118566,8.773838787721527,0_0_0_10_14_16,-25.0,44,offpacket_bootstrap,offpacket,4.0,4.171518207362055,2.3141838728574102
1,9,492,multiscale_only_diverse16,16,492,True,1,0.7178529388028352,5.191008669132188,13.254229078875106,970,False,945,0.0003134839417654182,-17.176561205730422,-8.451512407772551,492,True,1,0.04551247695485738,4.368486645772666,12.823541385978105,492,True,1,0.050424129287044185,2.6888324579729854,6.413278374923479,281,False,15,0.09151792956996982,-1.1336076970951605,3.7871727010754306,492,True,1,0.6479291917616737,6.29235134593582,19.670286774577768,492,True,1,32.34645579358186,7.648239610090583,16.8563788161616,492,True,1,8.510138067222062,5.108805244559351,13.395156949964305,0_0_0_10_14_16,-25.0,44,offpacket_bootstrap,offpacket,4.0,4.171518207362055,2.3141838728574102
1,10,765,multiscale_only_diverse16,16,947,False,4,0.6134790282340106,-0.4361182738983801,8.141186040834755,917,False,155,0.014599425101999809,-4.440975272398885,4.110936670077754,765,True,1,0.05250048260908778,1.1963249179820692,9.633776045179232,765,True,1,0.08254845679339612,0.9618276384872093,4.58007671303426,765,True,1,0.24194325489729251,0.22736441435075483,4.532578280896856,947,False,3,0.3901701655483447,-0.3836839418225202,12.963770118659578,765,True,1,144.50747056288373,16.46251425446189,33.63497013672344,765,True,1,6.988441760482329,0.002329916766375671,8.19457735811577,0_0_0_10_14_16,-25.0,44,offpacket_bootstrap,offpacket,4.0,4.171518207362055,2.3141838728574102
1,11,1023,multiscale_only_diverse16,16,1021,False,583,0.07162657244954573,-9.992830944306565,-1.100234491498859,1021,False,584,0.004917542525241074,-9.590740416844623,-0.880334359895641,1021,False,573,0.004924431220527491,-9.590248765067312,-0.7507761268523032,1021,False,774,0.026043610293660247,-3.728678347188273,-0.663434003330367,374,False,859,0.07511636029265518,-6.45525067362488,-0.476339447087838,1021,False,573,0.013543442157701896,-15.854401362185603,-1.150875582518681,1023,True,1,90.44435315164239,13.971773272305395,32.32205413682186,1021,False,588,0.9926930863671645,-9.82551935686798,-0.9867760711373448,0_0_0_10_14_16,-25.0,44,offpacket_bootstrap,offpacket,4.0,4.171518207362055,2.3141838728574102
1,12,597,multiscale_only_diverse16,16,597,True,1,0.8166192768549685,17.274594267033937,43.43467620862435,598,False,3,0.003957439068460366,-4.006280617448608,32.11641517912525,597,True,1,0.05097969520424694,17.31990165052696,43.105268157569725,597,True,1,0.05098402057709547,12.332204784515389,35.79542655625812,597,True,1,0.05216444210637581,6.92598161317302,30.662972945171262,597,True,1,0.8165499966607486,17.311565393013538,51.294144256208355,597,True,1,11452.004820561287,17.290147903942376,43.4593722784378,597,True,1,9.612948790243498,17.253203250938174,43.06087894112029,0_0_0_10_14_16,-25.0,44,offpacket_bootstrap,offpacket,4.0,4.171518207362055,2.3141838728574102
1,13,562,multiscale_only_diverse16,16,562,True,1,0.6683839149745587,18.283266828274023,39.84290707448618,563,False,3,0.002054505244844113,-5.676144900371266,27.03561728697038,562,True,1,0.041891675358551365,18.501568393568636,39.73086836095671,562,True,1,0.04189908926430369,12.417524469473731,33.246316845046955,562,True,1,0.04328106395373267,7.107314128829704,28.193942732284416,562,True,1,0.6682656466436951,18.33757217701821,46.47096496771336,562,True,1,6014.626426442203,18.31870298305278,40.011979569241745,562,True,1,7.8817444091946,18.345073609574193,39.6002615957217,0_0_0_10_14_16,-25.0,44,offpacket_bootstrap,offpacket,4.0,4.171518207362055,2.3141838728574102
1,14,478,multiscale_only_diverse16,16,478,True,1,0.7436016519797164,16.377945591233786,41.78340085172215,479,False,3,0.0011282663310471725,-9.069073751337628,25.172900923639165,478,True,1,0.04650722520104956,16.412724010655335,41.402111799446246,478,True,1,0.04652047094441857,12.31214564530874,34.397760882292715,478,True,1,0.04826323131608499,6.982549350934683,29.293832835808146,478,True,1,0.7433899267660429,16.438325144946454,49.27862465815451,478,True,1,8226.936865174463,16.44106365932344,41.73630659845104,478,True,1,8.757732575311124,16.534718353398553,41.40141563601855,0_0_0_10_14_16,-25.0,44,offpacket_bootstrap,offpacket,4.0,4.171518207362055,2.3141838728574102
1,15,267,multiscale_only_diverse16,16,267,True,1,2.0637900174754122,0.5254288754008795,10.663698625345122,420,False,45,0.05087368978597767,-3.1212908578915286,6.267296048915744,687,False,2,0.12308721869113486,-0.1165835761969565,10.015287424574746,267,True,1,0.17308122731102404,0.5485119264340835,4.522678917441602,301,False,37,0.39865731600332277,-1.5107441251103306,3.3657233691580557,687,False,2,1.4676702792099825,-0.3003182708603965,16.25086778698683,267,True,1,12.764834744649415,4.950639102324952,14.376538595703728,267,True,1,24.056734437881676,0.045198558037557485,9.776334639455055,0_0_0_10_14_16,-25.0,44,offpacket_bootstrap,offpacket,4.0,4.171518207362055,2.3141838728574102
1,16,917,multiscale_only_diverse16,16,582,False,67,0.6693396494791983,-20.899903766522048,12.424665993398618,581,False,37,0.03612059013538349,-20.270844924807,13.128087010367633,582,False,66,0.04172675688293552,-20.906604827160436,12.3375469190112,582,False,155,0.05328971959744336,-19.851837703485707,6.328902483196761,579,False,245,0.11286500836751366,-18.69713610915365,4.191470163864244,582,False,66,0.5241043307585302,-21.95467089019678,18.9870961224065,579,False,68,3.4623149086560643,-21.180060514049202,12.27435420229626,582,False,61,8.256558047991284,-20.755056927998034,12.218309085924606,0_0_0_10_14_16,-25.0,44,offpacket_bootstrap,offpacket,4.0,4.171518207362055,2.3141838728574102
1,17,656,multiscale_only_diverse16,16,581,False,15,0.8377958247799633,-15.499105456781644,20.682367479571965,581,False,32,0.015226238562631993,-15.405735610122576,13.541102289624373,581,False,15,0.05122788321024913,-15.608456185059437,20.195082754576053,581,False,31,0.05216413570535451,-15.534737662878957,12.122560131035575,581,False,66,0.07698286379578763,-14.150432041859505,8.420780551612385,581,False,15,0.8227588952740347,-15.57282397896212,28.914091611175646,581,False,15,34.50259818944199,-15.480822793853795,20.716445621765324,581,False,15,10.290772674388244,-15.33607955901732,20.69027266392318,0_0_0_10_14_16,-25.0,44,offpacket_bootstrap,offpacket,4.0,4.171518207362055,2.3141838728574102
1,18,889,multiscale_only_diverse16,16,889,True,1,0.8129554383069717,22.44950849488461,42.62585112410788,889,True,1,0.038534809120714164,14.994748587353916,41.99131048669547,889,True,1,0.05078224114387025,22.60157210793576,42.588671412819835,889,True,1,0.050786005430593556,12.494957235316615,35.82542391348471,889,True,1,0.05160969801757728,7.1858374691882325,30.6184420824261,889,True,1,0.8128951816016625,22.573777051824973,49.902705813327955,889,True,1,10082.602808549982,22.498703456111784,42.75265034763362,889,True,1,9.559973603114088,22.37278043650601,42.553534300152485,0_0_0_10_14_16,-25.0,44,offpacket_bootstrap,offpacket,4.0,4.171518207362055,2.3141838728574102
1,19,510,multiscale_only_diverse16,16,510,True,1,0.8261817068072084,18.071429881168285,43.179134832089304,511,False,3,0.0016184380430812014,-7.6060847514612355,27.83558624659043,510,True,1,0.05162486791060923,18.05295201081679,42.81600669192969,510,True,1,0.051629954936817456,12.525619083655604,35.79875180880235,510,True,1,0.052948218114460335,7.262628443648235,30.624233053106984,510,True,1,0.8261003042958092,18.100834889623847,50.49453549083104,510,True,1,11036.663879598931,18.05490056693718,43.144648288870385,510,True,1,9.73933208229477,18.147071166531777,42.71936771622861,0_0_0_10_14_16,-25.0,44,offpacket_bootstrap,offpacket,4.0,4.171518207362055,2.3141838728574102
1,20,860,multiscale_only_diverse16,16,860,True,1,0.84400231519027,23.784432087845957,43.11423476068783,860,True,1,0.03611111748035635,14.029305845777913,41.6890957316824,860,True,1,0.05280667920120819,23.721286172200585,42.69076208747434,860,True,1,0.052812924676141675,12.764541711478874,35.98624667571473,860,True,1,0.05413210327843024,7.502385676994477,30.879908879274048,860,True,1,0.8439025063776423,23.869237992870275,49.82426547717488,860,True,1,11669.989997222492,23.785629359194246,43.158018884227644,860,True,1,9.958346511640206,23.88631465666904,42.65177860907204,0_0_0_10_14_16,-25.0,44,offpacket_bootstrap,offpacket,4.0,4.171518207362055,2.3141838728574102
1,21,553,multiscale_only_diverse16,16,553,True,1,0.8405288380463958,18.713862214456427,43.840554700076105,552,False,3,0.002560317622946528,-5.619786413291422,30.13462680696081,553,True,1,0.05252216968188242,18.615330942400654,43.421067585018285,553,True,1,0.05252828003534623,12.493106008712264,36.06337910578824,553,True,1,0.053466004176094595,7.137705433885606,31.00891747520837,553,True,1,0.840431063508689,18.755698732415265,51.29041417800672,553,True,1,12599.264431972932,18.722278608696005,43.840676677455086,553,True,1,9.886578576478898,18.6724498247523,43.3442017063485,0_0_0_10_14_16,-25.0,44,offpacket_bootstrap,offpacket,4.0,4.171518207362055,2.3141838728574102
1,22,629,multiscale_only_diverse16,16,629,True,1,0.8360708625425559,20.2757198090522,43.199049585367945,628,False,3,0.0069959231397748985,-0.28716993847204586,34.282227007121804,629,True,1,0.052252256008062326,20.315506881819353,43.065431193624704,629,True,1,0.052256766925102775,12.597755651625366,35.94888376968703,629,True,1,0.05299978899617817,7.243617045631755,30.884762524990883,629,True,1,0.8359986910990704,20.319104672917216,50.52964359594485,629,True,1,11366.836843731917,20.328604689015293,43.30164157331207,629,True,1,9.845209370260935,20.300666230887042,43.08956906031998,0_0_0_10_14_16,-25.0,44,offpacket_bootstrap,offpacket,4.0,4.171518207362055,2.3141838728574102
1,23,759,multiscale_only_diverse16,16,759,True,1,0.8251616453390511,21.975258900680092,42.49838751784576,759,True,1,0.021023402424626775,7.707933932899084,38.71199161307104,759,True,1,0.05152131625682499,21.87211666318123,42.277348985811074,759,True,1,0.051530040087571685,12.678570843740841,35.85595054760914,759,True,1,0.05223856062521272,7.254583626690173,30.660857045898325,759,True,1,0.825021948755847,22.073109635568095,49.30039442017385,759,True,1,10580.727567592154,22.071716173228655,42.641575800026985,759,True,1,9.739092704205508,22.10543872189055,42.65870045279193,0_0_0_10_14_16,-25.0,44,offpacket_bootstrap,offpacket,4.0,4.171518207362055,2.3141838728574102
1,24,874,multiscale_only_diverse16,16,874,True,1,0.9965262829986479,4.412050082332559,13.196680850687493,874,True,1,0.0474623977232473,1.4746101439172659,12.812499149549314,874,True,1,0.06277970420324756,4.441548348456647,13.227080844009176,874,True,1,0.07093745269054617,2.6559424649078824,6.551787757633882,874,True,1,0.16744676813446893,0.38451062656292156,5.132289664859901,874,True,1,0.8819265832723433,6.1976559658813235,19.44106103916724,874,True,1,51.465868305396754,10.210249481739018,19.806401107892604,874,True,1,11.509947546173152,4.490300594856299,13.043109186147046,0_0_0_10_14_16,-25.0,44,offpacket_bootstrap,offpacket,4.0,4.171518207362055,2.3141838728574102
1,25,720,multiscale_only_diverse16,16,55,False,192,0.3295503160645694,-6.539918851795461,3.7480837849788564,55,False,212,0.02238151360405778,-6.447061163772366,3.9878806863045795,55,False,230,0.021166524833633498,-6.647165465925551,3.462760125292386,55,False,360,0.04997996319347706,-4.408912359070051,0.5242530794832025,29,False,151,0.20608544330883483,-2.834132929477346,1.6362659454981916,459,False,197,0.13956462756704968,-8.862280502051348,6.667378849160501,459,False,186,1.784266207043521,-7.401992492145172,3.9372309791392563,55,False,188,4.3845100161507276,-5.798790333818954,3.982281633890919,0_0_0_10_14_16,-25.0,44,offpacket_bootstrap,offpacket,4.0,4.171518207362055,2.3141838728574102
1,26,314,multiscale_only_diverse16,16,314,True,1,0.6768538649311928,21.19928697492666,40.17789913624302,314,True,1,0.010527507982839194,2.96779703507064,34.008858635858125,314,True,1,0.042399460731556475,21.48045251547375,40.12055220849692,314,True,1,0.04241559442351169,12.835044545074235,33.250653497463595,314,True,1,0.044781288087616784,7.279601992943281,28.190928301158937,314,True,1,0.6765964088727804,21.400206330684952,47.32808711393027,314,True,1,6820.076274885849,21.047440698394077,40.18144316154409,314,True,1,7.979934646778415,21.23710694895522,40.02191548575669,0_0_0_10_14_16,-25.0,44,offpacket_bootstrap,offpacket,4.0,4.171518207362055,2.3141838728574102
1,27,602,multiscale_only_diverse16,16,338,False,58,0.790456653911864,-4.335706557066917,6.101783754438252,348,False,1016,0.0002162583518921391,-27.751231340650385,-17.653131413472963,328,False,77,0.04577971288155704,-5.30696392392324,5.699438859637747,328,False,159,0.0809565368044916,-4.502619466844201,1.4030614483091135,668,False,136,0.30038448511404875,-4.095617493119087,2.01986686574002,338,False,56,0.4469914362664996,-5.440418505891209,10.287960886794579,346,False,19,4.1615171056114315,-2.466680587746914,7.798195837048266,338,False,99,7.669633200200443,-5.928075143034054,5.257691625726998,0_0_0_10_14_16,-25.0,44,offpacket_bootstrap,offpacket,4.0,4.171518207362055,2.3141838728574102
1,28,7,multiscale_only_diverse16,16,7,True,1,0.8403090671961913,22.082710431703966,41.188996450124606,7,True,1,0.052068905741295135,21.52921265829591,41.487995433331186,7,True,1,0.05247553362872672,22.028601623437698,40.97950463894619,7,True,1,0.052479005037683185,13.419345836725448,34.45403059145389,7,True,1,0.05319784498705125,7.8227338380764735,29.082272220324494,7,True,1,0.8402534819879739,22.20188979632114,47.735793275009044,7,True,1,4254.213335882006,22.0540254869216,41.24485079163463,7,True,1,9.888089963853893,21.947949260275337,40.70093796903427,0_0_0_10_14_16,-25.0,44,offpacket_bootstrap,offpacket,4.0,4.171518207362055,2.3141838728574102
1,29,610,multiscale_only_diverse16,16,861,False,870,0.07618310312997867,-21.458329573935806,-7.1876606056027885,861,False,922,0.002469287253397883,-24.408625618960023,-8.848905448736337,861,False,844,0.006021961629666464,-20.63857100479335,-6.159121775975991,861,False,901,0.026560546763580616,-14.321815025717806,-2.6317241287243642,862,False,884,0.08393585616691744,-11.334332509353356,-2.4815377729613237,861,False,843,0.017272676197566644,-27.775085553011355,-10.725088743860937,861,False,591,0.4909897468749272,-15.101116219118538,-1.1374942319421286,861,False,841,1.1664180307662435,-20.597452165977156,-6.1308462286053045,0_0_0_10_14_16,-25.0,44,offpacket_bootstrap,offpacket,4.0,4.171518207362055,2.3141838728574102
1,30,807,multiscale_only_diverse16,16,16,False,4,1.2914702215457652,-1.5421415559648024,9.594657230484467,16,False,36,0.05014853521003863,-3.4729660039560315,7.232722861835004,16,False,4,0.07675278407474534,-2.091033662238643,9.23163533644475,16,False,13,0.0987033915828299,-2.3400420608092736,3.140292312331586,100,False,109,0.24709630158342372,-3.2659345447149066,2.0960760028913032,16,False,2,1.0042606790272535,-1.293133157394172,15.345266718349391,16,False,14,4.425681136393789,-2.130091648412213,8.189978213911427,16,False,3,16.042566903497928,-1.1994332677974422,9.685885761152322,0_0_0_10_14_16,-25.0,44,offpacket_bootstrap,offpacket,4.0,4.171518207362055,2.3141838728574102
1,31,897,multiscale_only_diverse16,16,897,True,1,1.8951516988536241,5.266258455547714,15.354429384792038,897,True,1,0.06782604564667512,2.820828973290665,12.943969387098628,897,True,1,0.11354431226447546,5.357262711687108,15.066903079427572,897,True,1,0.13269459957636626,4.10752080591758,8.750006153813821,897,True,1,0.3109052295682255,2.2074857600173354,7.24891080721243,897,True,1,1.6216462235100082,6.44080700807031,21.55434010091456,897,True,1,49.047613561195945,8.496162200139647,19.382520232130467,897,True,1,22.79728122150214,5.301526925769649,15.089936182870465,0_0_0_10_14_16,-25.0,44,offpacket_bootstrap,offpacket,4.0,4.171518207362055,2.3141838728574102
1,32,749,multiscale_only_diverse16,16,749,True,1,0.8187334704945357,21.374546057393864,42.73416466200425,749,True,1,0.020035699596599177,5.70509180310993,38.77944648545729,749,True,1,0.0511385755313321,21.32518502481735,42.566210552152114,749,True,1,0.051147138296360244,12.863461049140408,35.74992150358615,749,True,1,0.05200409129698757,7.578931559994423,30.53134380374461,749,True,1,0.8185964027608944,21.434677886977,50.18673211485463,749,True,1,10819.984832116827,21.29061432217825,42.81161005311816,749,True,1,9.665016136498128,21.45658160285244,42.430822922705985,0_0_0_10_14_16,-25.0,44,offpacket_bootstrap,offpacket,4.0,4.171518207362055,2.3141838728574102
1,33,584,multiscale_only_diverse16,16,589,False,243,0.4962962587142137,-10.015329234036852,4.058052861489338,590,False,941,0.00107224289419103,-21.50110420718196,-9.237058831234727,589,False,232,0.031319555770656204,-9.506123752268312,4.226325409935936,589,False,259,0.05245650948153882,-7.73875481824891,1.5000411276293037,589,False,373,0.1383199965482592,-8.027813771311518,0.6526387132159223,589,False,239,0.29631743528490406,-11.782698168056253,6.585324706067322,589,False,204,1.765276132392312,-7.274057488742898,5.292962278846244,589,False,272,5.277740325238474,-10.438173887125837,3.5172995506161433,0_0_0_10_14_16,-25.0,44,offpacket_bootstrap,offpacket,4.0,4.171518207362055,2.3141838728574102
1,34,934,multiscale_only_diverse16,16,934,True,1,1.1786210974836564,0.6860231651457377,12.767739024995157,934,True,1,0.06358113627585225,1.5823954295936935,11.19172474522292,934,True,1,0.07331963943364835,0.8800419863536323,12.965168691649094,934,True,1,0.08813015529171894,0.5413659890780133,6.8285174081213,590,False,11,0.16958231565232948,-0.9713035409191627,4.685814602060734,934,True,1,0.980550568762161,1.0246991624213566,18.565579749418582,934,True,1,21.789468899909984,4.756757048463544,14.786701547569931,934,True,1,12.817348284339557,0.7769708166563924,12.62127474401003,0_0_0_10_14_16,-25.0,44,offpacket_bootstrap,offpacket,4.0,4.171518207362055,2.3141838728574102
2,0,803,multiscale_only_diverse16,16,913,False,166,0.39053030885981244,-5.804699499313828,4.311411968182685,1010,False,673,0.005762637613403495,-11.525628832732027,-1.8910885887124533,913,False,205,0.02240734536828984,-5.650582465601941,3.8647198320661333,482,False,549,0.048542709463702316,-4.428314410519567,-0.11253487375013821,437,False,675,0.13649130999994977,-5.030789499878465,-0.6292472260420094,913,False,139,0.18026903739170283,-7.711737987845262,8.076065049799713,913,False,124,2.1956796717694598,-6.332886239118142,4.887716605190385,913,False,234,4.065452252680267,-6.253530903637142,3.3758806428479433,0_0_0_10_14_16,-25.0,44,offpacket_bootstrap,offpacket,4.0,4.171518207362055,2.3141838728574102
2,1,826,multiscale_only_diverse16,16,169,False,44,1.0631112323090406,-10.178363568312594,7.6643893286134634,630,False,37,0.054987250278178135,-2.6690145933720704,6.738365288409602,169,False,26,0.0750371514357638,-9.956112794408774,7.864210157315078,169,False,74,0.10688054603357997,-8.634094944777832,2.2695236001028594,162,False,104,0.36858206093979706,-5.88861690351227,2.5464109692863253,169,False,25,0.7463737929143041,-11.500381417943535,13.078993868707158,162,False,65,2.8992184793437445,-11.490738836414584,6.467449415170307,169,False,24,14.386446429996722,-9.766178559003794,8.314127111570835,0_0_0_10_14_16,-25.0,44,offpacket_bootstrap,offpacket,4.0,4.171518207362055,2.3141838728574102
2,2,922,multiscale_only_diverse16,16,167,False,26,1.075390140118543,-24.833660377004797,14.414597472224656,167,False,28,0.053171668749064864,-26.373176201002906,12.929098772453216,167,False,27,0.06715653004005956,-24.83017245741342,13.704189780465208,167,False,63,0.07998987474712638,-24.07206961133456,7.509742871454261,167,False,108,0.19732074839027774,-20.25430410328555,6.19435573000866,167,False,27,0.9028576488957344,-25.591763223083657,20.94877529785841,167,False,24,9.949757090423178,-24.599746421398937,15.185317558520522,167,False,28,11.52454584843794,-25.250560649381818,13.755241143154668,0_0_0_10_14_16,-25.0,44,offpacket_bootstrap,offpacket,4.0,4.171518207362055,2.3141838728574102
2,3,718,multiscale_only_diverse16,16,718,True,1,1.8287947340513853,0.44614847219788645,10.530331754884692,402,False,229,0.021329605826368343,-6.443900258884082,3.2583036546113116,718,True,1,0.12663118053499742,1.3703266645893724,11.268874701594205,718,True,1,0.196085507362332,1.6460382825995388,5.601532226208224,718,True,1,0.5359721858749564,0.32962455563848775,4.9146676638301665,718,True,1,1.1810278038610442,0.07078096135044429,16.084529720029014,718,True,1,12.394260864126405,2.6245723072318117,12.910148448243078,718,True,1,22.224247882769326,0.43519729895785275,10.290429772759463,0_0_0_10_14_16,-25.0,44,offpacket_bootstrap,offpacket,4.0,4.171518207362055,2.3141838728574102
2,4,86,multiscale_only_diverse16,16,86,True,1,0.7906548604418084,20.822151966391598,42.721954966304494,86,True,1,0.03977720895662,14.10549232825513,42.445263599084846,86,True,1,0.049481577129523266,20.96832856508413,42.48906961613812,86,True,1,0.049484565181506984,13.24505259932926,35.422112348746715,86,True,1,0.050621726255015174,7.542752178271437,30.339364765099344,86,True,1,0.7906071179221862,20.931956486610027,49.73056147436357,86,True,1,9561.936385816147,20.89053924083414,42.76413206468782,86,True,1,9.29066249192263,20.706619447516946,42.19892265397156,0_0_0_10_14_16,-25.0,44,offpacket_bootstrap,offpacket,4.0,4.171518207362055,2.3141838728574102
2,5,468,multiscale_only_diverse16,16,468,True,1,0.7885775776203197,20.017386562998595,42.58005402729683,467,False,3,0.0038941841725683617,-3.7097001725081458,31.04582367309454,468,True,1,0.04918756148548893,19.8376691855522,42.20763096249989,468,True,1,0.04919420436536239,12.808102405894564,35.50890994210032,468,True,1,0.05005904871107923,7.507703491534777,30.324933410079225,468,True,1,0.7884710930011126,20.137360506781825,49.506441555087136,468,True,1,10718.049782146076,19.99745353110246,42.46377158951398,468,True,1,9.284470913441117,19.99889443584167,42.24129566095862,0_0_0_10_14_16,-25.0,44,offpacket_bootstrap,offpacket,4.0,4.171518207362055,2.3141838728574102
2,6,89,multiscale_only_diverse16,16,89,True,1,0.7867250564808081,21.15846112140148,42.350539309862185,89,True,1,0.03908726326368466,13.82000455046727,41.92845148412559,89,True,1,0.04910075608617516,21.151394458287296,42.178848647985745,89,True,1,0.04910943328867859,13.477529059999666,35.284851506629316,89,True,1,0.050167388161927395,7.921136593272017,30.13811904784005,89,True,1,0.7865860491216827,21.218767159569193,49.54866572641376,89,True,1,9517.17019542234,21.186052123950574,42.27944659352073,89,True,1,9.257859572288494,21.09281581178861,42.03095199763525,0_0_0_10_14_16,-25.0,44,offpacket_bootstrap,offpacket,4.0,4.171518207362055,2.3141838728574102
2,7,713,multiscale_only_diverse16,16,713,True,1,0.7769495796550387,20.539433252459926,42.61520701501083,713,True,1,0.015300108959436948,4.116849022181765,37.66344913517921,713,True,1,0.0485850550066899,20.392164557439543,42.357033850303914,713,True,1,0.04859666902337044,13.12541359600052,35.4060928110643,713,True,1,0.04943379912069385,7.713513132532144,30.347588578642174,713,True,1,0.7767638980937426,20.63045296392593,50.185927383521054,713,True,1,9854.594126795619,20.588824112941936,42.60354588517848,713,True,1,9.160583111652542,20.840383931065226,42.344461832529,0_0_0_10_14_16,-25.0,44,offpacket_bootstrap,offpacket,4.0,4.171518207362055,2.3141838728574102
2,8,865,multiscale_only_diverse16,16,865,True,1,0.787256044930075,19.476726901928785,42.55282467607987,865,True,1,0.034940538165107074,11.468231922908036,41.507370194070944,865,True,1,0.04929552083367342,19.567964674750062,42.33098124404533,865,True,1,0.04929934958788026,12.913495198357712,35.48533992837089,865,True,1,0.050264591209560984,7.58022775991956,30.37598017331888,865,True,1,0.7871949039633263,19.539026006701846,49.44224786404902,865,True,1,9808.918607920672,19.50551071097386,42.45975249499389,865,True,1,9.2787021813685,19.500809801086916,42.25939136143811,0_0_0_10_14_16,-25.0,44,offpacket_bootstrap,offpacket,4.0,4.171518207362055,2.3141838728574102
2,9,492,multiscale_only_diverse16,16,492,True,1,0.6445246850360178,18.846054544474878,40.4233626523144,491,False,3,0.003747265606692683,-3.1857151214845274,29.840111488899,492,True,1,0.04010962500450136,18.80681062987486,40.11000695752823,492,True,1,0.0401233466609541,12.993934293123273,33.24469561754072,492,True,1,0.041761601844140024,7.651643538594314,28.227083388506312,492,True,1,0.6443042660769985,18.905949538601124,47.56855806455267,492,True,1,6333.636682081543,18.77398439818355,40.4405467289481,492,True,1,7.57714881309585,18.88100036047747,40.095625372168854,0_0_0_10_14_16,-25.0,44,offpacket_bootstrap,offpacket,4.0,4.171518207362055,2.3141838728574102
2,10,765,multiscale_only_diverse16,16,765,True,1,0.6781209957543446,20.63432870261434,40.34847036659653,765,True,1,0.018529645541165308,6.148613331457819,36.8684676436032,765,True,1,0.04236647488580635,20.570018426380933,40.000106878882804,765,True,1,0.04237956694342712,13.23439777946573,33.56768424055155,765,True,1,0.043752274215641346,7.8989325237927845,28.724215252085976,765,True,1,0.6779115080273435,20.74873406215881,46.68262939396594,765,True,1,6324.328482190396,20.642499829045985,40.232091603627694,765,True,1,8.011384795292965,20.72945943979687,39.95516434500769,0_0_0_10_14_16,-25.0,44,offpacket_bootstrap,offpacket,4.0,4.171518207362055,2.3141838728574102
2,11,1023,multiscale_only_diverse16,16,1023,True,1,0.7893836964911003,15.195823661237206,42.81045616354908,1023,True,1,0.049380455916936725,15.370522593124187,43.604490846141104,1023,True,1,0.049286585023040154,15.280436760097105,42.423263405201546,1023,True,1,0.04929082188501911,13.90395386209094,35.58052995798006,1023,True,1,0.05039943220430839,8.654936776019182,30.304409632010035,1023,True,1,0.7893158439042988,15.210902573120181,49.905804274483486,1023,True,1,11823.647020290464,15.199331208788616,42.83199989496789,1023,True,1,9.324231909508681,15.191380275294794,42.75051302160689,0_0_0_10_14_16,-25.0,44,offpacket_bootstrap,offpacket,4.0,4.171518207362055,2.3141838728574102
2,12,597,multiscale_only_diverse16,16,597,True,1,1.1835734499911723,10.512393221324155,14.925674645487137,597,True,1,0.02382401146560759,1.9610097738951202,8.908136427616155,597,True,1,0.0764350269934891,9.789654124721917,13.991679869627136,597,True,1,0.0835861601458435,6.9214184324349315,8.856399528133124,597,True,1,0.1942607240391331,1.8306535552999725,7.013924259103526,597,True,1,1.0823139673003739,12.87775618754443,20.07274588495415,597,True,1,722.7877673658586,19.507511038458873,41.1306187594699,597,True,1,15.202818847498966,9.719111321207855,13.676409452493715,0_0_0_10_14_16,-25.0,44,offpacket_bootstrap,offpacket,4.0,4.171518207362055,2.3141838728574102
2,13,562,multiscale_only_diverse16,16,135,False,490,0.15655415672530726,-10.138852157432353,0.1744884217743478,769,False,554,0.009125372210361478,-10.637065898849642,-0.5450602756054131,135,False,384,0.014672825126741465,-8.714874732840055,1.5549546578420643,135,False,776,0.043290774679587855,-5.38584581088613,-0.7797473949330136,135,False,921,0.10392861159216198,-7.673553491615196,-1.9873777953447571,135,False,392,0.0530619232734132,-13.467881079386279,2.4934872612504786,562,True,1,21.103302751300298,10.23271499501118,19.690346515763803,135,False,353,2.7102671072337605,-8.246344681080958,1.8534037680667137,0_0_0_10_14_16,-25.0,44,offpacket_bootstrap,offpacket,4.0,4.171518207362055,2.3141838728574102
2,14,478,multiscale_only_diverse16,16,478,True,1,0.7927829572656862,17.774751475688923,42.41327621946883,477,False,2,0.0054502561295605295,-2.393535490584027,32.622103407954384,478,True,1,0.04954911933790291,17.722230794341616,42.059547711073044,478,True,1,0.049556210848610005,13.178368400657533,35.31783327963278,478,True,1,0.05058239677491115,7.767234199318961,30.175262932037047,478,True,1,0.7926695097535866,17.81452321483023,49.26872902663868,478,True,1,7845.90904843408,17.788020155555508,42.379271025292354,478,True,1,9.34749201586387,17.776603311755515,41.972425065753626,0_0_0_10_14_16,-25.0,44,offpacket_bootstrap,offpacket,4.0,4.171518207362055,2.3141838728574102
2,15,267,multiscale_only_diverse16,16,700,False,54,0.7607107149198988,-4.38714945027024,6.561463904206776,703,False,97,0.04175270363327012,-5.179238009393198,5.435407897210855,699,False,77,0.04457503789716946,-5.282369906765513,5.533961842820921,699,False,110,0.09043707035627013,-3.841030502357576,1.6788670743092897,698,False,88,0.31499469292855914,-3.133064209750999,2.133550198565142,700,False,61,0.37494258507884565,-5.960488989544235,10.214244977503155,331,False,16,3.734476553873655,-1.2812284901520343,7.423768969844061,700,False,56,9.045643945209793,-4.6027899407004815,6.209090963425891,0_0_0_10_14_16,-25.0,44,offpacket_bootstrap,offpacket,4.0,4.171518207362055,2.3141838728574102
2,16,917,multiscale_only_diverse16,16,917,True,1,0.7725071048661825,13.491585813375806,42.62558633792043,917,True,1,0.04053253731113582,10.33022787205178,42.39053715056812,917,True,1,0.048250616307141364,13.486533898626636,42.36774348723757,917,True,1,0.04825563703424976,13.478159918295525,35.41089448384186,917,True,1,0.04911576642888059,8.07323654609196,30.2212391606356,917,True,1,0.7724267298550708,13.499959793706914,50.008398357236516,917,True,1,10102.810575156811,13.513908405121882,42.62949114412427,917,True,1,9.114130748530835,13.492175891296636,42.42666744581494,0_0_0_10_14_16,-25.0,44,offpacket_bootstrap,offpacket,4.0,4.171518207362055,2.3141838728574102
2,17,656,multiscale_only_diverse16,16,656,True,1,0.767969343799578,14.81313067060082,42.70196655969723,657,False,2,0.00826467124395172,-0.24041804410577922,34.83921391841217,656,True,1,0.048088955423142725,14.813197693769276,42.430351657701436,656,True,1,0.04809190771877783,12.112982523203469,35.509940578856046,656,True,1,0.049001683201203135,6.844066763597371,30.42303315133396,656,True,1,0.7679221992247599,14.831152128559527,49.57917590928686,656,True,1,9683.77140788829,14.844740249314686,42.68954127636617,656,True,1,9.058784872078482,14.82457601618572,42.43140024429423,0_0_0_10_14_16,-25.0,44,offpacket_bootstrap,offpacket,4.0,4.171518207362055,2.3141838728574102
2,18,889,multiscale_only_diverse16,16,661,False,17,0.7615826728549315,-9.958270766499764,18.512821000070325,661,False,17,0.036310291449044574,-9.25222371000182,18.916440061555303,661,False,17,0.046921445373263246,-10.020966232820355,18.383780054050543,661,False,17,0.04743572274987661,-9.977484498539194,14.51510096055068,661,False,17,0.06720029676888074,-8.729328660483706,11.451779650588607,661,False,17,0.7533259263279473,-10.001752500780924,22.05302306255461,661,False,17,22.495801234945713,-10.111197535019866,18.54647103822385,661,False,17,9.17331232125142,-9.878025261092962,18.551524914214525,0_0_0_10_14_16,-25.0,44,offpacket_bootstrap,offpacket,4.0,4.171518207362055,2.3141838728574102
2,19,510,multiscale_only_diverse16,16,661,False,37,0.5223440532077461,-27.06674299035882,9.159321771327205,662,False,113,0.016716956873570363,-29.67968763537919,5.860330473684444,661,False,31,0.03693514325477007,-26.524736268157643,9.860555836852424,661,False,110,0.05381708870364357,-24.892141655217163,3.769929626220562,661,False,278,0.10573215639531265,-22.150664151460823,1.6147574044745991,661,False,35,0.3584893367187876,-28.69933760329929,15.55115783956716,661,False,32,5.105127070618354,-26.315950109709053,10.14313534740337,661,False,52,5.173372851992222,-27.83791212902273,7.9702815300641605,0_0_0_10_14_16,-25.0,44,offpacket_bootstrap,offpacket,4.0,4.171518207362055,2.3141838728574102
2,20,860,multiscale_only_diverse16,16,860,True,1,2.0654100635523633,1.3763519623094569,11.775871543837432,531,False,28,0.05050819755702145,-3.1851552432508603,7.35243594422613,860,True,1,0.12810366795812494,0.4608875519994709,11.604709524431902,860,True,1,0.18489802515254336,0.454350409523352,5.659427518007627,860,True,1,0.5732335592615153,0.2492541224701356,5.571983446848501,860,True,1,1.430986646614501,1.0733728731887135,17.64489776522535,860,True,1,12.177513205176368,2.3476226909106193,12.688447215036485,860,True,1,22.65750430718434,0.6920382286982053,11.524361930187974,0_0_0_10_14_16,-25.0,44,offpacket_bootstrap,offpacket,4.0,4.171518207362055,2.3141838728574102
2,21,553,multiscale_only_diverse16,16,553,True,1,0.6236219972698223,8.741786426567625,18.996732774143496,552,False,53,0.002597394752343642,-6.35837733171762,6.47479439372093,553,True,1,0.04024650147985783,8.528267039526348,19.483916019354005,553,True,1,0.04375206408947513,7.565570211843928,11.936433674846166,553,True,1,0.0699032102822074,2.7132618779334456,8.778261148263173,553,True,1,0.5736553042312225,9.704483254250045,26.42148337443119,553,True,1,81.75574918985524,11.404649787165344,20.79384771909586,553,True,1,7.366438926295915,8.925900133141617,19.19506238283755,0_0_0_10_14_16,-25.0,44,offpacket_bootstrap,offpacket,4.0,4.171518207362055,2.3141838728574102
2,22,629,multiscale_only_diverse16,16,999,False,30,1.0167822534445037,-19.942297930471405,11.90402638501344,999,False,273,0.009087213346453455,-28.34754304931099,2.9135599762981537,999,False,31,0.06777380694410445,-19.66907617983097,11.701857354453276,999,False,90,0.09377937430532844,-18.271624353995563,5.990744449648161,1000,False,141,0.22684480702138077,-15.058528038745118,4.643658005028206,999,False,31,0.7348226052860732,-21.339749756306816,17.968385132575204,999,False,30,6.060278112141416,-20.21691323057683,11.78995055130941,999,False,28,13.958834297862834,-19.203287946257717,12.150409674867795,0_0_0_10_14_16,-25.0,44,offpacket_bootstrap,offpacket,4.0,4.171518207362055,2.3141838728574102
2,23,759,multiscale_only_diverse16,16,759,True,1,0.900226129281009,6.108920348908542,14.804128905087609,759,True,1,0.02531366801657202,4.328169858081417,12.017818217328626,759,True,1,0.056413986873337034,6.965754313284542,15.340953769233153,759,True,1,0.06382884751624367,4.930050562954602,8.455679154385724,759,True,1,0.15734664326018408,2.015520366003893,7.043120346760249,759,True,1,0.7956487860347093,7.641463315345465,21.55569280879391,759,True,1,254.56223811724757,12.601728233354564,32.873816313190396,759,True,1,9.9542582068392,6.873102914970003,15.206630872235943,0_0_0_10_14_16,-25.0,44,offpacket_bootstrap,offpacket,4.0,4.171518207362055,2.3141838728574102
2,24,874,multiscale_only_diverse16,16,1001,False,12,0.9087178182100253,-2.12084305691504,7.8919404922526635,1001,False,18,0.05636077816274448,-1.967995413342931,7.58830422368861,452,False,21,0.05157997701128812,-2.579574156504326,7.184331401011741,245,False,16,0.10247477234213159,-1.5821608497718267,3.0074828797903024,894,False,90,0.2758211147550206,-3.2907865642998475,2.3207900021150514,1001,False,19,0.457396909519653,-3.1217428981675903,11.839106886408352,223,False,39,3.37208370159281,-2.9040039489068197,6.7975345577118365,245,False,51,7.335528553471375,-3.57375434608569,6.270953432864605,0_0_0_10_14_16,-25.0,44,offpacket_bootstrap,offpacket,4.0,4.171518207362055,2.3141838728574102
2,25,720,multiscale_only_diverse16,16,852,False,16,0.8137381094841203,-9.979139558989543,25.97499184995154,852,False,26,0.014784050518270149,-14.801622572757708,20.21270991263101,852,False,16,0.0503510772538121,-10.02416195310865,25.55473573471145,852,False,23,0.051606635297505046,-9.919858320443849,16.87050579747553,852,False,53,0.08352881935087213,-8.17217651366184,13.517767984831341,852,False,16,0.7939403562895485,-10.083443191654345,35.75869604638653,852,False,16,34.46217061993255,-9.962129479890917,26.72347804013676,852,False,16,9.19698385060981,-10.145314732609702,25.129846756308392,0_0_0_10_14_16,-25.0,44,offpacket_bootstrap,offpacket,4.0,4.171518207362055,2.3141838728574102
2,26,314,multiscale_only_diverse16,16,851,False,31,1.227604915887298,-21.24444680725184,14.56591917320685,852,False,55,0.02837583466844484,-25.25089480665994,9.986971156047934,851,False,29,0.08175225056291927,-20.966507239468108,14.578471341441073,851,False,83,0.08733631072782866,-20.6819643999913,8.32693071643954,851,False,152,0.14165444964940885,-18.80201726876042,5.12140638772236,851,False,31,1.1491149997009376,-21.52898964672865,21.47229584568226,851,False,31,9.523116591555322,-21.328894570560184,14.540521854736266,851,False,32,13.559718383195973,-21.525945637301135,13.946112564705624,0_0_0_10_14_16,-25.0,44,offpacket_bootstrap,offpacket,4.0,4.171518207362055,2.3141838728574102
2,27,602,multiscale_only_diverse16,16,602,True,1,0.7866541094344939,15.000612440482616,42.945975372810715,603,False,3,0.0042900209918008275,-2.948798112336511,32.24644557285296,602,True,1,0.049265390259047276,15.070338693001538,42.64980031956513,602,True,1,0.04927470964388396,12.18362114355413,35.665712538024565,602,True,1,0.05043456262231269,6.9042263257264205,30.547355648752735,602,True,1,0.7865053286008337,15.025126251403938,50.274691094384934,602,True,1,10597.824328126208,15.065935181484885,42.93129971090928,602,True,1,9.283338200300143,14.9640244691036,42.63648202396952,0_0_0_10_14_16,-25.0,44,offpacket_bootstrap,offpacket,4.0,4.171518207362055,2.3141838728574102
2,28,7,multiscale_only_diverse16,16,7,True,1,0.7925480824263254,2.5959044074942335,10.474027782495995,7,True,1,0.04596589099672168,2.532780277276234,9.96658351084259,7,True,1,0.04640950944943556,2.656489679751515,10.11937085527239,7,True,1,0.06515419608672486,1.7245215336392152,4.606577332668871,7,True,1,0.18586806935711722,1.0298751052091797,4.231859126577536,7,True,1,0.5645341348627406,3.4746520604771285,15.848198200999127,7,True,1,26.978366863495754,8.052097832210297,17.59471216365661,7,True,1,9.694388889517462,2.139866401627158,9.81384708706067,0_0_0_10_14_16,-25.0,44,offpacket_bootstrap,offpacket,4.0,4.171518207362055,2.3141838728574102
2,29,610,multiscale_only_diverse16,16,781,False,4,0.7012753288451599,-0.9401851521511705,7.751451072340412,694,False,269,0.013693621329971489,-5.061195114541343,2.2771890880751156,781,False,4,0.03752736686295869,-1.058465832614683,6.924506868899607,490,False,5,0.07455936196567602,-0.5892129631469296,3.063758251760849,490,False,143,0.21193929371583548,-2.716781570816036,2.066771302122708,781,False,6,0.35296729805211524,-1.7793147929888045,11.455941733651452,610,True,1,47.872443673631196,14.43989030041373,24.159829015920042,781,False,8,6.583241179673353,-1.0794323511083364,7.341773434954878,0_0_0_10_14_16,-25.0,44,offpacket_bootstrap,offpacket,4.0,4.171518207362055,2.3141838728574102
2,30,775,multiscale_only_diverse16,16,775,True,1,0.8072169313600739,18.846927590355197,42.40929702207645,775,True,1,0.023093644312873526,8.470190144760958,39.506992689733934,775,True,1,0.05047250286630196,18.87339157187306,42.23590416776743,775,True,1,0.050478694021163284,12.532150903506473,35.69367888590782,775,True,1,0.05148515572343227,7.160054145986191,30.60403863596687,775,True,1,0.8071179271143096,18.90176494358989,49.20518405513759,775,True,1,9950.683281559912,18.802274019483946,42.44257628612752,775,True,1,9.523101851238579,18.802187203288113,42.29197025754837,0_0_0_10_14_16,-25.0,44,offpacket_bootstrap,offpacket,4.0,4.171518207362055,2.3141838728574102
2,31,912,multiscale_only_diverse16,16,912,True,1,0.8303508088261005,21.643022040938945,42.91359330242736,912,True,1,0.04333906971629809,17.06974874050281,42.37968238011349,912,True,1,0.05195046165352104,21.899433829266126,42.576190006181236,912,True,1,0.051960072345147476,12.913550547363622,35.93491989468104,912,True,1,0.053225475608576274,7.446049687883992,30.78659482578121,912,True,1,0.8301972246372182,21.749444934181845,49.958519418389294,912,True,1,11170.507214811654,21.665365449164028,42.91034351117176,912,True,1,9.799499227047246,21.686083646513236,42.846227909260904,0_0_0_10_14_16,-25.0,44,offpacket_bootstrap,offpacket,4.0,4.171518207362055,2.3141838728574102
2,32,768,multiscale_only_diverse16,16,768,True,1,0.7975083078453373,16.837476794075947,42.53368214494003,768,True,1,0.02147424954894411,7.119070878542232,39.291287733935405,768,True,1,0.04993316438405055,16.94015880876734,42.44800255219245,768,True,1,0.049937619838339914,12.542236728083587,35.626189301857856,768,True,1,0.05096453185451626,7.36309967977284,30.53209468849139,768,True,1,0.7974371538371468,16.884385640027865,49.64919479934329,768,True,1,9778.500004588224,16.860845013720738,42.570626323902985,768,True,1,9.387018170841868,16.75097050767957,42.31433411083923,0_0_0_10_14_16,-25.0,44,offpacket_bootstrap,offpacket,4.0,4.171518207362055,2.3141838728574102
2,33,581,multiscale_only_diverse16,16,723,False,245,0.3547980909799584,-6.4897537935164005,2.9300911464604686,723,False,147,0.03228423122173587,-6.1179922622042415,4.389452260598134,723,False,290,0.020879351906057612,-7.011668314118152,2.6127034612645805,337,False,555,0.05853253705767583,-4.012694069802282,-0.11699958259531157,561,False,633,0.16653924968900832,-5.827394697847964,-0.5156749166659892,723,False,238,0.1265613036706143,-10.227531283609771,5.628134363007326,581,True,1,10.690070642143008,4.283961236820865,16.19107350730618,723,False,538,2.1772618348743373,-9.570910747648906,-0.33083429439336764,0_0_0_10_14_16,-25.0,44,offpacket_bootstrap,offpacket,4.0,4.171518207362055,2.3141838728574102
2,34,93,multiscale_only_diverse16,16,93,True,1,0.6500668008604329,20.44534239144847,40.34207434426645,93,True,1,0.032420622226327286,13.793016009790417,39.277071753925284,93,True,1,0.04065092740418166,20.507253332768087,40.160532575322904,93,True,1,0.040663752290212615,13.26036424443728,33.01932953587932,93,True,1,0.042504739269881624,7.69813879976866,28.13035766003267,93,True,1,0.6498617771682255,20.535423417319656,47.74543351263113,93,True,1,6552.860363527654,20.485082604997636,40.48156058144929,93,True,1,7.680215547237362,20.364394050702472,40.35799106284519,0_0_0_10_14_16,-25.0,44,offpacket_bootstrap,offpacket,4.0,4.171518207362055,2.3141838728574102
3,0,222,multiscale_only_diverse16,16,222,True,1,0.9005283740609684,1.4011918165577906,10.541150204514674,477,False,232,0.011757493236408796,-6.903039906458748,3.2427966403574624,222,True,1,0.04963973160497158,0.16843004878402873,9.458182631578078,222,True,1,0.0799067848668439,0.5905987128890435,4.6362045912208645,498,False,39,0.21291021803141233,-2.1006405138003625,3.7773306047390087,222,True,1,0.5594266727855337,0.6345804742549283,15.26077786709356,222,True,1,17.01346260965234,4.009741679002209,13.931158688962588,222,True,1,10.56343856349881,1.4806733260223373,10.79084474037443,0_0_0_10_14_16,-25.0,44,offpacket_bootstrap,offpacket,4.0,4.171518207362055,2.3141838728574102
3,1,711,multiscale_only_diverse16,16,860,False,56,0.38907004973211556,-3.8148145177203214,5.826399765106095,584,False,333,0.010240471032824923,-7.8418243395044644,1.9343615174220132,264,False,45,0.02798741003575591,-3.5716312767754674,6.008088305640848,860,False,117,0.04946722316294469,-3.51935063858578,1.6552216646518392,860,False,248,0.1473736942135488,-3.901149955731575,1.1144332664089116,264,False,44,0.22012682981246315,-4.907823749721564,9.865551570527886,711,True,1,6.760057729080217,0.2915123107204925,9.987836108048661,860,False,101,3.948361380530676,-5.0481775365548485,4.7883322654170595,0_0_0_10_14_16,-25.0,44,offpacket_bootstrap,offpacket,4.0,4.171518207362055,2.3141838728574102
3,2,871,multiscale_only_diverse16,16,871,True,1,1.0043802439213323,10.037158559365167,15.166631143988806,871,True,1,0.04784634995571694,7.879255542207206,14.934558283050341,871,True,1,0.06149594730950115,10.397103207331408,15.635754667735046,871,True,1,0.06886700703053647,7.308258809512985,9.15425597198242,871,True,1,0.1506404056130179,5.392433610016559,6.461604446442184,871,True,1,0.8968781601253946,12.544233081437422,21.737614769481194,871,True,1,777.6699763476182,22.42215311630355,39.67796997943849,871,True,1,10.90267915721977,10.079029745025343,15.164228348791024,0_0_0_10_14_16,-25.0,44,offpacket_bootstrap,offpacket,4.0,4.171518207362055,2.3141838728574102
3,3,718,multiscale_only_diverse16,16,594,False,58,0.8070337941023951,-2.516343895693685,5.606327045199642,592,False,568,0.011645794871746046,-9.241384935212904,-0.6245573864405755,401,False,138,0.03859048480083167,-3.98009218907309,4.25819317527888,401,False,61,0.09288472139654877,-1.7549802285258327,2.4093028930718865,401,False,113,0.2550318566148468,-2.7975827842219902,2.0239947414356445,593,False,105,0.33529545975710034,-4.840247175994486,7.217604021288702,718,True,1,6.208749598899144,1.1134247093046388,10.084174198153402,401,False,76,10.04732206120738,-2.978586903280258,5.421161274186362,0_0_0_10_14_16,-25.0,44,offpacket_bootstrap,offpacket,4.0,4.171518207362055,2.3141838728574102
3,4,107,multiscale_only_diverse16,16,714,False,5,0.4817620158729632,-1.0411215155456077,8.21993652099586,549,False,233,0.010861380278998854,-6.376793881119522,2.9650075795974007,715,False,8,0.030071756604738244,-1.629102192839322,7.606815878381336,715,False,21,0.04876911200046653,-1.0990839423682788,2.8114026410607877,498,False,135,0.12590542246068243,-3.323437666973066,1.9366736872936061,714,False,6,0.2970615926449758,-1.5202640118822073,12.693490257893787,107,True,1,13.52495481342775,2.6081644976552587,12.833830092157179,714,False,13,4.939084967366709,-1.9834550208140032,7.5989083741254735,0_0_0_10_14_16,-25.0,44,offpacket_bootstrap,offpacket,4.0,4.171518207362055,2.3141838728574102
3,5,468,multiscale_only_diverse16,16,959,False,15,1.0620193038069061,-1.1744314758350738,8.146622830117153,959,False,69,0.043312926889054124,-5.065643215503131,6.129561193912635,959,False,22,0.06316515356991133,-2.0477963398048935,7.478956351944571,545,False,8,0.13134677652613225,-1.170089719843717,3.6752454591509527,545,False,36,0.39179774833502,-2.086434585620286,3.2445456799568673,684,False,24,0.5107290349514367,-3.1538899195712418,11.899331607542216,584,False,31,3.325135366288158,-2.8671392132510003,6.851304537070101,284,False,26,9.474391188937604,-2.5761813723779747,7.393226567901317,0_0_0_10_14_16,-25.0,44,offpacket_bootstrap,offpacket,4.0,4.171518207362055,2.3141838728574102
3,6,89,multiscale_only_diverse16,16,339,False,74,0.45257539514751954,-3.141344821336814,5.715724739883846,462,False,154,0.019212047748377977,-6.567541455388708,4.184979670599549,339,False,102,0.024398824451860437,-3.773956878094882,5.197888167644297,339,False,86,0.05991666381280485,-2.046460473881116,1.9026955350200312,957,False,112,0.20866777582845317,-2.8848904963294286,2.1312770377178367,339,False,89,0.1842944335474806,-4.868841225550581,9.25257962161535,715,False,2,5.5149209590592765,-0.32082727724737053,9.040758890477374,715,False,47,6.288941456691666,-1.9349800404896662,6.506103311051842,0_0_0_10_14_16,-25.0,44,offpacket_bootstrap,offpacket,4.0,4.171518207362055,2.3141838728574102
3,7,713,multiscale_only_diverse16,16,1019,False,685,0.09999911277135709,-11.30292819550364,-2.18472601892233,265,False,762,0.0047750185038039706,-13.158554504463165,-3.6976584336161142,1020,False,729,0.0048435863334753086,-11.926531247263565,-3.074200601100384,584,False,910,0.0344044722625028,-5.886252282417935,-1.93350888381036,518,False,930,0.1036529565908054,-7.242044392502734,-2.0717751759687437,1019,False,668,0.014078237628045113,-18.172834021679705,-3.6977748861214947,1018,False,75,2.495998467439457,-3.0713362884750905,5.5097685542081,1019,False,749,0.9583555204143789,-12.07802897067058,-3.313892486704497,0_0_0_10_14_16,-25.0,44,offpacket_bootstrap,offpacket,4.0,4.171518207362055,2.3141838728574102
3,8,865,multiscale_only_diverse16,16,957,False,46,0.8067135145017836,-4.556566044889331,6.929004390243847,875,False,115,0.033955117912513405,-6.68638446404211,4.761137318137037,875,False,68,0.046637783284975795,-4.7886110809877245,6.13317314082229,875,False,25,0.12307787662499096,-1.8787235745536264,3.148723753122181,260,False,34,0.4076750776856227,-1.994982093383746,3.3900834157750874,958,False,87,0.30568718842161063,-7.7781191230500335,9.988115412176459,958,False,53,2.8820643074552876,-5.127800123979047,5.982312050783285,958,False,41,9.61851769476903,-4.52452369462413,6.902506483389262,0_0_0_10_14_16,-25.0,44,offpacket_bootstrap,offpacket,4.0,4.171518207362055,2.3141838728574102
3,9,492,multiscale_only_diverse16,16,492,True,1,0.8653314414061839,22.47910836086286,35.806597393464756,491,False,3,0.004443174047857992,-3.541506736304692,25.56029092075301,492,True,1,0.0541381481864506,22.493127664799264,35.70762991880445,492,True,1,0.05415306899497469,13.04005776497403,32.546602326797164,492,True,1,0.05499675793833108,7.483568095593749,28.123960181930347,492,True,1,0.8650930164196278,22.603108017123144,39.03502310409422,492,True,1,2943.3580288034996,22.649614943100286,35.843214849006316,492,True,1,10.178435170636257,22.501641509077675,35.81065110674992,0_0_0_10_14_16,-25.0,44,offpacket_bootstrap,offpacket,4.0,4.171518207362055,2.3141838728574102
3,10,765,multiscale_only_diverse16,16,765,True,1,0.8208876593744776,19.872787339859975,42.648043582087695,765,True,1,0.02303114790168156,6.164090261128745,39.53301929646344,765,True,1,0.05131502830735183,19.891887835015385,42.4208285104617,765,True,1,0.05132272312603346,13.013261450807462,35.79126745371987,765,True,1,0.05240635593910733,7.543719810240297,30.632607144856948,765,True,1,0.8207645836428691,19.929584917923368,49.65967278777573,765,True,1,10420.167868475315,19.86423320494577,42.71809324101696,765,True,1,9.672914550543918,19.851068974891316,42.52439281872631,0_0_0_10_14_16,-25.0,44,offpacket_bootstrap,offpacket,4.0,4.171518207362055,2.3141838728574102
3,11,1023,multiscale_only_diverse16,16,1023,True,1,0.782755155618716,15.789165901147848,42.98154404746931,1023,True,1,0.04906732145710533,15.927265592227887,43.357518701895515,1023,True,1,0.0489814738568349,15.837397781968477,42.72345150865833,1023,True,1,0.04899514001479241,13.75967992412967,35.501175986173024,1023,True,1,0.05042363270553588,8.262836231840252,30.480308837447957,1023,True,1,0.7825368226249637,15.803449885601808,50.673564733045744,1023,True,1,11397.678506623228,15.77107611710969,42.9452444020147,1023,True,1,9.205057165180769,15.76863744798763,42.71630221070349,0_0_0_10_14_16,-25.0,44,offpacket_bootstrap,offpacket,4.0,4.171518207362055,2.3141838728574102
3,12,597,multiscale_only_diverse16,16,597,True,1,0.8198901937618217,19.849376244566905,43.05073268077703,596,False,2,0.0072869571038417106,-1.0993864808649558,34.414881034586024,597,True,1,0.05123071871823566,19.877423716505838,42.84888832643154,597,True,1,0.05124142065963011,13.149438596078424,35.85668234922612,597,True,1,0.05186132117012509,7.858727382395817,30.60949859806005,597,True,1,0.8197189569637281,19.932530900989384,50.486762591155916,597,True,1,11540.069465612445,19.824507272979247,43.08980656409119,597,True,1,9.663083876477545,19.86686879022567,42.68112431872602,0_0_0_10_14_16,-25.0,44,offpacket_bootstrap,offpacket,4.0,4.171518207362055,2.3141838728574102
3,13,562,multiscale_only_diverse16,16,562,True,1,2.783076240920664,2.2200588967201895,12.094290760569509,204,False,62,0.04011394108921721,-3.882058790711684,6.2104645012973645,562,True,1,0.17344750078416582,2.4789150317070305,12.202006197302238,562,True,1,0.21787745114233953,1.9930039841623695,5.959563768233415,562,True,1,0.8325877014572425,2.00098925226539,6.307788244783178,562,True,1,2.215546473251701,2.7059699442648517,18.217466313089194,562,True,1,10.51018970260108,3.1960375092750164,11.859765487920216,562,True,1,32.82658763268809,1.445253453290879,11.57843873078668,0_0_0_10_14_16,-25.0,44,offpacket_bootstrap,offpacket,4.0,4.171518207362055,2.3141838728574102
3,14,478,multiscale_only_diverse16,16,478,True,1,0.8463891731608442,15.155680213165553,20.317040709070323,479,False,2,0.008266232237367051,-0.24605355794271425,12.266789185386116,478,True,1,0.05295506187074076,15.113823163257603,20.289203974921904,478,True,1,0.05431805965317432,9.875101954429205,14.37758114221971,478,True,1,0.06487437175203592,3.2349605499967375,8.931119977885517,478,True,1,0.8251508120437495,17.89287027143211,26.23773900612466,478,True,1,3087.7503803982336,18.503721473845516,40.22377700492509,478,True,1,10.077955294385832,15.038944898173694,19.809751181994642,0_0_0_10_14_16,-25.0,44,offpacket_bootstrap,offpacket,4.0,4.171518207362055,2.3141838728574102
3,15,267,multiscale_only_diverse16,16,267,True,1,0.9163413684103752,0.3326184381991639,9.70564809618937,294,False,260,0.011159758796589089,-6.571919530979685,2.9406086452756934,267,True,1,0.05987627618000564,1.0209288785279789,10.408640921725702,232,False,2,0.0733855943221461,-0.10300337794882994,3.787837496744036,4,False,238,0.13387161552850643,-3.8114071765383324,1.1859399612705692,267,True,1,0.7476550317116704,1.4238471220274453,16.29208946643502,267,True,1,53.40726679224823,9.43391939363344,25.756772116926257,267,True,1,10.715257129796164,0.5407546506499927,9.985242128200904,0_0_0_10_14_16,-25.0,44,offpacket_bootstrap,offpacket,4.0,4.171518207362055,2.3141838728574102
3,16,917,multiscale_only_diverse16,16,896,False,11,0.5184650170683689,-0.875183529640247,8.086079194807859,857,False,52,0.022232453152614136,-3.0334357807578827,6.042347062809345,896,False,19,0.031507041487494496,-1.1739698520846777,7.671962602904488,896,False,13,0.05340455419716871,-1.162049332298831,2.7139079298764353,575,False,16,0.18843942711445935,-0.9426125110474737,3.2561854925407014,130,False,15,0.30587838524553534,-1.4251182270166742,12.908607843126994,917,True,1,42.63901624521135,13.795162112155886,25.59800285162403,139,False,7,6.001675018187027,-0.6559470854422921,8.257822165024752,0_0_0_10_14_16,-25.0,44,offpacket_bootstrap,offpacket,4.0,4.171518207362055,2.3141838728574102
3,17,656,multiscale_only_diverse16,16,656,True,1,0.7812772899234552,19.54973508679162,43.02324408232068,656,True,1,0.011457352442809493,1.143183922051758,36.34635841761296,656,True,1,0.04894251332120118,19.54807038358178,42.694292095332386,656,True,1,0.04895016925151827,13.120199063912118,35.214051796277616,656,True,1,0.05022479914238118,7.623547012003444,30.148861784996438,656,True,1,0.7811550961786441,19.631007013494404,50.833354644186095,656,True,1,10581.850610565007,19.5856658704662,43.029806799617525,656,True,1,9.194907591292322,19.502766840315243,42.59285376123702,0_0_0_10_14_16,-25.0,44,offpacket_bootstrap,offpacket,4.0,4.171518207362055,2.3141838728574102
3,18,889,multiscale_only_diverse16,16,889,True,1,0.664575190936123,19.15769155575346,40.72319859100578,889,True,1,0.03232357659001247,13.388811811505725,39.58760011715964,889,True,1,0.041452790348178156,19.109494073756434,40.40548045580159,889,True,1,0.041468845553799254,12.503986390622806,33.44090317740954,889,True,1,0.04263361089733539,6.894885031015559,28.360234900683064,889,True,1,0.6643178919638785,19.285025832083157,47.88498944547716,889,True,1,6867.239475699912,19.193525827347944,40.756943157255435,889,True,1,7.802940824692297,19.150349329512473,40.293955446504086,0_0_0_10_14_16,-25.0,44,offpacket_bootstrap,offpacket,4.0,4.171518207362055,2.3141838728574102
3,19,510,multiscale_only_diverse16,16,510,True,1,0.7124828714385245,12.700383019327043,41.6531817223784,511,False,5,0.00040811148085011836,-13.534413367649485,21.19425558792728,510,True,1,0.04439097346269152,12.632681583986201,41.57007544888383,510,True,1,0.04440333148968345,11.980672944431864,34.41216023372947,510,True,1,0.046152526706607404,6.336919673031387,29.330951729746193,510,True,1,0.7122845781514865,12.717123427254029,49.08096280877382,510,True,1,8567.257648061572,12.710272078813121,41.710120234805814,510,True,1,8.410765685929032,12.804702707706788,41.46731665579884,0_0_0_10_14_16,-25.0,44,offpacket_bootstrap,offpacket,4.0,4.171518207362055,2.3141838728574102
3,20,860,multiscale_only_diverse16,16,860,True,1,0.787721613511426,18.48521975299948,42.9422133226341,860,True,1,0.034055474772940984,11.782002535380878,41.5826756060316,860,True,1,0.049305377520545736,18.487768489517617,42.751600833806094,860,True,1,0.049321836111244154,12.19672908758495,35.831792063713536,860,True,1,0.050084432025725725,6.704291268984791,30.605551435294338,860,True,1,0.7874587525021189,18.53803470967729,50.27095301508968,860,True,1,9188.220339999212,18.52010448703198,43.00163240021906,860,True,1,9.294269055177168,18.402696374317415,42.55125710592371,0_0_0_10_14_16,-25.0,44,offpacket_bootstrap,offpacket,4.0,4.171518207362055,2.3141838728574102
3,21,553,multiscale_only_diverse16,16,553,True,1,0.7671446883246205,13.02108865458078,42.98794680842671,554,False,3,0.0010783874608043746,-9.797585763071513,26.58064567843383,553,True,1,0.047970651698677064,13.04130539564045,42.74242692655564,553,True,1,0.047983250156037716,12.017316400519618,35.61020172671771,553,True,1,0.04877086514393685,6.721846661871878,30.38960920208752,553,True,1,0.7669432672117554,13.03626923855335,50.3584546670626,553,True,1,10815.876769621378,13.061566277035567,42.94501834171509,553,True,1,9.034950190032792,12.990683296617554,42.83318854326589,0_0_0_10_14_16,-25.0,44,offpacket_bootstrap,offpacket,4.0,4.171518207362055,2.3141838728574102
3,22,629,multiscale_only_diverse16,16,629,True,1,1.117020526719216,3.421846466266865,11.817126076881815,358,False,46,0.01947248833262961,-2.1072876435353733,6.399855096646755,629,True,1,0.07038484869224927,2.956512226819604,11.9335465287618,629,True,1,0.09274302517901395,2.4153477690204146,6.02113300324978,629,True,1,0.2676838214089334,0.4567527486193906,5.614652811391264,629,True,1,0.8477329762266496,3.9303877330811043,17.57667576219079,629,True,1,14.283513009180703,4.035653516204048,12.851070418203747,629,True,1,14.93030700789354,3.6942789823690205,12.182355159842675,0_0_0_10_14_16,-25.0,44,offpacket_bootstrap,offpacket,4.0,4.171518207362055,2.3141838728574102
3,23,759,multiscale_only_diverse16,16,759,True,1,1.2863646992577884,0.5378201747598291,11.002748651678093,428,False,92,0.02269416763771568,-5.68306285497585,5.322507131755206,759,True,1,0.07500222967556708,0.8117356312552502,10.687277343746969,521,False,2,0.09213346260544135,-0.011479758231767945,4.3165397459596875,920,False,184,0.15583437372309628,-2.8246183511295033,1.558660672405704,759,True,1,1.0471789281756176,1.2585228987343706,17.203809184393858,403,False,2,9.283099668081467,-0.1742478098819692,11.477164646472017,759,True,1,15.549602100249563,0.6787519621876036,10.384484478242724,0_0_0_10_14_16,-25.0,44,offpacket_bootstrap,offpacket,4.0,4.171518207362055,2.3141838728574102
3,24,874,multiscale_only_diverse16,16,874,True,1,0.8102846181032284,20.77314151922848,42.623635175908106,874,True,1,0.03675972338638395,14.501829099838876,41.71068042695417,874,True,1,0.050644889778752436,20.65748781825598,42.36741221101424,874,True,1,0.05064759262523928,12.521962417563806,35.66877310141107,874,True,1,0.05178096016524049,7.18388672818482,30.483409061209137,874,True,1,0.8102413766613381,20.872488488611182,49.82763260223719,874,True,1,10236.51829583771,20.733037329296398,42.53831609254821,874,True,1,9.55324426605452,20.8043657840417,42.37976758349962,0_0_0_10_14_16,-25.0,44,offpacket_bootstrap,offpacket,4.0,4.171518207362055,2.3141838728574102
3,25,720,multiscale_only_diverse16,16,720,True,1,0.7867012661311179,16.48469427235551,42.41294518402772,720,True,1,0.014261759536708956,4.446539665832424,37.26638509588725,720,True,1,0.04905941620379743,16.523583913297767,42.21809959866435,720,True,1,0.0490721794235855,12.288339134270176,35.502433740656286,720,True,1,0.050713261117448845,7.124081841173144,30.36968515507001,720,True,1,0.7864966524113866,16.516980038151495,49.36621956038283,720,True,1,9012.476516272065,16.503821761564186,42.479203431210316,720,True,1,9.255949417385393,16.526800865781098,42.2515858911538,0_0_0_10_14_16,-25.0,44,offpacket_bootstrap,offpacket,4.0,4.171518207362055,2.3141838728574102
3,26,314,multiscale_only_diverse16,16,314,True,1,0.8088451951967421,16.586401714787034,43.00126289999934,314,True,1,0.011915411994104142,2.6868799856742314,37.051913728247484,314,True,1,0.05060124632863122,16.604339718166624,42.82419390723373,314,True,1,0.050609594424349647,12.578582355524057,35.732268393661634,314,True,1,0.05283986056711875,7.226551565519143,30.583242978412652,314,True,1,0.8087117754926783,16.609527683483105,50.21774046357825,314,True,1,10628.244781870972,16.603138910027248,43.05597323469857,314,True,1,9.507561268419611,16.529243950712953,42.75801782915511,0_0_0_10_14_16,-25.0,44,offpacket_bootstrap,offpacket,4.0,4.171518207362055,2.3141838728574102
3,27,602,multiscale_only_diverse16,16,602,True,1,0.7818981417689344,13.912157146563258,43.05772338615956,603,False,3,0.0037104383577393264,-3.6202311883476335,31.740233361180763,602,True,1,0.04878640885258048,13.932881023166777,42.57614873384103,602,True,1,0.04879689681088892,12.1121153636805,35.606064185778095,602,True,1,0.04945548238349603,6.810406544797134,30.50574164953851,602,True,1,0.7817300877399231,13.929983741805794,50.0168452713953,602,True,1,10365.314410707562,13.930980333345547,42.985568381263604,602,True,1,9.192389618818192,13.837141068619975,42.59186798104284,0_0_0_10_14_16,-25.0,44,offpacket_bootstrap,offpacket,4.0,4.171518207362055,2.3141838728574102
3,28,7,multiscale_only_diverse16,16,7,True,1,0.8311082257278599,23.68374573056917,43.06819692049611,7,True,1,0.051563187948637276,23.22817340673292,43.76942396937308,7,True,1,0.0519080459035851,23.749539670344856,42.901734566467375,7,True,1,0.051912390206933744,13.172912156233235,35.77221993531114,7,True,1,0.05292352305949632,7.727478440170525,30.546851010815217,7,True,1,0.831038674196256,23.814378867777446,50.375380735425836,7,True,1,11864.094837199624,23.60597936918485,43.07313602433089,7,True,1,9.821523842615358,23.659532092807343,42.93900661499976,0_0_0_10_14_16,-25.0,44,offpacket_bootstrap,offpacket,4.0,4.171518207362055,2.3141838728574102
3,29,610,multiscale_only_diverse16,16,610,True,1,0.7979376036695704,14.852369205910064,42.895713408349806,609,False,3,0.00500439301147072,-2.243327265847564,32.816345154901846,610,True,1,0.04985518564895403,14.841833483286422,42.67931977911268,610,True,1,0.049862164715762394,12.347641540197252,35.706598383275384,610,True,1,0.050629432904900316,7.0185380090090685,30.53025321835885,610,True,1,0.7978259185897778,14.866058142727073,50.03015296509601,610,True,1,10825.265851045062,14.868372436279069,42.97821795307567,610,True,1,9.421406425393988,14.809859360307762,42.69771370038036,0_0_0_10_14_16,-25.0,44,offpacket_bootstrap,offpacket,4.0,4.171518207362055,2.3141838728574102
3,30,778,multiscale_only_diverse16,16,124,False,4,0.6400267222332765,-0.9154571952310449,8.998693501442999,424,False,47,0.020726557760393872,-5.11715048904985,6.30041881982536,428,False,5,0.036375100003695114,-1.0454286779267177,8.560509518307398,124,False,14,0.05363460303156046,-1.4759857345921752,3.117735381362914,903,False,70,0.15157670075991966,-2.2569928873937255,2.482515829223204,428,False,5,0.43406746224211373,-1.0485309194162213,14.241891692453699,778,True,1,13.87490124479577,3.848621459117613,13.315018891071846,124,False,14,6.106730869545313,-1.8744683037089476,7.574326420344074,0_0_0_10_14_16,-25.0,44,offpacket_bootstrap,offpacket,4.0,4.171518207362055,2.3141838728574102
3,31,897,multiscale_only_diverse16,16,897,True,1,2.4062563046102383,4.366970086576709,13.93484307195408,459,False,2,0.07889833139344393,-0.44822078631124523,11.383087647458803,897,True,1,0.13921802515517157,4.097719467560635,13.690500476902407,897,True,1,0.167043973240088,2.215228127338614,7.118541629818155,104,False,2,0.4160533883148449,-0.6758143629148912,5.950374506316086,897,True,1,2.005425543030755,5.680751215752977,20.253289693014324,897,True,1,15.915022862227723,3.434481655973009,13.464251784082002,897,True,1,27.61771359166743,4.38119663683727,13.912174197734624,0_0_0_10_14_16,-25.0,44,offpacket_bootstrap,offpacket,4.0,4.171518207362055,2.3141838728574102
3,32,740,multiscale_only_diverse16,16,740,True,1,0.8219826753988038,17.54135064056921,42.64622098711734,740,True,1,0.0184962083078548,5.867459728490214,38.802086657918196,740,True,1,0.0513175775720271,17.510864316680088,42.493804145937624,740,True,1,0.05132190900938588,12.538248892523779,35.876331345410144,740,True,1,0.052214948962663384,7.275828909283064,30.623986611969528,740,True,1,0.8219133021713224,17.560082461314895,49.2405775174075,740,True,1,10384.740548036225,17.54793415284008,42.62733086857387,740,True,1,9.699847219145791,17.561924444649367,42.34399136526594,0_0_0_10_14_16,-25.0,44,offpacket_bootstrap,offpacket,4.0,4.171518207362055,2.3141838728574102
3,33,590,multiscale_only_diverse16,16,590,True,1,1.1440854426139282,2.6397029155192024,12.738635292396324,589,False,10,0.025731192027056756,-2.751750033907909,8.671362936719436,590,True,1,0.07295663746511662,2.995741799379479,13.18509661547434,590,True,1,0.09021154722573982,2.6404888968572076,6.838909340804131,590,True,1,0.24784797879609033,0.6993734348875292,6.157276104090153,590,True,1,0.9252543541575126,2.9949558180414737,18.75571620933143,590,True,1,15.464711305079028,3.4090284522715706,13.268725149345483,590,True,1,13.991966520341178,2.4447804415912646,12.702896204938485,0_0_0_10_14_16,-25.0,44,offpacket_bootstrap,offpacket,4.0,4.171518207362055,2.3141838728574102
3,34,930,multiscale_only_diverse16,16,602,False,9,0.8697956085748935,-1.8413120541518055,8.609382434084942,757,False,40,0.041030903778012114,-3.498301320523054,7.226477003444036,602,False,11,0.057256422450756406,-1.6731653685910715,8.423543994058331,602,False,13,0.08817357800488487,-1.5521941325303872,3.1381882983203395,112,False,25,0.31016902450705364,-2.858951072920873,3.570049390219096,512,False,11,0.5648107509895746,-2.2105812196889123,13.749461150687575,244,False,12,4.621382970732739,-2.1706789453236714,8.281195742059811,602,False,20,7.813227866073937,-3.3340125016549664,7.495656568433711,0_0_0_10_14_16,-25.0,44,offpacket_bootstrap,offpacket,4.0,4.171518207362055,2.3141838728574102
