trial,branch_color_mismatch
0,0.05541048118301653
1,0.06260050358519581
2,0.06536699698996755
3,0.0697501230116157
4,0.08212969479645449
5,0.05352948604834831
6,0.06097430863979992
7,0.05280900470838999
8,0.061756417992928046
9,0.040663517941734756
10,0.06891653015660197
11,0.05920959979871975
12,0.05849603119799961
13,0.06747790751829855
14,0.06393802059328865
15,0.0899784128728789
16,0.06315157353002421
17,0.06627510451875614
18,0.06763324295712565
19,0.09249465577480964
20,0.06981318897908581
21,0.06523418300771658
22,0.05835119917262119
23,0.08320231641820318
24,0.08092055792614684
25,0.046848190461403184
26,0.048308568751930986
27,0.06855056621590633
28,0.06200370004562084
29,0.0798700447507514
30,0.07637126775481862
31,0.04600716211032877
32,0.05844966863695622
33,0.0639365287532001
34,0.06068197109742698
35,0.047123244774276256
36,0.07301791800404257
37,0.050030220026119954
38,0.052067807482147246
39,0.06825194187274271
40,0.06637496927232418
41,0.08434597241674764
42,0.06244867128183142
43,0.06438857242300787
44,0.06854881247757275
45,0.04413255337916394
46,0.04905691638278794
47,0.05948235357233164
48,0.04658695507759395
49,0.04918912705733428
50,0.06402129853288936
51,0.04960955829695899
52,0.05334895077066382
53,0.05485524800158917
54,0.07633417820032501
55,0.05794889125671264
56,0.0553081040939066
57,0.06999083040110889
58,0.04145782043446966
59,0.059978720245319535
60,0.0931310240627991
61,0.04788248273064635
62,0.07103128769636943
63,0.07432526381411067
64,0.05435466236143918
65,0.08543670758151631
66,0.06609511837774179
67,0.06097333817227961
68,0.05763688735825918
69,0.05537531461113688
70,0.05260311650488968
71,0.07210002355643637
72,0.06998951042178322
73,0.08252114909450135
74,0.04261198568161816
75,0.043984249351564725
76,0.05601699941768617
77,0.07202310531064594
78,0.05662453265110105
79,0.06140308714229655
80,0.047214605349497715
81,0.035484722269696185
82,0.062383006553783364
83,0.035710635064041804
84,0.0681026792220491
85,0.05046010929925579
86,0.06942476414010683
87,0.07104080494229004
88,0.06128601523104137
89,0.046837578704323
90,0.05914999416399254
91,0.05424443703201405
92,0.051436357099588347
93,0.04498708641049539
94,0.0670686087903066
95,0.06645680426367744
96,0.048277196147023464
97,0.06304594606208903
98,0.06545667085999617
99,0.06680190866424009
100,0.07479197490046738
101,0.0526358252664631
102,0.048099110954455175
103,0.06219099473172008
104,0.05847731303412787
105,0.05889651361541938
106,0.06784280350726134
107,0.06074599990988587
108,0.05492768742307694
109,0.07668777920835665
110,0.0761824404207546
111,0.06395421653547663
112,0.05329262083205532
113,0.07539864341606714
114,0.07016819206262831
115,0.043479741890696616
116,0.07542404976050955
117,0.05869344118999425
118,0.05430296774108741
119,0.05830378869816159
120,0.06607121212465487
121,0.06141135945315947
122,0.07060870115512734
123,0.05310106381398273
124,0.050957693587172864
125,0.06988905136858319
126,0.05252069637678338
127,0.05843582849710579
128,0.0713764293138432
129,0.06903949544881784
130,0.056158869263740946
131,0.07195438607314533
132,0.05576736707438455
133,0.07349278668091296
134,0.07171983291129472
135,0.04831213880001171
136,0.0594130533831187
137,0.05023727565153885
138,0.07199897809907095
139,0.05919031825447209
140,0.06819894221592995
141,0.06495250669708426
142,0.04818993385658178
143,0.05092049847587317
144,0.05700805338831808
145,0.0721063012282169
146,0.07307102130944144
147,0.03889234222076361
148,0.07155397553039833
149,0.06416788716445501
150,0.06419955062200317
151,0.059190596829475584
152,0.06141178929962385
153,0.06444852011024513
154,0.07490352294103977
155,0.06300038683400425
156,0.08763084079736838
157,0.046715303794048604
158,0.050096131079276414
159,0.05646797938633983
160,0.06085404565033266
161,0.06207199372452598
162,0.06398620673493438
163,0.07420515155046814
164,0.08823598439419648
165,0.05607990842887173
166,0.07350477955354522
167,0.06267327024261801
168,0.08433210703941169
169,0.06256424099119269
170,0.05507823888469899
171,0.08229998788241515
172,0.05739392965323233
173,0.05713874191853603
174,0.07488671278133072
175,0.07279629653757348
176,0.06331486812865812
177,0.061749420167381705
178,0.04376813585604739
179,0.07295534608649243
180,0.062434283492439784
181,0.041289056984927124
182,0.06404825442182033
183,0.0807045955473304
184,0.07226945611689473
185,0.049380518188706445
186,0.039921626448944425
187,0.05749691696020627
188,0.04263972914877368
189,0.06689493365522996
190,0.06509753906897625
191,0.044724541280548875
192,0.05386269497020667
193,0.037495657781380996
194,0.07965413597041589
195,0.05240507007446205
196,0.07757935180673811
197,0.05736099105784345
198,0.06659358905887584
199,0.07111429443895675
200,0.045323708299225045
201,0.07195979972711815
202,0.06519374436749187
203,0.05529497661889301
204,0.05643792404620282
205,0.07143534733465152
206,0.05428321718810554
207,0.0603317085851647
208,0.07225530126215383
209,0.04605854896815424
210,0.0633339434849001
211,0.056672272911946646
212,0.054099941791827956
213,0.05379985941251305
214,0.05750039014827416
215,0.04547255343945349
216,0.05759270012171793
217,0.07328810115987339
218,0.05969893839823107
219,0.0636821218714145
220,0.08440113876624658
221,0.05110850377079284
222,0.05823824514010936
223,0.04724292031992001
224,0.06339709033762737
225,0.061628346960889285
226,0.05088431779483616
227,0.06140694885847911
228,0.07404692585302013
229,0.06664373374358776
230,0.06529183089469848
231,0.042415571176951224
232,0.08185237216501225
233,0.04632676700531823
234,0.07050220017980074
235,0.06735217009161842
236,0.06343323974750409
237,0.03954720510340637
238,0.07499282529546816
239,0.06672349531935194
240,0.08597612630822497
241,0.06542095454602218
242,0.05154803358429434
243,0.04752619970849667
244,0.07266008729996717
245,0.07111340615192348
246,0.07680361946236777
247,0.06969707387072116
248,0.059067266248388484
249,0.08062015996024467
250,0.07392931267765589
251,0.052077221825739185
252,0.06609294273312342
253,0.04530276351633246
254,0.04397178974845316
255,0.06217319105108469
256,0.04792358260555641
257,0.055190980376748945
258,0.05043860453278552
259,0.0611222144768137
260,0.07548089031382545
261,0.07393484956428459
262,0.06755304336496094
263,0.06821433554287447
264,0.05956523961899122
265,0.05150544830760137
266,0.04985694873188691
267,0.04920541176180534
268,0.05009560682624524
269,0.07452698018959089
270,0.04405460528323488
271,0.07362629822001426
272,0.04068175697903822
273,0.052698077293632205
274,0.058034692603509325
275,0.06995733964735687
276,0.044309733944229025
277,0.059371000697685576
278,0.05841590087472723
279,0.05976282060949421
280,0.053029775761561745
281,0.04658909499845072
282,0.044539344798817576
283,0.0670245543700861
284,0.06355688569768318
285,0.060168574998793356
286,0.05155467296314392
287,0.03958969053400961
288,0.08387792992269806
289,0.07042300078363238
290,0.05050294238090764
291,0.0479395991179086
292,0.06051836923314552
293,0.06501321910284938
294,0.06209450318744298
295,0.08103307787848227
296,0.06659263610800363
297,0.07768392104975377
298,0.051679283132448454
299,0.06352913830964521
300,0.06966213669895714
301,0.0608489794108218
302,0.059864506976995094
303,0.057531068498500385
304,0.05886914571381605
305,0.054958848266247626
306,0.0503651131817289
307,0.06462386953483093
308,0.06225428092816821
309,0.07999220647074504
310,0.04743954432203917
311,0.061362053845725344
312,0.05468856141484935
313,0.05571295185210882
314,0.06369565923463746
315,0.05406938144016976
316,0.06675652289549087
317,0.0453794734022415
318,0.04669775851160662
319,0.05575108604512735
320,0.06980248415303941
321,0.057001736291386086
322,0.04032517730773488
323,0.060770003029807354
324,0.05719718478867442
325,0.06753349545347376
326,0.04612401991788162
327,0.08112617481329737
328,0.06688997157838368
329,0.07434346836307383
330,0.05649104489184072
331,0.053613266819790936
332,0.0701023937246898
333,0.05562524623097489
334,0.04255305083908796
335,0.07721005817926445
336,0.05459388170688045
337,0.0792710514060351
338,0.054105215166169465
339,0.0652450107482603
340,0.053035564701734136
341,0.06186660570015967
342,0.061524647778966796
343,0.055489715611114675
344,0.05880472532924549
345,0.05572555029626857
346,0.05391901320414262
347,0.055851816954926685
348,0.07131546597192273
349,0.055393388769548406
350,0.0635043177486511
351,0.057384925005198595
352,0.08287635678550617
353,0.06449578409900204
354,0.069300020960167
355,0.054105011564080915
356,0.0437998912726454
357,0.055713777437857014
358,0.06593471862373389
359,0.045560744821467644
360,0.055354807654565144
361,0.06644855555116987
362,0.05448518553412945
363,0.0660498732601387
364,0.05955175009225873
365,0.048686463258663784
366,0.05543564519377419
367,0.06279489056545144
368,0.06254696938463579
369,0.06657202352369815
370,0.08107243367659023
371,0.07592264564026194
372,0.06798809158386267
373,0.03891250112222476
374,0.036516031619820956
375,0.06842332829097367
376,0.059016734780540654
377,0.06519143375005773
378,0.05693818951480873
379,0.05979853155284201
380,0.07800805573692761
381,0.05168497175675766
382,0.09354147169578658
383,0.041598917703702866
384,0.07382655820711861
385,0.05202440909414944
386,0.057361988483979796
387,0.0568326517656124
388,0.043064884614450405
389,0.061930133904336236
390,0.06659274976531285
391,0.07077241285736771
392,0.04698087443697534
393,0.05575620676025445
394,0.05112817457321605
395,0.05806725770073834
396,0.061480054963572096
397,0.07443289789544907
398,0.051334575273044476
399,0.05225071564689368
400,0.07079809638741398
401,0.06999324824714098
402,0.06886795206279672
403,0.06734451000811256
404,0.07304488032795524
405,0.06257177579002897
406,0.06914294937598812
407,0.06373301980680608
408,0.04907002627834163
409,0.0532301218677359
410,0.07246279585159397
411,0.06624078647969563
412,0.057984860061260565
413,0.04978946605540808
414,0.03876375275664072
415,0.054249441761879486
416,0.03966537994817698
417,0.038839597085679814
418,0.07376745762125471
419,0.06743304639976132
420,0.061897920705923856
421,0.05166234333489092
422,0.05840096407804509
423,0.04169287019617088
424,0.07063958858638571
425,0.0686598294441529
426,0.0519926604409335
427,0.05605428569171855
428,0.050629285337332006
429,0.07096429202283971
430,0.0498994097383671
431,0.05052568045093668
432,0.0688626340775566
433,0.07709557818743357
434,0.05511830615985844
435,0.06198228984340303
436,0.05856687385201034
437,0.051218518743717606
438,0.052568147615207825
439,0.05349515621021803
440,0.07023551180456061
441,0.07120753783917919
442,0.08882097771875744
443,0.05433667446498831
444,0.0665919022567462
445,0.06460910206668746
446,0.06643645530489807
447,0.041656012413582105
448,0.06066700826570251
449,0.06409583852408625
450,0.061759874192142405
451,0.07151150317589493
452,0.07408148564899597
453,0.051644862150405896
454,0.04456101728354781
455,0.053905141983293034
456,0.048490132805472944
457,0.058210736457998395
458,0.059725741105134074
459,0.07872808486975524
460,0.045771168627372585
461,0.0581246761982089
462,0.04863513688928905
463,0.03618378925841593
464,0.05329097125635371
465,0.04068031278837898
466,0.054863451865602125
467,0.05502064898312832
468,0.047485776139747804
469,0.05905077767895002
470,0.05963108081541071
471,0.0627615939538485
472,0.07000579145356442
473,0.07301933911580898
474,0.06802779132695701
475,0.048379449633424366
476,0.05717899141884012
477,0.0544931324704367
478,0.055341414466083885
479,0.0630723526607743
480,0.08063514794749228
481,0.07208093377127067
482,0.05928169829956183
483,0.0502082071171159
484,0.06415165867890135
485,0.04758657509702253
486,0.06717694381678813
487,0.052862732733858574
488,0.07849499941528404
489,0.06458105796394462
490,0.06868881447519913
491,0.08496990616431117
492,0.056974490164203674
493,0.05995170971185475
494,0.05922002318946306
495,0.057204436609464906
496,0.09186935028343976
497,0.06547309390010993
498,0.06049873751889382
499,0.0448477573432858
500,0.07011325003668493
501,0.07089045305292614
502,0.055631129811193704
503,0.07371820134837465
504,0.04123320609152182
505,0.06750591790709959
506,0.0736967866744388
507,0.05938836117525248
508,0.0647292197463522
509,0.03881891023700939
510,0.08437345156293459
511,0.054560177770807294
512,0.06942546576474187
513,0.045591184601577454
514,0.08467613774668933
515,0.07600888600513517
516,0.06096040156329395
517,0.07491484037584503
518,0.07318996269363123
519,0.06199199393678029
520,0.049188006130715806
521,0.04304500350898277
522,0.0725713676452739
523,0.05742150412879903
524,0.05813942940499506
525,0.07603003678553759
526,0.04741976806077426
527,0.0662845185820402
528,0.05793076038006959
529,0.060334282904500006
530,0.05469347257813878
531,0.05961057307446098
532,0.061136771382576234
533,0.06087851086527675
534,0.045002072167242994
535,0.05946346263066007
536,0.06380606668202526
537,0.06159357221146817
538,0.047882644851943997
539,0.04682375361778084
540,0.05897837456356374
541,0.06732556272020629
542,0.03905288760490058
543,0.061436982356747084
544,0.06791436158800648
545,0.062537167732663
546,0.04752541459939126
547,0.06581076144651642
548,0.04812085744754041
549,0.07256520344805151
550,0.08234977248234807
551,0.06302733049208879
552,0.049127364466797246
553,0.051777419610461596
554,0.06919488261322997
555,0.06857886655013404
556,0.06581882454329474
557,0.06712013840388334
558,0.06256730905712274
559,0.04020301669943909
560,0.04620250411625631
561,0.059190384240277796
562,0.04414769519175516
563,0.051860414477412
564,0.061947361335660554
565,0.08250667939211323
566,0.059676884927536075
567,0.06045060426461931
568,0.06542436473053917
569,0.07232466503399337
570,0.06039657889738517
571,0.06748026032816469
572,0.07254588091291683
573,0.061408324610036126
574,0.061517431425335604
575,0.05804264441201951
576,0.05499457548236201
577,0.04948809978899652
578,0.07435688907630937
579,0.0576060369134525
580,0.06500325023242177
581,0.07156152562161794
582,0.05272513674404323
583,0.05209301196502488
584,0.06130108347482231
585,0.05270112908697466
586,0.059012441855694604
587,0.05963712771346129
588,0.07954687792199874
589,0.039198046352236636
590,0.0639387235210956
591,0.06394613871261673
592,0.05618879673390886
593,0.061931017818035984
594,0.05307145782290694
595,0.07184425401057644
596,0.07489092024272133
597,0.05023603312753119
598,0.04847233191649931
599,0.07133360163523911
600,0.07345922215162638
601,0.059698377234384835
602,0.039475131652584476
603,0.07583686679571085
604,0.06019831169078162
605,0.058650195617803685
606,0.052180089187321976
607,0.08510819244534691
608,0.05512417704918559
609,0.04807817806905739
610,0.06255074638977443
611,0.03766654598057743
612,0.06687417535229481
613,0.059244761932468824
614,0.04739408396018734
615,0.05288579445845921
616,0.07628368477724179
617,0.04070519546589916
618,0.05944775758054652
619,0.0553776960855918
620,0.053868184314205744
621,0.07873646398818902
622,0.0742567793143952
623,0.07211315249533419
624,0.06670776979565285
625,0.06854987180786012
626,0.0811703908506886
627,0.06192996673259715
628,0.06350240791976879
629,0.05923932078051803
630,0.0657255875038848
631,0.06942818927130542
632,0.05094527545980758
633,0.060937058155215516
634,0.04980232665837823
635,0.08964883801184215
636,0.05772399090370235
637,0.05549274514398685
638,0.07769169468625252
639,0.05036872987314139
640,0.047860408042893134
641,0.053108110712795
642,0.04757043087053723
643,0.058440098257374
644,0.059351121851681565
645,0.06202018832950843
646,0.06384007045989482
647,0.0728395540227508
648,0.06328925970616321
649,0.05949652993092467
650,0.058730762600484224
651,0.0753312728075087
652,0.06212607681339087
653,0.058846855765219544
654,0.06670345233195335
655,0.05406133188146711
656,0.06695012191966943
657,0.04576773936619879
658,0.05455244437807378
659,0.06505737140142241
660,0.048423216867554915
661,0.05456813120670293
662,0.06138305548697974
663,0.05120198206998941
664,0.06948732172000047
665,0.06913170030087619
666,0.05800591871487215
667,0.05335540766190082
668,0.040562513088445225
669,0.06538952037897168
670,0.0739271059210449
671,0.054078922440873624
672,0.052130855534649564
673,0.05248917995670474
674,0.04918862772813898
675,0.07409686334328554
676,0.037837793940184876
677,0.06289085935593663
678,0.04730128597307113
679,0.07130412262528477
680,0.04801636377361862
681,0.07079029450851204
682,0.07196883789983231
683,0.03838115884516629
684,0.08596753458987087
685,0.05230089609831438
686,0.044888009994299934
687,0.06691641350794136
688,0.04929816959269353
689,0.1015940739343568
690,0.07065512706390605
691,0.049157669932477714
692,0.06417365855316379
693,0.03349510319671743
694,0.05970153251893063
695,0.06426467725624843
696,0.05127251777497085
697,0.06471783274762849
698,0.07330944559980997
699,0.07855380729833913
700,0.060950394963274465
701,0.05693256604258544
702,0.040619754116153595
703,0.05991268263529583
704,0.04608342591047122
705,0.04617997106617201
706,0.04996014980250079
707,0.06396075191660781
708,0.061361472072672354
709,0.07316778019966334
710,0.0848405881316128
711,0.08981342608997818
712,0.06059120595850977
713,0.07663821967603153
714,0.04008451973765746
715,0.06568722208755151
716,0.06928462803459441
717,0.06342304042008551
718,0.04607816056013418
719,0.06251927198060614
720,0.06932956997250597
721,0.05505357167968129
722,0.06703922056540323
723,0.057700145996981624
724,0.066761861174836
725,0.05266586619045801
726,0.06248951919981619
727,0.0675709098740821
728,0.07956955944400479
729,0.06704469854027169
730,0.06613621141896982
731,0.05981305308254199
732,0.07703116536894658
733,0.08284600594608889
734,0.05725502997470952
735,0.05985521577938286
736,0.05194105394710936
737,0.07327826475007165
738,0.05857103522806882
739,0.06894445990791898
740,0.049010618263351596
741,0.06792474363013508
742,0.08282366479029309
743,0.05440419580768733
744,0.06273795261410013
745,0.06916067854007103
746,0.04799519612253357
747,0.08152568099935344
748,0.05926322336412642
749,0.06235891037832513
750,0.06948920105252279
751,0.05463362281432123
752,0.042949627658735556
753,0.07074446214475034
754,0.05544869498406854
755,0.05764346794495099
756,0.05175010570663933
757,0.06696750205785576
758,0.05137412277577989
759,0.05246189291072329
760,0.03086644070280259
761,0.08580082525350766
762,0.0662631546751359
763,0.07355567607935033
764,0.0669182402578002
765,0.05761957228401107
766,0.06208255984471022
767,0.09084868045224584
768,0.07309952195007952
769,0.07623105361196447
770,0.06490733881876926
771,0.08189929877141823
772,0.06489807154426383
773,0.06320326759125237
774,0.05854946783511923
775,0.05918784822359491
776,0.05913459851737086
777,0.05805452984768758
778,0.06351918934595369
779,0.05729145908843311
780,0.07735420315714384
781,0.06293708412637726
782,0.053612661213833165
783,0.06731522785880766
784,0.04498055227635146
785,0.05752248463355033
786,0.0855346709026966
787,0.0714569884222133
788,0.07656061538498825
789,0.047718818538501157
790,0.07650181680512276
791,0.05967864829570289
792,0.061755320389657836
793,0.05990613119391368
794,0.048187678565228355
795,0.05368347232667344
796,0.05973855444107927
797,0.057717461256783106
798,0.06363826051691394
799,0.04885623046035301
800,0.07475348571561594
801,0.05632777877716096
802,0.05428449983513131
803,0.06535659385599696
804,0.04434722925838605
805,0.06749861806059385
806,0.06012713883321029
807,0.0507089268915776
808,0.04610561619687199
809,0.0590335828517009
810,0.06346839555097195
811,0.04851746682837175
812,0.05793636861852736
813,0.03950307905530465
814,0.04750785696434221
815,0.06696625836359901
816,0.057798636866509316
817,0.07893917707660394
818,0.06893025783342867
819,0.052068292249529316
820,0.06281515408082969
821,0.04140101411457929
822,0.04947254783530664
823,0.0681145356513072
824,0.04912614209333328
825,0.06857833833282878
826,0.06215154447720833
827,0.05157130112215188
828,0.05669425846095141
829,0.055845930213178976
830,0.05678139180354654
831,0.055018942297111205
832,0.07191824909135239
833,0.058010639404939626
834,0.059012126639150994
835,0.055251196588119326
836,0.08109416002166846
837,0.05958589679732815
838,0.0590396066070379
839,0.07373719639147683
840,0.04969209067659232
841,0.05399049886958732
842,0.08414514848673038
843,0.06776122399086913
844,0.06265173240222553
845,0.07411182789542428
846,0.055801245157922154
847,0.0599531848751212
848,0.0486309895532359
849,0.05568399789620456
850,0.03743361188160657
851,0.05401637121258169
852,0.05265531572756092
853,0.08385512001098201
854,0.043061755752636356
855,0.08564316556748813
856,0.05785388993406876
857,0.053945776302689916
858,0.04721684343546114
859,0.07660432898532041
860,0.053481312010745595
861,0.07529513440862994
862,0.05988788502179452
863,0.0724229673082832
864,0.061590772108956825
865,0.07180974713826846
866,0.06782903243511262
867,0.06391552050890885
868,0.08627899695047465
869,0.05921546432155972
870,0.07650364722505501
871,0.06029143363985685
872,0.05586514302793204
873,0.060468286747215924
874,0.05817409365545831
875,0.055795275011702845
876,0.06378948316091983
877,0.06172661785957538
878,0.07936165888105451
879,0.07711337247568496
880,0.06523918836091756
881,0.06419283559939584
882,0.058983058708810085
883,0.04882589413606905
884,0.05501662033438263
885,0.06683011319106617
886,0.05466984082030283
887,0.04462382151448867
888,0.060058040507358766
889,0.06365373274932584
890,0.05413414633872019
891,0.048559242528245956
892,0.05262098934968037
893,0.061001659627872996
894,0.07459019639072693
895,0.059805694577629076
896,0.06767684477778226
897,0.05302104859744693
898,0.0833481544395553
899,0.08085905599981623
900,0.05049996662394367
901,0.05438126744106611
902,0.07842748139884209
903,0.06077322474390264
904,0.09519991232780124
905,0.05701383589149345
906,0.06344085156948379
907,0.07009960550116426
908,0.04717414831517956
909,0.05401793967425348
910,0.060491664166372326
911,0.0719236607090336
912,0.06417298730251352
913,0.07538077639230369
914,0.058504418048570435
915,0.052708214150500844
916,0.06665987805190743
917,0.08401584305274033
918,0.04978398147791888
919,0.07372712341003594
920,0.062025398599296885
921,0.06773462420003179
922,0.05636101390940503
923,0.05463528400960403
924,0.04475969128111202
925,0.059134065618374934
926,0.07689231238666656
927,0.08152527538894969
928,0.04913300992616962
929,0.05752462774194568
930,0.09043658963553308
931,0.06079809418297047
932,0.030466015201146782
933,0.06593092299940019
934,0.08036847395794618
935,0.06045572368725546
936,0.0680031011515364
937,0.05072454408183914
938,0.056888734540468465
939,0.06725377310896101
940,0.049429689582329156
941,0.06649720541749655
942,0.0584968719452117
943,0.048737814917881844
944,0.054533491704668396
945,0.0676931800961561
946,0.05836944719862331
947,0.07181446575963574
948,0.03646687258864495
949,0.04367096089074305
950,0.07403965895405747
951,0.058873604069103115
952,0.07886840471703571
953,0.04986981400548806
954,0.07545136882196399
955,0.05680450249630747
956,0.05568961613539736
957,0.07033697273942166
958,0.06365088073683701
959,0.049918383907437795
960,0.05419967919844884
961,0.056375636737256964
962,0.06169257386644238
963,0.05733243394992582
964,0.07461252449443166
965,0.1021431703736038
966,0.05769877119371469
967,0.05283189336890945
968,0.06628549727998927
969,0.06474406070304055
970,0.07017768993792875
971,0.061626047336532895
972,0.05845446705350664
973,0.06657347869419805
974,0.04614628039213277
975,0.06146074056274306
976,0.06494141410573565
977,0.07546013792069158
978,0.04527780303691458
979,0.07242527515303557
980,0.05126576779325963
981,0.05602625338219425
982,0.07071447229397552
983,0.05093222069544501
984,0.0662821666550021
985,0.039786557205835446
986,0.0587067941634639
987,0.06590211484626504
988,0.07542413152113664
989,0.06075953003178921
990,0.0645181934309579
991,0.06277914962686604
992,0.05090231783257059
993,0.06408536260914996
994,0.05662267157898185
995,0.06882957697563792
996,0.05133532507168758
997,0.059600055117872926
998,0.0575260674071274
999,0.051162426810688506
1000,0.06916062390119479
1001,0.06153248117716815
1002,0.05205999942692998
1003,0.0836056038535239
1004,0.04803467908509406
1005,0.08601192175438364
1006,0.06691029830470356
1007,0.04937591729576012
1008,0.07200942026990274
1009,0.05732291048840404
1010,0.06829948631346774
1011,0.055281124968290254
1012,0.0657115392800846
1013,0.054626732945166095
1014,0.0509557378897841
1015,0.044045923036290985
1016,0.050786044898759035
1017,0.06271108378286867
1018,0.05892604934789083
1019,0.07214618659769671
1020,0.042535419638361625
1021,0.056985644923443386
1022,0.05645663946687216
1023,0.07276275738185561
1024,0.046137985831489876
1025,0.05239799763283112
1026,0.056116921530846874
1027,0.09398296205908704
1028,0.06723762744408936
1029,0.07423830693841368
1030,0.03299030997435127
1031,0.04677760418866628
1032,0.06794799334401225
1033,0.05696676757759774
1034,0.06241520471271682
1035,0.061421917424617015
1036,0.050534108940283845
1037,0.0652691298411315
1038,0.08286143452133764
1039,0.06931887008003322
1040,0.08379983734827581
1041,0.051119475207037295
1042,0.06504942538742771
1043,0.05555562872510685
1044,0.041112956983119536
1045,0.047436918933688475
1046,0.08313570590670477
1047,0.07199300659982727
1048,0.06775844721255392
1049,0.06790409036726448
1050,0.045522844155888205
1051,0.05555005493865442
1052,0.06572220402524213
1053,0.0853004935044911
1054,0.064035202882332
1055,0.06119549777188441
1056,0.04840100456732277
1057,0.057449430967766134
1058,0.08539357464514666
1059,0.07820264548449686
1060,0.06138270049538658
1061,0.04430772730528699
1062,0.06333004784799705
1063,0.0611565343167002
1064,0.06927413288066213
1065,0.05691135103027423
1066,0.05339396698755518
1067,0.05702834977679892
1068,0.06913788941820914
1069,0.0548706563367002
1070,0.05249359461104756
1071,0.05274475083983455
1072,0.061964568257614636
1073,0.06018130199643029
1074,0.06373254201324063
1075,0.06142184507317231
1076,0.05980985820000326
1077,0.058805865119890964
1078,0.05956489708813444
1079,0.07009842739520322
1080,0.05575439271061179
1081,0.06832347718127965
1082,0.05052599051458247
1083,0.058153168156496196
1084,0.06540294061729346
1085,0.06655709168938158
1086,0.038981298635780204
1087,0.055446365135116596
1088,0.06545467506913896
1089,0.07254399157370314
1090,0.0660314800773785
1091,0.03942567948860851
1092,0.0826851573030779
1093,0.07047762021340354
1094,0.07975096904461489
1095,0.054864559280753566
1096,0.072197665100448
1097,0.06961688077654354
1098,0.06676862697145511
1099,0.05631173158558228
1100,0.04406599115602345
1101,0.0797877575149528
1102,0.060568177354198546
1103,0.07464930064292924
1104,0.06684845043156198
1105,0.06784547849977154
1106,0.05636683219260031
1107,0.06597172228568952
1108,0.04791818814770112
1109,0.0709048057721994
1110,0.051567622625915605
1111,0.052011598402072964
1112,0.055735853106587914
1113,0.05444820667232619
1114,0.057314037746385056
1115,0.06116962143441869
1116,0.06157587953462024
1117,0.05545595705783885
1118,0.07425971488418426
1119,0.04853475283638967
1120,0.06304748350422945
1121,0.05567550850889589
1122,0.07218892831489296
1123,0.07869328921332581
1124,0.0472419364733186
1125,0.059330936834320856
1126,0.05681793068212839
1127,0.07214504542931399
1128,0.0698063092278244
1129,0.06592679979944306
1130,0.06351714509844086
1131,0.07736444645470168
1132,0.044292864481419815
1133,0.06403112210315623
1134,0.06010205673187819
1135,0.06500378173255054
1136,0.07834556344326592
1137,0.0616625967484758
1138,0.06124262705962242
1139,0.05073074304560164
1140,0.07467613972388075
1141,0.060893910644034856
1142,0.07633541716667794
1143,0.04084102705855105
1144,0.053801940747979254
1145,0.06860105857461347
1146,0.048829040798258234
1147,0.030852811929464492
1148,0.05560515539663219
1149,0.04908967181135623
1150,0.05779320675777939
1151,0.07215855340490304
1152,0.06226416635917944
1153,0.039525719870744644
1154,0.044243867303656204
1155,0.053171007344383577
1156,0.04613528738197369
1157,0.03653675280046979
1158,0.06657100770287687
1159,0.08614223565517613
1160,0.048944427339459286
1161,0.05437175576384411
1162,0.0571826549703984
1163,0.07887868089042685
1164,0.06269525943294854
1165,0.04885709698684527
1166,0.07772370563570705
1167,0.05501986881059538
1168,0.042002647656622025
1169,0.04675368250879258
1170,0.056295797806586376
1171,0.059128509028593505
1172,0.059501618102625796
1173,0.06924494665346058
1174,0.05673616766542593
1175,0.0680072577809835
1176,0.04430878734530838
1177,0.05777220171555249
1178,0.06679160143748683
1179,0.057131198052827764
1180,0.06594068037834318
1181,0.07614941840891891
1182,0.04594609641201341
1183,0.03897702391694691
1184,0.06519028418601551
1185,0.06851038336138675
1186,0.06223821997499451
1187,0.0471434291177682
1188,0.05838684767060875
1189,0.058275326968410514
1190,0.07185351946268248
1191,0.06782460927257355
1192,0.05922496288567969
1193,0.058725343572712925
1194,0.06622599557162916
1195,0.05034744072671052
1196,0.04951456470298649
1197,0.06713180712334707
1198,0.06643574540810183
1199,0.06560825509857643
1200,0.0711314919680732
1201,0.06403780343816248
1202,0.05568792676821325
1203,0.06956339923819178
1204,0.05779435875431136
1205,0.06421952042613172
1206,0.07096055378385258
1207,0.06938134323123141
1208,0.06724861432404562
1209,0.07450826669191606
1210,0.0737109740708073
1211,0.043360660213485176
1212,0.0614316316362785
1213,0.07059788559332442
1214,0.06885687570039857
1215,0.05823527277248177
1216,0.04996576710454056
1217,0.06043769575668285
1218,0.09247461437820197
1219,0.0877947621189151
1220,0.06334346054626856
1221,0.06489454884707785
1222,0.06309666669222534
1223,0.06050226054438255
1224,0.07380017988064966
1225,0.06327518904425662
1226,0.05757655720446756
1227,0.07357317285717513
1228,0.07070710263686306
1229,0.06538028832163816
1230,0.05745105792959914
1231,0.05390874300930674
1232,0.07186445532262035
1233,0.05174648063208524
1234,0.06872245084469249
1235,0.06654063764475379
1236,0.05885166264663516
1237,0.0625374926295993
1238,0.04496266287388542
1239,0.062373346875560294
1240,0.05230099123589748
1241,0.06427227689233284
1242,0.03577093164453797
1243,0.05555901149108487
1244,0.05913230738515328
1245,0.05604623845445715
1246,0.06878258659236587
1247,0.0723206760321806
1248,0.0648976265216362
1249,0.05378549361092523
1250,0.056993666067718704
1251,0.06986087245594048
1252,0.07110880950240053
1253,0.04415996472052758
1254,0.06901757906777735
1255,0.06718306398394744
1256,0.061896420138529785
1257,0.04837073192792331
1258,0.06273253486686103
1259,0.06279412482522437
1260,0.05461932948647133
1261,0.05296283248089476
1262,0.06061384034646259
1263,0.07130964430678631
1264,0.05715649603343746
1265,0.05116944387419917
1266,0.05069592218539719
1267,0.06573997608559194
1268,0.06154113543468903
1269,0.05697700204111893
1270,0.05661498075305302
1271,0.06187077965763391
1272,0.036716269242252665
1273,0.050677333325212716
1274,0.06389587894183152
1275,0.05934864113295549
1276,0.07106528636141754
1277,0.04445569534156484
1278,0.06359836775760477
1279,0.07250518961737704
1280,0.0728018512994899
1281,0.06590945429421997
1282,0.06433710908007326
1283,0.0627337806208373
1284,0.055395636994286256
1285,0.057863385177791736
1286,0.07006260693396087
1287,0.0646883051466605
1288,0.05435633986819451
1289,0.07108410510590296
1290,0.06723707817786645
1291,0.05732927489488571
1292,0.05252282855762223
1293,0.05938200916110864
1294,0.08670009185245107
1295,0.07362989665034626
1296,0.05802842813017747
1297,0.059625923853829726
1298,0.06521366502130513
1299,0.06100232656019967
1300,0.06209463149139775
1301,0.05467566389990791
1302,0.04842940982127849
1303,0.06711001022336152
1304,0.06378228885196605
1305,0.048282088605796636
1306,0.07160037924028778
1307,0.05936701395191943
1308,0.05555161273908451
1309,0.05775080124211597
1310,0.06497640352464304
1311,0.06077459329429007
1312,0.05238936898315113
1313,0.05577194190857106
1314,0.07600528890779132
1315,0.08271071430541861
1316,0.08134566565203614
1317,0.0663648228797188
1318,0.05267435114174239
1319,0.06014670210814952
1320,0.07093662747749495
1321,0.041601781376721755
1322,0.05637941270666915
1323,0.06953959239469044
1324,0.08499265178726564
1325,0.0776318115900922
1326,0.06829360010304815
1327,0.09446829392072441
1328,0.07363893399043943
1329,0.05522875834778513
1330,0.060965549526565826
1331,0.06377148445604866
1332,0.07120513230910966
1333,0.06245765946776402
1334,0.067984629126861
1335,0.06352023738829685
1336,0.06676056040797243
1337,0.05029461542433907
1338,0.047399731592845516
1339,0.06013994445641743
1340,0.059369747513487725
1341,0.04290406975127006
1342,0.04789484460824343
1343,0.06065626491874815
1344,0.05608545210958845
1345,0.0784086447920771
1346,0.07698452359121508
1347,0.046739498302280136
1348,0.08579951356477654
1349,0.06741670175575164
1350,0.06362017550389194
1351,0.08309313872432081
1352,0.06797484317986008
1353,0.057146128847455416
1354,0.05581666885154961
1355,0.05958703761559905
1356,0.07079967392380601
1357,0.04761716570583173
1358,0.05468861070269291
1359,0.07114972319666112
1360,0.06054847412761306
1361,0.041317128593931336
1362,0.07239242852015579
1363,0.0650989992328477
1364,0.056458620186866613
1365,0.05928296259186561
1366,0.049921509246312404
1367,0.0595315885776741
1368,0.04703027678784873
1369,0.05383866996226675
1370,0.05030414701262043
1371,0.048756223304128064
1372,0.056545556552378674
1373,0.05702934400910215
1374,0.05507681562520869
1375,0.06082524834744597
1376,0.08208236405672717
1377,0.07403294150346594
1378,0.06975630771727807
1379,0.06551726614028751
1380,0.056159641343253484
1381,0.0713123525630587
1382,0.056314072127216834
1383,0.07689912863760463
1384,0.06130648111872668
1385,0.06823322857348253
1386,0.05930832436139661
1387,0.05218563431272444
1388,0.0720020345937704
1389,0.07439832686779077
1390,0.05948167991807302
1391,0.05852773543489509
1392,0.062483813599302274
1393,0.07754252949128274
1394,0.06960813942762799
1395,0.07045075484197622
1396,0.07663613698483634
1397,0.08516108357525393
1398,0.056012047096084414
1399,0.06346320433687895
1400,0.0695680905932903
1401,0.042005948039066446
1402,0.06452153093672387
1403,0.046533783452952476
1404,0.060370718035897865
1405,0.05068513975248392
1406,0.08404513208554829
1407,0.06764930618984481
1408,0.04684689317577417
1409,0.044895804001376265
1410,0.07028378715392798
1411,0.07228647417503137
1412,0.059233435089520496
1413,0.07143498059863075
1414,0.0695747636183041
1415,0.0639418619810836
1416,0.07187531880686142
1417,0.052086285379685335
1418,0.06816684650803907
1419,0.04609645760863904
1420,0.0635008965097185
1421,0.05312036867083918
1422,0.08009403671388783
1423,0.06254837836526772
1424,0.030812842438976435
1425,0.057100950166461564
1426,0.06177161822303746
1427,0.05107113321896186
1428,0.054374350321411136
1429,0.047098238063524166
1430,0.04501685225058118
1431,0.07790025714612549
1432,0.067575679542332
1433,0.06611442922384467
1434,0.06000830084196953
1435,0.06921012910693965
1436,0.062229753958207616
1437,0.0747353977147695
1438,0.06636309043241377
1439,0.05498974802865943
1440,0.05885748449267269
1441,0.08095370967078619
1442,0.05170476368020324
1443,0.058960774875340884
1444,0.07512464788176226
1445,0.06341494996090245
1446,0.061906590088271304
1447,0.06863034652119818
1448,0.08392813783726369
1449,0.0550338827098284
1450,0.049925367783608024
1451,0.08233790297146086
1452,0.09193178441203417
1453,0.08250637525604035
1454,0.07106863117347528
1455,0.06428757585414845
1456,0.09038679157769683
1457,0.05422047644212744
1458,0.05235307155921329
1459,0.05871297859196407
1460,0.050770632880009485
1461,0.06559902050408427
1462,0.05204071425697749
1463,0.06827403348493909
1464,0.047044803484663576
1465,0.06795907283369362
1466,0.05762479517383631
1467,0.08901653333263876
1468,0.03553304637415815
1469,0.07257226704450803
1470,0.07598440063751813
1471,0.07818212706422589
1472,0.039693629067754185
1473,0.06736160444022433
1474,0.06740738891154857
1475,0.06408894798269003
1476,0.0589812911745049
1477,0.06941889542622798
1478,0.06263590840734967
1479,0.059909969431047566
1480,0.07295869378504295
1481,0.06078347345978651
1482,0.05205758530867199
1483,0.048506929484685296
1484,0.059513217783338825
1485,0.07467062734969913
1486,0.062157096649721626
1487,0.05616268916052304
1488,0.06405556449203112
1489,0.04642939421247611
1490,0.06093236505398238
1491,0.08766521123796454
1492,0.09211307174135482
1493,0.06687301176722749
1494,0.05021178750895602
1495,0.06924883748117602
1496,0.06790036849522384
1497,0.057755847385912586
1498,0.06464831143619883
1499,0.07155441343379318
1500,0.0493393333266623
1501,0.07875567826830263
1502,0.063885862667332
1503,0.07081287198676112
1504,0.06554007431421888
1505,0.05346484541738829
1506,0.07065757463777685
1507,0.05228191385259378
1508,0.053382202750709234
1509,0.0656100991028628
1510,0.06401692376169581
1511,0.06099551235141109
1512,0.05358838129430599
1513,0.06416801474016655
1514,0.06708751202660684
1515,0.05454694329704555
1516,0.060598756879808
1517,0.07698251730423562
1518,0.07851892921741943
1519,0.07628140798855179
1520,0.05278599361855699
1521,0.05575063235307304
1522,0.06090955325909715
1523,0.06223785524485545
1524,0.053865455247926984
1525,0.029376530425705778
1526,0.07792870403288951
1527,0.05313109503117257
1528,0.0629068246419434
1529,0.04003083791821408
1530,0.07015629881106981
1531,0.06418256326104466
1532,0.06445698605088356
1533,0.06287960949598624
1534,0.06362106493372069
1535,0.0716429383295393
1536,0.05619333308841454
1537,0.0573348199222433
1538,0.08203067042914833
1539,0.07043197750799328
1540,0.047298490749323296
1541,0.06648468314545548
1542,0.0812209916465898
1543,0.06842903344702796
1544,0.06400815585539103
1545,0.05088315876788996
1546,0.05114396396965558
1547,0.05367006266958488
1548,0.04838415878278437
1549,0.07018712158653498
1550,0.059079474601877416
1551,0.05068211374208409
1552,0.07407139128091138
1553,0.04854907249040886
1554,0.06426749325698496
1555,0.05337519757511435
1556,0.04119628699260353
1557,0.06531931526441273
1558,0.05579855007519516
1559,0.07437809272668898
1560,0.06426358215876452
1561,0.06527876313094877
1562,0.05955045645397586
1563,0.061151762829529964
1564,0.07457913997631153
1565,0.1017246637486056
1566,0.04857624168013191
1567,0.04830532139414808
1568,0.07499948780059161
1569,0.05843880264404558
1570,0.08267573706500549
1571,0.06792386984417643
1572,0.07831476610163089
1573,0.055727990417927795
1574,0.06847700644596329
1575,0.06530186121016024
1576,0.06812788085858645
1577,0.050042519323853604
1578,0.07327837646372916
1579,0.09932949616920789
1580,0.061153652003371396
1581,0.05372822354142012
1582,0.0721652097322725
1583,0.07478734981288636
1584,0.05552103221458069
1585,0.07369019447841074
1586,0.058202382629448005
1587,0.08036026726162918
1588,0.06000223555178095
1589,0.08498711633186658
1590,0.05077197715321385
1591,0.056544091286519715
1592,0.04101343208844712
1593,0.07077655661681959
1594,0.06255815764481804
1595,0.07189968475282908
1596,0.062307984725091664
1597,0.038581770962505466
1598,0.062283262223811184
1599,0.054006822786129546
1600,0.05911979293750277
1601,0.06960973634470402
1602,0.04454255428183567
1603,0.056795069944163355
1604,0.05168663316572523
1605,0.06644826310471334
1606,0.0844692778552294
1607,0.053983729518666604
1608,0.05834559114738525
1609,0.0523578707585338
1610,0.034299565467145764
1611,0.06429682318443558
1612,0.05784597934566505
1613,0.055214999257025596
1614,0.06315358739864535
1615,0.06642919505741045
1616,0.036297356642789165
1617,0.06192086011384011
1618,0.055483909344305006
1619,0.05235418237672864
1620,0.06825553940389709
1621,0.042405076766139894
1622,0.06446726900568002
1623,0.03401863191890953
1624,0.07114572724354191
1625,0.07498722772342632
1626,0.05835595753615298
1627,0.05465934300952506
1628,0.053429834628026064
1629,0.06268513505060455
1630,0.08483704199276748
1631,0.06035245081973673
1632,0.08369878518019427
1633,0.06939664099795397
1634,0.070716178123327
1635,0.04875851543883709
1636,0.048600725181990795
1637,0.07651157499686159
1638,0.05663195545276745
1639,0.053952473080043785
1640,0.0706031801207851
1641,0.049788792489593864
1642,0.04915122771166658
1643,0.05106416249794748
1644,0.07209771801202992
1645,0.05554979721504709
1646,0.051985125940853215
1647,0.05524432131371105
1648,0.050170845116666946
1649,0.060736664965884396
1650,0.043966885713180116
1651,0.04916099349627648
1652,0.053775624846574784
1653,0.050794144435060584
1654,0.06330538260591778
1655,0.05758389702982257
1656,0.053149201759388136
1657,0.07285715173884104
1658,0.05758994366527626
1659,0.07054675276347794
1660,0.06562532667176763
1661,0.0596948620007902
1662,0.05934901538863749
1663,0.05762050185830188
1664,0.06557215529368872
1665,0.06962894043325686
1666,0.05772799221840329
1667,0.06785918113582638
1668,0.05671618547865127
1669,0.05726112465395308
1670,0.06838775420885165
1671,0.06986140507556268
1672,0.04956225039999847
1673,0.06497506224592119
1674,0.048847059098435994
1675,0.03925295795456941
1676,0.03785398992596084
1677,0.06066564755207118
1678,0.05155588736776909
1679,0.08796279398070529
1680,0.07356665737790159
1681,0.06829228971623089
1682,0.07028820000048262
1683,0.08059747946016271
1684,0.04688154273776785
1685,0.05549879964702983
1686,0.05617263578028941
1687,0.06445643218970637
1688,0.08128331986544035
1689,0.06272770983023371
1690,0.061151235292219865
1691,0.0908905736036718
1692,0.06688260475837048
1693,0.05210383097561926
1694,0.05468485187422145
1695,0.06408813092271708
1696,0.05113094683944556
1697,0.05357972398575855
1698,0.04798233864913867
1699,0.03989166989240555
1700,0.05953416182958703
1701,0.04458548357734689
1702,0.06220653087947699
1703,0.05513040144509478
1704,0.05580013847850752
1705,0.045526835780359744
1706,0.08585752145227624
1707,0.0685343947817973
1708,0.06320751324119596
1709,0.06216008041198841
1710,0.059775205699757375
1711,0.058192280012795826
1712,0.06375726083396256
1713,0.04379568880904395
1714,0.06734019279081067
1715,0.06627398382208105
1716,0.07316853015098679
1717,0.0699591388783054
1718,0.05423152315111103
1719,0.05573181294927649
1720,0.05416077538879778
1721,0.0658053000773072
1722,0.054514726811477975
1723,0.07111897516202972
1724,0.0394789289455097
1725,0.062419424856387726
1726,0.05156677947972611
1727,0.06727068715504078
1728,0.06808503179081637
1729,0.06359185886124157
1730,0.0752206244791141
1731,0.0594077982523258
1732,0.052857837304104566
1733,0.07828612599859025
1734,0.06418265250912768
1735,0.08224295924603287
1736,0.06033079254168036
1737,0.059321971510846644
1738,0.0655126180482548
1739,0.05828260422769732
1740,0.06662237520883574
1741,0.05972741374812479
1742,0.06327056053670556
1743,0.06375515669527142
1744,0.06267644066927466
1745,0.07458032223069515
1746,0.061014957020563476
1747,0.061732625026919626
1748,0.052237768066252896
1749,0.06848660335618581
1750,0.0685238908255069
1751,0.039336637620861495
1752,0.060700791178894244
1753,0.0626852742368215
1754,0.07868335401327958
1755,0.07742300858105293
1756,0.056169905889786896
1757,0.06631537332283914
1758,0.07069007259352143
1759,0.0409991712621649
1760,0.05211530015629904
1761,0.0646040747376589
1762,0.05940169720319624
1763,0.050477177440675224
1764,0.06963427225130608
1765,0.051408932996890436
1766,0.05014452216282143
1767,0.05538040706096471
1768,0.04084849135497043
1769,0.05217783739478641
1770,0.0523903949117562
1771,0.06390084943189181
1772,0.05785626169291062
1773,0.0653700385449811
1774,0.07193331922604955
1775,0.055193032035058674
1776,0.05536566156966761
1777,0.0693921774235235
1778,0.06523514758176645
1779,0.059701464117105925
1780,0.07139678661156254
1781,0.053543888353393194
1782,0.06998087487573595
1783,0.058977421750435244
1784,0.05957194089292832
1785,0.059999531934172956
1786,0.06323668999940668
1787,0.06404459900180266
1788,0.049038532286065036
1789,0.07846831304697087
1790,0.07222705754851967
1791,0.04340795012780896
1792,0.057329045749155566
1793,0.06864442292449
1794,0.05903769664692994
1795,0.06742651036093573
1796,0.061089076090758226
1797,0.05714893878405902
1798,0.06667604418799153
1799,0.05097811548822292
1800,0.06034597874709381
1801,0.068209057157853
1802,0.059230312169938994
1803,0.06998052789103507
1804,0.07502921772599276
1805,0.06910853440168231
1806,0.058687112673201786
1807,0.06338492412840305
1808,0.05312881003075471
1809,0.05098348569326917
1810,0.050704730878547606
1811,0.06768085506730262
1812,0.07573259905118303
1813,0.040285111994843435
1814,0.04780926463383436
1815,0.05376721344398128
1816,0.05472284814238532
1817,0.06380634360010616
1818,0.04953189271871014
1819,0.0708135538540426
1820,0.04407176265957119
1821,0.059600741026425846
1822,0.06221071126637053
1823,0.05127636076232374
1824,0.05372748771140073
1825,0.06621988457725445
1826,0.052504005066085435
1827,0.056885884963282056
1828,0.06953822596355727
1829,0.06505795349409346
1830,0.06248800462232238
1831,0.0807225641502477
1832,0.05862540375012509
1833,0.05694565662045783
1834,0.07543099611320729
1835,0.06917518404885117
1836,0.04611366928202697
1837,0.09175567110860111
1838,0.05095468265213419
1839,0.06531438768291083
1840,0.07540950036700647
1841,0.047911754928206415
1842,0.055063605871920454
1843,0.047626736627073826
1844,0.059449363800901
1845,0.04888520121482227
1846,0.07236580175600034
1847,0.0599756275233634
1848,0.07843390320143907
1849,0.05684015774796418
1850,0.04104895886148121
1851,0.055224532407082645
1852,0.05149919134956773
1853,0.0603201987138759
1854,0.06483101503830688
1855,0.04586305383314331
1856,0.06062295838874319
1857,0.06045553679235956
1858,0.06173633308418925
1859,0.06648575547539833
1860,0.07805906539683424
1861,0.05291728914314395
1862,0.06449475083661994
1863,0.07994664518389893
1864,0.06254650820724442
1865,0.053180826739167526
1866,0.05962591014940253
1867,0.06648578456952363
1868,0.06829194980552558
1869,0.06343787903120432
1870,0.05122435956394531
1871,0.04077472994853089
1872,0.05900354193225902
1873,0.05218310712580287
1874,0.04945491628272126
1875,0.06306253545148763
1876,0.059915519080711625
1877,0.044502416384546294
1878,0.06244281891451228
1879,0.06329743953202908
1880,0.07090742646745528
1881,0.06932411523242438
1882,0.04551486227738037
1883,0.07416724399096622
1884,0.06795757821062531
1885,0.05536734495907615
1886,0.08323630504055639
1887,0.06039914568348521
1888,0.05406580544642778
1889,0.06933097297511868
1890,0.06708603831110933
1891,0.06887905657580173
1892,0.04791337703312357
1893,0.06177334818037475
1894,0.052342794123209926
1895,0.04433465248764309
1896,0.06975566206732323
1897,0.047141343256509656
1898,0.048893059685261045
1899,0.08056464450732849
1900,0.06753580051437899
1901,0.06918288218677168
1902,0.06899524260911295
1903,0.06965877243513142
1904,0.06799809622840182
1905,0.056950507380263395
1906,0.062490543767536794
1907,0.045833487439378665
1908,0.06026704623893953
1909,0.04638822512757911
1910,0.0680235472476047
1911,0.061084770012614475
1912,0.04876114052695751
1913,0.06773503899534537
1914,0.08626322585162347
1915,0.07897726262889729
1916,0.058644916001939044
1917,0.0633571201168643
1918,0.06028007342210513
1919,0.05760304367805572
1920,0.06529189628730772
1921,0.0703544735620588
1922,0.06677309948155238
1923,0.06524284265296788
1924,0.057765356735445715
1925,0.06778774548685179
1926,0.08212888621159728
1927,0.06605401356512786
1928,0.07784325568699796
1929,0.07461577782961194
1930,0.06466101735851007
1931,0.06038492147165415
1932,0.06425057317200018
1933,0.049441473269380046
1934,0.07107076133630574
1935,0.07440350195284201
1936,0.062872260532181
1937,0.056875339247694806
1938,0.07031585570686372
1939,0.06314344196456528
1940,0.06428206532341782
1941,0.052040171970210124
1942,0.06368391488208451
1943,0.07023225394508056
1944,0.056212149755171116
1945,0.04793093483603094
1946,0.05344179001404415
1947,0.06441561309595739
1948,0.06084272807446139
1949,0.0717793038534181
1950,0.04862939917943146
1951,0.059471157549221235
1952,0.05670435101064053
1953,0.0644481499170826
1954,0.04418322873598197
1955,0.07193522751835385
1956,0.06174794192011176
1957,0.06816200704116893
1958,0.06424559021875265
1959,0.06917725709394683
1960,0.0541704134046026
1961,0.07242986291510775
1962,0.06048724228750486
1963,0.0777228790956355
1964,0.04588443303030832
1965,0.07802008449741253
1966,0.0864715522012906
1967,0.06208532722800645
1968,0.06743250025205108
1969,0.065668138652158
1970,0.0588146877001469
1971,0.07884106059808353
1972,0.034794879096865614
1973,0.07720806266332916
1974,0.059338376941143904
1975,0.05105602495019464
1976,0.05297259775545381
1977,0.06098234532541662
1978,0.07805032168939662
1979,0.062060722879915584
1980,0.054771938920946034
1981,0.06256117925058377
1982,0.05092148368088807
1983,0.059603857184413134
1984,0.08018270638137465
1985,0.04444166185471802
1986,0.06827647970906979
1987,0.06641575450391812
1988,0.0656037425906595
1989,0.05272315136483708
1990,0.06754560780612376
1991,0.06089413149240293
1992,0.03934075290924617
1993,0.07413183675759888
1994,0.05166670551423146
1995,0.05786125654027865
1996,0.06762108973798771
1997,0.05067896525377068
1998,0.056862300733428885
1999,0.08217692878850925
2000,0.06382307766653612
2001,0.05544719002603957
2002,0.0572861760155311
2003,0.06324397182755728
2004,0.08128208654711389
2005,0.059124934468567085
2006,0.057166600602061794
2007,0.05789311178334719
2008,0.06797597068957272
2009,0.05673213288578325
2010,0.08286094289818062
2011,0.07957473162637294
2012,0.05443808351838043
2013,0.05817359007947236
2014,0.06878946808902119
2015,0.05001582964033584
2016,0.04878139593548369
2017,0.05058663178393758
2018,0.07668001182024746
2019,0.041529115791628324
2020,0.08140923284638629
2021,0.059440635700233585
2022,0.07146248244327036
2023,0.07800204288182014
2024,0.05969787914667354
2025,0.059330698218418854
2026,0.07331291136363992
2027,0.06765301409055502
2028,0.06150042288545248
2029,0.05755081891258673
2030,0.04694210122518384
2031,0.06525899268232366
2032,0.0626849933681536
2033,0.05508740126445738
2034,0.06002051425878537
2035,0.06337999340076449
2036,0.06304958169102215
2037,0.06003917732681146
2038,0.07065572518193192
2039,0.05545452242322022
2040,0.06927909174759576
2041,0.05729554619884098
2042,0.06766277332205324
2043,0.06420594748345651
2044,0.055201688007285206
2045,0.07207251817939545
2046,0.05243555697652354
2047,0.06975980151644122
2048,0.05697440292813552
2049,0.05388434602382045
2050,0.05757364088859368
2051,0.05045628995998255
2052,0.07238844061098011
2053,0.052868962994364964
2054,0.06737661160440377
2055,0.07866385927896051
2056,0.06052306700712775
2057,0.05957989869921743
2058,0.05765984251101619
2059,0.07777617801828357
2060,0.06219603224485632
2061,0.06489071870917536
2062,0.07098362093370031
2063,0.051317175939386235
2064,0.05830827807575694
2065,0.048488392029556016
2066,0.08445196490908365
2067,0.06211460632252799
2068,0.061463834023389924
2069,0.05272061366531364
2070,0.05244897243575644
2071,0.06064056828700119
2072,0.06294089197971671
2073,0.04421536424688308
2074,0.05230996909673271
2075,0.06363393540020522
2076,0.03753692602513488
2077,0.0681252967342601
2078,0.07175333440773982
2079,0.06833915102301223
2080,0.08475938792550941
2081,0.09036929642923454
2082,0.050655503298085436
2083,0.04883494494440303
2084,0.053787545665703526
2085,0.058368023848931236
2086,0.05577099688784863
2087,0.06082545892137677
2088,0.04390295332970434
2089,0.0794182913618282
2090,0.05921709145067873
2091,0.0509070278498221
2092,0.057850556542785134
2093,0.05928888539309324
2094,0.06912001510830929
2095,0.05532412555022171
2096,0.07010730403387036
2097,0.05873010983738956
2098,0.08256888387370691
2099,0.06705648639054554
2100,0.06914711866149492
2101,0.08416045518391901
2102,0.05639666417163755
2103,0.04786200839577491
2104,0.0660853274892502
2105,0.07234631360327122
2106,0.03823929204592562
2107,0.05978374156127314
2108,0.07560928754904736
2109,0.050441121726685925
2110,0.07816595605147843
2111,0.06130804246221346
2112,0.06536024195251544
2113,0.0626633891715684
2114,0.0617861955933861
2115,0.0684885924243488
2116,0.06470972493770448
2117,0.058563363238706215
2118,0.05701673657075367
2119,0.055481032270472214
2120,0.04961430304350722
2121,0.06735630264293599
2122,0.052734939631994535
2123,0.07008324336376104
2124,0.06280143652962966
2125,0.044693241831801296
2126,0.06246091356715195
2127,0.06706704511452477
2128,0.060781000518042104
2129,0.061001373788646285
2130,0.07570904361930227
2131,0.06166182135495803
2132,0.061462373064040045
2133,0.05722876846822411
2134,0.07377123913401339
2135,0.04747127214331247
2136,0.08595558197397792
2137,0.07249675907359601
2138,0.058164765090188794
2139,0.08123361670892802
2140,0.07171222490820806
2141,0.06551292645693256
2142,0.07290961757200308
2143,0.06468097015068554
2144,0.05840328562690154
2145,0.07989263628203268
2146,0.06314605101436484
2147,0.07667706770625268
2148,0.06124302029554556
2149,0.06298290675384724
2150,0.03752118056980985
2151,0.038585291998101595
2152,0.06607938856058275
2153,0.043259270080520745
2154,0.05466660136619577
2155,0.056530347174578874
2156,0.05787467214443651
2157,0.042324105729144856
2158,0.05886971009971076
2159,0.0560215243209795
2160,0.06383088950614439
2161,0.05158898555869069
2162,0.06929543644408873
2163,0.04293998671856889
2164,0.06407801065493429
2165,0.06648911637314563
2166,0.06602307148804216
2167,0.057062449465317515
2168,0.06813729210816888
2169,0.052859469288900646
2170,0.0926267577802958
2171,0.05321078535925622
2172,0.07324235882292407
2173,0.06145955513749857
2174,0.0682557966144603
2175,0.05022541627436643
2176,0.053568229434558426
2177,0.08216121869787825
2178,0.06071233752296239
2179,0.05030055546410757
2180,0.05376207992770487
2181,0.05522181424532877
2182,0.06574499196030052
2183,0.05529372692563316
2184,0.0626492391983853
2185,0.051891988526020984
2186,0.07002271698858098
2187,0.05488545792375878
2188,0.06530747974861582
2189,0.0678152752283766
2190,0.058877329488588856
2191,0.05490534150187339
2192,0.055158083885761114
2193,0.06675370628867439
2194,0.08062210433923517
2195,0.05312322546615259
2196,0.07256310044137786
2197,0.05799034550785817
2198,0.061757121146891754
2199,0.07194858002361099
2200,0.05424808631879453
2201,0.06789066862390396
2202,0.06055206716604468
2203,0.0464636362533325
2204,0.06732971474968259
2205,0.03235085904306679
2206,0.054365851956716366
2207,0.04785248267139882
2208,0.0748746875855953
2209,0.04873792924569426
2210,0.046555642850193694
2211,0.06230748385237247
2212,0.06412519200471321
2213,0.06650212187203529
2214,0.08116650140456516
2215,0.05225737787096024
2216,0.06878417034047808
2217,0.07462447272027793
2218,0.03953195333625977
2219,0.04764256791098845
2220,0.06164336476094177
2221,0.07426895160456114
2222,0.05036140101888914
2223,0.0577082544260491
2224,0.0651416004967745
2225,0.06341240101254302
2226,0.06251150227505627
2227,0.07115046317874854
2228,0.06426325712525366
2229,0.07093169518114818
2230,0.07673094622640883
2231,0.0673931652594295
2232,0.058584486814513864
2233,0.06298009130435143
2234,0.08322220359269351
2235,0.06233683381006368
2236,0.05980804739942765
2237,0.04908181181326416
2238,0.06330556997149032
2239,0.0391213476909705
2240,0.06457426336278613
2241,0.06250269869587788
2242,0.06577176135733559
2243,0.0365738598688564
2244,0.0535499221029907
2245,0.07460850305012169
2246,0.062251669811298885
2247,0.08196643253073321
2248,0.06246441420769337
2249,0.07507142752597216
2250,0.06308203171987076
2251,0.052866140258445445
2252,0.0408683691361958
2253,0.05051945359978839
2254,0.059870558327848385
2255,0.07491216489326903
2256,0.0894018301949456
2257,0.08357574112356332
2258,0.06508408662943158
2259,0.052904039301387096
2260,0.06286024404294208
2261,0.08599150571851558
2262,0.05816891942850459
2263,0.05944678287286975
2264,0.06023516515882602
2265,0.0756922738288438
2266,0.046638602595764106
2267,0.06306445846477722
2268,0.06824857006096721
2269,0.03828249155902912
2270,0.05632186959473159
2271,0.05369646883974878
2272,0.06020693004417111
2273,0.08382548522410162
2274,0.050527970932344034
2275,0.05501688735231412
2276,0.0467965659085863
2277,0.04441309080958519
2278,0.06584868619871792
2279,0.08532879280361033
2280,0.08230811593098346
2281,0.05333066907094368
2282,0.061793910451351165
2283,0.0495504032564301
2284,0.08844764793552672
2285,0.04765987359156126
2286,0.08461113755713655
2287,0.06254519481837494
2288,0.07764853868352994
2289,0.050786984553969204
2290,0.05416959755676026
2291,0.06316534966491266
2292,0.05118731215338734
2293,0.062235292493641806
2294,0.06790933712774559
2295,0.05463969867802057
2296,0.06416278292784731
2297,0.06275190047748885
2298,0.03660253894005023
2299,0.045544123983301314
2300,0.057819631853279284
2301,0.07334809693619944
2302,0.08033268246772196
2303,0.059247076244129025
2304,0.061760806395020566
2305,0.0820744447418407
2306,0.06310257075780797
2307,0.06377038790845235
2308,0.08176370133967835
2309,0.0444440342637512
2310,0.07631763065959278
2311,0.09851457912125662
2312,0.05475554318221072
2313,0.06295534962840092
2314,0.06487627541771865
2315,0.06238921967415807
2316,0.0818713838271857
2317,0.036709426679020336
2318,0.07000218860772796
2319,0.06574789600635977
2320,0.046061456534988866
2321,0.06858772891858939
2322,0.06000085800916775
2323,0.08296490979935298
2324,0.07281528353037534
2325,0.05200874624095546
2326,0.07161860740481012
2327,0.08602140996832625
2328,0.08051106214547218
2329,0.0706708196533996
2330,0.04386744905059553
2331,0.059744254600685186
2332,0.05719247054683141
2333,0.05391889922859804
2334,0.045319080750373344
2335,0.0671029630616138
2336,0.06881548048942705
2337,0.06274595628003966
2338,0.06771941833287308
2339,0.07727893264706301
2340,0.08972596694036152
2341,0.06974611025441942
2342,0.06758221727546992
2343,0.06694287331459041
2344,0.060282453877596724
2345,0.06826822128493575
2346,0.050255362132721
2347,0.05253253512727673
2348,0.057047666742564306
2349,0.06808289018069007
2350,0.058851839172230726
2351,0.0586606949905838
2352,0.05491515113404296
2353,0.06088402713131983
2354,0.06377126181646932
2355,0.05142994519966676
2356,0.05344401364725097
2357,0.049989047764088836
2358,0.06403034302957622
2359,0.09308451090186023
2360,0.06311664862286455
2361,0.07255099897462992
2362,0.05517916133613318
2363,0.055387833434204725
2364,0.05046793466560227
2365,0.07605620821274275
2366,0.04391256554044818
2367,0.051954774648247805
2368,0.0661673432591629
2369,0.06478624489306208
2370,0.06713644910055123
2371,0.06387763827068178
2372,0.05421844958842249
2373,0.05356795594939523
2374,0.06302186910809295
2375,0.056645873659316455
2376,0.06961706325433668
2377,0.08885339514117432
2378,0.07375563083573308
2379,0.03500230492425409
2380,0.07955576205864401
2381,0.07964849167386036
2382,0.06135287126505135
2383,0.05850697176856332
2384,0.048149675047652885
2385,0.07053534759093633
2386,0.05619949043303357
2387,0.05621830784353542
2388,0.06587098566256612
2389,0.06836435571251935
2390,0.05050958904476927
2391,0.038955850787338805
2392,0.06486013203105886
2393,0.051485807715303845
2394,0.06120110924823338
2395,0.055907863322221085
2396,0.05441424839627016
2397,0.056372272880095
2398,0.07730665423158524
2399,0.058615169789061845
2400,0.07196824198402492
2401,0.06230275353632379
2402,0.06847911874197762
2403,0.056851431793689525
2404,0.06761941872544222
2405,0.08124055319954407
2406,0.06729079797373526
2407,0.052743827068139994
2408,0.07486703622454138
2409,0.054846113128178595
2410,0.05393211883990066
2411,0.07714562412300588
2412,0.06771136848486763
2413,0.05834406199924894
2414,0.047769657210713516
2415,0.06200803678739672
2416,0.04649936010920415
2417,0.0728674048379275
2418,0.04440194544905303
2419,0.05914840933766357
2420,0.07040593859616419
2421,0.058692172698562556
2422,0.07035117558128341
2423,0.08730961045010141
2424,0.05681936278951539
2425,0.06594394577228664
2426,0.06393361060007541
2427,0.044821575712027086
2428,0.06496634675417656
2429,0.0750996953235143
2430,0.06040130476149525
2431,0.06826258902512916
2432,0.05336641058318727
2433,0.05860498425010449
2434,0.0752790387065037
2435,0.05330528863972329
2436,0.0502903814920395
2437,0.08116991164391651
2438,0.05533498040953819
2439,0.05959748615193098
2440,0.05225870985749388
2441,0.05076293205396169
2442,0.08302186794956083
2443,0.062214686739966274
2444,0.06098055490320203
2445,0.058572996376968854
2446,0.05321618850068407
2447,0.07162320690113487
2448,0.06951401721395252
2449,0.04630788770331131
2450,0.06292081850822939
2451,0.052015314406220335
2452,0.06466830076435685
2453,0.06749858162267285
2454,0.0642834111216462
2455,0.06844641297432182
2456,0.06094940833394932
2457,0.07036323495649945
2458,0.05839013224736931
2459,0.06796668592737766
2460,0.04788087964774219
2461,0.045983482008879306
2462,0.06576596971555791
2463,0.050140264291592
2464,0.06924927354290539
2465,0.048872688436227524
2466,0.053277577604111934
2467,0.053420668401819034
2468,0.05955964239292822
2469,0.06441496810958397
2470,0.06130465854733327
2471,0.04441765200165849
2472,0.06116072047526837
2473,0.08776632917257854
2474,0.06128443263967315
2475,0.05293986498789843
2476,0.04657084906986016
2477,0.06117400988149311
2478,0.07274910380496293
2479,0.0976583614895031
2480,0.06809332011598229
2481,0.06266673059293587
2482,0.0603651282234141
2483,0.0493933294879707
2484,0.03026701168536519
2485,0.05968691518294596
2486,0.07034858451018522
2487,0.046720054699646615
2488,0.07890574660867818
2489,0.06506302995432214
2490,0.024903454103632237
2491,0.051060425141121475
2492,0.06250622031771508
2493,0.06110803979566325
2494,0.06462406583006172
2495,0.04876828747782072
2496,0.049951007745539684
2497,0.0808556975907815
2498,0.06320725542119322
2499,0.06690607905461883
2500,0.07948910192375981
2501,0.05128334420055077
2502,0.06982765455999503
2503,0.05802259756278591
2504,0.06100206183699616
2505,0.0647782817569264
2506,0.07777950065751484
2507,0.08370303926660043
2508,0.06430181928648984
2509,0.050721138917480986
2510,0.06891989627797719
2511,0.05339516316529888
2512,0.04941668264107649
2513,0.06745929503776422
2514,0.0572141609498463
2515,0.07765093235915597
2516,0.060501087963574916
2517,0.0642726363386102
2518,0.0665991923955623
2519,0.07049573504095168
2520,0.06409469087858082
2521,0.0491731104042883
2522,0.06303865453636999
2523,0.053126875347896216
2524,0.06375508261998548
2525,0.06401664750755823
2526,0.065773498879226
2527,0.06558145621221584
2528,0.05190513329976483
2529,0.04856330819882149
2530,0.04998311147883902
2531,0.0533365221252819
2532,0.04956393595011394
2533,0.061006585723772995
2534,0.06504358633137262
2535,0.07473675604816037
2536,0.05149733428637824
2537,0.03915956342201742
2538,0.05074043569141856
2539,0.052091873982222855
2540,0.0596471331319763
2541,0.08072766147314155
2542,0.07122788166646794
2543,0.08829074588248725
2544,0.051456272935379875
2545,0.06455517361932275
2546,0.07900504741020248
2547,0.0722590776283657
2548,0.0791621726040802
2549,0.05314268156290613
2550,0.05509232341179056
2551,0.05903825623941802
2552,0.06252052065863782
2553,0.08133605705767491
2554,0.07022623628503052
2555,0.051314016999591865
2556,0.052334032089456695
2557,0.055002047753232544
2558,0.051761707349223855
2559,0.05516938341208266
2560,0.05283297071278463
2561,0.048785460738731856
2562,0.05096353447340068
2563,0.06192513115608152
2564,0.04853022361338858
2565,0.04988414654660297
2566,0.0617575073342889
2567,0.06386802302530938
2568,0.06529595640706116
2569,0.07156093630583535
2570,0.04307237503295548
2571,0.05543701553236598
2572,0.05629524277557995
2573,0.058738748121233704
2574,0.04503688967076074
2575,0.06392043982183293
2576,0.04981808944047755
2577,0.05586123090580663
2578,0.0627389700741284
2579,0.06464211566245075
2580,0.08942433274377481
2581,0.039388227192873305
2582,0.06671178737286848
2583,0.07699368539608464
2584,0.06642983276925742
2585,0.048955135421376604
2586,0.059266713041475044
2587,0.06500683266711789
2588,0.05183547524466835
2589,0.058763874936409034
2590,0.054404611925892375
2591,0.0736838174742842
2592,0.049258630127064405
2593,0.07113259032538033
2594,0.07617722053736764
2595,0.055959827177036035
2596,0.05108715997114192
2597,0.058969604156771924
2598,0.05942122663747281
2599,0.054769234857586974
2600,0.061394819238589804
2601,0.06828239698972556
2602,0.043027282456180996
2603,0.05898097739508932
2604,0.05562821555435822
2605,0.06544975378711455
2606,0.05969359831800098
2607,0.07157595661868946
2608,0.06628727843922128
2609,0.059081768552525296
2610,0.07455059743713299
2611,0.05133067427313257
2612,0.05112142183850384
2613,0.0732726632247268
2614,0.07806664765814264
2615,0.07285471027154884
2616,0.05835261165788899
2617,0.06609533411976226
2618,0.0671359129827376
2619,0.05825371823814444
2620,0.059339474032105134
2621,0.10139046732339474
2622,0.06514639359008022
2623,0.042528900872471576
2624,0.08806959452642395
2625,0.06630037037255476
2626,0.05406052937409151
2627,0.03605050843583535
2628,0.07098650768412634
2629,0.04781323074035657
2630,0.052585775594140134
2631,0.07550491457822459
2632,0.07440830709303455
2633,0.069131643922325
2634,0.08608684056846894
2635,0.06814592527679786
2636,0.06214890695035976
2637,0.07373138153346835
2638,0.04853709355870785
2639,0.06496573057305503
2640,0.04523533473754187
2641,0.059702097317552036
2642,0.0516875269171585
2643,0.04735829783490898
2644,0.05487060468659127
2645,0.04051022674071766
2646,0.08469208467083439
2647,0.07131016470164621
2648,0.049849300072931445
2649,0.08108534261062245
2650,0.0599997775392667
2651,0.04802032097799274
2652,0.052274978151039056
2653,0.07061978077064822
2654,0.038931776451348606
2655,0.06612420216613688
2656,0.06965507472249044
2657,0.07147321293503638
2658,0.04505190533761855
2659,0.06378886476746075
2660,0.061261479230675805
2661,0.04852830280875135
2662,0.06109461301876639
2663,0.03690545065535353
2664,0.050333046815549606
2665,0.06753367293330555
2666,0.07051014504517158
2667,0.06090736984468622
2668,0.05694233537373373
2669,0.06545515730834672
2670,0.06215551621189711
2671,0.06049985773390994
2672,0.034200010281075936
2673,0.03635800235553209
2674,0.06097593582659279
2675,0.06536275048867575
2676,0.05959565213421494
2677,0.0626466774648452
2678,0.051954095234698947
2679,0.0425471583146173
2680,0.044390280701273654
2681,0.06487748198284342
2682,0.06313516007159792
2683,0.046346807162396635
2684,0.06177046281092237
2685,0.05967540688579957
2686,0.06708395374786912
2687,0.04861378930211999
2688,0.08660690942990604
2689,0.061697455229034213
2690,0.07427309725237019
2691,0.07840103346389131
2692,0.04607087395143739
2693,0.0597485332461971
2694,0.06301475635434563
2695,0.05762797875089158
2696,0.0722353070834744
2697,0.07831787425670993
2698,0.05576212013969693
2699,0.05848211241712035
2700,0.05301526884759503
2701,0.07122512631838017
2702,0.05519394137810044
2703,0.06542686579896384
2704,0.050013844672035145
2705,0.05573950792447858
2706,0.0601937027231029
2707,0.056364354839995794
2708,0.0765622239555806
2709,0.05298563261392653
2710,0.0660490524289364
2711,0.038892064116991185
2712,0.0687859104170119
2713,0.038285376018846434
2714,0.054352772475086894
2715,0.07024073502475306
2716,0.06757079881359115
2717,0.05579869246910317
2718,0.08664540381296866
2719,0.0585075129105268
2720,0.05351640215698886
2721,0.060282374435999896
2722,0.07098907888168508
2723,0.07001358901534482
2724,0.06857065024975208
2725,0.05740987417295545
2726,0.056232203453070485
2727,0.06958147531279098
2728,0.06919174653130483
2729,0.06165598352585075
2730,0.06500559582185161
2731,0.08411204484160463
2732,0.05777953046977684
2733,0.048611969344801026
2734,0.045963041756766576
2735,0.06134156452484573
2736,0.04153619555340131
2737,0.06519640549638762
2738,0.07089508374620118
2739,0.04106482625638369
2740,0.05504580638596779
2741,0.07546450497586807
2742,0.08524840982676266
2743,0.05375240759740088
2744,0.05084195318103291
2745,0.08777819602974588
2746,0.06196707841962684
2747,0.056643006347606266
2748,0.07039374755776745
2749,0.05173023799932933
2750,0.06644346537171333
2751,0.0516639187728493
2752,0.06517732228169225
2753,0.055882221591835174
2754,0.059827158754950344
2755,0.06547522508939586
2756,0.058901911483332195
2757,0.0521606193748864
2758,0.08439991424821251
2759,0.06137279972209855
2760,0.06551393536697993
2761,0.05023152374615712
2762,0.060772010926569524
2763,0.05984086317809749
2764,0.06867572658794313
2765,0.079825271749868
2766,0.05130952662087489
2767,0.07671280913955256
2768,0.05949968199516829
2769,0.06347360772415366
2770,0.058797884416479075
2771,0.06612995154513097
2772,0.05686011186572365
2773,0.0496216331332286
2774,0.04548145520628999
2775,0.07790970837387937
2776,0.07638882059512456
2777,0.052157832791827834
2778,0.05566199775364943
2779,0.04941003055056797
2780,0.0951196792478448
2781,0.05006459191591559
2782,0.05602380636429626
2783,0.06611741242908088
2784,0.058709183694729015
2785,0.06613650753857246
2786,0.05955103019942468
2787,0.09389839452093605
2788,0.06278288777442101
2789,0.05238895994229217
2790,0.061929396276913524
2791,0.06893548237021895
2792,0.06299463346185762
2793,0.07527116222418559
2794,0.06439234540290523
2795,0.08266784926957564
2796,0.06735502316588281
2797,0.05513359309903939
2798,0.06746428671465415
2799,0.06330242004249795
2800,0.06340945963779165
2801,0.03814471565479861
2802,0.07711826678228671
2803,0.05974861324064137
2804,0.05769984068625455
2805,0.052716165250770414
2806,0.05668026309297276
2807,0.05518883581172379
2808,0.05073056918248187
2809,0.03149629185763632
2810,0.07843862600949011
2811,0.052551193410448636
2812,0.07632750825636735
2813,0.04507638828308903
2814,0.06913164047767971
2815,0.057189240963220506
2816,0.057602686937734765
2817,0.07021155148904314
2818,0.07172606223659884
2819,0.054003393994988394
2820,0.050405474306468606
2821,0.07514016650997964
2822,0.061038878642508135
2823,0.05214052441561296
2824,0.05813431871615662
2825,0.06479039137255944
2826,0.06136398171286954
2827,0.06410509494055153
2828,0.07229251464847701
2829,0.0425323732588268
2830,0.06026190147073372
2831,0.039020839057780476
2832,0.10175776139745146
2833,0.06801312645927897
2834,0.06635579945482417
2835,0.04643422898491214
2836,0.06856493699484151
2837,0.06649284415004963
2838,0.07186793685943635
2839,0.06467653151033322
2840,0.050903655302284814
2841,0.06030904941404351
2842,0.05930451628185045
2843,0.06316549258622627
2844,0.052525074216704104
2845,0.06182321072676527
2846,0.04655746506218501
2847,0.05414949398834579
2848,0.05459893881179222
2849,0.07266347694245115
2850,0.05777955314098554
2851,0.06662246698285945
2852,0.06405775402882054
2853,0.05994684487075893
2854,0.043468163634703065
2855,0.06778839659244949
2856,0.06822453035536533
2857,0.07006043979434322
2858,0.0838072400947529
2859,0.07356176097062275
2860,0.06292918241004103
2861,0.04301103177017558
2862,0.06357574215777428
2863,0.0514301681229618
2864,0.04541082855540079
2865,0.07194922628287927
2866,0.04826276277989661
2867,0.05305923202799578
2868,0.053345571793551164
2869,0.08273287335648205
2870,0.03086067132071675
2871,0.08052313534139377
2872,0.03690644104843767
2873,0.06509607427528968
2874,0.05369172269623651
2875,0.07196819945444644
2876,0.055893592407134596
2877,0.05540153983786689
2878,0.06981323195769551
2879,0.04130752446015674
2880,0.07700885973938287
2881,0.05950076677311774
2882,0.0725501183972861
2883,0.06940537779016598
2884,0.06759024966733711
2885,0.05643546746178173
2886,0.05774938091689017
2887,0.07505542094580037
2888,0.05602050530403833
2889,0.055213852413570685
2890,0.040026781155193356
2891,0.06813231938827961
2892,0.05683863786604598
2893,0.07755307511987504
2894,0.06364341987848963
2895,0.06281558050723503
2896,0.06709411631700556
2897,0.07033354785169625
2898,0.06398201310225923
2899,0.07014047557938116
2900,0.07545652344046333
2901,0.0708391821154164
2902,0.05758756345730148
2903,0.051794783064060254
2904,0.06557980295123778
2905,0.08564623911038757
2906,0.0621120732682514
2907,0.06656284182450717
2908,0.05110367081836676
2909,0.05989244388035577
2910,0.05956407643439627
2911,0.0640465695156832
2912,0.05286045780073235
2913,0.04955141730352698
2914,0.055917435146769216
2915,0.04952721035560657
2916,0.07449413906473398
2917,0.04940149812708494
2918,0.05656553182570756
2919,0.06852389698074018
2920,0.05960178084520769
2921,0.05726851672184175
2922,0.08546298351672406
2923,0.057295789176652644
2924,0.04521121970870539
2925,0.06111162784887121
2926,0.06648463067375407
2927,0.043404723696791776
2928,0.05091724214063998
2929,0.07509397948450805
2930,0.05410699545942247
2931,0.08143725730781731
2932,0.060755357028075094
2933,0.06158328681912593
2934,0.06336506591293015
2935,0.06451049546878984
2936,0.05766382947560185
2937,0.058862491511396706
2938,0.06208989290147933
2939,0.0713332347163106
2940,0.07111616647140005
2941,0.055901998549758025
2942,0.05587766578931152
2943,0.06518057493865376
2944,0.07687246381217808
2945,0.06572235387088364
2946,0.05820984028022244
2947,0.06808617734623247
2948,0.06572120900973191
2949,0.07772610568615969
2950,0.06589915332010232
2951,0.05359917393997926
2952,0.06940007982138532
2953,0.04550347895707285
2954,0.06038225640304473
2955,0.06501573378735061
2956,0.0578479036146649
2957,0.06418168169247968
2958,0.06364905411395222
2959,0.056471618506178496
2960,0.06226195096936654
2961,0.059443874154322764
2962,0.05790675723856881
2963,0.04397629869071971
2964,0.05374388190947605
2965,0.06730742829781686
2966,0.06669663735580869
2967,0.057894447748073764
2968,0.056848339930799824
2969,0.056155940027560615
2970,0.036520954500929764
2971,0.06689859900292856
2972,0.07615223115167542
2973,0.05836447817187504
2974,0.07233178554473317
2975,0.06250233336960571
2976,0.07301388446165501
2977,0.05636486565373632
2978,0.08097932158950072
2979,0.07427117143207092
2980,0.07399530344290003
2981,0.0755109258206671
2982,0.059423600178873284
2983,0.06909662531219019
2984,0.050924295406004204
2985,0.04900498230142327
2986,0.07357642585314837
2987,0.04200511374649737
2988,0.06504737568158055
2989,0.05119629687979605
2990,0.05214251109905948
2991,0.05914965736023824
2992,0.05531800914671108
2993,0.06244554168805611
2994,0.06359464716597646
2995,0.0645512654200364
2996,0.05163020396111005
2997,0.04944665131425012
2998,0.06529926553685875
2999,0.045851970320040264
3000,0.0538263877722479
3001,0.06248723512502665
3002,0.05599319061335826
3003,0.055738304184352924
3004,0.06076095388038317
3005,0.05584931213796019
3006,0.0361849496752617
3007,0.060909796623196594
3008,0.060504019822027924
3009,0.05037760457700771
3010,0.07354782945066263
3011,0.06299998059548736
3012,0.05651835586060477
3013,0.05952509803260252
3014,0.04691920108340757
3015,0.05962787767092228
3016,0.07509562314566466
3017,0.056549417361108946
3018,0.06752501302498437
3019,0.08230232938711395
3020,0.058971487226397286
3021,0.0528865694162576
3022,0.059721751288763704
3023,0.07010241221502415
3024,0.05435600985185499
3025,0.0794409687800904
3026,0.039700897586952257
3027,0.06845584170306711
3028,0.06487023011158963
3029,0.06938533675784778
3030,0.053785049686553475
3031,0.06592905551250708
3032,0.06617732974096423
3033,0.06447529200973183
3034,0.05553570369846297
3035,0.05526259880587204
3036,0.04805515809730983
3037,0.05561294473299845
3038,0.06251150023664834
3039,0.056557786244957324
3040,0.05169225347738871
3041,0.0599766113673785
3042,0.07622662376347981
3043,0.07608034574751293
3044,0.06532995895761726
3045,0.07911381217786016
3046,0.06783097188988041
3047,0.0494059277819175
3048,0.06904544657060749
3049,0.06500908346091508
3050,0.05225612841434492
3051,0.07273575413283012
3052,0.05433958795173423
3053,0.08164343963802687
3054,0.07218853398473764
3055,0.05907717486160297
3056,0.04433940059220631
3057,0.0485758147859115
3058,0.07581807274427328
3059,0.06487526008372228
3060,0.03770130576508338
3061,0.05371547325466551
3062,0.0745829697220684
3063,0.05252874273262464
3064,0.08487919536731045
3065,0.06528375100987586
3066,0.07236078004946146
3067,0.06965550431565116
3068,0.05613476864449252
3069,0.07931383650450025
3070,0.04978969966616015
3071,0.05326694494253517
3072,0.06527215928120789
3073,0.0685254327100986
3074,0.08193645832050193
3075,0.06539332992147225
3076,0.08367788705313468
3077,0.07340406262901038
3078,0.06424413466432706
3079,0.05153451247419195
3080,0.04889065108300519
3081,0.06071034654977591
3082,0.06700015398715824
3083,0.05751826615497048
3084,0.0554250062770463
3085,0.0822385693615904
3086,0.06804385700331268
3087,0.05169686731285601
3088,0.04962187569744065
3089,0.06347787649967836
3090,0.07185171565721417
3091,0.06267133256726291
3092,0.049884767515140586
3093,0.0651109379945388
3094,0.07687657909482322
3095,0.049530371680551646
3096,0.06905332314496891
3097,0.05517444386972295
3098,0.05732181798113665
3099,0.04774864971820343
3100,0.05079398657305784
3101,0.08270030126706858
3102,0.059305006919060044
3103,0.05413986245645255
3104,0.07475236402720131
3105,0.07670261854502401
3106,0.04222306073443901
3107,0.05893529055967176
3108,0.0566141890848246
3109,0.04915253576910848
3110,0.07665618158768353
3111,0.0683247877046094
3112,0.05529142962147531
3113,0.04912077683720911
3114,0.0565068382732969
3115,0.061598947503283895
3116,0.05002444474686908
3117,0.051970147231032424
3118,0.03606169661740252
3119,0.05775285817457274
3120,0.04552369884110909
3121,0.06529140809742143
3122,0.06941492821485057
3123,0.06732815731863186
3124,0.048884799877765256
3125,0.062080340863100825
3126,0.057475257362905624
3127,0.056053399273285794
3128,0.07168175135620997
3129,0.06744526731239998
3130,0.06025447715204242
3131,0.07149748812043921
3132,0.08524414703681216
3133,0.06712614829805098
3134,0.07756358099403204
3135,0.06007099959612497
3136,0.050811595116710774
3137,0.04315197935876502
3138,0.06959323000623584
3139,0.05000267698511755
3140,0.0626286937772097
3141,0.04850096629177508
3142,0.05233109439389355
3143,0.06966667776539524
3144,0.056159179570629256
3145,0.0739532234165787
3146,0.07644686865046524
3147,0.06049041123903865
3148,0.06962238657656193
3149,0.0723538708593448
3150,0.07081208823634579
3151,0.06569645480218197
3152,0.05836230480401531
3153,0.062495188428658484
3154,0.05996958070742062
3155,0.07672810476642082
3156,0.059717699284825586
3157,0.05781591479808249
3158,0.04512773411997684
3159,0.08027047139460058
3160,0.08223565814324195
3161,0.05607921877920843
3162,0.05915755072306175
3163,0.038425602993651733
3164,0.07622705832924673
3165,0.062769749064499
3166,0.05453530447891514
3167,0.0642217465997932
3168,0.09478255866963443
3169,0.07481000792255624
3170,0.0532081275242803
3171,0.03968525198654409
3172,0.048723300283886356
3173,0.05608155901466351
3174,0.037398742057477154
3175,0.04567876078490597
3176,0.09442459931673905
3177,0.05121283726508335
3178,0.08598664653001795
3179,0.04372957547572852
3180,0.04587838008041555
3181,0.05572912703473606
3182,0.07504290343142006
3183,0.04759164872410192
3184,0.06364065331290358
3185,0.07433153470144253
3186,0.06035411528765742
3187,0.05335285885125037
3188,0.07273540323174237
3189,0.06153803938724991
3190,0.06516645229848711
3191,0.04777594351890558
3192,0.06265060735313704
3193,0.061405353066543586
3194,0.05075386144583347
3195,0.07298875360869944
3196,0.02835932413871209
3197,0.06296665226537912
3198,0.043883572773797945
3199,0.05464895619741785
3200,0.08601071711510491
3201,0.06587102870127193
3202,0.07596721841213179
3203,0.04714758461026075
3204,0.062296051478990505
3205,0.06234061732473569
3206,0.056643224361714706
3207,0.047589852929405936
3208,0.0499420865348106
3209,0.04788617478540948
3210,0.05404349508687348
3211,0.057589548234946004
3212,0.0455660250897789
3213,0.06456032790325515
3214,0.03787974022164412
3215,0.06991915159537751
3216,0.06898875924110474
3217,0.07042539836533594
3218,0.04670304691294397
3219,0.0709671241783394
3220,0.04709475016635013
3221,0.05059896426920199
3222,0.051864108460887605
3223,0.060811952387874846
3224,0.04968754526424237
3225,0.05070854580598503
3226,0.07255256256874533
3227,0.05420756952966997
3228,0.05112653732548096
3229,0.05248443734525588
3230,0.057991782317540985
3231,0.06495810164530134
3232,0.07234721814914133
3233,0.048805938636728975
3234,0.05340900747423528
3235,0.04398974548756134
3236,0.08557684456602987
3237,0.05733181192504266
3238,0.0607476600116661
3239,0.08070128179198374
3240,0.05220885029592042
3241,0.08130609244928033
3242,0.06293498861372403
3243,0.0714681571514063
3244,0.05643099317286573
3245,0.07675574170608242
3246,0.07376714297676512
3247,0.05128706590077105
3248,0.05445400729275228
3249,0.06479964491051038
3250,0.06220098909683848
3251,0.08774669837599129
3252,0.05784628738616202
3253,0.0932313064390187
3254,0.06264981312966493
3255,0.08161644588546117
3256,0.07646838433480307
3257,0.06781760708060389
3258,0.059971250449554384
3259,0.053872932217158394
3260,0.06467276762549776
3261,0.06983279928080777
3262,0.09331740511985126
3263,0.0603852428160226
3264,0.06878708651441602
3265,0.05319717044330143
3266,0.06792418292858583
3267,0.08581358036001108
3268,0.05112854765892238
3269,0.048855509088689006
3270,0.07281912714304364
3271,0.0810422201060965
3272,0.05590207717836392
3273,0.06878655279580927
3274,0.07229351999564522
3275,0.06585115287526662
3276,0.06804075556041679
3277,0.09954100296924578
3278,0.0773705201085704
3279,0.06407507476371023
3280,0.07097773652002243
3281,0.07807086632230195
3282,0.06835057738133675
3283,0.08261891629827806
3284,0.060237839120148434
3285,0.05740727351525668
3286,0.048260532418960514
3287,0.05659470803971005
3288,0.07241350349117426
3289,0.08318110187324736
3290,0.057596532413972126
3291,0.040332539841731976
3292,0.0642341619397391
3293,0.0756697750938141
3294,0.060615538899745754
3295,0.042053933038502106
3296,0.060315864465201145
3297,0.07564026386544621
3298,0.0649539467646281
3299,0.07278130155725016
3300,0.07999244907194007
3301,0.04823063912888685
3302,0.06740921364740084
3303,0.0712909682550596
3304,0.04903497230904574
3305,0.07385360096717908
3306,0.04734588613319925
3307,0.05904019565248794
3308,0.07735090983202869
3309,0.07887654244677825
3310,0.046258894324449705
3311,0.0596426360410818
3312,0.07290286792939628
3313,0.061533317433634806
3314,0.04848428091836845
3315,0.06212162520895575
3316,0.07910799399148012
3317,0.062278349697356294
3318,0.07300337817519736
3319,0.08692779559023057
3320,0.08389123982761014
3321,0.07138359930897546
3322,0.060597373756232115
3323,0.05416635973548825
3324,0.07148250381779143
3325,0.07053614636421332
3326,0.05432779421010663
3327,0.06513846941758143
3328,0.0607225892828283
3329,0.07327314212191592
3330,0.058472727789872773
3331,0.05715939891600251
3332,0.06144211248807872
3333,0.062429338415825826
3334,0.07607743559776578
3335,0.04702032729489528
3336,0.07510710620229243
3337,0.04974067324664542
3338,0.06539919523901705
3339,0.057010269887812916
3340,0.06372809646922194
3341,0.05715783118160834
3342,0.06303203483656176
3343,0.051915098968581284
3344,0.08610304431998526
3345,0.049049167765123504
3346,0.06893716071451797
3347,0.062665594663177
3348,0.08415121933473249
3349,0.058390673221078604
3350,0.06416796716059406
3351,0.08559251510306919
3352,0.07488582617453836
3353,0.06822463699051856
3354,0.055032412132303705
3355,0.04960737170759403
3356,0.06043642861954765
3357,0.06715587366587282
3358,0.06423817929334649
3359,0.0737674804823502
3360,0.05420397872689744
3361,0.05760530847743796
3362,0.060945751965300464
3363,0.06353963670719034
3364,0.0621486814100113
3365,0.05610282020711391
3366,0.06219347715768188
3367,0.04847162960840503
3368,0.06581566159912605
3369,0.07678036359177902
3370,0.07002731535020969
3371,0.06723280884233344
3372,0.055570227336260526
3373,0.05361236605041376
3374,0.06312927239425557
3375,0.04468467184717548
3376,0.060630272941190465
3377,0.05844089190830702
3378,0.07267388786743063
3379,0.08932226613927402
3380,0.06513847266703639
3381,0.051897519895103134
3382,0.06276042025656028
3383,0.047942457582506065
3384,0.06989349381961085
3385,0.0711775524668639
3386,0.05033095425792435
3387,0.061918434169402924
3388,0.06490047632189898
3389,0.041665749035934216
3390,0.05341804247019518
3391,0.04908775656482126
3392,0.04800304248804079
3393,0.07330369542713121
3394,0.06382619152870524
3395,0.061733849370165204
3396,0.06238004769717056
3397,0.05676568248010936
3398,0.05350704823185146
3399,0.06977568761397773
3400,0.050295789018389055
3401,0.05506494963286594
3402,0.05919399824898627
3403,0.07020769426188281
3404,0.0710713234548374
3405,0.06501089846916626
3406,0.05285771787687177
3407,0.05604881343584993
3408,0.0637441063649085
3409,0.07580435736213015
3410,0.06491091053100087
3411,0.06876148206716617
3412,0.06719933345802975
3413,0.04782856711216361
3414,0.04706114150420156
3415,0.03250591595256848
3416,0.06627549216319313
3417,0.04758644822935483
3418,0.07114154303368556
3419,0.04488947465848916
3420,0.05554782504958034
3421,0.06900497969644905
3422,0.055606385183885165
3423,0.07830682463737211
3424,0.06726588597148193
3425,0.06225118277754407
3426,0.07285142911307711
3427,0.04160323453309492
3428,0.061481128178766234
3429,0.04638564695729276
3430,0.06776906117703362
3431,0.06341179201926674
3432,0.0748097742283363
3433,0.06954846419145887
3434,0.05493041697777495
3435,0.08948003224596812
3436,0.06099581818751178
3437,0.047367640838525904
3438,0.07519288102747923
3439,0.06668154126155697
3440,0.061463977151274704
3441,0.05437907816134982
3442,0.05372751457956927
3443,0.06599129770476123
3444,0.05302534797102218
3445,0.04763392477865201
3446,0.07895530778662235
3447,0.07836547175268749
3448,0.07688616538719724
3449,0.059702413810675245
3450,0.037917372960111724
3451,0.06275797248375231
3452,0.06061345861886234
3453,0.06762744214578167
3454,0.05289536634741374
3455,0.07183767959491565
3456,0.0716705889909715
3457,0.047759873200890056
3458,0.06954744547688864
3459,0.036728106161571926
3460,0.0660863937820917
3461,0.08836033098265167
3462,0.044339437779389465
3463,0.05790686871751271
3464,0.052689550109698696
3465,0.09845125811829884
3466,0.04661039871949335
3467,0.08423876893894008
3468,0.0773635029261656
3469,0.06619625076646876
3470,0.06920105066272371
3471,0.060658895785506727
3472,0.04199923560321466
3473,0.06109204243255681
3474,0.046586871058632955
3475,0.036663239702944266
3476,0.0553882396715414
3477,0.04542568557370397
3478,0.07480817462085945
3479,0.0852966572843955
3480,0.05575446678269489
3481,0.0634524283218235
3482,0.04950993250128765
3483,0.06754028765727293
3484,0.04736452151890564
3485,0.07655652343170584
3486,0.05992368092801737
3487,0.04929278555927086
3488,0.061082496198882084
3489,0.05057234463547519
3490,0.048926234962576025
3491,0.05495588006889215
3492,0.06290233520358762
3493,0.04435392639882043
3494,0.07230660117800951
3495,0.052984527217968244
3496,0.07177191203125922
3497,0.059745679112010536
3498,0.06125111556819207
3499,0.058747232082524733
3500,0.07595735068995149
3501,0.0671460426501528
3502,0.0599488981891744
3503,0.06860757981909048
3504,0.05860128174244452
3505,0.060985297650269985
3506,0.04716415130018223
3507,0.0784710478553818
3508,0.08686664923773682
3509,0.07574624707364501
3510,0.06650507003201701
3511,0.08117521719481506
3512,0.061043750661285694
3513,0.060096061111977475
3514,0.04350608119127391
3515,0.05920624095426132
3516,0.08912709562005056
3517,0.06388999245975877
3518,0.07206523293628739
3519,0.068973584243026
3520,0.0710911094772249
3521,0.05523791973376658
3522,0.05375598538798827
3523,0.048858897421121476
3524,0.06659454730700415
3525,0.06534553863634723
3526,0.07332420096196235
3527,0.05633364796566666
3528,0.061998250257530786
3529,0.06504800433777282
3530,0.07142463705333169
3531,0.061950366088482985
3532,0.04877368037139298
3533,0.05764872898169836
3534,0.059351180557743556
3535,0.049606629925967025
3536,0.06326401903798756
3537,0.07172182363770334
3538,0.06689915468979958
3539,0.06187444888073226
3540,0.06088999848218976
3541,0.060205925876928267
3542,0.05536155416538092
3543,0.05057341667871699
3544,0.07051147616621475
3545,0.07281848258434202
3546,0.05335572750879958
3547,0.0631173935665749
3548,0.041540590744469155
3549,0.047392879257617385
3550,0.06745266824464977
3551,0.0724377499136522
3552,0.04425458634146569
3553,0.07446679144997899
3554,0.0596010985108086
3555,0.07313626973629804
3556,0.038167103711945996
3557,0.06442916930845556
3558,0.06524195067411032
3559,0.08926661557772661
3560,0.05924657061197125
3561,0.04725271419089099
3562,0.08119673551163162
3563,0.06581994925969444
3564,0.044393881063998004
3565,0.07285080375019086
3566,0.06012044370003225
3567,0.04733427787801783
3568,0.06329081471288257
3569,0.064103480768968
3570,0.04600513890545245
3571,0.061272167049637206
3572,0.056298656892330906
3573,0.04784166717957149
3574,0.06657147687567423
3575,0.07781374342564215
3576,0.06785025338416105
3577,0.04925775465269292
3578,0.05068927743212468
3579,0.06527057152221832
3580,0.06335552993981974
3581,0.05656432191717805
3582,0.05468262039122572
3583,0.04325216730855776
3584,0.06253955891041228
3585,0.06350331209140966
3586,0.05703405487495475
3587,0.055343669943541826
3588,0.05569577249651028
3589,0.06410141641603599
3590,0.068840002408865
3591,0.0638744060316111
3592,0.07899235475831591
3593,0.0806816291095471
3594,0.02878758221475092
3595,0.05867159555638166
3596,0.07871324936571913
3597,0.04085349271063458
3598,0.06700175444955639
3599,0.06490966374682182
3600,0.0743340418531553
3601,0.04228943643111065
3602,0.06115983185403801
3603,0.049724116693896175
3604,0.06284694654894547
3605,0.05478661524822584
3606,0.09155908975744156
3607,0.052373173229692094
3608,0.0635821136997472
3609,0.06207840395450997
3610,0.060545966861946084
3611,0.06401956082903085
3612,0.07184091830334417
3613,0.05328749674592371
3614,0.054283356759509675
3615,0.06487597821074395
3616,0.044419550552049325
3617,0.05438398792510006
3618,0.06541557183788808
3619,0.06101209374225267
3620,0.058372914696388514
3621,0.08215313895896963
3622,0.042401914415621834
3623,0.06086006170579286
3624,0.06785629499150526
3625,0.06386430543928315
3626,0.09101358664116822
3627,0.05407934582761013
3628,0.07035224182505563
3629,0.043308791606071484
3630,0.06697567631084035
3631,0.05094607908061122
3632,0.05201871290811301
3633,0.07036218231271747
3634,0.06146564499885835
3635,0.05703716961156737
3636,0.06517767284022105
3637,0.060677902143577676
3638,0.0566173598440938
3639,0.06289184849617034
3640,0.06300413850088818
3641,0.05914252542115491
3642,0.07388992999809851
3643,0.05597311114606551
3644,0.059532390454305105
3645,0.06606841390917756
3646,0.055034620306508034
3647,0.06802985079523713
3648,0.05155983932399104
3649,0.05121991923522346
3650,0.05875759603246843
3651,0.045190312763327536
3652,0.03272359896420582
3653,0.057212793803325133
3654,0.07379817779370182
3655,0.06396355203729737
3656,0.046344066974321196
3657,0.06632239801390724
3658,0.08978786235978324
3659,0.04125059855029757
3660,0.04797448754566269
3661,0.04906941373881039
3662,0.06119528888637093
3663,0.05932323912404459
3664,0.07631053480557001
3665,0.047112095059339026
3666,0.04559164368558231
3667,0.08215665383499988
3668,0.07221336890036224
3669,0.060534012862747594
3670,0.05537482879203413
3671,0.07039854417565437
3672,0.07001247641039178
3673,0.05891591523593869
3674,0.06730070405777475
3675,0.04755644997848145
3676,0.03708614891416592
3677,0.08461550868331755
3678,0.07480576755013933
3679,0.06524895297796722
3680,0.0790552861617677
3681,0.08711473234318061
3682,0.05386006009853126
3683,0.053762112089063493
3684,0.046446742991574225
3685,0.06295374287266468
3686,0.042710432398039816
3687,0.05169538682426532
3688,0.066672309481816
3689,0.04249743856244679
3690,0.05163723578578883
3691,0.05939875734909804
3692,0.06582573644872297
3693,0.057601632773937796
3694,0.05849512074925869
3695,0.050483056920689655
3696,0.0602036159414626
3697,0.06176229031285846
3698,0.053649669610816075
3699,0.06311214711827946
3700,0.060472073840621005
3701,0.09052274852783306
3702,0.05883785238401831
3703,0.0691389019662567
3704,0.03273114187437641
3705,0.051767084724796956
3706,0.05253726173745175
3707,0.0580301472473185
3708,0.05547709247811135
3709,0.054035900588401645
3710,0.052005912101495154
3711,0.044521725598608904
3712,0.06077632088927683
3713,0.07225266862765645
3714,0.06762352749018516
3715,0.05671824361392241
3716,0.050683550558596385
3717,0.0651249191830648
3718,0.048097429820729794
3719,0.06414051697734954
3720,0.06850537142109649
3721,0.0822220229482604
3722,0.06998741417670622
3723,0.07657586237030722
3724,0.059457292394537696
3725,0.06127470329667494
3726,0.06685150374456378
3727,0.04949447389017287
3728,0.06038598036159383
3729,0.04827103983685328
3730,0.06803316570794472
3731,0.06084735707585672
3732,0.06002084472604562
3733,0.06300455803055295
3734,0.05345948461051812
3735,0.049789724762647196
3736,0.06794201660923838
3737,0.061748566820403666
3738,0.0670829071248117
3739,0.03912756815894028
3740,0.06099844331175378
3741,0.06895988438172512
3742,0.05589818714875421
3743,0.07589813558708024
3744,0.06290466347239222
3745,0.06203096086951921
3746,0.07742586788136845
3747,0.06973460771942104
3748,0.06404066865948253
3749,0.056166654420183294
3750,0.054244991787654614
3751,0.05823485934011767
3752,0.06706240167523128
3753,0.07408472530713733
3754,0.050919065101522415
3755,0.04996676915148357
3756,0.06451173188391442
3757,0.058036662633213304
3758,0.05851088707690496
3759,0.05201588347608084
3760,0.07964456665958396
3761,0.053032278021060184
3762,0.07950524365252461
3763,0.07862552784430465
3764,0.04191124962358725
3765,0.06114505940926477
3766,0.06335487646304219
3767,0.039619846673046286
3768,0.07383817162438142
3769,0.06832791054892945
3770,0.0784234565278551
3771,0.06027707672282258
3772,0.052970711283358674
3773,0.09258873645937875
3774,0.04944842278959171
3775,0.0522736205427567
3776,0.062466517698386015
3777,0.06419051298580775
3778,0.05688646158914398
3779,0.05708212948367811
3780,0.047153261538044264
3781,0.04558803672570444
3782,0.05357307227122929
3783,0.051940454437837826
3784,0.05107695036410737
3785,0.05934900683358322
3786,0.0577396205838251
3787,0.07285055185516402
3788,0.07780278577989026
3789,0.058812715157281516
3790,0.05889703652720734
3791,0.0529371726584919
3792,0.049953356481967505
3793,0.05548825326116374
3794,0.045855072372292464
3795,0.05538695548023968
3796,0.08046529058281808
3797,0.07272260611995104
3798,0.05598190236348706
3799,0.05119607980503579
3800,0.06403439444956777
3801,0.056168406443028944
3802,0.08404053567360029
3803,0.06809364818056084
3804,0.05849629437628111
3805,0.04467422989069561
3806,0.06796281588769074
3807,0.056783273768624014
3808,0.04460557047399493
3809,0.06288013420730963
3810,0.05426301506637973
3811,0.08087057421664309
3812,0.06571109395472732
3813,0.06991675995828504
3814,0.04811686286243768
3815,0.046981355326523935
3816,0.06989136212773739
3817,0.05430516904003834
3818,0.06642645222876033
3819,0.053370708158859366
3820,0.05116800042832991
3821,0.08251583663072853
3822,0.06234336340146691
3823,0.0637002183573567
3824,0.04831052495018818
3825,0.06254330730390596
3826,0.05530498519222349
3827,0.06312569268397
3828,0.05866591145648822
3829,0.06578876229828592
3830,0.06189462694038366
3831,0.05350615096485035
3832,0.0704444593092804
3833,0.07329862990941982
3834,0.06583229531471746
3835,0.06491637263816054
3836,0.05815783907890172
3837,0.06851593981434873
3838,0.05970622057185112
3839,0.07512620515099809
3840,0.0752851961265637
3841,0.05812944211179499
3842,0.03293720748974283
3843,0.07882538088118243
3844,0.059506323955562296
3845,0.051708245746753714
3846,0.07165405241402412
3847,0.06724588891831966
3848,0.06367193727026633
3849,0.07022253290449106
3850,0.058087779623656084
3851,0.05416323627529428
3852,0.0641859830794469
3853,0.08879754819471568
3854,0.04988922249551208
3855,0.05525659780349918
3856,0.05357808213566192
3857,0.07851600614621576
3858,0.06606069483614353
3859,0.047223154046513095
3860,0.04163025248606545
3861,0.0752576298985491
3862,0.07092972921177915
3863,0.07506274996299944
3864,0.04157029896022073
3865,0.05317497058668329
3866,0.05984681422846053
3867,0.05327409774882522
3868,0.07455712447882264
3869,0.0669418926830629
3870,0.07790193691223822
3871,0.06452987810944541
3872,0.06546384230768523
3873,0.03566226481706374
3874,0.08341466370752884
3875,0.0528659989178912
3876,0.06866078990566081
3877,0.08748188580774786
3878,0.05419075508678833
3879,0.06348148202926587
3880,0.0692343912980094
3881,0.06727155736357027
3882,0.05583582091332132
3883,0.06831886076379588
3884,0.07312181650477853
3885,0.08111538283734454
3886,0.07523240052779573
3887,0.06153968379645471
3888,0.05817878226537333
3889,0.0571055114466172
3890,0.06915519636040192
3891,0.05879939742925463
3892,0.028255063527177562
3893,0.056140558413650975
3894,0.08992695987676733
3895,0.04285183977184009
3896,0.06595775640833323
3897,0.048067137021778325
3898,0.06385096478563458
3899,0.06144709617688889
3900,0.04178641568452954
3901,0.0947064005417713
3902,0.05861919831286477
3903,0.057387781875430054
3904,0.06285850997782004
3905,0.03327974359499517
3906,0.05648055108729269
3907,0.05890055363552766
3908,0.06665861275633411
3909,0.049459298758824675
3910,0.04143404980828939
3911,0.05252686938659249
3912,0.05329184813671382
3913,0.06279910575455841
3914,0.05909031451146088
3915,0.05527905295087182
3916,0.06648385938331795
3917,0.05226456320932399
3918,0.06712953943199161
3919,0.07099218786202302
3920,0.06572251285008848
3921,0.0526412653110071
3922,0.06132467984335638
3923,0.03963555820925031
3924,0.050289332688548745
3925,0.05553372313881916
3926,0.052142918117595013
3927,0.05176880473788797
3928,0.06930508780710111
3929,0.07392611876478151
3930,0.040388872968807395
3931,0.06879364501051391
3932,0.05493864998353486
3933,0.0618573344964219
3934,0.058074300107760005
3935,0.053152088962223586
3936,0.06864007670203004
3937,0.05606653985025903
3938,0.08183414569789225
3939,0.06264426238234151
3940,0.07145219378186013
3941,0.05838932791048107
3942,0.05657969447444777
3943,0.05499583180694933
3944,0.08290210882159343
3945,0.0718059019219142
3946,0.06577629316518391
3947,0.06186924383777167
3948,0.048768277644848076
3949,0.07964429437104993
3950,0.07778646578154279
3951,0.07417697264004852
3952,0.05005704186065157
3953,0.05380843377700682
3954,0.07183447479879643
3955,0.04410529432702181
3956,0.0532739883457238
3957,0.07211472426177144
3958,0.062393468876201924
3959,0.0828154893009978
3960,0.05624882896929702
3961,0.058544266181461
3962,0.06363509927784144
3963,0.0483662593405964
3964,0.061447554689551265
3965,0.07148365223888598
3966,0.05753583469532686
3967,0.08795194010869513
3968,0.062256286861822926
3969,0.06167209957254563
3970,0.0776118974080538
3971,0.06986638546241261
3972,0.06090279155564231
3973,0.06220276174134833
3974,0.05414444353203142
3975,0.04822620894036412
3976,0.07383388339934398
3977,0.049208399318773625
3978,0.03807407418773942
3979,0.06314699865972508
3980,0.0787784739292128
3981,0.06276110706360355
3982,0.057161257839435924
3983,0.05395354171625398
3984,0.06450637562644072
3985,0.05211537277908178
3986,0.06441293449605702
3987,0.03632464483054199
3988,0.04358117519094186
3989,0.05103354919205625
3990,0.06631672161191622
3991,0.08027684914372432
3992,0.05847252007034361
3993,0.04058173246773265
3994,0.05115709165887082
3995,0.05114492120214009
3996,0.07078564518443384
3997,0.07668442793343394
3998,0.05212038601112542
3999,0.08869811119755651
4000,0.055829102276800775
4001,0.04903397562287298
4002,0.04700149035439434
4003,0.08401134585253114
4004,0.04993034729832466
4005,0.052947454073800505
4006,0.04656747584847563
4007,0.05103926684551501
4008,0.057337886158287006
4009,0.041407974368060506
4010,0.05634589479632003
4011,0.06531619229602285
4012,0.05218755004820217
4013,0.05837762231591236
4014,0.06669983133302985
4015,0.07568036013921849
4016,0.06478375536174238
4017,0.056709837831905044
4018,0.07762887879910443
4019,0.0696513686120285
4020,0.0751017010975165
4021,0.044912317381296744
4022,0.0524150513351709
4023,0.06632320902059713
4024,0.057943659127991924
4025,0.026692828690420542
4026,0.051464813633715426
4027,0.04293389956277398
4028,0.07299747986163972
4029,0.1066292587094255
4030,0.0761923731180755
4031,0.06528829921251467
4032,0.08227069903081224
4033,0.05616210063807152
4034,0.09081432324106958
4035,0.029634784646631065
4036,0.061654514954775835
4037,0.052963716186823426
4038,0.05041601654835404
4039,0.04754185058492217
4040,0.0673461395817493
4041,0.08567178280667938
4042,0.06539456495976452
4043,0.06246924591377271
4044,0.06553355391805721
4045,0.06632355551977497
4046,0.05968789531284789
4047,0.06707262270237581
4048,0.06421851790839474
4049,0.059714229989462686
4050,0.05487790681379948
4051,0.0650851924181118
4052,0.0709836896915562
4053,0.06048740229560485
4054,0.04145440412444037
4055,0.044538542917942674
4056,0.05278056210766447
4057,0.07370240803643628
4058,0.05539405162988078
4059,0.05510315252613492
4060,0.06005561690297307
4061,0.07039654988758788
4062,0.03823135274767721
4063,0.06591681197864956
4064,0.06972401382056523
4065,0.03733003426059019
4066,0.05962820927884149
4067,0.045050564624401185
4068,0.05000489438964732
4069,0.05482870146921009
4070,0.0751245125800942
4071,0.0557556077568363
4072,0.0602183191193767
4073,0.0526980083671516
4074,0.04319961050366498
4075,0.06998495287869819
4076,0.08242095639597767
4077,0.03453578698825935
4078,0.041798816173349865
4079,0.07424359664022537
4080,0.07391006323705056
4081,0.053589302468405015
4082,0.04122761624005061
4083,0.07359870793817476
4084,0.05440418029060122
4085,0.06631731378338118
4086,0.05641730468562576
4087,0.05792018067522786
4088,0.06816372216883365
4089,0.054009339810384006
4090,0.05371148334958691
4091,0.04758274626655063
4092,0.057576921762766714
4093,0.057992987139490394
4094,0.061542350538726
4095,0.06506635837454638
4096,0.059016542048233894
4097,0.06654474863732351
4098,0.08261239648480298
4099,0.07141971367850546
4100,0.06371746589410701
4101,0.05520063878600413
4102,0.043621436718786454
4103,0.0482816170059028
4104,0.049662993611923875
4105,0.0658645840299424
4106,0.07038425891836696
4107,0.06501136295629018
4108,0.07934405124605085
4109,0.04637776369527747
4110,0.057438993922436656
4111,0.07250932216275269
4112,0.0606326339938849
4113,0.053400049261484485
4114,0.05726482996801512
4115,0.06627769600260863
4116,0.08372681983995442
4117,0.07079645953688429
4118,0.05903581814812862
4119,0.06522214191431495
4120,0.05420401139213383
4121,0.06999621857339065
4122,0.07145042693194541
4123,0.05473196086845574
4124,0.051599468532786213
4125,0.05542327569182859
4126,0.06428234984806067
4127,0.09212590326767228
4128,0.059638830856326146
4129,0.05594709779897648
4130,0.06056499549094608
4131,0.05173594520888234
4132,0.05808180796116605
4133,0.05966082100768535
4134,0.08036769793224602
4135,0.06300752895754887
4136,0.06240946665444829
4137,0.05110274762985819
4138,0.06571049978898516
4139,0.058189166809137695
4140,0.05929623557475142
4141,0.060786514293339575
4142,0.05961990553243835
4143,0.07381065130428711
4144,0.05363807982416594
4145,0.051837010060971495
4146,0.06359606323675383
4147,0.04752872474363024
4148,0.06081771845242613
4149,0.06214277711335084
4150,0.07513274865650013
4151,0.07201737533691514
4152,0.06900521179476413
4153,0.07283494187251258
4154,0.06972528729605983
4155,0.04689719140600632
4156,0.04903593528003994
4157,0.05676557540320832
4158,0.04229274741380971
4159,0.06426811122125085
4160,0.08191865707139304
4161,0.0893055053518594
4162,0.0551041945648668
4163,0.05985571683906011
4164,0.06326548282835076
4165,0.055280646653590185
4166,0.07723055384472806
4167,0.06739544929034558
4168,0.06503316559713483
4169,0.05120449580445733
4170,0.0564132473985463
4171,0.061831248183378984
4172,0.0632625307438084
4173,0.06151246234463315
4174,0.0575236500000518
4175,0.059807564464763305
4176,0.06968171435195551
4177,0.05017389249173309
4178,0.06581004417837773
4179,0.05628755644576562
4180,0.068681303751991
4181,0.06234055835934926
4182,0.06718264477852462
4183,0.04722388423101373
4184,0.05186057212910517
4185,0.07486242276023351
4186,0.07359399316067551
4187,0.058327658278924645
4188,0.047770986254705425
4189,0.06670424100182458
4190,0.060043590123086236
4191,0.07766111915340829
4192,0.05093625382020502
4193,0.050073547405678744
4194,0.05928086915589634
4195,0.07234243390484252
4196,0.05057645698300636
4197,0.05067496230406084
4198,0.06586147573288927
4199,0.040201320668472776
4200,0.059248618830591696
4201,0.05909825762872332
4202,0.06700445081076184
4203,0.07212768038392053
4204,0.041416840759299016
4205,0.07176099144455213
4206,0.04355117540176323
4207,0.05568548326530247
4208,0.057249917931172886
4209,0.06194047931172827
4210,0.06525317148983684
4211,0.062300309000481655
4212,0.0838516580071993
4213,0.06261719588641738
4214,0.06588928291904939
4215,0.055678004687589315
4216,0.05389130656656307
4217,0.04641188564739192
4218,0.07376108163850245
4219,0.059068564290236485
4220,0.06371173165585718
4221,0.049914972057286414
4222,0.05285363565214838
4223,0.060554115389610697
4224,0.06792499206155775
4225,0.05884937115527553
4226,0.052757636311619796
4227,0.054015590858447274
4228,0.0716817907825217
4229,0.05861255651759173
4230,0.05099945052745274
4231,0.06832662752708728
4232,0.06393390263538205
4233,0.054364324020593845
4234,0.06065841390932202
4235,0.04950994817976922
4236,0.046523550501533506
4237,0.07827414160618895
4238,0.060234192780027423
4239,0.06287665912108042
4240,0.05799940884315887
4241,0.06962626231080121
4242,0.06353350854813095
4243,0.05222992703368923
4244,0.05381480649662833
4245,0.06008588592570765
4246,0.06453880214566875
4247,0.05011520214287612
4248,0.06900477234374662
4249,0.055782432389343356
4250,0.05884036613868805
4251,0.06205364150123132
4252,0.03901769408620975
4253,0.05421170118538483
4254,0.03721285354821018
4255,0.05958045606521952
4256,0.06262785208298687
4257,0.07350575499901198
4258,0.053480743655974224
4259,0.05281058525180564
4260,0.06393073690526298
4261,0.053007585982268096
4262,0.06719087779224127
4263,0.06312393281965278
4264,0.06498171385926768
4265,0.040126535595088005
4266,0.06828239124357804
4267,0.06414560372070421
4268,0.054081251876445455
4269,0.06435511076573605
4270,0.034415472009622874
4271,0.06726094497819213
4272,0.054889884509012346
4273,0.05077213132261988
4274,0.07047865043942178
4275,0.07174932324497084
4276,0.05690543990623015
4277,0.05906887298078559
4278,0.056334535641068946
4279,0.0484337004527341
4280,0.06037066967047407
4281,0.06833299100144907
4282,0.06483301763340973
4283,0.060056801523631714
4284,0.060112778934543316
4285,0.05803005391096262
4286,0.057669344182455354
4287,0.04621956928818029
4288,0.08211747564249265
4289,0.08188502500002087
4290,0.05671883779028911
4291,0.04778974444334637
4292,0.07861516227894125
4293,0.06265517812410973
4294,0.05715797558121563
4295,0.060182808937813
4296,0.08357804352041318
4297,0.06203747318959826
4298,0.05228979256242369
4299,0.058757698134728586
4300,0.05402115267833637
4301,0.0665724480734383
4302,0.06222186887954123
4303,0.04989992607892534
4304,0.06705658399163587
4305,0.06730635647070445
4306,0.0763419872351163
4307,0.06840353542143024
4308,0.06198261856306014
4309,0.053288940758098605
4310,0.05616999444803463
4311,0.061022405052021556
4312,0.051795876690489046
4313,0.05319756696246055
4314,0.08343998709013216
4315,0.051063942427438176
4316,0.04854781680134496
4317,0.06282794617781907
4318,0.048194468831725755
4319,0.07706647389679495
4320,0.061293270338159185
4321,0.05973078907751874
4322,0.06241980434126299
4323,0.06830593745365873
4324,0.07446124430009611
4325,0.07033617977275962
4326,0.06200146034978354
4327,0.06199977405385368
4328,0.052328071596857366
4329,0.07621547055603552
4330,0.05651053058525696
4331,0.05552809021028762
4332,0.07611069272303356
4333,0.05973454947392925
4334,0.05349159949004259
4335,0.06334456467505972
4336,0.05490835294933494
4337,0.06679461913128516
4338,0.06408886348679585
4339,0.06504785120621911
4340,0.057090575000546526
4341,0.063170290607466
4342,0.07032992893421865
4343,0.06740518351071341
4344,0.056404440498153165
4345,0.063251505965148
4346,0.07355453609308761
4347,0.0463694891139498
4348,0.08404438885545475
4349,0.07026628272113629
4350,0.06902440072159427
4351,0.05291760217899897
4352,0.061230832421995486
4353,0.06107116048747554
4354,0.05684168114483822
4355,0.06255835760435761
4356,0.07320070539367518
4357,0.05792785841004625
4358,0.05464519960246544
4359,0.04761582956538528
4360,0.05902249238235859
4361,0.054286869798484
4362,0.05194159185836955
4363,0.050741803598079616
4364,0.06945308647975103
4365,0.07731871979638529
4366,0.07025795291776718
4367,0.04129567658737644
4368,0.062298548905534254
4369,0.06195987378329853
4370,0.05808326798492628
4371,0.07734964617002664
4372,0.06157986141439266
4373,0.05620477768349636
4374,0.07579520398789215
4375,0.059972704631763754
4376,0.06443268143205842
4377,0.059720267043416896
4378,0.03966598038419328
4379,0.07552619979342325
4380,0.0653278377430606
4381,0.043471245838128954
4382,0.07298826037892223
4383,0.07381229346767748
4384,0.05494229917569876
4385,0.053022453056135635
4386,0.06251808001879348
4387,0.06829557308584581
4388,0.0571221642666646
4389,0.051133258268225
4390,0.059596360223163745
4391,0.05621414631033018
4392,0.07385152524621312
4393,0.07221753132716868
4394,0.05884993849672696
4395,0.070326372161736
4396,0.05768931252145501
4397,0.07221233552927901
4398,0.052145503905769386
4399,0.059790528392110846
4400,0.06237553004859945
4401,0.055585448164772934
4402,0.05495473215407111
4403,0.05635744480352589
4404,0.08500754376908808
4405,0.06707579569222259
4406,0.0560042169611931
4407,0.05498627422615313
4408,0.06312120756980216
4409,0.05942495866490112
4410,0.05680059803986833
4411,0.06667596047084264
4412,0.054860603868454226
4413,0.06348180259615686
4414,0.03967434835961366
4415,0.055587291912808354
4416,0.06079540615673531
4417,0.056534486556717015
4418,0.08317417319231799
4419,0.06937825018800907
4420,0.052848596300270285
4421,0.07415348102778141
4422,0.0705811361000478
4423,0.0727902530400188
4424,0.061841210183850505
4425,0.059075868088333365
4426,0.04660723785354705
4427,0.05310697026880121
4428,0.04055499924011006
4429,0.06427249378279662
4430,0.0741138362872077
4431,0.05401203607218573
4432,0.06251081356759759
4433,0.06289043437306509
4434,0.06899397730037857
4435,0.07838280853959585
4436,0.04514109954572846
4437,0.05080337703509458
4438,0.06575878489812145
4439,0.043879250670620276
4440,0.05751506598961163
4441,0.06075586991328529
4442,0.06995283401574386
4443,0.04823243113911785
4444,0.08210625551876345
4445,0.07774640469706309
4446,0.057920669692967795
4447,0.07827081633350468
4448,0.06002985315250826
4449,0.04130484675616113
4450,0.051932115231447834
4451,0.04867402232756643
4452,0.07241277117898126
4453,0.062401080410433206
4454,0.06162821099344609
4455,0.03971267515309844
4456,0.054476162031750756
4457,0.06584031684946041
4458,0.058163961555947157
4459,0.05495902430023302
4460,0.07398807779696451
4461,0.042511923954147685
4462,0.04862828223136333
4463,0.05753743222961562
4464,0.06356452626648797
4465,0.053771632355753905
4466,0.05257817068209252
4467,0.06017017332504619
4468,0.05554891312040458
4469,0.062238572464591226
4470,0.07419883460797616
4471,0.054361984842400214
4472,0.05551636275256012
4473,0.05325036343876593
4474,0.05510283523464551
4475,0.06707349695445554
4476,0.06534278640530655
4477,0.05804777619193011
4478,0.07933131167653043
4479,0.06298493056860166
4480,0.04699148498083206
4481,0.08557634829011292
4482,0.08391486247649255
4483,0.08840207790350887
4484,0.06393080651277398
4485,0.05827257875599473
4486,0.054805240843832974
4487,0.0636491431508879
4488,0.056304022524422466
4489,0.09299025825049212
4490,0.06993654583011388
4491,0.061097178534086076
4492,0.07721959119070576
4493,0.04508491957875512
4494,0.057420026314435345
4495,0.04351979709430215
4496,0.054017959073423466
4497,0.055847397368493916
4498,0.0612249490310245
4499,0.06900328081206517
4500,0.0747001443918256
4501,0.05584433919631135
4502,0.04563188600111195
4503,0.08172743310307569
4504,0.0862524016632772
4505,0.05908582807241412
4506,0.058509043750325965
4507,0.035896114490905386
4508,0.06428858714301107
4509,0.05940569871513425
4510,0.07512816235640617
4511,0.06048030778115662
4512,0.07756922020010684
4513,0.058397953923723114
4514,0.060117474709653965
4515,0.06792572239080497
4516,0.0660507074773832
4517,0.06932217884047165
4518,0.048066803942754005
4519,0.0703978040661755
4520,0.0785488216222155
4521,0.039477652066043076
4522,0.05437517457281534
4523,0.04775337080930901
4524,0.052502215608135255
4525,0.06725736195850845
4526,0.060445161583276265
4527,0.04915883753730137
4528,0.04957769255600294
4529,0.04967138964660527
4530,0.05201676197735443
4531,0.0686779251921705
4532,0.07676772691038566
4533,0.07377588590652506
4534,0.03871910778703399
4535,0.06203697521899069
4536,0.07730152742986558
4537,0.0554808096631174
4538,0.06079610242303453
4539,0.06329360533214727
4540,0.05357979024892792
4541,0.0659939310060797
4542,0.049442008119196725
4543,0.049917609567471016
4544,0.0662424513825606
4545,0.052741136399775776
4546,0.06254412442112262
4547,0.0686967114976813
4548,0.061360210972856793
4549,0.06087920517167227
4550,0.06397316412233661
4551,0.07462969888498039
4552,0.06645079894714576
4553,0.057823888973553964
4554,0.07768873320496966
4555,0.06375485284192038
4556,0.058229871941493004
4557,0.0601137690850546
4558,0.043748657574027565
4559,0.0701613121607528
4560,0.044763548092179785
4561,0.07529170149485867
4562,0.0688182829399818
4563,0.05964661387987739
4564,0.04780984556067738
4565,0.05770955342513886
4566,0.06985512224517419
4567,0.059553378744646966
4568,0.055570179276373276
4569,0.07465362077999027
4570,0.07215163406647314
4571,0.05990250007723649
4572,0.05596174528847745
4573,0.061919544776444346
4574,0.06170838906719214
4575,0.04911863401752225
4576,0.06898763453449229
4577,0.07087628729696202
4578,0.07705687787521177
4579,0.06101808039358101
4580,0.03885366605231074
4581,0.07164259818982968
4582,0.0643043360247589
4583,0.06149556502122652
4584,0.058158910545676866
4585,0.03928459470401318
4586,0.06750648806462536
4587,0.06739829146054933
4588,0.05128839810418936
4589,0.04374525341121392
4590,0.06104822528781854
4591,0.05062111923564627
4592,0.0697708195754334
4593,0.09060350316604922
4594,0.0540024195949268
4595,0.05769904934617924
4596,0.05872834925424527
4597,0.07335809133701787
4598,0.06638882211065834
4599,0.07654044316661746
4600,0.06198196807315789
4601,0.05325598883907333
4602,0.052340854460157085
4603,0.06707858636260186
4604,0.05499294557084893
4605,0.06117553878580789
4606,0.055343161428828634
4607,0.056759151211162685
4608,0.05275780007354546
4609,0.06154818161232502
4610,0.058975446396881334
4611,0.053246825632593434
4612,0.06962780336548528
4613,0.06975387978780832
4614,0.05284694987639785
4615,0.05962209718482269
4616,0.06966851113846277
4617,0.06640031033439343
4618,0.05338489004495071
4619,0.05741810733448792
4620,0.03668279481213339
4621,0.03965945586289632
4622,0.06977691701628312
4623,0.05175577186085704
4624,0.06422043772276105
4625,0.06609639927285758
4626,0.06733416685754944
4627,0.07361708309464111
4628,0.06663349235769774
4629,0.04939926825817514
4630,0.06925036823962435
4631,0.08544163064616597
4632,0.07732971141079205
4633,0.05033118048101591
4634,0.06793793766337232
4635,0.06158740630147579
4636,0.06940947313439207
4637,0.06183503175627983
4638,0.06962643845262742
4639,0.07360195261014381
4640,0.06949177998998488
4641,0.08310558581385431
4642,0.08085238896090792
4643,0.04640108605357742
4644,0.05446844037365262
4645,0.047156422881331615
4646,0.05241732470619992
4647,0.0559273480181687
4648,0.0670981267775201
4649,0.055602730725163266
4650,0.04797708118167102
4651,0.05726689048477735
4652,0.053865046618859914
4653,0.05037839286801115
4654,0.06422904535750296
4655,0.06462319397023257
4656,0.06798911659718206
4657,0.057767811971032375
4658,0.06421101851857942
4659,0.07296941965250138
4660,0.06977704816279284
4661,0.07039868851883345
4662,0.04890054316198126
4663,0.04115914490777073
4664,0.07015949544418233
4665,0.04456665421041495
4666,0.059758836668707765
4667,0.06647215066232562
4668,0.07795711569133905
4669,0.06316832739436556
4670,0.06909245694560899
4671,0.07771724422724699
4672,0.06071839561263989
4673,0.07038323408973615
4674,0.04213876132189913
4675,0.06099037368859201
4676,0.0821473511966533
4677,0.04483812650107583
4678,0.07522566397026745
4679,0.033649204824649045
4680,0.07622104582339166
4681,0.043543214282002696
4682,0.06825631820793097
4683,0.05274698067822654
4684,0.061894724913281636
4685,0.05829720115298888
4686,0.06081156512408126
4687,0.05577870829099878
4688,0.05925219920025034
4689,0.07067619739539992
4690,0.06188319037501766
4691,0.07971204869084414
4692,0.056548814387307106
4693,0.0678710154630618
4694,0.058127131654208866
4695,0.052978985946080234
4696,0.07658728051679219
4697,0.06706208576920007
4698,0.05981241068565496
4699,0.052445516658339596
4700,0.07769219224014515
4701,0.04751133623075673
4702,0.05054754507885716
4703,0.07057725389874812
4704,0.04993940311511839
4705,0.06670972429784494
4706,0.0723649467710041
4707,0.05486680835495384
4708,0.04144575199818209
4709,0.060575533939936074
4710,0.06882373911321048
4711,0.04235545206258448
4712,0.04662421333252873
4713,0.07573489002315738
4714,0.0714037097863321
4715,0.06031767324514852
4716,0.06460286898579345
4717,0.07958859137862137
4718,0.07072751394755777
4719,0.05208200997439754
4720,0.06544473829871342
4721,0.06389074585080665
4722,0.05480963625372583
4723,0.05991569368205319
4724,0.06584314097539617
4725,0.05635908133558498
4726,0.0807425118848709
4727,0.084891404009549
4728,0.06744934229221967
4729,0.056967872506917
4730,0.05755255051584296
4731,0.06937196781314924
4732,0.07093710882280883
4733,0.0723608086250434
4734,0.046767688386219475
4735,0.054469920762091326
4736,0.0853606262222892
4737,0.05483590940002007
4738,0.03518968736484664
4739,0.06321056063838916
4740,0.08334768446796967
4741,0.06786418666112845
4742,0.06235576923734244
4743,0.06711252793278455
4744,0.04681130954744033
4745,0.04526992538534479
4746,0.058503616415423
4747,0.07271931723583916
4748,0.07210859900560729
4749,0.06536289400160623
4750,0.04636528526392747
4751,0.05442914509134523
4752,0.050316332235430576
4753,0.04918939283245314
4754,0.05440400997275726
4755,0.05889592588182874
4756,0.07477383432794425
4757,0.04170002095590702
4758,0.05913554241532564
4759,0.057627736974419266
4760,0.07160569974408723
4761,0.05500095170582885
4762,0.057963030576847936
4763,0.04279454999164967
4764,0.08514628090985557
4765,0.053951200959738314
4766,0.06210538428716348
4767,0.05383028706334675
4768,0.08918823915618551
4769,0.06781833141511757
4770,0.07974420834820208
4771,0.06331217292593969
4772,0.04930528405261946
4773,0.05033883523656993
4774,0.0650174086625975
4775,0.0625350227310101
4776,0.04676103587774018
4777,0.06013464103124838
4778,0.07972987083949222
4779,0.07073427559993066
4780,0.05140369492089485
4781,0.05101748821925825
4782,0.06706191448477858
4783,0.0438287350469221
4784,0.04347728629121555
4785,0.047239893465028965
4786,0.08143686645803733
4787,0.05379502919103026
4788,0.06946064268703986
4789,0.06322547870326797
4790,0.04815285608506344
4791,0.06998092303865672
4792,0.06434264036528546
4793,0.04258654195848283
4794,0.08193058729376061
4795,0.053819649034051474
4796,0.054837551998924004
4797,0.06856157734333206
4798,0.0703528661465287
4799,0.05402572540434598
4800,0.04869489498418227
4801,0.06362867479576516
4802,0.06047341514353292
4803,0.05434555271456079
4804,0.051083018950229535
4805,0.06544249763078896
4806,0.07152698705689252
4807,0.05378978112475492
4808,0.062211652111531665
4809,0.062149667637833826
4810,0.06526820189169844
4811,0.05051959876435588
4812,0.051340270418829534
4813,0.041139277800006
4814,0.053225294379974336
4815,0.058060788468383945
4816,0.045405809265418005
4817,0.06093344161610002
4818,0.07920950755760885
4819,0.05804151982717029
4820,0.06130299914778637
4821,0.05962176932497362
4822,0.06542066575036112
4823,0.04574187105678715
4824,0.06889849310729987
4825,0.05049706407072114
4826,0.0773584620169376
4827,0.07279309439305504
4828,0.06446646985933073
4829,0.07753036973691835
4830,0.06280810736182156
4831,0.05115879496056357
4832,0.05989344052697016
4833,0.07304259402441703
4834,0.06327748216891117
4835,0.05100647599272716
4836,0.047394974001380104
4837,0.05897903225282303
4838,0.05694213253645763
4839,0.06447590046378987
4840,0.05609871301103904
4841,0.050853012722470135
4842,0.05432882837749105
4843,0.07689033173322007
4844,0.0698053904997956
4845,0.05126778117753662
4846,0.06439086078222904
4847,0.058510822598474406
4848,0.0437854633821121
4849,0.06275194968126678
4850,0.06761329730760345
4851,0.0664179399966978
4852,0.036485324763110026
4853,0.0433402429753458
4854,0.0605059558085706
4855,0.05292593785298664
4856,0.0604100499850643
4857,0.06414019680783693
4858,0.03730489897777978
4859,0.062047543839010774
4860,0.04939374539963769
4861,0.06057099451148264
4862,0.0546051215651183
4863,0.05930464238588221
4864,0.07822507727113133
4865,0.05937747033115276
4866,0.05905914459586538
4867,0.05381654345180879
4868,0.07133380584566928
4869,0.05478432769242367
4870,0.06523979535080798
4871,0.04872505998128745
4872,0.07014966348526466
4873,0.06608917805641855
4874,0.04361164772943572
4875,0.06728036928249875
4876,0.04988408327813894
4877,0.05563352607651244
4878,0.07287149013625818
4879,0.04860760919326653
4880,0.05779969258860451
4881,0.06641582701294871
4882,0.050626361682058446
4883,0.0670006400119174
4884,0.0702780793974028
4885,0.08434034497504254
4886,0.060895435744461
4887,0.06019793532613668
4888,0.04762878330745388
4889,0.06970087115276714
4890,0.05920957172778792
4891,0.06222546760183133
4892,0.05066876789572054
4893,0.057611616764333705
4894,0.05382201242230056
4895,0.08749197953707029
4896,0.05541689602124029
4897,0.05286168709127025
4898,0.04815508746080836
4899,0.06350682752023039
4900,0.06652349164895979
4901,0.08285587472507572
4902,0.056318527965686906
4903,0.08067156600970331
4904,0.06757643912817032
4905,0.06976420382509353
4906,0.06628738430948401
4907,0.06720768378416246
4908,0.06092855437974136
4909,0.0696909289243335
4910,0.058917977966902166
4911,0.0575275099949903
4912,0.04471802764780004
4913,0.07600381595979823
4914,0.05150272411861914
4915,0.07822901690135456
4916,0.07061786125139828
4917,0.05243335560758679
4918,0.05605936926214563
4919,0.059912212936799915
4920,0.0693266374488373
4921,0.06209449269610373
4922,0.04350278410585543
4923,0.0711354163192924
4924,0.060229955970290176
4925,0.056688031799465965
4926,0.06197215839273425
4927,0.06179948502702123
4928,0.06808631258604136
4929,0.05940009987598288
4930,0.0663489751859393
4931,0.08402200690728172
4932,0.07555468957358347
4933,0.05259196584014173
4934,0.08771474320880177
4935,0.057209432218345985
4936,0.06915882040774904
4937,0.0759280712562433
4938,0.0685716440538185
4939,0.05210483613588263
4940,0.04724484673407899
4941,0.05637203668226116
4942,0.06507808706892294
4943,0.08873237998739984
4944,0.06019117792911419
4945,0.03882591238877463
4946,0.06445086759775151
4947,0.06091032166427205
4948,0.048892112175925706
4949,0.06947750662637202
4950,0.08361427941383381
4951,0.07584987888820181
4952,0.08345721104120159
4953,0.05688644131396785
4954,0.04986985893124943
4955,0.07379661925282048
4956,0.04968808723790339
4957,0.039851531706970554
4958,0.06370912289064141
4959,0.06030190266128367
4960,0.07064530352740125
4961,0.055522306374467596
4962,0.06803524896424554
4963,0.06542527848416982
4964,0.048377491914103815
4965,0.056691767220724526
4966,0.05269469845814039
4967,0.055181090580195
4968,0.05382475820470842
4969,0.05489895225018663
4970,0.06833108703498982
4971,0.06495917348509067
4972,0.036213820127989266
4973,0.0479878103391525
4974,0.0528902995086157
4975,0.07281675668339412
4976,0.06222776000591325
4977,0.05123621348180296
4978,0.06541550223105619
4979,0.06505982681242022
4980,0.06342744074073509
4981,0.04022511871200963
4982,0.06550814605922599
4983,0.06072504873725418
4984,0.06337658202007196
4985,0.05074376364990649
4986,0.04896273319686452
4987,0.07361027973449491
4988,0.06882128108429732
4989,0.06779086586586425
4990,0.07118432285427158
4991,0.04918777197553753
4992,0.05136072315874026
4993,0.07678459466885623
4994,0.05211780178414843
4995,0.05622464338489044
4996,0.06356797715433214
4997,0.07472779825100678
4998,0.06881878243459356
4999,0.0480094284662142
