packet_index,payload_symbol_index,gt_bin,top1_bin,gt_in_stage1_top_l,gt_stage1_rank,gt_in_viterbi_candidates,gt_viterbi_rank,top1_margin_db,top1_peak_to_median_db,top1_coherence,multi_bin,multi_hit,multi_error_type,v3_bin,v3_hit,v3_error_type,phase_line_bin,phase_line_hit,phase_line_error_type,phase_dp_first_bin,phase_dp_first_hit,phase_dp_first_error_type,phase_dp_second_bin,phase_dp_second_hit,phase_dp_second_error_type,phase_dp_second_anchor_bin,phase_dp_second_anchor_hit,phase_dp_second_anchor_error_type,dataset,target_snr_db
1,0,222,222,1,1,1,1,0.4110649301436,6.634263173904165,0.9253769396314355,222,1,hit,222,1,hit,222,1,hit,222,1,hit,222,1,hit,222,1,hit,0_0_0_10_14_16,-22.0
1,1,826,228,0,0,0,0,0.3046885928779606,5.257316297314835,0.40146281096703723,228,0,gt_missing_top_l,242,0,gt_missing_top_l,228,0,gt_missing_top_l,242,0,gt_missing_top_l,1015,0,gt_missing_top_l,1015,0,gt_missing_top_l,0_0_0_10_14_16,-22.0
1,2,922,922,1,1,1,1,0.8785064988732476,6.835719326534666,0.9655456936603403,922,1,hit,922,1,hit,922,1,hit,922,1,hit,922,1,hit,922,1,hit,0_0_0_10_14_16,-22.0
1,3,718,718,1,1,1,1,1.3816232245915403,6.889745655149037,0.99431064670159,718,1,hit,718,1,hit,718,1,hit,718,1,hit,718,1,hit,718,1,hit,0_0_0_10_14_16,-22.0
1,4,107,107,1,1,1,1,1.8070887346210587,7.567985421921852,0.9546259562179912,107,1,hit,107,1,hit,107,1,hit,107,1,hit,107,1,hit,107,1,hit,0_0_0_10_14_16,-22.0
1,5,468,468,1,1,1,1,1.3721006564038003,6.962212471213403,0.9317325838542234,468,1,hit,468,1,hit,468,1,hit,468,1,hit,468,1,hit,468,1,hit,0_0_0_10_14_16,-22.0
1,6,89,921,1,2,1,2,0.47678584106556704,6.29268423020674,0.4564582255087562,921,0,selectable_miss,89,1,hit,89,1,hit,89,1,hit,89,1,hit,89,1,hit,0_0_0_10_14_16,-22.0
1,7,713,713,1,1,1,1,1.1675165042458815,7.256718551453641,0.9209678715154409,713,1,hit,713,1,hit,713,1,hit,713,1,hit,713,1,hit,713,1,hit,0_0_0_10_14_16,-22.0
1,8,865,865,1,1,1,1,2.8784643866171318,7.967012361099014,0.8976961204390074,865,1,hit,865,1,hit,865,1,hit,865,1,hit,865,1,hit,865,1,hit,0_0_0_10_14_16,-22.0
1,9,492,492,1,1,1,1,0.6107233692886975,5.768638563723987,0.9700891970771693,492,1,hit,492,1,hit,994,0,selectable_miss,492,1,hit,492,1,hit,492,1,hit,0_0_0_10_14_16,-22.0
1,10,765,765,1,1,1,1,0.4758339299017138,7.4201978279392735,0.9680402006031612,765,1,hit,765,1,hit,858,0,selectable_miss,765,1,hit,765,1,hit,765,1,hit,0_0_0_10_14_16,-22.0
1,11,1023,1023,1,1,1,1,0.783560855729874,6.685211591879967,0.957793670311224,1023,1,hit,1023,1,hit,1023,1,hit,1023,1,hit,1023,1,hit,1023,1,hit,0_0_0_10_14_16,-22.0
1,12,597,548,1,8,1,8,0.06276788265669958,5.205212455884175,0.7004603719277944,548,0,selectable_miss,597,1,hit,597,1,hit,597,1,hit,597,1,hit,597,1,hit,0_0_0_10_14_16,-22.0
1,13,562,562,1,1,1,1,0.34515172816796713,5.594974875997501,0.9946894394235836,562,1,hit,562,1,hit,562,1,hit,562,1,hit,562,1,hit,562,1,hit,0_0_0_10_14_16,-22.0
1,14,478,478,1,1,1,1,0.25525942954134756,5.740990019836505,0.9435262360241358,478,1,hit,478,1,hit,478,1,hit,478,1,hit,478,1,hit,478,1,hit,0_0_0_10_14_16,-22.0
1,15,267,267,1,1,1,1,0.5123650984149715,6.668687191785297,0.8658824231213749,267,1,hit,267,1,hit,267,1,hit,267,1,hit,267,1,hit,267,1,hit,0_0_0_10_14_16,-22.0
1,16,917,917,1,1,1,1,1.5327100728743073,6.903476759661556,0.9762886408418103,917,1,hit,917,1,hit,917,1,hit,917,1,hit,917,1,hit,917,1,hit,0_0_0_10_14_16,-22.0
1,17,656,656,1,1,1,1,1.434892097766717,6.89146153061542,0.9116136857926184,656,1,hit,656,1,hit,784,0,selectable_miss,656,1,hit,656,1,hit,656,1,hit,0_0_0_10_14_16,-22.0
1,18,889,264,1,4,1,4,0.45857589376731844,5.717070130769391,0.0629324889742346,264,0,selectable_miss,889,1,hit,249,0,selectable_miss,889,1,hit,889,1,hit,889,1,hit,0_0_0_10_14_16,-22.0
1,19,510,510,1,1,1,1,3.157037125721111,8.242285188724747,0.9528819850961845,510,1,hit,510,1,hit,510,1,hit,510,1,hit,510,1,hit,510,1,hit,0_0_0_10_14_16,-22.0
1,20,860,860,1,1,1,1,1.3653845961038416,7.251369998868189,0.9097847360070869,860,1,hit,860,1,hit,860,1,hit,860,1,hit,860,1,hit,860,1,hit,0_0_0_10_14_16,-22.0
1,21,553,553,1,1,1,1,3.1643390969826797,8.402937828424871,0.8676541937171801,553,1,hit,553,1,hit,553,1,hit,553,1,hit,553,1,hit,553,1,hit,0_0_0_10_14_16,-22.0
1,22,629,629,1,1,1,1,1.005217496517758,6.937952259772828,0.9922042206631495,629,1,hit,629,1,hit,629,1,hit,629,1,hit,629,1,hit,629,1,hit,0_0_0_10_14_16,-22.0
1,23,759,525,0,0,0,0,0.019204249230836176,4.7714432839477015,0.8653920977743578,525,0,gt_missing_top_l,525,0,gt_missing_top_l,627,0,gt_missing_top_l,870,0,gt_missing_top_l,727,0,gt_missing_top_l,727,0,gt_missing_top_l,0_0_0_10_14_16,-22.0
1,24,874,874,1,1,1,1,0.9842175857733398,6.797755451895894,0.911471182833165,874,1,hit,874,1,hit,1008,0,selectable_miss,874,1,hit,874,1,hit,874,1,hit,0_0_0_10_14_16,-22.0
1,25,720,720,1,1,1,1,0.48897758179295653,6.783647358035159,0.9726403629808943,720,1,hit,720,1,hit,720,1,hit,720,1,hit,720,1,hit,720,1,hit,0_0_0_10_14_16,-22.0
1,26,314,314,1,1,1,1,1.845482820707507,7.211207361348238,0.8977217070831222,314,1,hit,314,1,hit,314,1,hit,314,1,hit,314,1,hit,314,1,hit,0_0_0_10_14_16,-22.0
1,27,602,602,1,1,1,1,1.5411264489843082,7.75843524032263,0.9665119511874917,602,1,hit,602,1,hit,391,0,selectable_miss,602,1,hit,602,1,hit,602,1,hit,0_0_0_10_14_16,-22.0
1,28,7,6,1,3,1,3,0.08965429936446527,6.1507815865873745,0.870872673670463,6,0,selectable_miss,7,1,hit,7,1,hit,7,1,hit,7,1,hit,7,1,hit,0_0_0_10_14_16,-22.0
1,29,610,610,1,1,1,1,0.8275015407040656,6.401783283159493,0.9493484560834223,610,1,hit,610,1,hit,588,0,selectable_miss,610,1,hit,610,1,hit,610,1,hit,0_0_0_10_14_16,-22.0
1,30,807,807,1,1,1,1,0.7558172208269587,6.886818510505599,0.9356331238127616,807,1,hit,807,1,hit,142,0,selectable_miss,807,1,hit,807,1,hit,807,1,hit,0_0_0_10_14_16,-22.0
1,31,897,897,1,1,1,1,0.18441122130425835,6.9619268931231835,0.979284706640554,897,1,hit,897,1,hit,214,0,selectable_miss,897,1,hit,897,1,hit,897,1,hit,0_0_0_10_14_16,-22.0
1,32,749,749,1,1,1,1,2.2327295644940324,7.967687501223322,0.9894772895070038,749,1,hit,749,1,hit,749,1,hit,749,1,hit,749,1,hit,749,1,hit,0_0_0_10_14_16,-22.0
1,33,584,584,1,1,1,1,1.3679525463888655,7.597992362808821,0.916370087090286,584,1,hit,584,1,hit,423,0,selectable_miss,584,1,hit,584,1,hit,584,1,hit,0_0_0_10_14_16,-22.0
1,34,934,1018,1,3,1,3,0.7557529583064204,6.174948187475722,0.8073673876320273,1018,0,selectable_miss,934,1,hit,57,0,selectable_miss,934,1,hit,1018,0,selectable_miss,1018,0,selectable_miss,0_0_0_10_14_16,-22.0
2,0,803,803,1,1,1,1,1.0426101776545258,7.769985313327626,0.9208984549402954,803,1,hit,803,1,hit,803,1,hit,803,1,hit,803,1,hit,803,1,hit,0_0_0_10_14_16,-22.0
2,1,826,336,1,4,1,4,0.2006598258780566,6.068537803574956,0.37612149954129226,336,0,selectable_miss,826,1,hit,485,0,selectable_miss,826,1,hit,826,1,hit,826,1,hit,0_0_0_10_14_16,-22.0
2,2,922,922,1,1,1,1,1.9434103106787401,8.623185215474287,0.9592306535687467,922,1,hit,922,1,hit,922,1,hit,922,1,hit,922,1,hit,922,1,hit,0_0_0_10_14_16,-22.0
2,3,718,718,1,1,1,1,1.7882783375668132,7.360783860281442,0.9787584899198738,718,1,hit,718,1,hit,718,1,hit,718,1,hit,718,1,hit,718,1,hit,0_0_0_10_14_16,-22.0
2,4,86,86,1,1,1,1,0.09972562043634378,5.508609671806335,0.980724978486816,86,1,hit,86,1,hit,86,1,hit,86,1,hit,86,1,hit,86,1,hit,0_0_0_10_14_16,-22.0
2,5,468,109,1,3,1,3,0.0636849783509206,5.2702765133260705,0.5065943882714378,109,0,selectable_miss,468,1,hit,109,0,selectable_miss,468,1,hit,468,1,hit,468,1,hit,0_0_0_10_14_16,-22.0
2,6,89,89,1,1,1,1,1.7672040888977367,6.970487755473779,0.9988675663098024,89,1,hit,89,1,hit,89,1,hit,89,1,hit,89,1,hit,89,1,hit,0_0_0_10_14_16,-22.0
2,7,713,713,1,1,1,1,1.1678041260837804,7.300453502347928,0.9799518912668231,713,1,hit,713,1,hit,713,1,hit,713,1,hit,713,1,hit,713,1,hit,0_0_0_10_14_16,-22.0
2,8,865,865,1,1,1,1,3.2800905087121284,7.809371483866298,0.9519446121158809,865,1,hit,865,1,hit,865,1,hit,865,1,hit,865,1,hit,865,1,hit,0_0_0_10_14_16,-22.0
2,9,492,971,1,14,1,14,0.235981102850432,5.328687367055176,0.3050717862066737,971,0,selectable_miss,371,0,selectable_miss,371,0,selectable_miss,371,0,selectable_miss,371,0,selectable_miss,371,0,selectable_miss,0_0_0_10_14_16,-22.0
2,10,765,765,1,1,1,1,1.6265674585440353,6.686965102065613,0.9345172107053255,765,1,hit,765,1,hit,765,1,hit,765,1,hit,765,1,hit,765,1,hit,0_0_0_10_14_16,-22.0
2,11,1023,1023,1,1,1,1,0.22685927138775452,5.964188613877557,0.9898414850470123,1023,1,hit,1023,1,hit,1023,1,hit,1023,1,hit,1023,1,hit,1023,1,hit,0_0_0_10_14_16,-22.0
2,12,597,677,1,2,1,2,0.30842580256303215,5.7199771340735905,0.5549062138541027,677,0,selectable_miss,597,1,hit,597,1,hit,597,1,hit,597,1,hit,597,1,hit,0_0_0_10_14_16,-22.0
2,13,562,562,1,1,1,1,0.8249524508605212,6.83569039871899,0.9302788401503935,562,1,hit,562,1,hit,562,1,hit,562,1,hit,562,1,hit,562,1,hit,0_0_0_10_14_16,-22.0
2,14,478,478,1,1,1,1,3.268760263040436,8.7703220753832,0.9884200214696715,478,1,hit,478,1,hit,478,1,hit,478,1,hit,478,1,hit,478,1,hit,0_0_0_10_14_16,-22.0
2,15,267,267,1,1,1,1,2.6757209719251303,8.453142851763886,0.9452658525475056,267,1,hit,267,1,hit,267,1,hit,267,1,hit,267,1,hit,267,1,hit,0_0_0_10_14_16,-22.0
2,16,917,917,1,1,1,1,0.32504065212262706,5.897615266677202,0.9622419100731195,917,1,hit,917,1,hit,917,1,hit,917,1,hit,917,1,hit,917,1,hit,0_0_0_10_14_16,-22.0
2,17,656,656,1,1,1,1,0.3218813453887147,5.917033687599071,0.994837900648503,656,1,hit,656,1,hit,656,1,hit,656,1,hit,656,1,hit,656,1,hit,0_0_0_10_14_16,-22.0
2,18,889,889,1,1,1,1,3.965807868853552,10.136211424706211,0.9590284843460261,889,1,hit,889,1,hit,889,1,hit,889,1,hit,889,1,hit,889,1,hit,0_0_0_10_14_16,-22.0
2,19,510,706,1,2,1,2,0.11072700673623767,5.496774380777407,0.6865162362898183,706,0,selectable_miss,510,1,hit,510,1,hit,510,1,hit,510,1,hit,510,1,hit,0_0_0_10_14_16,-22.0
2,20,860,416,1,4,1,4,0.2065060794866746,5.897044405438785,0.22890474054486504,416,0,selectable_miss,860,1,hit,860,1,hit,860,1,hit,860,1,hit,860,1,hit,0_0_0_10_14_16,-22.0
2,21,553,553,1,1,1,1,1.5545920594068805,7.029387385794955,0.9671496744091548,553,1,hit,553,1,hit,553,1,hit,553,1,hit,553,1,hit,553,1,hit,0_0_0_10_14_16,-22.0
2,22,629,629,1,1,1,1,0.9161266531806576,6.866676565624478,0.9902392819091077,629,1,hit,629,1,hit,629,1,hit,629,1,hit,629,1,hit,629,1,hit,0_0_0_10_14_16,-22.0
2,23,759,759,1,1,1,1,2.3460898059894797,7.943583026082867,0.9966504469832846,759,1,hit,759,1,hit,759,1,hit,759,1,hit,759,1,hit,759,1,hit,0_0_0_10_14_16,-22.0
2,24,874,874,1,1,1,1,3.173103485023485,8.778983967215307,0.995790331305204,874,1,hit,874,1,hit,874,1,hit,874,1,hit,874,1,hit,874,1,hit,0_0_0_10_14_16,-22.0
2,25,720,721,1,2,1,2,0.3043174779353668,6.9150724537203425,0.11272823028481312,721,0,selectable_miss,720,1,hit,128,0,selectable_miss,720,1,hit,720,1,hit,720,1,hit,0_0_0_10_14_16,-22.0
2,26,314,1021,1,11,1,11,1.6217677796382632,6.925357663537611,0.6720436550543635,1021,0,selectable_miss,1021,0,selectable_miss,314,1,hit,314,1,hit,314,1,hit,314,1,hit,0_0_0_10_14_16,-22.0
2,27,602,602,1,1,1,1,1.7724738843114936,7.2564156513067815,0.981915535947525,602,1,hit,602,1,hit,602,1,hit,602,1,hit,602,1,hit,602,1,hit,0_0_0_10_14_16,-22.0
2,28,7,7,1,1,1,1,0.255113704065324,5.48276182573656,0.9728930981626854,7,1,hit,7,1,hit,7,1,hit,7,1,hit,7,1,hit,7,1,hit,0_0_0_10_14_16,-22.0
2,29,610,610,1,1,1,1,2.219208573999768,7.408620920419889,0.9137593806612458,610,1,hit,610,1,hit,610,1,hit,610,1,hit,610,1,hit,610,1,hit,0_0_0_10_14_16,-22.0
2,30,775,827,0,0,0,0,1.038819555502047,5.96722125580019,0.8661636432161306,827,0,gt_missing_top_l,827,0,gt_missing_top_l,550,0,gt_missing_top_l,954,0,gt_missing_top_l,827,0,gt_missing_top_l,827,0,gt_missing_top_l,0_0_0_10_14_16,-22.0
2,31,912,912,1,1,1,1,1.9817872491822544,7.524522479813883,0.9817756983527484,912,1,hit,912,1,hit,912,1,hit,912,1,hit,912,1,hit,912,1,hit,0_0_0_10_14_16,-22.0
2,32,768,768,1,1,1,1,2.5196397551956746,8.43717142051487,0.8965734708752912,768,1,hit,768,1,hit,768,1,hit,768,1,hit,768,1,hit,768,1,hit,0_0_0_10_14_16,-22.0
2,33,581,581,1,1,1,1,1.5112283276442617,7.111652295570073,0.9288859038362544,581,1,hit,581,1,hit,138,0,selectable_miss,581,1,hit,581,1,hit,581,1,hit,0_0_0_10_14_16,-22.0
2,34,93,93,1,1,1,1,2.1783593587004186,7.891332433656278,0.9467421831536672,93,1,hit,93,1,hit,93,1,hit,93,1,hit,93,1,hit,93,1,hit,0_0_0_10_14_16,-22.0
3,0,222,447,1,4,1,4,0.3256331256681683,6.0173127559424655,0.7788026538870648,447,0,selectable_miss,222,1,hit,521,0,selectable_miss,497,0,selectable_miss,497,0,selectable_miss,497,0,selectable_miss,0_0_0_10_14_16,-22.0
3,1,711,83,0,0,0,0,0.48626848906786896,5.867376616039271,0.8126013234387478,83,0,gt_missing_top_l,83,0,gt_missing_top_l,820,0,gt_missing_top_l,83,0,gt_missing_top_l,83,0,gt_missing_top_l,83,0,gt_missing_top_l,0_0_0_10_14_16,-22.0
3,2,871,626,1,4,1,4,0.42959630220031786,6.1507276375935716,0.2770465731010213,626,0,selectable_miss,858,0,selectable_miss,871,1,hit,858,0,selectable_miss,858,0,selectable_miss,858,0,selectable_miss,0_0_0_10_14_16,-22.0
3,3,718,718,1,1,1,1,0.27449511276788197,5.989266662183098,0.9850784849246816,718,1,hit,718,1,hit,646,0,selectable_miss,718,1,hit,718,1,hit,718,1,hit,0_0_0_10_14_16,-22.0
3,4,107,697,1,14,1,14,0.3604558286072661,5.382442356967696,0.5716681800673227,697,0,selectable_miss,107,1,hit,0,0,selectable_miss,107,1,hit,107,1,hit,107,1,hit,0_0_0_10_14_16,-22.0
3,5,468,468,1,1,1,1,2.158125065894795,7.903969745555136,0.9707484085400284,468,1,hit,468,1,hit,468,1,hit,468,1,hit,468,1,hit,468,1,hit,0_0_0_10_14_16,-22.0
3,6,89,89,1,1,1,1,1.3012332849522312,6.1864134949115925,0.9051030128410388,89,1,hit,89,1,hit,89,1,hit,89,1,hit,89,1,hit,89,1,hit,0_0_0_10_14_16,-22.0
3,7,713,713,1,1,1,1,1.615399947720202,6.784605534599905,0.957831553288949,713,1,hit,713,1,hit,713,1,hit,713,1,hit,713,1,hit,713,1,hit,0_0_0_10_14_16,-22.0
3,8,865,865,1,1,1,1,0.8365271702460904,6.540945647009164,0.9105471482465466,865,1,hit,865,1,hit,541,0,selectable_miss,865,1,hit,865,1,hit,865,1,hit,0_0_0_10_14_16,-22.0
3,9,492,492,1,1,1,1,0.612207605699149,5.663319356038155,0.9892975651640493,492,1,hit,492,1,hit,492,1,hit,492,1,hit,492,1,hit,492,1,hit,0_0_0_10_14_16,-22.0
3,10,765,765,1,1,1,1,0.4099474506358535,7.139032348613419,0.965542840225792,765,1,hit,765,1,hit,769,0,selectable_miss,765,1,hit,765,1,hit,765,1,hit,0_0_0_10_14_16,-22.0
3,11,1023,1022,0,0,0,0,0.17919536071272513,6.58166125789665,0.6859542636831313,1022,0,gt_missing_top_l,638,0,gt_missing_top_l,125,0,gt_missing_top_l,125,0,gt_missing_top_l,125,0,gt_missing_top_l,125,0,gt_missing_top_l,0_0_0_10_14_16,-22.0
3,12,597,597,1,1,1,1,0.9905994769079536,6.083348208887658,0.8679501784868897,597,1,hit,597,1,hit,3,0,selectable_miss,597,1,hit,597,1,hit,597,1,hit,0_0_0_10_14_16,-22.0
3,13,562,359,1,4,1,4,0.07538853412040152,6.392979278811359,0.5604276950694056,359,0,selectable_miss,562,1,hit,562,1,hit,562,1,hit,562,1,hit,562,1,hit,0_0_0_10_14_16,-22.0
3,14,478,478,1,1,1,1,0.5858406439034345,5.896991671229691,0.9678317793386074,478,1,hit,478,1,hit,574,0,selectable_miss,478,1,hit,478,1,hit,478,1,hit,0_0_0_10_14_16,-22.0
3,15,267,267,1,1,1,1,0.3679809351303543,6.393624237665597,0.8446136388805326,267,1,hit,267,1,hit,215,0,selectable_miss,267,1,hit,267,1,hit,267,1,hit,0_0_0_10_14_16,-22.0
3,16,917,917,1,1,1,1,0.8599075988321415,6.123378634809075,0.9730117744991149,917,1,hit,917,1,hit,442,0,selectable_miss,917,1,hit,917,1,hit,917,1,hit,0_0_0_10_14_16,-22.0
3,17,656,656,1,1,1,1,0.09410072978445108,5.213945653017139,0.9479026870418165,656,1,hit,656,1,hit,656,1,hit,656,1,hit,656,1,hit,656,1,hit,0_0_0_10_14_16,-22.0
3,18,889,889,1,1,1,1,2.0234773402525867,7.3618200474538,0.9361364466957329,889,1,hit,889,1,hit,889,1,hit,889,1,hit,889,1,hit,889,1,hit,0_0_0_10_14_16,-22.0
3,19,510,510,1,1,1,1,2.8326700095622837,9.27987167876694,0.9754191755317946,510,1,hit,510,1,hit,510,1,hit,510,1,hit,510,1,hit,510,1,hit,0_0_0_10_14_16,-22.0
3,20,860,860,1,1,1,1,1.328610329195898,6.604214865160199,0.9359064466998365,860,1,hit,860,1,hit,600,0,selectable_miss,860,1,hit,860,1,hit,860,1,hit,0_0_0_10_14_16,-22.0
3,21,553,553,1,1,1,1,1.1645834279655771,6.516665399868798,0.9975839020016802,553,1,hit,553,1,hit,553,1,hit,553,1,hit,553,1,hit,553,1,hit,0_0_0_10_14_16,-22.0
3,22,629,430,1,2,1,2,0.36286554775164287,5.751276729675618,0.3286267416460328,430,0,selectable_miss,629,1,hit,575,0,selectable_miss,629,1,hit,629,1,hit,629,1,hit,0_0_0_10_14_16,-22.0
3,23,759,759,1,1,1,1,2.391648411230813,8.660549231432137,0.9894046698073549,759,1,hit,759,1,hit,759,1,hit,759,1,hit,759,1,hit,759,1,hit,0_0_0_10_14_16,-22.0
3,24,874,874,1,1,1,1,1.0655247434666069,6.146835092835553,0.7927936534914481,874,1,hit,18,0,selectable_miss,874,1,hit,18,0,selectable_miss,18,0,selectable_miss,18,0,selectable_miss,0_0_0_10_14_16,-22.0
3,25,720,720,1,1,1,1,1.071451102627256,7.595286832309453,0.9378214418153064,720,1,hit,720,1,hit,720,1,hit,720,1,hit,720,1,hit,720,1,hit,0_0_0_10_14_16,-22.0
3,26,314,314,1,1,1,1,1.8343519546016802,7.196100674311692,0.9575157501189945,314,1,hit,314,1,hit,314,1,hit,314,1,hit,314,1,hit,314,1,hit,0_0_0_10_14_16,-22.0
3,27,602,602,1,1,1,1,3.0593920589629953,8.808503961891903,0.9029138569995548,602,1,hit,602,1,hit,602,1,hit,602,1,hit,602,1,hit,602,1,hit,0_0_0_10_14_16,-22.0
3,28,7,7,1,1,1,1,0.5438248844672595,6.126190538766696,0.9445062191997299,7,1,hit,7,1,hit,170,0,selectable_miss,7,1,hit,7,1,hit,7,1,hit,0_0_0_10_14_16,-22.0
3,29,610,610,1,1,1,1,1.6473669772970605,7.257263660792146,0.9208751433766906,610,1,hit,610,1,hit,610,1,hit,610,1,hit,610,1,hit,610,1,hit,0_0_0_10_14_16,-22.0
3,30,778,720,1,3,1,3,0.20420117967530352,5.794213999270407,0.6215701390912776,720,0,selectable_miss,778,1,hit,228,0,selectable_miss,778,1,hit,778,1,hit,778,1,hit,0_0_0_10_14_16,-22.0
3,31,897,897,1,1,1,1,0.6441865432840352,5.612628470944569,0.9507795927589813,897,1,hit,897,1,hit,897,1,hit,897,1,hit,897,1,hit,897,1,hit,0_0_0_10_14_16,-22.0
3,32,740,740,1,1,1,1,2.5042949088065254,8.656989071416785,0.8911466466656587,740,1,hit,740,1,hit,740,1,hit,740,1,hit,740,1,hit,740,1,hit,0_0_0_10_14_16,-22.0
3,33,590,590,1,1,1,1,0.9342122206655645,7.223006222256766,0.9055758632862468,590,1,hit,590,1,hit,227,0,selectable_miss,590,1,hit,590,1,hit,590,1,hit,0_0_0_10_14_16,-22.0
3,34,930,930,1,1,1,1,1.759053055043408,8.915966165116114,0.9577874914719097,930,1,hit,930,1,hit,930,1,hit,930,1,hit,930,1,hit,930,1,hit,0_0_0_10_14_16,-22.0
5,0,222,909,1,16,1,16,0.3158970287257338,6.135829446645916,0.5804967828289722,909,0,selectable_miss,498,0,selectable_miss,924,0,selectable_miss,498,0,selectable_miss,498,0,selectable_miss,498,0,selectable_miss,0_0_0_10_14_16,-22.0
5,1,826,826,1,1,1,1,1.0936513571588993,6.898475907193,0.9005682524930355,826,1,hit,826,1,hit,827,0,selectable_miss,826,1,hit,826,1,hit,826,1,hit,0_0_0_10_14_16,-22.0
5,2,871,871,1,1,1,1,0.7711210076813829,6.914523910972043,0.9748629837844706,871,1,hit,871,1,hit,230,0,selectable_miss,871,1,hit,871,1,hit,871,1,hit,0_0_0_10_14_16,-22.0
5,3,718,718,1,1,1,1,1.2728721039639155,7.326104274370685,0.8960823227087381,718,1,hit,718,1,hit,609,0,selectable_miss,718,1,hit,718,1,hit,718,1,hit,0_0_0_10_14_16,-22.0
5,4,86,86,1,1,1,1,0.3259441244957875,6.398955238496892,0.9548102846737754,86,1,hit,86,1,hit,189,0,selectable_miss,86,1,hit,86,1,hit,86,1,hit,0_0_0_10_14_16,-22.0
5,5,468,468,1,1,1,1,0.7526154002988216,6.100306567310794,0.9579972646618249,468,1,hit,468,1,hit,567,0,selectable_miss,468,1,hit,468,1,hit,468,1,hit,0_0_0_10_14_16,-22.0
5,6,89,89,1,1,1,1,0.7752401992828534,5.908877361136312,0.9404942900784157,89,1,hit,89,1,hit,215,0,selectable_miss,89,1,hit,89,1,hit,89,1,hit,0_0_0_10_14_16,-22.0
5,7,713,713,1,1,1,1,1.3383814724172238,6.717352354065985,0.9628190343530096,713,1,hit,713,1,hit,713,1,hit,713,1,hit,713,1,hit,713,1,hit,0_0_0_10_14_16,-22.0
5,8,865,865,1,1,1,1,3.104307147255294,8.853480275487183,0.9905773933779007,865,1,hit,865,1,hit,865,1,hit,865,1,hit,865,1,hit,865,1,hit,0_0_0_10_14_16,-22.0
5,9,492,492,1,1,1,1,2.5163520628258613,7.392011812372239,0.9723011748540505,492,1,hit,492,1,hit,492,1,hit,492,1,hit,492,1,hit,492,1,hit,0_0_0_10_14_16,-22.0
5,10,765,765,1,1,1,1,0.5986055399626837,6.615394975630843,0.9706770602884808,765,1,hit,765,1,hit,765,1,hit,765,1,hit,765,1,hit,765,1,hit,0_0_0_10_14_16,-22.0
5,11,1023,1023,1,1,1,1,3.638131813871315,8.903338364358714,0.9470263554578906,1023,1,hit,1023,1,hit,1023,1,hit,1023,1,hit,1023,1,hit,1023,1,hit,0_0_0_10_14_16,-22.0
5,12,597,597,1,1,1,1,1.2418934300887017,7.255915110430067,0.9811424954828155,597,1,hit,597,1,hit,529,0,selectable_miss,597,1,hit,597,1,hit,597,1,hit,0_0_0_10_14_16,-22.0
5,13,562,562,1,1,1,1,2.2308458004632046,7.675370700887215,0.936403623412858,562,1,hit,562,1,hit,562,1,hit,562,1,hit,562,1,hit,562,1,hit,0_0_0_10_14_16,-22.0
5,14,478,478,1,1,1,1,2.4449387914254186,9.125991638140803,0.9830136283420065,478,1,hit,478,1,hit,478,1,hit,478,1,hit,478,1,hit,478,1,hit,0_0_0_10_14_16,-22.0
5,15,267,267,1,1,1,1,2.1200655419768317,7.310242819517341,0.9065912154758151,267,1,hit,267,1,hit,267,1,hit,267,1,hit,267,1,hit,267,1,hit,0_0_0_10_14_16,-22.0
5,16,917,917,1,1,1,1,0.7755089373673321,5.539433184215488,0.9728216204263943,917,1,hit,917,1,hit,917,1,hit,917,1,hit,917,1,hit,917,1,hit,0_0_0_10_14_16,-22.0
5,17,656,1,1,5,1,5,0.8550759881308645,5.809301924857727,0.36825332506169217,1,0,selectable_miss,812,0,selectable_miss,233,0,selectable_miss,656,1,hit,656,1,hit,656,1,hit,0_0_0_10_14_16,-22.0
5,18,889,889,1,1,1,1,0.20545406320877097,5.61341112452351,0.9720432538087972,889,1,hit,889,1,hit,889,1,hit,889,1,hit,889,1,hit,889,1,hit,0_0_0_10_14_16,-22.0
5,19,510,510,1,1,1,1,3.093592118271695,8.617096292433539,0.9541651462932725,510,1,hit,510,1,hit,510,1,hit,510,1,hit,510,1,hit,510,1,hit,0_0_0_10_14_16,-22.0
5,20,860,314,1,2,1,2,0.10482923587378468,5.260828669297308,0.8984665973118778,314,0,selectable_miss,860,1,hit,314,0,selectable_miss,860,1,hit,860,1,hit,860,1,hit,0_0_0_10_14_16,-22.0
5,21,553,553,1,1,1,1,2.3289029470206417,7.919906039490442,0.987678901654891,553,1,hit,553,1,hit,553,1,hit,553,1,hit,553,1,hit,553,1,hit,0_0_0_10_14_16,-22.0
5,22,629,629,1,1,1,1,2.778221298015906,8.529110849660322,0.8742895276086964,629,1,hit,629,1,hit,629,1,hit,629,1,hit,629,1,hit,629,1,hit,0_0_0_10_14_16,-22.0
5,23,759,743,0,0,0,0,0.7205951176334331,6.3613513467302365,0.43419947729885905,743,0,gt_missing_top_l,753,0,gt_missing_top_l,72,0,gt_missing_top_l,753,0,gt_missing_top_l,776,0,gt_missing_top_l,776,0,gt_missing_top_l,0_0_0_10_14_16,-22.0
5,24,874,874,1,1,1,1,1.9197025803609562,8.27665519646556,0.9937694089516823,874,1,hit,874,1,hit,874,1,hit,874,1,hit,874,1,hit,874,1,hit,0_0_0_10_14_16,-22.0
5,25,720,720,1,1,1,1,2.3361222279773894,7.960778204040674,0.9733692150970684,720,1,hit,720,1,hit,720,1,hit,720,1,hit,720,1,hit,720,1,hit,0_0_0_10_14_16,-22.0
5,26,314,314,1,1,1,1,1.1357726576754408,6.915254388191522,0.9961712039915023,314,1,hit,314,1,hit,144,0,selectable_miss,314,1,hit,314,1,hit,314,1,hit,0_0_0_10_14_16,-22.0
5,27,602,430,0,0,0,0,0.7126637584465402,5.859880425458554,0.8121094536023484,430,0,gt_missing_top_l,430,0,gt_missing_top_l,279,0,gt_missing_top_l,430,0,gt_missing_top_l,430,0,gt_missing_top_l,430,0,gt_missing_top_l,0_0_0_10_14_16,-22.0
5,28,7,7,1,1,1,1,0.8398824461203709,6.444869992140447,0.9590243338586895,7,1,hit,7,1,hit,426,0,selectable_miss,7,1,hit,7,1,hit,7,1,hit,0_0_0_10_14_16,-22.0
5,29,610,390,0,0,0,0,0.8191407895304312,5.70731002395839,0.6331799945537344,390,0,gt_missing_top_l,949,0,gt_missing_top_l,692,0,gt_missing_top_l,78,0,gt_missing_top_l,78,0,gt_missing_top_l,78,0,gt_missing_top_l,0_0_0_10_14_16,-22.0
5,30,823,823,1,1,1,1,1.5579385152920096,7.358093792401736,0.9906976980318889,823,1,hit,823,1,hit,259,0,selectable_miss,823,1,hit,823,1,hit,823,1,hit,0_0_0_10_14_16,-22.0
5,31,913,913,1,1,1,1,0.4541246428617369,6.959361614480214,0.8930476825190365,913,1,hit,913,1,hit,769,0,selectable_miss,913,1,hit,913,1,hit,913,1,hit,0_0_0_10_14_16,-22.0
5,32,741,741,1,1,1,1,1.13131862427724,7.737822368185993,0.9738173767725188,741,1,hit,741,1,hit,824,0,selectable_miss,741,1,hit,741,1,hit,741,1,hit,0_0_0_10_14_16,-22.0
5,33,581,731,1,3,1,3,0.34128900869732776,5.09440900011839,0.7352609828001028,731,0,selectable_miss,581,1,hit,287,0,selectable_miss,581,1,hit,581,1,hit,581,1,hit,0_0_0_10_14_16,-22.0
5,34,91,91,1,1,1,1,1.206741389281245,6.682832548859858,0.9693798660601733,91,1,hit,91,1,hit,430,0,selectable_miss,91,1,hit,91,1,hit,91,1,hit,0_0_0_10_14_16,-22.0
6,0,803,803,1,1,1,1,1.4810988847257398,7.229014918950666,0.9576829675164795,803,1,hit,803,1,hit,403,0,selectable_miss,803,1,hit,803,1,hit,803,1,hit,0_0_0_10_14_16,-22.0
6,1,826,826,1,1,1,1,1.4627186220559396,6.978287534305917,0.7526768706300997,826,1,hit,826,1,hit,987,0,selectable_miss,356,0,selectable_miss,826,1,hit,826,1,hit,0_0_0_10_14_16,-22.0
6,2,871,871,1,1,1,1,1.2706470672065846,7.64869095963279,0.9237608910741658,871,1,hit,871,1,hit,871,1,hit,871,1,hit,871,1,hit,871,1,hit,0_0_0_10_14_16,-22.0
6,3,718,718,1,1,1,1,3.1165372627391137,8.214985274022403,0.8516643776320791,718,1,hit,718,1,hit,718,1,hit,718,1,hit,718,1,hit,718,1,hit,0_0_0_10_14_16,-22.0
6,4,107,107,1,1,1,1,0.9050212684478869,7.16441619620432,0.9919724721722473,107,1,hit,107,1,hit,699,0,selectable_miss,107,1,hit,107,1,hit,107,1,hit,0_0_0_10_14_16,-22.0
6,5,468,468,1,1,1,1,2.053730522578218,7.181012321618791,0.9896052427119597,468,1,hit,468,1,hit,468,1,hit,468,1,hit,468,1,hit,468,1,hit,0_0_0_10_14_16,-22.0
6,6,89,803,0,0,0,0,0.18510557450371357,5.721677976623948,0.8369678142203093,803,0,gt_missing_top_l,803,0,gt_missing_top_l,297,0,gt_missing_top_l,803,0,gt_missing_top_l,803,0,gt_missing_top_l,803,0,gt_missing_top_l,0_0_0_10_14_16,-22.0
6,7,713,713,1,1,1,1,0.7681907062372271,6.50915391974729,0.9672546747620481,713,1,hit,713,1,hit,713,1,hit,713,1,hit,713,1,hit,713,1,hit,0_0_0_10_14_16,-22.0
6,8,865,865,1,1,1,1,0.919634190406825,6.408754183196215,0.98233917401297,865,1,hit,865,1,hit,865,1,hit,865,1,hit,865,1,hit,865,1,hit,0_0_0_10_14_16,-22.0
6,9,492,492,1,1,1,1,1.7590071864549262,7.103187029404038,0.8818500897154435,492,1,hit,492,1,hit,492,1,hit,492,1,hit,492,1,hit,492,1,hit,0_0_0_10_14_16,-22.0
6,10,765,765,1,1,1,1,0.9076815333939913,6.28056508059421,0.9451121949690291,765,1,hit,765,1,hit,782,0,selectable_miss,765,1,hit,765,1,hit,765,1,hit,0_0_0_10_14_16,-22.0
6,11,1023,1023,1,1,1,1,1.7017684266182564,6.928070183447631,0.9743598527312768,1023,1,hit,1023,1,hit,1023,1,hit,1023,1,hit,1023,1,hit,1023,1,hit,0_0_0_10_14_16,-22.0
6,12,597,296,1,2,1,2,0.4626186098005609,5.505430121341378,0.39941392099706247,296,0,selectable_miss,597,1,hit,296,0,selectable_miss,597,1,hit,597,1,hit,597,1,hit,0_0_0_10_14_16,-22.0
6,13,562,562,1,1,1,1,1.6835111263861193,6.859636844835729,0.8121045054146157,562,1,hit,562,1,hit,562,1,hit,562,1,hit,562,1,hit,562,1,hit,0_0_0_10_14_16,-22.0
6,14,478,478,1,1,1,1,1.2446262599308549,6.982280409623223,0.9984637591818272,478,1,hit,478,1,hit,478,1,hit,478,1,hit,478,1,hit,478,1,hit,0_0_0_10_14_16,-22.0
6,15,267,266,1,3,1,3,0.31692955380316973,6.339008244491136,0.5234613240954391,266,0,selectable_miss,267,1,hit,267,1,hit,267,1,hit,267,1,hit,267,1,hit,0_0_0_10_14_16,-22.0
6,16,917,917,1,1,1,1,2.186531967545497,7.752813038761845,0.9548519256833344,917,1,hit,917,1,hit,917,1,hit,917,1,hit,917,1,hit,917,1,hit,0_0_0_10_14_16,-22.0
6,17,656,656,1,1,1,1,2.140645098200948,7.277966067952118,0.9498491913181989,656,1,hit,656,1,hit,656,1,hit,656,1,hit,656,1,hit,656,1,hit,0_0_0_10_14_16,-22.0
6,18,889,889,1,1,1,1,0.9390446673317875,7.285466755216222,0.9764962030544826,889,1,hit,889,1,hit,889,1,hit,889,1,hit,889,1,hit,889,1,hit,0_0_0_10_14_16,-22.0
6,19,510,510,1,1,1,1,2.672025166625116,8.08466915085938,0.9250517656950632,510,1,hit,510,1,hit,510,1,hit,510,1,hit,510,1,hit,510,1,hit,0_0_0_10_14_16,-22.0
6,20,860,860,1,1,1,1,1.2626142868042387,7.04859183984365,0.972046352117637,860,1,hit,860,1,hit,860,1,hit,860,1,hit,860,1,hit,860,1,hit,0_0_0_10_14_16,-22.0
6,21,553,553,1,1,1,1,1.1777217255258023,7.677546713524924,0.953008730010418,553,1,hit,553,1,hit,553,1,hit,553,1,hit,553,1,hit,553,1,hit,0_0_0_10_14_16,-22.0
6,22,629,629,1,1,1,1,1.7751999682199615,7.167793353290791,0.9775566223844172,629,1,hit,629,1,hit,629,1,hit,629,1,hit,629,1,hit,629,1,hit,0_0_0_10_14_16,-22.0
6,23,759,245,1,2,1,2,0.42254545050357706,5.484796772566276,0.7040584614710264,245,0,selectable_miss,759,1,hit,83,0,selectable_miss,759,1,hit,759,1,hit,759,1,hit,0_0_0_10_14_16,-22.0
6,24,874,347,1,2,1,2,0.033903859644551636,5.772825042380644,0.9168029713858421,347,0,selectable_miss,874,1,hit,874,1,hit,874,1,hit,874,1,hit,874,1,hit,0_0_0_10_14_16,-22.0
6,25,720,720,1,1,1,1,0.46243661864582664,6.981383048210437,0.8338049558653583,720,1,hit,720,1,hit,720,1,hit,720,1,hit,720,1,hit,720,1,hit,0_0_0_10_14_16,-22.0
6,26,314,314,1,1,1,1,0.7615961680960908,6.635482638288412,0.7575194243417088,314,1,hit,314,1,hit,314,1,hit,314,1,hit,314,1,hit,314,1,hit,0_0_0_10_14_16,-22.0
6,27,602,602,1,1,1,1,0.4140984734442638,6.110987725306739,0.9881183623927439,602,1,hit,602,1,hit,908,0,selectable_miss,602,1,hit,602,1,hit,602,1,hit,0_0_0_10_14_16,-22.0
6,28,7,7,1,1,1,1,1.231364151864909,7.027316019603798,0.9667381185727978,7,1,hit,7,1,hit,7,1,hit,7,1,hit,7,1,hit,7,1,hit,0_0_0_10_14_16,-22.0
6,29,610,610,1,1,1,1,0.4420342549066278,6.269289660731355,0.9689093092069413,610,1,hit,610,1,hit,610,1,hit,610,1,hit,610,1,hit,610,1,hit,0_0_0_10_14_16,-22.0
6,30,791,791,1,1,1,1,1.9635182137389502,7.343256262170841,0.922817290192246,791,1,hit,791,1,hit,791,1,hit,791,1,hit,791,1,hit,791,1,hit,0_0_0_10_14_16,-22.0
6,31,928,515,1,5,1,5,0.31701125564879207,5.329664444299008,0.8013911502068538,515,0,selectable_miss,928,1,hit,649,0,selectable_miss,928,1,hit,515,0,selectable_miss,515,0,selectable_miss,0_0_0_10_14_16,-22.0
6,32,760,324,1,8,1,8,0.6074693575354531,5.863182267465676,0.31679315938877256,324,0,selectable_miss,760,1,hit,1009,0,selectable_miss,760,1,hit,760,1,hit,760,1,hit,0_0_0_10_14_16,-22.0
6,33,584,584,1,1,1,1,2.715879777071872,8.278124795431575,0.9739145747623312,584,1,hit,584,1,hit,584,1,hit,584,1,hit,584,1,hit,584,1,hit,0_0_0_10_14_16,-22.0
6,34,932,372,1,2,1,2,0.49277506731116555,6.48628768645409,0.38866814849181375,372,0,selectable_miss,777,0,selectable_miss,537,0,selectable_miss,777,0,selectable_miss,777,0,selectable_miss,777,0,selectable_miss,0_0_0_10_14_16,-22.0
8,0,803,803,1,1,1,1,0.2955791582487803,5.804190653843665,0.9464400605756474,803,1,hit,803,1,hit,803,1,hit,803,1,hit,803,1,hit,803,1,hit,0_0_0_10_14_16,-22.0
8,1,711,711,1,1,1,1,1.3806702612906463,6.88091601632352,0.8893625023481478,711,1,hit,711,1,hit,711,1,hit,711,1,hit,711,1,hit,711,1,hit,0_0_0_10_14_16,-22.0
8,2,922,922,1,1,1,1,2.0720070945348614,7.860943277914682,0.9564159449993858,922,1,hit,922,1,hit,922,1,hit,922,1,hit,922,1,hit,922,1,hit,0_0_0_10_14_16,-22.0
8,3,691,691,1,1,1,1,3.5875520260693428,8.89525333017458,0.9691156483456473,691,1,hit,691,1,hit,691,1,hit,691,1,hit,691,1,hit,691,1,hit,0_0_0_10_14_16,-22.0
8,4,86,86,1,1,1,1,0.3498582694305586,7.161722591482496,0.9675422560302485,86,1,hit,86,1,hit,86,1,hit,86,1,hit,86,1,hit,86,1,hit,0_0_0_10_14_16,-22.0
8,5,468,468,1,1,1,1,2.1699138205027992,7.371992968748559,0.9784240963682517,468,1,hit,468,1,hit,468,1,hit,468,1,hit,468,1,hit,468,1,hit,0_0_0_10_14_16,-22.0
8,6,89,89,1,1,1,1,2.2396654159643092,7.660472359253517,0.9963213765002847,89,1,hit,89,1,hit,89,1,hit,89,1,hit,89,1,hit,89,1,hit,0_0_0_10_14_16,-22.0
8,7,713,713,1,1,1,1,1.1231992840758023,6.701201948941242,0.9830607061838489,713,1,hit,713,1,hit,713,1,hit,713,1,hit,713,1,hit,713,1,hit,0_0_0_10_14_16,-22.0
8,8,865,865,1,1,1,1,2.8987802812404273,8.700263324564718,0.99212069764521,865,1,hit,865,1,hit,865,1,hit,865,1,hit,865,1,hit,865,1,hit,0_0_0_10_14_16,-22.0
8,9,492,492,1,1,1,1,2.5621874448262565,7.731720193175153,0.9130491389593005,492,1,hit,492,1,hit,492,1,hit,492,1,hit,492,1,hit,492,1,hit,0_0_0_10_14_16,-22.0
8,10,765,765,1,1,1,1,1.9738741137753175,7.473006549743935,0.9829240479451371,765,1,hit,765,1,hit,765,1,hit,765,1,hit,765,1,hit,765,1,hit,0_0_0_10_14_16,-22.0
8,11,1023,1023,1,1,1,1,2.3704557244009035,7.715948310542098,0.8971014041203094,1023,1,hit,1023,1,hit,1023,1,hit,1023,1,hit,1023,1,hit,1023,1,hit,0_0_0_10_14_16,-22.0
8,12,597,752,0,0,0,0,0.05213886208944457,5.328738251351838,0.04864208495595822,752,0,gt_missing_top_l,490,0,gt_missing_top_l,326,0,gt_missing_top_l,680,0,gt_missing_top_l,680,0,gt_missing_top_l,680,0,gt_missing_top_l,0_0_0_10_14_16,-22.0
8,13,562,562,1,1,1,1,2.7956367419620003,8.626104749663364,0.9681587885708581,562,1,hit,562,1,hit,562,1,hit,562,1,hit,562,1,hit,562,1,hit,0_0_0_10_14_16,-22.0
8,14,478,478,1,1,1,1,1.5040863954230266,7.781764125598806,0.9888516818732935,478,1,hit,478,1,hit,606,0,selectable_miss,478,1,hit,478,1,hit,478,1,hit,0_0_0_10_14_16,-22.0
8,15,267,267,1,1,1,1,2.123455413727789,8.452954198675194,0.9312730631723221,267,1,hit,267,1,hit,267,1,hit,267,1,hit,267,1,hit,267,1,hit,0_0_0_10_14_16,-22.0
8,16,917,917,1,1,1,1,2.250326601271405,7.602270370511822,0.9646814541531329,917,1,hit,917,1,hit,917,1,hit,917,1,hit,917,1,hit,917,1,hit,0_0_0_10_14_16,-22.0
8,17,656,656,1,1,1,1,2.1991268967259043,7.452157603536087,0.9975766948625723,656,1,hit,656,1,hit,656,1,hit,656,1,hit,656,1,hit,656,1,hit,0_0_0_10_14_16,-22.0
8,18,889,889,1,1,1,1,2.3930905861015423,8.142841940760494,0.9433860721535352,889,1,hit,889,1,hit,889,1,hit,889,1,hit,889,1,hit,889,1,hit,0_0_0_10_14_16,-22.0
8,19,510,510,1,1,1,1,0.7577792569289625,6.385391427988685,0.8523112441233556,510,1,hit,510,1,hit,510,1,hit,510,1,hit,510,1,hit,510,1,hit,0_0_0_10_14_16,-22.0
8,20,860,464,1,8,1,8,0.3157604276453082,5.089696706524979,0.4737622452661773,464,0,selectable_miss,860,1,hit,860,1,hit,860,1,hit,860,1,hit,860,1,hit,0_0_0_10_14_16,-22.0
8,21,553,46,1,15,1,15,0.8824571537218693,6.263091329952352,0.31729901541916566,46,0,selectable_miss,553,1,hit,46,0,selectable_miss,553,1,hit,553,1,hit,553,1,hit,0_0_0_10_14_16,-22.0
8,22,629,629,1,1,1,1,3.012995562728587,7.825789132284552,0.9779781699806116,629,1,hit,629,1,hit,629,1,hit,629,1,hit,629,1,hit,629,1,hit,0_0_0_10_14_16,-22.0
8,23,759,759,1,1,1,1,1.1870009674995612,7.509849720031607,0.9952854167959926,759,1,hit,759,1,hit,759,1,hit,759,1,hit,759,1,hit,759,1,hit,0_0_0_10_14_16,-22.0
8,24,874,874,1,1,1,1,2.228762411887659,8.497264440889573,0.8694458132236653,874,1,hit,874,1,hit,874,1,hit,874,1,hit,874,1,hit,874,1,hit,0_0_0_10_14_16,-22.0
8,25,720,720,1,1,1,1,2.1514106562444715,7.2542797269365655,0.986966389652199,720,1,hit,720,1,hit,720,1,hit,720,1,hit,720,1,hit,720,1,hit,0_0_0_10_14_16,-22.0
8,26,314,96,1,2,1,2,0.35924210130685647,5.999255172628058,0.4348760529866883,96,0,selectable_miss,314,1,hit,96,0,selectable_miss,314,1,hit,314,1,hit,314,1,hit,0_0_0_10_14_16,-22.0
8,27,602,620,1,3,1,3,0.27470938204875944,5.437003178934349,0.3228482578545922,620,0,selectable_miss,602,1,hit,620,0,selectable_miss,602,1,hit,602,1,hit,602,1,hit,0_0_0_10_14_16,-22.0
8,28,7,7,1,1,1,1,0.2670807188254298,5.700749940477184,0.8798194082024334,7,1,hit,7,1,hit,7,1,hit,7,1,hit,7,1,hit,7,1,hit,0_0_0_10_14_16,-22.0
8,29,610,610,1,1,1,1,1.0086899697607612,6.657057812345809,0.9249025249590976,610,1,hit,610,1,hit,946,0,selectable_miss,610,1,hit,610,1,hit,610,1,hit,0_0_0_10_14_16,-22.0
8,30,775,775,1,1,1,1,2.6793864595235366,7.959700781290392,0.9716172841306409,775,1,hit,775,1,hit,775,1,hit,775,1,hit,775,1,hit,775,1,hit,0_0_0_10_14_16,-22.0
8,31,920,920,1,1,1,1,1.4529769594441768,6.365396423261476,0.9426771934018866,920,1,hit,920,1,hit,259,0,selectable_miss,920,1,hit,920,1,hit,920,1,hit,0_0_0_10_14_16,-22.0
8,32,753,753,1,1,1,1,0.2527090737353712,6.302423032012801,0.8554090755444441,753,1,hit,753,1,hit,753,1,hit,753,1,hit,753,1,hit,753,1,hit,0_0_0_10_14_16,-22.0
8,33,586,548,1,3,1,3,1.2062810281123242,7.221048614919222,0.49139317616320416,548,0,selectable_miss,586,1,hit,586,1,hit,586,1,hit,586,1,hit,586,1,hit,0_0_0_10_14_16,-22.0
8,34,91,91,1,1,1,1,3.3870861402548758,8.953217994501177,0.9025356599401333,91,1,hit,91,1,hit,91,1,hit,91,1,hit,91,1,hit,91,1,hit,0_0_0_10_14_16,-22.0
9,0,222,222,1,1,1,1,2.0131437792691487,7.827043638071412,0.986468878022084,222,1,hit,222,1,hit,222,1,hit,222,1,hit,222,1,hit,222,1,hit,0_0_0_10_14_16,-22.0
9,1,826,826,1,1,1,1,4.434835866761092,9.970581401320569,0.9875644869577721,826,1,hit,826,1,hit,826,1,hit,826,1,hit,826,1,hit,826,1,hit,0_0_0_10_14_16,-22.0
9,2,922,922,1,1,1,1,0.4710197297260585,6.587854294850009,0.962379740769401,922,1,hit,922,1,hit,922,1,hit,922,1,hit,922,1,hit,922,1,hit,0_0_0_10_14_16,-22.0
9,3,691,827,1,2,1,2,0.6515796544492974,6.16485514571636,0.9357299866229356,827,0,selectable_miss,827,0,selectable_miss,360,0,selectable_miss,827,0,selectable_miss,360,0,selectable_miss,360,0,selectable_miss,0_0_0_10_14_16,-22.0
9,4,86,86,1,1,1,1,2.679781796073328,8.054933176270483,0.9815717146180392,86,1,hit,86,1,hit,86,1,hit,86,1,hit,86,1,hit,86,1,hit,0_0_0_10_14_16,-22.0
9,5,468,468,1,1,1,1,0.8436652851585447,6.134743289372616,0.8503905606133355,468,1,hit,468,1,hit,84,0,selectable_miss,468,1,hit,468,1,hit,468,1,hit,0_0_0_10_14_16,-22.0
9,6,89,89,1,1,1,1,2.834176157454451,8.515948034519136,0.9412419974277502,89,1,hit,89,1,hit,89,1,hit,89,1,hit,89,1,hit,89,1,hit,0_0_0_10_14_16,-22.0
9,7,713,713,1,1,1,1,3.7373193316315194,9.18535781004264,0.9592133273770883,713,1,hit,713,1,hit,713,1,hit,713,1,hit,713,1,hit,713,1,hit,0_0_0_10_14_16,-22.0
9,8,865,865,1,1,1,1,1.705073320078532,7.16987463500196,0.9579048799977801,865,1,hit,865,1,hit,865,1,hit,865,1,hit,865,1,hit,865,1,hit,0_0_0_10_14_16,-22.0
9,9,492,492,1,1,1,1,1.0135394840183745,7.185685461514306,0.9817828361692819,492,1,hit,492,1,hit,492,1,hit,492,1,hit,492,1,hit,492,1,hit,0_0_0_10_14_16,-22.0
9,10,765,764,1,2,1,2,0.7284970826470087,6.708827534761747,0.46128030268936576,764,0,selectable_miss,765,1,hit,329,0,selectable_miss,765,1,hit,765,1,hit,765,1,hit,0_0_0_10_14_16,-22.0
9,11,1023,1023,1,1,1,1,0.02871978041441108,6.004209244205093,0.9771029033690544,1023,1,hit,1023,1,hit,261,0,selectable_miss,1023,1,hit,1023,1,hit,1023,1,hit,0_0_0_10_14_16,-22.0
9,12,597,597,1,1,1,1,1.263260484183904,6.64675125689643,0.9707811213780729,597,1,hit,597,1,hit,597,1,hit,597,1,hit,597,1,hit,597,1,hit,0_0_0_10_14_16,-22.0
9,13,562,562,1,1,1,1,2.3954264182461187,8.140861786578217,0.9891127881242199,562,1,hit,562,1,hit,562,1,hit,562,1,hit,562,1,hit,562,1,hit,0_0_0_10_14_16,-22.0
9,14,478,478,1,1,1,1,3.127903795222144,8.400795386131078,0.9164198833639532,478,1,hit,478,1,hit,478,1,hit,478,1,hit,478,1,hit,478,1,hit,0_0_0_10_14_16,-22.0
9,15,267,375,1,4,1,4,0.026311239041861882,5.531803334373801,0.128424384661844,375,0,selectable_miss,267,1,hit,267,1,hit,267,1,hit,267,1,hit,267,1,hit,0_0_0_10_14_16,-22.0
9,16,917,917,1,1,1,1,2.0472437526875416,7.706194143228871,0.9843173553700896,917,1,hit,917,1,hit,917,1,hit,917,1,hit,917,1,hit,917,1,hit,0_0_0_10_14_16,-22.0
9,17,656,656,1,1,1,1,2.6129960809811092,7.728779075680326,0.9653835039187054,656,1,hit,656,1,hit,656,1,hit,656,1,hit,656,1,hit,656,1,hit,0_0_0_10_14_16,-22.0
9,18,889,154,1,3,1,3,0.10617275918320748,5.839561556136433,0.3212405288331852,154,0,selectable_miss,889,1,hit,889,1,hit,889,1,hit,889,1,hit,889,1,hit,0_0_0_10_14_16,-22.0
9,19,510,193,1,5,1,5,0.07424972223293776,5.825214925560256,0.5473139751957059,193,0,selectable_miss,510,1,hit,510,1,hit,510,1,hit,510,1,hit,510,1,hit,0_0_0_10_14_16,-22.0
9,20,860,913,1,5,1,5,0.30818658376417163,5.509861500117297,0.4712800183980368,913,0,selectable_miss,860,1,hit,650,0,selectable_miss,860,1,hit,860,1,hit,860,1,hit,0_0_0_10_14_16,-22.0
9,21,553,553,1,1,1,1,1.5548251767063612,7.290914513324999,0.9885747282234902,553,1,hit,553,1,hit,553,1,hit,553,1,hit,553,1,hit,553,1,hit,0_0_0_10_14_16,-22.0
9,22,629,444,1,4,1,4,1.0998819023350297,6.978885697011956,0.4316857418487432,444,0,selectable_miss,629,1,hit,500,0,selectable_miss,629,1,hit,629,1,hit,629,1,hit,0_0_0_10_14_16,-22.0
9,23,759,759,1,1,1,1,1.6658562747316898,7.2567364702521555,0.9746091882879541,759,1,hit,759,1,hit,759,1,hit,759,1,hit,759,1,hit,759,1,hit,0_0_0_10_14_16,-22.0
9,24,874,874,1,1,1,1,0.6287946073070659,5.831913968097408,0.9342964221087187,874,1,hit,874,1,hit,478,0,selectable_miss,874,1,hit,874,1,hit,874,1,hit,0_0_0_10_14_16,-22.0
9,25,720,720,1,1,1,1,1.6816874857944542,7.753329995652099,0.980993222749863,720,1,hit,720,1,hit,720,1,hit,720,1,hit,720,1,hit,720,1,hit,0_0_0_10_14_16,-22.0
9,26,314,313,1,6,1,6,0.01583630367677394,5.609759038263883,0.602107716808503,313,0,selectable_miss,314,1,hit,3,0,selectable_miss,314,1,hit,314,1,hit,314,1,hit,0_0_0_10_14_16,-22.0
9,27,602,602,1,1,1,1,2.4428279267236688,7.9792684448285645,0.9547830867163635,602,1,hit,602,1,hit,602,1,hit,602,1,hit,602,1,hit,602,1,hit,0_0_0_10_14_16,-22.0
9,28,7,285,1,16,1,16,0.05716122450633861,5.72720244883553,0.18419263305150424,285,0,selectable_miss,356,0,selectable_miss,7,1,hit,356,0,selectable_miss,356,0,selectable_miss,356,0,selectable_miss,0_0_0_10_14_16,-22.0
9,29,610,609,1,2,1,2,0.3200148556905766,5.556376484691635,0.6162070656693802,609,0,selectable_miss,176,0,selectable_miss,828,0,selectable_miss,176,0,selectable_miss,176,0,selectable_miss,176,0,selectable_miss,0_0_0_10_14_16,-22.0
9,30,794,794,1,1,1,1,1.3770675062812985,7.55001263646988,0.9271489379775271,794,1,hit,794,1,hit,794,1,hit,794,1,hit,794,1,hit,794,1,hit,0_0_0_10_14_16,-22.0
9,31,905,905,1,1,1,1,2.874845911063879,8.323967883196783,0.953217578307337,905,1,hit,905,1,hit,905,1,hit,905,1,hit,905,1,hit,905,1,hit,0_0_0_10_14_16,-22.0
9,32,741,924,0,0,0,0,0.2736980386201861,5.601749213519805,0.3550919385317929,924,0,gt_missing_top_l,984,0,gt_missing_top_l,511,0,gt_missing_top_l,183,0,gt_missing_top_l,183,0,gt_missing_top_l,183,0,gt_missing_top_l,0_0_0_10_14_16,-22.0
9,33,580,1009,1,4,1,4,0.25226542291293935,5.233973592200854,0.4794807196464042,1009,0,selectable_miss,580,1,hit,580,1,hit,580,1,hit,580,1,hit,580,1,hit,0_0_0_10_14_16,-22.0
9,34,89,89,1,1,1,1,0.5085963917726868,6.633180753475382,0.9454567940426486,89,1,hit,89,1,hit,452,0,selectable_miss,89,1,hit,89,1,hit,89,1,hit,0_0_0_10_14_16,-22.0
10,0,803,803,1,1,1,1,1.2911579585324442,6.734292812403357,0.985254671935646,803,1,hit,803,1,hit,803,1,hit,803,1,hit,803,1,hit,803,1,hit,0_0_0_10_14_16,-22.0
10,1,826,826,1,1,1,1,1.0044157648835836,7.4351077931721505,0.9927469873421839,826,1,hit,826,1,hit,826,1,hit,826,1,hit,826,1,hit,826,1,hit,0_0_0_10_14_16,-22.0
10,2,922,922,1,1,1,1,2.344358042584865,8.029735562582633,0.9427763793724533,922,1,hit,922,1,hit,922,1,hit,922,1,hit,922,1,hit,922,1,hit,0_0_0_10_14_16,-22.0
10,3,691,691,1,1,1,1,0.20126488649862298,4.9462686030689875,0.8973340112102669,691,1,hit,691,1,hit,691,1,hit,691,1,hit,691,1,hit,691,1,hit,0_0_0_10_14_16,-22.0
10,4,107,107,1,1,1,1,0.9008678309194433,7.0090619101136955,0.7899918596973999,107,1,hit,512,0,selectable_miss,439,0,selectable_miss,107,1,hit,107,1,hit,107,1,hit,0_0_0_10_14_16,-22.0
10,5,468,816,1,5,1,5,0.14476062014506147,5.834251746121822,0.41116787183957787,816,0,selectable_miss,468,1,hit,468,1,hit,468,1,hit,468,1,hit,468,1,hit,0_0_0_10_14_16,-22.0
10,6,89,89,1,1,1,1,0.3706477817229403,6.939936107952613,0.987795559764176,89,1,hit,89,1,hit,89,1,hit,89,1,hit,89,1,hit,89,1,hit,0_0_0_10_14_16,-22.0
10,7,713,713,1,1,1,1,1.3639409029338685,6.512393132220562,0.982253312732576,713,1,hit,713,1,hit,713,1,hit,713,1,hit,713,1,hit,713,1,hit,0_0_0_10_14_16,-22.0
10,8,865,492,1,5,1,5,0.5843087133998177,6.06038161686588,0.33467563125425775,492,0,selectable_miss,865,1,hit,492,0,selectable_miss,865,1,hit,865,1,hit,865,1,hit,0_0_0_10_14_16,-22.0
10,9,492,288,1,6,1,6,0.2983723091113901,6.291496787433206,0.1126113764176365,288,0,selectable_miss,492,1,hit,288,0,selectable_miss,492,1,hit,492,1,hit,492,1,hit,0_0_0_10_14_16,-22.0
10,10,765,765,1,1,1,1,0.946413432939215,6.598532881966746,0.9831187183158364,765,1,hit,765,1,hit,765,1,hit,765,1,hit,765,1,hit,765,1,hit,0_0_0_10_14_16,-22.0
10,11,1023,1023,1,1,1,1,1.2610663292351034,7.2501684271319355,0.8318489166374095,1023,1,hit,1023,1,hit,1023,1,hit,1023,1,hit,1023,1,hit,1023,1,hit,0_0_0_10_14_16,-22.0
10,12,597,130,1,4,1,4,0.4398254348830788,6.147667247213246,0.48795196734773183,130,0,selectable_miss,597,1,hit,986,0,selectable_miss,600,0,selectable_miss,600,0,selectable_miss,600,0,selectable_miss,0_0_0_10_14_16,-22.0
10,13,562,562,1,1,1,1,1.4183379142347312,6.91420613935893,0.9532853258998816,562,1,hit,562,1,hit,251,0,selectable_miss,562,1,hit,562,1,hit,562,1,hit,0_0_0_10_14_16,-22.0
10,14,478,478,1,1,1,1,2.0923011619173595,7.393188762547966,0.9627167247808626,478,1,hit,478,1,hit,478,1,hit,478,1,hit,478,1,hit,478,1,hit,0_0_0_10_14_16,-22.0
10,15,267,267,1,1,1,1,1.1282596633506539,6.527121797891286,0.9898689536782749,267,1,hit,267,1,hit,267,1,hit,267,1,hit,267,1,hit,267,1,hit,0_0_0_10_14_16,-22.0
10,16,917,426,1,3,1,3,0.3598392889378016,5.977359558983384,0.39417940830472403,426,0,selectable_miss,917,1,hit,917,1,hit,917,1,hit,917,1,hit,917,1,hit,0_0_0_10_14_16,-22.0
10,17,656,656,1,1,1,1,3.114144208435187,8.633521921316188,0.9651356699205053,656,1,hit,656,1,hit,656,1,hit,656,1,hit,656,1,hit,656,1,hit,0_0_0_10_14_16,-22.0
10,18,889,889,1,1,1,1,2.1893263078841345,8.093888750467844,0.9698115601317612,889,1,hit,889,1,hit,889,1,hit,889,1,hit,889,1,hit,889,1,hit,0_0_0_10_14_16,-22.0
10,19,510,122,1,2,1,2,0.2270036199564834,5.568223734016832,0.3732982430942767,122,0,selectable_miss,510,1,hit,510,1,hit,510,1,hit,510,1,hit,510,1,hit,0_0_0_10_14_16,-22.0
10,20,860,860,1,1,1,1,2.1733096099697,7.58653360621693,0.9522101670129045,860,1,hit,860,1,hit,860,1,hit,860,1,hit,860,1,hit,860,1,hit,0_0_0_10_14_16,-22.0
10,21,553,553,1,1,1,1,1.7489028389633643,7.8856134513573695,0.9631335080207415,553,1,hit,553,1,hit,553,1,hit,553,1,hit,553,1,hit,553,1,hit,0_0_0_10_14_16,-22.0
10,22,629,629,1,1,1,1,2.185524695238924,7.888836620806523,0.9039870630999566,629,1,hit,629,1,hit,629,1,hit,629,1,hit,629,1,hit,629,1,hit,0_0_0_10_14_16,-22.0
10,23,759,759,1,1,1,1,0.10781727081233482,6.368614236319461,0.9918623475558704,759,1,hit,759,1,hit,759,1,hit,759,1,hit,759,1,hit,759,1,hit,0_0_0_10_14_16,-22.0
10,24,874,874,1,1,1,1,2.8698932687508676,8.470852888285982,0.9655155862074337,874,1,hit,874,1,hit,874,1,hit,874,1,hit,874,1,hit,874,1,hit,0_0_0_10_14_16,-22.0
10,25,720,720,1,1,1,1,1.963453744989615,7.359893480524704,0.8954509806405976,720,1,hit,720,1,hit,720,1,hit,720,1,hit,720,1,hit,720,1,hit,0_0_0_10_14_16,-22.0
10,26,314,314,1,1,1,1,0.15500321989258942,6.2132314585804505,0.979236342982597,314,1,hit,314,1,hit,314,1,hit,314,1,hit,314,1,hit,314,1,hit,0_0_0_10_14_16,-22.0
10,27,602,602,1,1,1,1,0.890487435466599,6.502628914295002,0.9888460810577218,602,1,hit,602,1,hit,245,0,selectable_miss,602,1,hit,602,1,hit,602,1,hit,0_0_0_10_14_16,-22.0
10,28,7,7,1,1,1,1,1.7405288985586975,7.078341149247374,0.9506918496477871,7,1,hit,7,1,hit,7,1,hit,7,1,hit,7,1,hit,7,1,hit,0_0_0_10_14_16,-22.0
10,29,610,610,1,1,1,1,2.375879892904755,8.179900505347709,0.9006764900394263,610,1,hit,610,1,hit,610,1,hit,610,1,hit,610,1,hit,610,1,hit,0_0_0_10_14_16,-22.0
10,30,826,826,1,1,1,1,1.0864221380647106,6.81010853960883,0.9886289365989241,826,1,hit,826,1,hit,826,1,hit,826,1,hit,826,1,hit,826,1,hit,0_0_0_10_14_16,-22.0
10,31,904,903,1,2,1,2,0.11203200773039645,6.757833342109972,0.6952031934512932,903,0,selectable_miss,904,1,hit,904,1,hit,904,1,hit,904,1,hit,904,1,hit,0_0_0_10_14_16,-22.0
10,32,760,760,1,1,1,1,1.7973611806491112,7.402874209403237,0.9892756739252722,760,1,hit,760,1,hit,760,1,hit,760,1,hit,760,1,hit,760,1,hit,0_0_0_10_14_16,-22.0
10,33,577,577,1,1,1,1,1.911000093246988,7.717213757867032,0.8666721149276545,577,1,hit,577,1,hit,577,1,hit,577,1,hit,577,1,hit,577,1,hit,0_0_0_10_14_16,-22.0
10,34,930,930,1,1,1,1,1.0164489728153339,5.997253725359203,0.9863323162830935,930,1,hit,930,1,hit,930,1,hit,930,1,hit,930,1,hit,930,1,hit,0_0_0_10_14_16,-22.0
11,0,222,222,1,1,1,1,2.8668605090850967,7.941735123019206,0.9993861926755648,222,1,hit,222,1,hit,222,1,hit,222,1,hit,222,1,hit,222,1,hit,0_0_0_10_14_16,-22.0
11,1,711,711,1,1,1,1,1.9216752021257812,7.806180814666185,0.989471367157731,711,1,hit,711,1,hit,711,1,hit,711,1,hit,711,1,hit,711,1,hit,0_0_0_10_14_16,-22.0
11,2,871,871,1,1,1,1,1.5301759958219976,7.007730982563473,0.9914998914249323,871,1,hit,871,1,hit,422,0,selectable_miss,871,1,hit,475,0,selectable_miss,475,0,selectable_miss,0_0_0_10_14_16,-22.0
11,3,691,691,1,1,1,1,1.2798615780482212,6.567982211304515,0.9751699525338915,691,1,hit,691,1,hit,691,1,hit,691,1,hit,691,1,hit,691,1,hit,0_0_0_10_14_16,-22.0
11,4,86,86,1,1,1,1,2.0570345457986208,8.388285866098517,0.968781409292506,86,1,hit,86,1,hit,86,1,hit,86,1,hit,86,1,hit,86,1,hit,0_0_0_10_14_16,-22.0
11,5,468,468,1,1,1,1,0.7907131478293457,6.106313377695375,0.9365366858361326,468,1,hit,468,1,hit,468,1,hit,468,1,hit,468,1,hit,468,1,hit,0_0_0_10_14_16,-22.0
11,6,89,89,1,1,1,1,1.6697480626192225,7.494680566594799,0.9538277249309811,89,1,hit,89,1,hit,89,1,hit,89,1,hit,89,1,hit,89,1,hit,0_0_0_10_14_16,-22.0
11,7,713,707,1,2,1,2,0.026001229301371692,6.255652534242511,0.8632970122797868,707,0,selectable_miss,713,1,hit,707,0,selectable_miss,707,0,selectable_miss,707,0,selectable_miss,707,0,selectable_miss,0_0_0_10_14_16,-22.0
11,8,865,865,1,1,1,1,0.4607791681289467,5.97575766350448,0.9103235802743268,865,1,hit,865,1,hit,865,1,hit,865,1,hit,865,1,hit,865,1,hit,0_0_0_10_14_16,-22.0
11,9,492,492,1,1,1,1,0.6949278247423114,6.7372223912074345,0.9399155057981526,492,1,hit,492,1,hit,492,1,hit,492,1,hit,492,1,hit,492,1,hit,0_0_0_10_14_16,-22.0
11,10,765,765,1,1,1,1,0.9938456397366578,6.2368064447332685,0.9715190960383524,765,1,hit,765,1,hit,765,1,hit,765,1,hit,765,1,hit,765,1,hit,0_0_0_10_14_16,-22.0
11,11,1023,1023,1,1,1,1,0.5554216211648042,6.220468680570424,0.9800933320563748,1023,1,hit,1023,1,hit,1023,1,hit,1023,1,hit,1023,1,hit,1023,1,hit,0_0_0_10_14_16,-22.0
11,12,597,597,1,1,1,1,2.364110032909165,7.5701579388879425,0.9719923645093587,597,1,hit,597,1,hit,597,1,hit,597,1,hit,597,1,hit,597,1,hit,0_0_0_10_14_16,-22.0
11,13,562,562,1,1,1,1,4.100790287960954,9.571219024986927,0.9715671769113856,562,1,hit,562,1,hit,562,1,hit,562,1,hit,562,1,hit,562,1,hit,0_0_0_10_14_16,-22.0
11,14,478,478,1,1,1,1,3.2083720062630547,8.383926600539278,0.9660617997928252,478,1,hit,478,1,hit,478,1,hit,478,1,hit,478,1,hit,478,1,hit,0_0_0_10_14_16,-22.0
11,15,267,267,1,1,1,1,2.474318260966775,7.468268952150515,0.9648680959046355,267,1,hit,267,1,hit,267,1,hit,267,1,hit,267,1,hit,267,1,hit,0_0_0_10_14_16,-22.0
11,16,917,917,1,1,1,1,3.6411589606584194,9.31096181316837,0.975617828582196,917,1,hit,917,1,hit,917,1,hit,917,1,hit,917,1,hit,917,1,hit,0_0_0_10_14_16,-22.0
11,17,656,656,1,1,1,1,1.6390369155343336,7.433093345612818,0.9753318334518377,656,1,hit,656,1,hit,656,1,hit,656,1,hit,656,1,hit,656,1,hit,0_0_0_10_14_16,-22.0
11,18,889,889,1,1,1,1,2.393773651954204,8.071530413080781,0.8756264644502262,889,1,hit,889,1,hit,889,1,hit,889,1,hit,311,0,selectable_miss,311,0,selectable_miss,0_0_0_10_14_16,-22.0
11,19,510,510,1,1,1,1,1.133109153422096,8.0186393567152,0.9397632463246229,510,1,hit,510,1,hit,510,1,hit,510,1,hit,510,1,hit,510,1,hit,0_0_0_10_14_16,-22.0
11,20,860,860,1,1,1,1,0.9050055416997588,6.053997692974161,0.9452548326640339,860,1,hit,860,1,hit,860,1,hit,47,0,selectable_miss,47,0,selectable_miss,47,0,selectable_miss,0_0_0_10_14_16,-22.0
11,21,553,553,1,1,1,1,3.4651289164974504,10.069305226222971,0.9769390963834472,553,1,hit,553,1,hit,553,1,hit,553,1,hit,553,1,hit,553,1,hit,0_0_0_10_14_16,-22.0
11,22,629,629,1,1,1,1,0.8420760655200297,7.15599558173186,0.9364400439783472,629,1,hit,629,1,hit,629,1,hit,629,1,hit,629,1,hit,629,1,hit,0_0_0_10_14_16,-22.0
11,23,759,759,1,1,1,1,2.2559698815164158,7.751286851797964,0.8786943373215957,759,1,hit,759,1,hit,759,1,hit,759,1,hit,759,1,hit,759,1,hit,0_0_0_10_14_16,-22.0
11,24,874,874,1,1,1,1,1.0793953220884724,8.017393886433238,0.9590271638244322,874,1,hit,874,1,hit,874,1,hit,874,1,hit,874,1,hit,874,1,hit,0_0_0_10_14_16,-22.0
11,25,720,720,1,1,1,1,0.4417851723886942,6.348080659596723,0.9654033734171228,720,1,hit,720,1,hit,720,1,hit,720,1,hit,720,1,hit,720,1,hit,0_0_0_10_14_16,-22.0
11,26,314,314,1,1,1,1,2.2165024782512925,7.487771997796612,0.8680933354731132,314,1,hit,314,1,hit,314,1,hit,314,1,hit,314,1,hit,314,1,hit,0_0_0_10_14_16,-22.0
11,27,602,602,1,1,1,1,1.1707543766365234,6.369090940430934,0.9689753062502591,602,1,hit,602,1,hit,272,0,selectable_miss,602,1,hit,602,1,hit,602,1,hit,0_0_0_10_14_16,-22.0
11,28,7,7,1,1,1,1,1.280736992978715,7.572347304682111,0.9613309793209539,7,1,hit,7,1,hit,830,0,selectable_miss,201,0,selectable_miss,7,1,hit,7,1,hit,0_0_0_10_14_16,-22.0
11,29,610,610,1,1,1,1,2.6523450323106763,9.173747660440357,0.9753186335015912,610,1,hit,610,1,hit,610,1,hit,610,1,hit,610,1,hit,610,1,hit,0_0_0_10_14_16,-22.0
11,30,823,823,1,1,1,1,3.032811615707786,8.426673998734632,0.9646451820793509,823,1,hit,823,1,hit,823,1,hit,823,1,hit,823,1,hit,823,1,hit,0_0_0_10_14_16,-22.0
11,31,905,905,1,1,1,1,1.017844727717708,6.411242996716474,0.9465588223074901,905,1,hit,905,1,hit,865,0,selectable_miss,905,1,hit,905,1,hit,905,1,hit,0_0_0_10_14_16,-22.0
11,32,748,748,1,1,1,1,2.652471271465637,8.668544055529734,0.9975871073475315,748,1,hit,748,1,hit,748,1,hit,748,1,hit,748,1,hit,748,1,hit,0_0_0_10_14_16,-22.0
11,33,586,586,1,1,1,1,0.4048055423722632,6.782882745963761,0.9766667487732855,586,1,hit,586,1,hit,680,0,selectable_miss,586,1,hit,586,1,hit,586,1,hit,0_0_0_10_14_16,-22.0
11,34,93,93,1,1,1,1,1.4618681520960117,6.903674096526759,0.8640749076776545,93,1,hit,93,1,hit,731,0,selectable_miss,93,1,hit,93,1,hit,93,1,hit,0_0_0_10_14_16,-22.0
12,0,803,803,1,1,1,1,2.3841661299088797,8.036327084176012,0.9901281229935037,803,1,hit,803,1,hit,803,1,hit,803,1,hit,803,1,hit,803,1,hit,0_0_0_10_14_16,-22.0
12,1,711,711,1,1,1,1,1.4267706968628766,7.5605537423577776,0.9910779639220928,711,1,hit,711,1,hit,711,1,hit,711,1,hit,711,1,hit,711,1,hit,0_0_0_10_14_16,-22.0
12,2,871,871,1,1,1,1,3.0053326799662496,8.285249107540901,0.9827356003279651,871,1,hit,871,1,hit,871,1,hit,871,1,hit,871,1,hit,871,1,hit,0_0_0_10_14_16,-22.0
12,3,691,691,1,1,1,1,1.6747263706571607,7.795098323093406,0.9698782899979148,691,1,hit,691,1,hit,691,1,hit,217,0,selectable_miss,691,1,hit,691,1,hit,0_0_0_10_14_16,-22.0
12,4,107,107,1,1,1,1,0.4906497141831407,6.039038939121272,0.9513610224742534,107,1,hit,107,1,hit,107,1,hit,107,1,hit,107,1,hit,107,1,hit,0_0_0_10_14_16,-22.0
12,5,468,468,1,1,1,1,1.9194443781614443,7.5785166373246255,0.9619720889813432,468,1,hit,468,1,hit,468,1,hit,468,1,hit,468,1,hit,468,1,hit,0_0_0_10_14_16,-22.0
12,6,89,90,1,4,1,4,0.13622993939538375,5.573542117427145,0.30002391824845304,90,0,selectable_miss,89,1,hit,90,0,selectable_miss,267,0,selectable_miss,267,0,selectable_miss,267,0,selectable_miss,0_0_0_10_14_16,-22.0
12,7,713,713,1,1,1,1,1.2292061010640416,7.483820918640412,0.9367749204877618,713,1,hit,713,1,hit,713,1,hit,713,1,hit,713,1,hit,713,1,hit,0_0_0_10_14_16,-22.0
12,8,865,865,1,1,1,1,2.6199170661203226,8.717423808845508,0.9583837578835507,865,1,hit,865,1,hit,865,1,hit,865,1,hit,865,1,hit,865,1,hit,0_0_0_10_14_16,-22.0
12,9,492,492,1,1,1,1,2.7726225930459742,7.869933609180881,0.996144873310509,492,1,hit,492,1,hit,492,1,hit,492,1,hit,492,1,hit,492,1,hit,0_0_0_10_14_16,-22.0
12,10,765,765,1,1,1,1,2.33322262728345,7.941930190505392,0.9840221027765098,765,1,hit,765,1,hit,765,1,hit,765,1,hit,765,1,hit,765,1,hit,0_0_0_10_14_16,-22.0
12,11,1023,1023,1,1,1,1,3.349557538747607,10.044499388610976,0.9537718427562349,1023,1,hit,1023,1,hit,1023,1,hit,1023,1,hit,1023,1,hit,1023,1,hit,0_0_0_10_14_16,-22.0
12,12,597,601,1,3,1,3,0.054873809334487766,6.210026696259948,0.07032647528651895,601,0,selectable_miss,597,1,hit,601,0,selectable_miss,597,1,hit,597,1,hit,597,1,hit,0_0_0_10_14_16,-22.0
12,13,562,562,1,1,1,1,2.409889640805585,7.9250666104935386,0.9182595718498334,562,1,hit,562,1,hit,562,1,hit,562,1,hit,562,1,hit,562,1,hit,0_0_0_10_14_16,-22.0
12,14,478,478,1,1,1,1,2.6758212671013326,8.090251439996074,0.9572172454308434,478,1,hit,478,1,hit,478,1,hit,478,1,hit,478,1,hit,478,1,hit,0_0_0_10_14_16,-22.0
12,15,267,267,1,1,1,1,2.483201271220994,8.322419544994249,0.9793600109950548,267,1,hit,267,1,hit,267,1,hit,267,1,hit,267,1,hit,267,1,hit,0_0_0_10_14_16,-22.0
12,16,917,917,1,1,1,1,0.20382415956505737,5.656523740806671,0.9188569291663387,917,1,hit,917,1,hit,95,0,selectable_miss,734,0,selectable_miss,917,1,hit,917,1,hit,0_0_0_10_14_16,-22.0
12,17,656,656,1,1,1,1,1.8663861092613108,8.578689849474513,0.9580922901656705,656,1,hit,656,1,hit,656,1,hit,656,1,hit,656,1,hit,656,1,hit,0_0_0_10_14_16,-22.0
12,18,889,889,1,1,1,1,2.917945757987597,8.522878637937803,0.8936021293755022,889,1,hit,889,1,hit,889,1,hit,889,1,hit,889,1,hit,889,1,hit,0_0_0_10_14_16,-22.0
12,19,510,510,1,1,1,1,0.3762133331140671,6.865514196066965,0.9798736465344452,510,1,hit,510,1,hit,510,1,hit,510,1,hit,510,1,hit,510,1,hit,0_0_0_10_14_16,-22.0
12,20,860,860,1,1,1,1,0.7646465590668132,6.491171351859025,0.9595039752530358,860,1,hit,860,1,hit,860,1,hit,860,1,hit,860,1,hit,860,1,hit,0_0_0_10_14_16,-22.0
12,21,553,553,1,1,1,1,2.5732943383650007,8.225219359132508,0.9417910281488101,553,1,hit,553,1,hit,553,1,hit,553,1,hit,553,1,hit,553,1,hit,0_0_0_10_14_16,-22.0
12,22,629,629,1,1,1,1,2.1073171535043587,7.85093479274504,0.9426422245360382,629,1,hit,629,1,hit,629,1,hit,629,1,hit,629,1,hit,629,1,hit,0_0_0_10_14_16,-22.0
12,23,759,759,1,1,1,1,3.4122662394557617,8.985882344215025,0.9099222918687352,759,1,hit,759,1,hit,759,1,hit,759,1,hit,759,1,hit,759,1,hit,0_0_0_10_14_16,-22.0
12,24,874,874,1,1,1,1,0.546236051054288,6.291295847691931,0.9896812190062206,874,1,hit,874,1,hit,874,1,hit,874,1,hit,874,1,hit,874,1,hit,0_0_0_10_14_16,-22.0
12,25,720,720,1,1,1,1,3.195373899441765,8.714741789245114,0.9723515831029969,720,1,hit,720,1,hit,720,1,hit,720,1,hit,720,1,hit,720,1,hit,0_0_0_10_14_16,-22.0
12,26,314,314,1,1,1,1,1.5325819860856655,7.114508627223844,0.9609994537946531,314,1,hit,314,1,hit,314,1,hit,314,1,hit,314,1,hit,314,1,hit,0_0_0_10_14_16,-22.0
12,27,602,602,1,1,1,1,3.5888495110761647,9.25710890813297,0.9465127770923961,602,1,hit,602,1,hit,602,1,hit,602,1,hit,602,1,hit,602,1,hit,0_0_0_10_14_16,-22.0
12,28,7,7,1,1,1,1,1.493115405681109,7.992415912697349,0.9842557107936656,7,1,hit,7,1,hit,41,0,selectable_miss,733,0,selectable_miss,7,1,hit,7,1,hit,0_0_0_10_14_16,-22.0
12,29,610,610,1,1,1,1,3.365597059736578,9.409517566623952,0.995539094390383,610,1,hit,610,1,hit,610,1,hit,610,1,hit,610,1,hit,610,1,hit,0_0_0_10_14_16,-22.0
12,30,791,791,1,1,1,1,3.140388623994039,8.828412198175545,0.9176902155391089,791,1,hit,791,1,hit,791,1,hit,791,1,hit,791,1,hit,791,1,hit,0_0_0_10_14_16,-22.0
12,31,904,904,1,1,1,1,2.969564296041251,8.413601652771414,0.9701835984052806,904,1,hit,904,1,hit,904,1,hit,904,1,hit,904,1,hit,904,1,hit,0_0_0_10_14_16,-22.0
12,32,761,761,1,1,1,1,2.9295685542492738,8.069471310601227,0.9367125482790676,761,1,hit,761,1,hit,761,1,hit,761,1,hit,761,1,hit,761,1,hit,0_0_0_10_14_16,-22.0
12,33,587,587,1,1,1,1,2.4610936059052655,8.39769094763063,0.9937290507910309,587,1,hit,587,1,hit,587,1,hit,587,1,hit,587,1,hit,587,1,hit,0_0_0_10_14_16,-22.0
12,34,934,934,1,1,1,1,2.1716619444604044,7.377418547318987,0.9466683034031077,934,1,hit,934,1,hit,934,1,hit,934,1,hit,934,1,hit,934,1,hit,0_0_0_10_14_16,-22.0
13,0,222,222,1,1,1,1,2.5012691393172255,8.174087067977325,0.9739847265949382,222,1,hit,222,1,hit,222,1,hit,222,1,hit,222,1,hit,222,1,hit,0_0_0_10_14_16,-22.0
13,1,826,826,1,1,1,1,1.4599378676717898,7.461046766378168,0.9895643463877374,826,1,hit,826,1,hit,826,1,hit,826,1,hit,826,1,hit,826,1,hit,0_0_0_10_14_16,-22.0
13,2,871,871,1,1,1,1,3.013651670792264,8.356936706013807,0.996035826582693,871,1,hit,871,1,hit,871,1,hit,871,1,hit,871,1,hit,871,1,hit,0_0_0_10_14_16,-22.0
13,3,691,692,1,2,1,2,0.21573636183223466,6.429461127530892,0.05295994357722332,692,0,selectable_miss,691,1,hit,227,0,selectable_miss,691,1,hit,691,1,hit,691,1,hit,0_0_0_10_14_16,-22.0
13,4,107,107,1,1,1,1,2.29389250341077,8.015381010656133,0.9534686619129487,107,1,hit,107,1,hit,107,1,hit,107,1,hit,107,1,hit,107,1,hit,0_0_0_10_14_16,-22.0
13,5,468,468,1,1,1,1,1.6512665315757211,7.16831418507142,0.9442626623640107,468,1,hit,468,1,hit,468,1,hit,468,1,hit,468,1,hit,468,1,hit,0_0_0_10_14_16,-22.0
13,6,89,89,1,1,1,1,2.334969669282924,8.007621352469661,0.9488025610735678,89,1,hit,89,1,hit,89,1,hit,89,1,hit,89,1,hit,89,1,hit,0_0_0_10_14_16,-22.0
13,7,713,713,1,1,1,1,2.6932226385552887,7.916908195414036,0.894167646943438,713,1,hit,713,1,hit,713,1,hit,713,1,hit,713,1,hit,713,1,hit,0_0_0_10_14_16,-22.0
13,8,865,865,1,1,1,1,2.8606170815741794,8.31205747048698,0.9377170368826014,865,1,hit,865,1,hit,865,1,hit,865,1,hit,865,1,hit,865,1,hit,0_0_0_10_14_16,-22.0
13,9,492,492,1,1,1,1,0.4506672341049863,6.261834803790203,0.9320131801945164,492,1,hit,492,1,hit,492,1,hit,492,1,hit,492,1,hit,492,1,hit,0_0_0_10_14_16,-22.0
13,10,765,765,1,1,1,1,1.9830473735097693,7.6699425117389595,0.9931233407520443,765,1,hit,765,1,hit,765,1,hit,765,1,hit,765,1,hit,765,1,hit,0_0_0_10_14_16,-22.0
13,11,1023,1023,1,1,1,1,1.2092131944186326,7.97901086905092,0.9716469347449795,1023,1,hit,1023,1,hit,1010,0,selectable_miss,1023,1,hit,1023,1,hit,1023,1,hit,0_0_0_10_14_16,-22.0
13,12,597,597,1,1,1,1,2.4407586455151526,7.925507794082607,0.9566160777950663,597,1,hit,597,1,hit,597,1,hit,597,1,hit,597,1,hit,597,1,hit,0_0_0_10_14_16,-22.0
13,13,562,562,1,1,1,1,2.7435358256880598,8.350893309547123,0.959120765936933,562,1,hit,562,1,hit,562,1,hit,562,1,hit,562,1,hit,562,1,hit,0_0_0_10_14_16,-22.0
13,14,478,478,1,1,1,1,0.7560104318205595,6.923093544486352,0.9903945607226382,478,1,hit,478,1,hit,478,1,hit,478,1,hit,478,1,hit,478,1,hit,0_0_0_10_14_16,-22.0
13,15,267,267,1,1,1,1,1.581885071772514,6.929311556292507,0.97163691993171,267,1,hit,267,1,hit,267,1,hit,267,1,hit,267,1,hit,267,1,hit,0_0_0_10_14_16,-22.0
13,16,917,917,1,1,1,1,1.9088013394365295,7.913145098676938,0.9593397726783959,917,1,hit,917,1,hit,917,1,hit,917,1,hit,917,1,hit,917,1,hit,0_0_0_10_14_16,-22.0
13,17,656,656,1,1,1,1,2.0293411269612376,8.779197697308463,0.9967856671373718,656,1,hit,656,1,hit,656,1,hit,656,1,hit,656,1,hit,656,1,hit,0_0_0_10_14_16,-22.0
13,18,889,889,1,1,1,1,3.2706386873171023,9.322091958809542,0.9549102992269883,889,1,hit,889,1,hit,889,1,hit,889,1,hit,889,1,hit,889,1,hit,0_0_0_10_14_16,-22.0
13,19,510,510,1,1,1,1,2.2124257856989527,7.329771519636784,0.9898841885822063,510,1,hit,510,1,hit,510,1,hit,510,1,hit,510,1,hit,510,1,hit,0_0_0_10_14_16,-22.0
13,20,860,860,1,1,1,1,1.3756968922255186,6.988227493765324,0.8723636635583302,860,1,hit,860,1,hit,860,1,hit,860,1,hit,860,1,hit,860,1,hit,0_0_0_10_14_16,-22.0
13,21,553,553,1,1,1,1,2.0885965865282445,7.443674079055695,0.9367395452593501,553,1,hit,553,1,hit,553,1,hit,553,1,hit,553,1,hit,553,1,hit,0_0_0_10_14_16,-22.0
13,22,629,629,1,1,1,1,2.5357110588089595,7.920258533069705,0.9373037515226459,629,1,hit,629,1,hit,629,1,hit,629,1,hit,629,1,hit,629,1,hit,0_0_0_10_14_16,-22.0
13,23,759,759,1,1,1,1,2.977395213905262,8.559111860743197,0.9771524272762298,759,1,hit,759,1,hit,759,1,hit,759,1,hit,759,1,hit,759,1,hit,0_0_0_10_14_16,-22.0
13,24,874,932,0,0,0,0,0.678234459313519,6.164226345831736,0.6175763424355257,932,0,gt_missing_top_l,873,0,gt_missing_top_l,475,0,gt_missing_top_l,873,0,gt_missing_top_l,873,0,gt_missing_top_l,873,0,gt_missing_top_l,0_0_0_10_14_16,-22.0
13,25,720,720,1,1,1,1,1.3227566850338854,6.947247779198186,0.8669918659470008,720,1,hit,720,1,hit,720,1,hit,720,1,hit,720,1,hit,720,1,hit,0_0_0_10_14_16,-22.0
13,26,314,314,1,1,1,1,0.6670189548094301,6.847495623660227,0.9575322194992276,314,1,hit,314,1,hit,314,1,hit,314,1,hit,314,1,hit,314,1,hit,0_0_0_10_14_16,-22.0
13,27,602,602,1,1,1,1,3.230002479158802,8.580026960363616,0.9624209056368694,602,1,hit,602,1,hit,602,1,hit,602,1,hit,602,1,hit,602,1,hit,0_0_0_10_14_16,-22.0
13,28,7,7,1,1,1,1,1.6173210770594366,7.986653412845576,0.9586305863476133,7,1,hit,7,1,hit,7,1,hit,7,1,hit,7,1,hit,7,1,hit,0_0_0_10_14_16,-22.0
13,29,610,610,1,1,1,1,1.4472283737154585,6.6292531644665385,0.9908185994123037,610,1,hit,610,1,hit,610,1,hit,610,1,hit,610,1,hit,610,1,hit,0_0_0_10_14_16,-22.0
13,30,778,778,1,1,1,1,3.130444993969049,8.615185369200795,0.9531227325424744,778,1,hit,778,1,hit,778,1,hit,778,1,hit,778,1,hit,778,1,hit,0_0_0_10_14_16,-22.0
13,31,921,921,1,1,1,1,3.4040063786383894,8.929104758654159,0.9884132202627058,921,1,hit,921,1,hit,921,1,hit,921,1,hit,921,1,hit,921,1,hit,0_0_0_10_14_16,-22.0
13,32,749,749,1,1,1,1,3.350686520266554,8.728804611293166,0.9431291330664417,749,1,hit,749,1,hit,749,1,hit,749,1,hit,749,1,hit,749,1,hit,0_0_0_10_14_16,-22.0
13,33,577,577,1,1,1,1,2.7084639720896204,9.524679721345477,0.9837691341791334,577,1,hit,577,1,hit,577,1,hit,577,1,hit,577,1,hit,577,1,hit,0_0_0_10_14_16,-22.0
13,34,936,936,1,1,1,1,1.2120839921386581,8.116416030263851,0.9953913805155387,936,1,hit,936,1,hit,936,1,hit,936,1,hit,936,1,hit,936,1,hit,0_0_0_10_14_16,-22.0
1,0,222,222,1,1,1,1,0.02450015036458942,6.108545444820541,0.8987983679779584,222,1,hit,222,1,hit,222,1,hit,222,1,hit,222,1,hit,222,1,hit,0_0_0_10_14_16,-23.0
1,1,826,228,0,0,0,0,0.3063657530119685,5.266052583417196,0.3994910275598331,228,0,gt_missing_top_l,242,0,gt_missing_top_l,228,0,gt_missing_top_l,242,0,gt_missing_top_l,1015,0,gt_missing_top_l,1015,0,gt_missing_top_l,0_0_0_10_14_16,-23.0
1,2,922,922,1,1,1,1,0.14621740126023886,6.202160400884955,0.9620053257425403,922,1,hit,922,1,hit,922,1,hit,922,1,hit,922,1,hit,922,1,hit,0_0_0_10_14_16,-23.0
1,3,718,718,1,1,1,1,0.9275726663744243,6.248994050017366,0.9932598321906625,718,1,hit,718,1,hit,718,1,hit,718,1,hit,718,1,hit,718,1,hit,0_0_0_10_14_16,-23.0
1,4,107,107,1,1,1,1,1.337633261437069,6.9572506646834364,0.9445145184959058,107,1,hit,107,1,hit,107,1,hit,107,1,hit,107,1,hit,107,1,hit,0_0_0_10_14_16,-23.0
1,5,468,468,1,1,1,1,0.9630602674197539,6.460735876665124,0.9167346125683951,468,1,hit,468,1,hit,468,1,hit,468,1,hit,468,1,hit,468,1,hit,0_0_0_10_14_16,-23.0
1,6,89,921,1,4,1,4,0.45645788607981563,6.177241426466901,0.45618366216466544,921,0,selectable_miss,89,1,hit,921,0,selectable_miss,89,1,hit,89,1,hit,89,1,hit,0_0_0_10_14_16,-23.0
1,7,713,713,1,1,1,1,0.6604636952363778,6.682360603210401,0.9004587799992964,713,1,hit,713,1,hit,713,1,hit,713,1,hit,713,1,hit,713,1,hit,0_0_0_10_14_16,-23.0
1,8,865,865,1,1,1,1,2.2811215078906684,7.467466716494442,0.8770669308128702,865,1,hit,865,1,hit,865,1,hit,865,1,hit,865,1,hit,865,1,hit,0_0_0_10_14_16,-23.0
1,9,492,1008,1,2,1,2,0.23353958846695722,5.153159170966268,0.2099809624001782,1008,0,selectable_miss,185,0,selectable_miss,994,0,selectable_miss,492,1,hit,492,1,hit,492,1,hit,0_0_0_10_14_16,-23.0
1,10,765,147,1,2,1,2,0.31557847601828,6.9391087992781255,0.3632034028292232,147,0,selectable_miss,765,1,hit,858,0,selectable_miss,765,1,hit,765,1,hit,765,1,hit,0_0_0_10_14_16,-23.0
1,11,1023,1023,1,1,1,1,0.11068559956804874,6.004031665192703,0.9508440931868138,1023,1,hit,1023,1,hit,1023,1,hit,1023,1,hit,1023,1,hit,1023,1,hit,0_0_0_10_14_16,-23.0
1,12,597,548,0,0,0,0,0.07328521045973142,5.199074562845555,0.6998571707606428,548,0,gt_missing_top_l,134,0,gt_missing_top_l,549,0,gt_missing_top_l,548,0,gt_missing_top_l,232,0,gt_missing_top_l,232,0,gt_missing_top_l,0_0_0_10_14_16,-23.0
1,13,562,550,1,3,1,3,0.1341638490652038,5.266291113622348,0.49885599382755846,550,0,selectable_miss,562,1,hit,562,1,hit,562,1,hit,562,1,hit,562,1,hit,0_0_0_10_14_16,-23.0
1,14,478,288,1,2,1,2,0.5151657839767396,5.4834696510919345,0.96079195454487,288,0,selectable_miss,288,0,selectable_miss,478,1,hit,288,0,selectable_miss,478,1,hit,478,1,hit,0_0_0_10_14_16,-23.0
1,15,267,608,1,2,1,2,0.22173371111838253,6.169466847243057,0.3187892959078233,608,0,selectable_miss,267,1,hit,267,1,hit,267,1,hit,267,1,hit,267,1,hit,0_0_0_10_14_16,-23.0
1,16,917,917,1,1,1,1,0.8785641391322874,6.274420337492232,0.9707514166721493,917,1,hit,917,1,hit,917,1,hit,917,1,hit,917,1,hit,917,1,hit,0_0_0_10_14_16,-23.0
1,17,656,656,1,1,1,1,0.8278703798277715,6.347400288625405,0.8882616182997359,656,1,hit,656,1,hit,784,0,selectable_miss,656,1,hit,656,1,hit,656,1,hit,0_0_0_10_14_16,-23.0
1,18,889,264,1,17,1,17,0.4452702299514056,5.702263483803119,0.06310051586575266,264,0,selectable_miss,889,1,hit,249,0,selectable_miss,889,1,hit,889,1,hit,889,1,hit,0_0_0_10_14_16,-23.0
1,19,510,510,1,1,1,1,2.4480149113957785,7.656541947157583,0.9457000675559465,510,1,hit,510,1,hit,510,1,hit,510,1,hit,510,1,hit,510,1,hit,0_0_0_10_14_16,-23.0
1,20,860,860,1,1,1,1,0.8707029907949917,6.677251766269575,0.8885607424696428,860,1,hit,860,1,hit,860,1,hit,860,1,hit,860,1,hit,860,1,hit,0_0_0_10_14_16,-23.0
1,21,553,553,1,1,1,1,2.457176134010828,7.804186011613781,0.8457472010234591,553,1,hit,553,1,hit,553,1,hit,553,1,hit,553,1,hit,553,1,hit,0_0_0_10_14_16,-23.0
1,22,629,629,1,1,1,1,0.3811952742626227,6.287048803722735,0.9897412950030738,629,1,hit,629,1,hit,774,0,selectable_miss,629,1,hit,629,1,hit,629,1,hit,0_0_0_10_14_16,-23.0
1,23,759,525,0,0,0,0,0.008515341823757355,4.770203378066005,0.8648178852650813,525,0,gt_missing_top_l,525,0,gt_missing_top_l,918,0,gt_missing_top_l,870,0,gt_missing_top_l,727,0,gt_missing_top_l,727,0,gt_missing_top_l,0_0_0_10_14_16,-23.0
1,24,874,874,1,1,1,1,0.443699407758594,6.202566402050888,0.8890101415632807,874,1,hit,874,1,hit,576,0,selectable_miss,874,1,hit,874,1,hit,874,1,hit,0_0_0_10_14_16,-23.0
1,25,720,286,1,2,1,2,0.12002209537443333,6.323647209058301,0.5144025088860427,286,0,selectable_miss,720,1,hit,113,0,selectable_miss,720,1,hit,720,1,hit,720,1,hit,0_0_0_10_14_16,-23.0
1,26,314,314,1,1,1,1,1.4704394471052606,6.824023235020492,0.8669321923287897,314,1,hit,314,1,hit,738,0,selectable_miss,314,1,hit,314,1,hit,314,1,hit,0_0_0_10_14_16,-23.0
1,27,602,602,1,1,1,1,0.8126590667834237,7.027739903935551,0.958247729433138,602,1,hit,602,1,hit,817,0,selectable_miss,602,1,hit,602,1,hit,602,1,hit,0_0_0_10_14_16,-23.0
1,28,7,13,1,5,1,5,0.24829755395766084,6.072417591952108,0.3203023443059675,13,0,selectable_miss,6,0,selectable_miss,669,0,selectable_miss,7,1,hit,7,1,hit,7,1,hit,0_0_0_10_14_16,-23.0
1,29,610,567,1,2,1,2,0.21582522420218533,5.708595281889481,0.6414054558042869,567,0,selectable_miss,610,1,hit,881,0,selectable_miss,610,1,hit,610,1,hit,610,1,hit,0_0_0_10_14_16,-23.0
1,30,807,142,1,2,1,2,0.021504002431684426,6.237405347478323,0.4002932828541916,142,0,selectable_miss,807,1,hit,242,0,selectable_miss,807,1,hit,807,1,hit,807,1,hit,0_0_0_10_14_16,-23.0
1,31,897,396,1,2,1,2,0.3647003068369773,6.695094815204781,0.3153773619596607,396,0,selectable_miss,897,1,hit,84,0,selectable_miss,897,1,hit,897,1,hit,897,1,hit,0_0_0_10_14_16,-23.0
1,32,749,749,1,1,1,1,1.705619087067496,7.345908986079365,0.9862198733027883,749,1,hit,749,1,hit,749,1,hit,749,1,hit,749,1,hit,749,1,hit,0_0_0_10_14_16,-23.0
1,33,584,584,1,1,1,1,0.818845711306433,7.150631749378375,0.9016240117804794,584,1,hit,584,1,hit,584,1,hit,584,1,hit,584,1,hit,584,1,hit,0_0_0_10_14_16,-23.0
1,34,934,1018,1,6,1,6,0.6198809665312343,6.132453919398008,0.8076452094824614,1018,0,selectable_miss,934,1,hit,1018,0,selectable_miss,934,1,hit,1018,0,selectable_miss,1018,0,selectable_miss,0_0_0_10_14_16,-23.0
2,0,803,803,1,1,1,1,0.3296085812474991,7.1072919078590555,0.9068462478454735,803,1,hit,803,1,hit,803,1,hit,803,1,hit,803,1,hit,803,1,hit,0_0_0_10_14_16,-23.0
2,1,826,336,1,5,1,5,0.00806646185701117,5.910383942369728,0.37408747088792527,336,0,selectable_miss,826,1,hit,336,0,selectable_miss,826,1,hit,826,1,hit,826,1,hit,0_0_0_10_14_16,-23.0
2,2,922,922,1,1,1,1,1.3290418077886899,7.995258908097953,0.9525715462350244,922,1,hit,922,1,hit,922,1,hit,922,1,hit,922,1,hit,922,1,hit,0_0_0_10_14_16,-23.0
2,3,718,718,1,1,1,1,1.0696129557508007,6.649962549086656,0.975428093833286,718,1,hit,718,1,hit,718,1,hit,718,1,hit,718,1,hit,718,1,hit,0_0_0_10_14_16,-23.0
2,4,86,573,1,3,1,3,0.5352087366228684,5.403809986548747,0.18292975272899786,573,0,selectable_miss,86,1,hit,86,1,hit,86,1,hit,86,1,hit,86,1,hit,0_0_0_10_14_16,-23.0
2,5,468,109,1,13,1,13,0.0678971273107771,5.280151169691809,0.5078925958259192,109,0,selectable_miss,468,1,hit,324,0,selectable_miss,468,1,hit,468,1,hit,468,1,hit,0_0_0_10_14_16,-23.0
2,6,89,89,1,1,1,1,1.198684349878,6.354747911018911,0.9983731076176684,89,1,hit,89,1,hit,905,0,selectable_miss,89,1,hit,89,1,hit,89,1,hit,0_0_0_10_14_16,-23.0
2,7,713,713,1,1,1,1,0.49228976686818215,6.669535687500979,0.9766681480448475,713,1,hit,713,1,hit,713,1,hit,713,1,hit,713,1,hit,713,1,hit,0_0_0_10_14_16,-23.0
2,8,865,865,1,1,1,1,2.7523527398256853,7.335977122668752,0.9422422263790016,865,1,hit,865,1,hit,865,1,hit,865,1,hit,865,1,hit,865,1,hit,0_0_0_10_14_16,-23.0
2,9,492,971,0,0,0,0,0.2287992562007642,5.332624873236384,0.3045502445703532,971,0,gt_missing_top_l,371,0,gt_missing_top_l,149,0,gt_missing_top_l,371,0,gt_missing_top_l,371,0,gt_missing_top_l,371,0,gt_missing_top_l,0_0_0_10_14_16,-23.0
2,10,765,765,1,1,1,1,1.11118689644048,6.139538620246334,0.9274696823087792,765,1,hit,765,1,hit,765,1,hit,765,1,hit,765,1,hit,765,1,hit,0_0_0_10_14_16,-23.0
2,11,1023,286,1,3,1,3,0.28386501647887613,5.828323419231833,0.5786730174823173,286,0,selectable_miss,1023,1,hit,1023,1,hit,1023,1,hit,1023,1,hit,1023,1,hit,0_0_0_10_14_16,-23.0
2,12,597,677,1,9,1,9,0.5357652939059699,5.722326542730798,0.5547887822602524,677,0,selectable_miss,597,1,hit,597,1,hit,597,1,hit,597,1,hit,597,1,hit,0_0_0_10_14_16,-23.0
2,13,562,562,1,1,1,1,0.15501008224058135,6.184272047549355,0.914641026709471,562,1,hit,562,1,hit,562,1,hit,562,1,hit,562,1,hit,562,1,hit,0_0_0_10_14_16,-23.0
2,14,478,478,1,1,1,1,2.825390564688245,8.263989546685119,0.9870757221540699,478,1,hit,478,1,hit,478,1,hit,478,1,hit,478,1,hit,478,1,hit,0_0_0_10_14_16,-23.0
2,15,267,267,1,1,1,1,2.2009019111993706,7.962102773154058,0.9358018846796986,267,1,hit,267,1,hit,267,1,hit,267,1,hit,267,1,hit,267,1,hit,0_0_0_10_14_16,-23.0
2,16,917,568,1,3,1,3,0.21059847029413142,5.532868463902537,0.9430844613765075,568,0,selectable_miss,568,0,selectable_miss,917,1,hit,917,1,hit,917,1,hit,917,1,hit,0_0_0_10_14_16,-23.0
2,17,656,213,1,5,1,5,0.06385846015881715,5.53352031227723,0.7737324583202536,213,0,selectable_miss,656,1,hit,656,1,hit,656,1,hit,656,1,hit,656,1,hit,0_0_0_10_14_16,-23.0
2,18,889,889,1,1,1,1,3.4541842734489685,9.627642297990725,0.9536465856892952,889,1,hit,889,1,hit,889,1,hit,889,1,hit,889,1,hit,889,1,hit,0_0_0_10_14_16,-23.0
2,19,510,706,1,10,1,10,0.3039623653403207,5.501428939132391,0.6860094292162267,706,0,selectable_miss,413,0,selectable_miss,510,1,hit,510,1,hit,510,1,hit,510,1,hit,0_0_0_10_14_16,-23.0
2,20,860,416,1,13,1,13,0.19745104489822202,5.893485373061893,0.2281481342207208,416,0,selectable_miss,860,1,hit,975,0,selectable_miss,860,1,hit,860,1,hit,860,1,hit,0_0_0_10_14_16,-23.0
2,21,553,553,1,1,1,1,0.8292359816005044,6.304784869354572,0.9623530139981834,553,1,hit,553,1,hit,553,1,hit,553,1,hit,553,1,hit,553,1,hit,0_0_0_10_14_16,-23.0
2,22,629,629,1,1,1,1,0.17628914115057326,6.146540452894636,0.9880033004333932,629,1,hit,629,1,hit,629,1,hit,629,1,hit,629,1,hit,629,1,hit,0_0_0_10_14_16,-23.0
2,23,759,759,1,1,1,1,1.7709895018949664,7.3600289855424705,0.9956976487133583,759,1,hit,759,1,hit,759,1,hit,759,1,hit,759,1,hit,759,1,hit,0_0_0_10_14_16,-23.0
2,24,874,874,1,1,1,1,2.6630361507029807,8.20937383215936,0.9946751391894515,874,1,hit,874,1,hit,874,1,hit,874,1,hit,874,1,hit,874,1,hit,0_0_0_10_14_16,-23.0
2,25,720,721,1,3,1,3,0.7802315365069996,6.737285560516241,0.11938459558034702,721,0,selectable_miss,720,1,hit,721,0,selectable_miss,720,1,hit,720,1,hit,720,1,hit,0_0_0_10_14_16,-23.0
2,26,314,1021,0,0,0,0,1.6280931959544938,6.939114004266188,0.6724879226295047,1021,0,gt_missing_top_l,1021,0,gt_missing_top_l,647,0,gt_missing_top_l,1021,0,gt_missing_top_l,1021,0,gt_missing_top_l,1021,0,gt_missing_top_l,0_0_0_10_14_16,-23.0
2,27,602,602,1,1,1,1,1.0147145612330766,6.50689414256095,0.9762455613228495,602,1,hit,602,1,hit,96,0,selectable_miss,602,1,hit,602,1,hit,602,1,hit,0_0_0_10_14_16,-23.0
2,28,7,981,1,3,1,3,0.3309417906816349,5.322095776821046,0.34399199973887895,981,0,selectable_miss,7,1,hit,359,0,selectable_miss,7,1,hit,7,1,hit,7,1,hit,0_0_0_10_14_16,-23.0
2,29,610,610,1,1,1,1,1.462545341588366,6.653229944589968,0.8969746002378989,610,1,hit,610,1,hit,574,0,selectable_miss,610,1,hit,610,1,hit,610,1,hit,0_0_0_10_14_16,-23.0
2,30,775,827,0,0,0,0,1.049781591617466,5.972658048359737,0.8659847239349454,827,0,gt_missing_top_l,827,0,gt_missing_top_l,424,0,gt_missing_top_l,954,0,gt_missing_top_l,827,0,gt_missing_top_l,827,0,gt_missing_top_l,0_0_0_10_14_16,-23.0
2,31,912,912,1,1,1,1,1.5951937302001222,6.949097435763994,0.9791006658568238,912,1,hit,912,1,hit,912,1,hit,912,1,hit,912,1,hit,912,1,hit,0_0_0_10_14_16,-23.0
2,32,768,768,1,1,1,1,2.033827393717101,7.9180846484641325,0.8788762164732551,768,1,hit,768,1,hit,768,1,hit,768,1,hit,768,1,hit,768,1,hit,0_0_0_10_14_16,-23.0
2,33,581,581,1,1,1,1,0.7305807711366464,6.327223886119083,0.9156294355876877,581,1,hit,581,1,hit,159,0,selectable_miss,581,1,hit,581,1,hit,581,1,hit,0_0_0_10_14_16,-23.0
2,34,93,93,1,1,1,1,2.0823328097912874,7.380852895848115,0.9369507820951655,93,1,hit,93,1,hit,93,1,hit,93,1,hit,93,1,hit,93,1,hit,0_0_0_10_14_16,-23.0
3,0,222,447,1,18,1,18,0.33585409216710044,6.022735379994151,0.7791542066078576,447,0,selectable_miss,222,1,hit,447,0,selectable_miss,497,0,selectable_miss,497,0,selectable_miss,497,0,selectable_miss,0_0_0_10_14_16,-23.0
3,1,711,83,0,0,0,0,0.48297722438353874,5.868936774354361,0.8122085065761792,83,0,gt_missing_top_l,83,0,gt_missing_top_l,83,0,gt_missing_top_l,83,0,gt_missing_top_l,83,0,gt_missing_top_l,83,0,gt_missing_top_l,0_0_0_10_14_16,-23.0
3,2,871,626,1,12,1,12,0.4344395063548344,6.148103869804846,0.276866601790297,626,0,selectable_miss,858,0,selectable_miss,626,0,selectable_miss,858,0,selectable_miss,858,0,selectable_miss,858,0,selectable_miss,0_0_0_10_14_16,-23.0
3,3,718,116,1,4,1,4,0.5891787393075255,5.7127260504765545,0.20639191537242144,116,0,selectable_miss,718,1,hit,116,0,selectable_miss,718,1,hit,718,1,hit,718,1,hit,0_0_0_10_14_16,-23.0
3,4,107,697,0,0,0,0,0.3575958273690904,5.389015944138768,0.5711529540487954,697,0,gt_missing_top_l,483,0,gt_missing_top_l,697,0,gt_missing_top_l,432,0,gt_missing_top_l,432,0,gt_missing_top_l,432,0,gt_missing_top_l,0_0_0_10_14_16,-23.0
3,5,468,468,1,1,1,1,1.623664879512679,7.269592466609055,0.9659893214733277,468,1,hit,468,1,hit,468,1,hit,468,1,hit,468,1,hit,468,1,hit,0_0_0_10_14_16,-23.0
3,6,89,89,1,1,1,1,1.0174911916976708,5.651206771648742,0.8886426275243021,89,1,hit,89,1,hit,89,1,hit,89,1,hit,89,1,hit,89,1,hit,0_0_0_10_14_16,-23.0
3,7,713,713,1,1,1,1,0.8079585805823344,5.9796917380966566,0.9491800254455117,713,1,hit,713,1,hit,713,1,hit,713,1,hit,713,1,hit,713,1,hit,0_0_0_10_14_16,-23.0
3,8,865,865,1,1,1,1,0.08747778182707137,5.795199665569024,0.8891916425692834,865,1,hit,865,1,hit,19,0,selectable_miss,865,1,hit,865,1,hit,865,1,hit,0_0_0_10_14_16,-23.0
3,9,492,1001,1,2,1,2,0.2998827626354046,5.0481446984598985,0.6452317759840153,1001,0,selectable_miss,492,1,hit,491,0,selectable_miss,492,1,hit,868,0,selectable_miss,868,0,selectable_miss,0_0_0_10_14_16,-23.0
3,10,765,769,1,2,1,2,0.12904009720608786,6.59336644744794,0.6068753967344601,769,0,selectable_miss,765,1,hit,769,0,selectable_miss,765,1,hit,765,1,hit,765,1,hit,0_0_0_10_14_16,-23.0
3,11,1023,638,0,0,0,0,0.17056447595611174,6.395957884611033,0.8128189995755905,638,0,gt_missing_top_l,638,0,gt_missing_top_l,688,0,gt_missing_top_l,125,0,gt_missing_top_l,125,0,gt_missing_top_l,125,0,gt_missing_top_l,0_0_0_10_14_16,-23.0
3,12,597,597,1,1,1,1,0.5038836723941336,5.67536640384311,0.8476812386605028,597,1,hit,597,1,hit,863,0,selectable_miss,597,1,hit,597,1,hit,597,1,hit,0_0_0_10_14_16,-23.0
3,13,562,359,1,11,1,11,0.07700917336187194,6.401923630802706,0.561083099149813,359,0,selectable_miss,562,1,hit,867,0,selectable_miss,562,1,hit,562,1,hit,562,1,hit,0_0_0_10_14_16,-23.0
3,14,478,478,1,1,1,1,0.062262139749405324,5.2904330041393575,0.9580368618610312,478,1,hit,478,1,hit,574,0,selectable_miss,478,1,hit,478,1,hit,478,1,hit,0_0_0_10_14_16,-23.0
3,15,267,144,1,2,1,2,0.21742284724572927,6.055165032492776,0.7238918282709992,144,0,selectable_miss,267,1,hit,215,0,selectable_miss,267,1,hit,267,1,hit,267,1,hit,0_0_0_10_14_16,-23.0
3,16,917,917,1,1,1,1,0.3277183235126224,5.464424831388429,0.9669285899846402,917,1,hit,917,1,hit,917,1,hit,917,1,hit,917,1,hit,917,1,hit,0_0_0_10_14_16,-23.0
3,17,656,334,1,3,1,3,0.3763949215523821,5.079882797370012,0.45936554429055665,334,0,selectable_miss,32,0,selectable_miss,656,1,hit,656,1,hit,656,1,hit,656,1,hit,0_0_0_10_14_16,-23.0
3,18,889,889,1,1,1,1,1.6210861743968907,6.937371665936722,0.9115020623994644,889,1,hit,889,1,hit,889,1,hit,889,1,hit,889,1,hit,889,1,hit,0_0_0_10_14_16,-23.0
3,19,510,510,1,1,1,1,2.495223011667775,8.837643456420084,0.9727774486869826,510,1,hit,510,1,hit,510,1,hit,510,1,hit,510,1,hit,510,1,hit,0_0_0_10_14_16,-23.0
3,20,860,860,1,1,1,1,0.8788193244607367,5.983879701151467,0.9195941727436322,860,1,hit,860,1,hit,600,0,selectable_miss,860,1,hit,860,1,hit,860,1,hit,0_0_0_10_14_16,-23.0
3,21,553,553,1,1,1,1,0.23251249256688683,5.595095417767641,0.9969857718503021,553,1,hit,553,1,hit,553,1,hit,553,1,hit,131,0,selectable_miss,131,0,selectable_miss,0_0_0_10_14_16,-23.0
3,22,629,430,1,12,1,12,0.7049206030194871,5.74634911020426,0.3288375124894533,430,0,selectable_miss,629,1,hit,575,0,selectable_miss,629,1,hit,515,0,selectable_miss,515,0,selectable_miss,0_0_0_10_14_16,-23.0
3,23,759,759,1,1,1,1,1.8878199688616484,8.098226212358718,0.9871428004479897,759,1,hit,759,1,hit,759,1,hit,759,1,hit,759,1,hit,759,1,hit,0_0_0_10_14_16,-23.0
3,24,874,874,1,1,1,1,0.312836746417997,5.407609356391408,0.7458525335587656,874,1,hit,18,0,selectable_miss,874,1,hit,18,0,selectable_miss,18,0,selectable_miss,18,0,selectable_miss,0_0_0_10_14_16,-23.0
3,25,720,720,1,1,1,1,0.596789334988266,7.002573691944259,0.9243769016916908,720,1,hit,720,1,hit,720,1,hit,720,1,hit,720,1,hit,720,1,hit,0_0_0_10_14_16,-23.0
3,26,314,314,1,1,1,1,0.9395400609388614,6.397091839510774,0.9483130279398087,314,1,hit,314,1,hit,314,1,hit,314,1,hit,314,1,hit,314,1,hit,0_0_0_10_14_16,-23.0
3,27,602,602,1,1,1,1,2.4878019122823924,8.210247123085082,0.8870163653578865,602,1,hit,602,1,hit,602,1,hit,602,1,hit,602,1,hit,602,1,hit,0_0_0_10_14_16,-23.0
3,28,7,7,1,1,1,1,0.03443043241353226,5.620870563206527,0.9247488509047462,7,1,hit,7,1,hit,7,1,hit,7,1,hit,7,1,hit,7,1,hit,0_0_0_10_14_16,-23.0
3,29,610,610,1,1,1,1,1.4449680317229392,6.78721888263092,0.8996151954094361,610,1,hit,610,1,hit,898,0,selectable_miss,610,1,hit,610,1,hit,610,1,hit,0_0_0_10_14_16,-23.0
3,30,778,720,1,9,1,9,0.21453175395148708,5.794715152219153,0.6206124583664587,720,0,selectable_miss,778,1,hit,102,0,selectable_miss,778,1,hit,778,1,hit,778,1,hit,0_0_0_10_14_16,-23.0
3,31,897,60,1,4,1,4,0.06445053469585205,4.99339234192348,0.4662084429586134,60,0,selectable_miss,413,0,selectable_miss,892,0,selectable_miss,897,1,hit,897,1,hit,897,1,hit,0_0_0_10_14_16,-23.0
3,32,740,740,1,1,1,1,2.0290534090525907,8.105799052706613,0.875223607799052,740,1,hit,740,1,hit,740,1,hit,740,1,hit,740,1,hit,740,1,hit,0_0_0_10_14_16,-23.0
3,33,590,590,1,1,1,1,0.38710126597355,6.657198074222949,0.8868419330178592,590,1,hit,590,1,hit,590,1,hit,590,1,hit,590,1,hit,590,1,hit,0_0_0_10_14_16,-23.0
3,34,930,930,1,1,1,1,1.2857766150137633,8.378626029144977,0.9519089122514983,930,1,hit,930,1,hit,195,0,selectable_miss,930,1,hit,930,1,hit,930,1,hit,0_0_0_10_14_16,-23.0
5,0,222,909,0,0,0,0,0.31863016726714954,6.142558932095124,0.5793448513265527,909,0,gt_missing_top_l,498,0,gt_missing_top_l,761,0,gt_missing_top_l,498,0,gt_missing_top_l,498,0,gt_missing_top_l,498,0,gt_missing_top_l,0_0_0_10_14_16,-23.0
5,1,826,826,1,1,1,1,0.4576096195611767,6.2118677481588005,0.8749932078766312,826,1,hit,826,1,hit,827,0,selectable_miss,826,1,hit,826,1,hit,826,1,hit,0_0_0_10_14_16,-23.0
5,2,871,871,1,1,1,1,0.1803882995767716,6.270291525622657,0.9690200909116244,871,1,hit,871,1,hit,230,0,selectable_miss,871,1,hit,871,1,hit,871,1,hit,0_0_0_10_14_16,-23.0
5,3,718,718,1,1,1,1,0.7667428861215546,6.763500506723252,0.874389939184955,718,1,hit,718,1,hit,379,0,selectable_miss,718,1,hit,718,1,hit,718,1,hit,0_0_0_10_14_16,-23.0
5,4,86,233,1,2,1,2,0.27156885944128367,5.947127444768411,0.4768717232108134,233,0,selectable_miss,86,1,hit,1022,0,selectable_miss,86,1,hit,86,1,hit,86,1,hit,0_0_0_10_14_16,-23.0
5,5,468,186,1,2,1,2,0.1813276514478476,5.455492583015646,0.5441032086097909,186,0,selectable_miss,468,1,hit,240,0,selectable_miss,468,1,hit,468,1,hit,468,1,hit,0_0_0_10_14_16,-23.0
5,6,89,89,1,1,1,1,0.11536847792631963,5.14241703326996,0.9248451231437661,89,1,hit,89,1,hit,677,0,selectable_miss,89,1,hit,89,1,hit,89,1,hit,0_0_0_10_14_16,-23.0
5,7,713,713,1,1,1,1,0.6448095489783944,5.977857965676282,0.9521121975405554,713,1,hit,713,1,hit,713,1,hit,713,1,hit,713,1,hit,713,1,hit,0_0_0_10_14_16,-23.0
5,8,865,865,1,1,1,1,2.5680959091095796,8.284188064995025,0.9886941107016675,865,1,hit,865,1,hit,865,1,hit,865,1,hit,865,1,hit,865,1,hit,0_0_0_10_14_16,-23.0
5,9,492,492,1,1,1,1,2.0507608151454,6.8430415153491,0.9645469641816936,492,1,hit,492,1,hit,492,1,hit,492,1,hit,492,1,hit,492,1,hit,0_0_0_10_14_16,-23.0
5,10,765,642,1,2,1,2,0.23498304494574143,6.01556440223278,0.4128362688952112,642,0,selectable_miss,765,1,hit,429,0,selectable_miss,765,1,hit,765,1,hit,765,1,hit,0_0_0_10_14_16,-23.0
5,11,1023,1023,1,1,1,1,3.138325840881455,8.333090445730885,0.9396478117494569,1023,1,hit,1023,1,hit,1023,1,hit,1023,1,hit,1023,1,hit,1023,1,hit,0_0_0_10_14_16,-23.0
5,12,597,597,1,1,1,1,0.6048536099344605,6.576083399352207,0.9759755033652201,597,1,hit,597,1,hit,676,0,selectable_miss,597,1,hit,597,1,hit,597,1,hit,0_0_0_10_14_16,-23.0
5,13,562,562,1,1,1,1,1.4566735550325174,7.115894859702482,0.9246404754047522,562,1,hit,562,1,hit,990,0,selectable_miss,562,1,hit,562,1,hit,562,1,hit,0_0_0_10_14_16,-23.0
5,14,478,478,1,1,1,1,1.8839601092696858,8.480187399358648,0.9796029007937063,478,1,hit,478,1,hit,478,1,hit,478,1,hit,478,1,hit,478,1,hit,0_0_0_10_14_16,-23.0
5,15,267,267,1,1,1,1,1.4648595759728036,6.611821442186009,0.8880638676448774,267,1,hit,267,1,hit,267,1,hit,267,1,hit,267,1,hit,267,1,hit,0_0_0_10_14_16,-23.0
5,16,917,435,1,2,1,2,0.1105652767656813,4.81797041442815,0.7124077280834252,435,0,selectable_miss,917,1,hit,314,0,selectable_miss,917,1,hit,917,1,hit,917,1,hit,0_0_0_10_14_16,-23.0
5,17,656,1,0,0,0,0,0.8550207774960061,5.80587848267022,0.3677088350750329,1,0,gt_missing_top_l,812,0,gt_missing_top_l,233,0,gt_missing_top_l,73,0,gt_missing_top_l,119,0,gt_missing_top_l,119,0,gt_missing_top_l,0_0_0_10_14_16,-23.0
5,18,889,832,1,7,1,7,0.15037440673251978,5.4033624980476835,0.0880454719561718,832,0,selectable_miss,889,1,hit,832,0,selectable_miss,889,1,hit,683,0,selectable_miss,683,0,selectable_miss,0_0_0_10_14_16,-23.0
5,19,510,510,1,1,1,1,2.5200447674758424,8.029923457134618,0.9466007029439736,510,1,hit,510,1,hit,510,1,hit,510,1,hit,510,1,hit,510,1,hit,0_0_0_10_14_16,-23.0
5,20,860,314,1,24,1,24,0.11221384534159617,5.222428313848431,0.8983446831270282,314,0,selectable_miss,314,0,selectable_miss,314,0,selectable_miss,314,0,selectable_miss,314,0,selectable_miss,314,0,selectable_miss,0_0_0_10_14_16,-23.0
5,21,553,553,1,1,1,1,1.7384355870064074,7.3342560781775905,0.9853777791361231,553,1,hit,553,1,hit,553,1,hit,553,1,hit,553,1,hit,553,1,hit,0_0_0_10_14_16,-23.0
5,22,629,629,1,1,1,1,2.308827409654779,8.004733392652966,0.8541830619749402,629,1,hit,629,1,hit,629,1,hit,629,1,hit,629,1,hit,629,1,hit,0_0_0_10_14_16,-23.0
5,23,759,743,0,0,0,0,0.7206639833579822,6.361023184205524,0.4346448467949753,743,0,gt_missing_top_l,753,0,gt_missing_top_l,72,0,gt_missing_top_l,753,0,gt_missing_top_l,776,0,gt_missing_top_l,776,0,gt_missing_top_l,0_0_0_10_14_16,-23.0
5,24,874,874,1,1,1,1,1.6493795336489339,7.6392655419191815,0.9926202935967408,874,1,hit,874,1,hit,874,1,hit,874,1,hit,874,1,hit,874,1,hit,0_0_0_10_14_16,-23.0
5,25,720,720,1,1,1,1,1.8626284082838724,7.276764486774479,0.9656173586148449,720,1,hit,720,1,hit,720,1,hit,720,1,hit,720,1,hit,720,1,hit,0_0_0_10_14_16,-23.0
5,26,314,314,1,1,1,1,0.38591828012582047,6.117975507682539,0.9943961685921487,314,1,hit,314,1,hit,144,0,selectable_miss,314,1,hit,314,1,hit,314,1,hit,0_0_0_10_14_16,-23.0
5,27,602,430,0,0,0,0,0.7558249469109525,5.81893179705137,0.8115575880823062,430,0,gt_missing_top_l,430,0,gt_missing_top_l,279,0,gt_missing_top_l,430,0,gt_missing_top_l,430,0,gt_missing_top_l,430,0,gt_missing_top_l,0_0_0_10_14_16,-23.0
5,28,7,7,1,1,1,1,0.3088962949289561,5.8975852615095015,0.9485554081809258,7,1,hit,7,1,hit,426,0,selectable_miss,7,1,hit,7,1,hit,7,1,hit,0_0_0_10_14_16,-23.0
5,29,610,390,0,0,0,0,0.8187184378597733,5.700246714530365,0.6333760454370735,390,0,gt_missing_top_l,949,0,gt_missing_top_l,390,0,gt_missing_top_l,78,0,gt_missing_top_l,78,0,gt_missing_top_l,78,0,gt_missing_top_l,0_0_0_10_14_16,-23.0
5,30,823,823,1,1,1,1,1.0386329821873466,6.87823964517737,0.9898582993208381,823,1,hit,823,1,hit,259,0,selectable_miss,823,1,hit,823,1,hit,823,1,hit,0_0_0_10_14_16,-23.0
5,31,913,634,1,2,1,2,0.011069744269033004,6.4367019672204915,0.25240402360219183,634,0,selectable_miss,913,1,hit,225,0,selectable_miss,913,1,hit,913,1,hit,913,1,hit,0_0_0_10_14_16,-23.0
5,32,741,741,1,1,1,1,0.5615727019160902,7.113939226810428,0.962840922127879,741,1,hit,741,1,hit,747,0,selectable_miss,741,1,hit,741,1,hit,741,1,hit,0_0_0_10_14_16,-23.0
5,33,581,731,0,0,0,0,0.3445390877922726,5.086124746276457,0.7354556822690402,731,0,gt_missing_top_l,550,0,gt_missing_top_l,413,0,gt_missing_top_l,731,0,gt_missing_top_l,731,0,gt_missing_top_l,731,0,gt_missing_top_l,0_0_0_10_14_16,-23.0
5,34,91,91,1,1,1,1,0.6573455454418259,6.015506044105509,0.9649079708520687,91,1,hit,91,1,hit,91,1,hit,91,1,hit,91,1,hit,91,1,hit,0_0_0_10_14_16,-23.0
6,0,803,803,1,1,1,1,0.9730703245510831,6.628016020805067,0.9455106086318321,803,1,hit,803,1,hit,803,1,hit,803,1,hit,803,1,hit,803,1,hit,0_0_0_10_14_16,-23.0
6,1,826,826,1,1,1,1,1.2466237657405792,6.779113898845676,0.6676361978583594,826,1,hit,826,1,hit,826,1,hit,356,0,selectable_miss,826,1,hit,826,1,hit,0_0_0_10_14_16,-23.0
6,2,871,871,1,1,1,1,0.942476981521786,7.193095381166861,0.9067277544328168,871,1,hit,871,1,hit,871,1,hit,871,1,hit,871,1,hit,871,1,hit,0_0_0_10_14_16,-23.0
6,3,718,718,1,1,1,1,2.5796434827083496,7.599677213498498,0.8258587719350208,718,1,hit,718,1,hit,718,1,hit,718,1,hit,718,1,hit,718,1,hit,0_0_0_10_14_16,-23.0
6,4,107,107,1,1,1,1,0.5993375129921119,6.751869209406639,0.9887833852252026,107,1,hit,107,1,hit,107,1,hit,107,1,hit,107,1,hit,107,1,hit,0_0_0_10_14_16,-23.0
6,5,468,468,1,1,1,1,1.264771916346166,6.38768939138391,0.9865842316075963,468,1,hit,468,1,hit,468,1,hit,468,1,hit,468,1,hit,468,1,hit,0_0_0_10_14_16,-23.0
6,6,89,803,0,0,0,0,0.1796674651871638,5.725533068444202,0.8369030611385503,803,0,gt_missing_top_l,803,0,gt_missing_top_l,803,0,gt_missing_top_l,803,0,gt_missing_top_l,803,0,gt_missing_top_l,803,0,gt_missing_top_l,0_0_0_10_14_16,-23.0
6,7,713,713,1,1,1,1,0.1191153607711713,5.804396994591907,0.9613747177462428,713,1,hit,713,1,hit,713,1,hit,713,1,hit,713,1,hit,713,1,hit,0_0_0_10_14_16,-23.0
6,8,865,865,1,1,1,1,0.0875650631207964,5.57289440647763,0.9773670820795011,865,1,hit,865,1,hit,865,1,hit,865,1,hit,865,1,hit,865,1,hit,0_0_0_10_14_16,-23.0
6,9,492,492,1,1,1,1,1.3191132487858201,6.513094493997915,0.853460666060965,492,1,hit,492,1,hit,682,0,selectable_miss,492,1,hit,492,1,hit,492,1,hit,0_0_0_10_14_16,-23.0
6,10,765,765,1,1,1,1,0.032872169118554125,5.400567186091494,0.9349570100054986,765,1,hit,765,1,hit,842,0,selectable_miss,765,1,hit,765,1,hit,765,1,hit,0_0_0_10_14_16,-23.0
6,11,1023,1023,1,1,1,1,1.1107262857801887,6.323105588839732,0.967769611324856,1023,1,hit,1023,1,hit,179,0,selectable_miss,1023,1,hit,1023,1,hit,1023,1,hit,0_0_0_10_14_16,-23.0
6,12,597,296,1,8,1,8,0.5791894485492034,5.4415079548128205,0.4007433858364754,296,0,selectable_miss,784,0,selectable_miss,940,0,selectable_miss,922,0,selectable_miss,922,0,selectable_miss,922,0,selectable_miss,0_0_0_10_14_16,-23.0
6,13,562,562,1,1,1,1,0.999934565213495,6.179110855371393,0.7519403868812313,562,1,hit,279,0,selectable_miss,347,0,selectable_miss,562,1,hit,562,1,hit,562,1,hit,0_0_0_10_14_16,-23.0
6,14,478,478,1,1,1,1,0.5817359704003143,6.246910836718205,0.9977863975710626,478,1,hit,478,1,hit,478,1,hit,478,1,hit,478,1,hit,478,1,hit,0_0_0_10_14_16,-23.0
6,15,267,832,1,11,1,11,0.12100809408461498,6.027754521287393,0.4033331319638901,832,0,selectable_miss,267,1,hit,832,0,selectable_miss,267,1,hit,267,1,hit,267,1,hit,0_0_0_10_14_16,-23.0
6,16,917,917,1,1,1,1,1.5315913538614612,7.113348218170509,0.9459303166994311,917,1,hit,917,1,hit,917,1,hit,917,1,hit,917,1,hit,917,1,hit,0_0_0_10_14_16,-23.0
6,17,656,656,1,1,1,1,1.4151551499426185,6.58077342887653,0.9401378096787242,656,1,hit,656,1,hit,656,1,hit,656,1,hit,656,1,hit,656,1,hit,0_0_0_10_14_16,-23.0
6,18,889,889,1,1,1,1,0.14531106596969923,6.609471397040334,0.9725957800476379,889,1,hit,889,1,hit,889,1,hit,889,1,hit,889,1,hit,889,1,hit,0_0_0_10_14_16,-23.0
6,19,510,510,1,1,1,1,2.4067568561331205,7.650623898891257,0.9067500081655759,510,1,hit,510,1,hit,510,1,hit,510,1,hit,510,1,hit,510,1,hit,0_0_0_10_14_16,-23.0
6,20,860,860,1,1,1,1,0.6071554250537675,6.36093822525874,0.9593816656688564,860,1,hit,860,1,hit,860,1,hit,860,1,hit,860,1,hit,860,1,hit,0_0_0_10_14_16,-23.0
6,21,553,553,1,1,1,1,0.5505776499159079,7.061602421870459,0.9430780271085005,553,1,hit,553,1,hit,553,1,hit,553,1,hit,553,1,hit,553,1,hit,0_0_0_10_14_16,-23.0
6,22,629,629,1,1,1,1,0.9493167275369069,6.438111386942528,0.9729820017796635,629,1,hit,629,1,hit,629,1,hit,629,1,hit,629,1,hit,629,1,hit,0_0_0_10_14_16,-23.0
6,23,759,245,1,12,1,12,0.6618357994716956,5.487713200071934,0.704358521883781,245,0,selectable_miss,834,0,selectable_miss,378,0,selectable_miss,834,0,selectable_miss,834,0,selectable_miss,834,0,selectable_miss,0_0_0_10_14_16,-23.0
6,24,874,347,1,9,1,9,0.024855481061502146,5.769415619116591,0.9168010379581509,347,0,selectable_miss,347,0,selectable_miss,888,0,selectable_miss,874,1,hit,874,1,hit,874,1,hit,0_0_0_10_14_16,-23.0
6,25,720,721,1,2,1,2,0.22212996630309942,6.41952649520364,0.6196560066375917,721,0,selectable_miss,720,1,hit,906,0,selectable_miss,720,1,hit,720,1,hit,720,1,hit,0_0_0_10_14_16,-23.0
6,26,314,314,1,1,1,1,0.026873788634360303,5.920845944623229,0.6999853710420668,314,1,hit,414,0,selectable_miss,876,0,selectable_miss,314,1,hit,314,1,hit,314,1,hit,0_0_0_10_14_16,-23.0
6,27,602,575,1,3,1,3,0.41100174451484583,5.682600072556503,0.7956133392078185,575,0,selectable_miss,602,1,hit,914,0,selectable_miss,602,1,hit,602,1,hit,602,1,hit,0_0_0_10_14_16,-23.0
6,28,7,7,1,1,1,1,0.35787572541524754,6.161557380817736,0.9596687446391725,7,1,hit,7,1,hit,0,0,selectable_miss,7,1,hit,7,1,hit,7,1,hit,0_0_0_10_14_16,-23.0
6,29,610,907,1,4,1,4,0.4053231485683213,5.816837220454279,0.24422148606958483,907,0,selectable_miss,610,1,hit,693,0,selectable_miss,610,1,hit,610,1,hit,610,1,hit,0_0_0_10_14_16,-23.0
6,30,791,791,1,1,1,1,1.1448004236204226,6.542719974716279,0.9071563963912175,791,1,hit,791,1,hit,791,1,hit,791,1,hit,791,1,hit,791,1,hit,0_0_0_10_14_16,-23.0
6,31,928,515,1,15,1,15,0.2944694816456501,5.314349300639978,0.8010281808559427,515,0,selectable_miss,1009,0,selectable_miss,515,0,selectable_miss,515,0,selectable_miss,515,0,selectable_miss,515,0,selectable_miss,0_0_0_10_14_16,-23.0
6,32,760,324,0,0,0,0,0.625039338765977,5.886342456132436,0.3172621001545442,324,0,gt_missing_top_l,753,0,gt_missing_top_l,324,0,gt_missing_top_l,753,0,gt_missing_top_l,753,0,gt_missing_top_l,753,0,gt_missing_top_l,0_0_0_10_14_16,-23.0
6,33,584,584,1,1,1,1,2.2225299886507397,7.716670429112692,0.9685338503895607,584,1,hit,584,1,hit,584,1,hit,584,1,hit,584,1,hit,584,1,hit,0_0_0_10_14_16,-23.0
6,34,932,372,1,7,1,7,0.8312895066212262,6.483706901519865,0.3895734800235465,372,0,selectable_miss,777,0,selectable_miss,372,0,selectable_miss,777,0,selectable_miss,777,0,selectable_miss,777,0,selectable_miss,0_0_0_10_14_16,-23.0
8,0,803,364,1,5,1,5,0.08132888551742269,5.488877198063442,0.33632988666486624,364,0,selectable_miss,803,1,hit,803,1,hit,803,1,hit,803,1,hit,803,1,hit,0_0_0_10_14_16,-23.0
8,1,711,711,1,1,1,1,0.8138191204890328,6.291072372665179,0.865726668030122,711,1,hit,711,1,hit,592,0,selectable_miss,711,1,hit,711,1,hit,711,1,hit,0_0_0_10_14_16,-23.0
8,2,922,922,1,1,1,1,1.6450549534798902,7.357951666989724,0.9494771312997083,922,1,hit,922,1,hit,922,1,hit,922,1,hit,922,1,hit,922,1,hit,0_0_0_10_14_16,-23.0
8,3,691,691,1,1,1,1,3.026567066585436,8.3375122569639,0.9650826781196047,691,1,hit,691,1,hit,691,1,hit,691,1,hit,691,1,hit,691,1,hit,0_0_0_10_14_16,-23.0
8,4,86,467,1,2,1,2,0.3079791952774974,6.763350692936862,0.3707015440998309,467,0,selectable_miss,86,1,hit,86,1,hit,86,1,hit,86,1,hit,86,1,hit,0_0_0_10_14_16,-23.0
8,5,468,468,1,1,1,1,1.3191152336847227,6.523802706286876,0.9734613545341091,468,1,hit,468,1,hit,685,0,selectable_miss,468,1,hit,468,1,hit,468,1,hit,0_0_0_10_14_16,-23.0
8,6,89,89,1,1,1,1,1.5358371401190363,6.921854426148991,0.9952178320557841,89,1,hit,89,1,hit,89,1,hit,89,1,hit,89,1,hit,89,1,hit,0_0_0_10_14_16,-23.0
8,7,713,713,1,1,1,1,0.47462026757004616,5.980812521502593,0.9790095460562934,713,1,hit,713,1,hit,713,1,hit,713,1,hit,713,1,hit,713,1,hit,0_0_0_10_14_16,-23.0
8,8,865,865,1,1,1,1,2.1951366559405026,7.96167516464234,0.99048250521693,865,1,hit,865,1,hit,865,1,hit,865,1,hit,865,1,hit,865,1,hit,0_0_0_10_14_16,-23.0
8,9,492,492,1,1,1,1,1.959188671653207,7.085101038824979,0.8935809336072588,492,1,hit,492,1,hit,492,1,hit,492,1,hit,492,1,hit,492,1,hit,0_0_0_10_14_16,-23.0
8,10,765,765,1,1,1,1,1.3821407353161728,6.835543506354469,0.9791341345822581,765,1,hit,765,1,hit,765,1,hit,765,1,hit,765,1,hit,765,1,hit,0_0_0_10_14_16,-23.0
8,11,1023,1023,1,1,1,1,1.8492026981732932,7.140320347224982,0.8809764661772155,1023,1,hit,1023,1,hit,1023,1,hit,1023,1,hit,1023,1,hit,1023,1,hit,0_0_0_10_14_16,-23.0
8,12,597,752,0,0,0,0,0.04325257119902086,5.330918088802251,0.04496237550877443,752,0,gt_missing_top_l,490,0,gt_missing_top_l,326,0,gt_missing_top_l,680,0,gt_missing_top_l,680,0,gt_missing_top_l,680,0,gt_missing_top_l,0_0_0_10_14_16,-23.0
8,13,562,562,1,1,1,1,2.373978601478022,8.055715954936117,0.959688789101521,562,1,hit,562,1,hit,562,1,hit,562,1,hit,562,1,hit,562,1,hit,0_0_0_10_14_16,-23.0
8,14,478,478,1,1,1,1,0.959279193789639,7.161256977082454,0.9854564400612608,478,1,hit,478,1,hit,606,0,selectable_miss,478,1,hit,478,1,hit,478,1,hit,0_0_0_10_14_16,-23.0
8,15,267,267,1,1,1,1,1.3989450190601223,7.7323382584422795,0.9179298087284998,267,1,hit,267,1,hit,267,1,hit,267,1,hit,267,1,hit,267,1,hit,0_0_0_10_14_16,-23.0
8,16,917,917,1,1,1,1,1.711033528185719,6.960026429648888,0.9565886831695553,917,1,hit,917,1,hit,917,1,hit,917,1,hit,917,1,hit,917,1,hit,0_0_0_10_14_16,-23.0
8,17,656,656,1,1,1,1,1.3977550393960918,6.648948722772033,0.9968623150802118,656,1,hit,656,1,hit,656,1,hit,656,1,hit,656,1,hit,656,1,hit,0_0_0_10_14_16,-23.0
8,18,889,889,1,1,1,1,1.8051145242465467,7.437371099600743,0.9328301666290651,889,1,hit,889,1,hit,889,1,hit,889,1,hit,889,1,hit,889,1,hit,0_0_0_10_14_16,-23.0
8,19,510,202,1,2,1,2,0.11740286957639176,5.6260103579808085,0.7532661922262517,202,0,selectable_miss,225,0,selectable_miss,510,1,hit,530,0,selectable_miss,530,0,selectable_miss,530,0,selectable_miss,0_0_0_10_14_16,-23.0
8,20,860,464,0,0,0,0,0.31026315173586916,5.094032792727187,0.4731724446294691,464,0,gt_missing_top_l,417,0,gt_missing_top_l,372,0,gt_missing_top_l,417,0,gt_missing_top_l,417,0,gt_missing_top_l,417,0,gt_missing_top_l,0_0_0_10_14_16,-23.0
8,21,553,46,0,0,0,0,0.874288130311657,6.262851530520591,0.3171864677016251,46,0,gt_missing_top_l,1023,0,gt_missing_top_l,46,0,gt_missing_top_l,91,0,gt_missing_top_l,91,0,gt_missing_top_l,91,0,gt_missing_top_l,0_0_0_10_14_16,-23.0
8,22,629,629,1,1,1,1,2.4173612279625094,7.132366878777667,0.9730126084415979,629,1,hit,629,1,hit,629,1,hit,629,1,hit,629,1,hit,629,1,hit,0_0_0_10_14_16,-23.0
8,23,759,759,1,1,1,1,0.3693654812512815,6.678246976493033,0.9943542450305908,759,1,hit,759,1,hit,759,1,hit,759,1,hit,759,1,hit,759,1,hit,0_0_0_10_14_16,-23.0
8,24,874,874,1,1,1,1,1.731124336267008,8.091894320247645,0.8486927711930408,874,1,hit,874,1,hit,874,1,hit,874,1,hit,874,1,hit,874,1,hit,0_0_0_10_14_16,-23.0
8,25,720,720,1,1,1,1,1.3569712982762394,6.453321189421638,0.9819485379463582,720,1,hit,720,1,hit,720,1,hit,720,1,hit,720,1,hit,720,1,hit,0_0_0_10_14_16,-23.0
8,26,314,96,1,10,1,10,0.48150027546478713,5.996045076871038,0.4341892210231346,96,0,selectable_miss,31,0,selectable_miss,96,0,selectable_miss,314,1,hit,314,1,hit,314,1,hit,0_0_0_10_14_16,-23.0
8,27,602,620,1,13,1,13,0.2627894456911462,5.4225325352241525,0.32300690759758743,620,0,selectable_miss,602,1,hit,620,0,selectable_miss,602,1,hit,602,1,hit,602,1,hit,0_0_0_10_14_16,-23.0
8,28,7,393,1,3,1,3,0.27374934529479245,5.4399192775421,0.317553310755147,393,0,selectable_miss,31,0,selectable_miss,6,0,selectable_miss,7,1,hit,7,1,hit,7,1,hit,0_0_0_10_14_16,-23.0
8,29,610,610,1,1,1,1,0.23536367237618777,5.889986127316243,0.9026532214799193,610,1,hit,610,1,hit,946,0,selectable_miss,610,1,hit,610,1,hit,610,1,hit,0_0_0_10_14_16,-23.0
8,30,775,775,1,1,1,1,2.000639425262885,7.245294043780744,0.9658945572574444,775,1,hit,775,1,hit,775,1,hit,775,1,hit,775,1,hit,775,1,hit,0_0_0_10_14_16,-23.0
8,31,920,920,1,1,1,1,0.8043557925961043,5.819656140442176,0.9040998422160831,920,1,hit,920,1,hit,894,0,selectable_miss,920,1,hit,920,1,hit,920,1,hit,0_0_0_10_14_16,-23.0
8,32,753,583,1,4,1,4,0.1611087539167111,6.038782906642175,0.811617835403799,583,0,selectable_miss,583,0,selectable_miss,753,1,hit,583,0,selectable_miss,583,0,selectable_miss,583,0,selectable_miss,0_0_0_10_14_16,-23.0
8,33,586,548,1,6,1,6,1.19168144271903,7.241446754753574,0.4910783746495168,548,0,selectable_miss,586,1,hit,586,1,hit,586,1,hit,586,1,hit,586,1,hit,0_0_0_10_14_16,-23.0
8,34,91,91,1,1,1,1,3.028445089436636,8.485540324844402,0.8855034955500142,91,1,hit,91,1,hit,91,1,hit,91,1,hit,91,1,hit,91,1,hit,0_0_0_10_14_16,-23.0
9,0,222,222,1,1,1,1,1.3970639068534103,7.124006227047305,0.9839641688601135,222,1,hit,222,1,hit,222,1,hit,222,1,hit,222,1,hit,222,1,hit,0_0_0_10_14_16,-23.0
9,1,826,826,1,1,1,1,3.8694687106046572,9.297214747807809,0.9860026867183648,826,1,hit,826,1,hit,826,1,hit,826,1,hit,826,1,hit,826,1,hit,0_0_0_10_14_16,-23.0
9,2,922,520,1,2,1,2,0.30404470867106836,6.0921215493076675,0.519386536722823,520,0,selectable_miss,922,1,hit,922,1,hit,922,1,hit,922,1,hit,922,1,hit,0_0_0_10_14_16,-23.0
9,3,691,827,1,4,1,4,1.1434168068452129,6.240213605308758,0.9359679671040533,827,0,selectable_miss,827,0,selectable_miss,360,0,selectable_miss,827,0,selectable_miss,827,0,selectable_miss,827,0,selectable_miss,0_0_0_10_14_16,-23.0
9,4,86,86,1,1,1,1,2.0630930259661393,7.379625299154064,0.9759666737764463,86,1,hit,86,1,hit,86,1,hit,86,1,hit,86,1,hit,86,1,hit,0_0_0_10_14_16,-23.0
9,5,468,82,1,2,1,2,0.0011700495561678978,5.288717181144904,0.5438408610176223,82,0,selectable_miss,468,1,hit,84,0,selectable_miss,468,1,hit,468,1,hit,468,1,hit,0_0_0_10_14_16,-23.0
9,6,89,89,1,1,1,1,2.311836683758632,7.938525427538118,0.9316554943139524,89,1,hit,89,1,hit,89,1,hit,89,1,hit,89,1,hit,89,1,hit,0_0_0_10_14_16,-23.0
9,7,713,713,1,1,1,1,3.4597190867873118,8.805938918249861,0.9525297324295016,713,1,hit,713,1,hit,713,1,hit,713,1,hit,713,1,hit,713,1,hit,0_0_0_10_14_16,-23.0
9,8,865,865,1,1,1,1,1.2495897074362867,6.585861906409935,0.9473590925125867,865,1,hit,865,1,hit,864,0,selectable_miss,865,1,hit,865,1,hit,865,1,hit,0_0_0_10_14_16,-23.0
9,9,492,492,1,1,1,1,0.24349462194441862,6.389945971890864,0.9772069759018714,492,1,hit,492,1,hit,492,1,hit,492,1,hit,492,1,hit,492,1,hit,0_0_0_10_14_16,-23.0
9,10,765,764,1,4,1,4,0.6998057387827501,6.4765756194973765,0.4680995966268772,764,0,selectable_miss,765,1,hit,329,0,selectable_miss,765,1,hit,765,1,hit,765,1,hit,0_0_0_10_14_16,-23.0
9,11,1023,67,1,6,1,6,0.3606875109989816,5.983737648128848,0.7801219003998157,67,0,selectable_miss,353,0,selectable_miss,261,0,selectable_miss,353,0,selectable_miss,353,0,selectable_miss,353,0,selectable_miss,0_0_0_10_14_16,-23.0
9,12,597,597,1,1,1,1,0.3750734024184204,5.737410798013945,0.9623016430725378,597,1,hit,597,1,hit,597,1,hit,597,1,hit,597,1,hit,597,1,hit,0_0_0_10_14_16,-23.0
9,13,562,562,1,1,1,1,1.724592179688936,7.457176697875932,0.9868047209231015,562,1,hit,562,1,hit,562,1,hit,562,1,hit,562,1,hit,562,1,hit,0_0_0_10_14_16,-23.0
9,14,478,478,1,1,1,1,2.453116880623199,7.765181904926022,0.9015815051777386,478,1,hit,478,1,hit,478,1,hit,478,1,hit,478,1,hit,478,1,hit,0_0_0_10_14_16,-23.0
9,15,267,375,1,16,1,16,0.02136176077398026,5.528787043889608,0.12814496498299147,375,0,selectable_miss,151,0,selectable_miss,267,1,hit,267,1,hit,267,1,hit,267,1,hit,0_0_0_10_14_16,-23.0
9,16,917,917,1,1,1,1,1.822598016093463,7.306914861231261,0.9812873140390803,917,1,hit,917,1,hit,917,1,hit,917,1,hit,917,1,hit,917,1,hit,0_0_0_10_14_16,-23.0
9,17,656,656,1,1,1,1,1.9785807732686844,7.022391591727796,0.958209567181804,656,1,hit,656,1,hit,656,1,hit,656,1,hit,656,1,hit,656,1,hit,0_0_0_10_14_16,-23.0
9,18,889,154,1,14,1,14,0.30636038758633954,5.997458275042144,0.3214033241176599,154,0,selectable_miss,889,1,hit,517,0,selectable_miss,889,1,hit,889,1,hit,889,1,hit,0_0_0_10_14_16,-23.0
9,19,510,193,0,0,0,0,0.07922469703407042,5.818812322332868,0.5477044383220924,193,0,gt_missing_top_l,608,0,gt_missing_top_l,855,0,gt_missing_top_l,608,0,gt_missing_top_l,608,0,gt_missing_top_l,608,0,gt_missing_top_l,0_0_0_10_14_16,-23.0
9,20,860,913,0,0,0,0,0.3112043293755089,5.510819614055111,0.4725488504644787,913,0,gt_missing_top_l,966,0,gt_missing_top_l,452,0,gt_missing_top_l,966,0,gt_missing_top_l,601,0,gt_missing_top_l,601,0,gt_missing_top_l,0_0_0_10_14_16,-23.0
9,21,553,553,1,1,1,1,1.0781710396203574,6.804660804606617,0.98474928516934,553,1,hit,553,1,hit,266,0,selectable_miss,553,1,hit,553,1,hit,553,1,hit,0_0_0_10_14_16,-23.0
9,22,629,444,1,21,1,21,1.0975257617972218,6.983195651862349,0.43117930956148093,444,0,selectable_miss,629,1,hit,203,0,selectable_miss,629,1,hit,629,1,hit,629,1,hit,0_0_0_10_14_16,-23.0
9,23,759,759,1,1,1,1,1.1655019589148663,6.7450730388902445,0.9708777714071463,759,1,hit,759,1,hit,831,0,selectable_miss,759,1,hit,759,1,hit,759,1,hit,0_0_0_10_14_16,-23.0
9,24,874,491,1,3,1,3,0.04583101401882338,5.19979153475516,0.8155311678579193,491,0,selectable_miss,129,0,selectable_miss,491,0,selectable_miss,874,1,hit,491,0,selectable_miss,491,0,selectable_miss,0_0_0_10_14_16,-23.0
9,25,720,720,1,1,1,1,1.1643672950076285,7.2086941889830625,0.9761058939737012,720,1,hit,720,1,hit,720,1,hit,720,1,hit,720,1,hit,720,1,hit,0_0_0_10_14_16,-23.0
9,26,314,3,0,0,0,0,0.09632455684553441,5.536880397578857,0.3915843276471167,3,0,gt_missing_top_l,196,0,gt_missing_top_l,3,0,gt_missing_top_l,78,0,gt_missing_top_l,78,0,gt_missing_top_l,78,0,gt_missing_top_l,0_0_0_10_14_16,-23.0
9,27,602,602,1,1,1,1,1.8654052393125014,7.367540902758469,0.9465986571145079,602,1,hit,602,1,hit,602,1,hit,602,1,hit,602,1,hit,602,1,hit,0_0_0_10_14_16,-23.0
9,28,7,285,0,0,0,0,0.06016545392698981,5.723694253418681,0.18447500438825823,285,0,gt_missing_top_l,356,0,gt_missing_top_l,178,0,gt_missing_top_l,356,0,gt_missing_top_l,356,0,gt_missing_top_l,356,0,gt_missing_top_l,0_0_0_10_14_16,-23.0
9,29,610,609,1,8,1,8,0.12823144979910964,5.258706172223942,0.6081258131273217,609,0,selectable_miss,176,0,selectable_miss,828,0,selectable_miss,176,0,selectable_miss,176,0,selectable_miss,176,0,selectable_miss,0_0_0_10_14_16,-23.0
9,30,794,794,1,1,1,1,1.1369082560949422,7.148623554520393,0.9029346964291227,794,1,hit,794,1,hit,794,1,hit,794,1,hit,794,1,hit,794,1,hit,0_0_0_10_14_16,-23.0
9,31,905,905,1,1,1,1,2.2800605123689714,7.651979319492119,0.9447528331488815,905,1,hit,905,1,hit,905,1,hit,905,1,hit,905,1,hit,905,1,hit,0_0_0_10_14_16,-23.0
9,32,741,924,0,0,0,0,0.2870315303633633,5.613047272670384,0.3556731133575496,924,0,gt_missing_top_l,984,0,gt_missing_top_l,511,0,gt_missing_top_l,73,0,gt_missing_top_l,308,0,gt_missing_top_l,308,0,gt_missing_top_l,0_0_0_10_14_16,-23.0
9,33,580,1009,0,0,0,0,0.2690848946498314,5.24026677941007,0.4791094669976925,1009,0,gt_missing_top_l,988,0,gt_missing_top_l,547,0,gt_missing_top_l,988,0,gt_missing_top_l,988,0,gt_missing_top_l,988,0,gt_missing_top_l,0_0_0_10_14_16,-23.0
9,34,89,196,1,2,1,2,0.3297115520319435,6.1138900964608425,0.906513167429534,196,0,selectable_miss,89,1,hit,925,0,selectable_miss,89,1,hit,196,0,selectable_miss,196,0,selectable_miss,0_0_0_10_14_16,-23.0
10,0,803,803,1,1,1,1,0.3940000144233352,5.846483654100086,0.9822639458656689,803,1,hit,803,1,hit,803,1,hit,803,1,hit,803,1,hit,803,1,hit,0_0_0_10_14_16,-23.0
10,1,826,826,1,1,1,1,0.44554740261760145,6.747243304185682,0.9909546603494447,826,1,hit,826,1,hit,826,1,hit,826,1,hit,826,1,hit,826,1,hit,0_0_0_10_14_16,-23.0
10,2,922,922,1,1,1,1,1.498784619949609,7.371570094455741,0.9323564501088851,922,1,hit,922,1,hit,922,1,hit,922,1,hit,922,1,hit,922,1,hit,0_0_0_10_14_16,-23.0
10,3,691,531,1,9,1,9,0.06699673209872857,4.747265519667334,0.7353502150141672,531,0,selectable_miss,451,0,selectable_miss,531,0,selectable_miss,691,1,hit,691,1,hit,691,1,hit,0_0_0_10_14_16,-23.0
10,4,107,107,1,1,1,1,0.2579565044180705,6.3911717441781075,0.7497509984063008,107,1,hit,512,0,selectable_miss,107,1,hit,107,1,hit,107,1,hit,107,1,hit,0_0_0_10_14_16,-23.0
10,5,468,816,1,15,1,15,0.1664802070307048,5.871033185689564,0.4115686019760718,816,0,selectable_miss,468,1,hit,816,0,selectable_miss,468,1,hit,468,1,hit,468,1,hit,0_0_0_10_14_16,-23.0
10,6,89,823,1,3,1,3,0.3061643049254923,6.56285533177416,0.3929125798967405,823,0,selectable_miss,89,1,hit,823,0,selectable_miss,89,1,hit,89,1,hit,89,1,hit,0_0_0_10_14_16,-23.0
10,7,713,713,1,1,1,1,0.418486181970804,5.583199216667392,0.978208830872924,713,1,hit,713,1,hit,713,1,hit,713,1,hit,713,1,hit,713,1,hit,0_0_0_10_14_16,-23.0
10,8,865,492,1,11,1,11,0.592881417883818,6.062028368686279,0.33569822709126507,492,0,selectable_miss,981,0,selectable_miss,492,0,selectable_miss,981,0,selectable_miss,865,1,hit,865,1,hit,0_0_0_10_14_16,-23.0
10,9,492,288,0,0,0,0,0.30736139241799654,6.300143126061613,0.11247367856033427,288,0,gt_missing_top_l,497,0,gt_missing_top_l,288,0,gt_missing_top_l,497,0,gt_missing_top_l,497,0,gt_missing_top_l,497,0,gt_missing_top_l,0_0_0_10_14_16,-23.0
10,10,765,765,1,1,1,1,0.08664326630158378,5.730524594327679,0.9792738317395124,765,1,hit,765,1,hit,464,0,selectable_miss,765,1,hit,765,1,hit,765,1,hit,0_0_0_10_14_16,-23.0
10,11,1023,1023,1,1,1,1,0.9100336310004504,6.894778752244432,0.7869777979094923,1023,1,hit,1023,1,hit,867,0,selectable_miss,1023,1,hit,1023,1,hit,1023,1,hit,0_0_0_10_14_16,-23.0
10,12,597,130,1,13,1,13,0.43125227044387393,6.146037530353736,0.4885632779672833,130,0,selectable_miss,600,0,selectable_miss,600,0,selectable_miss,600,0,selectable_miss,600,0,selectable_miss,600,0,selectable_miss,0_0_0_10_14_16,-23.0
10,13,562,562,1,1,1,1,0.5852822624255265,6.076666712692448,0.9429278922717393,562,1,hit,562,1,hit,517,0,selectable_miss,562,1,hit,562,1,hit,562,1,hit,0_0_0_10_14_16,-23.0
10,14,478,478,1,1,1,1,1.434013938199325,6.73454209655967,0.9551302173505455,478,1,hit,478,1,hit,910,0,selectable_miss,478,1,hit,478,1,hit,478,1,hit,0_0_0_10_14_16,-23.0
10,15,267,267,1,1,1,1,0.30144845597062514,5.67718247399424,0.9876847564112727,267,1,hit,267,1,hit,267,1,hit,267,1,hit,267,1,hit,267,1,hit,0_0_0_10_14_16,-23.0
10,16,917,426,1,5,1,5,0.3565639187784464,5.971328168270302,0.39430457874392916,426,0,selectable_miss,574,0,selectable_miss,917,1,hit,917,1,hit,917,1,hit,917,1,hit,0_0_0_10_14_16,-23.0
10,17,656,656,1,1,1,1,2.3774560190151366,8.015097170262965,0.9599904010803478,656,1,hit,656,1,hit,656,1,hit,656,1,hit,656,1,hit,656,1,hit,0_0_0_10_14_16,-23.0
10,18,889,889,1,1,1,1,1.5380297241740934,7.372992117267858,0.9644511960959424,889,1,hit,889,1,hit,889,1,hit,889,1,hit,889,1,hit,889,1,hit,0_0_0_10_14_16,-23.0
10,19,510,122,1,10,1,10,0.38857733158700586,5.568929888708315,0.3738587915418275,122,0,selectable_miss,510,1,hit,510,1,hit,510,1,hit,510,1,hit,510,1,hit,0_0_0_10_14_16,-23.0
10,20,860,860,1,1,1,1,1.6187910342639478,6.947856585289349,0.9407230988526221,860,1,hit,860,1,hit,860,1,hit,860,1,hit,860,1,hit,860,1,hit,0_0_0_10_14_16,-23.0
10,21,553,553,1,1,1,1,1.2094985903026763,7.216603835220351,0.9548455369507064,553,1,hit,553,1,hit,553,1,hit,553,1,hit,553,1,hit,553,1,hit,0_0_0_10_14_16,-23.0
10,22,629,629,1,1,1,1,1.629238041022143,7.2572412685900325,0.8873533727453892,629,1,hit,629,1,hit,629,1,hit,629,1,hit,629,1,hit,629,1,hit,0_0_0_10_14_16,-23.0
10,23,759,43,1,2,1,2,0.40936180533947425,6.168631478146094,0.7647698027780314,43,0,selectable_miss,759,1,hit,43,0,selectable_miss,759,1,hit,759,1,hit,759,1,hit,0_0_0_10_14_16,-23.0
10,24,874,874,1,1,1,1,2.152934421712174,7.846672795022122,0.9576340702029346,874,1,hit,874,1,hit,874,1,hit,874,1,hit,874,1,hit,874,1,hit,0_0_0_10_14_16,-23.0
10,25,720,720,1,1,1,1,1.441419764839913,6.888068508015217,0.8763532580711889,720,1,hit,720,1,hit,720,1,hit,720,1,hit,720,1,hit,720,1,hit,0_0_0_10_14_16,-23.0
10,26,314,532,1,5,1,5,0.14007021903860103,6.061671881082419,0.41900440120956817,532,0,selectable_miss,314,1,hit,532,0,selectable_miss,314,1,hit,314,1,hit,314,1,hit,0_0_0_10_14_16,-23.0
10,27,602,602,1,1,1,1,0.08712491410951492,5.679492735166583,0.9858613692809189,602,1,hit,602,1,hit,602,1,hit,602,1,hit,602,1,hit,602,1,hit,0_0_0_10_14_16,-23.0
10,28,7,7,1,1,1,1,1.049015540397669,6.39609082815631,0.9396532823211539,7,1,hit,7,1,hit,649,0,selectable_miss,7,1,hit,7,1,hit,7,1,hit,0_0_0_10_14_16,-23.0
10,29,610,610,1,1,1,1,1.8537665611079768,7.6486946968943,0.8829514911418265,610,1,hit,610,1,hit,610,1,hit,610,1,hit,610,1,hit,610,1,hit,0_0_0_10_14_16,-23.0
10,30,826,826,1,1,1,1,0.2489478025247988,5.973568619813101,0.9855449298686935,826,1,hit,826,1,hit,559,0,selectable_miss,826,1,hit,826,1,hit,826,1,hit,0_0_0_10_14_16,-23.0
10,31,904,903,1,2,1,2,0.8119649189033106,6.558413489835063,0.6970382411070618,903,0,selectable_miss,904,1,hit,269,0,selectable_miss,904,1,hit,904,1,hit,904,1,hit,0_0_0_10_14_16,-23.0
10,32,760,760,1,1,1,1,1.116625098168646,6.713498852795254,0.9878707894007637,760,1,hit,760,1,hit,806,0,selectable_miss,760,1,hit,760,1,hit,760,1,hit,0_0_0_10_14_16,-23.0
10,33,577,577,1,1,1,1,1.4072106877427646,7.198488778926063,0.8424591097086312,577,1,hit,577,1,hit,553,0,selectable_miss,577,1,hit,577,1,hit,577,1,hit,0_0_0_10_14_16,-23.0
10,34,930,930,1,1,1,1,0.04298727913184175,5.064432911386824,0.9823935987531738,930,1,hit,930,1,hit,509,0,selectable_miss,930,1,hit,930,1,hit,930,1,hit,0_0_0_10_14_16,-23.0
11,0,222,222,1,1,1,1,2.2092386635308476,7.192158336428388,0.9991603552318692,222,1,hit,222,1,hit,222,1,hit,222,1,hit,222,1,hit,222,1,hit,0_0_0_10_14_16,-23.0
11,1,711,711,1,1,1,1,1.322166942638761,7.0935103491074925,0.9868497754656206,711,1,hit,711,1,hit,711,1,hit,711,1,hit,711,1,hit,711,1,hit,0_0_0_10_14_16,-23.0
11,2,871,871,1,1,1,1,0.6975180076376647,6.094520224725144,0.9887462484851752,871,1,hit,871,1,hit,871,1,hit,871,1,hit,475,0,selectable_miss,475,0,selectable_miss,0_0_0_10_14_16,-23.0
11,3,691,691,1,1,1,1,0.38003364248527577,5.667385892181555,0.9674244987320079,691,1,hit,691,1,hit,541,0,selectable_miss,691,1,hit,691,1,hit,691,1,hit,0_0_0_10_14_16,-23.0
11,4,86,86,1,1,1,1,1.512321359789062,7.793873532322318,0.963447922806652,86,1,hit,86,1,hit,592,0,selectable_miss,86,1,hit,86,1,hit,86,1,hit,0_0_0_10_14_16,-23.0
11,5,468,468,1,1,1,1,0.18184023239393066,5.498390055391695,0.9049359058319494,468,1,hit,468,1,hit,450,0,selectable_miss,450,0,selectable_miss,260,0,selectable_miss,260,0,selectable_miss,0_0_0_10_14_16,-23.0
11,6,89,89,1,1,1,1,0.8339917766979725,6.693465920462004,0.9406587253047607,89,1,hit,89,1,hit,89,1,hit,89,1,hit,89,1,hit,89,1,hit,0_0_0_10_14_16,-23.0
11,7,713,707,1,8,1,8,0.4719816603506394,6.237839746089634,0.8629387075427842,707,0,selectable_miss,707,0,selectable_miss,707,0,selectable_miss,707,0,selectable_miss,942,0,selectable_miss,942,0,selectable_miss,0_0_0_10_14_16,-23.0
11,8,865,472,1,2,1,2,0.25443569759816986,5.639558281241554,0.6038655402794013,472,0,selectable_miss,865,1,hit,472,0,selectable_miss,865,1,hit,865,1,hit,865,1,hit,0_0_0_10_14_16,-23.0
11,9,492,492,1,1,1,1,0.0337558426423304,6.0290440306166095,0.9257633174135664,492,1,hit,492,1,hit,492,1,hit,492,1,hit,492,1,hit,492,1,hit,0_0_0_10_14_16,-23.0
11,10,765,765,1,1,1,1,0.08083307698009774,5.28632093891498,0.9614800008401155,765,1,hit,765,1,hit,765,1,hit,765,1,hit,765,1,hit,765,1,hit,0_0_0_10_14_16,-23.0
11,11,1023,62,1,3,1,3,0.43840130934194943,5.678099623866363,0.7054782898224979,62,0,selectable_miss,1023,1,hit,1023,1,hit,924,0,selectable_miss,62,0,selectable_miss,62,0,selectable_miss,0_0_0_10_14_16,-23.0
11,12,597,597,1,1,1,1,1.4776013763211449,6.804110396542419,0.964817983342353,597,1,hit,597,1,hit,561,0,selectable_miss,597,1,hit,597,1,hit,597,1,hit,0_0_0_10_14_16,-23.0
11,13,562,562,1,1,1,1,3.447066890781443,8.949151049055416,0.9664177520192276,562,1,hit,562,1,hit,562,1,hit,562,1,hit,562,1,hit,562,1,hit,0_0_0_10_14_16,-23.0
11,14,478,478,1,1,1,1,2.4562275446845123,7.610320123125586,0.9589302952150659,478,1,hit,478,1,hit,478,1,hit,478,1,hit,478,1,hit,478,1,hit,0_0_0_10_14_16,-23.0
11,15,267,267,1,1,1,1,1.6555196825893794,6.6547780594901,0.9557933147940504,267,1,hit,267,1,hit,267,1,hit,267,1,hit,267,1,hit,267,1,hit,0_0_0_10_14_16,-23.0
11,16,917,917,1,1,1,1,3.2032958912914795,8.709615217028436,0.9710102255807654,917,1,hit,917,1,hit,917,1,hit,917,1,hit,917,1,hit,917,1,hit,0_0_0_10_14_16,-23.0
11,17,656,656,1,1,1,1,0.7198688488789167,6.589517553700221,0.9667517015338736,656,1,hit,656,1,hit,182,0,selectable_miss,656,1,hit,656,1,hit,656,1,hit,0_0_0_10_14_16,-23.0
11,18,889,889,1,1,1,1,2.080293761336268,7.621347352606285,0.847897398677358,889,1,hit,889,1,hit,889,1,hit,889,1,hit,311,0,selectable_miss,311,0,selectable_miss,0_0_0_10_14_16,-23.0
11,19,510,510,1,1,1,1,0.7977705292070785,7.354270823414883,0.9274894867850781,510,1,hit,510,1,hit,510,1,hit,510,1,hit,510,1,hit,510,1,hit,0_0_0_10_14_16,-23.0
11,20,860,860,1,1,1,1,0.3779414221798164,5.446355772713227,0.9267688862647249,860,1,hit,860,1,hit,860,1,hit,47,0,selectable_miss,47,0,selectable_miss,47,0,selectable_miss,0_0_0_10_14_16,-23.0
11,21,553,553,1,1,1,1,2.677139180850489,9.399776509293348,0.9729415997303145,553,1,hit,553,1,hit,553,1,hit,553,1,hit,553,1,hit,553,1,hit,0_0_0_10_14_16,-23.0
11,22,629,629,1,1,1,1,0.4782199203321995,6.4296081179845785,0.9183221837534813,629,1,hit,629,1,hit,629,1,hit,629,1,hit,629,1,hit,629,1,hit,0_0_0_10_14_16,-23.0
11,23,759,759,1,1,1,1,1.5063678351779788,7.007937465952757,0.8524419438822806,759,1,hit,759,1,hit,759,1,hit,759,1,hit,759,1,hit,759,1,hit,0_0_0_10_14_16,-23.0
11,24,874,874,1,1,1,1,0.6560328566448197,7.393182282884307,0.9501856459615241,874,1,hit,874,1,hit,874,1,hit,874,1,hit,874,1,hit,874,1,hit,0_0_0_10_14_16,-23.0
11,25,720,662,1,4,1,4,0.20837896821265817,5.872063617888127,0.5354242196654381,662,0,selectable_miss,720,1,hit,662,0,selectable_miss,720,1,hit,720,1,hit,720,1,hit,0_0_0_10_14_16,-23.0
11,26,314,314,1,1,1,1,1.4952557925891528,6.7680769640309,0.836344655238547,314,1,hit,314,1,hit,314,1,hit,314,1,hit,512,0,selectable_miss,512,0,selectable_miss,0_0_0_10_14_16,-23.0
11,27,602,602,1,1,1,1,0.1938284945276686,5.386552518786562,0.9594614076869845,602,1,hit,602,1,hit,272,0,selectable_miss,602,1,hit,602,1,hit,602,1,hit,0_0_0_10_14_16,-23.0
11,28,7,7,1,1,1,1,0.7779278507949589,6.963161520174158,0.9555647211036047,7,1,hit,7,1,hit,830,0,selectable_miss,201,0,selectable_miss,201,0,selectable_miss,201,0,selectable_miss,0_0_0_10_14_16,-23.0
11,29,610,610,1,1,1,1,2.0858109458119847,8.58487522943735,0.9719643835222357,610,1,hit,610,1,hit,610,1,hit,610,1,hit,610,1,hit,610,1,hit,0_0_0_10_14_16,-23.0
11,30,823,823,1,1,1,1,2.4725210319748667,7.787884512895471,0.9580076558265098,823,1,hit,823,1,hit,823,1,hit,823,1,hit,823,1,hit,823,1,hit,0_0_0_10_14_16,-23.0
11,31,905,905,1,1,1,1,0.028244035054458057,5.415415890737617,0.9312676600282713,905,1,hit,905,1,hit,905,1,hit,905,1,hit,477,0,selectable_miss,477,0,selectable_miss,0_0_0_10_14_16,-23.0
11,32,748,748,1,1,1,1,2.161157693577795,8.075127464463625,0.997317314271834,748,1,hit,748,1,hit,748,1,hit,748,1,hit,748,1,hit,748,1,hit,0_0_0_10_14_16,-23.0
11,33,586,407,1,3,1,3,0.0806351533106145,6.3651113077909045,0.2808792935394965,407,0,selectable_miss,586,1,hit,572,0,selectable_miss,586,1,hit,586,1,hit,586,1,hit,0_0_0_10_14_16,-23.0
11,34,93,93,1,1,1,1,0.5522943288680228,5.9942024682686785,0.8348039272428157,93,1,hit,93,1,hit,363,0,selectable_miss,93,1,hit,93,1,hit,93,1,hit,0_0_0_10_14_16,-23.0
12,0,803,803,1,1,1,1,1.4686519483372062,7.055158173588327,0.9885132027584622,803,1,hit,803,1,hit,627,0,selectable_miss,803,1,hit,803,1,hit,803,1,hit,0_0_0_10_14_16,-23.0
12,1,711,711,1,1,1,1,0.5063640374740517,6.599034176689016,0.9880249095974794,711,1,hit,711,1,hit,571,0,selectable_miss,711,1,hit,711,1,hit,711,1,hit,0_0_0_10_14_16,-23.0
12,2,871,871,1,1,1,1,2.3783985560546994,7.593017848538539,0.9777797965772514,871,1,hit,871,1,hit,871,1,hit,871,1,hit,871,1,hit,871,1,hit,0_0_0_10_14_16,-23.0
12,3,691,691,1,1,1,1,1.3549411604555661,7.352076059529532,0.9581551306374908,691,1,hit,691,1,hit,691,1,hit,691,1,hit,691,1,hit,691,1,hit,0_0_0_10_14_16,-23.0
12,4,107,314,1,7,1,7,0.19309280226494713,5.548870725016055,0.24559250399512011,314,0,selectable_miss,107,1,hit,314,0,selectable_miss,911,0,selectable_miss,107,1,hit,107,1,hit,0_0_0_10_14_16,-23.0
12,5,468,468,1,1,1,1,1.185988435025496,6.8237409679934675,0.9502992944700848,468,1,hit,468,1,hit,468,1,hit,468,1,hit,468,1,hit,468,1,hit,0_0_0_10_14_16,-23.0
12,6,89,421,0,0,0,0,0.010957257728177267,5.438090061834511,0.7758475661463203,421,0,gt_missing_top_l,421,0,gt_missing_top_l,421,0,gt_missing_top_l,267,0,gt_missing_top_l,267,0,gt_missing_top_l,267,0,gt_missing_top_l,0_0_0_10_14_16,-23.0
12,7,713,713,1,1,1,1,0.3863601275043692,6.581772125776687,0.9218138998988734,713,1,hit,713,1,hit,713,1,hit,713,1,hit,713,1,hit,713,1,hit,0_0_0_10_14_16,-23.0
12,8,865,865,1,1,1,1,2.192602712311076,8.102165937995125,0.9487931580236949,865,1,hit,865,1,hit,865,1,hit,865,1,hit,865,1,hit,865,1,hit,0_0_0_10_14_16,-23.0
12,9,492,492,1,1,1,1,2.2614827698079547,7.241526281483045,0.9964980854374917,492,1,hit,492,1,hit,492,1,hit,492,1,hit,492,1,hit,492,1,hit,0_0_0_10_14_16,-23.0
12,10,765,765,1,1,1,1,1.6345351357561162,7.306817756091872,0.9798529127601779,765,1,hit,765,1,hit,765,1,hit,765,1,hit,765,1,hit,765,1,hit,0_0_0_10_14_16,-23.0
12,11,1023,1023,1,1,1,1,3.0315730318964556,9.60766255924138,0.9402082772355748,1023,1,hit,1023,1,hit,1023,1,hit,1023,1,hit,1023,1,hit,1023,1,hit,0_0_0_10_14_16,-23.0
12,12,597,683,1,9,1,9,0.028925728390858475,6.175406869777832,0.29524880413801735,683,0,selectable_miss,137,0,selectable_miss,683,0,selectable_miss,137,0,selectable_miss,137,0,selectable_miss,137,0,selectable_miss,0_0_0_10_14_16,-23.0
12,13,562,562,1,1,1,1,1.7138156640681277,7.126543668337998,0.8950008923255977,562,1,hit,562,1,hit,562,1,hit,562,1,hit,562,1,hit,562,1,hit,0_0_0_10_14_16,-23.0
12,14,478,478,1,1,1,1,1.9836544976955794,7.297174586052075,0.9477321934594507,478,1,hit,478,1,hit,478,1,hit,478,1,hit,478,1,hit,478,1,hit,0_0_0_10_14_16,-23.0
12,15,267,267,1,1,1,1,1.7479927395514405,7.470301969899188,0.9760152530104942,267,1,hit,267,1,hit,267,1,hit,267,1,hit,267,1,hit,267,1,hit,0_0_0_10_14_16,-23.0
12,16,917,742,1,7,1,7,0.16827729980121112,5.33190284383819,0.4670708601592213,742,0,selectable_miss,734,0,selectable_miss,95,0,selectable_miss,734,0,selectable_miss,734,0,selectable_miss,734,0,selectable_miss,0_0_0_10_14_16,-23.0
12,17,656,656,1,1,1,1,1.2539333762502325,7.898145478523675,0.9499307819196164,656,1,hit,656,1,hit,656,1,hit,656,1,hit,656,1,hit,656,1,hit,0_0_0_10_14_16,-23.0
12,18,889,889,1,1,1,1,2.1338364843724236,7.747580269958853,0.8701104233694976,889,1,hit,889,1,hit,889,1,hit,889,1,hit,889,1,hit,889,1,hit,0_0_0_10_14_16,-23.0
12,19,510,775,1,2,1,2,0.41094201135299535,6.374001531683685,0.25174049875086074,775,0,selectable_miss,510,1,hit,775,0,selectable_miss,850,0,selectable_miss,510,1,hit,510,1,hit,0_0_0_10_14_16,-23.0
12,20,860,860,1,1,1,1,0.03927380045307002,5.742516229942517,0.9476361657932267,860,1,hit,860,1,hit,860,1,hit,860,1,hit,860,1,hit,860,1,hit,0_0_0_10_14_16,-23.0
12,21,553,553,1,1,1,1,2.1737785330125017,7.595408122171195,0.9284720492163951,553,1,hit,553,1,hit,553,1,hit,553,1,hit,553,1,hit,553,1,hit,0_0_0_10_14_16,-23.0
12,22,629,629,1,1,1,1,1.4573793828859447,7.112662204141654,0.9295343743816893,629,1,hit,629,1,hit,629,1,hit,629,1,hit,629,1,hit,629,1,hit,0_0_0_10_14_16,-23.0
12,23,759,759,1,1,1,1,2.857424920928156,8.383627401970244,0.8816699175966004,759,1,hit,759,1,hit,759,1,hit,759,1,hit,759,1,hit,759,1,hit,0_0_0_10_14_16,-23.0
12,24,874,306,1,2,1,2,0.34104243988334226,5.734916904423884,0.5228986008881091,306,0,selectable_miss,874,1,hit,306,0,selectable_miss,874,1,hit,874,1,hit,874,1,hit,0_0_0_10_14_16,-23.0
12,25,720,720,1,1,1,1,2.4839004565669773,7.989984979571783,0.9663309690127323,720,1,hit,720,1,hit,720,1,hit,720,1,hit,720,1,hit,720,1,hit,0_0_0_10_14_16,-23.0
12,26,314,314,1,1,1,1,0.7717676000485849,6.323888875378103,0.9505749074139,314,1,hit,314,1,hit,314,1,hit,126,0,selectable_miss,314,1,hit,314,1,hit,0_0_0_10_14_16,-23.0
12,27,602,602,1,1,1,1,3.0911848648419946,8.697487885710139,0.9364893814266704,602,1,hit,602,1,hit,602,1,hit,602,1,hit,602,1,hit,602,1,hit,0_0_0_10_14_16,-23.0
12,28,7,7,1,1,1,1,1.3978380677547821,7.387956155411105,0.9806625233028459,7,1,hit,7,1,hit,41,0,selectable_miss,733,0,selectable_miss,7,1,hit,7,1,hit,0_0_0_10_14_16,-23.0
12,29,610,610,1,1,1,1,2.9562818549408454,8.757678128393945,0.9951829313534132,610,1,hit,610,1,hit,610,1,hit,610,1,hit,610,1,hit,610,1,hit,0_0_0_10_14_16,-23.0
12,30,791,791,1,1,1,1,2.4066301993915844,8.025887515084031,0.9050028764282054,791,1,hit,791,1,hit,791,1,hit,791,1,hit,791,1,hit,791,1,hit,0_0_0_10_14_16,-23.0
12,31,904,904,1,1,1,1,2.2262556332452097,7.81118856730078,0.963615543135201,904,1,hit,904,1,hit,904,1,hit,904,1,hit,904,1,hit,904,1,hit,0_0_0_10_14_16,-23.0
12,32,761,761,1,1,1,1,2.1563439615065447,7.244854098698003,0.9235368750098938,761,1,hit,761,1,hit,761,1,hit,761,1,hit,761,1,hit,761,1,hit,0_0_0_10_14_16,-23.0
12,33,587,587,1,1,1,1,1.7411293618289836,7.641242374667981,0.9923216120242301,587,1,hit,587,1,hit,587,1,hit,587,1,hit,587,1,hit,587,1,hit,0_0_0_10_14_16,-23.0
12,34,934,934,1,1,1,1,1.5573751543867655,6.579667729462713,0.9345971985700948,934,1,hit,934,1,hit,253,0,selectable_miss,934,1,hit,934,1,hit,934,1,hit,0_0_0_10_14_16,-23.0
13,0,222,222,1,1,1,1,1.84536790312464,7.3612312818561705,0.9672916351599807,222,1,hit,222,1,hit,222,1,hit,222,1,hit,222,1,hit,222,1,hit,0_0_0_10_14_16,-23.0
13,1,826,826,1,1,1,1,0.6952048895487208,6.7052189303910525,0.9859942299743814,826,1,hit,826,1,hit,826,1,hit,826,1,hit,826,1,hit,826,1,hit,0_0_0_10_14_16,-23.0
13,2,871,871,1,1,1,1,2.188727348495567,7.557685144575044,0.9954106533765315,871,1,hit,871,1,hit,871,1,hit,871,1,hit,871,1,hit,871,1,hit,0_0_0_10_14_16,-23.0
13,3,691,692,1,6,1,6,0.6365602784535094,6.353947519500519,0.05182095492463993,692,0,selectable_miss,108,0,selectable_miss,227,0,selectable_miss,691,1,hit,691,1,hit,691,1,hit,0_0_0_10_14_16,-23.0
13,4,107,107,1,1,1,1,1.5952610321094964,7.287465049615562,0.9439436560504724,107,1,hit,107,1,hit,107,1,hit,107,1,hit,107,1,hit,107,1,hit,0_0_0_10_14_16,-23.0
13,5,468,468,1,1,1,1,0.6264568273900951,6.157287070070683,0.9298585168550962,468,1,hit,468,1,hit,149,0,selectable_miss,468,1,hit,468,1,hit,468,1,hit,0_0_0_10_14_16,-23.0
13,6,89,89,1,1,1,1,1.4542054464739762,7.120890593326128,0.9384471103373858,89,1,hit,89,1,hit,745,0,selectable_miss,89,1,hit,89,1,hit,89,1,hit,0_0_0_10_14_16,-23.0
13,7,713,713,1,1,1,1,1.8310074293594405,7.068882167247979,0.872891290043088,713,1,hit,713,1,hit,713,1,hit,713,1,hit,713,1,hit,713,1,hit,0_0_0_10_14_16,-23.0
13,8,865,865,1,1,1,1,2.397349928472761,7.627775612866032,0.9234590903175561,865,1,hit,865,1,hit,865,1,hit,865,1,hit,865,1,hit,865,1,hit,0_0_0_10_14_16,-23.0
13,9,492,797,1,6,1,6,0.07610644917159139,5.824272325134587,0.5631803784237923,797,0,selectable_miss,492,1,hit,492,1,hit,492,1,hit,492,1,hit,492,1,hit,0_0_0_10_14_16,-23.0
13,10,765,765,1,1,1,1,1.2788267687221722,6.910592387700265,0.9920376605192959,765,1,hit,765,1,hit,765,1,hit,765,1,hit,765,1,hit,765,1,hit,0_0_0_10_14_16,-23.0
13,11,1023,1023,1,1,1,1,0.49689428905197797,7.08903780249616,0.964903205990325,1023,1,hit,1023,1,hit,536,0,selectable_miss,1023,1,hit,1023,1,hit,1023,1,hit,0_0_0_10_14_16,-23.0
13,12,597,597,1,1,1,1,1.6668118193660788,7.214063153903471,0.9444117732657531,597,1,hit,597,1,hit,597,1,hit,597,1,hit,597,1,hit,597,1,hit,0_0_0_10_14_16,-23.0
13,13,562,562,1,1,1,1,2.1531343807231953,7.590829825811904,0.9500780960866279,562,1,hit,562,1,hit,562,1,hit,562,1,hit,562,1,hit,562,1,hit,0_0_0_10_14_16,-23.0
13,14,478,521,1,2,1,2,0.19753816297989166,6.240243708073878,0.11818654426498419,521,0,selectable_miss,478,1,hit,521,0,selectable_miss,478,1,hit,478,1,hit,478,1,hit,0_0_0_10_14_16,-23.0
13,15,267,267,1,1,1,1,0.5422172072702686,5.897967379082446,0.9680092546445183,267,1,hit,267,1,hit,394,0,selectable_miss,267,1,hit,267,1,hit,267,1,hit,0_0_0_10_14_16,-23.0
13,16,917,917,1,1,1,1,1.00555784113268,7.030254076573269,0.9489279135654716,917,1,hit,917,1,hit,917,1,hit,917,1,hit,917,1,hit,917,1,hit,0_0_0_10_14_16,-23.0
13,17,656,656,1,1,1,1,1.5558863278346602,8.170689110289153,0.9962277069558154,656,1,hit,656,1,hit,656,1,hit,656,1,hit,656,1,hit,656,1,hit,0_0_0_10_14_16,-23.0
13,18,889,889,1,1,1,1,2.8052782286913596,8.723010665257437,0.9453825623923455,889,1,hit,889,1,hit,889,1,hit,889,1,hit,889,1,hit,889,1,hit,0_0_0_10_14_16,-23.0
13,19,510,510,1,1,1,1,1.7353629478854151,6.677932055274127,0.9875211923436213,510,1,hit,510,1,hit,510,1,hit,510,1,hit,510,1,hit,510,1,hit,0_0_0_10_14_16,-23.0
13,20,860,860,1,1,1,1,0.7728661603101463,6.278552415434666,0.8143040305423239,860,1,hit,860,1,hit,860,1,hit,860,1,hit,860,1,hit,860,1,hit,0_0_0_10_14_16,-23.0
13,21,553,553,1,1,1,1,1.3803762905665669,6.623176130094956,0.9228056034805001,553,1,hit,553,1,hit,553,1,hit,553,1,hit,553,1,hit,553,1,hit,0_0_0_10_14_16,-23.0
13,22,629,629,1,1,1,1,1.7090602304589377,7.088278359449987,0.9246746983350997,629,1,hit,629,1,hit,629,1,hit,629,1,hit,629,1,hit,629,1,hit,0_0_0_10_14_16,-23.0
13,23,759,759,1,1,1,1,2.133612173905148,7.8583156742448494,0.9724427904215313,759,1,hit,759,1,hit,759,1,hit,759,1,hit,759,1,hit,759,1,hit,0_0_0_10_14_16,-23.0
13,24,874,932,0,0,0,0,0.9717200894738266,6.018805143669644,0.6173761857303395,932,0,gt_missing_top_l,873,0,gt_missing_top_l,321,0,gt_missing_top_l,49,0,gt_missing_top_l,49,0,gt_missing_top_l,49,0,gt_missing_top_l,0_0_0_10_14_16,-23.0
13,25,720,720,1,1,1,1,0.3298154629941557,5.876278593738196,0.8280714451350796,720,1,hit,720,1,hit,111,0,selectable_miss,720,1,hit,720,1,hit,720,1,hit,0_0_0_10_14_16,-23.0
13,26,314,889,1,2,1,2,0.041921116058834224,6.120972726001065,0.38634222249912215,889,0,selectable_miss,314,1,hit,314,1,hit,314,1,hit,314,1,hit,314,1,hit,0_0_0_10_14_16,-23.0
13,27,602,602,1,1,1,1,2.5918941915941183,7.893292931871789,0.9546580659932649,602,1,hit,602,1,hit,602,1,hit,602,1,hit,602,1,hit,602,1,hit,0_0_0_10_14_16,-23.0
13,28,7,7,1,1,1,1,0.9166501730146357,7.263723801005648,0.948922892031817,7,1,hit,7,1,hit,7,1,hit,7,1,hit,7,1,hit,7,1,hit,0_0_0_10_14_16,-23.0
13,29,610,610,1,1,1,1,0.36286288398679756,5.540954277911291,0.9884731636016724,610,1,hit,610,1,hit,610,1,hit,610,1,hit,610,1,hit,610,1,hit,0_0_0_10_14_16,-23.0
13,30,778,778,1,1,1,1,2.5541989724321916,7.952757687084837,0.9445624101419574,778,1,hit,778,1,hit,778,1,hit,778,1,hit,778,1,hit,778,1,hit,0_0_0_10_14_16,-23.0
13,31,921,921,1,1,1,1,2.6921758251955397,8.228526596061197,0.9865591528575816,921,1,hit,921,1,hit,921,1,hit,921,1,hit,921,1,hit,921,1,hit,0_0_0_10_14_16,-23.0
13,32,749,749,1,1,1,1,2.5637347348406267,7.897656679903996,0.9293866745098079,749,1,hit,749,1,hit,749,1,hit,749,1,hit,749,1,hit,749,1,hit,0_0_0_10_14_16,-23.0
13,33,577,577,1,1,1,1,2.04722912087335,8.77198077406284,0.9805658597803951,577,1,hit,577,1,hit,577,1,hit,577,1,hit,577,1,hit,577,1,hit,0_0_0_10_14_16,-23.0
13,34,936,936,1,1,1,1,0.5329261006251772,7.3576475825115475,0.9939117852900544,936,1,hit,936,1,hit,936,1,hit,936,1,hit,936,1,hit,936,1,hit,0_0_0_10_14_16,-23.0
1,0,222,210,1,3,1,3,0.005626149595657389,5.971025153348167,0.35834025978247586,210,0,selectable_miss,222,1,hit,210,0,selectable_miss,222,1,hit,222,1,hit,222,1,hit,0_0_0_10_14_16,-24.0
1,1,826,228,0,0,0,0,0.3078587742087343,5.260898632926593,0.39772973996692706,228,0,gt_missing_top_l,242,0,gt_missing_top_l,228,0,gt_missing_top_l,242,0,gt_missing_top_l,242,0,gt_missing_top_l,242,0,gt_missing_top_l,0_0_0_10_14_16,-24.0
1,2,922,154,1,4,1,4,0.24867220453375333,6.051713054812199,0.44356541081635875,154,0,selectable_miss,922,1,hit,154,0,selectable_miss,922,1,hit,922,1,hit,922,1,hit,0_0_0_10_14_16,-24.0
1,3,718,718,1,1,1,1,0.47224588336866985,5.605107510419596,0.9918626299724063,718,1,hit,718,1,hit,718,1,hit,718,1,hit,718,1,hit,718,1,hit,0_0_0_10_14_16,-24.0
1,4,107,107,1,1,1,1,0.8903952340399499,6.407138055787253,0.9327826184346386,107,1,hit,107,1,hit,107,1,hit,107,1,hit,107,1,hit,107,1,hit,0_0_0_10_14_16,-24.0
1,5,468,468,1,1,1,1,0.5728489506529565,5.983762535208678,0.8982536741985537,468,1,hit,468,1,hit,468,1,hit,468,1,hit,468,1,hit,468,1,hit,0_0_0_10_14_16,-24.0
1,6,89,921,1,7,1,7,0.3562963349820679,6.119066494430107,0.4559391953245574,921,0,selectable_miss,89,1,hit,921,0,selectable_miss,89,1,hit,89,1,hit,89,1,hit,0_0_0_10_14_16,-24.0
1,7,713,713,1,1,1,1,0.21914416267942607,6.160402545503837,0.8764998319050865,713,1,hit,713,1,hit,713,1,hit,713,1,hit,713,1,hit,713,1,hit,0_0_0_10_14_16,-24.0
1,8,865,865,1,1,1,1,1.680094468415119,6.8966484525433405,0.8535220333025954,865,1,hit,865,1,hit,865,1,hit,865,1,hit,865,1,hit,865,1,hit,0_0_0_10_14_16,-24.0
1,9,492,1008,1,20,1,20,0.26223982569030074,5.144572702372814,0.21021538050561134,1008,0,selectable_miss,185,0,selectable_miss,994,0,selectable_miss,185,0,selectable_miss,185,0,selectable_miss,185,0,selectable_miss,0_0_0_10_14_16,-24.0
1,10,765,147,1,2,1,2,1.0741960266792303,6.942173872742623,0.36317392360375156,147,0,selectable_miss,765,1,hit,858,0,selectable_miss,765,1,hit,765,1,hit,765,1,hit,0_0_0_10_14_16,-24.0
1,11,1023,289,1,2,1,2,0.4937471962635956,5.878434510052659,0.48019555982068995,289,0,selectable_miss,1023,1,hit,1023,1,hit,1023,1,hit,1023,1,hit,1023,1,hit,0_0_0_10_14_16,-24.0
1,12,597,548,0,0,0,0,0.08258479280339645,5.213642661744492,0.6993182151122339,548,0,gt_missing_top_l,134,0,gt_missing_top_l,549,0,gt_missing_top_l,548,0,gt_missing_top_l,548,0,gt_missing_top_l,548,0,gt_missing_top_l,0_0_0_10_14_16,-24.0
1,13,562,550,1,23,1,23,0.12915399809401107,5.2765415411096095,0.5001266867774028,550,0,selectable_miss,562,1,hit,345,0,selectable_miss,562,1,hit,252,0,selectable_miss,252,0,selectable_miss,0_0_0_10_14_16,-24.0
1,14,478,288,1,11,1,11,0.586202499119223,5.484782814453838,0.9605587297865688,288,0,selectable_miss,288,0,selectable_miss,994,0,selectable_miss,288,0,selectable_miss,288,0,selectable_miss,288,0,selectable_miss,0_0_0_10_14_16,-24.0
1,15,267,608,1,2,1,2,0.8990752618203103,6.18217210982821,0.31909747589885956,608,0,selectable_miss,267,1,hit,267,1,hit,267,1,hit,267,1,hit,267,1,hit,0_0_0_10_14_16,-24.0
1,16,917,917,1,1,1,1,0.10795462378263565,5.600059997408603,0.9636490453192493,917,1,hit,917,1,hit,917,1,hit,917,1,hit,917,1,hit,917,1,hit,0_0_0_10_14_16,-24.0
1,17,656,656,1,1,1,1,0.28764752789271486,5.911054530199602,0.8598088664018775,656,1,hit,656,1,hit,784,0,selectable_miss,656,1,hit,656,1,hit,656,1,hit,0_0_0_10_14_16,-24.0
1,18,889,264,0,0,0,0,0.4333972693044067,5.707216477836694,0.06325035767954082,264,0,gt_missing_top_l,218,0,gt_missing_top_l,249,0,gt_missing_top_l,996,0,gt_missing_top_l,218,0,gt_missing_top_l,218,0,gt_missing_top_l,0_0_0_10_14_16,-24.0
1,19,510,510,1,1,1,1,1.8191819506404447,7.031857788373762,0.9375805645249474,510,1,hit,510,1,hit,510,1,hit,510,1,hit,510,1,hit,510,1,hit,0_0_0_10_14_16,-24.0
1,20,860,860,1,1,1,1,0.371381858318484,6.129896800674742,0.8636200818695828,860,1,hit,860,1,hit,860,1,hit,860,1,hit,433,0,selectable_miss,433,0,selectable_miss,0_0_0_10_14_16,-24.0
1,21,553,553,1,1,1,1,1.8293377317819397,7.272468283964207,0.821629517284874,553,1,hit,553,1,hit,553,1,hit,553,1,hit,553,1,hit,553,1,hit,0_0_0_10_14_16,-24.0
1,22,629,250,1,2,1,2,0.3201977178944135,5.887874260740666,0.8516277018074909,250,0,selectable_miss,629,1,hit,774,0,selectable_miss,629,1,hit,250,0,selectable_miss,250,0,selectable_miss,0_0_0_10_14_16,-24.0
1,23,759,209,0,0,0,0,0.0010496395363927525,4.761112357214369,0.4623210422509836,209,0,gt_missing_top_l,525,0,gt_missing_top_l,918,0,gt_missing_top_l,870,0,gt_missing_top_l,525,0,gt_missing_top_l,525,0,gt_missing_top_l,0_0_0_10_14_16,-24.0
1,24,874,329,1,3,1,3,0.06090018848491815,5.800782409924178,0.27506826602453227,329,0,selectable_miss,788,0,selectable_miss,329,0,selectable_miss,874,1,hit,788,0,selectable_miss,788,0,selectable_miss,0_0_0_10_14_16,-24.0
1,25,720,286,1,2,1,2,0.6695810199393871,6.366897779687683,0.5147497726440018,286,0,selectable_miss,720,1,hit,1003,0,selectable_miss,720,1,hit,720,1,hit,720,1,hit,0_0_0_10_14_16,-24.0
1,26,314,314,1,1,1,1,1.1107141279459523,6.3982010278456265,0.8151426273448437,314,1,hit,314,1,hit,774,0,selectable_miss,314,1,hit,314,1,hit,314,1,hit,0_0_0_10_14_16,-24.0
1,27,602,602,1,1,1,1,0.12223029576717656,6.3361696317473495,0.9482849703090709,602,1,hit,602,1,hit,268,0,selectable_miss,602,1,hit,602,1,hit,602,1,hit,0_0_0_10_14_16,-24.0
1,28,7,13,1,10,1,10,0.5512054764734373,6.0928769442699515,0.3174855148591217,13,0,selectable_miss,6,0,selectable_miss,6,0,selectable_miss,7,1,hit,6,0,selectable_miss,6,0,selectable_miss,0_0_0_10_14_16,-24.0
1,29,610,567,1,8,1,8,0.34723291675050955,5.746572644842249,0.6422805774591017,567,0,selectable_miss,610,1,hit,589,0,selectable_miss,610,1,hit,610,1,hit,610,1,hit,0_0_0_10_14_16,-24.0
1,30,807,142,1,5,1,5,0.07670666356374059,6.241297076429047,0.40079910937212615,142,0,selectable_miss,852,0,selectable_miss,142,0,selectable_miss,807,1,hit,852,0,selectable_miss,852,0,selectable_miss,0_0_0_10_14_16,-24.0
1,31,897,396,1,3,1,3,1.0490041523211253,6.693331773200747,0.31461084971391023,396,0,selectable_miss,897,1,hit,396,0,selectable_miss,897,1,hit,267,0,selectable_miss,267,0,selectable_miss,0_0_0_10_14_16,-24.0
1,32,749,749,1,1,1,1,1.2369192760349237,6.82385874635996,0.9818668264722392,749,1,hit,749,1,hit,749,1,hit,749,1,hit,749,1,hit,749,1,hit,0_0_0_10_14_16,-24.0
1,33,584,584,1,1,1,1,0.4070903189849328,6.6893242561160795,0.8847022574991893,584,1,hit,584,1,hit,584,1,hit,584,1,hit,584,1,hit,584,1,hit,0_0_0_10_14_16,-24.0
1,34,934,1018,1,9,1,9,0.4764207912159961,6.125162556902058,0.8078914467142452,1018,0,selectable_miss,1018,0,selectable_miss,1018,0,selectable_miss,1018,0,selectable_miss,1018,0,selectable_miss,1018,0,selectable_miss,0_0_0_10_14_16,-24.0
2,0,803,961,1,2,1,2,0.3200709833247101,6.770532350208764,0.33909030735142437,961,0,selectable_miss,803,1,hit,961,0,selectable_miss,803,1,hit,803,1,hit,803,1,hit,0_0_0_10_14_16,-24.0
2,1,826,485,1,10,1,10,0.19205218802889457,5.9757397734764215,0.4230271467451309,485,0,selectable_miss,826,1,hit,485,0,selectable_miss,826,1,hit,826,1,hit,826,1,hit,0_0_0_10_14_16,-24.0
2,2,922,922,1,1,1,1,0.740910089046763,7.403012823695865,0.9453174032085087,922,1,hit,922,1,hit,922,1,hit,922,1,hit,922,1,hit,922,1,hit,0_0_0_10_14_16,-24.0
2,3,718,718,1,1,1,1,0.377252682287805,5.955192009986274,0.9715650691547486,718,1,hit,718,1,hit,718,1,hit,718,1,hit,718,1,hit,718,1,hit,0_0_0_10_14_16,-24.0
2,4,86,573,1,16,1,16,0.5386085382806152,5.4019655585180395,0.1829081540724028,573,0,selectable_miss,86,1,hit,751,0,selectable_miss,86,1,hit,86,1,hit,86,1,hit,0_0_0_10_14_16,-24.0
2,5,468,109,0,0,0,0,0.0716007812189746,5.277499765419505,0.5090471633500973,109,0,gt_missing_top_l,944,0,gt_missing_top_l,119,0,gt_missing_top_l,119,0,gt_missing_top_l,119,0,gt_missing_top_l,119,0,gt_missing_top_l,0_0_0_10_14_16,-24.0
2,6,89,89,1,1,1,1,0.6848280036051875,5.77223367178998,0.9977213025325694,89,1,hit,89,1,hit,905,0,selectable_miss,89,1,hit,89,1,hit,89,1,hit,0_0_0_10_14_16,-24.0
2,7,713,949,1,2,1,2,0.16853117624232233,6.181433224242361,0.9403802824189762,949,0,selectable_miss,713,1,hit,713,1,hit,713,1,hit,713,1,hit,713,1,hit,0_0_0_10_14_16,-24.0
2,8,865,865,1,1,1,1,2.1696461291894544,6.899211391647887,0.931091455593787,865,1,hit,865,1,hit,865,1,hit,865,1,hit,865,1,hit,865,1,hit,0_0_0_10_14_16,-24.0
2,9,492,971,0,0,0,0,0.22242659810727566,5.323411531947229,0.30408707314405764,971,0,gt_missing_top_l,371,0,gt_missing_top_l,149,0,gt_missing_top_l,371,0,gt_missing_top_l,371,0,gt_missing_top_l,371,0,gt_missing_top_l,0_0_0_10_14_16,-24.0
2,10,765,765,1,1,1,1,0.6615163987329373,5.673903413155534,0.9203973841103948,765,1,hit,765,1,hit,765,1,hit,765,1,hit,765,1,hit,765,1,hit,0_0_0_10_14_16,-24.0
2,11,1023,286,1,9,1,9,0.2761002458195078,5.824141505516399,0.578908383453708,286,0,selectable_miss,1023,1,hit,1023,1,hit,1023,1,hit,1023,1,hit,1023,1,hit,0_0_0_10_14_16,-24.0
2,12,597,677,1,23,1,23,0.5544596402029137,5.730384018450813,0.5546828991685684,677,0,selectable_miss,240,0,selectable_miss,597,1,hit,240,0,selectable_miss,597,1,hit,597,1,hit,0_0_0_10_14_16,-24.0
2,13,562,944,1,5,1,5,0.3685723286236432,6.040368467895851,0.45779560149864235,944,0,selectable_miss,279,0,selectable_miss,927,0,selectable_miss,279,0,selectable_miss,562,1,hit,562,1,hit,0_0_0_10_14_16,-24.0
2,14,478,478,1,1,1,1,2.4231491398853002,7.7486426612414405,0.9856888533104069,478,1,hit,478,1,hit,478,1,hit,478,1,hit,478,1,hit,478,1,hit,0_0_0_10_14_16,-24.0
2,15,267,267,1,1,1,1,1.751658209316139,7.531644635316236,0.9253604775094524,267,1,hit,267,1,hit,267,1,hit,267,1,hit,267,1,hit,267,1,hit,0_0_0_10_14_16,-24.0
2,16,917,568,1,10,1,10,0.21603812192849886,5.54260377490899,0.9431493334320127,568,0,selectable_miss,568,0,selectable_miss,917,1,hit,568,0,selectable_miss,917,1,hit,917,1,hit,0_0_0_10_14_16,-24.0
2,17,656,213,1,20,1,20,0.05794471005137313,5.530543365366727,0.7740862559369717,213,0,selectable_miss,656,1,hit,656,1,hit,656,1,hit,656,1,hit,656,1,hit,0_0_0_10_14_16,-24.0
2,18,889,889,1,1,1,1,3.0826441991521443,9.139766710846885,0.947852244603715,889,1,hit,889,1,hit,889,1,hit,889,1,hit,889,1,hit,889,1,hit,0_0_0_10_14_16,-24.0
2,19,510,706,0,0,0,0,0.299561826353831,5.516006930284629,0.6855570074970203,706,0,gt_missing_top_l,413,0,gt_missing_top_l,933,0,gt_missing_top_l,706,0,gt_missing_top_l,706,0,gt_missing_top_l,706,0,gt_missing_top_l,0_0_0_10_14_16,-24.0
2,20,860,416,0,0,0,0,0.18935784112796689,5.893596633390353,0.22747382461253474,416,0,gt_missing_top_l,323,0,gt_missing_top_l,975,0,gt_missing_top_l,813,0,gt_missing_top_l,813,0,gt_missing_top_l,813,0,gt_missing_top_l,0_0_0_10_14_16,-24.0
2,21,553,553,1,1,1,1,0.14656747905187495,5.633234797440165,0.9570223269690262,553,1,hit,553,1,hit,553,1,hit,553,1,hit,553,1,hit,553,1,hit,0_0_0_10_14_16,-24.0
2,22,629,11,1,2,1,2,0.5331098373304175,5.973925972263113,0.4354724904912717,11,0,selectable_miss,629,1,hit,390,0,selectable_miss,629,1,hit,629,1,hit,629,1,hit,0_0_0_10_14_16,-24.0
2,23,759,759,1,1,1,1,1.2106631720099323,6.79315583897642,0.9944918837726834,759,1,hit,759,1,hit,759,1,hit,759,1,hit,759,1,hit,759,1,hit,0_0_0_10_14_16,-24.0
2,24,874,874,1,1,1,1,2.094369315336966,7.63767972677091,0.9932790967405131,874,1,hit,874,1,hit,874,1,hit,874,1,hit,874,1,hit,874,1,hit,0_0_0_10_14_16,-24.0
2,25,720,721,1,7,1,7,0.6276030820643462,6.580575947384823,0.12583407157332688,721,0,selectable_miss,720,1,hit,721,0,selectable_miss,720,1,hit,720,1,hit,720,1,hit,0_0_0_10_14_16,-24.0
2,26,314,1021,0,0,0,0,1.6337389053998335,6.946663457295651,0.6728826368907844,1021,0,gt_missing_top_l,1021,0,gt_missing_top_l,647,0,gt_missing_top_l,1021,0,gt_missing_top_l,1021,0,gt_missing_top_l,1021,0,gt_missing_top_l,0_0_0_10_14_16,-24.0
2,27,602,602,1,1,1,1,0.2958989864125484,5.785103233482283,0.9690392162419262,602,1,hit,602,1,hit,212,0,selectable_miss,602,1,hit,602,1,hit,602,1,hit,0_0_0_10_14_16,-24.0
2,28,7,981,1,11,1,11,0.5825281882770336,5.446153264723761,0.3440642981015726,981,0,selectable_miss,7,1,hit,139,0,selectable_miss,7,1,hit,7,1,hit,7,1,hit,0_0_0_10_14_16,-24.0
2,29,610,610,1,1,1,1,0.7459757487331415,5.9453994375820844,0.8777382239765616,610,1,hit,610,1,hit,439,0,selectable_miss,610,1,hit,610,1,hit,610,1,hit,0_0_0_10_14_16,-24.0
2,30,775,827,0,0,0,0,1.059536697978867,5.9798215903548915,0.8658254205004275,827,0,gt_missing_top_l,827,0,gt_missing_top_l,954,0,gt_missing_top_l,954,0,gt_missing_top_l,827,0,gt_missing_top_l,827,0,gt_missing_top_l,0_0_0_10_14_16,-24.0
2,31,912,912,1,1,1,1,0.9512304495824299,6.263248458313569,0.9761923384862691,912,1,hit,912,1,hit,40,0,selectable_miss,912,1,hit,912,1,hit,912,1,hit,0_0_0_10_14_16,-24.0
2,32,768,768,1,1,1,1,1.6049853573344475,7.429200945687361,0.8591131374445184,768,1,hit,768,1,hit,768,1,hit,768,1,hit,768,1,hit,768,1,hit,0_0_0_10_14_16,-24.0
2,33,581,890,1,2,1,2,0.01596907429716012,5.580152928459787,0.9005319398673834,890,0,selectable_miss,581,1,hit,138,0,selectable_miss,581,1,hit,581,1,hit,581,1,hit,0_0_0_10_14_16,-24.0
2,34,93,93,1,1,1,1,1.6579119683912222,6.881460731892799,0.9261676672239175,93,1,hit,93,1,hit,93,1,hit,93,1,hit,93,1,hit,93,1,hit,0_0_0_10_14_16,-24.0
3,0,222,447,0,0,0,0,0.3449675822244327,6.028790800128615,0.7794658553012201,447,0,gt_missing_top_l,497,0,gt_missing_top_l,447,0,gt_missing_top_l,497,0,gt_missing_top_l,497,0,gt_missing_top_l,497,0,gt_missing_top_l,0_0_0_10_14_16,-24.0
3,1,711,83,0,0,0,0,0.4800744380464666,5.85891313385792,0.811856295805259,83,0,gt_missing_top_l,83,0,gt_missing_top_l,83,0,gt_missing_top_l,83,0,gt_missing_top_l,83,0,gt_missing_top_l,83,0,gt_missing_top_l,0_0_0_10_14_16,-24.0
3,2,871,626,0,0,0,0,0.4387293606816999,6.147913123219646,0.27670617093573313,626,0,gt_missing_top_l,858,0,gt_missing_top_l,626,0,gt_missing_top_l,858,0,gt_missing_top_l,858,0,gt_missing_top_l,858,0,gt_missing_top_l,0_0_0_10_14_16,-24.0
3,3,718,116,1,17,1,17,0.5922249892766368,5.715983628569727,0.20688792157032138,116,0,selectable_miss,718,1,hit,116,0,selectable_miss,718,1,hit,718,1,hit,718,1,hit,0_0_0_10_14_16,-24.0
3,4,107,697,0,0,0,0,0.3550364925198745,5.381951017817421,0.5706910763016717,697,0,gt_missing_top_l,483,0,gt_missing_top_l,697,0,gt_missing_top_l,432,0,gt_missing_top_l,432,0,gt_missing_top_l,432,0,gt_missing_top_l,0_0_0_10_14_16,-24.0
3,5,468,468,1,1,1,1,0.9955032354810439,6.611700327523961,0.9606608574486845,468,1,hit,468,1,hit,468,1,hit,468,1,hit,468,1,hit,468,1,hit,0_0_0_10_14_16,-24.0
3,6,89,89,1,1,1,1,0.4322469211879716,5.155746004595332,0.8696193693561408,89,1,hit,89,1,hit,89,1,hit,89,1,hit,89,1,hit,89,1,hit,0_0_0_10_14_16,-24.0
3,7,713,713,1,1,1,1,0.02693284119675355,5.202625612300366,0.9390144543616361,713,1,hit,713,1,hit,713,1,hit,713,1,hit,713,1,hit,713,1,hit,0_0_0_10_14_16,-24.0
3,8,865,877,1,5,1,5,0.2640593329429236,5.703025248173318,0.4571395513635612,877,0,selectable_miss,160,0,selectable_miss,877,0,selectable_miss,865,1,hit,865,1,hit,865,1,hit,0_0_0_10_14_16,-24.0
3,9,492,1001,1,8,1,8,0.3543299246835119,5.041270892639712,0.643420739022333,1001,0,selectable_miss,868,0,selectable_miss,1001,0,selectable_miss,868,0,selectable_miss,868,0,selectable_miss,868,0,selectable_miss,0_0_0_10_14_16,-24.0
3,10,765,769,1,2,1,2,0.6722334744791527,6.492311636187443,0.6032854567932262,769,0,selectable_miss,765,1,hit,769,0,selectable_miss,765,1,hit,765,1,hit,765,1,hit,0_0_0_10_14_16,-24.0
3,11,1023,638,0,0,0,0,0.48485927849672567,6.390418861919286,0.8128943094919815,638,0,gt_missing_top_l,638,0,gt_missing_top_l,638,0,gt_missing_top_l,125,0,gt_missing_top_l,125,0,gt_missing_top_l,125,0,gt_missing_top_l,0_0_0_10_14_16,-24.0
3,12,597,597,1,1,1,1,0.09709058376659113,5.386142230200771,0.8252855522176452,597,1,hit,597,1,hit,597,1,hit,597,1,hit,597,1,hit,597,1,hit,0_0_0_10_14_16,-24.0
3,13,562,359,0,0,0,0,0.07844313100000729,6.396691383567069,0.5616666510596368,359,0,gt_missing_top_l,38,0,gt_missing_top_l,359,0,gt_missing_top_l,38,0,gt_missing_top_l,38,0,gt_missing_top_l,38,0,gt_missing_top_l,0_0_0_10_14_16,-24.0
3,14,478,848,1,6,1,6,0.3750762458500735,5.204662058504864,0.5975679270572287,848,0,selectable_miss,332,0,selectable_miss,848,0,selectable_miss,478,1,hit,478,1,hit,478,1,hit,0_0_0_10_14_16,-24.0
3,15,267,144,1,3,1,3,0.44472111603478315,6.099133293191122,0.723918640273909,144,0,selectable_miss,144,0,selectable_miss,144,0,selectable_miss,267,1,hit,267,1,hit,267,1,hit,0_0_0_10_14_16,-24.0
3,16,917,816,1,3,1,3,0.043434460676852124,5.085570452498029,0.8912676970723064,816,0,selectable_miss,917,1,hit,816,0,selectable_miss,917,1,hit,917,1,hit,917,1,hit,0_0_0_10_14_16,-24.0
3,17,656,334,1,10,1,10,0.24056562930161945,5.010558954596288,0.45915510722217795,334,0,selectable_miss,32,0,selectable_miss,579,0,selectable_miss,656,1,hit,656,1,hit,656,1,hit,0_0_0_10_14_16,-24.0
3,18,889,889,1,1,1,1,1.1407855333463386,6.471179932927385,0.8769214757653179,889,1,hit,889,1,hit,91,0,selectable_miss,889,1,hit,889,1,hit,889,1,hit,0_0_0_10_14_16,-24.0
3,19,510,510,1,1,1,1,2.1915892622419237,8.421230012934473,0.9699722492871458,510,1,hit,510,1,hit,510,1,hit,510,1,hit,510,1,hit,510,1,hit,0_0_0_10_14_16,-24.0
3,20,860,860,1,1,1,1,0.2816131551455465,5.303340227358548,0.9005348817668717,860,1,hit,658,0,selectable_miss,600,0,selectable_miss,860,1,hit,860,1,hit,860,1,hit,0_0_0_10_14_16,-24.0
3,21,553,847,1,10,1,10,0.07493708693495359,5.361557368461067,0.2346862294010316,847,0,selectable_miss,131,0,selectable_miss,541,0,selectable_miss,131,0,selectable_miss,131,0,selectable_miss,131,0,selectable_miss,0_0_0_10_14_16,-24.0
3,22,629,430,0,0,0,0,0.7023693155936915,5.7408240398393975,0.3290260073370222,430,0,gt_missing_top_l,515,0,gt_missing_top_l,575,0,gt_missing_top_l,515,0,gt_missing_top_l,515,0,gt_missing_top_l,515,0,gt_missing_top_l,0_0_0_10_14_16,-24.0
3,23,759,759,1,1,1,1,1.3191108574415489,7.555486095260482,0.9843077592251486,759,1,hit,759,1,hit,842,0,selectable_miss,759,1,hit,759,1,hit,759,1,hit,0_0_0_10_14_16,-24.0
3,24,874,370,1,4,1,4,0.043313634550828935,5.10201248515319,0.268113790268573,370,0,selectable_miss,18,0,selectable_miss,370,0,selectable_miss,18,0,selectable_miss,18,0,selectable_miss,18,0,selectable_miss,0_0_0_10_14_16,-24.0
3,25,720,720,1,1,1,1,0.17949263438521512,6.504277106053026,0.9086971350140807,720,1,hit,720,1,hit,720,1,hit,720,1,hit,720,1,hit,720,1,hit,0_0_0_10_14_16,-24.0
3,26,314,314,1,1,1,1,0.12367653116472839,5.5761404205893275,0.9371537590594721,314,1,hit,314,1,hit,314,1,hit,314,1,hit,314,1,hit,314,1,hit,0_0_0_10_14_16,-24.0
3,27,602,602,1,1,1,1,1.921309364668084,7.649441350748997,0.8697335848587309,602,1,hit,602,1,hit,602,1,hit,602,1,hit,602,1,hit,602,1,hit,0_0_0_10_14_16,-24.0
3,28,7,767,1,3,1,3,0.1777169327915307,5.609131616612617,0.6090167520381867,767,0,selectable_miss,643,0,selectable_miss,767,0,selectable_miss,7,1,hit,643,0,selectable_miss,643,0,selectable_miss,0_0_0_10_14_16,-24.0
3,29,610,610,1,1,1,1,1.2059147042557465,6.379739208877805,0.8739365429174566,610,1,hit,610,1,hit,610,1,hit,610,1,hit,610,1,hit,610,1,hit,0_0_0_10_14_16,-24.0
3,30,778,720,0,0,0,0,0.223724921409947,5.791732411767341,0.6197583043675616,720,0,gt_missing_top_l,320,0,gt_missing_top_l,320,0,gt_missing_top_l,381,0,gt_missing_top_l,381,0,gt_missing_top_l,381,0,gt_missing_top_l,0_0_0_10_14_16,-24.0
3,31,897,60,1,22,1,22,0.07654408012293727,4.999877502883181,0.4663876193542666,60,0,selectable_miss,413,0,selectable_miss,892,0,selectable_miss,163,0,selectable_miss,163,0,selectable_miss,163,0,selectable_miss,0_0_0_10_14_16,-24.0
3,32,740,740,1,1,1,1,1.60490258153665,7.641088680240782,0.8580825745101465,740,1,hit,740,1,hit,740,1,hit,740,1,hit,740,1,hit,740,1,hit,0_0_0_10_14_16,-24.0
3,33,590,789,1,2,1,2,0.26528557260653324,6.272321087507273,0.31867839358056843,789,0,selectable_miss,590,1,hit,674,0,selectable_miss,590,1,hit,590,1,hit,590,1,hit,0_0_0_10_14_16,-24.0
3,34,930,930,1,1,1,1,0.8459382835965314,7.881507264199956,0.9456175149366076,930,1,hit,930,1,hit,195,0,selectable_miss,930,1,hit,930,1,hit,930,1,hit,0_0_0_10_14_16,-24.0
5,0,222,909,0,0,0,0,0.3210628526454102,6.155556574558313,0.5783176061851447,909,0,gt_missing_top_l,498,0,gt_missing_top_l,909,0,gt_missing_top_l,498,0,gt_missing_top_l,498,0,gt_missing_top_l,498,0,gt_missing_top_l,0_0_0_10_14_16,-24.0
5,1,826,827,1,3,1,3,0.1052188028053867,5.670005102558962,0.42878837474293063,827,0,selectable_miss,826,1,hit,827,0,selectable_miss,826,1,hit,826,1,hit,826,1,hit,0_0_0_10_14_16,-24.0
5,2,871,111,1,3,1,3,0.27163250497000435,5.990153568608076,0.7893560592292246,111,0,selectable_miss,871,1,hit,230,0,selectable_miss,871,1,hit,871,1,hit,871,1,hit,0_0_0_10_14_16,-24.0
5,3,718,718,1,1,1,1,0.33622015601631855,6.27658475685926,0.8488034824925376,718,1,hit,379,0,selectable_miss,379,0,selectable_miss,718,1,hit,718,1,hit,718,1,hit,0_0_0_10_14_16,-24.0
5,4,86,233,1,2,1,2,0.798270892371613,5.852779423769379,0.47625647180562714,233,0,selectable_miss,86,1,hit,57,0,selectable_miss,86,1,hit,86,1,hit,86,1,hit,0_0_0_10_14_16,-24.0
5,5,468,186,1,19,1,19,0.212949913138536,5.4580685577496455,0.5443098944007452,186,0,selectable_miss,890,0,selectable_miss,535,0,selectable_miss,468,1,hit,105,0,selectable_miss,105,0,selectable_miss,0_0_0_10_14_16,-24.0
5,6,89,808,1,6,1,6,0.02975889984593359,5.019324278099515,0.43620394561171544,808,0,selectable_miss,89,1,hit,474,0,selectable_miss,89,1,hit,89,1,hit,89,1,hit,0_0_0_10_14_16,-24.0
5,7,713,979,1,4,1,4,0.10152623474786565,5.317227706821086,0.663810085251789,979,0,selectable_miss,713,1,hit,713,1,hit,713,1,hit,713,1,hit,713,1,hit,0_0_0_10_14_16,-24.0
5,8,865,865,1,1,1,1,1.790404578683185,7.673093774044784,0.9865333805329715,865,1,hit,865,1,hit,865,1,hit,865,1,hit,865,1,hit,865,1,hit,0_0_0_10_14_16,-24.0
5,9,492,492,1,1,1,1,1.563483562451773,6.29888207238097,0.95458554017276,492,1,hit,492,1,hit,985,0,selectable_miss,492,1,hit,492,1,hit,492,1,hit,0_0_0_10_14_16,-24.0
5,10,765,642,1,7,1,7,0.3342512975165341,6.0230920633077645,0.4131295205132614,642,0,selectable_miss,238,0,selectable_miss,429,0,selectable_miss,765,1,hit,765,1,hit,765,1,hit,0_0_0_10_14_16,-24.0
5,11,1023,1023,1,1,1,1,2.5993310520268773,7.757564160172521,0.9315864810964021,1023,1,hit,1023,1,hit,1023,1,hit,1023,1,hit,1023,1,hit,1023,1,hit,0_0_0_10_14_16,-24.0
5,12,597,456,1,2,1,2,0.07494889481157135,5.950452933219644,0.21815852376381853,456,0,selectable_miss,597,1,hit,676,0,selectable_miss,597,1,hit,597,1,hit,597,1,hit,0_0_0_10_14_16,-24.0
5,13,562,562,1,1,1,1,0.7403113339495324,6.481968270117661,0.9111965812071824,562,1,hit,562,1,hit,990,0,selectable_miss,562,1,hit,562,1,hit,562,1,hit,0_0_0_10_14_16,-24.0
5,14,478,478,1,1,1,1,1.3676377360970502,7.88004123602043,0.9757103036823841,478,1,hit,478,1,hit,478,1,hit,478,1,hit,478,1,hit,478,1,hit,0_0_0_10_14_16,-24.0
5,15,267,267,1,1,1,1,0.8723143715992818,6.017229498161601,0.8664120170366953,267,1,hit,267,1,hit,267,1,hit,267,1,hit,267,1,hit,267,1,hit,0_0_0_10_14_16,-24.0
5,16,917,435,1,20,1,20,0.17467595086109694,4.824440154718213,0.7124205282955213,435,0,selectable_miss,917,1,hit,314,0,selectable_miss,917,1,hit,917,1,hit,917,1,hit,0_0_0_10_14_16,-24.0
5,17,656,1,0,0,0,0,0.8549521612560709,5.8034947505596275,0.3672222656761649,1,0,gt_missing_top_l,119,0,gt_missing_top_l,233,0,gt_missing_top_l,73,0,gt_missing_top_l,119,0,gt_missing_top_l,119,0,gt_missing_top_l,0_0_0_10_14_16,-24.0
5,18,889,832,0,0,0,0,0.1551261560217618,5.412991239662068,0.08794911507617795,832,0,gt_missing_top_l,683,0,gt_missing_top_l,832,0,gt_missing_top_l,683,0,gt_missing_top_l,683,0,gt_missing_top_l,683,0,gt_missing_top_l,0_0_0_10_14_16,-24.0
5,19,510,510,1,1,1,1,1.9522689283386478,7.418199867338412,0.9379976022337914,510,1,hit,510,1,hit,510,1,hit,510,1,hit,510,1,hit,510,1,hit,0_0_0_10_14_16,-24.0
5,20,860,314,0,0,0,0,0.12994945141308475,5.2341294134929175,0.8982371651805557,314,0,gt_missing_top_l,314,0,gt_missing_top_l,314,0,gt_missing_top_l,314,0,gt_missing_top_l,314,0,gt_missing_top_l,314,0,gt_missing_top_l,0_0_0_10_14_16,-24.0
5,21,553,553,1,1,1,1,1.1155253246386883,6.7958170941107525,0.9827057160828518,553,1,hit,553,1,hit,891,0,selectable_miss,553,1,hit,553,1,hit,553,1,hit,0_0_0_10_14_16,-24.0
5,22,629,629,1,1,1,1,1.8630060244598332,7.524136864269703,0.832454359727072,629,1,hit,629,1,hit,629,1,hit,629,1,hit,633,0,selectable_miss,633,0,selectable_miss,0_0_0_10_14_16,-24.0
5,23,759,743,0,0,0,0,0.7207637117479522,6.366954020931351,0.4350408898521581,743,0,gt_missing_top_l,753,0,gt_missing_top_l,831,0,gt_missing_top_l,753,0,gt_missing_top_l,753,0,gt_missing_top_l,753,0,gt_missing_top_l,0_0_0_10_14_16,-24.0
5,24,874,874,1,1,1,1,1.545951307080954,7.076044328340014,0.9912751976709279,874,1,hit,874,1,hit,874,1,hit,874,1,hit,874,1,hit,874,1,hit,0_0_0_10_14_16,-24.0
5,25,720,720,1,1,1,1,1.3235685178246193,6.576066416773518,0.9557798862174914,720,1,hit,720,1,hit,259,0,selectable_miss,720,1,hit,720,1,hit,720,1,hit,0_0_0_10_14_16,-24.0
5,26,314,27,1,4,1,4,0.04783478665662619,5.72736681075763,0.09420129940212699,27,0,selectable_miss,314,1,hit,476,0,selectable_miss,314,1,hit,667,0,selectable_miss,667,0,selectable_miss,0_0_0_10_14_16,-24.0
5,27,602,430,0,0,0,0,0.7537614446425904,5.808035722877426,0.8110632918344083,430,0,gt_missing_top_l,430,0,gt_missing_top_l,380,0,gt_missing_top_l,430,0,gt_missing_top_l,430,0,gt_missing_top_l,430,0,gt_missing_top_l,0_0_0_10_14_16,-24.0
5,28,7,247,1,4,1,4,0.0035338032674707936,5.5443583814060515,0.6396666400479029,247,0,selectable_miss,7,1,hit,269,0,selectable_miss,7,1,hit,7,1,hit,7,1,hit,0_0_0_10_14_16,-24.0
5,29,610,390,0,0,0,0,0.8183230144947848,5.7040043568797,0.6335502180361712,390,0,gt_missing_top_l,949,0,gt_missing_top_l,78,0,gt_missing_top_l,78,0,gt_missing_top_l,78,0,gt_missing_top_l,78,0,gt_missing_top_l,0_0_0_10_14_16,-24.0
5,30,823,823,1,1,1,1,0.45411507309396865,6.2924886322955285,0.9890858294531384,823,1,hit,823,1,hit,823,1,hit,823,1,hit,823,1,hit,823,1,hit,0_0_0_10_14_16,-24.0
5,31,913,634,1,2,1,2,0.4194935802724834,6.3256316511836586,0.2523534027412945,634,0,selectable_miss,548,0,selectable_miss,634,0,selectable_miss,913,1,hit,913,1,hit,913,1,hit,0_0_0_10_14_16,-24.0
5,32,741,162,1,2,1,2,0.010940358296603728,6.508862110654032,0.2973807201669708,162,0,selectable_miss,741,1,hit,162,0,selectable_miss,741,1,hit,741,1,hit,741,1,hit,0_0_0_10_14_16,-24.0
5,33,581,731,0,0,0,0,0.3474372845730355,5.085450161181385,0.7356295102514305,731,0,gt_missing_top_l,550,0,gt_missing_top_l,731,0,gt_missing_top_l,731,0,gt_missing_top_l,731,0,gt_missing_top_l,731,0,gt_missing_top_l,0_0_0_10_14_16,-24.0
5,34,91,91,1,1,1,1,0.1840467349407897,5.424661564949357,0.9600991199745798,91,1,hit,91,1,hit,91,1,hit,91,1,hit,156,0,selectable_miss,156,0,selectable_miss,0_0_0_10_14_16,-24.0
6,0,803,803,1,1,1,1,0.4279937600952717,6.109687543396878,0.9304024141079772,803,1,hit,803,1,hit,803,1,hit,803,1,hit,803,1,hit,803,1,hit,0_0_0_10_14_16,-24.0
6,1,826,826,1,1,1,1,1.0703291990091577,6.652247576787525,0.5837145240419772,826,1,hit,714,0,selectable_miss,826,1,hit,356,0,selectable_miss,356,0,selectable_miss,356,0,selectable_miss,0_0_0_10_14_16,-24.0
6,2,871,871,1,1,1,1,0.5363629961968517,6.711996219856504,0.8868908704531641,871,1,hit,871,1,hit,871,1,hit,871,1,hit,871,1,hit,871,1,hit,0_0_0_10_14_16,-24.0
6,3,718,718,1,1,1,1,2.070666062461873,7.066126801762286,0.7977440981529319,718,1,hit,718,1,hit,718,1,hit,718,1,hit,718,1,hit,718,1,hit,0_0_0_10_14_16,-24.0
6,4,107,107,1,1,1,1,0.2655211047098553,6.2924160425719435,0.984383359730261,107,1,hit,107,1,hit,107,1,hit,107,1,hit,107,1,hit,107,1,hit,0_0_0_10_14_16,-24.0
6,5,468,468,1,1,1,1,0.4983042855833517,5.626194343507581,0.9828870283144377,468,1,hit,468,1,hit,468,1,hit,468,1,hit,468,1,hit,468,1,hit,0_0_0_10_14_16,-24.0
6,6,89,803,0,0,0,0,0.17473008192867068,5.727219715716888,0.8368450160210534,803,0,gt_missing_top_l,803,0,gt_missing_top_l,803,0,gt_missing_top_l,803,0,gt_missing_top_l,803,0,gt_missing_top_l,803,0,gt_missing_top_l,0_0_0_10_14_16,-24.0
6,7,713,630,1,3,1,3,0.4379343134741318,5.6947809561503355,0.44717521935621285,630,0,selectable_miss,713,1,hit,630,0,selectable_miss,713,1,hit,713,1,hit,713,1,hit,0_0_0_10_14_16,-24.0
6,8,865,258,1,13,1,13,0.30331855110587397,5.486280896457734,0.4361218636903071,258,0,selectable_miss,865,1,hit,258,0,selectable_miss,865,1,hit,865,1,hit,865,1,hit,0_0_0_10_14_16,-24.0
6,9,492,492,1,1,1,1,0.8013617316150624,5.951774586746094,0.8206972468810941,492,1,hit,492,1,hit,682,0,selectable_miss,492,1,hit,492,1,hit,492,1,hit,0_0_0_10_14_16,-24.0
6,10,765,356,1,5,1,5,0.25214981724088265,5.367290824583955,0.27589965014246104,356,0,selectable_miss,765,1,hit,842,0,selectable_miss,765,1,hit,765,1,hit,765,1,hit,0_0_0_10_14_16,-24.0
6,11,1023,1023,1,1,1,1,0.4750216941091128,5.682431536044188,0.959761410061853,1023,1,hit,1023,1,hit,179,0,selectable_miss,1023,1,hit,1023,1,hit,1023,1,hit,0_0_0_10_14_16,-24.0
6,12,597,296,1,15,1,15,0.47316983968782667,5.3358719906826355,0.4019274503964354,296,0,selectable_miss,784,0,selectable_miss,204,0,selectable_miss,784,0,selectable_miss,922,0,selectable_miss,922,0,selectable_miss,0_0_0_10_14_16,-24.0
6,13,562,562,1,1,1,1,0.38163772079833796,5.556489277323381,0.682290663203907,562,1,hit,279,0,selectable_miss,347,0,selectable_miss,279,0,selectable_miss,562,1,hit,562,1,hit,0_0_0_10_14_16,-24.0
6,14,478,187,1,3,1,3,0.20985923193446104,5.673282219674026,0.885523923530728,187,0,selectable_miss,478,1,hit,187,0,selectable_miss,187,0,selectable_miss,478,1,hit,478,1,hit,0_0_0_10_14_16,-24.0
6,15,267,832,0,0,0,0,0.5206384904502219,6.014333344778385,0.4027566124463264,832,0,gt_missing_top_l,670,0,gt_missing_top_l,832,0,gt_missing_top_l,157,0,gt_missing_top_l,958,0,gt_missing_top_l,958,0,gt_missing_top_l,0_0_0_10_14_16,-24.0
6,16,917,917,1,1,1,1,0.8559245523484066,6.432276092520405,0.9357278342451733,917,1,hit,917,1,hit,917,1,hit,917,1,hit,917,1,hit,917,1,hit,0_0_0_10_14_16,-24.0
6,17,656,656,1,1,1,1,0.6728472340993025,5.831410529563427,0.9289112844104043,656,1,hit,656,1,hit,656,1,hit,656,1,hit,656,1,hit,656,1,hit,0_0_0_10_14_16,-24.0
6,18,889,631,1,2,1,2,0.5990732821929557,6.46387757439991,0.6320986139158737,631,0,selectable_miss,889,1,hit,631,0,selectable_miss,889,1,hit,889,1,hit,889,1,hit,0_0_0_10_14_16,-24.0
6,19,510,510,1,1,1,1,2.1945796699203215,7.282131602075194,0.8864723136719814,510,1,hit,510,1,hit,510,1,hit,510,1,hit,510,1,hit,510,1,hit,0_0_0_10_14_16,-24.0
6,20,860,496,1,2,1,2,0.02653362441113505,5.739045542257633,0.8447710881089571,496,0,selectable_miss,860,1,hit,496,0,selectable_miss,860,1,hit,860,1,hit,860,1,hit,0_0_0_10_14_16,-24.0
6,21,553,675,1,2,1,2,0.02250801356984361,6.5118034043639135,0.8054006460132845,675,0,selectable_miss,553,1,hit,675,0,selectable_miss,553,1,hit,553,1,hit,553,1,hit,0_0_0_10_14_16,-24.0
6,22,629,629,1,1,1,1,0.154347896197168,5.648768206093195,0.9676184091105134,629,1,hit,629,1,hit,629,1,hit,629,1,hit,629,1,hit,629,1,hit,0_0_0_10_14_16,-24.0
6,23,759,245,0,0,0,0,0.6608328771479243,5.497293870885173,0.7046249297245275,245,0,gt_missing_top_l,834,0,gt_missing_top_l,378,0,gt_missing_top_l,834,0,gt_missing_top_l,834,0,gt_missing_top_l,834,0,gt_missing_top_l,0_0_0_10_14_16,-24.0
6,24,874,347,0,0,0,0,0.014002933252541124,5.7640199077396845,0.9167991398200543,347,0,gt_missing_top_l,347,0,gt_missing_top_l,888,0,gt_missing_top_l,464,0,gt_missing_top_l,347,0,gt_missing_top_l,347,0,gt_missing_top_l,0_0_0_10_14_16,-24.0
6,25,720,721,1,6,1,6,0.22821186214580907,6.326146499289428,0.6246068238082534,721,0,selectable_miss,729,0,selectable_miss,906,0,selectable_miss,729,0,selectable_miss,729,0,selectable_miss,729,0,selectable_miss,0_0_0_10_14_16,-24.0
6,26,314,168,1,4,1,4,0.15285705310147504,5.898870111841797,0.2731975400254983,168,0,selectable_miss,414,0,selectable_miss,876,0,selectable_miss,414,0,selectable_miss,414,0,selectable_miss,414,0,selectable_miss,0_0_0_10_14_16,-24.0
6,27,602,575,1,7,1,7,0.3895825582946946,5.672545504232003,0.7954880646035727,575,0,selectable_miss,602,1,hit,914,0,selectable_miss,575,0,selectable_miss,575,0,selectable_miss,575,0,selectable_miss,0_0_0_10_14_16,-24.0
6,28,7,628,1,4,1,4,0.0733978978904199,5.813392076033935,0.5973656786546838,628,0,selectable_miss,7,1,hit,865,0,selectable_miss,7,1,hit,7,1,hit,7,1,hit,0_0_0_10_14_16,-24.0
6,29,610,907,1,15,1,15,0.4067253196446826,5.8135060961286396,0.24373292583823336,907,0,selectable_miss,610,1,hit,693,0,selectable_miss,610,1,hit,610,1,hit,610,1,hit,0_0_0_10_14_16,-24.0
6,30,791,791,1,1,1,1,0.3637373807496174,5.778069988316409,0.8889946401231843,791,1,hit,791,1,hit,791,1,hit,791,1,hit,791,1,hit,791,1,hit,0_0_0_10_14_16,-24.0
6,31,928,515,0,0,0,0,0.27438701100359125,5.302201307516997,0.8007034596621933,515,0,gt_missing_top_l,1009,0,gt_missing_top_l,515,0,gt_missing_top_l,515,0,gt_missing_top_l,515,0,gt_missing_top_l,515,0,gt_missing_top_l,0_0_0_10_14_16,-24.0
6,32,760,324,0,0,0,0,0.6414740010470212,5.881981850997988,0.3176785620014983,324,0,gt_missing_top_l,753,0,gt_missing_top_l,324,0,gt_missing_top_l,753,0,gt_missing_top_l,753,0,gt_missing_top_l,753,0,gt_missing_top_l,0_0_0_10_14_16,-24.0
6,33,584,584,1,1,1,1,1.6617848370277728,7.167807407397904,0.9624178160012077,584,1,hit,584,1,hit,584,1,hit,584,1,hit,584,1,hit,584,1,hit,0_0_0_10_14_16,-24.0
6,34,932,372,1,15,1,15,0.8303815392344036,6.470266358725444,0.39038134365090604,372,0,selectable_miss,777,0,selectable_miss,372,0,selectable_miss,777,0,selectable_miss,777,0,selectable_miss,777,0,selectable_miss,0_0_0_10_14_16,-24.0
8,0,803,364,1,15,1,15,0.08303459031789655,5.480009669422445,0.336556105951609,364,0,selectable_miss,803,1,hit,364,0,selectable_miss,803,1,hit,803,1,hit,803,1,hit,0_0_0_10_14_16,-24.0
8,1,711,711,1,1,1,1,0.30473547834001197,5.735217206275582,0.8394056666606324,711,1,hit,49,0,selectable_miss,711,1,hit,711,1,hit,711,1,hit,711,1,hit,0_0_0_10_14_16,-24.0
8,2,922,922,1,1,1,1,1.270526672248658,6.879737039323955,0.9416873908957414,922,1,hit,922,1,hit,922,1,hit,922,1,hit,922,1,hit,922,1,hit,0_0_0_10_14_16,-24.0
8,3,691,691,1,1,1,1,2.4796691312933774,7.765293407190655,0.9607130443155562,691,1,hit,691,1,hit,691,1,hit,691,1,hit,691,1,hit,691,1,hit,0_0_0_10_14_16,-24.0
8,4,86,467,1,2,1,2,1.143369027906716,6.751983496846117,0.37053924702385277,467,0,selectable_miss,86,1,hit,86,1,hit,86,1,hit,86,1,hit,86,1,hit,0_0_0_10_14_16,-24.0
8,5,468,468,1,1,1,1,0.4976122696834834,5.6962544346892106,0.9676426704323128,468,1,hit,468,1,hit,685,0,selectable_miss,468,1,hit,468,1,hit,468,1,hit,0_0_0_10_14_16,-24.0
8,6,89,89,1,1,1,1,0.8457208358803859,6.1879506964776665,0.9938255026613686,89,1,hit,89,1,hit,89,1,hit,89,1,hit,89,1,hit,89,1,hit,0_0_0_10_14_16,-24.0
8,7,713,594,1,4,1,4,0.035862211002024524,5.525462669671533,0.4574781845391048,594,0,selectable_miss,713,1,hit,713,1,hit,713,1,hit,713,1,hit,713,1,hit,0_0_0_10_14_16,-24.0
8,8,865,865,1,1,1,1,1.4118671632052084,7.273379832252966,0.9885651850387364,865,1,hit,865,1,hit,865,1,hit,865,1,hit,865,1,hit,865,1,hit,0_0_0_10_14_16,-24.0
8,9,492,492,1,1,1,1,1.2962249941427988,6.413351899856038,0.8705885533912834,492,1,hit,492,1,hit,79,0,selectable_miss,492,1,hit,492,1,hit,492,1,hit,0_0_0_10_14_16,-24.0
8,10,765,765,1,1,1,1,0.8256696866814561,6.2377117266586435,0.9738644332385075,765,1,hit,765,1,hit,398,0,selectable_miss,765,1,hit,765,1,hit,765,1,hit,0_0_0_10_14_16,-24.0
8,11,1023,1023,1,1,1,1,1.3809131987242595,6.601616445857509,0.863290016602766,1023,1,hit,1023,1,hit,1023,1,hit,1023,1,hit,1023,1,hit,1023,1,hit,0_0_0_10_14_16,-24.0
8,12,597,752,0,0,0,0,0.035408768130485824,5.337406429625885,0.04168366495311161,752,0,gt_missing_top_l,490,0,gt_missing_top_l,680,0,gt_missing_top_l,680,0,gt_missing_top_l,680,0,gt_missing_top_l,680,0,gt_missing_top_l,0_0_0_10_14_16,-24.0
8,13,562,562,1,1,1,1,1.8375044779007248,7.462382606793526,0.9492960739105625,562,1,hit,562,1,hit,562,1,hit,562,1,hit,562,1,hit,562,1,hit,0_0_0_10_14_16,-24.0
8,14,478,478,1,1,1,1,0.47532739795349854,6.560197190173608,0.9811104528781935,478,1,hit,478,1,hit,478,1,hit,478,1,hit,478,1,hit,478,1,hit,0_0_0_10_14_16,-24.0
8,15,267,267,1,1,1,1,0.7108201577454762,7.048110199509802,0.902972215600134,267,1,hit,267,1,hit,873,0,selectable_miss,267,1,hit,267,1,hit,267,1,hit,0_0_0_10_14_16,-24.0
8,16,917,917,1,1,1,1,1.1366269838457497,6.389049382883134,0.9468531507527903,917,1,hit,917,1,hit,696,0,selectable_miss,917,1,hit,917,1,hit,917,1,hit,0_0_0_10_14_16,-24.0
8,17,656,656,1,1,1,1,0.5544207863248276,5.8180923625183585,0.9959310627047874,656,1,hit,656,1,hit,629,0,selectable_miss,656,1,hit,656,1,hit,656,1,hit,0_0_0_10_14_16,-24.0
8,18,889,889,1,1,1,1,1.1631106377808818,6.766512420913074,0.9207132393840441,889,1,hit,889,1,hit,707,0,selectable_miss,889,1,hit,889,1,hit,889,1,hit,0_0_0_10_14_16,-24.0
8,19,510,202,1,8,1,8,0.49266765947510754,5.627720410997332,0.7528375593431467,202,0,selectable_miss,225,0,selectable_miss,584,0,selectable_miss,530,0,selectable_miss,530,0,selectable_miss,530,0,selectable_miss,0_0_0_10_14_16,-24.0
8,20,860,464,0,0,0,0,0.3053938214985803,5.095860228301904,0.4726478715310713,464,0,gt_missing_top_l,417,0,gt_missing_top_l,949,0,gt_missing_top_l,417,0,gt_missing_top_l,417,0,gt_missing_top_l,417,0,gt_missing_top_l,0_0_0_10_14_16,-24.0
8,21,553,46,0,0,0,0,0.8669911889340813,6.2632025914363085,0.31708584521174604,46,0,gt_missing_top_l,1023,0,gt_missing_top_l,704,0,gt_missing_top_l,91,0,gt_missing_top_l,91,0,gt_missing_top_l,91,0,gt_missing_top_l,0_0_0_10_14_16,-24.0
8,22,629,629,1,1,1,1,1.848707261972022,6.470995282252332,0.967101439909527,629,1,hit,629,1,hit,629,1,hit,629,1,hit,629,1,hit,629,1,hit,0_0_0_10_14_16,-24.0
8,23,759,389,1,3,1,3,0.3491477888427547,6.297224069483045,0.9637496280069805,389,0,selectable_miss,389,0,selectable_miss,389,0,selectable_miss,759,1,hit,759,1,hit,759,1,hit,0_0_0_10_14_16,-24.0
8,24,874,874,1,1,1,1,1.2786108185861769,7.677945122420432,0.8265272772439877,874,1,hit,874,1,hit,33,0,selectable_miss,874,1,hit,874,1,hit,874,1,hit,0_0_0_10_14_16,-24.0
8,25,720,720,1,1,1,1,0.5908989260706603,5.678358659984676,0.9752005068551992,720,1,hit,720,1,hit,275,0,selectable_miss,720,1,hit,720,1,hit,720,1,hit,0_0_0_10_14_16,-24.0
8,26,314,96,0,0,0,0,0.47487182372567305,5.9858834611927305,0.4335763101244233,96,0,gt_missing_top_l,569,0,gt_missing_top_l,566,0,gt_missing_top_l,569,0,gt_missing_top_l,8,0,gt_missing_top_l,8,0,gt_missing_top_l,0_0_0_10_14_16,-24.0
8,27,602,620,0,0,0,0,0.2505502735362075,5.401387269194672,0.3231492396874375,620,0,gt_missing_top_l,553,0,gt_missing_top_l,901,0,gt_missing_top_l,950,0,gt_missing_top_l,752,0,gt_missing_top_l,752,0,gt_missing_top_l,0_0_0_10_14_16,-24.0
8,28,7,393,1,16,1,16,0.3072035766234304,5.431383822338222,0.31757788109230267,393,0,selectable_miss,31,0,selectable_miss,557,0,selectable_miss,31,0,selectable_miss,49,0,selectable_miss,49,0,selectable_miss,0_0_0_10_14_16,-24.0
8,29,610,946,1,4,1,4,0.2473994716498521,5.647188748877862,0.6905853047625896,946,0,selectable_miss,610,1,hit,946,0,selectable_miss,610,1,hit,946,0,selectable_miss,946,0,selectable_miss,0_0_0_10_14_16,-24.0
8,30,775,775,1,1,1,1,1.2825049321566486,6.528587135293615,0.9593261820193562,775,1,hit,775,1,hit,930,0,selectable_miss,775,1,hit,775,1,hit,775,1,hit,0_0_0_10_14_16,-24.0
8,31,920,920,1,1,1,1,0.060940369767522415,5.084005853186829,0.8596683911894053,920,1,hit,920,1,hit,840,0,selectable_miss,920,1,hit,920,1,hit,920,1,hit,0_0_0_10_14_16,-24.0
8,32,753,583,1,7,1,7,0.16639324644974612,6.037039148972633,0.8117251197121147,583,0,selectable_miss,583,0,selectable_miss,576,0,selectable_miss,583,0,selectable_miss,583,0,selectable_miss,583,0,selectable_miss,0_0_0_10_14_16,-24.0
8,33,586,548,1,15,1,15,1.1948298794759689,7.2443010321052,0.49079757346292613,548,0,selectable_miss,972,0,selectable_miss,548,0,selectable_miss,972,0,selectable_miss,972,0,selectable_miss,972,0,selectable_miss,0_0_0_10_14_16,-24.0
8,34,91,91,1,1,1,1,2.7015058745714313,8.081000114225937,0.8669739593572627,91,1,hit,91,1,hit,91,1,hit,91,1,hit,91,1,hit,91,1,hit,0_0_0_10_14_16,-24.0
9,0,222,222,1,1,1,1,0.7673458185715152,6.422218042089215,0.980947819304916,222,1,hit,222,1,hit,222,1,hit,222,1,hit,222,1,hit,222,1,hit,0_0_0_10_14_16,-24.0
9,1,826,826,1,1,1,1,3.3318651866262137,8.726628649005077,0.9842952080442217,826,1,hit,826,1,hit,826,1,hit,826,1,hit,826,1,hit,826,1,hit,0_0_0_10_14_16,-24.0
9,2,922,520,1,5,1,5,0.46476406859246544,6.058068812251084,0.5195213178940473,520,0,selectable_miss,922,1,hit,525,0,selectable_miss,922,1,hit,922,1,hit,922,1,hit,0_0_0_10_14_16,-24.0
9,3,691,827,1,17,1,17,1.1686174092908992,6.240071151531964,0.9361794030253711,827,0,selectable_miss,827,0,selectable_miss,360,0,selectable_miss,827,0,selectable_miss,827,0,selectable_miss,827,0,selectable_miss,0_0_0_10_14_16,-24.0
9,4,86,86,1,1,1,1,1.472197383522639,6.7721744101571435,0.9691408537612655,86,1,hit,86,1,hit,86,1,hit,86,1,hit,86,1,hit,86,1,hit,0_0_0_10_14_16,-24.0
9,5,468,82,1,12,1,12,0.13878153371056454,5.29828268320882,0.5441162855776965,82,0,selectable_miss,237,0,selectable_miss,84,0,selectable_miss,237,0,selectable_miss,234,0,selectable_miss,234,0,selectable_miss,0_0_0_10_14_16,-24.0
9,6,89,89,1,1,1,1,1.8424394310945904,7.414860265115028,0.9209214073017065,89,1,hit,89,1,hit,89,1,hit,89,1,hit,89,1,hit,89,1,hit,0_0_0_10_14_16,-24.0
9,7,713,713,1,1,1,1,3.1713270370765843,8.452827399089678,0.945107727983996,713,1,hit,713,1,hit,713,1,hit,713,1,hit,713,1,hit,713,1,hit,0_0_0_10_14_16,-24.0
9,8,865,865,1,1,1,1,0.818821262431998,6.07493362670743,0.9338088538663868,865,1,hit,865,1,hit,864,0,selectable_miss,865,1,hit,865,1,hit,865,1,hit,0_0_0_10_14_16,-24.0
9,9,492,133,1,4,1,4,0.48438717826773925,6.156376336694284,0.4886168603131682,133,0,selectable_miss,492,1,hit,122,0,selectable_miss,492,1,hit,492,1,hit,492,1,hit,0_0_0_10_14_16,-24.0
9,10,765,764,1,23,1,23,0.4961003131335532,6.267947017142713,0.4751795693753494,764,0,selectable_miss,537,0,selectable_miss,329,0,selectable_miss,480,0,selectable_miss,636,0,selectable_miss,636,0,selectable_miss,0_0_0_10_14_16,-24.0
9,11,1023,67,1,19,1,19,0.36152901850373015,5.986475447180055,0.780134812100831,67,0,selectable_miss,353,0,selectable_miss,367,0,selectable_miss,353,0,selectable_miss,353,0,selectable_miss,353,0,selectable_miss,0_0_0_10_14_16,-24.0
9,12,597,599,1,3,1,3,0.021229541064521837,5.3437553745482544,0.8975161989633416,599,0,selectable_miss,599,0,selectable_miss,904,0,selectable_miss,599,0,selectable_miss,599,0,selectable_miss,599,0,selectable_miss,0_0_0_10_14_16,-24.0
9,13,562,562,1,1,1,1,1.0999367388583416,6.838649482158178,0.9840419099714041,562,1,hit,562,1,hit,562,1,hit,562,1,hit,562,1,hit,562,1,hit,0_0_0_10_14_16,-24.0
9,14,478,478,1,1,1,1,1.7857370483286492,7.129567124518488,0.8849277656022653,478,1,hit,478,1,hit,478,1,hit,478,1,hit,478,1,hit,478,1,hit,0_0_0_10_14_16,-24.0
9,15,267,375,0,0,0,0,0.016964646482543196,5.541522141005065,0.12789678689292786,375,0,gt_missing_top_l,151,0,gt_missing_top_l,413,0,gt_missing_top_l,151,0,gt_missing_top_l,385,0,gt_missing_top_l,385,0,gt_missing_top_l,0_0_0_10_14_16,-24.0
9,16,917,917,1,1,1,1,1.446982958184311,6.856323586884757,0.9775137723179032,917,1,hit,917,1,hit,240,0,selectable_miss,917,1,hit,917,1,hit,917,1,hit,0_0_0_10_14_16,-24.0
9,17,656,656,1,1,1,1,1.3958329247954397,6.380674387450146,0.9497552112883584,656,1,hit,656,1,hit,854,0,selectable_miss,656,1,hit,656,1,hit,656,1,hit,0_0_0_10_14_16,-24.0
9,18,889,154,0,0,0,0,0.45897109939789965,6.103387209323357,0.32154875467259325,154,0,gt_missing_top_l,888,0,gt_missing_top_l,154,0,gt_missing_top_l,517,0,gt_missing_top_l,517,0,gt_missing_top_l,517,0,gt_missing_top_l,0_0_0_10_14_16,-24.0
9,19,510,193,0,0,0,0,0.0836798045129761,5.816477624819562,0.5480511129618673,193,0,gt_missing_top_l,608,0,gt_missing_top_l,193,0,gt_missing_top_l,608,0,gt_missing_top_l,608,0,gt_missing_top_l,608,0,gt_missing_top_l,0_0_0_10_14_16,-24.0
9,20,860,913,0,0,0,0,0.3118134384505678,5.518362262509573,0.47367837296843535,913,0,gt_missing_top_l,966,0,gt_missing_top_l,913,0,gt_missing_top_l,966,0,gt_missing_top_l,601,0,gt_missing_top_l,601,0,gt_missing_top_l,0_0_0_10_14_16,-24.0
9,21,553,553,1,1,1,1,0.43325080753275796,6.206377500587546,0.9786852739790023,553,1,hit,553,1,hit,143,0,selectable_miss,553,1,hit,553,1,hit,553,1,hit,0_0_0_10_14_16,-24.0
9,22,629,444,0,0,0,0,1.0953978468899463,6.990148347345101,0.4307282101669545,444,0,gt_missing_top_l,707,0,gt_missing_top_l,967,0,gt_missing_top_l,663,0,gt_missing_top_l,1006,0,gt_missing_top_l,1006,0,gt_missing_top_l,0_0_0_10_14_16,-24.0
9,23,759,759,1,1,1,1,0.6597284078084835,6.201741761013608,0.9666284581011433,759,1,hit,759,1,hit,167,0,selectable_miss,759,1,hit,759,1,hit,759,1,hit,0_0_0_10_14_16,-24.0
9,24,874,491,1,12,1,12,0.041334117226227415,5.199848327405709,0.8153715705683032,491,0,selectable_miss,129,0,selectable_miss,99,0,selectable_miss,491,0,selectable_miss,491,0,selectable_miss,491,0,selectable_miss,0_0_0_10_14_16,-24.0
9,25,720,720,1,1,1,1,0.6341842293241582,6.6812126530450575,0.9701210500070991,720,1,hit,720,1,hit,720,1,hit,720,1,hit,720,1,hit,720,1,hit,0_0_0_10_14_16,-24.0
9,26,314,849,0,0,0,0,0.0010675684306960661,5.476070720813048,0.6806970103903017,849,0,gt_missing_top_l,196,0,gt_missing_top_l,849,0,gt_missing_top_l,78,0,gt_missing_top_l,78,0,gt_missing_top_l,78,0,gt_missing_top_l,0_0_0_10_14_16,-24.0
9,27,602,602,1,1,1,1,1.3319910590087194,6.813133351433618,0.9373262074529127,602,1,hit,602,1,hit,602,1,hit,602,1,hit,602,1,hit,602,1,hit,0_0_0_10_14_16,-24.0
9,28,7,285,0,0,0,0,0.06283987427325922,5.716257822712818,0.1847290962717908,285,0,gt_missing_top_l,356,0,gt_missing_top_l,285,0,gt_missing_top_l,356,0,gt_missing_top_l,356,0,gt_missing_top_l,356,0,gt_missing_top_l,0_0_0_10_14_16,-24.0
9,29,610,749,1,22,1,22,0.32788378137258706,5.138716433698237,0.11273290891814704,749,0,selectable_miss,176,0,selectable_miss,749,0,selectable_miss,176,0,selectable_miss,176,0,selectable_miss,176,0,selectable_miss,0_0_0_10_14_16,-24.0
9,30,794,794,1,1,1,1,0.9203106741792846,6.774086997832515,0.8702939572069828,794,1,hit,794,1,hit,794,1,hit,794,1,hit,794,1,hit,794,1,hit,0_0_0_10_14_16,-24.0
9,31,905,905,1,1,1,1,1.6970885989669668,7.091466522642755,0.9350962639017071,905,1,hit,905,1,hit,905,1,hit,905,1,hit,905,1,hit,905,1,hit,0_0_0_10_14_16,-24.0
9,32,741,924,0,0,0,0,0.29889694515793236,5.6200783627335635,0.35619013132529775,924,0,gt_missing_top_l,984,0,gt_missing_top_l,924,0,gt_missing_top_l,581,0,gt_missing_top_l,984,0,gt_missing_top_l,984,0,gt_missing_top_l,0_0_0_10_14_16,-24.0
9,33,580,1009,0,0,0,0,0.2840827757749405,5.249274302058015,0.4787788692209699,1009,0,gt_missing_top_l,988,0,gt_missing_top_l,1009,0,gt_missing_top_l,1009,0,gt_missing_top_l,1009,0,gt_missing_top_l,1009,0,gt_missing_top_l,0_0_0_10_14_16,-24.0
9,34,89,196,1,3,1,3,0.8102853713443102,6.109871829589986,0.9065584866218768,196,0,selectable_miss,196,0,selectable_miss,196,0,selectable_miss,196,0,selectable_miss,196,0,selectable_miss,196,0,selectable_miss,0_0_0_10_14_16,-24.0
10,0,803,378,1,6,1,6,0.0575417560270266,5.448501784609952,0.20480383792755735,378,0,selectable_miss,803,1,hit,378,0,selectable_miss,803,1,hit,803,1,hit,803,1,hit,0_0_0_10_14_16,-24.0
10,1,826,171,1,2,1,2,0.056969391620006256,6.16426545297191,0.812914569731106,171,0,selectable_miss,826,1,hit,171,0,selectable_miss,826,1,hit,826,1,hit,826,1,hit,0_0_0_10_14_16,-24.0
10,2,922,922,1,1,1,1,0.7936966856640908,6.669445882767358,0.9207567831733541,922,1,hit,922,1,hit,922,1,hit,922,1,hit,922,1,hit,922,1,hit,0_0_0_10_14_16,-24.0
10,3,691,531,0,0,0,0,0.0642295512418113,4.756771732087796,0.7359949628062377,531,0,gt_missing_top_l,451,0,gt_missing_top_l,531,0,gt_missing_top_l,451,0,gt_missing_top_l,451,0,gt_missing_top_l,451,0,gt_missing_top_l,0_0_0_10_14_16,-24.0
10,4,107,512,1,2,1,2,0.3638487492997302,6.136057875428601,0.9964983929536567,512,0,selectable_miss,512,0,selectable_miss,512,0,selectable_miss,512,0,selectable_miss,512,0,selectable_miss,512,0,selectable_miss,0_0_0_10_14_16,-24.0
10,5,468,816,0,0,0,0,0.15969348018290783,5.844966151911298,0.4119274476032356,816,0,gt_missing_top_l,444,0,gt_missing_top_l,816,0,gt_missing_top_l,759,0,gt_missing_top_l,444,0,gt_missing_top_l,444,0,gt_missing_top_l,0_0_0_10_14_16,-24.0
10,6,89,823,1,3,1,3,0.30538271059535266,6.562547706589172,0.39236296397075093,823,0,selectable_miss,89,1,hit,823,0,selectable_miss,89,1,hit,941,0,selectable_miss,941,0,selectable_miss,0_0_0_10_14_16,-24.0
10,7,713,735,1,5,1,5,0.230194026384864,5.186314792930361,0.6093569219053917,735,0,selectable_miss,713,1,hit,735,0,selectable_miss,713,1,hit,713,1,hit,713,1,hit,0_0_0_10_14_16,-24.0
10,8,865,492,0,0,0,0,0.6005460513622687,6.055223858181423,0.3366089649648988,492,0,gt_missing_top_l,981,0,gt_missing_top_l,492,0,gt_missing_top_l,981,0,gt_missing_top_l,981,0,gt_missing_top_l,981,0,gt_missing_top_l,0_0_0_10_14_16,-24.0
10,9,492,288,0,0,0,0,0.31537934198461987,6.301593766601781,0.11235201025561098,288,0,gt_missing_top_l,497,0,gt_missing_top_l,288,0,gt_missing_top_l,497,0,gt_missing_top_l,497,0,gt_missing_top_l,497,0,gt_missing_top_l,0_0_0_10_14_16,-24.0
10,10,765,1001,1,2,1,2,0.7489255188669858,5.6372824632593534,0.4627913891442695,1001,0,selectable_miss,765,1,hit,1001,0,selectable_miss,765,1,hit,765,1,hit,765,1,hit,0_0_0_10_14_16,-24.0
10,11,1023,1023,1,1,1,1,0.5773677320657588,6.573546490829619,0.7398092463404824,1023,1,hit,1023,1,hit,1023,1,hit,1023,1,hit,1023,1,hit,1023,1,hit,0_0_0_10_14_16,-24.0
10,12,597,130,0,0,0,0,0.42360357215676725,6.1469285813547225,0.48910848803191687,130,0,gt_missing_top_l,600,0,gt_missing_top_l,130,0,gt_missing_top_l,600,0,gt_missing_top_l,600,0,gt_missing_top_l,600,0,gt_missing_top_l,0_0_0_10_14_16,-24.0
10,13,562,841,1,2,1,2,0.21720796388642466,5.485031805033007,0.5188387006960289,841,0,selectable_miss,562,1,hit,841,0,selectable_miss,562,1,hit,562,1,hit,562,1,hit,0_0_0_10_14_16,-24.0
10,14,478,478,1,1,1,1,0.6985926263831463,6.008330595209705,0.9462665277403164,478,1,hit,478,1,hit,478,1,hit,478,1,hit,478,1,hit,478,1,hit,0_0_0_10_14_16,-24.0
10,15,267,747,1,5,1,5,0.04837592302306953,5.365169382364746,0.32213176739282506,747,0,selectable_miss,267,1,hit,747,0,selectable_miss,267,1,hit,267,1,hit,267,1,hit,0_0_0_10_14_16,-24.0
10,16,917,426,1,17,1,17,0.35270502129787196,5.971081609796154,0.3944167524765277,426,0,selectable_miss,574,0,selectable_miss,426,0,selectable_miss,574,0,selectable_miss,574,0,selectable_miss,574,0,selectable_miss,0_0_0_10_14_16,-24.0
10,17,656,656,1,1,1,1,1.7788287663218196,7.386705598921955,0.9544742249287386,656,1,hit,656,1,hit,656,1,hit,656,1,hit,656,1,hit,656,1,hit,0_0_0_10_14_16,-24.0
10,18,889,889,1,1,1,1,0.9905946522001347,6.7144681969099915,0.9582596967867576,889,1,hit,889,1,hit,889,1,hit,889,1,hit,889,1,hit,889,1,hit,0_0_0_10_14_16,-24.0
10,19,510,122,0,0,0,0,0.39107803558385723,5.571348344327854,0.37436052375095535,122,0,gt_missing_top_l,614,0,gt_missing_top_l,122,0,gt_missing_top_l,614,0,gt_missing_top_l,614,0,gt_missing_top_l,614,0,gt_missing_top_l,0_0_0_10_14_16,-24.0
10,20,860,860,1,1,1,1,1.085819062474735,6.318674531915891,0.9269654365461394,860,1,hit,860,1,hit,860,1,hit,860,1,hit,860,1,hit,860,1,hit,0_0_0_10_14_16,-24.0
10,21,553,553,1,1,1,1,0.5300164935030578,6.525257115486833,0.9443429745674589,553,1,hit,553,1,hit,553,1,hit,553,1,hit,553,1,hit,553,1,hit,0_0_0_10_14_16,-24.0
10,22,629,629,1,1,1,1,1.1281397034877274,6.69615164066376,0.8688725973062658,629,1,hit,629,1,hit,629,1,hit,629,1,hit,629,1,hit,629,1,hit,0_0_0_10_14_16,-24.0
10,23,759,43,1,5,1,5,0.519383360592585,6.012589459755907,0.7646462742633169,43,0,selectable_miss,759,1,hit,43,0,selectable_miss,759,1,hit,759,1,hit,759,1,hit,0_0_0_10_14_16,-24.0
10,24,874,874,1,1,1,1,1.5048294951214716,7.180944329686043,0.9479608709232318,874,1,hit,874,1,hit,874,1,hit,874,1,hit,874,1,hit,874,1,hit,0_0_0_10_14_16,-24.0
10,25,720,720,1,1,1,1,0.9857279305512033,6.484708930855052,0.8566745085971464,720,1,hit,720,1,hit,720,1,hit,720,1,hit,720,1,hit,720,1,hit,0_0_0_10_14_16,-24.0
10,26,314,532,1,10,1,10,0.1380428215026192,6.067242359159577,0.41899500153868,532,0,selectable_miss,314,1,hit,532,0,selectable_miss,314,1,hit,314,1,hit,314,1,hit,0_0_0_10_14_16,-24.0
10,27,602,57,1,5,1,5,0.2076147486127759,5.603050113582438,0.31759867715263407,57,0,selectable_miss,602,1,hit,57,0,selectable_miss,602,1,hit,602,1,hit,602,1,hit,0_0_0_10_14_16,-24.0
10,28,7,7,1,1,1,1,0.3740497627782261,5.728465627913347,0.9263528551273624,7,1,hit,7,1,hit,7,1,hit,7,1,hit,7,1,hit,7,1,hit,0_0_0_10_14_16,-24.0
10,29,610,610,1,1,1,1,1.3826962639435139,7.145700096990836,0.8631760790431074,610,1,hit,610,1,hit,610,1,hit,610,1,hit,610,1,hit,610,1,hit,0_0_0_10_14_16,-24.0
10,30,826,575,1,4,1,4,0.43057196745253107,5.725798836289115,0.5814472995682157,575,0,selectable_miss,258,0,selectable_miss,575,0,selectable_miss,826,1,hit,826,1,hit,826,1,hit,0_0_0_10_14_16,-24.0
10,31,904,903,1,6,1,6,1.2254807209564016,6.388615437818194,0.6990064717795753,903,0,selectable_miss,904,1,hit,903,0,selectable_miss,904,1,hit,904,1,hit,904,1,hit,0_0_0_10_14_16,-24.0
10,32,760,760,1,1,1,1,0.34647084171864506,6.059868212091088,0.9863364757048219,760,1,hit,760,1,hit,760,1,hit,760,1,hit,760,1,hit,760,1,hit,0_0_0_10_14_16,-24.0
10,33,577,577,1,1,1,1,0.9717413168105865,6.709291921195023,0.815227787153079,577,1,hit,577,1,hit,577,1,hit,577,1,hit,577,1,hit,577,1,hit,0_0_0_10_14_16,-24.0
10,34,930,336,1,17,1,17,0.15114304851430294,5.031539909060126,0.6922801095944129,336,0,selectable_miss,930,1,hit,336,0,selectable_miss,930,1,hit,930,1,hit,930,1,hit,0_0_0_10_14_16,-24.0
11,0,222,222,1,1,1,1,1.489086601243893,6.400379599498641,0.9988762455215128,222,1,hit,222,1,hit,222,1,hit,222,1,hit,222,1,hit,222,1,hit,0_0_0_10_14_16,-24.0
11,1,711,711,1,1,1,1,0.7142598666939772,6.422882292316526,0.9836523159023838,711,1,hit,711,1,hit,711,1,hit,711,1,hit,711,1,hit,711,1,hit,0_0_0_10_14_16,-24.0
11,2,871,428,1,2,1,2,0.07927103006414105,5.314954410640401,0.6540591239444526,428,0,selectable_miss,871,1,hit,428,0,selectable_miss,871,1,hit,475,0,selectable_miss,475,0,selectable_miss,0_0_0_10_14_16,-24.0
11,3,691,44,1,3,1,3,0.4192699903445654,5.291020910347132,0.4575052639430693,44,0,selectable_miss,691,1,hit,44,0,selectable_miss,342,0,selectable_miss,691,1,hit,691,1,hit,0_0_0_10_14_16,-24.0
11,4,86,86,1,1,1,1,1.0217024868046674,7.234211236613547,0.9572734556268907,86,1,hit,86,1,hit,739,0,selectable_miss,86,1,hit,86,1,hit,86,1,hit,0_0_0_10_14_16,-24.0
11,5,468,309,1,5,1,5,0.011454751031579025,5.338823417690874,0.4140090957889283,309,0,selectable_miss,260,0,selectable_miss,146,0,selectable_miss,1012,0,selectable_miss,260,0,selectable_miss,260,0,selectable_miss,0_0_0_10_14_16,-24.0
11,6,89,373,1,2,1,2,0.007773043471811025,5.865866640631116,0.7283334284128931,373,0,selectable_miss,89,1,hit,288,0,selectable_miss,373,0,selectable_miss,89,1,hit,89,1,hit,0_0_0_10_14_16,-24.0
11,7,713,707,1,21,1,21,0.4532150208934347,6.203344620235024,0.8626174159890503,707,0,selectable_miss,707,0,selectable_miss,707,0,selectable_miss,942,0,selectable_miss,707,0,selectable_miss,707,0,selectable_miss,0_0_0_10_14_16,-24.0
11,8,865,472,1,4,1,4,0.5546099300364938,5.687233467307885,0.6030123429523427,472,0,selectable_miss,718,0,selectable_miss,44,0,selectable_miss,718,0,selectable_miss,382,0,selectable_miss,382,0,selectable_miss,0_0_0_10_14_16,-24.0
11,9,492,502,1,2,1,2,0.556824819993882,5.944779672257435,0.3652760225788473,502,0,selectable_miss,492,1,hit,447,0,selectable_miss,492,1,hit,492,1,hit,492,1,hit,0_0_0_10_14_16,-24.0
11,10,765,476,1,16,1,16,0.00039373556371430753,5.2013857726874,0.3201685154711578,476,0,selectable_miss,706,0,selectable_miss,636,0,selectable_miss,706,0,selectable_miss,706,0,selectable_miss,706,0,selectable_miss,0_0_0_10_14_16,-24.0
11,11,1023,62,1,10,1,10,0.44217862032210536,5.669123225237019,0.7063296095270237,62,0,selectable_miss,1023,1,hit,62,0,selectable_miss,62,0,selectable_miss,192,0,selectable_miss,192,0,selectable_miss,0_0_0_10_14_16,-24.0
11,12,597,597,1,1,1,1,0.6948592134374633,6.024536304813761,0.9560769406164177,597,1,hit,597,1,hit,388,0,selectable_miss,597,1,hit,597,1,hit,597,1,hit,0_0_0_10_14_16,-24.0
11,13,562,562,1,1,1,1,2.8159440638846656,8.385001011597563,0.9606432762793611,562,1,hit,562,1,hit,562,1,hit,562,1,hit,562,1,hit,562,1,hit,0_0_0_10_14_16,-24.0
11,14,478,478,1,1,1,1,1.6679326075559544,6.832101911043434,0.9504662204563922,478,1,hit,478,1,hit,478,1,hit,478,1,hit,478,1,hit,478,1,hit,0_0_0_10_14_16,-24.0
11,15,267,267,1,1,1,1,0.7989977975748792,5.795826356284976,0.9447311338854463,267,1,hit,267,1,hit,936,0,selectable_miss,267,1,hit,267,1,hit,267,1,hit,0_0_0_10_14_16,-24.0
11,16,917,917,1,1,1,1,2.6477885425891086,8.132865725705871,0.965706618610194,917,1,hit,917,1,hit,917,1,hit,917,1,hit,917,1,hit,917,1,hit,0_0_0_10_14_16,-24.0
11,17,656,545,1,2,1,2,0.1581069305003764,5.880768662119963,0.26257710180783755,545,0,selectable_miss,656,1,hit,916,0,selectable_miss,656,1,hit,656,1,hit,656,1,hit,0_0_0_10_14_16,-24.0
11,18,889,889,1,1,1,1,1.5635538106565199,7.126456095221948,0.8160131695585773,889,1,hit,889,1,hit,308,0,selectable_miss,889,1,hit,311,0,selectable_miss,311,0,selectable_miss,0_0_0_10_14_16,-24.0
11,19,510,510,1,1,1,1,0.27192051373414206,6.583879867694638,0.9132240919769139,510,1,hit,510,1,hit,832,0,selectable_miss,510,1,hit,510,1,hit,510,1,hit,0_0_0_10_14_16,-24.0
11,20,860,657,1,3,1,3,0.0017348142696968275,4.940513090203247,0.43063447126115006,657,0,selectable_miss,860,1,hit,130,0,selectable_miss,47,0,selectable_miss,47,0,selectable_miss,47,0,selectable_miss,0_0_0_10_14_16,-24.0
11,21,553,553,1,1,1,1,2.096873976902645,8.846448140784574,0.9684738041249389,553,1,hit,553,1,hit,553,1,hit,553,1,hit,553,1,hit,553,1,hit,0_0_0_10_14_16,-24.0
11,22,629,675,1,2,1,2,0.0639772426492828,5.82401015503653,0.7614312639757688,675,0,selectable_miss,629,1,hit,367,0,selectable_miss,629,1,hit,629,1,hit,629,1,hit,0_0_0_10_14_16,-24.0
11,23,759,759,1,1,1,1,0.8084790868942372,6.3106696122735375,0.8224698409164556,759,1,hit,759,1,hit,759,1,hit,759,1,hit,759,1,hit,759,1,hit,0_0_0_10_14_16,-24.0
11,24,874,928,1,2,1,2,0.038023285205902806,6.785431083495514,0.41092756022498605,928,0,selectable_miss,874,1,hit,318,0,selectable_miss,874,1,hit,874,1,hit,874,1,hit,0_0_0_10_14_16,-24.0
11,25,720,662,1,10,1,10,0.20050903189228858,5.858491662135824,0.5351150632174827,662,0,selectable_miss,720,1,hit,855,0,selectable_miss,62,0,selectable_miss,720,1,hit,720,1,hit,0_0_0_10_14_16,-24.0
11,26,314,314,1,1,1,1,0.8068029025789967,6.075613359301327,0.7998261308735204,314,1,hit,314,1,hit,342,0,selectable_miss,314,1,hit,512,0,selectable_miss,512,0,selectable_miss,0_0_0_10_14_16,-24.0
11,27,602,650,1,13,1,13,0.23717735662757047,5.18842805682749,0.32575481744221024,650,0,selectable_miss,602,1,hit,272,0,selectable_miss,350,0,selectable_miss,602,1,hit,602,1,hit,0_0_0_10_14_16,-24.0
11,28,7,7,1,1,1,1,0.3214843950152675,6.3865091855016995,0.9491547850995796,7,1,hit,7,1,hit,7,1,hit,990,0,selectable_miss,201,0,selectable_miss,201,0,selectable_miss,0_0_0_10_14_16,-24.0
11,29,610,610,1,1,1,1,1.5730733700549786,8.043337299485673,0.9683832218950577,610,1,hit,610,1,hit,610,1,hit,610,1,hit,610,1,hit,610,1,hit,0_0_0_10_14_16,-24.0
11,30,823,823,1,1,1,1,1.8656976491651593,7.1354551790833405,0.9500972596363302,823,1,hit,823,1,hit,823,1,hit,823,1,hit,823,1,hit,823,1,hit,0_0_0_10_14_16,-24.0
11,31,905,762,1,13,1,13,0.1555056240656331,5.3833725592243455,0.638548265148641,762,0,selectable_miss,477,0,selectable_miss,762,0,selectable_miss,477,0,selectable_miss,477,0,selectable_miss,477,0,selectable_miss,0_0_0_10_14_16,-24.0
11,32,748,748,1,1,1,1,1.6757543715512238,7.45954466971958,0.9970035958597014,748,1,hit,748,1,hit,748,1,hit,748,1,hit,748,1,hit,748,1,hit,0_0_0_10_14_16,-24.0
11,33,586,407,1,5,1,5,0.07114365531286983,6.356371738706093,0.2805858178948763,407,0,selectable_miss,586,1,hit,586,1,hit,890,0,selectable_miss,586,1,hit,586,1,hit,0_0_0_10_14_16,-24.0
11,34,93,457,1,2,1,2,0.30926128039478334,5.460045115117182,0.45281819003851836,457,0,selectable_miss,775,0,selectable_miss,820,0,selectable_miss,775,0,selectable_miss,834,0,selectable_miss,834,0,selectable_miss,0_0_0_10_14_16,-24.0
12,0,803,803,1,1,1,1,0.5025167121097939,6.084924081723933,0.9866340441303795,803,1,hit,803,1,hit,774,0,selectable_miss,803,1,hit,803,1,hit,803,1,hit,0_0_0_10_14_16,-24.0
12,1,711,648,1,2,1,2,0.4591849615727289,6.113785102295489,0.41518713459601564,648,0,selectable_miss,711,1,hit,571,0,selectable_miss,711,1,hit,711,1,hit,711,1,hit,0_0_0_10_14_16,-24.0
12,2,871,871,1,1,1,1,1.7578220936372255,6.841866538209206,0.9710884542370433,871,1,hit,871,1,hit,871,1,hit,871,1,hit,871,1,hit,871,1,hit,0_0_0_10_14_16,-24.0
12,3,691,691,1,1,1,1,1.0963285649783612,6.953537697342803,0.9417946813461208,691,1,hit,691,1,hit,376,0,selectable_miss,691,1,hit,691,1,hit,691,1,hit,0_0_0_10_14_16,-24.0
12,4,107,314,0,0,0,0,0.184485073585682,5.545775691633191,0.2464275766443257,314,0,gt_missing_top_l,934,0,gt_missing_top_l,513,0,gt_missing_top_l,911,0,gt_missing_top_l,911,0,gt_missing_top_l,911,0,gt_missing_top_l,0_0_0_10_14_16,-24.0
12,5,468,468,1,1,1,1,0.5000706294146453,6.121631713670186,0.9347037361479792,468,1,hit,468,1,hit,489,0,selectable_miss,468,1,hit,468,1,hit,468,1,hit,0_0_0_10_14_16,-24.0
12,6,89,421,0,0,0,0,0.015911551459087233,5.435963059741979,0.7754749905511181,421,0,gt_missing_top_l,421,0,gt_missing_top_l,445,0,gt_missing_top_l,267,0,gt_missing_top_l,421,0,gt_missing_top_l,421,0,gt_missing_top_l,0_0_0_10_14_16,-24.0
12,7,713,180,1,2,1,2,0.5195111866838602,6.198770877693354,0.5869565780063706,180,0,selectable_miss,713,1,hit,657,0,selectable_miss,713,1,hit,502,0,selectable_miss,502,0,selectable_miss,0_0_0_10_14_16,-24.0
12,8,865,865,1,1,1,1,1.8071587082808607,7.445849203385718,0.9373261018693421,865,1,hit,865,1,hit,865,1,hit,865,1,hit,865,1,hit,865,1,hit,0_0_0_10_14_16,-24.0
12,9,492,492,1,1,1,1,1.542066982719307,6.649785826122577,0.9971596739304313,492,1,hit,492,1,hit,645,0,selectable_miss,492,1,hit,492,1,hit,492,1,hit,0_0_0_10_14_16,-24.0
12,10,765,765,1,1,1,1,0.8867872911498622,6.624402843273582,0.9745085985343611,765,1,hit,765,1,hit,554,0,selectable_miss,765,1,hit,765,1,hit,765,1,hit,0_0_0_10_14_16,-24.0
12,11,1023,1023,1,1,1,1,2.7239356424785868,9.189974246183864,0.9236191888666014,1023,1,hit,1023,1,hit,1023,1,hit,1023,1,hit,1023,1,hit,1023,1,hit,0_0_0_10_14_16,-24.0
12,12,597,683,0,0,0,0,0.05908347184902986,6.182759724088951,0.2953834877559748,683,0,gt_missing_top_l,137,0,gt_missing_top_l,343,0,gt_missing_top_l,137,0,gt_missing_top_l,137,0,gt_missing_top_l,137,0,gt_missing_top_l,0_0_0_10_14_16,-24.0
12,13,562,562,1,1,1,1,0.8542766478741715,6.281231314356792,0.8661941657183957,562,1,hit,562,1,hit,550,0,selectable_miss,562,1,hit,562,1,hit,562,1,hit,0_0_0_10_14_16,-24.0
12,14,478,478,1,1,1,1,1.3056633291272435,6.60379350132879,0.9362518182076077,478,1,hit,478,1,hit,963,0,selectable_miss,478,1,hit,478,1,hit,478,1,hit,0_0_0_10_14_16,-24.0
12,15,267,267,1,1,1,1,0.9389569247033814,6.618950083699198,0.9720541046585529,267,1,hit,267,1,hit,884,0,selectable_miss,267,1,hit,267,1,hit,267,1,hit,0_0_0_10_14_16,-24.0
12,16,917,742,1,10,1,10,0.08498283833313872,5.2367328390207994,0.46660154424748335,742,0,selectable_miss,734,0,selectable_miss,1,0,selectable_miss,734,0,selectable_miss,734,0,selectable_miss,734,0,selectable_miss,0_0_0_10_14_16,-24.0
12,17,656,656,1,1,1,1,0.6985335739175786,7.258280136866476,0.9403728485588746,656,1,hit,656,1,hit,632,0,selectable_miss,656,1,hit,656,1,hit,656,1,hit,0_0_0_10_14_16,-24.0
12,18,889,889,1,1,1,1,1.3738582123751975,6.997679863321792,0.8431040913271695,889,1,hit,889,1,hit,465,0,selectable_miss,889,1,hit,889,1,hit,889,1,hit,0_0_0_10_14_16,-24.0
12,19,510,775,1,4,1,4,0.7907393081044869,6.3791386349671875,0.25191800900591566,775,0,selectable_miss,510,1,hit,339,0,selectable_miss,850,0,selectable_miss,269,0,selectable_miss,269,0,selectable_miss,0_0_0_10_14_16,-24.0
12,20,860,715,1,6,1,6,0.1645755849173679,5.739257820091047,0.28617109708736094,715,0,selectable_miss,479,0,selectable_miss,1004,0,selectable_miss,479,0,selectable_miss,479,0,selectable_miss,479,0,selectable_miss,0_0_0_10_14_16,-24.0
12,21,553,553,1,1,1,1,1.7490476335900702,7.02242540025626,0.9123000829620354,553,1,hit,553,1,hit,553,1,hit,553,1,hit,553,1,hit,553,1,hit,0_0_0_10_14_16,-24.0
12,22,629,629,1,1,1,1,0.8579451686304997,6.392973373460503,0.9138742368884983,629,1,hit,629,1,hit,217,0,selectable_miss,629,1,hit,536,0,selectable_miss,536,0,selectable_miss,0_0_0_10_14_16,-24.0
12,23,759,759,1,1,1,1,2.354064862258635,7.8520918227827154,0.8473657110217833,759,1,hit,759,1,hit,759,1,hit,759,1,hit,759,1,hit,759,1,hit,0_0_0_10_14_16,-24.0
12,24,874,306,1,12,1,12,0.41413042005840717,5.734306010663671,0.5228917593860102,306,0,selectable_miss,388,0,selectable_miss,219,0,selectable_miss,874,1,hit,388,0,selectable_miss,388,0,selectable_miss,0_0_0_10_14_16,-24.0
12,25,720,720,1,1,1,1,1.791324035615919,7.31868765298174,0.959226430214159,720,1,hit,720,1,hit,720,1,hit,720,1,hit,720,1,hit,720,1,hit,0_0_0_10_14_16,-24.0
12,26,314,20,1,2,1,2,0.08356187420376623,5.55427430400952,0.6423978669367338,20,0,selectable_miss,314,1,hit,972,0,selectable_miss,126,0,selectable_miss,355,0,selectable_miss,355,0,selectable_miss,0_0_0_10_14_16,-24.0
12,27,602,602,1,1,1,1,2.516843164816185,8.146616158721361,0.9250571401830195,602,1,hit,602,1,hit,602,1,hit,602,1,hit,602,1,hit,602,1,hit,0_0_0_10_14_16,-24.0
12,28,7,7,1,1,1,1,0.8760250526096774,6.835221000254208,0.9760767354760301,7,1,hit,7,1,hit,431,0,selectable_miss,733,0,selectable_miss,7,1,hit,7,1,hit,0_0_0_10_14_16,-24.0
12,29,610,610,1,1,1,1,2.451131260067189,8.139971607105679,0.9948078328120907,610,1,hit,610,1,hit,610,1,hit,610,1,hit,610,1,hit,610,1,hit,0_0_0_10_14_16,-24.0
12,30,791,791,1,1,1,1,1.62055852486941,7.249801634419083,0.8910475715364349,791,1,hit,791,1,hit,791,1,hit,791,1,hit,791,1,hit,791,1,hit,0_0_0_10_14_16,-24.0
12,31,904,904,1,1,1,1,1.5633523890972638,7.260695577959526,0.9558140829464121,904,1,hit,904,1,hit,345,0,selectable_miss,904,1,hit,904,1,hit,904,1,hit,0_0_0_10_14_16,-24.0
12,32,761,761,1,1,1,1,1.4019697666227617,6.4810966495723115,0.9078636590125605,761,1,hit,761,1,hit,761,1,hit,761,1,hit,761,1,hit,761,1,hit,0_0_0_10_14_16,-24.0
12,33,587,587,1,1,1,1,1.0172810255277192,6.83657122893092,0.9904812603298945,587,1,hit,587,1,hit,392,0,selectable_miss,587,1,hit,587,1,hit,587,1,hit,0_0_0_10_14_16,-24.0
12,34,934,934,1,1,1,1,0.7199563799170441,5.719334734609722,0.9197405778782614,934,1,hit,934,1,hit,376,0,selectable_miss,934,1,hit,934,1,hit,934,1,hit,0_0_0_10_14_16,-24.0
13,0,222,222,1,1,1,1,0.9768950346222905,6.474601444430226,0.9590331766215319,222,1,hit,222,1,hit,222,1,hit,222,1,hit,222,1,hit,222,1,hit,0_0_0_10_14_16,-24.0
13,1,826,46,1,2,1,2,0.018939396982157564,6.061093636869749,0.7138461619860228,46,0,selectable_miss,826,1,hit,46,0,selectable_miss,826,1,hit,826,1,hit,826,1,hit,0_0_0_10_14_16,-24.0
13,2,871,871,1,1,1,1,1.286568117233684,6.656741333714509,0.9946430515212371,871,1,hit,871,1,hit,871,1,hit,871,1,hit,871,1,hit,871,1,hit,0_0_0_10_14_16,-24.0
13,3,691,692,1,19,1,19,0.6221506927934706,6.3131158221309125,0.05144692203168888,692,0,selectable_miss,108,0,selectable_miss,692,0,selectable_miss,108,0,selectable_miss,964,0,selectable_miss,964,0,selectable_miss,0_0_0_10_14_16,-24.0
13,4,107,107,1,1,1,1,0.9562298387934752,6.601594153840694,0.9324962889861779,107,1,hit,107,1,hit,107,1,hit,107,1,hit,107,1,hit,107,1,hit,0_0_0_10_14_16,-24.0
13,5,468,146,1,6,1,6,0.02158179426931109,5.54049110686298,0.2398467998360922,146,0,selectable_miss,468,1,hit,146,0,selectable_miss,468,1,hit,468,1,hit,468,1,hit,0_0_0_10_14_16,-24.0
13,6,89,89,1,1,1,1,0.6007881944052275,6.268146248327586,0.9262797450642626,89,1,hit,89,1,hit,89,1,hit,89,1,hit,89,1,hit,89,1,hit,0_0_0_10_14_16,-24.0
13,7,713,713,1,1,1,1,1.0080236471268926,6.2549449696100226,0.848156698183492,713,1,hit,713,1,hit,713,1,hit,713,1,hit,713,1,hit,713,1,hit,0_0_0_10_14_16,-24.0
13,8,865,865,1,1,1,1,1.8498158337928268,6.981207349795547,0.9060197055529275,865,1,hit,865,1,hit,865,1,hit,865,1,hit,865,1,hit,865,1,hit,0_0_0_10_14_16,-24.0
13,9,492,797,1,22,1,22,0.08501661019849632,5.839519055474469,0.5630577177687179,797,0,selectable_miss,1000,0,selectable_miss,267,0,selectable_miss,1003,0,selectable_miss,1003,0,selectable_miss,1003,0,selectable_miss,0_0_0_10_14_16,-24.0
13,10,765,765,1,1,1,1,0.5636446793937836,6.214261221572088,0.9907718405653176,765,1,hit,765,1,hit,990,0,selectable_miss,765,1,hit,765,1,hit,765,1,hit,0_0_0_10_14_16,-24.0
13,11,1023,236,1,2,1,2,0.31245851800491753,6.563482225799897,0.6048055453965722,236,0,selectable_miss,1023,1,hit,488,0,selectable_miss,1023,1,hit,1023,1,hit,1023,1,hit,0_0_0_10_14_16,-24.0
13,12,597,597,1,1,1,1,0.9482596876882122,6.530031416246237,0.9287924754726953,597,1,hit,597,1,hit,151,0,selectable_miss,597,1,hit,597,1,hit,597,1,hit,0_0_0_10_14_16,-24.0
13,13,562,562,1,1,1,1,1.5170734483050676,6.804363144833115,0.9393261887796754,562,1,hit,562,1,hit,645,0,selectable_miss,562,1,hit,562,1,hit,562,1,hit,0_0_0_10_14_16,-24.0
13,14,478,521,1,3,1,3,0.3112561840748924,6.229559450725624,0.11909088308811913,521,0,selectable_miss,478,1,hit,458,0,selectable_miss,478,1,hit,478,1,hit,478,1,hit,0_0_0_10_14_16,-24.0
13,15,267,838,1,4,1,4,0.18976963656156112,5.36193930789385,0.6628207367032066,838,0,selectable_miss,267,1,hit,970,0,selectable_miss,267,1,hit,267,1,hit,267,1,hit,0_0_0_10_14_16,-24.0
13,16,917,917,1,1,1,1,0.11006909047178123,6.133985999455503,0.9361045999043037,917,1,hit,917,1,hit,359,0,selectable_miss,917,1,hit,917,1,hit,917,1,hit,0_0_0_10_14_16,-24.0
13,17,656,656,1,1,1,1,1.1302271921323053,7.55181880217275,0.9955431239039818,656,1,hit,656,1,hit,792,0,selectable_miss,656,1,hit,656,1,hit,656,1,hit,0_0_0_10_14_16,-24.0
13,18,889,889,1,1,1,1,2.271349547960772,8.127424068341643,0.9344553668448566,889,1,hit,889,1,hit,889,1,hit,889,1,hit,889,1,hit,889,1,hit,0_0_0_10_14_16,-24.0
13,19,510,510,1,1,1,1,0.9038556145209004,5.844720952693448,0.9842402299585377,510,1,hit,510,1,hit,963,0,selectable_miss,510,1,hit,510,1,hit,510,1,hit,0_0_0_10_14_16,-24.0
13,20,860,860,1,1,1,1,0.23387487378474406,5.693549653552344,0.7473319543587452,860,1,hit,860,1,hit,875,0,selectable_miss,860,1,hit,860,1,hit,860,1,hit,0_0_0_10_14_16,-24.0
13,21,553,553,1,1,1,1,0.5212993418807104,5.742926141591084,0.9060177959772078,553,1,hit,553,1,hit,29,0,selectable_miss,553,1,hit,553,1,hit,553,1,hit,0_0_0_10_14_16,-24.0
13,22,629,629,1,1,1,1,0.773576165035347,6.257606980381558,0.9104638870605192,629,1,hit,629,1,hit,629,1,hit,629,1,hit,629,1,hit,629,1,hit,0_0_0_10_14_16,-24.0
13,23,759,759,1,1,1,1,1.280895665175369,7.173368357096007,0.9668694250408097,759,1,hit,759,1,hit,759,1,hit,759,1,hit,759,1,hit,759,1,hit,0_0_0_10_14_16,-24.0
13,24,874,932,0,0,0,0,1.2227155758234725,5.944545931335598,0.6171979749475941,932,0,gt_missing_top_l,161,0,gt_missing_top_l,932,0,gt_missing_top_l,49,0,gt_missing_top_l,27,0,gt_missing_top_l,27,0,gt_missing_top_l,0_0_0_10_14_16,-24.0
13,25,720,672,1,5,1,5,0.4649392663124706,5.43911745065781,0.3801191069577109,672,0,selectable_miss,328,0,selectable_miss,672,0,selectable_miss,720,1,hit,720,1,hit,720,1,hit,0_0_0_10_14_16,-24.0
13,26,314,889,1,2,1,2,0.8568866026693167,6.096749981640278,0.38653489869177315,889,0,selectable_miss,314,1,hit,889,0,selectable_miss,314,1,hit,314,1,hit,314,1,hit,0_0_0_10_14_16,-24.0
13,27,602,602,1,1,1,1,1.9926837525678345,7.26030138472158,0.9458415715805315,602,1,hit,602,1,hit,602,1,hit,602,1,hit,602,1,hit,602,1,hit,0_0_0_10_14_16,-24.0
13,28,7,7,1,1,1,1,0.25846869217139984,6.591311989254888,0.9375862856181555,7,1,hit,7,1,hit,7,1,hit,7,1,hit,7,1,hit,7,1,hit,0_0_0_10_14_16,-24.0
13,29,610,970,1,7,1,7,0.501099097469132,5.178031632823688,0.3636148537161395,970,0,selectable_miss,610,1,hit,609,0,selectable_miss,610,1,hit,610,1,hit,610,1,hit,0_0_0_10_14_16,-24.0
13,30,778,778,1,1,1,1,1.8280622447609183,7.22400889633083,0.9347182047134374,778,1,hit,778,1,hit,778,1,hit,778,1,hit,778,1,hit,778,1,hit,0_0_0_10_14_16,-24.0
13,31,921,921,1,1,1,1,1.9121067894295962,7.5532879756589715,0.9844436046190747,921,1,hit,921,1,hit,921,1,hit,921,1,hit,921,1,hit,921,1,hit,0_0_0_10_14_16,-24.0
13,32,749,749,1,1,1,1,1.766816027639654,7.170642708056362,0.9129328932140148,749,1,hit,749,1,hit,749,1,hit,749,1,hit,749,1,hit,749,1,hit,0_0_0_10_14_16,-24.0
13,33,577,577,1,1,1,1,1.49725814549032,8.1047271704264,0.9767759700354393,577,1,hit,577,1,hit,577,1,hit,577,1,hit,577,1,hit,577,1,hit,0_0_0_10_14_16,-24.0
13,34,936,607,1,2,1,2,0.08752002419365425,6.71786030673173,0.3002926943744962,607,0,selectable_miss,936,1,hit,936,1,hit,936,1,hit,936,1,hit,936,1,hit,0_0_0_10_14_16,-24.0
1,0,222,210,1,6,1,6,0.2028333204222603,6.046397024999644,0.35748277620627816,210,0,selectable_miss,574,0,selectable_miss,210,0,selectable_miss,222,1,hit,220,0,selectable_miss,220,0,selectable_miss,0_0_0_10_14_16,-25.0
1,1,826,228,0,0,0,0,0.30918854419152986,5.286441515783201,0.39615686571813036,228,0,gt_missing_top_l,242,0,gt_missing_top_l,228,0,gt_missing_top_l,242,0,gt_missing_top_l,242,0,gt_missing_top_l,242,0,gt_missing_top_l,0_0_0_10_14_16,-25.0
1,2,922,154,1,8,1,8,0.24797516173555728,6.05010814644983,0.4432692179681064,154,0,selectable_miss,922,1,hit,154,0,selectable_miss,922,1,hit,922,1,hit,922,1,hit,0_0_0_10_14_16,-25.0
1,3,718,722,1,2,1,2,0.21050152697222904,5.100958390536423,0.7365784022477317,722,0,selectable_miss,718,1,hit,722,0,selectable_miss,718,1,hit,718,1,hit,718,1,hit,0_0_0_10_14_16,-25.0
1,4,107,107,1,1,1,1,0.24717749700890662,5.759260692085304,0.9193779873013741,107,1,hit,107,1,hit,107,1,hit,107,1,hit,107,1,hit,107,1,hit,0_0_0_10_14_16,-25.0
1,5,468,468,1,1,1,1,0.25112228897586775,5.596765492412834,0.8715025836988393,468,1,hit,468,1,hit,468,1,hit,468,1,hit,468,1,hit,468,1,hit,0_0_0_10_14_16,-25.0
1,6,89,921,1,17,1,17,0.3532071043167141,6.12555070436003,0.45572143249139907,921,0,selectable_miss,155,0,selectable_miss,921,0,selectable_miss,243,0,selectable_miss,989,0,selectable_miss,989,0,selectable_miss,0_0_0_10_14_16,-25.0
1,7,713,835,1,2,1,2,0.15896228232784304,5.872277018719338,0.5055247193956071,835,0,selectable_miss,713,1,hit,835,0,selectable_miss,713,1,hit,713,1,hit,713,1,hit,0_0_0_10_14_16,-25.0
1,8,865,865,1,1,1,1,1.0966443829385817,6.305323729762021,0.8271542315645751,865,1,hit,865,1,hit,865,1,hit,865,1,hit,865,1,hit,865,1,hit,0_0_0_10_14_16,-25.0
1,9,492,1008,0,0,0,0,0.2539620571649378,5.138200754224246,0.21042446671607573,1008,0,gt_missing_top_l,185,0,gt_missing_top_l,1008,0,gt_missing_top_l,185,0,gt_missing_top_l,185,0,gt_missing_top_l,185,0,gt_missing_top_l,0_0_0_10_14_16,-25.0
1,10,765,147,1,4,1,4,1.3832173759094224,6.940824840964805,0.36314746466874936,147,0,selectable_miss,765,1,hit,147,0,selectable_miss,765,1,hit,765,1,hit,765,1,hit,0_0_0_10_14_16,-25.0
1,11,1023,289,1,5,1,5,0.6484304965791533,5.873855970370061,0.4804651200702389,289,0,selectable_miss,1023,1,hit,289,0,selectable_miss,1023,1,hit,1023,1,hit,1023,1,hit,0_0_0_10_14_16,-25.0
1,12,597,548,0,0,0,0,0.09081531651514692,5.20631329035432,0.6988366770721437,548,0,gt_missing_top_l,134,0,gt_missing_top_l,548,0,gt_missing_top_l,548,0,gt_missing_top_l,548,0,gt_missing_top_l,548,0,gt_missing_top_l,0_0_0_10_14_16,-25.0
1,13,562,550,0,0,0,0,0.12478700600999544,5.274465676932822,0.5012628149942234,550,0,gt_missing_top_l,345,0,gt_missing_top_l,550,0,gt_missing_top_l,252,0,gt_missing_top_l,252,0,gt_missing_top_l,252,0,gt_missing_top_l,0_0_0_10_14_16,-25.0
1,14,478,288,0,0,0,0,0.5896967662834786,5.480421718305562,0.9603508132741637,288,0,gt_missing_top_l,288,0,gt_missing_top_l,288,0,gt_missing_top_l,288,0,gt_missing_top_l,288,0,gt_missing_top_l,288,0,gt_missing_top_l,0_0_0_10_14_16,-25.0
1,15,267,608,1,7,1,7,1.0946427746097707,6.1923318670007985,0.3193713460214411,608,0,selectable_miss,127,0,selectable_miss,608,0,selectable_miss,267,1,hit,267,1,hit,267,1,hit,0_0_0_10_14_16,-25.0
1,16,917,977,1,3,1,3,0.08523486962742884,5.494109699503601,0.2778111674325321,977,0,selectable_miss,917,1,hit,977,0,selectable_miss,917,1,hit,917,1,hit,917,1,hit,0_0_0_10_14_16,-25.0
1,17,656,10,1,2,1,2,0.20654529849540093,5.667387833958401,0.665031497340523,10,0,selectable_miss,590,0,selectable_miss,10,0,selectable_miss,656,1,hit,656,1,hit,656,1,hit,0_0_0_10_14_16,-25.0
1,18,889,264,0,0,0,0,0.42278339045761326,5.694606905422179,0.06338410721315928,264,0,gt_missing_top_l,218,0,gt_missing_top_l,264,0,gt_missing_top_l,996,0,gt_missing_top_l,218,0,gt_missing_top_l,218,0,gt_missing_top_l,0_0_0_10_14_16,-25.0
1,19,510,510,1,1,1,1,1.2337316573084056,6.445756127385805,0.9283871199911481,510,1,hit,510,1,hit,510,1,hit,510,1,hit,510,1,hit,510,1,hit,0_0_0_10_14_16,-25.0
1,20,860,414,1,2,1,2,0.15693742567351004,5.787427678547401,0.3796679847691094,414,0,selectable_miss,433,0,selectable_miss,414,0,selectable_miss,860,1,hit,433,0,selectable_miss,433,0,selectable_miss,0_0_0_10_14_16,-25.0
1,21,553,553,1,1,1,1,1.2600429484065703,6.778343673943878,0.7954987287477576,553,1,hit,553,1,hit,553,1,hit,553,1,hit,553,1,hit,553,1,hit,0_0_0_10_14_16,-25.0
1,22,629,250,1,5,1,5,0.9250016229270053,5.887034254769606,0.8516496381860473,250,0,selectable_miss,250,0,selectable_miss,250,0,selectable_miss,629,1,hit,250,0,selectable_miss,250,0,selectable_miss,0_0_0_10_14_16,-25.0
1,23,759,209,0,0,0,0,0.00960591217699101,4.770307449313363,0.46270785860782276,209,0,gt_missing_top_l,525,0,gt_missing_top_l,209,0,gt_missing_top_l,870,0,gt_missing_top_l,525,0,gt_missing_top_l,525,0,gt_missing_top_l,0_0_0_10_14_16,-25.0
1,24,874,329,1,6,1,6,0.07359506527993717,5.815890933200082,0.27459339911349195,329,0,selectable_miss,788,0,selectable_miss,329,0,selectable_miss,788,0,selectable_miss,788,0,selectable_miss,788,0,selectable_miss,0_0_0_10_14_16,-25.0
1,25,720,286,1,4,1,4,0.6915940633391569,6.361336782798404,0.5150593117406651,286,0,selectable_miss,720,1,hit,286,0,selectable_miss,720,1,hit,720,1,hit,720,1,hit,0_0_0_10_14_16,-25.0
1,26,314,314,1,1,1,1,0.6559248888120042,5.9633941679221785,0.7547664176543378,314,1,hit,473,0,selectable_miss,314,1,hit,314,1,hit,738,0,selectable_miss,738,0,selectable_miss,0_0_0_10_14_16,-25.0
1,27,602,824,1,3,1,3,0.512406700649912,6.212862806010051,0.34481304087047804,824,0,selectable_miss,602,1,hit,824,0,selectable_miss,602,1,hit,602,1,hit,602,1,hit,0_0_0_10_14_16,-25.0
1,28,7,13,1,24,1,24,0.7892382104076657,6.098931535293715,0.3149844281337429,13,0,selectable_miss,6,0,selectable_miss,13,0,selectable_miss,6,0,selectable_miss,6,0,selectable_miss,6,0,selectable_miss,0_0_0_10_14_16,-25.0
1,29,610,567,1,22,1,22,0.355655224826836,5.7471431870704865,0.643059725811274,567,0,selectable_miss,435,0,selectable_miss,567,0,selectable_miss,435,0,selectable_miss,567,0,selectable_miss,567,0,selectable_miss,0_0_0_10_14_16,-25.0
1,30,807,142,1,9,1,9,0.0746017682440634,6.24755696571233,0.40125051399933825,142,0,selectable_miss,852,0,selectable_miss,142,0,selectable_miss,852,0,selectable_miss,852,0,selectable_miss,852,0,selectable_miss,0_0_0_10_14_16,-25.0
1,31,897,396,1,6,1,6,1.0453532444942193,6.689139962795653,0.31392762086955806,396,0,selectable_miss,897,1,hit,396,0,selectable_miss,897,1,hit,267,0,selectable_miss,267,0,selectable_miss,0_0_0_10_14_16,-25.0
1,32,749,749,1,1,1,1,0.825552373552243,6.352577347866269,0.9759499140636221,749,1,hit,749,1,hit,749,1,hit,749,1,hit,749,1,hit,749,1,hit,0_0_0_10_14_16,-25.0
1,33,584,930,1,2,1,2,0.031074604842334597,6.245157552841856,0.8111571195425,930,0,selectable_miss,584,1,hit,930,0,selectable_miss,584,1,hit,584,1,hit,584,1,hit,0_0_0_10_14_16,-25.0
1,34,934,1018,1,19,1,19,0.32752897270737036,6.0823761673233045,0.8081097605919623,1018,0,selectable_miss,1018,0,selectable_miss,1018,0,selectable_miss,1018,0,selectable_miss,1018,0,selectable_miss,1018,0,selectable_miss,0_0_0_10_14_16,-25.0
2,0,803,961,1,2,1,2,0.927065986495105,6.764109712911387,0.33874035174793415,961,0,selectable_miss,468,0,selectable_miss,961,0,selectable_miss,803,1,hit,803,1,hit,803,1,hit,0_0_0_10_14_16,-25.0
2,1,826,485,1,20,1,20,0.3979535251273478,6.05385997704566,0.4225389119269923,485,0,selectable_miss,826,1,hit,485,0,selectable_miss,826,1,hit,826,1,hit,826,1,hit,0_0_0_10_14_16,-25.0
2,2,922,922,1,1,1,1,0.18798516117393216,6.8569327003778335,0.9375117085079284,922,1,hit,922,1,hit,922,1,hit,922,1,hit,922,1,hit,922,1,hit,0_0_0_10_14_16,-25.0
2,3,718,794,1,2,1,2,0.2696860279326125,5.591108603435955,0.35403877798032013,794,0,selectable_miss,718,1,hit,794,0,selectable_miss,718,1,hit,718,1,hit,718,1,hit,0_0_0_10_14_16,-25.0
2,4,86,573,0,0,0,0,0.5416382718147816,5.393478202850166,0.18288927118728746,573,0,gt_missing_top_l,462,0,gt_missing_top_l,751,0,gt_missing_top_l,133,0,gt_missing_top_l,133,0,gt_missing_top_l,133,0,gt_missing_top_l,0_0_0_10_14_16,-25.0
2,5,468,109,0,0,0,0,0.0748561503361497,5.286425914695087,0.5100742332839692,109,0,gt_missing_top_l,944,0,gt_missing_top_l,119,0,gt_missing_top_l,119,0,gt_missing_top_l,119,0,gt_missing_top_l,119,0,gt_missing_top_l,0_0_0_10_14_16,-25.0
2,6,89,89,1,1,1,1,0.22521418810995428,5.2410537074361585,0.9968787380915777,89,1,hit,89,1,hit,905,0,selectable_miss,89,1,hit,89,1,hit,89,1,hit,0_0_0_10_14_16,-25.0
2,7,713,949,1,3,1,3,0.7682739165357313,6.187749345719271,0.9407498615589683,949,0,selectable_miss,949,0,selectable_miss,713,1,hit,949,0,selectable_miss,713,1,hit,713,1,hit,0_0_0_10_14_16,-25.0
2,8,865,865,1,1,1,1,1.7494821683143265,6.458338550146393,0.9185256516009902,865,1,hit,865,1,hit,865,1,hit,865,1,hit,865,1,hit,865,1,hit,0_0_0_10_14_16,-25.0
2,9,492,971,0,0,0,0,0.21676652580065725,5.322484265299257,0.30367567022350805,971,0,gt_missing_top_l,371,0,gt_missing_top_l,149,0,gt_missing_top_l,371,0,gt_missing_top_l,371,0,gt_missing_top_l,371,0,gt_missing_top_l,0_0_0_10_14_16,-25.0
2,10,765,765,1,1,1,1,0.21956134449087175,5.24850525775756,0.9134473176589039,765,1,hit,765,1,hit,765,1,hit,765,1,hit,765,1,hit,765,1,hit,0_0_0_10_14_16,-25.0
2,11,1023,286,0,0,0,0,0.26912075002142255,5.817444839120944,0.5791183722513149,286,0,gt_missing_top_l,61,0,gt_missing_top_l,286,0,gt_missing_top_l,286,0,gt_missing_top_l,286,0,gt_missing_top_l,286,0,gt_missing_top_l,0_0_0_10_14_16,-25.0
2,12,597,677,0,0,0,0,0.5612363316175882,5.741690620621412,0.5545876891180392,677,0,gt_missing_top_l,240,0,gt_missing_top_l,994,0,gt_missing_top_l,240,0,gt_missing_top_l,240,0,gt_missing_top_l,240,0,gt_missing_top_l,0_0_0_10_14_16,-25.0
2,13,562,944,1,6,1,6,0.3629917509656736,6.05258031922159,0.4579565212877471,944,0,selectable_miss,279,0,selectable_miss,927,0,selectable_miss,279,0,selectable_miss,279,0,selectable_miss,279,0,selectable_miss,0_0_0_10_14_16,-25.0
2,14,478,478,1,1,1,1,2.0268305236862383,7.315136863907736,0.9842788059431434,478,1,hit,478,1,hit,478,1,hit,478,1,hit,478,1,hit,478,1,hit,0_0_0_10_14_16,-25.0
2,15,267,267,1,1,1,1,1.3442237030217186,7.117343383253507,0.9139802802963547,267,1,hit,267,1,hit,999,0,selectable_miss,267,1,hit,267,1,hit,267,1,hit,0_0_0_10_14_16,-25.0
2,16,917,568,1,22,1,22,0.22088760559974205,5.556453708385734,0.9432066860386485,568,0,selectable_miss,568,0,selectable_miss,728,0,selectable_miss,568,0,selectable_miss,568,0,selectable_miss,568,0,selectable_miss,0_0_0_10_14_16,-25.0
2,17,656,213,0,0,0,0,0.05266963423941298,5.529931514992105,0.7743997996699279,213,0,gt_missing_top_l,213,0,gt_missing_top_l,931,0,gt_missing_top_l,213,0,gt_missing_top_l,575,0,gt_missing_top_l,575,0,gt_missing_top_l,0_0_0_10_14_16,-25.0
2,18,889,889,1,1,1,1,2.7373325535743955,8.687292879424641,0.9416799223647245,889,1,hit,889,1,hit,889,1,hit,889,1,hit,889,1,hit,889,1,hit,0_0_0_10_14_16,-25.0
2,19,510,706,0,0,0,0,0.2956146354488024,5.519042369341656,0.6851532300126703,706,0,gt_missing_top_l,413,0,gt_missing_top_l,804,0,gt_missing_top_l,706,0,gt_missing_top_l,413,0,gt_missing_top_l,413,0,gt_missing_top_l,0_0_0_10_14_16,-25.0
2,20,860,416,0,0,0,0,0.1821304873343023,5.886287160063835,0.22687279284651973,416,0,gt_missing_top_l,323,0,gt_missing_top_l,975,0,gt_missing_top_l,813,0,gt_missing_top_l,940,0,gt_missing_top_l,940,0,gt_missing_top_l,0_0_0_10_14_16,-25.0
2,21,553,232,1,2,1,2,0.4898355336402426,5.488451642833332,0.6013672909536656,232,0,selectable_miss,553,1,hit,819,0,selectable_miss,553,1,hit,553,1,hit,553,1,hit,0_0_0_10_14_16,-25.0
2,22,629,11,1,4,1,4,0.5968578416602844,5.9813370710991265,0.43603334746817535,11,0,selectable_miss,629,1,hit,488,0,selectable_miss,629,1,hit,629,1,hit,629,1,hit,0_0_0_10_14_16,-25.0
2,23,759,759,1,1,1,1,0.7260275553202132,6.235571353290792,0.9929875541509633,759,1,hit,759,1,hit,759,1,hit,759,1,hit,759,1,hit,759,1,hit,0_0_0_10_14_16,-25.0
2,24,874,874,1,1,1,1,1.5677981370669545,7.115009647401434,0.9915604621868928,874,1,hit,874,1,hit,874,1,hit,874,1,hit,874,1,hit,874,1,hit,0_0_0_10_14_16,-25.0
2,25,720,721,1,18,1,18,0.4928666689710183,6.442196933193416,0.13198574842291205,721,0,selectable_miss,720,1,hit,721,0,selectable_miss,720,1,hit,720,1,hit,720,1,hit,0_0_0_10_14_16,-25.0
2,26,314,1021,0,0,0,0,1.6387776929480848,6.949412877689747,0.6732335625666094,1021,0,gt_missing_top_l,1021,0,gt_missing_top_l,1021,0,gt_missing_top_l,1021,0,gt_missing_top_l,1021,0,gt_missing_top_l,1021,0,gt_missing_top_l,0_0_0_10_14_16,-25.0
2,27,602,26,1,3,1,3,0.28868195313655676,5.486927021168238,0.5614810933881611,26,0,selectable_miss,602,1,hit,26,0,selectable_miss,602,1,hit,602,1,hit,602,1,hit,0_0_0_10_14_16,-25.0
2,28,7,981,0,0,0,0,0.6206259640410218,5.466869499368462,0.34412832093235557,981,0,gt_missing_top_l,139,0,gt_missing_top_l,981,0,gt_missing_top_l,572,0,gt_missing_top_l,139,0,gt_missing_top_l,139,0,gt_missing_top_l,0_0_0_10_14_16,-25.0
2,29,610,610,1,1,1,1,0.07328173376531545,5.276616282480998,0.8560101280076919,610,1,hit,610,1,hit,610,1,hit,209,0,selectable_miss,610,1,hit,610,1,hit,0_0_0_10_14_16,-25.0
2,30,775,827,0,0,0,0,1.0682179276016244,5.986258635479618,0.8656834232904707,827,0,gt_missing_top_l,827,0,gt_missing_top_l,827,0,gt_missing_top_l,954,0,gt_missing_top_l,827,0,gt_missing_top_l,827,0,gt_missing_top_l,0_0_0_10_14_16,-25.0
2,31,912,912,1,1,1,1,0.2975799102677351,5.61303374984158,0.9730777772206868,912,1,hit,912,1,hit,912,1,hit,912,1,hit,912,1,hit,912,1,hit,0_0_0_10_14_16,-25.0
2,32,768,768,1,1,1,1,1.231135288748055,7.028235299985869,0.8373382291976091,768,1,hit,768,1,hit,768,1,hit,768,1,hit,768,1,hit,768,1,hit,0_0_0_10_14_16,-25.0
2,33,581,890,1,8,1,8,0.18014254050447387,5.570446423581849,0.9008286429010602,890,0,selectable_miss,890,0,selectable_miss,890,0,selectable_miss,581,1,hit,159,0,selectable_miss,159,0,selectable_miss,0_0_0_10_14_16,-25.0
2,34,93,93,1,1,1,1,1.1235125268411907,6.348746591746347,0.914481548953187,93,1,hit,93,1,hit,93,1,hit,93,1,hit,93,1,hit,93,1,hit,0_0_0_10_14_16,-25.0
3,0,222,447,0,0,0,0,0.3530912182751638,6.045775202261151,0.7797423371114377,447,0,gt_missing_top_l,497,0,gt_missing_top_l,447,0,gt_missing_top_l,497,0,gt_missing_top_l,497,0,gt_missing_top_l,497,0,gt_missing_top_l,0_0_0_10_14_16,-25.0
3,1,711,83,0,0,0,0,0.477512384165693,5.863240734922664,0.8115408227445654,83,0,gt_missing_top_l,83,0,gt_missing_top_l,83,0,gt_missing_top_l,83,0,gt_missing_top_l,83,0,gt_missing_top_l,83,0,gt_missing_top_l,0_0_0_10_14_16,-25.0
3,2,871,626,0,0,0,0,0.4425305302048248,6.1515177432400225,0.27656323150696543,626,0,gt_missing_top_l,858,0,gt_missing_top_l,626,0,gt_missing_top_l,858,0,gt_missing_top_l,858,0,gt_missing_top_l,858,0,gt_missing_top_l,0_0_0_10_14_16,-25.0
3,3,718,116,0,0,0,0,0.5949169793760534,5.718316509998954,0.20733109635151228,116,0,gt_missing_top_l,941,0,gt_missing_top_l,116,0,gt_missing_top_l,35,0,gt_missing_top_l,35,0,gt_missing_top_l,35,0,gt_missing_top_l,0_0_0_10_14_16,-25.0
3,4,107,697,0,0,0,0,0.35274849348078424,5.384573820766121,0.5702772389236873,697,0,gt_missing_top_l,483,0,gt_missing_top_l,697,0,gt_missing_top_l,483,0,gt_missing_top_l,483,0,gt_missing_top_l,483,0,gt_missing_top_l,0_0_0_10_14_16,-25.0
3,5,468,468,1,1,1,1,0.3812530138923586,6.006382847905668,0.954756174797714,468,1,hit,468,1,hit,468,1,hit,468,1,hit,468,1,hit,468,1,hit,0_0_0_10_14_16,-25.0
3,6,89,862,1,2,1,2,0.16934383105204345,4.746485807274831,0.745346272265923,862,0,selectable_miss,89,1,hit,862,0,selectable_miss,89,1,hit,545,0,selectable_miss,545,0,selectable_miss,0_0_0_10_14_16,-25.0
3,7,713,1022,1,6,1,6,0.5655005062143241,5.175637880339325,0.4673176576235582,1022,0,selectable_miss,713,1,hit,1022,0,selectable_miss,713,1,hit,713,1,hit,713,1,hit,0_0_0_10_14_16,-25.0
3,8,865,877,1,11,1,11,0.25781544764861575,5.696049469853567,0.45858187055796706,877,0,selectable_miss,160,0,selectable_miss,877,0,selectable_miss,865,1,hit,160,0,selectable_miss,160,0,selectable_miss,0_0_0_10_14_16,-25.0
3,9,492,1001,0,0,0,0,0.3509595787209386,5.036288219742318,0.6418052829238481,1001,0,gt_missing_top_l,868,0,gt_missing_top_l,1001,0,gt_missing_top_l,868,0,gt_missing_top_l,868,0,gt_missing_top_l,868,0,gt_missing_top_l,0_0_0_10_14_16,-25.0
3,10,765,769,1,4,1,4,1.0149107556938162,6.493776654913612,0.6000815231728994,769,0,selectable_miss,765,1,hit,769,0,selectable_miss,765,1,hit,928,0,selectable_miss,928,0,selectable_miss,0_0_0_10_14_16,-25.0
3,11,1023,638,0,0,0,0,0.7659180125707425,6.386809451983311,0.8129607538787277,638,0,gt_missing_top_l,638,0,gt_missing_top_l,638,0,gt_missing_top_l,125,0,gt_missing_top_l,638,0,gt_missing_top_l,638,0,gt_missing_top_l,0_0_0_10_14_16,-25.0
3,12,597,373,1,3,1,3,0.20493902283573495,5.323566541997348,0.03445724071272033,373,0,selectable_miss,597,1,hit,373,0,selectable_miss,597,1,hit,597,1,hit,597,1,hit,0_0_0_10_14_16,-25.0
3,13,562,359,0,0,0,0,0.07971993577656239,6.396033388200998,0.5621862437229216,359,0,gt_missing_top_l,38,0,gt_missing_top_l,359,0,gt_missing_top_l,38,0,gt_missing_top_l,456,0,gt_missing_top_l,456,0,gt_missing_top_l,0_0_0_10_14_16,-25.0
3,14,478,848,1,24,1,24,0.38055984222891054,5.2042796407147005,0.5970680659215107,848,0,selectable_miss,332,0,selectable_miss,848,0,selectable_miss,100,0,selectable_miss,100,0,selectable_miss,100,0,selectable_miss,0_0_0_10_14_16,-25.0
3,15,267,144,1,3,1,3,0.4423468829237689,6.102319615408894,0.7239421884203682,144,0,selectable_miss,144,0,selectable_miss,144,0,selectable_miss,144,0,selectable_miss,467,0,selectable_miss,467,0,selectable_miss,0_0_0_10_14_16,-25.0
3,16,917,816,1,18,1,18,0.05181165672420995,5.093247751790231,0.8914348132671356,816,0,selectable_miss,816,0,selectable_miss,816,0,selectable_miss,816,0,selectable_miss,816,0,selectable_miss,816,0,selectable_miss,0_0_0_10_14_16,-25.0
3,17,656,334,1,21,1,21,0.1001355148334969,4.979717033300241,0.4589674920182647,334,0,selectable_miss,32,0,selectable_miss,334,0,selectable_miss,32,0,selectable_miss,741,0,selectable_miss,741,0,selectable_miss,0_0_0_10_14_16,-25.0
3,18,889,889,1,1,1,1,0.6328139623984629,5.958381521862989,0.8373211453981956,889,1,hit,889,1,hit,889,1,hit,889,1,hit,647,0,selectable_miss,647,0,selectable_miss,0_0_0_10_14_16,-25.0
3,19,510,510,1,1,1,1,1.9185728257099361,8.049942281693815,0.9670207775995304,510,1,hit,510,1,hit,510,1,hit,510,1,hit,510,1,hit,510,1,hit,0_0_0_10_14_16,-25.0
3,20,860,319,1,5,1,5,0.19792918598552364,5.04039088285066,0.732855482588187,319,0,selectable_miss,658,0,selectable_miss,319,0,selectable_miss,860,1,hit,860,1,hit,860,1,hit,0_0_0_10_14_16,-25.0
3,21,553,847,1,24,1,24,0.0754239128147136,5.362284226704526,0.2345239287316046,847,0,selectable_miss,131,0,selectable_miss,847,0,selectable_miss,131,0,selectable_miss,131,0,selectable_miss,131,0,selectable_miss,0_0_0_10_14_16,-25.0
3,22,629,430,0,0,0,0,0.7000737602018582,5.725385298478191,0.32919460721697535,430,0,gt_missing_top_l,515,0,gt_missing_top_l,430,0,gt_missing_top_l,515,0,gt_missing_top_l,515,0,gt_missing_top_l,515,0,gt_missing_top_l,0_0_0_10_14_16,-25.0
3,23,759,759,1,1,1,1,0.7874295860292059,7.065223567148983,0.9806258150117882,759,1,hit,759,1,hit,759,1,hit,759,1,hit,759,1,hit,759,1,hit,0_0_0_10_14_16,-25.0
3,24,874,370,1,15,1,15,0.04739436013060507,5.105503582015909,0.26875077315298096,370,0,selectable_miss,18,0,selectable_miss,370,0,selectable_miss,18,0,selectable_miss,18,0,selectable_miss,18,0,selectable_miss,0_0_0_10_14_16,-25.0
3,25,720,524,1,2,1,2,0.2889457867461257,6.244892891061281,0.6202669657129333,524,0,selectable_miss,720,1,hit,524,0,selectable_miss,720,1,hit,720,1,hit,720,1,hit,0_0_0_10_14_16,-25.0
3,26,314,208,1,11,1,11,0.2232529738017126,5.452000929519741,0.5154856490784246,208,0,selectable_miss,123,0,selectable_miss,208,0,selectable_miss,314,1,hit,314,1,hit,314,1,hit,0_0_0_10_14_16,-25.0
3,27,602,602,1,1,1,1,1.3781380156896859,7.09828137722344,0.8512764723902913,602,1,hit,602,1,hit,602,1,hit,602,1,hit,602,1,hit,602,1,hit,0_0_0_10_14_16,-25.0
3,28,7,767,1,7,1,7,0.16979289781706242,5.613950521570191,0.609105348937313,767,0,selectable_miss,643,0,selectable_miss,767,0,selectable_miss,643,0,selectable_miss,7,1,hit,7,1,hit,0_0_0_10_14_16,-25.0
3,29,610,610,1,1,1,1,0.7967284933665133,5.8782279490678295,0.8439124964440375,610,1,hit,610,1,hit,610,1,hit,610,1,hit,498,0,selectable_miss,498,0,selectable_miss,0_0_0_10_14_16,-25.0
3,30,778,720,0,0,0,0,0.23190573395672592,5.796583001345069,0.6189965640785792,720,0,gt_missing_top_l,320,0,gt_missing_top_l,720,0,gt_missing_top_l,381,0,gt_missing_top_l,720,0,gt_missing_top_l,720,0,gt_missing_top_l,0_0_0_10_14_16,-25.0
3,31,897,60,0,0,0,0,0.08736465951057962,5.006825008115088,0.46654931747542405,60,0,gt_missing_top_l,413,0,gt_missing_top_l,60,0,gt_missing_top_l,163,0,gt_missing_top_l,413,0,gt_missing_top_l,413,0,gt_missing_top_l,0_0_0_10_14_16,-25.0
3,32,740,740,1,1,1,1,1.22989023975769,7.207746239908027,0.8398625528416921,740,1,hit,740,1,hit,740,1,hit,740,1,hit,740,1,hit,740,1,hit,0_0_0_10_14_16,-25.0
3,33,590,789,1,3,1,3,0.8368987842123419,6.273329877293502,0.3186175656056506,789,0,selectable_miss,403,0,selectable_miss,789,0,selectable_miss,590,1,hit,403,0,selectable_miss,403,0,selectable_miss,0_0_0_10_14_16,-25.0
3,34,930,930,1,1,1,1,0.3130866246213143,7.349120164898078,0.9389675629195835,930,1,hit,930,1,hit,930,1,hit,930,1,hit,930,1,hit,930,1,hit,0_0_0_10_14_16,-25.0
5,0,222,909,0,0,0,0,0.3228406276963875,6.146746849000394,0.577401597679693,909,0,gt_missing_top_l,498,0,gt_missing_top_l,909,0,gt_missing_top_l,498,0,gt_missing_top_l,498,0,gt_missing_top_l,498,0,gt_missing_top_l,0_0_0_10_14_16,-25.0
5,1,826,184,1,7,1,7,0.04762870964371898,5.569853140501176,0.19446135506338996,184,0,selectable_miss,826,1,hit,184,0,selectable_miss,826,1,hit,826,1,hit,826,1,hit,0_0_0_10_14_16,-25.0
5,2,871,111,1,3,1,3,0.17271093345353064,5.913887286306166,0.7892667646033101,111,0,selectable_miss,871,1,hit,111,0,selectable_miss,871,1,hit,871,1,hit,871,1,hit,0_0_0_10_14_16,-25.0
5,3,718,85,1,2,1,2,0.02213010525299767,5.886079034544399,0.5249282833309978,85,0,selectable_miss,379,0,selectable_miss,85,0,selectable_miss,379,0,selectable_miss,718,1,hit,718,1,hit,0_0_0_10_14_16,-25.0
5,4,86,233,1,6,1,6,1.0517366599416278,5.829032139776692,0.47570768023569965,233,0,selectable_miss,86,1,hit,233,0,selectable_miss,439,0,selectable_miss,86,1,hit,86,1,hit,0_0_0_10_14_16,-25.0
5,5,468,186,0,0,0,0,0.21876897249470845,5.46058386001059,0.544494203119454,186,0,gt_missing_top_l,890,0,gt_missing_top_l,186,0,gt_missing_top_l,890,0,gt_missing_top_l,105,0,gt_missing_top_l,105,0,gt_missing_top_l,0_0_0_10_14_16,-25.0
5,6,89,808,0,0,0,0,0.026319676030574855,5.0129293909247155,0.4359946799974842,808,0,gt_missing_top_l,347,0,gt_missing_top_l,808,0,gt_missing_top_l,215,0,gt_missing_top_l,347,0,gt_missing_top_l,347,0,gt_missing_top_l,0_0_0_10_14_16,-25.0
5,7,713,979,1,10,1,10,0.0932314079185509,5.307612331300838,0.6647080324642977,979,0,selectable_miss,713,1,hit,979,0,selectable_miss,713,1,hit,825,0,selectable_miss,825,0,selectable_miss,0_0_0_10_14_16,-25.0
5,8,865,865,1,1,1,1,1.0825196616408528,7.051493472289874,0.9840796907852741,865,1,hit,865,1,hit,865,1,hit,865,1,hit,865,1,hit,865,1,hit,0_0_0_10_14_16,-25.0
5,9,492,492,1,1,1,1,0.9890460827419416,5.764724657286898,0.9416923387171358,492,1,hit,492,1,hit,492,1,hit,492,1,hit,492,1,hit,492,1,hit,0_0_0_10_14_16,-25.0
5,10,765,642,1,15,1,15,0.33152283865831017,6.023528425537147,0.41339079591349276,642,0,selectable_miss,238,0,selectable_miss,642,0,selectable_miss,765,1,hit,238,0,selectable_miss,238,0,selectable_miss,0_0_0_10_14_16,-25.0
5,11,1023,1023,1,1,1,1,2.057153542481948,7.211818277889388,0.9228646745629566,1023,1,hit,1023,1,hit,1023,1,hit,1023,1,hit,1023,1,hit,1023,1,hit,0_0_0_10_14_16,-25.0
5,12,597,456,1,7,1,7,0.2798729848214103,5.94569467153804,0.21746511004910074,456,0,selectable_miss,825,0,selectable_miss,456,0,selectable_miss,825,0,selectable_miss,825,0,selectable_miss,825,0,selectable_miss,0_0_0_10_14_16,-25.0
5,13,562,562,1,1,1,1,0.06673179721046184,5.8083960802409065,0.895995190780992,562,1,hit,562,1,hit,562,1,hit,562,1,hit,562,1,hit,562,1,hit,0_0_0_10_14_16,-25.0
5,14,478,478,1,1,1,1,0.8958063912006358,7.359343205195142,0.9713311364261377,478,1,hit,478,1,hit,478,1,hit,478,1,hit,478,1,hit,478,1,hit,0_0_0_10_14_16,-25.0
5,15,267,267,1,1,1,1,0.31954199387923204,5.470103601755714,0.841383303863085,267,1,hit,267,1,hit,267,1,hit,267,1,hit,267,1,hit,267,1,hit,0_0_0_10_14_16,-25.0
5,16,917,435,0,0,0,0,0.18075339266469134,4.834914391065296,0.7124323905103621,435,0,gt_missing_top_l,244,0,gt_missing_top_l,435,0,gt_missing_top_l,953,0,gt_missing_top_l,244,0,gt_missing_top_l,244,0,gt_missing_top_l,0_0_0_10_14_16,-25.0
5,17,656,1,0,0,0,0,0.8548766088690536,5.80520146659903,0.36678753380210266,1,0,gt_missing_top_l,119,0,gt_missing_top_l,1,0,gt_missing_top_l,446,0,gt_missing_top_l,119,0,gt_missing_top_l,119,0,gt_missing_top_l,0_0_0_10_14_16,-25.0
5,18,889,832,0,0,0,0,0.15935427741963248,5.419849135547622,0.08786310555479346,832,0,gt_missing_top_l,683,0,gt_missing_top_l,832,0,gt_missing_top_l,683,0,gt_missing_top_l,683,0,gt_missing_top_l,683,0,gt_missing_top_l,0_0_0_10_14_16,-25.0
5,19,510,510,1,1,1,1,1.416252175282069,6.834443681266697,0.9283060538962943,510,1,hit,510,1,hit,510,1,hit,510,1,hit,510,1,hit,510,1,hit,0_0_0_10_14_16,-25.0
5,20,860,314,0,0,0,0,0.14572515397218322,5.250523426958056,0.8981424209060879,314,0,gt_missing_top_l,314,0,gt_missing_top_l,314,0,gt_missing_top_l,314,0,gt_missing_top_l,314,0,gt_missing_top_l,314,0,gt_missing_top_l,0_0_0_10_14_16,-25.0
5,21,553,553,1,1,1,1,0.5426867839144074,6.30843170142101,0.9793149730165154,553,1,hit,553,1,hit,553,1,hit,553,1,hit,553,1,hit,553,1,hit,0_0_0_10_14_16,-25.0
5,22,629,629,1,1,1,1,1.4664985662352146,7.112047964774781,0.809276702229342,629,1,hit,629,1,hit,629,1,hit,629,1,hit,633,0,selectable_miss,633,0,selectable_miss,0_0_0_10_14_16,-25.0
5,23,759,743,0,0,0,0,0.7208805978564753,6.378821826466544,0.4353931327711796,743,0,gt_missing_top_l,753,0,gt_missing_top_l,743,0,gt_missing_top_l,753,0,gt_missing_top_l,753,0,gt_missing_top_l,753,0,gt_missing_top_l,0_0_0_10_14_16,-25.0
5,24,874,874,1,1,1,1,0.9356953568274338,6.446965253358049,0.989715624305484,874,1,hit,874,1,hit,874,1,hit,874,1,hit,874,1,hit,874,1,hit,0_0_0_10_14_16,-25.0
5,25,720,720,1,1,1,1,0.7849153913221889,5.930472602237816,0.9435317256985425,720,1,hit,720,1,hit,720,1,hit,720,1,hit,720,1,hit,720,1,hit,0_0_0_10_14_16,-25.0
5,26,314,27,1,11,1,11,0.08284995700529936,5.728504627710231,0.09463121797188465,27,0,selectable_miss,314,1,hit,27,0,selectable_miss,667,0,selectable_miss,667,0,selectable_miss,667,0,selectable_miss,0_0_0_10_14_16,-25.0
5,27,602,430,0,0,0,0,0.7468959152335474,5.800080891289419,0.8106210042129879,430,0,gt_missing_top_l,430,0,gt_missing_top_l,430,0,gt_missing_top_l,430,0,gt_missing_top_l,430,0,gt_missing_top_l,430,0,gt_missing_top_l,0_0_0_10_14_16,-25.0
5,28,7,28,1,12,1,12,0.007036926518700588,5.551768580297795,0.7773116698758855,28,0,selectable_miss,7,1,hit,28,0,selectable_miss,7,1,hit,7,1,hit,7,1,hit,0_0_0_10_14_16,-25.0
5,29,610,390,0,0,0,0,0.817957917134486,5.7121764558605985,0.6337049001540365,390,0,gt_missing_top_l,949,0,gt_missing_top_l,390,0,gt_missing_top_l,78,0,gt_missing_top_l,949,0,gt_missing_top_l,949,0,gt_missing_top_l,0_0_0_10_14_16,-25.0
5,30,823,129,1,2,1,2,0.14166214255154455,5.840904784109035,0.23547494924556667,129,0,selectable_miss,823,1,hit,129,0,selectable_miss,823,1,hit,823,1,hit,823,1,hit,0_0_0_10_14_16,-25.0
5,31,913,634,1,2,1,2,0.9044058062922266,6.253693148579583,0.2523081445678915,634,0,selectable_miss,548,0,selectable_miss,634,0,selectable_miss,913,1,hit,548,0,selectable_miss,548,0,selectable_miss,0_0_0_10_14_16,-25.0
5,32,741,162,1,3,1,3,0.630087708391097,6.513715594782146,0.2973132171870473,162,0,selectable_miss,741,1,hit,162,0,selectable_miss,741,1,hit,741,1,hit,741,1,hit,0_0_0_10_14_16,-25.0
5,33,581,731,0,0,0,0,0.3492561773362972,5.083316243204354,0.7357846172598036,731,0,gt_missing_top_l,550,0,gt_missing_top_l,731,0,gt_missing_top_l,731,0,gt_missing_top_l,731,0,gt_missing_top_l,731,0,gt_missing_top_l,0_0_0_10_14_16,-25.0
5,34,91,156,1,6,1,6,0.048340392244192704,5.166540243389399,0.9650991043566159,156,0,selectable_miss,156,0,selectable_miss,156,0,selectable_miss,156,0,selectable_miss,156,0,selectable_miss,156,0,selectable_miss,0_0_0_10_14_16,-25.0
6,0,803,622,1,2,1,2,0.16328882135116124,5.771870747809301,0.31800147628595754,622,0,selectable_miss,803,1,hit,622,0,selectable_miss,803,1,hit,803,1,hit,803,1,hit,0_0_0_10_14_16,-25.0
6,1,826,826,1,1,1,1,0.9168243777071511,6.489939563551852,0.5022236943771197,826,1,hit,714,0,selectable_miss,826,1,hit,356,0,selectable_miss,356,0,selectable_miss,356,0,selectable_miss,0_0_0_10_14_16,-25.0
6,2,871,871,1,1,1,1,0.031690442429689575,6.178203847458609,0.8641203834972048,871,1,hit,871,1,hit,871,1,hit,871,1,hit,871,1,hit,871,1,hit,0_0_0_10_14_16,-25.0
6,3,718,718,1,1,1,1,1.5610807449291797,6.548215320943356,0.7676456910638243,718,1,hit,718,1,hit,718,1,hit,718,1,hit,718,1,hit,718,1,hit,0_0_0_10_14_16,-25.0
6,4,107,659,1,2,1,2,0.15791584387784602,5.962270137698493,0.49322416550659326,659,0,selectable_miss,107,1,hit,659,0,selectable_miss,107,1,hit,107,1,hit,107,1,hit,0_0_0_10_14_16,-25.0
6,5,468,230,1,3,1,3,0.01369467071420827,5.125517057877882,0.20876531892848094,230,0,selectable_miss,468,1,hit,230,0,selectable_miss,468,1,hit,468,1,hit,468,1,hit,0_0_0_10_14_16,-25.0
6,6,89,803,0,0,0,0,0.1702607933713794,5.728662191271333,0.8367930500678565,803,0,gt_missing_top_l,803,0,gt_missing_top_l,803,0,gt_missing_top_l,803,0,gt_missing_top_l,803,0,gt_missing_top_l,803,0,gt_missing_top_l,0_0_0_10_14_16,-25.0
6,7,713,630,1,9,1,9,0.43959690149999675,5.699528887509721,0.4481840706292665,630,0,selectable_miss,398,0,selectable_miss,630,0,selectable_miss,713,1,hit,713,1,hit,713,1,hit,0_0_0_10_14_16,-25.0
6,8,865,258,0,0,0,0,0.2912159740992832,5.484159871333796,0.4361210865356468,258,0,gt_missing_top_l,832,0,gt_missing_top_l,258,0,gt_missing_top_l,914,0,gt_missing_top_l,832,0,gt_missing_top_l,832,0,gt_missing_top_l,0_0_0_10_14_16,-25.0
6,9,492,492,1,1,1,1,0.21154726590190748,5.355951817460025,0.7841450388464256,492,1,hit,507,0,selectable_miss,492,1,hit,492,1,hit,507,0,selectable_miss,507,0,selectable_miss,0_0_0_10_14_16,-25.0
6,10,765,356,1,18,1,18,0.2580027532145911,5.366861174032962,0.2756156416410409,356,0,selectable_miss,773,0,selectable_miss,356,0,selectable_miss,765,1,hit,963,0,selectable_miss,963,0,selectable_miss,0_0_0_10_14_16,-25.0
6,11,1023,179,1,2,1,2,0.20663092240230596,5.205060633498954,0.41857783921942004,179,0,selectable_miss,1023,1,hit,179,0,selectable_miss,1023,1,hit,1023,1,hit,1023,1,hit,0_0_0_10_14_16,-25.0
6,12,597,296,0,0,0,0,0.3622337565679741,5.291353546875321,0.4029820114840239,296,0,gt_missing_top_l,784,0,gt_missing_top_l,296,0,gt_missing_top_l,784,0,gt_missing_top_l,784,0,gt_missing_top_l,784,0,gt_missing_top_l,0_0_0_10_14_16,-25.0
6,13,562,421,1,5,1,5,0.027353551662242605,5.176195204426225,0.6164003702568098,421,0,selectable_miss,279,0,selectable_miss,421,0,selectable_miss,279,0,selectable_miss,279,0,selectable_miss,279,0,selectable_miss,0_0_0_10_14_16,-25.0
6,14,478,187,1,7,1,7,0.2042088689972913,5.675127394349563,0.8857128583758229,187,0,selectable_miss,478,1,hit,187,0,selectable_miss,187,0,selectable_miss,187,0,selectable_miss,187,0,selectable_miss,0_0_0_10_14_16,-25.0
6,15,267,832,0,0,0,0,0.6340229898278061,6.007439096632136,0.4022418054978537,832,0,gt_missing_top_l,670,0,gt_missing_top_l,832,0,gt_missing_top_l,157,0,gt_missing_top_l,866,0,gt_missing_top_l,866,0,gt_missing_top_l,0_0_0_10_14_16,-25.0
6,16,917,917,1,1,1,1,0.19962038013493402,5.76485812763357,0.9242045051497503,917,1,hit,917,1,hit,917,1,hit,917,1,hit,917,1,hit,917,1,hit,0_0_0_10_14_16,-25.0
6,17,656,51,1,2,1,2,0.03141173691861463,5.1593979605526705,0.1770803164440212,51,0,selectable_miss,656,1,hit,51,0,selectable_miss,656,1,hit,656,1,hit,656,1,hit,0_0_0_10_14_16,-25.0
6,18,889,631,1,3,1,3,1.2419147354885367,6.461059088591292,0.6316313529997298,631,0,selectable_miss,889,1,hit,631,0,selectable_miss,889,1,hit,889,1,hit,889,1,hit,0_0_0_10_14_16,-25.0
6,19,510,510,1,1,1,1,1.8581751148109222,6.896135806591755,0.86471143252737,510,1,hit,510,1,hit,510,1,hit,510,1,hit,510,1,hit,510,1,hit,0_0_0_10_14_16,-25.0
6,20,860,496,1,5,1,5,0.09957739314440771,5.723712981364052,0.8447083417005355,496,0,selectable_miss,496,0,selectable_miss,496,0,selectable_miss,860,1,hit,860,1,hit,860,1,hit,0_0_0_10_14_16,-25.0
6,21,553,675,1,2,1,2,0.6625510933462253,6.523851906127531,0.8055561965171542,675,0,selectable_miss,553,1,hit,675,0,selectable_miss,553,1,hit,553,1,hit,553,1,hit,0_0_0_10_14_16,-25.0
6,22,629,12,1,6,1,6,0.2573400160384234,5.48518745369361,0.4916909668814461,12,0,selectable_miss,629,1,hit,12,0,selectable_miss,629,1,hit,629,1,hit,629,1,hit,0_0_0_10_14_16,-25.0
6,23,759,245,0,0,0,0,0.6599300402063362,5.504875386512287,0.7048615959651232,245,0,gt_missing_top_l,834,0,gt_missing_top_l,245,0,gt_missing_top_l,834,0,gt_missing_top_l,834,0,gt_missing_top_l,834,0,gt_missing_top_l,0_0_0_10_14_16,-25.0
6,24,874,347,0,0,0,0,0.004325618471313276,5.758013756110412,0.9167972865290137,347,0,gt_missing_top_l,347,0,gt_missing_top_l,347,0,gt_missing_top_l,464,0,gt_missing_top_l,347,0,gt_missing_top_l,347,0,gt_missing_top_l,0_0_0_10_14_16,-25.0
6,25,720,721,1,13,1,13,0.17942143342250305,6.230489580725416,0.6292525394061989,721,0,selectable_miss,729,0,selectable_miss,721,0,selectable_miss,729,0,selectable_miss,729,0,selectable_miss,729,0,selectable_miss,0_0_0_10_14_16,-25.0
6,26,314,168,1,12,1,12,0.18927884496241357,5.914430743069495,0.2731297320300784,168,0,selectable_miss,414,0,selectable_miss,168,0,selectable_miss,827,0,selectable_miss,627,0,selectable_miss,627,0,selectable_miss,0_0_0_10_14_16,-25.0
6,27,602,575,0,0,0,0,0.37049467407064607,5.668163139191949,0.7953748692878245,575,0,gt_missing_top_l,575,0,gt_missing_top_l,575,0,gt_missing_top_l,700,0,gt_missing_top_l,700,0,gt_missing_top_l,700,0,gt_missing_top_l,0_0_0_10_14_16,-25.0
6,28,7,628,1,9,1,9,0.08140663650457335,5.819172719908364,0.5972288728143867,628,0,selectable_miss,7,1,hit,628,0,selectable_miss,865,0,selectable_miss,7,1,hit,7,1,hit,0_0_0_10_14_16,-25.0
6,29,610,907,0,0,0,0,0.4079936866050909,5.807570788555077,0.2432965847990003,907,0,gt_missing_top_l,534,0,gt_missing_top_l,907,0,gt_missing_top_l,534,0,gt_missing_top_l,534,0,gt_missing_top_l,534,0,gt_missing_top_l,0_0_0_10_14_16,-25.0
6,30,791,272,1,5,1,5,0.22083694448228633,5.413729353082792,0.2173537338142466,272,0,selectable_miss,791,1,hit,272,0,selectable_miss,791,1,hit,139,0,selectable_miss,139,0,selectable_miss,0_0_0_10_14_16,-25.0
6,31,928,515,0,0,0,0,0.256492446799188,5.295567081013367,0.8004131013801153,515,0,gt_missing_top_l,1009,0,gt_missing_top_l,515,0,gt_missing_top_l,515,0,gt_missing_top_l,1009,0,gt_missing_top_l,1009,0,gt_missing_top_l,0_0_0_10_14_16,-25.0
6,32,760,324,0,0,0,0,0.6561085181251131,5.887502948242024,0.3180486171829326,324,0,gt_missing_top_l,753,0,gt_missing_top_l,324,0,gt_missing_top_l,753,0,gt_missing_top_l,753,0,gt_missing_top_l,753,0,gt_missing_top_l,0_0_0_10_14_16,-25.0
6,33,584,584,1,1,1,1,1.1420524267272232,6.630134681818335,0.9555605268224864,584,1,hit,584,1,hit,584,1,hit,584,1,hit,584,1,hit,584,1,hit,0_0_0_10_14_16,-25.0
6,34,932,372,0,0,0,0,0.8295815661831506,6.456645197953561,0.391102071341478,372,0,gt_missing_top_l,777,0,gt_missing_top_l,372,0,gt_missing_top_l,777,0,gt_missing_top_l,777,0,gt_missing_top_l,777,0,gt_missing_top_l,0_0_0_10_14_16,-25.0
8,0,803,364,0,0,0,0,0.08250238932110363,5.4696978174363835,0.3367577889392248,364,0,gt_missing_top_l,278,0,gt_missing_top_l,364,0,gt_missing_top_l,108,0,gt_missing_top_l,108,0,gt_missing_top_l,108,0,gt_missing_top_l,0_0_0_10_14_16,-25.0
8,1,711,769,1,2,1,2,0.1487941238159456,5.372184957378313,0.52717290610973,769,0,selectable_miss,49,0,selectable_miss,769,0,selectable_miss,49,0,selectable_miss,711,1,hit,711,1,hit,0_0_0_10_14_16,-25.0
8,2,922,922,1,1,1,1,0.9445695377668588,6.496561470642009,0.9329976681161888,922,1,hit,922,1,hit,922,1,hit,922,1,hit,922,1,hit,922,1,hit,0_0_0_10_14_16,-25.0
8,3,691,691,1,1,1,1,1.9734599308844072,7.2537200047019645,0.9560238629167647,691,1,hit,691,1,hit,691,1,hit,691,1,hit,691,1,hit,691,1,hit,0_0_0_10_14_16,-25.0
8,4,86,467,1,7,1,7,1.530497067915484,6.737873922828141,0.3703947438359386,467,0,selectable_miss,467,0,selectable_miss,467,0,selectable_miss,86,1,hit,86,1,hit,86,1,hit,0_0_0_10_14_16,-25.0
8,5,468,369,1,3,1,3,0.19703879686314846,5.201859348325934,0.33658826557760474,369,0,selectable_miss,468,1,hit,369,0,selectable_miss,468,1,hit,468,1,hit,468,1,hit,0_0_0_10_14_16,-25.0
8,6,89,89,1,1,1,1,0.03411528827723901,5.373714950079467,0.9920849041862425,89,1,hit,89,1,hit,89,1,hit,89,1,hit,89,1,hit,89,1,hit,0_0_0_10_14_16,-25.0
8,7,713,594,1,11,1,11,0.039415855529507375,5.527686329183638,0.4573706709651605,594,0,selectable_miss,713,1,hit,594,0,selectable_miss,713,1,hit,286,0,selectable_miss,286,0,selectable_miss,0_0_0_10_14_16,-25.0
8,8,865,865,1,1,1,1,0.68488945502998,6.608039025688082,0.9863450347045307,865,1,hit,865,1,hit,865,1,hit,865,1,hit,865,1,hit,865,1,hit,0_0_0_10_14_16,-25.0
8,9,492,492,1,1,1,1,0.6870392565363856,5.799256749500714,0.8438872224001643,492,1,hit,492,1,hit,492,1,hit,492,1,hit,492,1,hit,492,1,hit,0_0_0_10_14_16,-25.0
8,10,765,765,1,1,1,1,0.32147504429561796,5.619246258383716,0.9659948809107765,765,1,hit,765,1,hit,765,1,hit,765,1,hit,765,1,hit,765,1,hit,0_0_0_10_14_16,-25.0
8,11,1023,1023,1,1,1,1,0.8423538009347159,6.112268404961706,0.844144231818482,1023,1,hit,1023,1,hit,1023,1,hit,1023,1,hit,1023,1,hit,1023,1,hit,0_0_0_10_14_16,-25.0
8,12,597,752,0,0,0,0,0.02847776670399034,5.332315218255418,0.03876223967273729,752,0,gt_missing_top_l,490,0,gt_missing_top_l,752,0,gt_missing_top_l,680,0,gt_missing_top_l,680,0,gt_missing_top_l,680,0,gt_missing_top_l,0_0_0_10_14_16,-25.0
8,13,562,562,1,1,1,1,1.3521462155686306,6.948708305509408,0.936885122998626,562,1,hit,562,1,hit,562,1,hit,562,1,hit,562,1,hit,562,1,hit,0_0_0_10_14_16,-25.0
8,14,478,478,1,1,1,1,0.05161736556974925,6.048198120526774,0.9755866684089852,478,1,hit,478,1,hit,478,1,hit,478,1,hit,478,1,hit,478,1,hit,0_0_0_10_14_16,-25.0
8,15,267,267,1,1,1,1,0.061694335270282966,6.405455986245955,0.8864459433272239,267,1,hit,267,1,hit,267,1,hit,267,1,hit,267,1,hit,267,1,hit,0_0_0_10_14_16,-25.0
8,16,917,917,1,1,1,1,0.5352919397706716,5.880978166943949,0.9351231216247511,917,1,hit,917,1,hit,917,1,hit,917,1,hit,917,1,hit,917,1,hit,0_0_0_10_14_16,-25.0
8,17,656,941,1,3,1,3,0.1406360579931259,5.269249105218087,0.5375997839776362,941,0,selectable_miss,656,1,hit,941,0,selectable_miss,656,1,hit,656,1,hit,656,1,hit,0_0_0_10_14_16,-25.0
8,18,889,889,1,1,1,1,0.46248208797770574,6.102715103948326,0.9069464021234358,889,1,hit,889,1,hit,889,1,hit,889,1,hit,889,1,hit,889,1,hit,0_0_0_10_14_16,-25.0
8,19,510,202,1,22,1,22,0.5002855516488185,5.637905828402671,0.7524550254238261,202,0,selectable_miss,225,0,selectable_miss,202,0,selectable_miss,530,0,selectable_miss,530,0,selectable_miss,530,0,selectable_miss,0_0_0_10_14_16,-25.0
8,20,860,464,0,0,0,0,0.3010788221816056,5.101125984571031,0.47218119533788094,464,0,gt_missing_top_l,417,0,gt_missing_top_l,464,0,gt_missing_top_l,417,0,gt_missing_top_l,587,0,gt_missing_top_l,587,0,gt_missing_top_l,0_0_0_10_14_16,-25.0
8,21,553,46,0,0,0,0,0.8604784545823405,6.267396168974194,0.3169958869986668,46,0,gt_missing_top_l,1023,0,gt_missing_top_l,46,0,gt_missing_top_l,91,0,gt_missing_top_l,332,0,gt_missing_top_l,332,0,gt_missing_top_l,0_0_0_10_14_16,-25.0
8,22,629,629,1,1,1,1,1.3288780535938942,5.8504175542440215,0.960116300492901,629,1,hit,629,1,hit,629,1,hit,629,1,hit,629,1,hit,629,1,hit,0_0_0_10_14_16,-25.0
8,23,759,389,1,8,1,8,0.34181800102678606,6.29315947997216,0.963518816353151,389,0,selectable_miss,389,0,selectable_miss,389,0,selectable_miss,389,0,selectable_miss,759,1,hit,759,1,hit,0_0_0_10_14_16,-25.0
8,24,874,874,1,1,1,1,0.8760385500176793,7.264895876938717,0.8032638616605915,874,1,hit,874,1,hit,874,1,hit,874,1,hit,874,1,hit,874,1,hit,0_0_0_10_14_16,-25.0
8,25,720,222,1,4,1,4,0.03858336883713388,5.087149342150191,0.5833175392874409,222,0,selectable_miss,720,1,hit,222,0,selectable_miss,720,1,hit,720,1,hit,720,1,hit,0_0_0_10_14_16,-25.0
8,26,314,96,0,0,0,0,0.46893561635871434,5.972636930002055,0.4330295513766911,96,0,gt_missing_top_l,569,0,gt_missing_top_l,96,0,gt_missing_top_l,31,0,gt_missing_top_l,31,0,gt_missing_top_l,31,0,gt_missing_top_l,0_0_0_10_14_16,-25.0
8,27,602,620,0,0,0,0,0.23961498529677824,5.3846555575668305,0.32327679722098424,620,0,gt_missing_top_l,553,0,gt_missing_top_l,620,0,gt_missing_top_l,752,0,gt_missing_top_l,921,0,gt_missing_top_l,921,0,gt_missing_top_l,0_0_0_10_14_16,-25.0
8,28,7,393,0,0,0,0,0.32589409795084534,5.441099559992594,0.3175997310586594,393,0,gt_missing_top_l,31,0,gt_missing_top_l,393,0,gt_missing_top_l,205,0,gt_missing_top_l,205,0,gt_missing_top_l,205,0,gt_missing_top_l,0_0_0_10_14_16,-25.0
8,29,610,946,1,11,1,11,0.260959380280925,5.645188282307178,0.6911972185892472,946,0,selectable_miss,610,1,hit,946,0,selectable_miss,946,0,selectable_miss,946,0,selectable_miss,946,0,selectable_miss,0_0_0_10_14_16,-25.0
8,30,775,775,1,1,1,1,0.6044466034743282,5.854865905599089,0.9518975082834455,775,1,hit,775,1,hit,775,1,hit,775,1,hit,775,1,hit,775,1,hit,0_0_0_10_14_16,-25.0
8,31,920,748,1,12,1,12,0.1575489582092814,5.015695771126275,0.7009467187671263,748,0,selectable_miss,920,1,hit,748,0,selectable_miss,748,0,selectable_miss,748,0,selectable_miss,748,0,selectable_miss,0_0_0_10_14_16,-25.0
8,32,753,583,0,0,0,0,0.17111644536334777,6.036802311763754,0.8118199834370985,583,0,gt_missing_top_l,583,0,gt_missing_top_l,583,0,gt_missing_top_l,583,0,gt_missing_top_l,583,0,gt_missing_top_l,583,0,gt_missing_top_l,0_0_0_10_14_16,-25.0
8,33,586,548,0,0,0,0,1.1976318806031119,7.244430090631607,0.49054707311108864,548,0,gt_missing_top_l,972,0,gt_missing_top_l,548,0,gt_missing_top_l,972,0,gt_missing_top_l,972,0,gt_missing_top_l,972,0,gt_missing_top_l,0_0_0_10_14_16,-25.0
8,34,91,91,1,1,1,1,2.4021731277611815,7.71871717377325,0.8471929177113124,91,1,hit,91,1,hit,91,1,hit,91,1,hit,91,1,hit,91,1,hit,0_0_0_10_14_16,-25.0
9,0,222,506,1,2,1,2,0.01268850846941189,5.664970789031637,0.16746307177366196,506,0,selectable_miss,222,1,hit,222,1,hit,222,1,hit,222,1,hit,222,1,hit,0_0_0_10_14_16,-25.0
9,1,826,826,1,1,1,1,2.8163361251367665,8.15762734265215,0.9824440790523759,826,1,hit,826,1,hit,826,1,hit,826,1,hit,826,1,hit,826,1,hit,0_0_0_10_14_16,-25.0
9,2,922,520,1,14,1,14,0.4300615490488102,6.02787882909873,0.5196436510144661,520,0,selectable_miss,922,1,hit,525,0,selectable_miss,922,1,hit,922,1,hit,922,1,hit,0_0_0_10_14_16,-25.0
9,3,691,827,0,0,0,0,1.167678428502708,6.23196204127259,0.936367358543629,827,0,gt_missing_top_l,827,0,gt_missing_top_l,798,0,gt_missing_top_l,827,0,gt_missing_top_l,827,0,gt_missing_top_l,827,0,gt_missing_top_l,0_0_0_10_14_16,-25.0
9,4,86,86,1,1,1,1,0.8311768168791998,6.127511137691384,0.9610163211584128,86,1,hit,86,1,hit,664,0,selectable_miss,86,1,hit,86,1,hit,86,1,hit,0_0_0_10_14_16,-25.0
9,5,468,82,0,0,0,0,0.14004337478421755,5.297046812615247,0.5443615741940578,82,0,gt_missing_top_l,237,0,gt_missing_top_l,234,0,gt_missing_top_l,237,0,gt_missing_top_l,234,0,gt_missing_top_l,234,0,gt_missing_top_l,0_0_0_10_14_16,-25.0
9,6,89,89,1,1,1,1,1.427225890883962,6.898471993085359,0.9090622975604871,89,1,hit,89,1,hit,306,0,selectable_miss,89,1,hit,89,1,hit,89,1,hit,0_0_0_10_14_16,-25.0
9,7,713,713,1,1,1,1,2.8026190665528294,8.087136413730072,0.9370013403854719,713,1,hit,713,1,hit,713,1,hit,713,1,hit,713,1,hit,713,1,hit,0_0_0_10_14_16,-25.0
9,8,865,865,1,1,1,1,0.24976974911427674,5.503888684883675,0.9163475860757638,865,1,hit,865,1,hit,431,0,selectable_miss,865,1,hit,865,1,hit,865,1,hit,0_0_0_10_14_16,-25.0
9,9,492,133,1,6,1,6,0.478804386623399,6.152423501758969,0.4882533114851615,133,0,selectable_miss,985,0,selectable_miss,122,0,selectable_miss,985,0,selectable_miss,985,0,selectable_miss,985,0,selectable_miss,0_0_0_10_14_16,-25.0
9,10,765,764,0,0,0,0,0.3163797657711256,6.073425269665793,0.48234658326714164,764,0,gt_missing_top_l,537,0,gt_missing_top_l,329,0,gt_missing_top_l,480,0,gt_missing_top_l,480,0,gt_missing_top_l,480,0,gt_missing_top_l,0_0_0_10_14_16,-25.0
9,11,1023,67,0,0,0,0,0.3619475420169229,5.987109827394006,0.780146133552881,67,0,gt_missing_top_l,353,0,gt_missing_top_l,367,0,gt_missing_top_l,353,0,gt_missing_top_l,353,0,gt_missing_top_l,353,0,gt_missing_top_l,0_0_0_10_14_16,-25.0
9,12,597,599,1,16,1,16,0.004202718152376523,5.338350584549428,0.8987273331916091,599,0,selectable_miss,599,0,selectable_miss,599,0,selectable_miss,599,0,selectable_miss,599,0,selectable_miss,599,0,selectable_miss,0_0_0_10_14_16,-25.0
9,13,562,562,1,1,1,1,0.5226608244723919,6.292046857868048,0.9807566327457202,562,1,hit,562,1,hit,562,1,hit,562,1,hit,562,1,hit,562,1,hit,0_0_0_10_14_16,-25.0
9,14,478,478,1,1,1,1,1.1591392214922844,6.51590555412951,0.8664577964000699,478,1,hit,478,1,hit,478,1,hit,478,1,hit,478,1,hit,478,1,hit,0_0_0_10_14_16,-25.0
9,15,267,375,0,0,0,0,0.013054863908625912,5.544058715946504,0.12767630846374411,375,0,gt_missing_top_l,151,0,gt_missing_top_l,375,0,gt_missing_top_l,151,0,gt_missing_top_l,385,0,gt_missing_top_l,385,0,gt_missing_top_l,0_0_0_10_14_16,-25.0
9,16,917,917,1,1,1,1,1.0347015655563032,6.445758579378085,0.9726117529133491,917,1,hit,917,1,hit,917,1,hit,917,1,hit,917,1,hit,917,1,hit,0_0_0_10_14_16,-25.0
9,17,656,656,1,1,1,1,0.74426248684132,5.834498996935587,0.9399184614250117,656,1,hit,656,1,hit,656,1,hit,656,1,hit,656,1,hit,656,1,hit,0_0_0_10_14_16,-25.0
9,18,889,154,0,0,0,0,0.45471932705176166,6.094115314532323,0.32167858097142443,154,0,gt_missing_top_l,888,0,gt_missing_top_l,154,0,gt_missing_top_l,517,0,gt_missing_top_l,517,0,gt_missing_top_l,517,0,gt_missing_top_l,0_0_0_10_14_16,-25.0
9,19,510,193,0,0,0,0,0.08920561415835312,5.808188564999924,0.5483589542416627,193,0,gt_missing_top_l,608,0,gt_missing_top_l,193,0,gt_missing_top_l,608,0,gt_missing_top_l,608,0,gt_missing_top_l,608,0,gt_missing_top_l,0_0_0_10_14_16,-25.0
9,20,860,913,0,0,0,0,0.3078934769316897,5.521841337247747,0.4746840546190495,913,0,gt_missing_top_l,966,0,gt_missing_top_l,913,0,gt_missing_top_l,966,0,gt_missing_top_l,646,0,gt_missing_top_l,646,0,gt_missing_top_l,0_0_0_10_14_16,-25.0
9,21,553,229,1,2,1,2,0.15420390083157628,5.8763084733880335,0.5553011466270065,229,0,selectable_miss,553,1,hit,229,0,selectable_miss,553,1,hit,911,0,selectable_miss,911,0,selectable_miss,0_0_0_10_14_16,-25.0
9,22,629,444,0,0,0,0,1.0934790908378396,6.992288655139029,0.4303263524200776,444,0,gt_missing_top_l,707,0,gt_missing_top_l,444,0,gt_missing_top_l,1006,0,gt_missing_top_l,707,0,gt_missing_top_l,707,0,gt_missing_top_l,0_0_0_10_14_16,-25.0
9,23,759,759,1,1,1,1,0.11604903037720057,5.650344784910434,0.9609992278881712,759,1,hit,759,1,hit,759,1,hit,759,1,hit,759,1,hit,759,1,hit,0_0_0_10_14_16,-25.0
9,24,874,491,0,0,0,0,0.03731385990569923,5.197788896605989,0.815228476625703,491,0,gt_missing_top_l,129,0,gt_missing_top_l,491,0,gt_missing_top_l,491,0,gt_missing_top_l,491,0,gt_missing_top_l,491,0,gt_missing_top_l,0_0_0_10_14_16,-25.0
9,25,720,720,1,1,1,1,0.11398996189018859,6.143960783648358,0.9626697609522552,720,1,hit,720,1,hit,720,1,hit,720,1,hit,720,1,hit,720,1,hit,0_0_0_10_14_16,-25.0
9,26,314,78,0,0,0,0,0.010513082336377131,5.50708551862745,0.7110689992030464,78,0,gt_missing_top_l,196,0,gt_missing_top_l,78,0,gt_missing_top_l,78,0,gt_missing_top_l,78,0,gt_missing_top_l,78,0,gt_missing_top_l,0_0_0_10_14_16,-25.0
9,27,602,602,1,1,1,1,0.7577025151012304,6.225452561366951,0.9269086495594966,602,1,hit,602,1,hit,602,1,hit,602,1,hit,602,1,hit,602,1,hit,0_0_0_10_14_16,-25.0
9,28,7,285,0,0,0,0,0.06522209087607068,5.719621930821103,0.18495747269092774,285,0,gt_missing_top_l,356,0,gt_missing_top_l,285,0,gt_missing_top_l,356,0,gt_missing_top_l,356,0,gt_missing_top_l,356,0,gt_missing_top_l,0_0_0_10_14_16,-25.0
9,29,610,749,0,0,0,0,0.348568908883359,5.147230395259488,0.11248883959291303,749,0,gt_missing_top_l,176,0,gt_missing_top_l,749,0,gt_missing_top_l,176,0,gt_missing_top_l,176,0,gt_missing_top_l,176,0,gt_missing_top_l,0_0_0_10_14_16,-25.0
9,30,794,794,1,1,1,1,0.6057265947788272,6.308201153788872,0.8329250187288343,794,1,hit,794,1,hit,794,1,hit,794,1,hit,794,1,hit,794,1,hit,0_0_0_10_14_16,-25.0
9,31,905,905,1,1,1,1,1.1699657489032897,6.594515505690428,0.9241919935747023,905,1,hit,905,1,hit,905,1,hit,905,1,hit,905,1,hit,905,1,hit,0_0_0_10_14_16,-25.0
9,32,741,924,0,0,0,0,0.309458891843648,5.6270769452845615,0.35665014871099576,924,0,gt_missing_top_l,984,0,gt_missing_top_l,924,0,gt_missing_top_l,581,0,gt_missing_top_l,984,0,gt_missing_top_l,984,0,gt_missing_top_l,0_0_0_10_14_16,-25.0
9,33,580,1009,0,0,0,0,0.29745775331014046,5.261698875542335,0.47848448678542194,1009,0,gt_missing_top_l,988,0,gt_missing_top_l,1009,0,gt_missing_top_l,1009,0,gt_missing_top_l,1009,0,gt_missing_top_l,1009,0,gt_missing_top_l,0_0_0_10_14_16,-25.0
9,34,89,196,1,11,1,11,0.8071067707426337,6.106226924475553,0.9065977400687552,196,0,selectable_miss,196,0,selectable_miss,196,0,selectable_miss,196,0,selectable_miss,196,0,selectable_miss,196,0,selectable_miss,0_0_0_10_14_16,-25.0
10,0,803,378,1,24,1,24,0.05001830299756521,5.447926838581179,0.20468599648334157,378,0,selectable_miss,819,0,selectable_miss,378,0,selectable_miss,819,0,selectable_miss,819,0,selectable_miss,819,0,selectable_miss,0_0_0_10_14_16,-25.0
10,1,826,171,1,3,1,3,0.47353843380566685,6.086109687357132,0.8127792245551532,171,0,selectable_miss,826,1,hit,171,0,selectable_miss,826,1,hit,826,1,hit,826,1,hit,0_0_0_10_14_16,-25.0
10,2,922,922,1,1,1,1,0.12529912841590812,6.003681943816065,0.9080090085274599,922,1,hit,922,1,hit,922,1,hit,922,1,hit,922,1,hit,922,1,hit,0_0_0_10_14_16,-25.0
10,3,691,531,0,0,0,0,0.061779703402461805,4.751557641188803,0.7365675372101887,531,0,gt_missing_top_l,451,0,gt_missing_top_l,531,0,gt_missing_top_l,451,0,gt_missing_top_l,451,0,gt_missing_top_l,451,0,gt_missing_top_l,0_0_0_10_14_16,-25.0
10,4,107,512,1,2,1,2,0.9295187195103156,6.125387174462191,0.9964276776487895,512,0,selectable_miss,512,0,selectable_miss,512,0,selectable_miss,512,0,selectable_miss,512,0,selectable_miss,512,0,selectable_miss,0_0_0_10_14_16,-25.0
10,5,468,816,0,0,0,0,0.1536245137640371,5.830616802795491,0.41224854335985583,816,0,gt_missing_top_l,444,0,gt_missing_top_l,816,0,gt_missing_top_l,444,0,gt_missing_top_l,444,0,gt_missing_top_l,444,0,gt_missing_top_l,0_0_0_10_14_16,-25.0
10,6,89,823,1,13,1,13,0.30468718987260474,6.562858315851997,0.39187554417619624,823,0,selectable_miss,89,1,hit,823,0,selectable_miss,941,0,selectable_miss,941,0,selectable_miss,941,0,selectable_miss,0_0_0_10_14_16,-25.0
10,7,713,735,1,23,1,23,0.22789279664113776,5.19407257619431,0.6093032869113852,735,0,selectable_miss,713,1,hit,735,0,selectable_miss,713,1,hit,713,1,hit,713,1,hit,0_0_0_10_14_16,-25.0
10,8,865,492,0,0,0,0,0.6071344764875413,6.06592622610601,0.33742011404493155,492,0,gt_missing_top_l,981,0,gt_missing_top_l,492,0,gt_missing_top_l,981,0,gt_missing_top_l,981,0,gt_missing_top_l,981,0,gt_missing_top_l,0_0_0_10_14_16,-25.0
10,9,492,288,0,0,0,0,0.3225286967976486,6.296848189355736,0.11224440601142943,288,0,gt_missing_top_l,497,0,gt_missing_top_l,288,0,gt_missing_top_l,497,0,gt_missing_top_l,497,0,gt_missing_top_l,497,0,gt_missing_top_l,0_0_0_10_14_16,-25.0
10,10,765,1001,1,16,1,16,0.7700247213640453,5.638623540117196,0.4630900875267116,1001,0,selectable_miss,765,1,hit,1001,0,selectable_miss,765,1,hit,765,1,hit,765,1,hit,0_0_0_10_14_16,-25.0
10,11,1023,1023,1,1,1,1,0.2596615669751526,6.281666058688885,0.6914714968776531,1023,1,hit,1023,1,hit,1023,1,hit,1023,1,hit,1023,1,hit,1023,1,hit,0_0_0_10_14_16,-25.0
10,12,597,130,0,0,0,0,0.4167844360291573,6.14349279442104,0.48959464480416426,130,0,gt_missing_top_l,600,0,gt_missing_top_l,130,0,gt_missing_top_l,600,0,gt_missing_top_l,600,0,gt_missing_top_l,600,0,gt_missing_top_l,0_0_0_10_14_16,-25.0
10,13,562,841,1,8,1,8,0.25109362728140444,5.479140610862826,0.5194027173731696,841,0,selectable_miss,148,0,selectable_miss,841,0,selectable_miss,562,1,hit,562,1,hit,562,1,hit,0_0_0_10_14_16,-25.0
10,14,478,651,1,2,1,2,0.013357905881623562,5.310932668792754,0.23829320144385485,651,0,selectable_miss,478,1,hit,651,0,selectable_miss,478,1,hit,478,1,hit,478,1,hit,0_0_0_10_14_16,-25.0
10,15,267,747,1,16,1,16,0.047089682817184376,5.344908964673715,0.32276055043223295,747,0,selectable_miss,669,0,selectable_miss,747,0,selectable_miss,378,0,selectable_miss,378,0,selectable_miss,378,0,selectable_miss,0_0_0_10_14_16,-25.0
10,16,917,426,0,0,0,0,0.3492800160449513,5.971110144316131,0.39451716133411796,426,0,gt_missing_top_l,274,0,gt_missing_top_l,426,0,gt_missing_top_l,574,0,gt_missing_top_l,574,0,gt_missing_top_l,574,0,gt_missing_top_l,0_0_0_10_14_16,-25.0
10,17,656,656,1,1,1,1,1.210504170449925,6.809132656784529,0.9486424177124874,656,1,hit,656,1,hit,656,1,hit,656,1,hit,656,1,hit,656,1,hit,0_0_0_10_14_16,-25.0
10,18,889,889,1,1,1,1,0.2868937840938088,6.0000497438913145,0.951164337795264,889,1,hit,889,1,hit,889,1,hit,889,1,hit,889,1,hit,889,1,hit,0_0_0_10_14_16,-25.0
10,19,510,122,0,0,0,0,0.3932713947007563,5.567011092255255,0.3748094555937021,122,0,gt_missing_top_l,614,0,gt_missing_top_l,122,0,gt_missing_top_l,614,0,gt_missing_top_l,614,0,gt_missing_top_l,614,0,gt_missing_top_l,0_0_0_10_14_16,-25.0
10,20,860,860,1,1,1,1,0.4067024623016502,5.628997138801023,0.9108744112057685,860,1,hit,860,1,hit,860,1,hit,860,1,hit,860,1,hit,860,1,hit,0_0_0_10_14_16,-25.0
10,21,553,503,1,2,1,2,0.10509194762521287,5.985108569650427,0.8989096501657465,503,0,selectable_miss,553,1,hit,503,0,selectable_miss,553,1,hit,553,1,hit,553,1,hit,0_0_0_10_14_16,-25.0
10,22,629,629,1,1,1,1,0.5479301170442701,6.11517562702786,0.8487110398990155,629,1,hit,629,1,hit,629,1,hit,629,1,hit,629,1,hit,629,1,hit,0_0_0_10_14_16,-25.0
10,23,759,43,1,9,1,9,0.4326463741745833,5.927125972159927,0.7645353782346888,43,0,selectable_miss,759,1,hit,43,0,selectable_miss,759,1,hit,759,1,hit,759,1,hit,0_0_0_10_14_16,-25.0
10,24,874,874,1,1,1,1,0.8325160124511115,6.554057473482117,0.9361794305065404,874,1,hit,874,1,hit,874,1,hit,874,1,hit,874,1,hit,874,1,hit,0_0_0_10_14_16,-25.0
10,25,720,720,1,1,1,1,0.5904027842713481,6.109361632609387,0.837093469621945,720,1,hit,720,1,hit,720,1,hit,720,1,hit,720,1,hit,720,1,hit,0_0_0_10_14_16,-25.0
10,26,314,532,0,0,0,0,0.13623521140133155,6.065823844225042,0.41898741728278893,532,0,gt_missing_top_l,176,0,gt_missing_top_l,532,0,gt_missing_top_l,445,0,gt_missing_top_l,445,0,gt_missing_top_l,445,0,gt_missing_top_l,0_0_0_10_14_16,-25.0
10,27,602,57,0,0,0,0,0.21109031972902478,5.6125542162705235,0.3174680817545148,57,0,gt_missing_top_l,699,0,gt_missing_top_l,57,0,gt_missing_top_l,171,0,gt_missing_top_l,171,0,gt_missing_top_l,171,0,gt_missing_top_l,0_0_0_10_14_16,-25.0
10,28,7,521,1,3,1,3,0.18886300617812352,5.367889322613477,0.5325624672957682,521,0,selectable_miss,7,1,hit,521,0,selectable_miss,7,1,hit,7,1,hit,7,1,hit,0_0_0_10_14_16,-25.0
10,29,610,610,1,1,1,1,0.9606909784271961,6.70690310351625,0.8414894340663399,610,1,hit,610,1,hit,610,1,hit,610,1,hit,610,1,hit,610,1,hit,0_0_0_10_14_16,-25.0
10,30,826,575,1,16,1,16,0.43070931094425696,5.739023890883881,0.580249673939626,575,0,selectable_miss,258,0,selectable_miss,575,0,selectable_miss,826,1,hit,258,0,selectable_miss,258,0,selectable_miss,0_0_0_10_14_16,-25.0
10,31,904,903,1,17,1,17,1.024659182254783,6.231639987288458,0.7010466816573139,903,0,selectable_miss,903,0,selectable_miss,903,0,selectable_miss,904,1,hit,903,0,selectable_miss,903,0,selectable_miss,0_0_0_10_14_16,-25.0
10,32,760,87,1,5,1,5,0.028249975385875387,5.7159339830837474,0.42714333368062,87,0,selectable_miss,760,1,hit,87,0,selectable_miss,760,1,hit,856,0,selectable_miss,856,0,selectable_miss,0_0_0_10_14_16,-25.0
10,33,577,577,1,1,1,1,0.6014967613528862,6.289117872332858,0.7850574602626755,577,1,hit,577,1,hit,577,1,hit,577,1,hit,577,1,hit,577,1,hit,0_0_0_10_14_16,-25.0
10,34,930,336,0,0,0,0,0.1575374127318099,5.0374534072961445,0.6923537323288289,336,0,gt_missing_top_l,440,0,gt_missing_top_l,336,0,gt_missing_top_l,336,0,gt_missing_top_l,336,0,gt_missing_top_l,336,0,gt_missing_top_l,0_0_0_10_14_16,-25.0
11,0,222,222,1,1,1,1,0.7050065927645515,5.614536484362162,0.9985264525245731,222,1,hit,222,1,hit,222,1,hit,222,1,hit,222,1,hit,222,1,hit,0_0_0_10_14_16,-25.0
11,1,711,711,1,1,1,1,0.16041163876795675,5.8085379157946795,0.9797763942284786,711,1,hit,711,1,hit,711,1,hit,711,1,hit,711,1,hit,711,1,hit,0_0_0_10_14_16,-25.0
11,2,871,428,1,12,1,12,0.17494299107328937,5.236619954659085,0.6539099612927011,428,0,selectable_miss,871,1,hit,428,0,selectable_miss,871,1,hit,620,0,selectable_miss,620,0,selectable_miss,0_0_0_10_14_16,-25.0
11,3,691,44,0,0,0,0,0.418674354370061,5.289801487914946,0.45735168591344144,44,0,gt_missing_top_l,342,0,gt_missing_top_l,44,0,gt_missing_top_l,342,0,gt_missing_top_l,686,0,gt_missing_top_l,686,0,gt_missing_top_l,0_0_0_10_14_16,-25.0
11,4,86,86,1,1,1,1,0.584647900071505,6.702534739060061,0.9501751886135582,86,1,hit,86,1,hit,86,1,hit,86,1,hit,86,1,hit,86,1,hit,0_0_0_10_14_16,-25.0
11,5,468,888,1,10,1,10,0.1293984298968289,5.5305751998248995,0.38608790479359273,888,0,selectable_miss,260,0,selectable_miss,888,0,selectable_miss,1012,0,selectable_miss,260,0,selectable_miss,260,0,selectable_miss,0_0_0_10_14_16,-25.0
11,6,89,373,1,4,1,4,0.10289110093493298,5.870149321436703,0.7283641050247913,373,0,selectable_miss,89,1,hit,452,0,selectable_miss,373,0,selectable_miss,89,1,hit,89,1,hit,0_0_0_10_14_16,-25.0
11,7,713,707,0,0,0,0,0.4392254082079206,6.177617448441842,0.8623294564875934,707,0,gt_missing_top_l,707,0,gt_missing_top_l,707,0,gt_missing_top_l,942,0,gt_missing_top_l,707,0,gt_missing_top_l,707,0,gt_missing_top_l,0_0_0_10_14_16,-25.0
11,8,865,472,1,17,1,17,0.5515287030579976,5.693279630371575,0.6022510612471778,472,0,selectable_miss,718,0,selectable_miss,472,0,selectable_miss,718,0,selectable_miss,382,0,selectable_miss,382,0,selectable_miss,0_0_0_10_14_16,-25.0
11,9,492,502,1,6,1,6,0.6950533029283806,5.89411436238162,0.3657362247447952,502,0,selectable_miss,492,1,hit,447,0,selectable_miss,492,1,hit,492,1,hit,492,1,hit,0_0_0_10_14_16,-25.0
11,10,765,52,0,0,0,0,0.00026301167708518946,5.201866037388165,0.3273542319910679,52,0,gt_missing_top_l,706,0,gt_missing_top_l,706,0,gt_missing_top_l,706,0,gt_missing_top_l,706,0,gt_missing_top_l,706,0,gt_missing_top_l,0_0_0_10_14_16,-25.0
11,11,1023,62,0,0,0,0,0.44554513596902123,5.67670353323514,0.707087707635907,62,0,gt_missing_top_l,192,0,gt_missing_top_l,183,0,gt_missing_top_l,62,0,gt_missing_top_l,192,0,gt_missing_top_l,192,0,gt_missing_top_l,0_0_0_10_14_16,-25.0
11,12,597,760,1,2,1,2,0.04953210426877462,5.327239994637778,0.5064254609966993,760,0,selectable_miss,597,1,hit,478,0,selectable_miss,597,1,hit,597,1,hit,597,1,hit,0_0_0_10_14_16,-25.0
11,13,562,562,1,1,1,1,2.2895029312131547,7.812271570383008,0.9542445238476792,562,1,hit,562,1,hit,562,1,hit,562,1,hit,562,1,hit,562,1,hit,0_0_0_10_14_16,-25.0
11,14,478,478,1,1,1,1,0.9077422512428328,6.073959788481665,0.9405183603836372,478,1,hit,478,1,hit,132,0,selectable_miss,478,1,hit,478,1,hit,478,1,hit,0_0_0_10_14_16,-25.0
11,15,267,889,1,2,1,2,0.028386553318396707,4.99278673536846,0.5402148709664156,889,0,selectable_miss,267,1,hit,364,0,selectable_miss,567,0,selectable_miss,267,1,hit,267,1,hit,0_0_0_10_14_16,-25.0
11,16,917,917,1,1,1,1,2.053114219574443,7.606239709734645,0.9596499136807084,917,1,hit,917,1,hit,917,1,hit,917,1,hit,917,1,hit,917,1,hit,0_0_0_10_14_16,-25.0
11,17,656,545,1,4,1,4,0.22456552066992527,5.875583331928987,0.2634833967231714,545,0,selectable_miss,656,1,hit,968,0,selectable_miss,39,0,selectable_miss,656,1,hit,656,1,hit,0_0_0_10_14_16,-25.0
11,18,889,889,1,1,1,1,1.0077882669848752,6.715006092166272,0.7808215888730209,889,1,hit,889,1,hit,967,0,selectable_miss,311,0,selectable_miss,311,0,selectable_miss,311,0,selectable_miss,0_0_0_10_14_16,-25.0
11,19,510,509,1,2,1,2,0.26786342866893265,6.117332982188454,0.5631567967904371,509,0,selectable_miss,510,1,hit,509,0,selectable_miss,510,1,hit,510,1,hit,510,1,hit,0_0_0_10_14_16,-25.0
11,20,860,657,1,5,1,5,0.2573432700373319,5.073577819715307,0.42947897088226145,657,0,selectable_miss,395,0,selectable_miss,763,0,selectable_miss,47,0,selectable_miss,47,0,selectable_miss,47,0,selectable_miss,0_0_0_10_14_16,-25.0
11,21,553,553,1,1,1,1,1.5099961245177684,8.317837870920693,0.9635329042548619,553,1,hit,553,1,hit,418,0,selectable_miss,553,1,hit,553,1,hit,553,1,hit,0_0_0_10_14_16,-25.0
11,22,629,675,1,6,1,6,0.5748618838895031,5.808363657597322,0.7609353632810709,675,0,selectable_miss,629,1,hit,675,0,selectable_miss,629,1,hit,629,1,hit,629,1,hit,0_0_0_10_14_16,-25.0
11,23,759,759,1,1,1,1,0.16738345073224853,5.675295061911294,0.788902913681768,759,1,hit,759,1,hit,92,0,selectable_miss,759,1,hit,69,0,selectable_miss,69,0,selectable_miss,0_0_0_10_14_16,-25.0
11,24,874,928,1,2,1,2,0.6890758968589563,6.808930271415394,0.4109450062968399,928,0,selectable_miss,874,1,hit,928,0,selectable_miss,874,1,hit,874,1,hit,874,1,hit,0_0_0_10_14_16,-25.0
11,25,720,662,0,0,0,0,0.19348832429738613,5.861489725589014,0.5348391547069049,662,0,gt_missing_top_l,62,0,gt_missing_top_l,662,0,gt_missing_top_l,62,0,gt_missing_top_l,62,0,gt_missing_top_l,62,0,gt_missing_top_l,0_0_0_10_14_16,-25.0
11,26,314,314,1,1,1,1,0.1835481177661476,5.447104927348292,0.7589032556671196,314,1,hit,314,1,hit,314,1,hit,314,1,hit,314,1,hit,314,1,hit,0_0_0_10_14_16,-25.0
11,27,602,650,0,0,0,0,0.22571246308977716,5.1774585515829505,0.32504337895005686,650,0,gt_missing_top_l,350,0,gt_missing_top_l,650,0,gt_missing_top_l,350,0,gt_missing_top_l,362,0,gt_missing_top_l,362,0,gt_missing_top_l,0_0_0_10_14_16,-25.0
11,28,7,551,1,2,1,2,0.09011595523462214,5.940138531102878,0.078365704022884,551,0,selectable_miss,7,1,hit,551,0,selectable_miss,990,0,selectable_miss,201,0,selectable_miss,201,0,selectable_miss,0_0_0_10_14_16,-25.0
11,29,610,610,1,1,1,1,1.1142615926338724,7.538013843797394,0.9645910466978681,610,1,hit,610,1,hit,610,1,hit,610,1,hit,610,1,hit,610,1,hit,0_0_0_10_14_16,-25.0
11,30,823,823,1,1,1,1,1.2157021821700031,6.479821301276738,0.9406775172279416,823,1,hit,823,1,hit,823,1,hit,823,1,hit,823,1,hit,823,1,hit,0_0_0_10_14_16,-25.0
11,31,905,762,0,0,0,0,0.1486784289319109,5.382068437936285,0.6392227767961007,762,0,gt_missing_top_l,477,0,gt_missing_top_l,762,0,gt_missing_top_l,477,0,gt_missing_top_l,477,0,gt_missing_top_l,477,0,gt_missing_top_l,0_0_0_10_14_16,-25.0
11,32,748,748,1,1,1,1,1.0288815836361012,6.80115729026248,0.9966415973420403,748,1,hit,748,1,hit,748,1,hit,748,1,hit,748,1,hit,748,1,hit,0_0_0_10_14_16,-25.0
11,33,586,407,1,24,1,24,0.06266974678138446,6.351629891838682,0.2803242369458942,407,0,selectable_miss,890,0,selectable_miss,407,0,selectable_miss,890,0,selectable_miss,559,0,selectable_miss,559,0,selectable_miss,0_0_0_10_14_16,-25.0
11,34,93,457,1,9,1,9,0.32625186155373787,5.465233517505076,0.4533442555522466,457,0,selectable_miss,775,0,selectable_miss,457,0,selectable_miss,775,0,selectable_miss,775,0,selectable_miss,775,0,selectable_miss,0_0_0_10_14_16,-25.0
12,0,803,497,1,5,1,5,0.19013213270155246,5.572913030680051,0.3582010134127146,497,0,selectable_miss,803,1,hit,497,0,selectable_miss,803,1,hit,803,1,hit,803,1,hit,0_0_0_10_14_16,-25.0
12,1,711,648,1,8,1,8,0.8668418741389439,6.116707928140332,0.4149060554023273,648,0,selectable_miss,711,1,hit,648,0,selectable_miss,711,1,hit,711,1,hit,711,1,hit,0_0_0_10_14_16,-25.0
12,2,871,871,1,1,1,1,1.1941247131461306,6.166327320150994,0.9620823288759082,871,1,hit,871,1,hit,871,1,hit,871,1,hit,871,1,hit,871,1,hit,0_0_0_10_14_16,-25.0
12,3,691,691,1,1,1,1,0.8857373263202944,6.626593927062294,0.9192978272838261,691,1,hit,691,1,hit,691,1,hit,691,1,hit,691,1,hit,691,1,hit,0_0_0_10_14_16,-25.0
12,4,107,314,0,0,0,0,0.1767907386980604,5.542868687858969,0.24717218258313856,314,0,gt_missing_top_l,934,0,gt_missing_top_l,314,0,gt_missing_top_l,911,0,gt_missing_top_l,911,0,gt_missing_top_l,911,0,gt_missing_top_l,0_0_0_10_14_16,-25.0
12,5,468,62,1,2,1,2,0.2280971726279049,5.602083481823353,0.4445682046691131,62,0,selectable_miss,468,1,hit,62,0,selectable_miss,468,1,hit,468,1,hit,468,1,hit,0_0_0_10_14_16,-25.0
12,6,89,421,0,0,0,0,0.02034379074205801,5.435430887112861,0.7751424852724277,421,0,gt_missing_top_l,421,0,gt_missing_top_l,421,0,gt_missing_top_l,267,0,gt_missing_top_l,421,0,gt_missing_top_l,421,0,gt_missing_top_l,0_0_0_10_14_16,-25.0
12,7,713,180,1,9,1,9,0.9960420075058928,6.201999727226348,0.5870389882267634,180,0,selectable_miss,713,1,hit,180,0,selectable_miss,713,1,hit,502,0,selectable_miss,502,0,selectable_miss,0_0_0_10_14_16,-25.0
12,8,865,865,1,1,1,1,1.2689410774447838,6.807533038831023,0.9236743510108009,865,1,hit,865,1,hit,865,1,hit,865,1,hit,865,1,hit,865,1,hit,0_0_0_10_14_16,-25.0
12,9,492,492,1,1,1,1,1.0018867214254121,6.0734671932116155,0.998057353620211,492,1,hit,492,1,hit,492,1,hit,492,1,hit,492,1,hit,492,1,hit,0_0_0_10_14_16,-25.0
12,10,765,765,1,1,1,1,0.14671695269392265,5.918658559414974,0.9674066995525488,765,1,hit,765,1,hit,765,1,hit,765,1,hit,765,1,hit,765,1,hit,0_0_0_10_14_16,-25.0
12,11,1023,1023,1,1,1,1,2.423540608130933,8.76987768966963,0.9041407300563762,1023,1,hit,1023,1,hit,1023,1,hit,1023,1,hit,1023,1,hit,1023,1,hit,0_0_0_10_14_16,-25.0
12,12,597,683,0,0,0,0,0.08573210213891376,6.18154458865032,0.2955044420288178,683,0,gt_missing_top_l,137,0,gt_missing_top_l,683,0,gt_missing_top_l,137,0,gt_missing_top_l,137,0,gt_missing_top_l,137,0,gt_missing_top_l,0_0_0_10_14_16,-25.0
12,13,562,562,1,1,1,1,0.021067419179805588,5.4546540083588715,0.8316209007189136,562,1,hit,562,1,hit,348,0,selectable_miss,562,1,hit,105,0,selectable_miss,105,0,selectable_miss,0_0_0_10_14_16,-25.0
12,14,478,478,1,1,1,1,0.6496926988008687,5.979248476119379,0.9224761331342424,478,1,hit,478,1,hit,963,0,selectable_miss,478,1,hit,478,1,hit,478,1,hit,0_0_0_10_14_16,-25.0
12,15,267,267,1,1,1,1,0.34918105734279364,5.949786836796371,0.9673423414442893,267,1,hit,267,1,hit,267,1,hit,267,1,hit,267,1,hit,267,1,hit,0_0_0_10_14_16,-25.0
12,16,917,742,0,0,0,0,0.019297457981593,5.218697294508439,0.4661837098794509,742,0,gt_missing_top_l,734,0,gt_missing_top_l,734,0,gt_missing_top_l,734,0,gt_missing_top_l,734,0,gt_missing_top_l,734,0,gt_missing_top_l,0_0_0_10_14_16,-25.0
12,17,656,656,1,1,1,1,0.20162637079496645,6.674761433711186,0.9292659706775198,656,1,hit,656,1,hit,780,0,selectable_miss,656,1,hit,656,1,hit,656,1,hit,0_0_0_10_14_16,-25.0
12,18,889,889,1,1,1,1,0.6587759508582269,6.289230940281085,0.812705602254803,889,1,hit,889,1,hit,23,0,selectable_miss,889,1,hit,889,1,hit,889,1,hit,0_0_0_10_14_16,-25.0
12,19,510,775,1,21,1,21,0.7921444819721051,6.3777694733627035,0.2520831975115073,775,0,selectable_miss,269,0,selectable_miss,100,0,selectable_miss,850,0,selectable_miss,269,0,selectable_miss,269,0,selectable_miss,0_0_0_10_14_16,-25.0
12,20,860,715,1,16,1,16,0.16251312784699845,5.7396321843771005,0.2866060642769293,715,0,selectable_miss,479,0,selectable_miss,991,0,selectable_miss,479,0,selectable_miss,479,0,selectable_miss,479,0,selectable_miss,0_0_0_10_14_16,-25.0
12,21,553,553,1,1,1,1,1.1828099573746362,6.336771233135883,0.8928435748201955,553,1,hit,553,1,hit,927,0,selectable_miss,553,1,hit,553,1,hit,553,1,hit,0_0_0_10_14_16,-25.0
12,22,629,629,1,1,1,1,0.32215391277952166,5.774641904668068,0.8953473510040874,629,1,hit,629,1,hit,629,1,hit,629,1,hit,536,0,selectable_miss,536,0,selectable_miss,0_0_0_10_14_16,-25.0
12,23,759,759,1,1,1,1,1.8991579658047895,7.423371688244704,0.808274742082669,759,1,hit,759,1,hit,759,1,hit,759,1,hit,759,1,hit,759,1,hit,0_0_0_10_14_16,-25.0
12,24,874,306,0,0,0,0,0.4147610524538852,5.742736311314668,0.5228857360187708,306,0,gt_missing_top_l,388,0,gt_missing_top_l,124,0,gt_missing_top_l,401,0,gt_missing_top_l,388,0,gt_missing_top_l,388,0,gt_missing_top_l,0_0_0_10_14_16,-25.0
12,25,720,720,1,1,1,1,1.05728599807055,6.587671744034134,0.9509240902359264,720,1,hit,720,1,hit,246,0,selectable_miss,720,1,hit,720,1,hit,720,1,hit,0_0_0_10_14_16,-25.0
12,26,314,20,1,13,1,13,0.08911533676762408,5.553076320280943,0.6429833324076906,20,0,selectable_miss,314,1,hit,617,0,selectable_miss,126,0,selectable_miss,355,0,selectable_miss,355,0,selectable_miss,0_0_0_10_14_16,-25.0
12,27,602,602,1,1,1,1,1.9538989865245924,7.601729422419664,0.9121764358838721,602,1,hit,602,1,hit,602,1,hit,602,1,hit,602,1,hit,602,1,hit,0_0_0_10_14_16,-25.0
12,28,7,7,1,1,1,1,0.3291393336775199,6.219370203635338,0.9700390627657349,7,1,hit,7,1,hit,332,0,selectable_miss,733,0,selectable_miss,7,1,hit,7,1,hit,0_0_0_10_14_16,-25.0
12,29,610,610,1,1,1,1,1.9590606514253082,7.551595075692006,0.994414464193105,610,1,hit,610,1,hit,610,1,hit,610,1,hit,610,1,hit,610,1,hit,0_0_0_10_14_16,-25.0
12,30,791,791,1,1,1,1,0.8720958505436709,6.509521982665419,0.8758882915347592,791,1,hit,791,1,hit,199,0,selectable_miss,791,1,hit,791,1,hit,791,1,hit,0_0_0_10_14_16,-25.0
12,31,904,904,1,1,1,1,0.9598479458918229,6.763673460628464,0.9060277775910004,904,1,hit,904,1,hit,904,1,hit,904,1,hit,904,1,hit,904,1,hit,0_0_0_10_14_16,-25.0
12,32,761,761,1,1,1,1,0.6050075751893794,5.674999683871972,0.8893841902411918,761,1,hit,761,1,hit,761,1,hit,761,1,hit,761,1,hit,761,1,hit,0_0_0_10_14_16,-25.0
12,33,587,587,1,1,1,1,0.3182714902248258,6.032270458814024,0.9880124680212399,587,1,hit,587,1,hit,38,0,selectable_miss,587,1,hit,587,1,hit,587,1,hit,0_0_0_10_14_16,-25.0
12,34,934,448,1,6,1,6,0.015080360896248328,5.002443886316553,0.603743810792563,448,0,selectable_miss,683,0,selectable_miss,786,0,selectable_miss,934,1,hit,683,0,selectable_miss,683,0,selectable_miss,0_0_0_10_14_16,-25.0
13,0,222,222,1,1,1,1,0.114847845126752,5.61133665493582,0.9489410218687014,222,1,hit,222,1,hit,222,1,hit,222,1,hit,222,1,hit,222,1,hit,0_0_0_10_14_16,-25.0
13,1,826,46,1,4,1,4,0.4883482141060785,6.124668175125349,0.7138988138138928,46,0,selectable_miss,826,1,hit,46,0,selectable_miss,826,1,hit,826,1,hit,826,1,hit,0_0_0_10_14_16,-25.0
13,2,871,871,1,1,1,1,0.3983465738000024,5.766389968696661,0.9936982222487256,871,1,hit,871,1,hit,871,1,hit,871,1,hit,871,1,hit,871,1,hit,0_0_0_10_14_16,-25.0
13,3,691,692,0,0,0,0,0.611048830590721,6.265161255146451,0.05171207524710998,692,0,gt_missing_top_l,108,0,gt_missing_top_l,692,0,gt_missing_top_l,108,0,gt_missing_top_l,108,0,gt_missing_top_l,108,0,gt_missing_top_l,0_0_0_10_14_16,-25.0
13,4,107,107,1,1,1,1,0.3796220607876324,5.994322722927049,0.9187668161230275,107,1,hit,107,1,hit,107,1,hit,107,1,hit,107,1,hit,107,1,hit,0_0_0_10_14_16,-25.0
13,5,468,146,0,0,0,0,0.026883095294224706,5.543383326803602,0.24009812636312802,146,0,gt_missing_top_l,658,0,gt_missing_top_l,146,0,gt_missing_top_l,442,0,gt_missing_top_l,442,0,gt_missing_top_l,442,0,gt_missing_top_l,0_0_0_10_14_16,-25.0
13,6,89,558,1,3,1,3,0.17983691386323386,5.678967633581809,0.522512297814147,558,0,selectable_miss,89,1,hit,558,0,selectable_miss,89,1,hit,89,1,hit,89,1,hit,0_0_0_10_14_16,-25.0
13,7,713,713,1,1,1,1,0.2312743651283938,5.484840863925074,0.8197235417323956,713,1,hit,53,0,selectable_miss,713,1,hit,713,1,hit,713,1,hit,713,1,hit,0_0_0_10_14_16,-25.0
13,8,865,865,1,1,1,1,1.3542525617835144,6.360198002535001,0.8846380092130519,865,1,hit,865,1,hit,865,1,hit,865,1,hit,865,1,hit,865,1,hit,0_0_0_10_14_16,-25.0
13,9,492,797,0,0,0,0,0.09295273425088138,5.848596110566852,0.5629484662692337,797,0,gt_missing_top_l,944,0,gt_missing_top_l,797,0,gt_missing_top_l,1003,0,gt_missing_top_l,1003,0,gt_missing_top_l,1003,0,gt_missing_top_l,0_0_0_10_14_16,-25.0
13,10,765,448,1,2,1,2,0.1803767436785132,5.778246441263329,0.2366142742411868,448,0,selectable_miss,765,1,hit,448,0,selectable_miss,765,1,hit,765,1,hit,765,1,hit,0_0_0_10_14_16,-25.0
13,11,1023,236,1,5,1,5,0.7417822191462644,6.565870245148934,0.6055379712639116,236,0,selectable_miss,1023,1,hit,236,0,selectable_miss,1023,1,hit,1023,1,hit,1023,1,hit,0_0_0_10_14_16,-25.0
13,12,597,597,1,1,1,1,0.1738324341447657,5.7387660114613155,0.9089880334653768,597,1,hit,597,1,hit,597,1,hit,597,1,hit,597,1,hit,597,1,hit,0_0_0_10_14_16,-25.0
13,13,562,562,1,1,1,1,0.6533890210638971,5.939807647414232,0.9266527612548631,562,1,hit,562,1,hit,562,1,hit,562,1,hit,562,1,hit,562,1,hit,0_0_0_10_14_16,-25.0
13,14,478,521,1,16,1,16,0.3096021857149303,6.228400620068083,0.11991137486078907,521,0,selectable_miss,478,1,hit,521,0,selectable_miss,478,1,hit,498,0,selectable_miss,498,0,selectable_miss,0_0_0_10_14_16,-25.0
13,15,267,838,0,0,0,0,0.1995055838223207,5.364173278176951,0.6627701027333789,838,0,gt_missing_top_l,750,0,gt_missing_top_l,838,0,gt_missing_top_l,750,0,gt_missing_top_l,750,0,gt_missing_top_l,750,0,gt_missing_top_l,0_0_0_10_14_16,-25.0
13,16,917,312,1,3,1,3,0.4612364515199304,6.024865420884593,0.5666120564219796,312,0,selectable_miss,917,1,hit,312,0,selectable_miss,917,1,hit,404,0,selectable_miss,404,0,selectable_miss,0_0_0_10_14_16,-25.0
13,17,656,656,1,1,1,1,0.762597090082545,6.979959596032977,0.9946794064399432,656,1,hit,656,1,hit,656,1,hit,656,1,hit,656,1,hit,656,1,hit,0_0_0_10_14_16,-25.0
13,18,889,889,1,1,1,1,1.7918879204839655,7.535785904515847,0.9221399779424133,889,1,hit,889,1,hit,889,1,hit,889,1,hit,889,1,hit,889,1,hit,0_0_0_10_14_16,-25.0
13,19,510,510,1,1,1,1,0.11661366162870279,5.057754526758419,0.9794090246207792,510,1,hit,510,1,hit,510,1,hit,510,1,hit,510,1,hit,510,1,hit,0_0_0_10_14_16,-25.0
13,20,860,351,1,5,1,5,0.21360255776050913,5.447033061235694,0.3053094587267013,351,0,selectable_miss,340,0,selectable_miss,351,0,selectable_miss,860,1,hit,860,1,hit,860,1,hit,0_0_0_10_14_16,-25.0
13,21,553,954,1,5,1,5,0.0005664592344329241,5.223047275771762,0.17077138889836288,954,0,selectable_miss,553,1,hit,954,0,selectable_miss,553,1,hit,553,1,hit,553,1,hit,0_0_0_10_14_16,-25.0
13,22,629,475,1,2,1,2,0.03547533862387471,5.508821663045542,0.4257283899857164,475,0,selectable_miss,629,1,hit,475,0,selectable_miss,629,1,hit,629,1,hit,629,1,hit,0_0_0_10_14_16,-25.0
13,23,759,759,1,1,1,1,0.49644798189128725,6.471001699174131,0.960333313459893,759,1,hit,759,1,hit,759,1,hit,759,1,hit,759,1,hit,759,1,hit,0_0_0_10_14_16,-25.0
13,24,874,932,0,0,0,0,1.193948978486583,5.912079963596385,0.6170393194904817,932,0,gt_missing_top_l,161,0,gt_missing_top_l,932,0,gt_missing_top_l,49,0,gt_missing_top_l,675,0,gt_missing_top_l,675,0,gt_missing_top_l,0_0_0_10_14_16,-25.0
13,25,720,672,0,0,0,0,0.2361529516220999,5.326226017176219,0.3789049720435039,672,0,gt_missing_top_l,328,0,gt_missing_top_l,672,0,gt_missing_top_l,328,0,gt_missing_top_l,328,0,gt_missing_top_l,328,0,gt_missing_top_l,0_0_0_10_14_16,-25.0
13,26,314,889,1,8,1,8,0.8779067219805452,6.0932055681538575,0.38670727835088775,889,0,selectable_miss,314,1,hit,889,0,selectable_miss,314,1,hit,314,1,hit,314,1,hit,0_0_0_10_14_16,-25.0
13,27,602,602,1,1,1,1,1.452353341907057,6.732812520707708,0.9359636303626645,602,1,hit,602,1,hit,602,1,hit,602,1,hit,602,1,hit,602,1,hit,0_0_0_10_14_16,-25.0
13,28,7,926,1,3,1,3,0.1617896698090378,6.3962975964858435,0.6941559730820446,926,0,selectable_miss,7,1,hit,926,0,selectable_miss,7,1,hit,7,1,hit,7,1,hit,0_0_0_10_14_16,-25.0
13,29,610,970,0,0,0,0,0.5035090460742871,5.1803852392771095,0.3638302795217541,970,0,gt_missing_top_l,91,0,gt_missing_top_l,970,0,gt_missing_top_l,91,0,gt_missing_top_l,91,0,gt_missing_top_l,91,0,gt_missing_top_l,0_0_0_10_14_16,-25.0
13,30,778,778,1,1,1,1,1.0545428696087666,6.451573295238421,0.9235406784926306,778,1,hit,778,1,hit,778,1,hit,778,1,hit,778,1,hit,778,1,hit,0_0_0_10_14_16,-25.0
13,31,921,921,1,1,1,1,1.1984934279288944,6.846630581566119,0.9820496118566805,921,1,hit,921,1,hit,921,1,hit,921,1,hit,921,1,hit,921,1,hit,0_0_0_10_14_16,-25.0
13,32,749,749,1,1,1,1,1.0210892028377472,6.4250613993967125,0.8935134384573097,749,1,hit,749,1,hit,749,1,hit,749,1,hit,749,1,hit,749,1,hit,0_0_0_10_14_16,-25.0
13,33,577,577,1,1,1,1,0.9952966790537194,7.43801897936661,0.9723251228968597,577,1,hit,577,1,hit,577,1,hit,577,1,hit,577,1,hit,577,1,hit,0_0_0_10_14_16,-25.0
13,34,936,607,1,2,1,2,0.6467869483183859,6.581443744185992,0.30063845337520684,607,0,selectable_miss,936,1,hit,607,0,selectable_miss,936,1,hit,936,1,hit,936,1,hit,0_0_0_10_14_16,-25.0
1,0,222,210,1,11,1,11,0.23785666619836013,6.061153314083004,0.3567211592278536,210,0,selectable_miss,574,0,selectable_miss,210,0,selectable_miss,220,0,selectable_miss,5,0,selectable_miss,5,0,selectable_miss,0_0_0_10_14_16,-26.0
1,1,826,228,0,0,0,0,0.31037539895197946,5.291033285762033,0.39475258071989133,228,0,gt_missing_top_l,242,0,gt_missing_top_l,228,0,gt_missing_top_l,242,0,gt_missing_top_l,242,0,gt_missing_top_l,242,0,gt_missing_top_l,0_0_0_10_14_16,-26.0
1,2,922,154,1,19,1,19,0.24734529882242812,6.056023154179079,0.44300519900869256,154,0,selectable_miss,922,1,hit,154,0,selectable_miss,922,1,hit,844,0,selectable_miss,844,0,selectable_miss,0_0_0_10_14_16,-26.0
1,3,718,722,1,13,1,13,0.1986842431195201,5.083837356269546,0.7368777885106572,722,0,selectable_miss,718,1,hit,722,0,selectable_miss,718,1,hit,718,1,hit,718,1,hit,0_0_0_10_14_16,-26.0
1,4,107,853,1,4,1,4,0.01589846198357165,5.520354731990045,0.5326985452703658,853,0,selectable_miss,107,1,hit,853,0,selectable_miss,107,1,hit,107,1,hit,107,1,hit,0_0_0_10_14_16,-26.0
1,5,468,259,1,2,1,2,0.008071194573732262,5.263219138314483,0.2732212277209345,259,0,selectable_miss,468,1,hit,259,0,selectable_miss,480,0,selectable_miss,480,0,selectable_miss,480,0,selectable_miss,0_0_0_10_14_16,-26.0
1,6,89,921,0,0,0,0,0.35043256859342065,6.125769491606775,0.45552749736261966,921,0,gt_missing_top_l,155,0,gt_missing_top_l,921,0,gt_missing_top_l,243,0,gt_missing_top_l,243,0,gt_missing_top_l,243,0,gt_missing_top_l,0_0_0_10_14_16,-26.0
1,7,713,835,1,3,1,3,0.0412389799562929,5.782191464267172,0.504901890255972,835,0,selectable_miss,713,1,hit,835,0,selectable_miss,713,1,hit,575,0,selectable_miss,575,0,selectable_miss,0_0_0_10_14_16,-26.0
1,8,865,865,1,1,1,1,0.5622849288074816,5.768417410432848,0.798226046724564,865,1,hit,865,1,hit,865,1,hit,865,1,hit,865,1,hit,865,1,hit,0_0_0_10_14_16,-26.0
1,9,492,1008,0,0,0,0,0.24657539460438113,5.132147168740647,0.21061091177132918,1008,0,gt_missing_top_l,185,0,gt_missing_top_l,1008,0,gt_missing_top_l,185,0,gt_missing_top_l,483,0,gt_missing_top_l,483,0,gt_missing_top_l,0_0_0_10_14_16,-26.0
1,10,765,147,1,8,1,8,1.3868355991827115,6.943017848375655,0.36312377975355337,147,0,selectable_miss,765,1,hit,147,0,selectable_miss,765,1,hit,765,1,hit,765,1,hit,0_0_0_10_14_16,-26.0
1,11,1023,289,1,11,1,11,0.6469083998317102,5.869367090239686,0.4807057555989838,289,0,selectable_miss,1023,1,hit,289,0,selectable_miss,1023,1,hit,70,0,selectable_miss,70,0,selectable_miss,0_0_0_10_14_16,-26.0
1,12,597,548,0,0,0,0,0.09810143620766403,5.2016670414754085,0.6984066093070722,548,0,gt_missing_top_l,134,0,gt_missing_top_l,548,0,gt_missing_top_l,548,0,gt_missing_top_l,134,0,gt_missing_top_l,134,0,gt_missing_top_l,0_0_0_10_14_16,-26.0
1,13,562,550,0,0,0,0,0.12096920590030144,5.267781097864136,0.502278205398056,550,0,gt_missing_top_l,345,0,gt_missing_top_l,550,0,gt_missing_top_l,252,0,gt_missing_top_l,345,0,gt_missing_top_l,345,0,gt_missing_top_l,0_0_0_10_14_16,-26.0
1,14,478,288,0,0,0,0,0.582331604992021,5.473773428596314,0.9601654059997865,288,0,gt_missing_top_l,288,0,gt_missing_top_l,288,0,gt_missing_top_l,288,0,gt_missing_top_l,288,0,gt_missing_top_l,288,0,gt_missing_top_l,0_0_0_10_14_16,-26.0
1,15,267,608,1,13,1,13,1.0968263758523797,6.202252966941664,0.3196148545844657,608,0,selectable_miss,127,0,selectable_miss,608,0,selectable_miss,509,0,selectable_miss,694,0,selectable_miss,694,0,selectable_miss,0_0_0_10_14_16,-26.0
1,16,917,977,1,14,1,14,0.09043357583998234,5.496442910455665,0.2776687676998003,977,0,selectable_miss,917,1,hit,977,0,selectable_miss,917,1,hit,917,1,hit,917,1,hit,0_0_0_10_14_16,-26.0
1,17,656,10,1,4,1,4,0.22688052598592906,5.663412794708485,0.6646331268126136,10,0,selectable_miss,590,0,selectable_miss,10,0,selectable_miss,590,0,selectable_miss,590,0,selectable_miss,590,0,selectable_miss,0_0_0_10_14_16,-26.0
1,18,889,264,0,0,0,0,0.41329945183035566,5.6858367995826455,0.06350336015809363,264,0,gt_missing_top_l,218,0,gt_missing_top_l,264,0,gt_missing_top_l,218,0,gt_missing_top_l,218,0,gt_missing_top_l,218,0,gt_missing_top_l,0_0_0_10_14_16,-26.0
1,19,510,510,1,1,1,1,0.693062776929263,5.915781668990859,0.9179474812256115,510,1,hit,510,1,hit,510,1,hit,337,0,selectable_miss,510,1,hit,510,1,hit,0_0_0_10_14_16,-26.0
1,20,860,414,1,4,1,4,0.4039738608244225,5.867018229602522,0.3787468003905833,414,0,selectable_miss,433,0,selectable_miss,414,0,selectable_miss,433,0,selectable_miss,433,0,selectable_miss,433,0,selectable_miss,0_0_0_10_14_16,-26.0
1,21,553,553,1,1,1,1,0.7676420385341541,6.281680450240906,0.7676494455278591,553,1,hit,553,1,hit,553,1,hit,886,0,selectable_miss,553,1,hit,553,1,hit,0_0_0_10_14_16,-26.0
1,22,629,250,1,15,1,15,0.9305995825703045,5.890728708476207,0.8516687935801616,250,0,selectable_miss,250,0,selectable_miss,250,0,selectable_miss,250,0,selectable_miss,250,0,selectable_miss,250,0,selectable_miss,0_0_0_10_14_16,-26.0
1,23,759,209,0,0,0,0,0.017256942379890672,4.775599889439335,0.4630456248529169,209,0,gt_missing_top_l,525,0,gt_missing_top_l,209,0,gt_missing_top_l,133,0,gt_missing_top_l,525,0,gt_missing_top_l,525,0,gt_missing_top_l,0_0_0_10_14_16,-26.0
1,24,874,329,1,16,1,16,0.07750483001276887,5.811676443013406,0.27417087322762057,329,0,selectable_miss,788,0,selectable_miss,329,0,selectable_miss,788,0,selectable_miss,788,0,selectable_miss,788,0,selectable_miss,0_0_0_10_14_16,-26.0
1,25,720,286,1,6,1,6,0.6473452546660176,6.3762372505124985,0.5153352289391189,286,0,selectable_miss,720,1,hit,286,0,selectable_miss,384,0,selectable_miss,720,1,hit,720,1,hit,0_0_0_10_14_16,-26.0
1,26,314,314,1,1,1,1,0.21040807752355675,5.53461981841389,0.6948448631970083,314,1,hit,473,0,selectable_miss,314,1,hit,473,0,selectable_miss,738,0,selectable_miss,738,0,selectable_miss,0_0_0_10_14_16,-26.0
1,27,602,824,1,4,1,4,0.5116540820176361,6.216744036816332,0.34523417988878047,824,0,selectable_miss,602,1,hit,824,0,selectable_miss,602,1,hit,602,1,hit,602,1,hit,0_0_0_10_14_16,-26.0
1,28,7,13,0,0,0,0,0.8060433695988077,6.114903426471873,0.31276284717582253,13,0,gt_missing_top_l,6,0,gt_missing_top_l,13,0,gt_missing_top_l,6,0,gt_missing_top_l,6,0,gt_missing_top_l,6,0,gt_missing_top_l,0_0_0_10_14_16,-26.0
1,29,610,567,0,0,0,0,0.3631324020183713,5.755576078535728,0.643753606072735,567,0,gt_missing_top_l,435,0,gt_missing_top_l,567,0,gt_missing_top_l,435,0,gt_missing_top_l,567,0,gt_missing_top_l,567,0,gt_missing_top_l,0_0_0_10_14_16,-26.0
1,30,807,142,1,17,1,17,0.0727360728471525,6.250263046265219,0.4016533056414904,142,0,selectable_miss,852,0,selectable_miss,142,0,selectable_miss,852,0,selectable_miss,852,0,selectable_miss,852,0,selectable_miss,0_0_0_10_14_16,-26.0
1,31,897,396,1,14,1,14,1.042057123046546,6.684876038653746,0.3133185250890208,396,0,selectable_miss,267,0,selectable_miss,396,0,selectable_miss,897,1,hit,267,0,selectable_miss,267,0,selectable_miss,0_0_0_10_14_16,-26.0
1,32,749,749,1,1,1,1,0.4690003078815925,5.93605676600005,0.967792852876831,749,1,hit,749,1,hit,749,1,hit,749,1,hit,749,1,hit,749,1,hit,0_0_0_10_14_16,-26.0
1,33,584,930,1,2,1,2,0.5087259866001834,6.248772471397611,0.8111003972134198,930,0,selectable_miss,930,0,selectable_miss,930,0,selectable_miss,584,1,hit,930,0,selectable_miss,930,0,selectable_miss,0_0_0_10_14_16,-26.0
1,34,934,1018,0,0,0,0,0.2740958179458016,6.043275097622373,0.8083034982381445,1018,0,gt_missing_top_l,1018,0,gt_missing_top_l,1018,0,gt_missing_top_l,1018,0,gt_missing_top_l,1018,0,gt_missing_top_l,1018,0,gt_missing_top_l,0_0_0_10_14_16,-26.0
2,0,803,961,1,4,1,4,1.2157072999350402,6.767764137888429,0.33842853538290113,961,0,selectable_miss,468,0,selectable_miss,961,0,selectable_miss,803,1,hit,468,0,selectable_miss,468,0,selectable_miss,0_0_0_10_14_16,-26.0
2,1,826,485,0,0,0,0,0.49048753331593803,6.066415542975296,0.4221042598179534,485,0,gt_missing_top_l,198,0,gt_missing_top_l,485,0,gt_missing_top_l,259,0,gt_missing_top_l,198,0,gt_missing_top_l,198,0,gt_missing_top_l,0_0_0_10_14_16,-26.0
2,2,922,48,1,2,1,2,0.32896033566984717,6.665494617805324,0.8352830474482766,48,0,selectable_miss,922,1,hit,48,0,selectable_miss,922,1,hit,922,1,hit,922,1,hit,0_0_0_10_14_16,-26.0
2,3,718,794,1,6,1,6,0.3630514713352468,5.600420753575865,0.3540853145287787,794,0,selectable_miss,718,1,hit,794,0,selectable_miss,718,1,hit,602,0,selectable_miss,602,0,selectable_miss,0_0_0_10_14_16,-26.0
2,4,86,573,0,0,0,0,0.544336189632644,5.394031771532045,0.18287274819112231,573,0,gt_missing_top_l,622,0,gt_missing_top_l,573,0,gt_missing_top_l,133,0,gt_missing_top_l,622,0,gt_missing_top_l,622,0,gt_missing_top_l,0_0_0_10_14_16,-26.0
2,5,468,109,0,0,0,0,0.07772700393424853,5.294338263625438,0.5109880327286916,109,0,gt_missing_top_l,314,0,gt_missing_top_l,109,0,gt_missing_top_l,119,0,gt_missing_top_l,978,0,gt_missing_top_l,978,0,gt_missing_top_l,0_0_0_10_14_16,-26.0
2,6,89,566,1,3,1,3,0.18830229354689618,4.975104668175056,0.6091648897113564,566,0,selectable_miss,89,1,hit,566,0,selectable_miss,89,1,hit,957,0,selectable_miss,957,0,selectable_miss,0_0_0_10_14_16,-26.0
2,7,713,949,1,4,1,4,0.7722646070150083,6.184648284965677,0.9410788617113608,949,0,selectable_miss,949,0,selectable_miss,949,0,selectable_miss,949,0,selectable_miss,949,0,selectable_miss,949,0,selectable_miss,0_0_0_10_14_16,-26.0
2,8,865,865,1,1,1,1,1.3794417032215511,6.086650726763403,0.9046548605550183,865,1,hit,865,1,hit,121,0,selectable_miss,865,1,hit,865,1,hit,865,1,hit,0_0_0_10_14_16,-26.0
2,9,492,971,0,0,0,0,0.21173685763335015,5.323850311325652,0.30331010057381624,971,0,gt_missing_top_l,371,0,gt_missing_top_l,371,0,gt_missing_top_l,371,0,gt_missing_top_l,371,0,gt_missing_top_l,371,0,gt_missing_top_l,0_0_0_10_14_16,-26.0
2,10,765,833,1,3,1,3,0.11128387277813315,5.065150078682907,0.7099597926663557,833,0,selectable_miss,765,1,hit,765,1,hit,765,1,hit,765,1,hit,765,1,hit,0_0_0_10_14_16,-26.0
2,11,1023,286,0,0,0,0,0.2628568836176636,5.816014610358929,0.5793056660152467,286,0,gt_missing_top_l,61,0,gt_missing_top_l,178,0,gt_missing_top_l,286,0,gt_missing_top_l,286,0,gt_missing_top_l,286,0,gt_missing_top_l,0_0_0_10_14_16,-26.0
2,12,597,677,0,0,0,0,0.5640463863505468,5.747363099899606,0.5545020590386545,677,0,gt_missing_top_l,240,0,gt_missing_top_l,994,0,gt_missing_top_l,240,0,gt_missing_top_l,240,0,gt_missing_top_l,240,0,gt_missing_top_l,0_0_0_10_14_16,-26.0
2,13,562,944,1,13,1,13,0.35800465562548184,6.0493199631584,0.45810036318580755,944,0,selectable_miss,279,0,selectable_miss,927,0,selectable_miss,279,0,selectable_miss,279,0,selectable_miss,279,0,selectable_miss,0_0_0_10_14_16,-26.0
2,14,478,478,1,1,1,1,1.5755780772076111,6.927996929503847,0.9828659522390363,478,1,hit,478,1,hit,478,1,hit,478,1,hit,478,1,hit,478,1,hit,0_0_0_10_14_16,-26.0
2,15,267,267,1,1,1,1,0.9760728813675184,6.7395982803944765,0.9017271963423297,267,1,hit,267,1,hit,999,0,selectable_miss,267,1,hit,267,1,hit,267,1,hit,0_0_0_10_14_16,-26.0
2,16,917,568,0,0,0,0,0.22520761661340996,5.570337367747587,0.9432573350970127,568,0,gt_missing_top_l,568,0,gt_missing_top_l,728,0,gt_missing_top_l,568,0,gt_missing_top_l,568,0,gt_missing_top_l,568,0,gt_missing_top_l,0_0_0_10_14_16,-26.0
2,17,656,213,0,0,0,0,0.04796577066185105,5.519844740147014,0.7746776740734556,213,0,gt_missing_top_l,213,0,gt_missing_top_l,319,0,gt_missing_top_l,213,0,gt_missing_top_l,575,0,gt_missing_top_l,575,0,gt_missing_top_l,0_0_0_10_14_16,-26.0
2,18,889,889,1,1,1,1,2.3994599275876514,8.299113127282283,0.9351760285934547,889,1,hit,889,1,hit,889,1,hit,889,1,hit,889,1,hit,889,1,hit,0_0_0_10_14_16,-26.0
2,19,510,706,0,0,0,0,0.29207682395926005,5.517607884540398,0.6847930305583316,706,0,gt_missing_top_l,413,0,gt_missing_top_l,804,0,gt_missing_top_l,706,0,gt_missing_top_l,413,0,gt_missing_top_l,413,0,gt_missing_top_l,0_0_0_10_14_16,-26.0
2,20,860,416,0,0,0,0,0.1756761333546392,5.883951626976369,0.22633709520230003,416,0,gt_missing_top_l,940,0,gt_missing_top_l,975,0,gt_missing_top_l,813,0,gt_missing_top_l,940,0,gt_missing_top_l,940,0,gt_missing_top_l,0_0_0_10_14_16,-26.0
2,21,553,232,1,15,1,15,0.5680185799621278,5.493170879878826,0.600715250194154,232,0,selectable_miss,553,1,hit,819,0,selectable_miss,553,1,hit,152,0,selectable_miss,152,0,selectable_miss,0_0_0_10_14_16,-26.0
2,22,629,11,1,12,1,12,0.6035300613445154,5.9897501387976355,0.4365337864512799,11,0,selectable_miss,629,1,hit,488,0,selectable_miss,629,1,hit,629,1,hit,629,1,hit,0_0_0_10_14_16,-26.0
2,23,759,759,1,1,1,1,0.19471313564837223,5.681348388798229,0.9911341932669153,759,1,hit,759,1,hit,759,1,hit,759,1,hit,759,1,hit,759,1,hit,0_0_0_10_14_16,-26.0
2,24,874,874,1,1,1,1,1.0829172928812483,6.660499076444694,0.9894828848380236,874,1,hit,874,1,hit,874,1,hit,874,1,hit,874,1,hit,874,1,hit,0_0_0_10_14_16,-26.0
2,25,720,721,0,0,0,0,0.3740396163436557,6.3171122687943,0.13778293365397237,721,0,gt_missing_top_l,327,0,gt_missing_top_l,721,0,gt_missing_top_l,724,0,gt_missing_top_l,327,0,gt_missing_top_l,327,0,gt_missing_top_l,0_0_0_10_14_16,-26.0
2,26,314,1021,0,0,0,0,1.6432742251511931,6.949227816517043,0.6735455584505482,1021,0,gt_missing_top_l,1021,0,gt_missing_top_l,1021,0,gt_missing_top_l,166,0,gt_missing_top_l,1021,0,gt_missing_top_l,1021,0,gt_missing_top_l,0_0_0_10_14_16,-26.0
2,27,602,26,1,7,1,7,0.2847170931844013,5.491936037741424,0.5620560605170491,26,0,selectable_miss,602,1,hit,26,0,selectable_miss,96,0,selectable_miss,602,1,hit,602,1,hit,0_0_0_10_14_16,-26.0
2,28,7,981,0,0,0,0,0.6232853625856827,5.47590394923556,0.34418496991082953,981,0,gt_missing_top_l,139,0,gt_missing_top_l,981,0,gt_missing_top_l,139,0,gt_missing_top_l,139,0,gt_missing_top_l,139,0,gt_missing_top_l,0_0_0_10_14_16,-26.0
2,29,610,678,1,10,1,10,0.1650993431248973,5.2032932594810255,0.414779298859446,678,0,selectable_miss,209,0,selectable_miss,678,0,selectable_miss,209,0,selectable_miss,984,0,selectable_miss,984,0,selectable_miss,0_0_0_10_14_16,-26.0
2,30,775,827,0,0,0,0,1.0759461110018578,5.983912755780686,0.865557007974793,827,0,gt_missing_top_l,827,0,gt_missing_top_l,827,0,gt_missing_top_l,954,0,gt_missing_top_l,827,0,gt_missing_top_l,827,0,gt_missing_top_l,0_0_0_10_14_16,-26.0
2,31,912,298,1,4,1,4,0.17038100297249545,5.30996464127467,0.5219536236128467,298,0,selectable_miss,912,1,hit,298,0,selectable_miss,912,1,hit,912,1,hit,912,1,hit,0_0_0_10_14_16,-26.0
2,32,768,768,1,1,1,1,0.9090526969633567,6.671553385585716,0.8136966176512546,768,1,hit,768,1,hit,768,1,hit,768,1,hit,272,0,selectable_miss,272,0,selectable_miss,0_0_0_10_14_16,-26.0
2,33,581,890,1,17,1,17,0.17349115574008298,5.562822680577834,0.9010922530744516,890,0,selectable_miss,890,0,selectable_miss,890,0,selectable_miss,159,0,selectable_miss,890,0,selectable_miss,890,0,selectable_miss,0_0_0_10_14_16,-26.0
2,34,93,93,1,1,1,1,0.627085927698463,5.851199901620951,0.9020198424519309,93,1,hit,93,1,hit,93,1,hit,93,1,hit,93,1,hit,93,1,hit,0_0_0_10_14_16,-26.0
3,0,222,447,0,0,0,0,0.3603303342522124,6.0485165759563575,0.779987734880297,447,0,gt_missing_top_l,497,0,gt_missing_top_l,447,0,gt_missing_top_l,497,0,gt_missing_top_l,497,0,gt_missing_top_l,497,0,gt_missing_top_l,0_0_0_10_14_16,-26.0
3,1,711,83,0,0,0,0,0.47524840619036124,5.864773404588401,0.8112583388565483,83,0,gt_missing_top_l,83,0,gt_missing_top_l,83,0,gt_missing_top_l,83,0,gt_missing_top_l,83,0,gt_missing_top_l,83,0,gt_missing_top_l,0_0_0_10_14_16,-26.0
3,2,871,626,0,0,0,0,0.4459038287906885,6.152595990721767,0.2764358424712055,626,0,gt_missing_top_l,858,0,gt_missing_top_l,626,0,gt_missing_top_l,858,0,gt_missing_top_l,858,0,gt_missing_top_l,858,0,gt_missing_top_l,0_0_0_10_14_16,-26.0
3,3,718,116,0,0,0,0,0.5973048218022569,5.714792818757156,0.20772702273877527,116,0,gt_missing_top_l,941,0,gt_missing_top_l,116,0,gt_missing_top_l,35,0,gt_missing_top_l,35,0,gt_missing_top_l,35,0,gt_missing_top_l,0_0_0_10_14_16,-26.0
3,4,107,697,0,0,0,0,0.35070300880072414,5.397351842752322,0.5699066688125874,697,0,gt_missing_top_l,483,0,gt_missing_top_l,697,0,gt_missing_top_l,483,0,gt_missing_top_l,483,0,gt_missing_top_l,483,0,gt_missing_top_l,0_0_0_10_14_16,-26.0
3,5,468,850,1,2,1,2,0.20042996390639373,5.633145247238386,0.597190651247148,850,0,selectable_miss,468,1,hit,850,0,selectable_miss,468,1,hit,468,1,hit,468,1,hit,0_0_0_10_14_16,-26.0
3,6,89,862,1,14,1,14,0.28352845183736103,4.742342153979896,0.7451468982544673,862,0,selectable_miss,862,0,selectable_miss,862,0,selectable_miss,89,1,hit,545,0,selectable_miss,545,0,selectable_miss,0_0_0_10_14_16,-26.0
3,7,713,1022,1,19,1,19,0.5572661337250144,5.178648009665871,0.467101446619651,1022,0,selectable_miss,713,1,hit,1022,0,selectable_miss,713,1,hit,713,1,hit,713,1,hit,0_0_0_10_14_16,-26.0
3,8,865,877,1,22,1,22,0.25229984581668663,5.694101265464342,0.4598711298450039,877,0,selectable_miss,160,0,selectable_miss,877,0,selectable_miss,596,0,selectable_miss,160,0,selectable_miss,160,0,selectable_miss,0_0_0_10_14_16,-26.0
3,9,492,1001,0,0,0,0,0.34797066551507466,5.034914010712476,0.6403645917886334,1001,0,gt_missing_top_l,868,0,gt_missing_top_l,1001,0,gt_missing_top_l,868,0,gt_missing_top_l,868,0,gt_missing_top_l,868,0,gt_missing_top_l,0_0_0_10_14_16,-26.0
3,10,765,769,1,5,1,5,1.0073691580401827,6.488012816863726,0.5972227964394444,769,0,selectable_miss,711,0,selectable_miss,769,0,selectable_miss,765,1,hit,928,0,selectable_miss,928,0,selectable_miss,0_0_0_10_14_16,-26.0
3,11,1023,638,0,0,0,0,1.0161875978043124,6.379319218351323,0.8130193257531768,638,0,gt_missing_top_l,638,0,gt_missing_top_l,638,0,gt_missing_top_l,638,0,gt_missing_top_l,638,0,gt_missing_top_l,638,0,gt_missing_top_l,0_0_0_10_14_16,-26.0
3,12,597,373,1,3,1,3,0.21174982025914657,5.30643575881366,0.03415272307317306,373,0,selectable_miss,225,0,selectable_miss,373,0,selectable_miss,949,0,selectable_miss,225,0,selectable_miss,225,0,selectable_miss,0_0_0_10_14_16,-26.0
3,13,562,359,0,0,0,0,0.0808497206152928,6.392948395756413,0.5626488996088232,359,0,gt_missing_top_l,38,0,gt_missing_top_l,359,0,gt_missing_top_l,456,0,gt_missing_top_l,38,0,gt_missing_top_l,38,0,gt_missing_top_l,0_0_0_10_14_16,-26.0
3,14,478,848,0,0,0,0,0.38543499573944545,5.209095361266139,0.596622129454716,848,0,gt_missing_top_l,100,0,gt_missing_top_l,848,0,gt_missing_top_l,332,0,gt_missing_top_l,100,0,gt_missing_top_l,100,0,gt_missing_top_l,0_0_0_10_14_16,-26.0
3,15,267,144,1,7,1,7,0.4402348283566915,6.101054861178389,0.7239629684970342,144,0,selectable_miss,144,0,selectable_miss,144,0,selectable_miss,144,0,selectable_miss,144,0,selectable_miss,144,0,selectable_miss,0_0_0_10_14_16,-26.0
3,16,917,816,0,0,0,0,0.05922494698093358,5.085089456101949,0.8915836826647586,816,0,gt_missing_top_l,816,0,gt_missing_top_l,816,0,gt_missing_top_l,816,0,gt_missing_top_l,902,0,gt_missing_top_l,902,0,gt_missing_top_l,0_0_0_10_14_16,-26.0
3,17,656,334,0,0,0,0,0.09830826022408368,4.987980606807534,0.45880029591698973,334,0,gt_missing_top_l,32,0,gt_missing_top_l,334,0,gt_missing_top_l,32,0,gt_missing_top_l,32,0,gt_missing_top_l,32,0,gt_missing_top_l,0_0_0_10_14_16,-26.0
3,18,889,889,1,1,1,1,0.1738569248245775,5.4955194900507776,0.796371489373607,889,1,hit,647,0,selectable_miss,889,1,hit,889,1,hit,472,0,selectable_miss,472,0,selectable_miss,0_0_0_10_14_16,-26.0
3,19,510,510,1,1,1,1,1.5999230099662753,7.727859214606742,0.9639437337332759,510,1,hit,510,1,hit,510,1,hit,510,1,hit,510,1,hit,510,1,hit,0_0_0_10_14_16,-26.0
3,20,860,319,1,18,1,18,0.20262169386946577,5.058731946357637,0.7323138781586864,319,0,selectable_miss,658,0,selectable_miss,319,0,selectable_miss,658,0,selectable_miss,658,0,selectable_miss,658,0,selectable_miss,0_0_0_10_14_16,-26.0
3,21,553,847,0,0,0,0,0.07585520825717268,5.367243526098165,0.234381353537916,847,0,gt_missing_top_l,131,0,gt_missing_top_l,847,0,gt_missing_top_l,131,0,gt_missing_top_l,131,0,gt_missing_top_l,131,0,gt_missing_top_l,0_0_0_10_14_16,-26.0
3,22,629,430,0,0,0,0,0.6980140206499477,5.722657965986815,0.32934527391787954,430,0,gt_missing_top_l,515,0,gt_missing_top_l,430,0,gt_missing_top_l,515,0,gt_missing_top_l,515,0,gt_missing_top_l,515,0,gt_missing_top_l,0_0_0_10_14_16,-26.0
3,23,759,759,1,1,1,1,0.2988355333729197,6.620222628508266,0.9755358754675607,759,1,hit,759,1,hit,759,1,hit,759,1,hit,759,1,hit,759,1,hit,0_0_0_10_14_16,-26.0
3,24,874,370,1,24,1,24,0.051029336123882135,5.107332813910308,0.2693182284888119,370,0,selectable_miss,18,0,selectable_miss,370,0,selectable_miss,18,0,selectable_miss,18,0,selectable_miss,18,0,selectable_miss,0_0_0_10_14_16,-26.0
3,25,720,524,1,4,1,4,0.38950945333732157,6.256195079306255,0.6203174987085395,524,0,selectable_miss,720,1,hit,524,0,selectable_miss,720,1,hit,720,1,hit,720,1,hit,0_0_0_10_14_16,-26.0
3,26,314,208,0,0,0,0,0.22232293148239385,5.455837464421972,0.5149089213222747,208,0,gt_missing_top_l,123,0,gt_missing_top_l,208,0,gt_missing_top_l,249,0,gt_missing_top_l,249,0,gt_missing_top_l,249,0,gt_missing_top_l,0_0_0_10_14_16,-26.0
3,27,602,602,1,1,1,1,0.877815261289754,6.592592419596702,0.8319180617418385,602,1,hit,602,1,hit,602,1,hit,602,1,hit,602,1,hit,602,1,hit,0_0_0_10_14_16,-26.0
3,28,7,767,1,21,1,21,0.1627579865257572,5.621657402672589,0.6091839545163967,767,0,selectable_miss,362,0,selectable_miss,767,0,selectable_miss,643,0,selectable_miss,643,0,selectable_miss,643,0,selectable_miss,0_0_0_10_14_16,-26.0
3,29,610,610,1,1,1,1,0.23629064198881344,5.3095764935971665,0.8100756295181935,610,1,hit,498,0,selectable_miss,610,1,hit,610,1,hit,352,0,selectable_miss,352,0,selectable_miss,0_0_0_10_14_16,-26.0
3,30,778,720,0,0,0,0,0.2391902929801843,5.790718662811907,0.6183172843539811,720,0,gt_missing_top_l,320,0,gt_missing_top_l,720,0,gt_missing_top_l,381,0,gt_missing_top_l,454,0,gt_missing_top_l,454,0,gt_missing_top_l,0_0_0_10_14_16,-26.0
3,31,897,60,0,0,0,0,0.09704165514977967,5.025186949962429,0.46669513849101957,60,0,gt_missing_top_l,413,0,gt_missing_top_l,60,0,gt_missing_top_l,163,0,gt_missing_top_l,413,0,gt_missing_top_l,413,0,gt_missing_top_l,0_0_0_10_14_16,-26.0
3,32,740,740,1,1,1,1,0.9011473644713229,6.850794350499738,0.8207332666614501,740,1,hit,740,1,hit,740,1,hit,740,1,hit,740,1,hit,740,1,hit,0_0_0_10_14_16,-26.0
3,33,590,789,1,6,1,6,0.8366974144673802,6.281311516622331,0.31856293671780683,789,0,selectable_miss,403,0,selectable_miss,789,0,selectable_miss,403,0,selectable_miss,403,0,selectable_miss,403,0,selectable_miss,0_0_0_10_14_16,-26.0
3,34,930,195,1,2,1,2,0.20485604065956525,7.041731990296919,0.4033056074815669,195,0,selectable_miss,930,1,hit,195,0,selectable_miss,930,1,hit,930,1,hit,930,1,hit,0_0_0_10_14_16,-26.0
5,0,222,909,0,0,0,0,0.3234884982057651,6.151455628264157,0.5765846874757868,909,0,gt_missing_top_l,498,0,gt_missing_top_l,909,0,gt_missing_top_l,498,0,gt_missing_top_l,498,0,gt_missing_top_l,498,0,gt_missing_top_l,0_0_0_10_14_16,-26.0
5,1,826,184,0,0,0,0,0.18324651147594412,5.579550217713825,0.19400396488458516,184,0,gt_missing_top_l,447,0,gt_missing_top_l,184,0,gt_missing_top_l,447,0,gt_missing_top_l,447,0,gt_missing_top_l,447,0,gt_missing_top_l,0_0_0_10_14_16,-26.0
5,2,871,111,1,5,1,5,0.07599834946432674,5.8533719448139525,0.7891847085351145,111,0,selectable_miss,871,1,hit,111,0,selectable_miss,111,0,selectable_miss,111,0,selectable_miss,111,0,selectable_miss,0_0_0_10_14_16,-26.0
5,3,718,85,1,2,1,2,0.30974093836745503,5.82963896939403,0.5247637228455102,85,0,selectable_miss,379,0,selectable_miss,85,0,selectable_miss,379,0,selectable_miss,379,0,selectable_miss,379,0,selectable_miss,0_0_0_10_14_16,-26.0
5,4,86,233,1,24,1,24,1.0488978334685513,5.832891043677134,0.4752181315435738,233,0,selectable_miss,759,0,selectable_miss,233,0,selectable_miss,439,0,selectable_miss,439,0,selectable_miss,439,0,selectable_miss,0_0_0_10_14_16,-26.0
5,5,468,186,0,0,0,0,0.21838886823674641,5.461341551967372,0.5446584836406647,186,0,gt_missing_top_l,890,0,gt_missing_top_l,186,0,gt_missing_top_l,890,0,gt_missing_top_l,890,0,gt_missing_top_l,890,0,gt_missing_top_l,0_0_0_10_14_16,-26.0
5,6,89,808,0,0,0,0,0.023944439471455,5.0176384011036355,0.43580755355192247,808,0,gt_missing_top_l,347,0,gt_missing_top_l,808,0,gt_missing_top_l,347,0,gt_missing_top_l,347,0,gt_missing_top_l,347,0,gt_missing_top_l,0_0_0_10_14_16,-26.0
5,7,713,979,0,0,0,0,0.0858188353532435,5.300035410556897,0.6655088236421313,979,0,gt_missing_top_l,825,0,gt_missing_top_l,979,0,gt_missing_top_l,825,0,gt_missing_top_l,977,0,gt_missing_top_l,977,0,gt_missing_top_l,0_0_0_10_14_16,-26.0
5,8,865,865,1,1,1,1,0.45788896376907595,6.42447034512331,0.9813224514108804,865,1,hit,865,1,hit,865,1,hit,865,1,hit,263,0,selectable_miss,263,0,selectable_miss,0_0_0_10_14_16,-26.0
5,9,492,492,1,1,1,1,0.3387299458275819,5.1125101060451765,0.9247550820898994,492,1,hit,492,1,hit,492,1,hit,492,1,hit,492,1,hit,492,1,hit,0_0_0_10_14_16,-26.0
5,10,765,642,0,0,0,0,0.329093414669659,6.026499921271018,0.41362359016321454,642,0,gt_missing_top_l,238,0,gt_missing_top_l,642,0,gt_missing_top_l,727,0,gt_missing_top_l,238,0,gt_missing_top_l,238,0,gt_missing_top_l,0_0_0_10_14_16,-26.0
5,11,1023,1023,1,1,1,1,1.5509825236224672,6.70049536818998,0.9135231992146813,1023,1,hit,1023,1,hit,1023,1,hit,1023,1,hit,1023,1,hit,1023,1,hit,0_0_0_10_14_16,-26.0
5,12,597,456,1,12,1,12,0.2774884490529084,5.937308301260311,0.21684597619822796,456,0,selectable_miss,825,0,selectable_miss,456,0,selectable_miss,825,0,selectable_miss,825,0,selectable_miss,825,0,selectable_miss,0_0_0_10_14_16,-26.0
5,13,562,4,1,4,1,4,0.2512689656453337,5.738904827012227,0.3170416022273355,4,0,selectable_miss,562,1,hit,4,0,selectable_miss,562,1,hit,562,1,hit,562,1,hit,0_0_0_10_14_16,-26.0
5,14,478,478,1,1,1,1,0.4675403779939179,6.876018906344391,0.9664771178339661,478,1,hit,478,1,hit,478,1,hit,478,1,hit,478,1,hit,478,1,hit,0_0_0_10_14_16,-26.0
5,15,267,837,1,5,1,5,0.0664321290930792,5.158734958154262,0.4067759751007507,837,0,selectable_miss,333,0,selectable_miss,837,0,selectable_miss,524,0,selectable_miss,333,0,selectable_miss,333,0,selectable_miss,0_0_0_10_14_16,-26.0
5,16,917,435,0,0,0,0,0.18615581733962633,4.856067519440941,0.7124433803297412,435,0,gt_missing_top_l,244,0,gt_missing_top_l,435,0,gt_missing_top_l,22,0,gt_missing_top_l,953,0,gt_missing_top_l,953,0,gt_missing_top_l,0_0_0_10_14_16,-26.0
5,17,656,1,0,0,0,0,0.8548005103597263,5.81712379056516,0.36639927611786693,1,0,gt_missing_top_l,119,0,gt_missing_top_l,1,0,gt_missing_top_l,446,0,gt_missing_top_l,446,0,gt_missing_top_l,446,0,gt_missing_top_l,0_0_0_10_14_16,-26.0
5,18,889,832,0,0,0,0,0.16311501222539657,5.424750568702478,0.08778631047968531,832,0,gt_missing_top_l,683,0,gt_missing_top_l,832,0,gt_missing_top_l,683,0,gt_missing_top_l,611,0,gt_missing_top_l,611,0,gt_missing_top_l,0_0_0_10_14_16,-26.0
5,19,510,510,1,1,1,1,0.8422187217278128,6.270976468960612,0.9175041718434434,510,1,hit,510,1,hit,510,1,hit,510,1,hit,510,1,hit,510,1,hit,0_0_0_10_14_16,-26.0
5,20,860,314,0,0,0,0,0.1597687901724398,5.263266999136586,0.89805866719231,314,0,gt_missing_top_l,314,0,gt_missing_top_l,314,0,gt_missing_top_l,314,0,gt_missing_top_l,314,0,gt_missing_top_l,314,0,gt_missing_top_l,0_0_0_10_14_16,-26.0
5,21,553,553,1,1,1,1,0.018843605395921115,5.895122975518731,0.971273715701445,553,1,hit,553,1,hit,553,1,hit,553,1,hit,553,1,hit,553,1,hit,0_0_0_10_14_16,-26.0
5,22,629,629,1,1,1,1,1.1160885841859343,6.752287701210625,0.7848637180985852,629,1,hit,629,1,hit,629,1,hit,629,1,hit,633,0,selectable_miss,633,0,selectable_miss,0_0_0_10_14_16,-26.0
5,23,759,743,0,0,0,0,0.7210095307150661,6.389523242609298,0.4357064924153999,743,0,gt_missing_top_l,753,0,gt_missing_top_l,743,0,gt_missing_top_l,753,0,gt_missing_top_l,753,0,gt_missing_top_l,753,0,gt_missing_top_l,0_0_0_10_14_16,-26.0
5,24,874,874,1,1,1,1,0.3255119566456953,5.84120242239983,0.987926291565212,874,1,hit,874,1,hit,874,1,hit,874,1,hit,874,1,hit,874,1,hit,0_0_0_10_14_16,-26.0
5,25,720,720,1,1,1,1,0.23767010198874003,5.341007947301351,0.9286619901985886,720,1,hit,720,1,hit,720,1,hit,720,1,hit,720,1,hit,720,1,hit,0_0_0_10_14_16,-26.0
5,26,314,27,0,0,0,0,0.11329894904430135,5.7295217344023,0.09501918073360728,27,0,gt_missing_top_l,667,0,gt_missing_top_l,27,0,gt_missing_top_l,667,0,gt_missing_top_l,667,0,gt_missing_top_l,667,0,gt_missing_top_l,0_0_0_10_14_16,-26.0
5,27,602,430,0,0,0,0,0.7280069254781285,5.79538221188523,0.81022532128034,430,0,gt_missing_top_l,430,0,gt_missing_top_l,430,0,gt_missing_top_l,430,0,gt_missing_top_l,430,0,gt_missing_top_l,430,0,gt_missing_top_l,0_0_0_10_14_16,-26.0
5,28,7,28,0,0,0,0,0.016471066416109445,5.553495984940975,0.7773434521549948,28,0,gt_missing_top_l,28,0,gt_missing_top_l,28,0,gt_missing_top_l,247,0,gt_missing_top_l,247,0,gt_missing_top_l,247,0,gt_missing_top_l,0_0_0_10_14_16,-26.0
5,29,610,390,0,0,0,0,0.8176180198058381,5.724908870303954,0.6338424483730363,390,0,gt_missing_top_l,949,0,gt_missing_top_l,390,0,gt_missing_top_l,78,0,gt_missing_top_l,949,0,gt_missing_top_l,949,0,gt_missing_top_l,0_0_0_10_14_16,-26.0
5,30,823,129,1,5,1,5,0.5247170861204644,5.845117696471648,0.23557883155473194,129,0,selectable_miss,823,1,hit,129,0,selectable_miss,823,1,hit,823,1,hit,823,1,hit,0_0_0_10_14_16,-26.0
5,31,913,634,1,6,1,6,1.192121279453477,6.252094450061952,0.25226765319228955,634,0,selectable_miss,548,0,selectable_miss,634,0,selectable_miss,548,0,selectable_miss,548,0,selectable_miss,548,0,selectable_miss,0_0_0_10_14_16,-26.0
5,32,741,162,1,5,1,5,0.6283029738380776,6.514946498960207,0.2972529141233068,162,0,selectable_miss,34,0,selectable_miss,162,0,selectable_miss,741,1,hit,34,0,selectable_miss,34,0,selectable_miss,0_0_0_10_14_16,-26.0
5,33,581,731,0,0,0,0,0.3507794866381703,5.081887450945067,0.7359230043222634,731,0,gt_missing_top_l,550,0,gt_missing_top_l,731,0,gt_missing_top_l,731,0,gt_missing_top_l,550,0,gt_missing_top_l,550,0,gt_missing_top_l,0_0_0_10_14_16,-26.0
5,34,91,174,1,14,1,14,0.03293437137992099,5.146231855278484,0.7798952232784737,174,0,selectable_miss,156,0,selectable_miss,174,0,selectable_miss,156,0,selectable_miss,156,0,selectable_miss,156,0,selectable_miss,0_0_0_10_14_16,-26.0
6,0,803,622,1,3,1,3,0.47973682887402647,5.902986071713849,0.3176295106838416,622,0,selectable_miss,803,1,hit,622,0,selectable_miss,803,1,hit,803,1,hit,803,1,hit,0_0_0_10_14_16,-26.0
6,1,826,826,1,1,1,1,0.8053973859105833,6.329484215520028,0.42430189656918527,826,1,hit,714,0,selectable_miss,826,1,hit,356,0,selectable_miss,356,0,selectable_miss,356,0,selectable_miss,0_0_0_10_14_16,-26.0
6,2,871,104,1,2,1,2,0.5110656161675659,6.154123118954268,0.5724531472146774,104,0,selectable_miss,871,1,hit,104,0,selectable_miss,871,1,hit,871,1,hit,871,1,hit,0_0_0_10_14_16,-26.0
6,3,718,718,1,1,1,1,1.0995551839540476,6.074352810399615,0.7359784532317195,718,1,hit,718,1,hit,718,1,hit,718,1,hit,718,1,hit,718,1,hit,0_0_0_10_14_16,-26.0
6,4,107,659,1,2,1,2,0.7157539003733709,5.948484359808289,0.49394686322973624,659,0,selectable_miss,107,1,hit,659,0,selectable_miss,107,1,hit,107,1,hit,107,1,hit,0_0_0_10_14_16,-26.0
6,5,468,230,1,15,1,15,0.018351760480393886,5.129352810653865,0.20864562857616079,230,0,selectable_miss,468,1,hit,230,0,selectable_miss,468,1,hit,468,1,hit,468,1,hit,0_0_0_10_14_16,-26.0
6,6,89,803,0,0,0,0,0.16621906792409497,5.7314061663118085,0.8367465363325015,803,0,gt_missing_top_l,803,0,gt_missing_top_l,803,0,gt_missing_top_l,803,0,gt_missing_top_l,803,0,gt_missing_top_l,803,0,gt_missing_top_l,0_0_0_10_14_16,-26.0
6,7,713,630,0,0,0,0,0.44109459414096586,5.7083684410300926,0.44908190209201365,630,0,gt_missing_top_l,398,0,gt_missing_top_l,630,0,gt_missing_top_l,398,0,gt_missing_top_l,398,0,gt_missing_top_l,398,0,gt_missing_top_l,0_0_0_10_14_16,-26.0
6,8,865,258,0,0,0,0,0.2804110475838131,5.476959377413761,0.4361205738055803,258,0,gt_missing_top_l,832,0,gt_missing_top_l,258,0,gt_missing_top_l,824,0,gt_missing_top_l,104,0,gt_missing_top_l,104,0,gt_missing_top_l,0_0_0_10_14_16,-26.0
6,9,492,763,1,5,1,5,0.03360694333206148,5.135853724175247,0.6783358061793174,763,0,selectable_miss,507,0,selectable_miss,763,0,selectable_miss,260,0,selectable_miss,507,0,selectable_miss,507,0,selectable_miss,0_0_0_10_14_16,-26.0
6,10,765,356,0,0,0,0,0.26315188061188627,5.371350392549451,0.27536454942111765,356,0,gt_missing_top_l,773,0,gt_missing_top_l,356,0,gt_missing_top_l,773,0,gt_missing_top_l,963,0,gt_missing_top_l,963,0,gt_missing_top_l,0_0_0_10_14_16,-26.0
6,11,1023,179,1,13,1,13,0.28476893976882467,5.200356248747525,0.4187352921183658,179,0,selectable_miss,579,0,selectable_miss,179,0,selectable_miss,579,0,selectable_miss,1023,1,hit,1023,1,hit,0_0_0_10_14_16,-26.0
6,12,597,296,0,0,0,0,0.2474284999356529,5.221717208005011,0.4039212847650822,296,0,gt_missing_top_l,784,0,gt_missing_top_l,296,0,gt_missing_top_l,784,0,gt_missing_top_l,784,0,gt_missing_top_l,784,0,gt_missing_top_l,0_0_0_10_14_16,-26.0
6,13,562,421,1,9,1,9,0.018158887260804918,5.182560289989786,0.6159948764905276,421,0,selectable_miss,279,0,selectable_miss,421,0,selectable_miss,279,0,selectable_miss,279,0,selectable_miss,279,0,selectable_miss,0_0_0_10_14_16,-26.0
6,14,478,187,0,0,0,0,0.19915273443457548,5.672900468537171,0.8858812047090284,187,0,gt_missing_top_l,187,0,gt_missing_top_l,187,0,gt_missing_top_l,187,0,gt_missing_top_l,187,0,gt_missing_top_l,187,0,gt_missing_top_l,0_0_0_10_14_16,-26.0
6,15,267,832,0,0,0,0,0.6253254013978881,6.003843832958563,0.4017821761664914,832,0,gt_missing_top_l,670,0,gt_missing_top_l,832,0,gt_missing_top_l,157,0,gt_missing_top_l,157,0,gt_missing_top_l,157,0,gt_missing_top_l,0_0_0_10_14_16,-26.0
6,16,917,728,1,3,1,3,0.1921215036643917,5.557788969689348,0.7607989803679398,728,0,selectable_miss,917,1,hit,728,0,selectable_miss,917,1,hit,728,0,selectable_miss,728,0,selectable_miss,0_0_0_10_14_16,-26.0
6,17,656,51,1,9,1,9,0.1845295098583025,5.15705000039835,0.17661211034600957,51,0,selectable_miss,656,1,hit,51,0,selectable_miss,656,1,hit,656,1,hit,656,1,hit,0_0_0_10_14_16,-26.0
6,18,889,631,1,15,1,15,1.2501288540987818,6.466256782889573,0.6312152699678958,631,0,selectable_miss,889,1,hit,631,0,selectable_miss,566,0,selectable_miss,631,0,selectable_miss,631,0,selectable_miss,0_0_0_10_14_16,-26.0
6,19,510,510,1,1,1,1,1.5005604233822092,6.506111600394025,0.8419684265610976,510,1,hit,510,1,hit,510,1,hit,510,1,hit,510,1,hit,510,1,hit,0_0_0_10_14_16,-26.0
6,20,860,496,1,12,1,12,0.09235449257544096,5.710598885129226,0.8446510730475643,496,0,selectable_miss,496,0,selectable_miss,496,0,selectable_miss,860,1,hit,496,0,selectable_miss,496,0,selectable_miss,0_0_0_10_14_16,-26.0
6,21,553,675,1,3,1,3,1.0456417514300924,6.51616393126261,0.805693934195559,675,0,selectable_miss,675,0,selectable_miss,675,0,selectable_miss,675,0,selectable_miss,675,0,selectable_miss,675,0,selectable_miss,0_0_0_10_14_16,-26.0
6,22,629,12,1,19,1,19,0.24809532201116494,5.483079869081713,0.4913228028777116,12,0,selectable_miss,501,0,selectable_miss,12,0,selectable_miss,553,0,selectable_miss,501,0,selectable_miss,501,0,selectable_miss,0_0_0_10_14_16,-26.0
6,23,759,245,0,0,0,0,0.6591162735383239,5.506847693128321,0.7050719222346425,245,0,gt_missing_top_l,834,0,gt_missing_top_l,245,0,gt_missing_top_l,245,0,gt_missing_top_l,834,0,gt_missing_top_l,834,0,gt_missing_top_l,0_0_0_10_14_16,-26.0
6,24,874,837,0,0,0,0,0.004306776580035539,5.75305541468695,0.23796135340356336,837,0,gt_missing_top_l,347,0,gt_missing_top_l,837,0,gt_missing_top_l,347,0,gt_missing_top_l,347,0,gt_missing_top_l,347,0,gt_missing_top_l,0_0_0_10_14_16,-26.0
6,25,720,721,1,20,1,20,0.1370578475904337,6.140688656161598,0.6335895551309286,721,0,selectable_miss,729,0,selectable_miss,721,0,selectable_miss,729,0,selectable_miss,729,0,selectable_miss,729,0,selectable_miss,0_0_0_10_14_16,-26.0
6,26,314,168,1,19,1,19,0.22289234190387214,5.937207699056114,0.27307407695433605,168,0,selectable_miss,827,0,selectable_miss,168,0,selectable_miss,827,0,selectable_miss,868,0,selectable_miss,868,0,selectable_miss,0_0_0_10_14_16,-26.0
6,27,602,575,0,0,0,0,0.3534865109008064,5.660457336643514,0.7952727537975566,575,0,gt_missing_top_l,575,0,gt_missing_top_l,575,0,gt_missing_top_l,700,0,gt_missing_top_l,700,0,gt_missing_top_l,700,0,gt_missing_top_l,0_0_0_10_14_16,-26.0
6,28,7,628,0,0,0,0,0.08853111229786911,5.824693865715865,0.5971069096548282,628,0,gt_missing_top_l,865,0,gt_missing_top_l,628,0,gt_missing_top_l,865,0,gt_missing_top_l,865,0,gt_missing_top_l,865,0,gt_missing_top_l,0_0_0_10_14_16,-26.0
6,29,610,907,0,0,0,0,0.40913685372042696,5.800970335978591,0.24290701094035658,907,0,gt_missing_top_l,534,0,gt_missing_top_l,907,0,gt_missing_top_l,534,0,gt_missing_top_l,159,0,gt_missing_top_l,159,0,gt_missing_top_l,0_0_0_10_14_16,-26.0
6,30,791,272,1,14,1,14,0.22861878386131743,5.415835514226641,0.21721987016557537,272,0,selectable_miss,791,1,hit,272,0,selectable_miss,791,1,hit,720,0,selectable_miss,720,0,selectable_miss,0_0_0_10_14_16,-26.0
6,31,928,515,0,0,0,0,0.24055007448467025,5.288680096934387,0.8001535710312988,515,0,gt_missing_top_l,1009,0,gt_missing_top_l,515,0,gt_missing_top_l,515,0,gt_missing_top_l,1009,0,gt_missing_top_l,1009,0,gt_missing_top_l,0_0_0_10_14_16,-26.0
6,32,760,324,0,0,0,0,0.6691420560019096,5.8980236031478235,0.31837750004057475,324,0,gt_missing_top_l,753,0,gt_missing_top_l,324,0,gt_missing_top_l,753,0,gt_missing_top_l,753,0,gt_missing_top_l,753,0,gt_missing_top_l,0_0_0_10_14_16,-26.0
6,33,584,584,1,1,1,1,0.6438331681396776,6.150541034643316,0.9479784969298101,584,1,hit,584,1,hit,584,1,hit,584,1,hit,584,1,hit,584,1,hit,0_0_0_10_14_16,-26.0
6,34,932,372,0,0,0,0,0.8288766443953789,6.463797914255409,0.39174500918440264,372,0,gt_missing_top_l,777,0,gt_missing_top_l,372,0,gt_missing_top_l,777,0,gt_missing_top_l,777,0,gt_missing_top_l,777,0,gt_missing_top_l,0_0_0_10_14_16,-26.0
8,0,803,364,0,0,0,0,0.08203665140162641,5.462786108822283,0.3369375372643563,364,0,gt_missing_top_l,278,0,gt_missing_top_l,364,0,gt_missing_top_l,108,0,gt_missing_top_l,108,0,gt_missing_top_l,108,0,gt_missing_top_l,0_0_0_10_14_16,-26.0
8,1,711,769,1,6,1,6,0.39074344556611695,5.344933226688562,0.5270602257932643,769,0,selectable_miss,49,0,selectable_miss,769,0,selectable_miss,49,0,selectable_miss,711,1,hit,711,1,hit,0_0_0_10_14_16,-26.0
8,2,922,922,1,1,1,1,0.6625794326830369,6.103467245423518,0.923350657365101,922,1,hit,922,1,hit,922,1,hit,922,1,hit,922,1,hit,922,1,hit,0_0_0_10_14_16,-26.0
8,3,691,691,1,1,1,1,1.5073859442540773,6.759240447352452,0.9510411024988883,691,1,hit,691,1,hit,691,1,hit,691,1,hit,691,1,hit,691,1,hit,0_0_0_10_14_16,-26.0
8,4,86,467,1,21,1,21,1.5236185883319413,6.7286320753074635,0.37026613459784474,467,0,selectable_miss,467,0,selectable_miss,467,0,selectable_miss,86,1,hit,86,1,hit,86,1,hit,0_0_0_10_14_16,-26.0
8,5,468,369,1,15,1,15,0.2049589958856503,5.1995011566059,0.3357389548149662,369,0,selectable_miss,468,1,hit,369,0,selectable_miss,468,1,hit,468,1,hit,468,1,hit,0_0_0_10_14_16,-26.0
8,6,89,972,1,8,1,8,0.19577368176594154,5.334812476585896,0.38145306791984956,972,0,selectable_miss,89,1,hit,972,0,selectable_miss,89,1,hit,89,1,hit,89,1,hit,0_0_0_10_14_16,-26.0
8,7,713,594,0,0,0,0,0.042590757476263674,5.5414844033026185,0.45727464885758146,594,0,gt_missing_top_l,911,0,gt_missing_top_l,594,0,gt_missing_top_l,286,0,gt_missing_top_l,286,0,gt_missing_top_l,286,0,gt_missing_top_l,0_0_0_10_14_16,-26.0
8,8,865,865,1,1,1,1,0.02442337803117653,5.942271313435974,0.9838023002716362,865,1,hit,865,1,hit,865,1,hit,865,1,hit,865,1,hit,865,1,hit,0_0_0_10_14_16,-26.0
8,9,492,492,1,1,1,1,0.13465533083130904,5.241450753727994,0.8135193517996449,492,1,hit,620,0,selectable_miss,492,1,hit,492,1,hit,492,1,hit,492,1,hit,0_0_0_10_14_16,-26.0
8,10,765,651,1,5,1,5,0.10143624380124873,5.297342613229928,0.6281204167171768,651,0,selectable_miss,765,1,hit,651,0,selectable_miss,765,1,hit,765,1,hit,765,1,hit,0_0_0_10_14_16,-26.0
8,11,1023,1023,1,1,1,1,0.2564078861347484,5.510156484549114,0.8236886092895621,1023,1,hit,1023,1,hit,1023,1,hit,1023,1,hit,1023,1,hit,1023,1,hit,0_0_0_10_14_16,-26.0
8,12,597,752,0,0,0,0,0.02235352815639218,5.3338165341620325,0.03615922703919713,752,0,gt_missing_top_l,490,0,gt_missing_top_l,752,0,gt_missing_top_l,680,0,gt_missing_top_l,680,0,gt_missing_top_l,680,0,gt_missing_top_l,0_0_0_10_14_16,-26.0
8,13,562,562,1,1,1,1,0.8708865210852608,6.48401821507915,0.9225220841878705,562,1,hit,562,1,hit,562,1,hit,562,1,hit,562,1,hit,562,1,hit,0_0_0_10_14_16,-26.0
8,14,478,1001,1,3,1,3,0.024034625068095238,5.869243386943702,0.8041659329932295,1001,0,selectable_miss,478,1,hit,1001,0,selectable_miss,478,1,hit,478,1,hit,478,1,hit,0_0_0_10_14_16,-26.0
8,15,267,832,1,2,1,2,0.5462165531380271,6.356267828892915,0.6491305339155655,832,0,selectable_miss,267,1,hit,832,0,selectable_miss,267,1,hit,267,1,hit,267,1,hit,0_0_0_10_14_16,-26.0
8,16,917,94,1,2,1,2,0.05402965189983075,5.403800296867272,0.25032357835141483,94,0,selectable_miss,917,1,hit,94,0,selectable_miss,917,1,hit,917,1,hit,917,1,hit,0_0_0_10_14_16,-26.0
8,17,656,941,1,16,1,16,0.13752669099128165,5.276147134286424,0.5373994373553246,941,0,selectable_miss,656,1,hit,941,0,selectable_miss,656,1,hit,656,1,hit,656,1,hit,0_0_0_10_14_16,-26.0
8,18,889,754,1,2,1,2,0.18535280946380045,5.702140461846272,0.578242672549982,754,0,selectable_miss,889,1,hit,754,0,selectable_miss,889,1,hit,889,1,hit,889,1,hit,0_0_0_10_14_16,-26.0
8,19,510,202,0,0,0,0,0.5070842862177938,5.645694891239231,0.7521137529919689,202,0,gt_missing_top_l,225,0,gt_missing_top_l,202,0,gt_missing_top_l,530,0,gt_missing_top_l,530,0,gt_missing_top_l,530,0,gt_missing_top_l,0_0_0_10_14_16,-26.0
8,20,860,464,0,0,0,0,0.2972538155532136,5.1001912107812695,0.471765989961701,464,0,gt_missing_top_l,417,0,gt_missing_top_l,464,0,gt_missing_top_l,417,0,gt_missing_top_l,417,0,gt_missing_top_l,417,0,gt_missing_top_l,0_0_0_10_14_16,-26.0
8,21,553,46,0,0,0,0,0.8546631240806726,6.270906855877666,0.3169155400480657,46,0,gt_missing_top_l,1023,0,gt_missing_top_l,46,0,gt_missing_top_l,91,0,gt_missing_top_l,91,0,gt_missing_top_l,91,0,gt_missing_top_l,0_0_0_10_14_16,-26.0
8,22,629,629,1,1,1,1,0.6910495813235357,5.19827627567138,0.9519283055895208,629,1,hit,629,1,hit,629,1,hit,629,1,hit,629,1,hit,629,1,hit,0_0_0_10_14_16,-26.0
8,23,759,389,1,19,1,19,0.3352827929625252,6.287465684875045,0.9633100051403558,389,0,selectable_miss,389,0,selectable_miss,389,0,selectable_miss,389,0,selectable_miss,389,0,selectable_miss,389,0,selectable_miss,0_0_0_10_14_16,-26.0
8,24,874,874,1,1,1,1,0.5213766713586656,6.935353649736362,0.7792372997842686,874,1,hit,874,1,hit,874,1,hit,874,1,hit,874,1,hit,874,1,hit,0_0_0_10_14_16,-26.0
8,25,720,222,1,9,1,9,0.0360336028916703,5.083908103883864,0.5830534400735675,222,0,selectable_miss,720,1,hit,222,0,selectable_miss,720,1,hit,720,1,hit,720,1,hit,0_0_0_10_14_16,-26.0
8,26,314,96,0,0,0,0,0.4636277196762065,5.970623625158124,0.4325416898022337,96,0,gt_missing_top_l,569,0,gt_missing_top_l,96,0,gt_missing_top_l,31,0,gt_missing_top_l,31,0,gt_missing_top_l,31,0,gt_missing_top_l,0_0_0_10_14_16,-26.0
8,27,602,620,0,0,0,0,0.2298427747681214,5.3718979358568,0.3233910727384454,620,0,gt_missing_top_l,553,0,gt_missing_top_l,620,0,gt_missing_top_l,752,0,gt_missing_top_l,921,0,gt_missing_top_l,921,0,gt_missing_top_l,0_0_0_10_14_16,-26.0
8,28,7,393,0,0,0,0,0.3332097468033813,5.446278833142662,0.3176191921588498,393,0,gt_missing_top_l,31,0,gt_missing_top_l,393,0,gt_missing_top_l,205,0,gt_missing_top_l,205,0,gt_missing_top_l,205,0,gt_missing_top_l,0_0_0_10_14_16,-26.0
8,29,610,946,0,0,0,0,0.2730280765932853,5.6505933002760305,0.6917418997736363,946,0,gt_missing_top_l,608,0,gt_missing_top_l,946,0,gt_missing_top_l,946,0,gt_missing_top_l,946,0,gt_missing_top_l,946,0,gt_missing_top_l,0_0_0_10_14_16,-26.0
8,30,775,309,1,2,1,2,0.030605085454622503,5.255184906517092,0.3533123905578402,309,0,selectable_miss,775,1,hit,309,0,selectable_miss,775,1,hit,775,1,hit,775,1,hit,0_0_0_10_14_16,-26.0
8,31,920,748,0,0,0,0,0.15981409755281228,5.022912267327886,0.7011559174287367,748,0,gt_missing_top_l,748,0,gt_missing_top_l,748,0,gt_missing_top_l,748,0,gt_missing_top_l,748,0,gt_missing_top_l,748,0,gt_missing_top_l,0_0_0_10_14_16,-26.0
8,32,753,583,0,0,0,0,0.1753369618463127,6.045926665689459,0.8119039426922005,583,0,gt_missing_top_l,583,0,gt_missing_top_l,583,0,gt_missing_top_l,583,0,gt_missing_top_l,583,0,gt_missing_top_l,583,0,gt_missing_top_l,0_0_0_10_14_16,-26.0
8,33,586,548,0,0,0,0,1.200295494708572,7.262496800815882,0.4903236401586197,548,0,gt_missing_top_l,972,0,gt_missing_top_l,548,0,gt_missing_top_l,972,0,gt_missing_top_l,972,0,gt_missing_top_l,972,0,gt_missing_top_l,0_0_0_10_14_16,-26.0
8,34,91,91,1,1,1,1,2.127909887983582,7.3584297678650055,0.8264632702173953,91,1,hit,91,1,hit,91,1,hit,91,1,hit,91,1,hit,91,1,hit,0_0_0_10_14_16,-26.0
9,0,222,506,1,3,1,3,0.5272137745972192,5.681406208495957,0.16712979149322074,506,0,selectable_miss,222,1,hit,222,1,hit,222,1,hit,222,1,hit,222,1,hit,0_0_0_10_14_16,-26.0
9,1,826,826,1,1,1,1,2.2665597449938453,7.649897985445476,0.9804545664575988,826,1,hit,826,1,hit,826,1,hit,826,1,hit,826,1,hit,826,1,hit,0_0_0_10_14_16,-26.0
9,2,922,520,0,0,0,0,0.3979789369589621,6.023103582988437,0.5197545957350234,520,0,gt_missing_top_l,518,0,gt_missing_top_l,525,0,gt_missing_top_l,520,0,gt_missing_top_l,520,0,gt_missing_top_l,520,0,gt_missing_top_l,0_0_0_10_14_16,-26.0
9,3,691,827,0,0,0,0,1.1668362391163365,6.223845625038679,0.9365343942290252,827,0,gt_missing_top_l,827,0,gt_missing_top_l,798,0,gt_missing_top_l,827,0,gt_missing_top_l,827,0,gt_missing_top_l,827,0,gt_missing_top_l,0_0_0_10_14_16,-26.0
9,4,86,86,1,1,1,1,0.18636225907500675,5.487715617961175,0.951584545157811,86,1,hit,86,1,hit,664,0,selectable_miss,86,1,hit,86,1,hit,86,1,hit,0_0_0_10_14_16,-26.0
9,5,468,82,0,0,0,0,0.14117433512516947,5.302235345067833,0.5445799772046039,82,0,gt_missing_top_l,237,0,gt_missing_top_l,234,0,gt_missing_top_l,237,0,gt_missing_top_l,234,0,gt_missing_top_l,234,0,gt_missing_top_l,0_0_0_10_14_16,-26.0
9,6,89,89,1,1,1,1,1.0640484727824628,6.476488917303811,0.896147993577449,89,1,hit,89,1,hit,306,0,selectable_miss,89,1,hit,89,1,hit,89,1,hit,0_0_0_10_14_16,-26.0
9,7,713,713,1,1,1,1,2.4626553812556247,7.785501239190192,0.928298833259705,713,1,hit,713,1,hit,713,1,hit,713,1,hit,713,1,hit,713,1,hit,0_0_0_10_14_16,-26.0
9,8,865,686,1,5,1,5,0.04713034725637193,5.251204159374625,0.24171752168281724,686,0,selectable_miss,865,1,hit,431,0,selectable_miss,865,1,hit,865,1,hit,865,1,hit,0_0_0_10_14_16,-26.0
9,9,492,133,1,20,1,20,0.4738163389275266,6.151636838810073,0.48792875073754005,133,0,selectable_miss,985,0,selectable_miss,122,0,selectable_miss,985,0,selectable_miss,985,0,selectable_miss,985,0,selectable_miss,0_0_0_10_14_16,-26.0
9,10,765,764,0,0,0,0,0.1582124191490479,5.9107251245645855,0.4894575365681615,764,0,gt_missing_top_l,537,0,gt_missing_top_l,329,0,gt_missing_top_l,480,0,gt_missing_top_l,480,0,gt_missing_top_l,480,0,gt_missing_top_l,0_0_0_10_14_16,-26.0
9,11,1023,67,0,0,0,0,0.36205762212718917,5.989046946401068,0.7801562246549453,67,0,gt_missing_top_l,353,0,gt_missing_top_l,367,0,gt_missing_top_l,353,0,gt_missing_top_l,353,0,gt_missing_top_l,353,0,gt_missing_top_l,0_0_0_10_14_16,-26.0
9,12,597,848,0,0,0,0,0.01043995760734464,5.337468171566545,0.5349936276455421,848,0,gt_missing_top_l,599,0,gt_missing_top_l,848,0,gt_missing_top_l,599,0,gt_missing_top_l,599,0,gt_missing_top_l,599,0,gt_missing_top_l,0_0_0_10_14_16,-26.0
9,13,562,238,1,3,1,3,0.04697311309584069,5.776300433306303,0.4927687870411171,238,0,selectable_miss,562,1,hit,238,0,selectable_miss,562,1,hit,562,1,hit,562,1,hit,0_0_0_10_14_16,-26.0
9,14,478,478,1,1,1,1,0.5774458649068598,5.942697555733979,0.8462296803886598,478,1,hit,478,1,hit,478,1,hit,478,1,hit,478,1,hit,478,1,hit,0_0_0_10_14_16,-26.0
9,15,267,375,0,0,0,0,0.009577072726790101,5.543579288114416,0.1274803140958233,375,0,gt_missing_top_l,151,0,gt_missing_top_l,375,0,gt_missing_top_l,151,0,gt_missing_top_l,385,0,gt_missing_top_l,385,0,gt_missing_top_l,0_0_0_10_14_16,-26.0
9,16,917,917,1,1,1,1,0.644042148691391,5.984829791163367,0.965777458770247,917,1,hit,917,1,hit,917,1,hit,917,1,hit,917,1,hit,917,1,hit,0_0_0_10_14_16,-26.0
9,17,656,656,1,1,1,1,0.10916221766900669,5.3387995945870745,0.9286364905975962,656,1,hit,656,1,hit,656,1,hit,656,1,hit,656,1,hit,656,1,hit,0_0_0_10_14_16,-26.0
9,18,889,154,0,0,0,0,0.4509358476635031,6.0877059867321135,0.321794411040065,154,0,gt_missing_top_l,888,0,gt_missing_top_l,154,0,gt_missing_top_l,517,0,gt_missing_top_l,517,0,gt_missing_top_l,517,0,gt_missing_top_l,0_0_0_10_14_16,-26.0
9,19,510,193,0,0,0,0,0.09432230135020606,5.803006417659868,0.548632489605605,193,0,gt_missing_top_l,608,0,gt_missing_top_l,193,0,gt_missing_top_l,608,0,gt_missing_top_l,608,0,gt_missing_top_l,608,0,gt_missing_top_l,0_0_0_10_14_16,-26.0
9,20,860,913,0,0,0,0,0.3043810467177964,5.531738003806238,0.47557951939080934,913,0,gt_missing_top_l,966,0,gt_missing_top_l,913,0,gt_missing_top_l,966,0,gt_missing_top_l,966,0,gt_missing_top_l,966,0,gt_missing_top_l,0_0_0_10_14_16,-26.0
9,21,553,229,1,4,1,4,0.6528161441331005,5.949652493116617,0.5563871521673087,229,0,selectable_miss,553,1,hit,229,0,selectable_miss,553,1,hit,911,0,selectable_miss,911,0,selectable_miss,0_0_0_10_14_16,-26.0
9,22,629,444,0,0,0,0,1.0917528754593417,6.999322342829038,0.4299683226851839,444,0,gt_missing_top_l,707,0,gt_missing_top_l,444,0,gt_missing_top_l,663,0,gt_missing_top_l,663,0,gt_missing_top_l,663,0,gt_missing_top_l,0_0_0_10_14_16,-26.0
9,23,759,254,1,3,1,3,0.35977942632677995,5.52720256073065,0.3380567082342714,254,0,selectable_miss,759,1,hit,254,0,selectable_miss,788,0,selectable_miss,759,1,hit,759,1,hit,0_0_0_10_14_16,-26.0
9,24,874,491,0,0,0,0,0.03372426779686183,5.187262570337414,0.81510022759801,491,0,gt_missing_top_l,129,0,gt_missing_top_l,491,0,gt_missing_top_l,491,0,gt_missing_top_l,129,0,gt_missing_top_l,129,0,gt_missing_top_l,0_0_0_10_14_16,-26.0
9,25,720,757,1,4,1,4,0.3468265353009714,6.020488363816144,0.4690283554898887,757,0,selectable_miss,720,1,hit,757,0,selectable_miss,720,1,hit,720,1,hit,720,1,hit,0_0_0_10_14_16,-26.0
9,26,314,78,0,0,0,0,0.009160880851425565,5.509133133384566,0.7111485660259779,78,0,gt_missing_top_l,196,0,gt_missing_top_l,78,0,gt_missing_top_l,78,0,gt_missing_top_l,196,0,gt_missing_top_l,196,0,gt_missing_top_l,0_0_0_10_14_16,-26.0
9,27,602,602,1,1,1,1,0.15567925520619247,5.63958043563097,0.9153028099553864,602,1,hit,602,1,hit,602,1,hit,602,1,hit,602,1,hit,602,1,hit,0_0_0_10_14_16,-26.0
9,28,7,285,0,0,0,0,0.06734374572890137,5.728185566523133,0.18516250294598122,285,0,gt_missing_top_l,356,0,gt_missing_top_l,285,0,gt_missing_top_l,356,0,gt_missing_top_l,356,0,gt_missing_top_l,356,0,gt_missing_top_l,0_0_0_10_14_16,-26.0
9,29,610,749,0,0,0,0,0.3532829815387911,5.155918415278363,0.11227561059432349,749,0,gt_missing_top_l,176,0,gt_missing_top_l,749,0,gt_missing_top_l,176,0,gt_missing_top_l,176,0,gt_missing_top_l,176,0,gt_missing_top_l,0_0_0_10_14_16,-26.0
9,30,794,794,1,1,1,1,0.18369120534376016,5.829447202655444,0.7943995210134562,794,1,hit,794,1,hit,794,1,hit,794,1,hit,794,1,hit,794,1,hit,0_0_0_10_14_16,-26.0
9,31,905,905,1,1,1,1,0.6976772303739754,6.087778296202867,0.9120141386440623,905,1,hit,905,1,hit,905,1,hit,905,1,hit,905,1,hit,905,1,hit,0_0_0_10_14_16,-26.0
9,32,741,924,0,0,0,0,0.31886591800513336,5.6330323744602175,0.3570595389760845,924,0,gt_missing_top_l,984,0,gt_missing_top_l,924,0,gt_missing_top_l,73,0,gt_missing_top_l,984,0,gt_missing_top_l,984,0,gt_missing_top_l,0_0_0_10_14_16,-26.0
9,33,580,1009,0,0,0,0,0.3093834307838219,5.2776150720290005,0.47822234978748906,1009,0,gt_missing_top_l,988,0,gt_missing_top_l,1009,0,gt_missing_top_l,988,0,gt_missing_top_l,1009,0,gt_missing_top_l,1009,0,gt_missing_top_l,0_0_0_10_14_16,-26.0
9,34,89,196,0,0,0,0,0.8042642331076889,6.106776511283662,0.9066318851550668,196,0,gt_missing_top_l,196,0,gt_missing_top_l,196,0,gt_missing_top_l,196,0,gt_missing_top_l,196,0,gt_missing_top_l,196,0,gt_missing_top_l,0_0_0_10_14_16,-26.0
10,0,803,378,0,0,0,0,0.04330818692432602,5.449135223846016,0.20458382119538004,378,0,gt_missing_top_l,819,0,gt_missing_top_l,378,0,gt_missing_top_l,819,0,gt_missing_top_l,819,0,gt_missing_top_l,819,0,gt_missing_top_l,0_0_0_10_14_16,-26.0
10,1,826,171,1,8,1,8,0.47619570351104973,6.092794928368321,0.812658268861986,171,0,selectable_miss,826,1,hit,171,0,selectable_miss,826,1,hit,826,1,hit,826,1,hit,0_0_0_10_14_16,-26.0
10,2,922,825,1,3,1,3,0.3858386374588796,5.88110055994057,0.5436180223831482,825,0,selectable_miss,922,1,hit,825,0,selectable_miss,922,1,hit,922,1,hit,922,1,hit,0_0_0_10_14_16,-26.0
10,3,691,531,0,0,0,0,0.05961487977413131,4.760950584175107,0.7370761259872409,531,0,gt_missing_top_l,451,0,gt_missing_top_l,531,0,gt_missing_top_l,451,0,gt_missing_top_l,451,0,gt_missing_top_l,451,0,gt_missing_top_l,0_0_0_10_14_16,-26.0
10,4,107,512,1,3,1,3,1.1431301718263054,6.129734220507693,0.9963641216123467,512,0,selectable_miss,512,0,selectable_miss,512,0,selectable_miss,512,0,selectable_miss,512,0,selectable_miss,512,0,selectable_miss,0_0_0_10_14_16,-26.0
10,5,468,816,0,0,0,0,0.1481982407720538,5.813890155416589,0.412535737727261,816,0,gt_missing_top_l,444,0,gt_missing_top_l,816,0,gt_missing_top_l,759,0,gt_missing_top_l,444,0,gt_missing_top_l,444,0,gt_missing_top_l,0_0_0_10_14_16,-26.0
10,6,89,823,0,0,0,0,0.30406511046822476,6.5548678455358385,0.3914431208078076,823,0,gt_missing_top_l,941,0,gt_missing_top_l,823,0,gt_missing_top_l,596,0,gt_missing_top_l,941,0,gt_missing_top_l,941,0,gt_missing_top_l,0_0_0_10_14_16,-26.0
10,7,713,735,0,0,0,0,0.22583921364399034,5.203875117005381,0.6092549050701311,735,0,gt_missing_top_l,316,0,gt_missing_top_l,735,0,gt_missing_top_l,500,0,gt_missing_top_l,500,0,gt_missing_top_l,500,0,gt_missing_top_l,0_0_0_10_14_16,-26.0
10,8,865,492,0,0,0,0,0.6107792018567259,6.069541246852037,0.3381426220096014,492,0,gt_missing_top_l,981,0,gt_missing_top_l,492,0,gt_missing_top_l,338,0,gt_missing_top_l,981,0,gt_missing_top_l,981,0,gt_missing_top_l,0_0_0_10_14_16,-26.0
10,9,492,288,0,0,0,0,0.3289017568229442,6.295327153567785,0.11214917570754099,288,0,gt_missing_top_l,497,0,gt_missing_top_l,288,0,gt_missing_top_l,1012,0,gt_missing_top_l,361,0,gt_missing_top_l,361,0,gt_missing_top_l,0_0_0_10_14_16,-26.0
10,10,765,1001,0,0,0,0,0.7745644666120505,5.634637663873092,0.4633564060722831,1001,0,gt_missing_top_l,578,0,gt_missing_top_l,1001,0,gt_missing_top_l,464,0,gt_missing_top_l,578,0,gt_missing_top_l,578,0,gt_missing_top_l,0_0_0_10_14_16,-26.0
10,11,1023,913,1,2,1,2,0.06267735280924852,6.031699739798605,0.5344080000719923,913,0,selectable_miss,529,0,selectable_miss,913,0,selectable_miss,1023,1,hit,529,0,selectable_miss,529,0,selectable_miss,0_0_0_10_14_16,-26.0
10,12,597,130,0,0,0,0,0.41070278799689175,6.142963793073094,0.49002812516751276,130,0,gt_missing_top_l,600,0,gt_missing_top_l,130,0,gt_missing_top_l,600,0,gt_missing_top_l,687,0,gt_missing_top_l,687,0,gt_missing_top_l,0_0_0_10_14_16,-26.0
10,13,562,841,0,0,0,0,0.2507073547363554,5.481971197552358,0.5199056180304995,841,0,gt_missing_top_l,148,0,gt_missing_top_l,841,0,gt_missing_top_l,329,0,gt_missing_top_l,148,0,gt_missing_top_l,148,0,gt_missing_top_l,0_0_0_10_14_16,-26.0
10,14,478,651,1,7,1,7,0.18166194118846085,5.311968107533341,0.2386032330936853,651,0,selectable_miss,69,0,selectable_miss,651,0,selectable_miss,478,1,hit,478,1,hit,478,1,hit,0_0_0_10_14_16,-26.0
10,15,267,747,0,0,0,0,0.0459277718677092,5.335533937116498,0.3233219257538817,747,0,gt_missing_top_l,669,0,gt_missing_top_l,747,0,gt_missing_top_l,378,0,gt_missing_top_l,378,0,gt_missing_top_l,378,0,gt_missing_top_l,0_0_0_10_14_16,-26.0
10,16,917,426,0,0,0,0,0.34623718852732266,5.985815785520011,0.39460710197764665,426,0,gt_missing_top_l,274,0,gt_missing_top_l,426,0,gt_missing_top_l,574,0,gt_missing_top_l,574,0,gt_missing_top_l,574,0,gt_missing_top_l,0_0_0_10_14_16,-26.0
10,17,656,656,1,1,1,1,0.6658581927732748,6.26753942188704,0.9425626742678727,656,1,hit,656,1,hit,656,1,hit,656,1,hit,656,1,hit,656,1,hit,0_0_0_10_14_16,-26.0
10,18,889,477,1,3,1,3,0.3374764119852608,5.714524211899247,0.6845579430517388,477,0,selectable_miss,889,1,hit,477,0,selectable_miss,889,1,hit,889,1,hit,889,1,hit,0_0_0_10_14_16,-26.0
10,19,510,122,0,0,0,0,0.39519795373748656,5.574919343916431,0.37521091052979894,122,0,gt_missing_top_l,614,0,gt_missing_top_l,122,0,gt_missing_top_l,614,0,gt_missing_top_l,614,0,gt_missing_top_l,614,0,gt_missing_top_l,0_0_0_10_14_16,-26.0
10,20,860,112,1,2,1,2,0.23053744750383587,5.214932459093316,0.25333328196602706,112,0,selectable_miss,860,1,hit,112,0,selectable_miss,860,1,hit,860,1,hit,860,1,hit,0_0_0_10_14_16,-26.0
10,21,553,503,1,4,1,4,0.5741495072612005,5.975995810754549,0.8988663655439363,503,0,selectable_miss,503,0,selectable_miss,503,0,selectable_miss,503,0,selectable_miss,503,0,selectable_miss,503,0,selectable_miss,0_0_0_10_14_16,-26.0
10,22,629,909,1,2,1,2,0.0046725571341016065,5.5663441806536635,0.7898693744018515,909,0,selectable_miss,629,1,hit,909,0,selectable_miss,629,1,hit,629,1,hit,629,1,hit,0_0_0_10_14_16,-26.0
10,23,759,43,1,16,1,16,0.3794001594155869,5.919366860027269,0.7644358536858273,43,0,selectable_miss,460,0,selectable_miss,43,0,selectable_miss,315,0,selectable_miss,315,0,selectable_miss,315,0,selectable_miss,0_0_0_10_14_16,-26.0
10,24,874,874,1,1,1,1,0.1791176147748605,5.898004372733677,0.9220030918106323,874,1,hit,874,1,hit,874,1,hit,874,1,hit,874,1,hit,874,1,hit,0_0_0_10_14_16,-26.0
10,25,720,720,1,1,1,1,0.24813039275164905,5.829371023123353,0.8182993856028027,720,1,hit,720,1,hit,720,1,hit,720,1,hit,720,1,hit,720,1,hit,0_0_0_10_14_16,-26.0
10,26,314,532,0,0,0,0,0.13462021588297163,6.061053434906551,0.41898126611880127,532,0,gt_missing_top_l,176,0,gt_missing_top_l,532,0,gt_missing_top_l,445,0,gt_missing_top_l,947,0,gt_missing_top_l,947,0,gt_missing_top_l,0_0_0_10_14_16,-26.0
10,27,602,57,0,0,0,0,0.21417945644713152,5.619473751153679,0.31735192070434987,57,0,gt_missing_top_l,699,0,gt_missing_top_l,57,0,gt_missing_top_l,171,0,gt_missing_top_l,472,0,gt_missing_top_l,472,0,gt_missing_top_l,0_0_0_10_14_16,-26.0
10,28,7,521,1,8,1,8,0.1902086123266215,5.373986503800917,0.5334653203843536,521,0,selectable_miss,7,1,hit,521,0,selectable_miss,7,1,hit,649,0,selectable_miss,649,0,selectable_miss,0_0_0_10_14_16,-26.0
10,29,610,610,1,1,1,1,0.48547877329813705,6.221485410943607,0.8181308414893044,610,1,hit,610,1,hit,610,1,hit,610,1,hit,610,1,hit,610,1,hit,0_0_0_10_14_16,-26.0
10,30,826,575,0,0,0,0,0.43080300360902546,5.746914325202538,0.57918227196017,575,0,gt_missing_top_l,258,0,gt_missing_top_l,575,0,gt_missing_top_l,258,0,gt_missing_top_l,266,0,gt_missing_top_l,266,0,gt_missing_top_l,0_0_0_10_14_16,-26.0
10,31,904,903,0,0,0,0,0.8388640015363216,6.044070836835493,0.7031021980139847,903,0,gt_missing_top_l,903,0,gt_missing_top_l,903,0,gt_missing_top_l,903,0,gt_missing_top_l,903,0,gt_missing_top_l,903,0,gt_missing_top_l,0_0_0_10_14_16,-26.0
10,32,760,87,1,13,1,13,0.029310530931562807,5.711092272987374,0.42743233401320585,87,0,selectable_miss,856,0,selectable_miss,87,0,selectable_miss,856,0,selectable_miss,856,0,selectable_miss,856,0,selectable_miss,0_0_0_10_14_16,-26.0
10,33,577,577,1,1,1,1,0.2916749023788956,5.950170581607792,0.752174265783412,577,1,hit,577,1,hit,577,1,hit,577,1,hit,577,1,hit,577,1,hit,0_0_0_10_14_16,-26.0
10,34,930,336,0,0,0,0,0.16181685819389574,5.045054637098722,0.6924193161072402,336,0,gt_missing_top_l,440,0,gt_missing_top_l,336,0,gt_missing_top_l,336,0,gt_missing_top_l,336,0,gt_missing_top_l,336,0,gt_missing_top_l,0_0_0_10_14_16,-26.0
11,0,222,186,1,2,1,2,0.05180785708160626,4.905387374297003,0.604163615807494,186,0,selectable_miss,222,1,hit,186,0,selectable_miss,222,1,hit,222,1,hit,222,1,hit,0_0_0_10_14_16,-26.0
11,1,711,407,1,4,1,4,0.20689877226018571,5.603804360384988,0.5071422200963438,407,0,selectable_miss,711,1,hit,407,0,selectable_miss,711,1,hit,711,1,hit,711,1,hit,0_0_0_10_14_16,-26.0
11,2,871,428,0,0,0,0,0.08213010411863474,5.1844902115716485,0.6537765520212364,428,0,gt_missing_top_l,475,0,gt_missing_top_l,428,0,gt_missing_top_l,740,0,gt_missing_top_l,620,0,gt_missing_top_l,620,0,gt_missing_top_l,0_0_0_10_14_16,-26.0
11,3,691,44,0,0,0,0,0.4179134074324284,5.281393392990832,0.4572145303573829,44,0,gt_missing_top_l,342,0,gt_missing_top_l,44,0,gt_missing_top_l,342,0,gt_missing_top_l,686,0,gt_missing_top_l,686,0,gt_missing_top_l,0_0_0_10_14_16,-26.0
11,4,86,86,1,1,1,1,0.19937792964934326,6.225433538929056,0.9420784655655453,86,1,hit,86,1,hit,86,1,hit,86,1,hit,86,1,hit,86,1,hit,0_0_0_10_14_16,-26.0
11,5,468,888,1,18,1,18,0.268386224750563,5.735251158497726,0.385966267000475,888,0,selectable_miss,260,0,selectable_miss,888,0,selectable_miss,1012,0,selectable_miss,260,0,selectable_miss,260,0,selectable_miss,0_0_0_10_14_16,-26.0
11,6,89,373,1,19,1,19,0.10326822470303934,5.873574167671728,0.7283905434709269,373,0,selectable_miss,306,0,selectable_miss,373,0,selectable_miss,373,0,selectable_miss,89,1,hit,89,1,hit,0_0_0_10_14_16,-26.0
11,7,713,707,0,0,0,0,0.4312375998244799,6.172899664609569,0.8620715583758836,707,0,gt_missing_top_l,707,0,gt_missing_top_l,707,0,gt_missing_top_l,942,0,gt_missing_top_l,707,0,gt_missing_top_l,707,0,gt_missing_top_l,0_0_0_10_14_16,-26.0
11,8,865,472,0,0,0,0,0.5487836287258001,5.70006684523034,0.60157200691888,472,0,gt_missing_top_l,718,0,gt_missing_top_l,472,0,gt_missing_top_l,718,0,gt_missing_top_l,382,0,gt_missing_top_l,382,0,gt_missing_top_l,0_0_0_10_14_16,-26.0
11,9,492,502,1,17,1,17,0.6572695759589966,5.880820183947035,0.3661541312537037,502,0,selectable_miss,492,1,hit,502,0,selectable_miss,492,1,hit,492,1,hit,492,1,hit,0_0_0_10_14_16,-26.0
11,10,765,52,0,0,0,0,0.000823678135947776,5.20470367746791,0.3269021377655293,52,0,gt_missing_top_l,706,0,gt_missing_top_l,52,0,gt_missing_top_l,706,0,gt_missing_top_l,706,0,gt_missing_top_l,706,0,gt_missing_top_l,0_0_0_10_14_16,-26.0
11,11,1023,62,0,0,0,0,0.4485403088252945,5.672402788157292,0.7077629143908153,62,0,gt_missing_top_l,192,0,gt_missing_top_l,62,0,gt_missing_top_l,62,0,gt_missing_top_l,192,0,gt_missing_top_l,192,0,gt_missing_top_l,0_0_0_10_14_16,-26.0
11,12,597,760,1,7,1,7,0.10254313265586297,5.332967553973153,0.5057811614736488,760,0,selectable_miss,22,0,selectable_miss,760,0,selectable_miss,597,1,hit,597,1,hit,597,1,hit,0_0_0_10_14_16,-26.0
11,13,562,562,1,1,1,1,1.6905486237184895,7.2145939240998995,0.9472391662463537,562,1,hit,562,1,hit,562,1,hit,562,1,hit,562,1,hit,562,1,hit,0_0_0_10_14_16,-26.0
11,14,478,478,1,1,1,1,0.17854619855145623,5.344694579688635,0.9289570213295494,478,1,hit,478,1,hit,478,1,hit,478,1,hit,478,1,hit,478,1,hit,0_0_0_10_14_16,-26.0
11,15,267,889,1,10,1,10,0.14215726946087534,4.994148998788923,0.5398407000060468,889,0,selectable_miss,267,1,hit,889,0,selectable_miss,364,0,selectable_miss,267,1,hit,267,1,hit,0_0_0_10_14_16,-26.0
11,16,917,917,1,1,1,1,1.5082340067868185,7.140390129308352,0.9527912196052544,917,1,hit,917,1,hit,917,1,hit,917,1,hit,917,1,hit,917,1,hit,0_0_0_10_14_16,-26.0
11,17,656,545,1,18,1,18,0.22085651006057225,5.886025548916388,0.2642925062679539,545,0,selectable_miss,656,1,hit,545,0,selectable_miss,39,0,selectable_miss,656,1,hit,656,1,hit,0_0_0_10_14_16,-26.0
11,18,889,889,1,1,1,1,0.5587847825042447,6.2902165668478025,0.7437093836954511,889,1,hit,311,0,selectable_miss,889,1,hit,311,0,selectable_miss,311,0,selectable_miss,311,0,selectable_miss,0_0_0_10_14_16,-26.0
11,19,510,509,1,4,1,4,0.3980434338202977,5.922134397580808,0.5661293554491768,509,0,selectable_miss,510,1,hit,509,0,selectable_miss,510,1,hit,510,1,hit,510,1,hit,0_0_0_10_14_16,-26.0
11,20,860,657,1,22,1,22,0.3152690232541477,5.118905692216798,0.4284494047093078,657,0,selectable_miss,395,0,selectable_miss,657,0,selectable_miss,47,0,selectable_miss,47,0,selectable_miss,47,0,selectable_miss,0_0_0_10_14_16,-26.0
11,21,553,553,1,1,1,1,0.9459898236540321,7.813220291276348,0.958127180507327,553,1,hit,553,1,hit,553,1,hit,553,1,hit,553,1,hit,553,1,hit,0_0_0_10_14_16,-26.0
11,22,629,675,1,10,1,10,0.5775974213996401,5.777310613220976,0.7604924352897386,675,0,selectable_miss,675,0,selectable_miss,675,0,selectable_miss,628,0,selectable_miss,675,0,selectable_miss,675,0,selectable_miss,0_0_0_10_14_16,-26.0
11,23,759,69,1,3,1,3,0.38223500195482896,5.510016883018593,0.7978682703545803,69,0,selectable_miss,69,0,selectable_miss,69,0,selectable_miss,69,0,selectable_miss,972,0,selectable_miss,972,0,selectable_miss,0_0_0_10_14_16,-26.0
11,24,874,928,1,2,1,2,1.3001707709310732,6.817974457923164,0.4109605025248854,928,0,selectable_miss,874,1,hit,928,0,selectable_miss,874,1,hit,874,1,hit,874,1,hit,0_0_0_10_14_16,-26.0
11,25,720,662,0,0,0,0,0.1872276875456144,5.861967154820142,0.5345929973716143,662,0,gt_missing_top_l,62,0,gt_missing_top_l,662,0,gt_missing_top_l,62,0,gt_missing_top_l,536,0,gt_missing_top_l,536,0,gt_missing_top_l,0_0_0_10_14_16,-26.0
11,26,314,697,1,4,1,4,0.1910360747952088,5.259725940623059,0.5021719777292506,697,0,selectable_miss,512,0,selectable_miss,697,0,selectable_miss,292,0,selectable_miss,512,0,selectable_miss,512,0,selectable_miss,0_0_0_10_14_16,-26.0
11,27,602,650,0,0,0,0,0.21548623394918587,5.17860482306963,0.32440881344419153,650,0,gt_missing_top_l,350,0,gt_missing_top_l,650,0,gt_missing_top_l,350,0,gt_missing_top_l,213,0,gt_missing_top_l,213,0,gt_missing_top_l,0_0_0_10_14_16,-26.0
11,28,7,551,1,2,1,2,0.641782331209182,5.905281719925287,0.07870269778482937,551,0,selectable_miss,990,0,selectable_miss,551,0,selectable_miss,990,0,selectable_miss,990,0,selectable_miss,990,0,selectable_miss,0_0_0_10_14_16,-26.0
11,29,610,610,1,1,1,1,0.7082606621884023,7.091982147201627,0.9606032866059165,610,1,hit,610,1,hit,610,1,hit,610,1,hit,610,1,hit,610,1,hit,0_0_0_10_14_16,-26.0
11,30,823,823,1,1,1,1,0.5358855493891748,5.80096580218349,0.9294750430688169,823,1,hit,823,1,hit,823,1,hit,823,1,hit,823,1,hit,823,1,hit,0_0_0_10_14_16,-26.0
11,31,905,762,0,0,0,0,0.14258868020307927,5.376033046552545,0.6398238467677422,762,0,gt_missing_top_l,477,0,gt_missing_top_l,762,0,gt_missing_top_l,477,0,gt_missing_top_l,477,0,gt_missing_top_l,477,0,gt_missing_top_l,0_0_0_10_14_16,-26.0
11,32,748,748,1,1,1,1,0.31030828343617606,6.082910013733015,0.9962264873804518,748,1,hit,748,1,hit,748,1,hit,748,1,hit,748,1,hit,748,1,hit,0_0_0_10_14_16,-26.0
11,33,586,407,0,0,0,0,0.05510487402848138,6.349441011654746,0.280091052385969,407,0,gt_missing_top_l,890,0,gt_missing_top_l,407,0,gt_missing_top_l,890,0,gt_missing_top_l,559,0,gt_missing_top_l,559,0,gt_missing_top_l,0_0_0_10_14_16,-26.0
11,34,93,457,0,0,0,0,0.32645445844767096,5.470839141956191,0.45381254795862574,457,0,gt_missing_top_l,775,0,gt_missing_top_l,457,0,gt_missing_top_l,775,0,gt_missing_top_l,775,0,gt_missing_top_l,775,0,gt_missing_top_l,0_0_0_10_14_16,-26.0
12,0,803,497,1,19,1,19,0.18230645011376678,5.57166317570023,0.3578813914971929,497,0,selectable_miss,803,1,hit,497,0,selectable_miss,127,0,selectable_miss,127,0,selectable_miss,127,0,selectable_miss,0_0_0_10_14_16,-26.0
12,1,711,648,0,0,0,0,0.8824082111356202,6.1157969059665955,0.41465577939940407,648,0,gt_missing_top_l,252,0,gt_missing_top_l,648,0,gt_missing_top_l,252,0,gt_missing_top_l,204,0,gt_missing_top_l,204,0,gt_missing_top_l,0_0_0_10_14_16,-26.0
12,2,871,871,1,1,1,1,0.5270530843445175,5.455652982992797,0.9501372736763484,871,1,hit,871,1,hit,871,1,hit,833,0,selectable_miss,871,1,hit,871,1,hit,0_0_0_10_14_16,-26.0
12,3,691,691,1,1,1,1,0.7110603744263599,6.316463099590781,0.8879544522716112,691,1,hit,691,1,hit,691,1,hit,691,1,hit,691,1,hit,691,1,hit,0_0_0_10_14_16,-26.0
12,4,107,314,0,0,0,0,0.17157750548955059,5.542933934665051,0.24783600147897633,314,0,gt_missing_top_l,934,0,gt_missing_top_l,314,0,gt_missing_top_l,934,0,gt_missing_top_l,707,0,gt_missing_top_l,707,0,gt_missing_top_l,0_0_0_10_14_16,-26.0
12,5,468,62,1,6,1,6,0.6734181457033718,5.601635506448997,0.4442957380766533,62,0,selectable_miss,123,0,selectable_miss,62,0,selectable_miss,328,0,selectable_miss,130,0,selectable_miss,130,0,selectable_miss,0_0_0_10_14_16,-26.0
12,6,89,421,0,0,0,0,0.024308100685301762,5.427231215323123,0.7748458370312304,421,0,gt_missing_top_l,421,0,gt_missing_top_l,421,0,gt_missing_top_l,734,0,gt_missing_top_l,421,0,gt_missing_top_l,421,0,gt_missing_top_l,0_0_0_10_14_16,-26.0
12,7,713,180,1,23,1,23,0.9993686666249464,6.199519518236141,0.5871113549518521,180,0,selectable_miss,293,0,selectable_miss,180,0,selectable_miss,502,0,selectable_miss,502,0,selectable_miss,502,0,selectable_miss,0_0_0_10_14_16,-26.0
12,8,865,865,1,1,1,1,0.7182102899330565,6.213489023250246,0.9074645535783388,865,1,hit,865,1,hit,865,1,hit,865,1,hit,865,1,hit,865,1,hit,0_0_0_10_14_16,-26.0
12,9,492,492,1,1,1,1,0.5293792482273807,5.542061207128107,0.9675727150187551,492,1,hit,492,1,hit,492,1,hit,492,1,hit,492,1,hit,492,1,hit,0_0_0_10_14_16,-26.0
12,10,765,513,1,5,1,5,0.30448824685698717,5.773126885404953,0.4628559842337238,513,0,selectable_miss,765,1,hit,513,0,selectable_miss,765,1,hit,765,1,hit,765,1,hit,0_0_0_10_14_16,-26.0
12,11,1023,1023,1,1,1,1,2.156881000469665,8.364294038719503,0.8822527480501792,1023,1,hit,1023,1,hit,1023,1,hit,1023,1,hit,1023,1,hit,1023,1,hit,0_0_0_10_14_16,-26.0
12,12,597,683,0,0,0,0,0.1092951075306134,6.180507334089259,0.29561296896920103,683,0,gt_missing_top_l,137,0,gt_missing_top_l,683,0,gt_missing_top_l,137,0,gt_missing_top_l,137,0,gt_missing_top_l,137,0,gt_missing_top_l,0_0_0_10_14_16,-26.0
12,13,562,105,1,7,1,7,0.07571253623328689,5.433441290562612,0.7593764577485435,105,0,selectable_miss,400,0,selectable_miss,105,0,selectable_miss,562,1,hit,105,0,selectable_miss,105,0,selectable_miss,0_0_0_10_14_16,-26.0
12,14,478,726,1,2,1,2,0.1133917484301874,5.327804955360325,0.5154439180420762,726,0,selectable_miss,110,0,selectable_miss,726,0,selectable_miss,478,1,hit,478,1,hit,478,1,hit,0_0_0_10_14_16,-26.0
12,15,267,676,1,2,1,2,0.40365830290026655,5.592661616300928,0.6845934035323396,676,0,selectable_miss,267,1,hit,676,0,selectable_miss,267,1,hit,267,1,hit,267,1,hit,0_0_0_10_14_16,-26.0
12,16,917,742,0,0,0,0,0.024232071126822217,5.22582505133208,0.4658116406293471,742,0,gt_missing_top_l,734,0,gt_missing_top_l,742,0,gt_missing_top_l,734,0,gt_missing_top_l,734,0,gt_missing_top_l,734,0,gt_missing_top_l,0_0_0_10_14_16,-26.0
12,17,656,768,1,2,1,2,0.23692061710413737,6.385830008783121,0.4183751103984298,768,0,selectable_miss,656,1,hit,768,0,selectable_miss,656,1,hit,656,1,hit,656,1,hit,0_0_0_10_14_16,-26.0
12,18,889,186,1,2,1,2,0.0068958112062418725,5.632804629557562,0.6042409703856073,186,0,selectable_miss,889,1,hit,186,0,selectable_miss,889,1,hit,889,1,hit,889,1,hit,0_0_0_10_14_16,-26.0
12,19,510,775,0,0,0,0,0.7934061876694412,6.389606233503054,0.25223596869278164,775,0,gt_missing_top_l,269,0,gt_missing_top_l,775,0,gt_missing_top_l,850,0,gt_missing_top_l,269,0,gt_missing_top_l,269,0,gt_missing_top_l,0_0_0_10_14_16,-26.0
12,20,860,715,0,0,0,0,0.1606940993562836,5.740294549517624,0.28699439242397007,715,0,gt_missing_top_l,479,0,gt_missing_top_l,715,0,gt_missing_top_l,479,0,gt_missing_top_l,479,0,gt_missing_top_l,479,0,gt_missing_top_l,0_0_0_10_14_16,-26.0
12,21,553,553,1,1,1,1,0.4934979890009682,5.64490734982908,0.8697233653327988,553,1,hit,553,1,hit,553,1,hit,553,1,hit,553,1,hit,553,1,hit,0_0_0_10_14_16,-26.0
12,22,629,217,1,4,1,4,0.056093069445038723,5.440676809510493,0.6693253900066526,217,0,selectable_miss,629,1,hit,217,0,selectable_miss,629,1,hit,536,0,selectable_miss,536,0,selectable_miss,0_0_0_10_14_16,-26.0
12,23,759,759,1,1,1,1,1.4887960122387889,7.006908620076202,0.7661396285147317,759,1,hit,759,1,hit,759,1,hit,759,1,hit,759,1,hit,759,1,hit,0_0_0_10_14_16,-26.0
12,24,874,306,0,0,0,0,0.41533123391777954,5.748863160095052,0.522880433794177,306,0,gt_missing_top_l,388,0,gt_missing_top_l,306,0,gt_missing_top_l,401,0,gt_missing_top_l,388,0,gt_missing_top_l,388,0,gt_missing_top_l,0_0_0_10_14_16,-26.0
12,25,720,720,1,1,1,1,0.35603206124416803,5.895033636516232,0.9413250267315066,720,1,hit,720,1,hit,720,1,hit,720,1,hit,720,1,hit,720,1,hit,0_0_0_10_14_16,-26.0
12,26,314,20,0,0,0,0,0.0877282254911181,5.5664485588843515,0.6435046280726705,20,0,gt_missing_top_l,126,0,gt_missing_top_l,20,0,gt_missing_top_l,126,0,gt_missing_top_l,126,0,gt_missing_top_l,126,0,gt_missing_top_l,0_0_0_10_14_16,-26.0
12,27,602,602,1,1,1,1,1.440824430881903,7.083617900613248,0.8978557353081591,602,1,hit,602,1,hit,602,1,hit,602,1,hit,602,1,hit,602,1,hit,0_0_0_10_14_16,-26.0
12,28,7,733,1,2,1,2,0.3615844562916337,5.87514520174069,0.9216245697118007,733,0,selectable_miss,7,1,hit,733,0,selectable_miss,733,0,selectable_miss,733,0,selectable_miss,733,0,selectable_miss,0_0_0_10_14_16,-26.0
12,29,610,610,1,1,1,1,1.5143994223522472,6.995079423509632,0.99400226723405,610,1,hit,610,1,hit,610,1,hit,610,1,hit,610,1,hit,610,1,hit,0_0_0_10_14_16,-26.0
12,30,791,791,1,1,1,1,0.1653075302718102,5.809457887555701,0.859634162773471,791,1,hit,791,1,hit,791,1,hit,791,1,hit,791,1,hit,791,1,hit,0_0_0_10_14_16,-26.0
12,31,904,904,1,1,1,1,0.41394078621629427,6.32348460211169,0.8507673835863966,904,1,hit,904,1,hit,904,1,hit,904,1,hit,904,1,hit,904,1,hit,0_0_0_10_14_16,-26.0
12,32,761,405,1,4,1,4,0.02749289805137169,5.059649643630893,0.49535025921269527,405,0,selectable_miss,761,1,hit,405,0,selectable_miss,351,0,selectable_miss,761,1,hit,761,1,hit,0_0_0_10_14_16,-26.0
12,33,587,585,1,3,1,3,0.2156878433175581,5.637545548548499,0.6364722720749145,585,0,selectable_miss,587,1,hit,585,0,selectable_miss,587,1,hit,587,1,hit,587,1,hit,0_0_0_10_14_16,-26.0
12,34,934,448,1,19,1,19,0.00936785223775436,5.003193632229142,0.6031854579648239,448,0,selectable_miss,683,0,selectable_miss,448,0,selectable_miss,253,0,selectable_miss,683,0,selectable_miss,683,0,selectable_miss,0_0_0_10_14_16,-26.0
13,0,222,399,1,6,1,6,0.3049305560010948,5.487898669955418,0.5517776562740018,399,0,selectable_miss,222,1,hit,399,0,selectable_miss,222,1,hit,222,1,hit,222,1,hit,0_0_0_10_14_16,-26.0
13,1,826,46,1,9,1,9,0.4881297443713284,6.120913461421848,0.7139450748757333,46,0,selectable_miss,826,1,hit,46,0,selectable_miss,826,1,hit,826,1,hit,826,1,hit,0_0_0_10_14_16,-26.0
13,2,871,564,1,3,1,3,0.2702011060885664,5.373339079510126,0.0273462271383184,564,0,selectable_miss,871,1,hit,564,0,selectable_miss,871,1,hit,871,1,hit,871,1,hit,0_0_0_10_14_16,-26.0
13,3,691,692,0,0,0,0,0.602499113982422,6.2233250703177765,0.05247664279666671,692,0,gt_missing_top_l,108,0,gt_missing_top_l,692,0,gt_missing_top_l,108,0,gt_missing_top_l,964,0,gt_missing_top_l,964,0,gt_missing_top_l,0_0_0_10_14_16,-26.0
13,4,107,154,1,2,1,2,0.13374138868516425,5.612886452948818,0.4102122393505076,154,0,selectable_miss,107,1,hit,154,0,selectable_miss,107,1,hit,107,1,hit,107,1,hit,0_0_0_10_14_16,-26.0
13,5,468,146,0,0,0,0,0.03162444514571549,5.566678285481455,0.24032380190835342,146,0,gt_missing_top_l,658,0,gt_missing_top_l,146,0,gt_missing_top_l,658,0,gt_missing_top_l,658,0,gt_missing_top_l,658,0,gt_missing_top_l,0_0_0_10_14_16,-26.0
13,6,89,558,1,11,1,11,0.18223667866385873,5.679069127854813,0.5231017444593382,558,0,selectable_miss,246,0,selectable_miss,558,0,selectable_miss,246,0,selectable_miss,246,0,selectable_miss,246,0,selectable_miss,0_0_0_10_14_16,-26.0
13,7,713,119,1,6,1,6,0.08397881683395636,5.2415597608533995,0.14550935336702217,119,0,selectable_miss,53,0,selectable_miss,119,0,selectable_miss,53,0,selectable_miss,53,0,selectable_miss,53,0,selectable_miss,0_0_0_10_14_16,-26.0
13,8,865,865,1,1,1,1,0.7344548103252674,5.692671538257632,0.8584046358567289,865,1,hit,865,1,hit,865,1,hit,865,1,hit,865,1,hit,865,1,hit,0_0_0_10_14_16,-26.0
13,9,492,797,0,0,0,0,0.10002144241171006,5.850825211231266,0.5628509657635371,797,0,gt_missing_top_l,944,0,gt_missing_top_l,797,0,gt_missing_top_l,1003,0,gt_missing_top_l,1000,0,gt_missing_top_l,1000,0,gt_missing_top_l,0_0_0_10_14_16,-26.0
13,10,765,448,1,4,1,4,0.433243776422381,5.912850215470154,0.23664069538122073,448,0,selectable_miss,765,1,hit,448,0,selectable_miss,765,1,hit,765,1,hit,765,1,hit,0_0_0_10_14_16,-26.0
13,11,1023,236,1,13,1,13,0.7434009852050727,6.5723140502569795,0.6061894337185775,236,0,selectable_miss,1023,1,hit,236,0,selectable_miss,1023,1,hit,236,0,selectable_miss,236,0,selectable_miss,0_0_0_10_14_16,-26.0
13,12,597,615,1,6,1,6,0.22587751579155127,5.557483306492406,0.547966528413113,615,0,selectable_miss,974,0,selectable_miss,615,0,selectable_miss,597,1,hit,974,0,selectable_miss,974,0,selectable_miss,0_0_0_10_14_16,-26.0
13,13,562,348,1,2,1,2,0.1716617425834205,5.2906536716454236,0.40001872165872693,348,0,selectable_miss,562,1,hit,348,0,selectable_miss,562,1,hit,562,1,hit,562,1,hit,0_0_0_10_14_16,-26.0
13,14,478,521,0,0,0,0,0.3081301090704983,6.224817796600303,0.12065399783700982,521,0,gt_missing_top_l,924,0,gt_missing_top_l,521,0,gt_missing_top_l,498,0,gt_missing_top_l,498,0,gt_missing_top_l,498,0,gt_missing_top_l,0_0_0_10_14_16,-26.0
13,15,267,838,0,0,0,0,0.20819411054572715,5.370617971146858,0.6627248624316213,838,0,gt_missing_top_l,750,0,gt_missing_top_l,838,0,gt_missing_top_l,750,0,gt_missing_top_l,750,0,gt_missing_top_l,750,0,gt_missing_top_l,0_0_0_10_14_16,-26.0
13,16,917,312,1,15,1,15,0.4752763548351647,6.022758866402792,0.5666696835087183,312,0,selectable_miss,404,0,selectable_miss,312,0,selectable_miss,404,0,selectable_miss,404,0,selectable_miss,404,0,selectable_miss,0_0_0_10_14_16,-26.0
13,17,656,656,1,1,1,1,0.1151077183043328,6.328951477626078,0.9934430827561974,656,1,hit,656,1,hit,656,1,hit,656,1,hit,656,1,hit,656,1,hit,0_0_0_10_14_16,-26.0
13,18,889,889,1,1,1,1,1.3634957797161487,7.00913226738773,0.90850899806407,889,1,hit,889,1,hit,889,1,hit,889,1,hit,889,1,hit,889,1,hit,0_0_0_10_14_16,-26.0
13,19,510,908,1,12,1,12,0.007337852734105416,4.93699704815283,0.4624063350971473,908,0,selectable_miss,724,0,selectable_miss,908,0,selectable_miss,724,0,selectable_miss,510,1,hit,510,1,hit,0_0_0_10_14_16,-26.0
13,20,860,351,1,15,1,15,0.2167681705232646,5.452256370417237,0.3055340181077407,351,0,selectable_miss,340,0,selectable_miss,351,0,selectable_miss,340,0,selectable_miss,630,0,selectable_miss,630,0,selectable_miss,0_0_0_10_14_16,-26.0
13,21,553,931,1,13,1,13,0.001496195749528306,5.219769326550768,0.5393754031825927,931,0,selectable_miss,462,0,selectable_miss,931,0,selectable_miss,462,0,selectable_miss,462,0,selectable_miss,462,0,selectable_miss,0_0_0_10_14_16,-26.0
13,22,629,475,1,6,1,6,0.2904783583507108,5.503801102002588,0.42672481988943123,475,0,selectable_miss,646,0,selectable_miss,475,0,selectable_miss,629,1,hit,646,0,selectable_miss,646,0,selectable_miss,0_0_0_10_14_16,-26.0
13,23,759,465,1,2,1,2,0.22491393060172005,5.971475048220084,0.6331347604782193,465,0,selectable_miss,759,1,hit,465,0,selectable_miss,759,1,hit,759,1,hit,759,1,hit,0_0_0_10_14_16,-26.0
13,24,874,932,0,0,0,0,1.19006052317317,5.916732239517595,0.6168980660462665,932,0,gt_missing_top_l,161,0,gt_missing_top_l,932,0,gt_missing_top_l,49,0,gt_missing_top_l,161,0,gt_missing_top_l,161,0,gt_missing_top_l,0_0_0_10_14_16,-26.0
13,25,720,672,0,0,0,0,0.2083645042263842,5.319082125533173,0.3778239808669547,672,0,gt_missing_top_l,328,0,gt_missing_top_l,672,0,gt_missing_top_l,328,0,gt_missing_top_l,111,0,gt_missing_top_l,111,0,gt_missing_top_l,0_0_0_10_14_16,-26.0
13,26,314,889,0,0,0,0,0.8776993795484632,6.093511601789036,0.38686145529303584,889,0,gt_missing_top_l,884,0,gt_missing_top_l,889,0,gt_missing_top_l,847,0,gt_missing_top_l,985,0,gt_missing_top_l,985,0,gt_missing_top_l,0_0_0_10_14_16,-26.0
13,27,602,602,1,1,1,1,0.9714784544673637,6.221109253881089,0.9250356416969238,602,1,hit,602,1,hit,602,1,hit,602,1,hit,602,1,hit,602,1,hit,0_0_0_10_14_16,-26.0
13,28,7,926,1,3,1,3,0.16510954078966933,6.389784277290003,0.6936763089265491,926,0,selectable_miss,384,0,selectable_miss,926,0,selectable_miss,7,1,hit,384,0,selectable_miss,384,0,selectable_miss,0_0_0_10_14_16,-26.0
13,29,610,970,0,0,0,0,0.5056460314662032,5.1848789700387785,0.3640224090995702,970,0,gt_missing_top_l,91,0,gt_missing_top_l,970,0,gt_missing_top_l,91,0,gt_missing_top_l,91,0,gt_missing_top_l,91,0,gt_missing_top_l,0_0_0_10_14_16,-26.0
13,30,778,778,1,1,1,1,0.3203282402232948,5.723430386834662,0.9110209400670399,778,1,hit,778,1,hit,778,1,hit,778,1,hit,778,1,hit,778,1,hit,0_0_0_10_14_16,-26.0
13,31,921,921,1,1,1,1,0.4836455871595394,6.1310011386742875,0.9793608995408334,921,1,hit,921,1,hit,921,1,hit,921,1,hit,921,1,hit,921,1,hit,0_0_0_10_14_16,-26.0
13,32,749,749,1,1,1,1,0.32029979182269885,5.7299747272990995,0.8709712190107703,749,1,hit,749,1,hit,749,1,hit,749,1,hit,749,1,hit,749,1,hit,0_0_0_10_14_16,-26.0
13,33,577,577,1,1,1,1,0.4483783825878763,6.785884914006188,0.9671419733325234,577,1,hit,577,1,hit,577,1,hit,577,1,hit,577,1,hit,577,1,hit,0_0_0_10_14_16,-26.0
13,34,936,607,1,4,1,4,0.8025836087001653,6.548954402821869,0.3009469308375646,607,0,selectable_miss,936,1,hit,607,0,selectable_miss,936,1,hit,936,1,hit,936,1,hit,0_0_0_10_14_16,-26.0
