packet_index,payload_symbol_index,gt_bin,bank_kind,pattern_count,savaux_selected_bin,savaux_ok,savaux_gt_rank,savaux_gt_power,savaux_gt_margin_db,savaux_gt_floor_db,plain_coherent_selected_bin,plain_coherent_ok,plain_coherent_gt_rank,plain_coherent_gt_power,plain_coherent_gt_margin_db,plain_coherent_gt_floor_db,lora_coherent_selected_bin,lora_coherent_ok,lora_coherent_gt_rank,lora_coherent_gt_power,lora_coherent_gt_margin_db,lora_coherent_gt_floor_db,lora_mean_power_selected_bin,lora_mean_power_ok,lora_mean_power_gt_rank,lora_mean_power_gt_power,lora_mean_power_gt_margin_db,lora_mean_power_gt_floor_db,lora_best_power_selected_bin,lora_best_power_ok,lora_best_power_gt_rank,lora_best_power_gt_power,lora_best_power_gt_margin_db,lora_best_power_gt_floor_db,lora_stable_power_selected_bin,lora_stable_power_ok,lora_stable_power_gt_rank,lora_stable_power_gt_power,lora_stable_power_gt_margin_db,lora_stable_power_gt_floor_db,lora_adaptive_gls_selected_bin,lora_adaptive_gls_ok,lora_adaptive_gls_gt_rank,lora_adaptive_gls_gt_power,lora_adaptive_gls_gt_margin_db,lora_adaptive_gls_gt_floor_db,lora_offpacket_gls_selected_bin,lora_offpacket_gls_ok,lora_offpacket_gls_gt_rank,lora_offpacket_gls_gt_power,lora_offpacket_gls_gt_margin_db,lora_offpacket_gls_gt_floor_db,dataset,snr_db,seed,noise_mode,covariance_source,white_effective_replicas,empirical_effective_replicas,cross_validated_effective_replicas
1,0,222,multiscale_only_diverse16,16,222,True,1,0.7324391971456521,18.251611100435277,40.876284222027614,222,True,1,0.02200555936699312,7.2560074623180295,37.791329194413215,222,True,1,0.04581167796067618,18.28549536979691,40.74189666230101,222,True,1,0.04582294741655302,13.588700955496808,34.03991578072917,222,True,1,0.04710683860028095,8.526903115923984,29.031826927927415,222,True,1,0.732259064882669,18.321076316648533,47.817268755147914,222,True,1,7228.04524094289,18.32497802100669,40.871294426323416,222,True,1,15.21522674800185,18.376105705216464,40.49998032264228,0_0_0_10_14_16,-23.0,42,offpacket_bootstrap,offpacket,4.0,4.234518800075277,4.598837183518454
1,1,826,multiscale_only_diverse16,16,826,True,1,0.6725193482901801,20.287419690217806,40.173705157388326,826,True,1,0.025611580898229697,9.57440185971232,38.306292789521855,826,True,1,0.04198527926201327,20.115960010069976,40.146823628023725,826,True,1,0.041995145179290434,13.083983628362954,33.16272596742057,826,True,1,0.04339105144838906,7.753550503646887,28.162884922160636,826,True,1,0.6723613533545942,20.422519154303487,47.33545734472066,826,True,1,6749.194675104083,20.30270466091008,40.3638818707877,826,True,1,13.953634024547677,20.332812441742245,40.122973870919054,0_0_0_10_14_16,-23.0,42,offpacket_bootstrap,offpacket,4.0,4.234518800075277,4.598837183518454
1,2,922,multiscale_only_diverse16,16,922,True,1,0.8157760012935888,18.51850218383175,42.876862552051676,922,True,1,0.04419450558230738,14.474476419648463,42.93227416022112,922,True,1,0.05105955024026896,18.573538999079084,42.6065177871402,922,True,1,0.05106591796572163,13.119129033917066,35.758786362107784,922,True,1,0.05229507146536695,7.816152091485307,30.54473281979933,922,True,1,0.8156742771336394,18.564256027213037,50.019449536867874,922,True,1,9909.245479064306,18.53186848680782,42.877885316074185,922,True,1,16.920110304145197,18.45540690750278,42.552256692317776,0_0_0_10_14_16,-23.0,42,offpacket_bootstrap,offpacket,4.0,4.234518800075277,4.598837183518454
1,3,718,multiscale_only_diverse16,16,355,False,9,0.7217620553341,-2.1417030371292096,8.441847551303754,626,False,155,0.017537755307810262,-6.244032391107642,4.21488111245763,355,False,11,0.04457636446592087,-1.7358653077914508,8.283027948032835,420,False,12,0.06879675823042383,-0.9326414685775714,3.2410648734564167,260,False,217,0.1364345061727732,-3.382869937367963,1.261254684641401,355,False,9,0.46766053028959387,-3.0660032148908565,13.400921501516102,355,False,7,5.259161333810964,-1.6241263497619927,8.531204381175105,355,False,13,13.584921965899117,-2.0863593812391876,7.73672614889228,0_0_0_10_14_16,-23.0,42,offpacket_bootstrap,offpacket,4.0,4.234518800075277,4.598837183518454
1,4,107,multiscale_only_diverse16,16,337,False,27,0.6117828189235333,-23.747642543161952,10.44455550597268,338,False,33,0.027502517599595155,-23.144491530475612,9.043435372216377,337,False,24,0.04143830934318254,-23.3996975331251,10.415546759617424,337,False,64,0.05907314030634813,-21.866428744776556,5.12710113833713,337,False,117,0.13335434610969973,-18.763716728406582,3.673110510315099,337,False,28,0.4291501276202393,-25.280911331510495,15.926488556353567,337,False,27,5.726254320523154,-24.032073468338893,10.315126929975326,337,False,24,14.24889777536046,-23.306744488283538,10.54382746847775,0_0_0_10_14_16,-23.0,42,offpacket_bootstrap,offpacket,4.0,4.234518800075277,4.598837183518454
1,5,468,multiscale_only_diverse16,16,337,False,10,0.997674507430478,-12.264650637799758,20.582008821576117,338,False,38,0.007734044449894148,-19.583813629053907,10.99936583683986,337,False,10,0.06227749532096437,-12.252864017839078,20.33053442457075,337,False,10,0.0673250970564391,-11.921013239712346,13.607745202180938,337,False,12,0.12812988521753405,-9.383074553268324,11.36067954815597,337,False,10,0.9228753048251943,-12.59650141592649,27.48784674478093,337,False,10,47.89565373272765,-12.770138211759265,20.457604489199053,337,False,10,21.586742427081656,-12.080625361985183,20.58401432278785,0_0_0_10_14_16,-23.0,42,offpacket_bootstrap,offpacket,4.0,4.234518800075277,4.598837183518454
1,6,89,multiscale_only_diverse16,16,128,False,17,1.1425719069166007,-23.03458352062298,19.443092851007176,128,False,18,0.06971597481336989,-22.199550707956327,19.995079579910616,128,False,17,0.06967050845264267,-23.153927508911867,18.931288343737727,128,False,54,0.07300022440844142,-22.952009530288628,12.227097230882972,128,False,109,0.11282375023240374,-21.22763260059138,8.858725587595224,128,False,17,1.0904564519308528,-23.236501499246213,26.692847400612138,128,False,17,24.50086859508296,-23.13197503043059,19.28869011323254,128,False,17,23.453683592721106,-23.096776014104424,18.860932453764136,0_0_0_10_14_16,-23.0,42,offpacket_bootstrap,offpacket,4.0,4.234518800075277,4.598837183518454
1,7,713,multiscale_only_diverse16,16,128,False,15,0.7041568364746951,-14.777922206907348,25.806675211952623,128,False,26,0.015285972185128194,-19.013587934751193,20.490350856657756,128,False,15,0.04452673848836293,-14.705104250685231,25.364848586608588,128,False,33,0.0449946291452211,-14.662285022577812,14.678334970586665,128,False,65,0.05914610854061229,-13.722110514899592,10.327879012924992,128,False,15,0.6968344424243752,-14.820741435014765,37.08651960586708,128,False,15,52.02910102889823,-14.813266589407512,25.86047877089382,128,False,15,14.659081872577143,-14.753602761962652,24.74155811152582,0_0_0_10_14_16,-23.0,42,offpacket_bootstrap,offpacket,4.0,4.234518800075277,4.598837183518454
1,8,865,multiscale_only_diverse16,16,865,True,1,0.8108549489325902,18.10779407143342,42.8831482140848,865,True,1,0.03545162742870467,10.747696555446849,41.801725308632086,865,True,1,0.05067380830165975,18.05828478652637,42.716077695566526,865,True,1,0.05067973490998561,12.278854465528642,35.93681045404785,865,True,1,0.052115996624704466,6.878972164020174,30.801781573672734,865,True,1,0.8107601256329036,18.170435752953534,49.93361532192495,865,True,1,9549.853283040886,18.085678971693298,42.81647350759763,865,True,1,16.91786967647362,18.263804020261038,42.641613744218574,0_0_0_10_14_16,-23.0,42,offpacket_bootstrap,offpacket,4.0,4.234518800075277,4.598837183518454
1,9,492,multiscale_only_diverse16,16,492,True,1,0.8031406826014553,14.932403081995073,42.84578157873767,493,False,5,0.0007518091901832806,-11.481638389697393,24.654662342815513,492,True,1,0.050282906948627006,14.925971908973244,42.76817952299554,492,True,1,0.05029164226879614,11.955281196186554,35.81188983965694,492,True,1,0.05118442652880551,6.6755952339332705,30.65479682552166,492,True,1,0.8030011824641187,14.951524558304968,50.292732125529646,492,True,1,10186.029030053289,14.949526354777484,43.0223312444858,492,True,1,16.659713482991155,14.876629263196534,42.46965913017866,0_0_0_10_14_16,-23.0,42,offpacket_bootstrap,offpacket,4.0,4.234518800075277,4.598837183518454
1,10,765,multiscale_only_diverse16,16,765,True,1,0.8085675403278323,18.81389544738732,42.803406577320374,765,True,1,0.021457379656884303,6.163038739456955,39.365456082318644,765,True,1,0.050537160139796956,18.7761350289496,42.6883016957263,765,True,1,0.05054410229610633,12.226319925776124,35.80412889843024,765,True,1,0.05159538764555657,6.897828633933437,30.71069088448711,765,True,1,0.8084564847942162,18.84910994297522,49.97983203361169,765,True,1,10179.227852908572,18.78036958174848,42.75748528902692,765,True,1,16.880082643883014,18.918457472264116,42.57180165421101,0_0_0_10_14_16,-23.0,42,offpacket_bootstrap,offpacket,4.0,4.234518800075277,4.598837183518454
1,11,1023,multiscale_only_diverse16,16,1023,True,1,1.7434517516849155,3.8426054898477897,13.729078491104802,1023,True,1,0.10379981812619594,0.8468987814966512,13.445354320109837,1023,True,1,0.10365728919495149,3.693165621456979,13.477806961610545,1023,True,1,0.13047549425554353,2.983090522553068,7.117274320970255,1023,True,1,0.3070984548127353,0.5454164779838451,5.718458809736137,1023,True,1,1.3850990444833644,4.5526805887517,19.90880063839827,1023,True,1,16.24570907273436,3.5453007814902167,13.876746404202333,1023,True,1,36.70544996550705,4.395266511307027,13.966013661550358,0_0_0_10_14_16,-23.0,42,offpacket_bootstrap,offpacket,4.0,4.234518800075277,4.598837183518454
1,12,597,multiscale_only_diverse16,16,299,False,112,0.48730895034965727,-6.283986558466303,4.648135028842662,399,False,131,0.02960696535436557,-5.72568298339249,4.6027149040781055,299,False,175,0.025890254976469056,-6.423158446455053,3.7717854884972586,299,False,210,0.07095647398823438,-3.507271134938935,1.172107056335065,940,False,66,0.3167603908339567,-2.5175717746163224,2.619591789873854,299,False,155,0.17780693244368564,-9.19987386998242,7.267973639698241,299,False,84,2.392235694243192,-5.377121270318028,4.973424077373453,299,False,150,9.466801081021503,-6.826915702735638,4.203715601442763,0_0_0_10_14_16,-23.0,42,offpacket_bootstrap,offpacket,4.0,4.234518800075277,4.598837183518454
1,13,562,multiscale_only_diverse16,16,562,True,1,0.5937424535039817,12.206475334353664,19.827437415815613,563,False,3,0.002883030424915504,-3.239329840497885,8.544548023494539,562,True,1,0.03828451254012786,11.926200090274268,19.66004170864598,562,True,1,0.04093240454999484,8.954690373704222,13.218234533403441,562,True,1,0.0703257821147816,4.126649003211898,10.61905168004773,562,True,1,0.5553336203109117,13.728544738611458,25.854916952860943,562,True,1,1112.1384775992585,18.807398277399752,36.7971181635805,562,True,1,12.712448449561649,12.476545881845723,19.753687772072283,0_0_0_10_14_16,-23.0,42,offpacket_bootstrap,offpacket,4.0,4.234518800075277,4.598837183518454
1,14,478,multiscale_only_diverse16,16,876,False,11,0.7671439574436114,-3.199575219582515,8.055444798654666,876,False,134,0.022029992087951585,-6.064765568163706,4.1951570704374,876,False,8,0.05184065736930848,-3.046446303762499,8.301384129006752,876,False,18,0.07843930628976556,-2.4517961237384527,2.9021278844507314,319,False,269,0.16525111084471672,-4.286591783987033,1.1699551673454998,876,False,9,0.5070066135447012,-3.7942253996065616,13.319780534810494,823,False,3,8.704657417471749,-1.015545147046863,10.41406480955388,876,False,8,17.984702389444507,-3.4577912709274594,8.122891251693845,0_0_0_10_14_16,-23.0,42,offpacket_bootstrap,offpacket,4.0,4.234518800075277,4.598837183518454
1,15,267,multiscale_only_diverse16,16,267,True,1,0.8193367638146043,18.829134569763426,42.88612957995216,267,True,1,0.01707727119693022,5.03039122850574,37.99095380508432,267,True,1,0.051176419290706945,18.777105583450222,42.50549665724569,267,True,1,0.05118568544480978,12.705508262555929,35.727310564454456,267,True,1,0.05291398502254602,7.339292540437805,30.711024901913238,267,True,1,0.8191884391287151,18.85392305917022,49.811203710275876,267,True,1,9812.019688335984,18.899226883062255,42.79107381627541,267,True,1,16.99366802575589,18.735754249989572,42.391637946708336,0_0_0_10_14_16,-23.0,42,offpacket_bootstrap,offpacket,4.0,4.234518800075277,4.598837183518454
1,16,917,multiscale_only_diverse16,16,917,True,1,0.8472619472386214,25.023748208778194,43.258803400765125,917,True,1,0.044269420309388595,17.282920025225245,42.84498976686858,917,True,1,0.05299614000459403,25.156193987383947,43.13314226074173,917,True,1,0.05300430076203383,12.601098659672079,35.94930785849356,917,True,1,0.053632441281385466,7.2496790124443065,30.620746364548932,917,True,1,0.8471314993477902,25.139144485563335,50.50380887081836,917,True,1,11635.903211713412,25.035954491597415,43.3161245380882,917,True,1,17.59943775317947,25.349369038017414,42.68102931971737,0_0_0_10_14_16,-23.0,42,offpacket_bootstrap,offpacket,4.0,4.234518800075277,4.598837183518454
1,17,656,multiscale_only_diverse16,16,656,True,1,0.8303647132402183,19.153769775783626,42.990339988613556,656,True,1,0.009006129445622173,0.8424413408650516,35.64375210347476,656,True,1,0.05192092629834304,19.048271652635385,42.751687687939636,656,True,1,0.051927643654251475,12.592494883598464,35.88658860098294,656,True,1,0.05303089894600385,7.376713840037034,30.745872450353822,656,True,1,0.8302572973260709,19.213579431095795,50.044599217729136,656,True,1,10513.341336238613,19.184891140222824,43.055653985269124,656,True,1,17.264476964102087,19.06219163618389,42.75972072573174,0_0_0_10_14_16,-23.0,42,offpacket_bootstrap,offpacket,4.0,4.234518800075277,4.598837183518454
1,18,889,multiscale_only_diverse16,16,889,True,1,0.8129554383069717,22.44950849488461,42.62585112410788,889,True,1,0.038534809120714164,14.994748587353916,41.99131048669547,889,True,1,0.05078224114387025,22.60157210793576,42.588671412819835,889,True,1,0.050786005430593556,12.494957235316615,35.82542391348471,889,True,1,0.05160969801757728,7.1858374691882325,30.6184420824261,889,True,1,0.8128951816016625,22.573777051824973,49.902705813327955,889,True,1,10082.602808549982,22.498703456111784,42.75265034763362,889,True,1,16.92572574030729,22.44226964654051,42.41072409974053,0_0_0_10_14_16,-23.0,42,offpacket_bootstrap,offpacket,4.0,4.234518800075277,4.598837183518454
1,19,510,multiscale_only_diverse16,16,510,True,1,1.2274865744194017,1.0972497932522831,10.987915259925938,143,False,10,0.042900705050086994,-1.081756849206847,8.404896753825158,510,True,1,0.0821330865402024,1.6750343641449403,10.799899503019637,510,True,1,0.10002427815445926,0.2737171950627162,4.8510705532800555,491,False,4,0.28813348774556113,-0.4505411193257513,4.389823739076012,510,True,1,1.0079279041438471,2.498566962334507,16.695755384623112,510,True,1,7.769510816779409,0.011268815495287616,10.263315375294201,510,True,1,25.785459671632275,0.5411207661752767,10.417294623011362,0_0_0_10_14_16,-23.0,42,offpacket_bootstrap,offpacket,4.0,4.234518800075277,4.598837183518454
1,20,860,multiscale_only_diverse16,16,117,False,12,0.9092519965684609,-1.3395399093105649,7.989687262303599,525,False,4,0.08690593251492078,-1.679758062490946,10.080493643891383,552,False,2,0.07613179638464797,-0.5141739753588535,9.162005589225272,860,True,1,0.13672646557288934,0.03951845467381647,4.492412088874282,628,False,36,0.33791031972717056,-1.6520296162848538,3.28767501262634,552,False,17,0.5062881394252211,-2.2348752196651605,12.56960640340255,117,False,4,6.793417522675226,-1.1403316445986635,9.580613568994337,4,False,12,18.364367460944596,-1.3464039662149194,7.803440297046568,0_0_0_10_14_16,-23.0,42,offpacket_bootstrap,offpacket,4.0,4.234518800075277,4.598837183518454
1,21,553,multiscale_only_diverse16,16,553,True,1,0.8387935297686369,18.63901137613293,42.848354215151154,552,False,3,0.002590352985620047,-5.531061383354023,29.61751185270273,553,True,1,0.052402223279223066,18.528623510363275,42.64718206835725,553,True,1,0.05240808222395681,12.497187383746084,35.80354398590146,553,True,1,0.053297087953733654,7.1378762403332985,30.787940152639464,553,True,1,0.8386997571151568,18.679209267476658,49.890640932434145,553,True,1,10844.54241736127,18.633545424587822,42.9787603627902,553,True,1,17.46779603152673,18.513668287973193,42.424545025231026,0_0_0_10_14_16,-23.0,42,offpacket_bootstrap,offpacket,4.0,4.234518800075277,4.598837183518454
1,22,629,multiscale_only_diverse16,16,963,False,18,0.7375359964039809,-2.0300881229047176,8.15894328158737,952,False,779,0.002877832465564773,-14.870438727843494,-4.322704454758901,952,False,47,0.034174824887530375,-4.034383387073506,6.447611901352747,952,False,138,0.059588756079837095,-3.7798926673057314,1.5852909346450696,953,False,235,0.18603594371722285,-4.054991744670632,1.3839762348915963,963,False,22,0.42298522713893155,-3.560371256804746,12.945516748791135,963,False,5,6.733215445120869,-1.0313686473947177,9.723130830161942,952,False,35,13.274904549089396,-3.3896711509644817,7.020244874353095,0_0_0_10_14_16,-23.0,42,offpacket_bootstrap,offpacket,4.0,4.234518800075277,4.598837183518454
1,23,759,multiscale_only_diverse16,16,759,True,1,0.8252380983117433,21.96660284884024,41.20564345099904,759,True,1,0.02108764751317221,7.767485480461702,37.393703983106136,759,True,1,0.05158023331924765,21.89351060701274,40.945219847705545,759,True,1,0.05159167782919529,12.618524911969772,35.03605468641885,759,True,1,0.052937567689204185,7.021916756816972,29.94653946609157,759,True,1,0.8250550368951992,22.067603700782335,47.24760088656761,759,True,1,6142.402200968054,22.15527772218099,41.25775680543132,759,True,1,17.155144202580022,21.868615535332733,40.9255843204072,0_0_0_10_14_16,-23.0,42,offpacket_bootstrap,offpacket,4.0,4.234518800075277,4.598837183518454
1,24,874,multiscale_only_diverse16,16,20,False,130,0.2862065968133862,-4.196091817799743,4.459231777483378,256,False,290,0.011833505273200436,-7.005038072427654,2.6902954042455978,697,False,188,0.016820381687559803,-4.463094217899263,3.822842131277196,854,False,412,0.03683955902422496,-3.9042168784297577,0.4535918584818205,843,False,692,0.09471575506825707,-6.77263808025061,-1.028045079629532,20,False,119,0.13067757398325625,-5.700935124347058,7.50465640544642,874,True,1,14.447484131136193,5.401760048067058,14.894015340482403,379,False,133,6.236164159797229,-4.0105956179757465,4.476272036165092,0_0_0_10_14_16,-23.0,42,offpacket_bootstrap,offpacket,4.0,4.234518800075277,4.598837183518454
1,25,720,multiscale_only_diverse16,16,775,False,34,0.5260666815064532,-26.21886235966445,10.435365727826753,775,False,62,0.014570808454524516,-29.36624535240337,7.157131175365908,775,False,35,0.03157509765698063,-26.415335502414095,10.375628131268037,775,False,87,0.0503065137886652,-24.39518526663065,5.193831122374619,775,False,137,0.12653779241429547,-20.650101538269197,3.9614926818217477,775,False,38,0.33018799339644567,-28.23901259544789,16.034169668879695,775,False,32,7.171303800490648,-25.539992243945775,12.746381686656692,775,False,61,6.273262451899774,-28.6530878301414,7.317173349481204,0_0_0_10_14_16,-23.0,42,offpacket_bootstrap,offpacket,4.0,4.234518800075277,4.598837183518454
1,26,314,multiscale_only_diverse16,16,775,False,16,0.7406400451913306,-14.592468589772798,8.533762025585773,777,False,29,0.03866486914491391,-7.434064785055091,7.859091188433734,775,False,14,0.04994854712966765,-14.168569133630712,8.74602623814307,775,False,35,0.08739276180302334,-11.813176960132555,4.085610264686369,775,False,34,0.37393522896417614,-7.2573374908564245,5.429769438358441,775,False,18,0.42330615762824597,-16.947860763270953,13.06477011360181,775,False,27,3.6562815601873058,-15.983033890142558,7.315076182864822,775,False,22,14.27626712106501,-14.707605724522166,7.86359571365261,0_0_0_10_14_16,-23.0,42,offpacket_bootstrap,offpacket,4.0,4.234518800075277,4.598837183518454
1,27,602,multiscale_only_diverse16,16,602,True,1,0.6698263096444954,5.505439546193326,13.198787536050517,657,False,63,0.00857491717390993,-3.184787204330097,5.476684882514306,602,True,1,0.047094856154459665,5.093710412568676,13.250085496162749,602,True,1,0.05391962525878465,3.2365717012348645,6.960107370976485,602,True,1,0.10336190582449253,0.043255374090636345,4.747912523762154,602,True,1,0.5850443794774085,7.018435386521213,19.40311000217157,602,True,1,28.75299416220539,7.2189092272675275,16.11380147886052,602,True,1,15.108524143479713,4.227227548408948,13.690784772500258,0_0_0_10_14_16,-23.0,42,offpacket_bootstrap,offpacket,4.0,4.234518800075277,4.598837183518454
1,28,7,multiscale_only_diverse16,16,7,True,1,0.8409925165427836,22.133111363044446,43.19345081582676,7,True,1,0.052157703533433644,21.61387306628626,43.617590460249474,7,True,1,0.052564666652786016,22.119551799618,42.92834890646609,7,True,1,0.05256785425063553,13.3959220693418,35.85231189632411,7,True,1,0.053285445776333755,8.032747705387402,30.50114476263328,7,True,1,0.8409415206256894,22.255466788186403,50.49518098414609,7,True,1,12245.157669705708,22.13945226413675,43.304542021813255,7,True,1,17.485785625285374,21.96952167451922,42.78834630855127,0_0_0_10_14_16,-23.0,42,offpacket_bootstrap,offpacket,4.0,4.234518800075277,4.598837183518454
1,29,610,multiscale_only_diverse16,16,610,True,1,0.8298993045355587,22.378442235599675,42.775881188125034,609,False,3,0.006096613518758599,-1.5881834167696312,33.92231562634527,610,True,1,0.05191981479771325,22.44580836808491,42.606038343018085,610,True,1,0.05192391352269059,12.771455355765283,35.87656302398523,610,True,1,0.05307617096411085,7.426227384704117,30.663701567519155,610,True,1,0.8298337946620264,22.500739058951694,49.90092459678155,610,True,1,11339.961350745476,22.444463267035562,42.84199293872905,610,True,1,17.245615674866556,22.61211483991431,42.437423848765235,0_0_0_10_14_16,-23.0,42,offpacket_bootstrap,offpacket,4.0,4.234518800075277,4.598837183518454
1,30,807,multiscale_only_diverse16,16,807,True,1,0.8434958746167922,22.922880059084356,42.98412570004247,807,True,1,0.028506135781463462,9.251136337039453,40.46097862669686,807,True,1,0.05275091611123273,22.851670435057304,42.74067799569325,807,True,1,0.05275317272958282,13.025747387863454,35.871955971331595,807,True,1,0.05373182709173895,7.72261464781592,30.71989268078175,807,True,1,0.8434597924596368,23.06674417456768,49.90224591868746,807,True,1,11593.602014176106,22.898144560683285,42.99320346381907,807,True,1,17.579018674234835,22.86241652628931,42.61402606324944,0_0_0_10_14_16,-23.0,42,offpacket_bootstrap,offpacket,4.0,4.234518800075277,4.598837183518454
1,31,897,multiscale_only_diverse16,16,897,True,1,0.8340802682021753,19.414308432029788,42.82850537051968,897,True,1,0.041116454884848476,13.384984677367227,41.91436398677867,897,True,1,0.052122480010971715,19.304588049064844,42.717863196874575,897,True,1,0.052129521271211364,13.24188144784686,35.875744498435374,897,True,1,0.053538229744953196,8.009418344339418,30.554823569097948,897,True,1,0.8339676069675054,19.476619030722205,50.16680327200941,897,True,1,11148.228094235108,19.396883481794585,42.901119772964755,897,True,1,17.37707112847518,19.350115396391338,42.48628938182495,0_0_0_10_14_16,-23.0,42,offpacket_bootstrap,offpacket,4.0,4.234518800075277,4.598837183518454
1,32,749,multiscale_only_diverse16,16,179,False,7,0.8197720022160446,-0.4447615846782494,7.882544340222806,468,False,264,0.014165413813601662,-6.390918285856017,2.6911907572635245,749,True,1,0.05369672643413734,0.07661552602910715,8.304993141412517,241,False,49,0.0716053024934937,-1.581519684850319,2.6091470704488606,212,False,151,0.23320657505664516,-3.71853522624955,2.1138391254676683,749,True,1,0.6147459951776574,0.4924155931292127,13.480165491370988,749,True,1,120.14443283926315,15.4467346687621,34.83459517979002,241,False,8,17.445159051773825,-0.6524017389221284,7.7186681742351935,0_0_0_10_14_16,-23.0,42,offpacket_bootstrap,offpacket,4.0,4.234518800075277,4.598837183518454
1,33,584,multiscale_only_diverse16,16,584,True,1,0.814555262790325,19.367430183717197,42.96101784579835,583,False,3,0.005006701396637364,-2.8353882430208452,32.702579443778454,584,True,1,0.05081973663635809,19.38390405270016,42.57268345622023,584,True,1,0.05083272946551155,12.842413884183834,35.678438041740584,584,True,1,0.05123018853351516,7.410010854452286,30.530081727024978,584,True,1,0.8143470627295223,19.433892474670063,49.90813773921772,584,True,1,10612.005809684028,19.384897971504675,42.93427863779474,584,True,1,16.93526223466998,19.457923646284904,42.59472554083398,0_0_0_10_14_16,-23.0,42,offpacket_bootstrap,offpacket,4.0,4.234518800075277,4.598837183518454
1,34,934,multiscale_only_diverse16,16,934,True,1,0.7932309397591695,19.67723021833131,42.553661244441756,934,True,1,0.04366167192638404,15.846996516679406,42.56670259106333,934,True,1,0.04958029393437086,19.64952147803349,42.589404322900386,934,True,1,0.049589430436461523,12.889356588411307,35.607434766307364,934,True,1,0.050658251739821095,7.594048957076574,30.305647145618053,934,True,1,0.7930847925645819,19.732484674314346,49.72288890567842,934,True,1,9536.604045907974,19.680357844807112,42.560571981452554,934,True,1,16.530215356379323,19.756367317947635,42.42288541606378,0_0_0_10_14_16,-23.0,42,offpacket_bootstrap,offpacket,4.0,4.234518800075277,4.598837183518454
2,0,803,multiscale_only_diverse16,16,803,True,1,0.7886676671407713,11.498354513920685,19.037339416479437,803,True,1,0.03543354035815443,8.426147502021166,16.724466085028283,803,True,1,0.049591104094366886,10.949171665058788,18.13133828721189,803,True,1,0.0540557544866046,8.66410259742265,11.561678630245346,803,True,1,0.07608067914853886,2.520993432324639,7.042284985225588,803,True,1,0.7235288962016327,13.642039831288741,25.28210513801946,803,True,1,1514.5215257767684,19.586960659239892,40.553845939222526,803,True,1,17.447013139452093,11.506790996880413,18.00712980588041,0_0_0_10_14_16,-23.0,42,offpacket_bootstrap,offpacket,4.0,4.234518800075277,4.598837183518454
2,1,826,multiscale_only_diverse16,16,478,False,2,1.260281254894835,-0.6328672253066916,10.96316624752406,994,False,4,0.061709667001345475,-0.8548774307408868,9.532178573479033,478,False,2,0.07736570582154545,-0.11696574754103256,10.696513357901082,994,False,3,0.1055679613839536,-0.04297379961306544,4.388225295988141,269,False,78,0.2276339563858588,-2.211529393115331,2.687496874709148,478,False,2,0.9235998075588716,-0.7354018699794834,17.166019424806514,826,True,1,14.526976489833668,2.0239597366643283,13.419055756269255,478,False,2,27.911290510567536,-0.21284208197581406,11.15782842477181,0_0_0_10_14_16,-23.0,42,offpacket_bootstrap,offpacket,4.0,4.234518800075277,4.598837183518454
2,2,922,multiscale_only_diverse16,16,47,False,3,1.0635063128763846,-1.0239097597593911,9.440484259929939,47,False,4,0.06332328773455746,-1.3351578356066187,9.021626121280606,501,False,5,0.06241991684832915,-1.6421541441781484,9.03599572634164,501,False,18,0.08469912327185002,-1.4259059468687472,3.279465181553463,365,False,110,0.20806646662445166,-3.43034316758085,2.147667369051343,501,False,3,0.7837622522295924,-1.1442761127684953,14.694930244785091,47,False,3,6.496245806026887,-1.2497541833646881,9.559706906650941,501,False,4,23.635850034780756,-0.9064819731193962,9.358379927552829,0_0_0_10_14_16,-23.0,42,offpacket_bootstrap,offpacket,4.0,4.234518800075277,4.598837183518454
2,3,718,multiscale_only_diverse16,16,718,True,1,0.810761883517003,25.648971744607504,42.61838111928996,718,True,1,0.017179451917484666,5.129137777550574,37.89822273119184,718,True,1,0.050575504427476485,25.589766080008587,42.063872722311196,718,True,1,0.050580338801236954,12.906548178478891,35.68447385376888,718,True,1,0.05166238292588338,7.617841075527502,30.4466344761384,718,True,1,0.8106843924193046,25.75246051515631,49.52836235487836,718,True,1,10856.570172789023,25.636337974151992,42.60420222464618,718,True,1,16.879469241932032,25.43395167810762,42.07451886455254,0_0_0_10_14_16,-23.0,42,offpacket_bootstrap,offpacket,4.0,4.234518800075277,4.598837183518454
2,4,86,multiscale_only_diverse16,16,86,True,1,0.33208201120311287,2.6999188662491624,12.882464383492273,86,True,1,0.03426327462620236,5.541771423505968,14.848484656117495,86,True,1,0.02247508760451338,3.7999024162071464,13.540072091560784,86,True,1,0.02705209403269192,2.9455818899087687,6.879626892081713,86,True,1,0.05230731767612433,0.43042290267938427,4.434421371702996,86,True,1,0.27589628679589007,3.5542393925475406,19.42254969757674,86,True,1,62.805846921020986,7.852954958252786,21.17510124893309,86,True,1,6.663985426482902,2.5501144418714894,12.510264628632742,0_0_0_10_14_16,-23.0,42,offpacket_bootstrap,offpacket,4.0,4.234518800075277,4.598837183518454
2,5,468,multiscale_only_diverse16,16,576,False,23,0.5790416808386887,-1.9972488855031376,7.202894599541664,661,False,45,0.03125381650293758,-2.9595018204885255,6.5755981567534905,576,False,16,0.0405595484576971,-1.559961318051399,7.467741170779999,228,False,29,0.06587767290323292,-1.0111671993321811,2.6954941518704176,224,False,45,0.21948945322011362,-2.477102632309601,2.805574055930199,576,False,20,0.35650423091752265,-2.8674566592059563,11.876146698966837,576,False,2,5.383005206432293,-0.5552531637056617,8.70005103817835,576,False,19,12.202521453079497,-1.6830750261958858,7.195663015775036,0_0_0_10_14_16,-23.0,42,offpacket_bootstrap,offpacket,4.0,4.234518800075277,4.598837183518454
2,6,89,multiscale_only_diverse16,16,89,True,1,0.7868065808072657,21.161772905977077,41.82532476202777,89,True,1,0.03906287941140185,13.80444424628764,41.65432042198407,89,True,1,0.049110585573264504,21.15846774998282,41.61544053870192,89,True,1,0.049119225889346696,13.467396675057516,34.971529001294606,89,True,1,0.05017020571170386,7.8875753855363655,29.901477289866282,89,True,1,0.7866681776172595,21.22395286307364,48.80388491437459,89,True,1,8277.435401470351,21.192129247797485,41.78114330498282,89,True,1,16.362362225629276,21.091153834260258,41.31298128656266,0_0_0_10_14_16,-23.0,42,offpacket_bootstrap,offpacket,4.0,4.234518800075277,4.598837183518454
2,7,713,multiscale_only_diverse16,16,713,True,1,1.4590000614658152,0.9536759321805512,10.658524645729859,713,True,1,0.06902201223417549,0.2173378723836593,9.325209247994387,713,True,1,0.08857720403335786,0.7845497758152025,10.46706520703885,391,False,2,0.11188337159693035,-0.16312858503621772,4.3827466689460035,113,False,55,0.2601566578871533,-2.4016011673029523,2.821586764042299,713,True,1,1.1550791175181645,1.3390035907122277,16.709956494683897,713,True,1,29.89764844074883,9.729768690058231,19.433620184320123,713,True,1,25.488553669002737,0.05846929995098466,9.18246164816328,0_0_0_10_14_16,-23.0,42,offpacket_bootstrap,offpacket,4.0,4.234518800075277,4.598837183518454
2,8,865,multiscale_only_diverse16,16,865,True,1,0.787256044930075,19.476726901928785,42.55282467607987,865,True,1,0.034940538165107074,11.468231922908036,41.507370194070944,865,True,1,0.04929552083367342,19.567964674750062,42.33098124404533,865,True,1,0.04929934958788026,12.913495198357712,35.48533992837089,865,True,1,0.050264591209560984,7.58022775991956,30.37598017331888,865,True,1,0.7871949039633263,19.539026006701846,49.44224786404902,865,True,1,9808.918607920672,19.50551071097386,42.45975249499389,865,True,1,16.3985949511888,19.361297183789123,42.142689883080735,0_0_0_10_14_16,-23.0,42,offpacket_bootstrap,offpacket,4.0,4.234518800075277,4.598837183518454
2,9,492,multiscale_only_diverse16,16,394,False,16,0.6665363913583668,-9.303217176266758,27.883071232903752,394,False,29,0.0029920387056562264,-15.03952711904085,14.70945137279909,394,False,16,0.04111337300314336,-9.344938729115285,27.411883341865057,394,False,19,0.04156252843056292,-9.301732796527526,18.998367193917893,394,False,29,0.05291863264804697,-8.568544527299657,14.774478541815064,394,False,16,0.6593333060539822,-9.346423108854516,37.62590975990497,394,False,17,39.59274495699768,-9.348839603128352,27.279022137327175,394,False,16,14.290568522379749,-9.206595791304723,27.739364206084876,0_0_0_10_14_16,-23.0,42,offpacket_bootstrap,offpacket,4.0,4.234518800075277,4.598837183518454
2,10,765,multiscale_only_diverse16,16,393,False,42,0.6773542370724641,-21.979678027362258,16.028980168837876,394,False,36,0.02490858684429383,-21.377326733815313,13.780987626374767,393,False,41,0.04367252950358411,-21.852629212304763,15.440810241877427,393,False,117,0.05048675246710282,-21.22468014338727,8.194472520560815,393,False,186,0.09994000659852009,-18.44052454484182,5.4407950300635965,393,False,42,0.5859313870940775,-22.60762709627975,23.695081677513063,393,False,43,6.244158823592268,-22.26768983631757,15.605525004733266,393,False,42,13.936761814366886,-22.048984844859106,15.138711766319513,0_0_0_10_14_16,-23.0,42,offpacket_bootstrap,offpacket,4.0,4.234518800075277,4.598837183518454
2,11,1023,multiscale_only_diverse16,16,1023,True,1,0.7893836964911003,15.195823661237206,42.81045616354908,1023,True,1,0.049380455916936725,15.370522593124187,43.604490846141104,1023,True,1,0.049286585023040154,15.280436760097105,42.423263405201546,1023,True,1,0.04929082188501911,13.90395386209094,35.58052995798006,1023,True,1,0.05039943220430839,8.654936776019182,30.304409632010035,1023,True,1,0.7893158439042988,15.210902573120181,49.905804274483486,1023,True,1,11823.647020290464,15.199331208788616,42.83199989496789,1023,True,1,16.4074523250056,15.24822046611657,42.546273431955264,0_0_0_10_14_16,-23.0,42,offpacket_bootstrap,offpacket,4.0,4.234518800075277,4.598837183518454
2,12,597,multiscale_only_diverse16,16,597,True,1,0.8056200532217339,19.438904481106633,42.823246808482,596,False,2,0.007421267686251344,-0.8848211227648816,34.37650168749913,597,True,1,0.05028847695072503,19.462553129136893,42.476805379332056,597,True,1,0.0502992171759519,13.166026275767283,35.57501924440069,597,True,1,0.051548865293648834,7.591035502548636,30.53460988915763,597,True,1,0.8054480318403948,19.51591615319903,50.237820015515744,597,True,1,10625.789982657443,19.4499816183141,42.82076444545855,597,True,1,16.712961225058965,19.57870992461483,42.20559326226767,0_0_0_10_14_16,-23.0,42,offpacket_bootstrap,offpacket,4.0,4.234518800075277,4.598837183518454
2,13,562,multiscale_only_diverse16,16,562,True,1,0.5687523413033801,7.345580443057372,15.865431406558612,561,False,176,0.002056193512374443,-9.221667691986168,3.275641759875032,562,True,1,0.03734247180418256,7.675176879077018,15.990194871765722,562,True,1,0.04035166703572135,6.092033693845197,9.305021828979465,562,True,1,0.07110239735980559,2.0076277739905937,6.510243450166666,562,True,1,0.526338063056547,8.851740053739668,22.179437463507995,562,True,1,393.6703150293642,15.387754851331392,35.22470266590605,562,True,1,12.458440005423506,7.7670835259542965,16.28597666359179,0_0_0_10_14_16,-23.0,42,offpacket_bootstrap,offpacket,4.0,4.234518800075277,4.598837183518454
2,14,478,multiscale_only_diverse16,16,179,False,3,1.301668350839691,-0.7455396660635172,11.038287005018502,488,False,688,0.0038519176450997304,-13.851323999199593,-2.295559218156695,179,False,3,0.0779170089177274,-0.5597618852770686,10.703960611308954,187,False,7,0.09769631569898404,-0.7779634170559996,4.299424786729247,7,False,110,0.19282060337709372,-2.8798011327396518,2.2600174871906913,179,False,2,1.0381364309867667,-0.6389942844682002,17.28487992097826,179,False,2,8.629254773308588,-1.3581543128966633,11.084268877461518,179,False,2,30.42586482615993,-0.41620142526765125,11.160823564372306,0_0_0_10_14_16,-23.0,42,offpacket_bootstrap,offpacket,4.0,4.234518800075277,4.598837183518454
2,15,267,multiscale_only_diverse16,16,267,True,1,0.7830829862601973,17.94677925825723,42.268262786312015,267,True,1,0.018640138339527188,3.938172085679425,38.21629468803364,267,True,1,0.04898553119665495,17.88921845616028,41.895290488048964,267,True,1,0.04899117013713058,13.708983558528892,35.18389353350004,267,True,1,0.050288874919365775,8.265144797355395,30.10698761560729,267,True,1,0.7829928525006925,17.98213149658915,49.54585965909949,267,True,1,8762.678165905916,17.930840375650064,42.252262465355635,267,True,1,16.298200008691907,17.984535129991535,41.60477881015227,0_0_0_10_14_16,-23.0,42,offpacket_bootstrap,offpacket,4.0,4.234518800075277,4.598837183518454
2,16,917,multiscale_only_diverse16,16,917,True,1,2.1772743512684087,4.189959111150449,12.442620571815311,917,True,1,0.11693474056677049,2.90172188189534,10.812032437851094,917,True,1,0.1379599625253171,4.309370353483535,11.864754872301802,917,True,1,0.15723344792129576,2.1526566106912,5.550164894614814,122,False,10,0.3600577813612802,-0.7047162110092914,4.0271640828659825,917,True,1,1.9103867012995814,5.361709431222417,18.39770811975579,917,True,1,17.90768346034646,5.970812623403955,14.632630166018854,917,True,1,46.775858918884666,3.676131389425019,12.087952361462936,0_0_0_10_14_16,-23.0,42,offpacket_bootstrap,offpacket,4.0,4.234518800075277,4.598837183518454
2,17,656,multiscale_only_diverse16,16,656,True,1,0.5885707704125167,7.396381014648431,14.176463385712076,655,False,21,0.0049214811608644824,-3.2863640653388924,6.636374662500969,656,True,1,0.036572861126216286,7.177669511784219,13.76339369359549,656,True,1,0.040744738993153846,5.143274253403588,8.526240306480176,656,True,1,0.08107398916464481,2.3485519753474633,6.217107905677867,656,True,1,0.528306661943864,9.38692124123076,19.488615084476976,656,True,1,277.447496338063,13.926244752766257,32.73536632935848,656,True,1,12.103583758184595,6.888662552007468,13.833125475883971,0_0_0_10_14_16,-23.0,42,offpacket_bootstrap,offpacket,4.0,4.234518800075277,4.598837183518454
2,18,889,multiscale_only_diverse16,16,869,False,6,0.828888671358019,-1.0428826423292366,9.090643658134114,581,False,9,0.05774236781520711,-1.336846677248999,9.541867911095952,869,False,4,0.05895854522722629,-0.6789920386962033,9.420225416157102,438,False,7,0.08671298222037029,-0.5624505034941714,3.8331496146714383,438,False,27,0.24465711786616384,-2.7534085192740365,3.248396647282698,869,False,5,0.5635842404128144,-1.4431365241412955,14.253608096815542,256,False,3,6.61614906934828,-1.2373894842840762,9.930576366026841,869,False,16,15.96436868895952,-2.289603502553617,8.435347781298093,0_0_0_10_14_16,-23.0,42,offpacket_bootstrap,offpacket,4.0,4.234518800075277,4.598837183518454
2,19,510,multiscale_only_diverse16,16,510,True,1,0.7129456111584318,6.298694853969788,14.66203223419666,331,False,448,0.0015731559216018724,-8.960770482495167,0.8016480170485802,510,True,1,0.04472580619549385,6.385918921960422,14.9131597208667,510,True,1,0.04985889400502529,4.303739430622395,8.021679686539567,510,True,1,0.10197170622365845,1.5154580495767267,5.771696317012434,510,True,1,0.6395462207682753,7.866507880837831,21.233748582645013,510,True,1,159.94302386662199,12.974969371471696,28.697284794164144,510,True,1,15.837433506640474,5.737931137245158,14.642561527380316,0_0_0_10_14_16,-23.0,42,offpacket_bootstrap,offpacket,4.0,4.234518800075277,4.598837183518454
2,20,860,multiscale_only_diverse16,16,349,False,13,0.5899694049563919,-1.1689856049920841,7.930483170908618,323,False,45,0.028196667128726545,-4.885669425396054,7.148383817659266,674,False,12,0.038185116565578756,-0.7112725731687675,8.109415997397605,104,False,25,0.060057944198244506,-1.5829938321805768,2.7545134575315613,847,False,214,0.1407308439005764,-4.028367109167513,1.3242242774131276,764,False,8,0.3751052554183741,-1.1801586844576526,12.936578059852472,323,False,16,4.068530833185389,-1.9162028879405018,7.386914204521702,674,False,5,15.819653453187634,-1.1183975810335869,8.458127274209719,0_0_0_10_14_16,-23.0,42,offpacket_bootstrap,offpacket,4.0,4.234518800075277,4.598837183518454
2,21,553,multiscale_only_diverse16,16,553,True,1,0.713635470697227,13.017706078244144,41.62658818271435,554,False,3,0.0010259790427209693,-9.275672085815483,24.748754411267733,553,True,1,0.04481752170402036,13.140862397999653,41.40592862102249,553,True,1,0.044847330437953845,12.054520033506538,34.44267020102482,553,True,1,0.047060727599318154,6.753349625560174,29.55674226580133,553,True,1,0.713161137673081,13.049999408814866,49.05812208585913,553,True,1,8766.73164892296,13.050762427918368,41.733673890455165,553,True,1,14.775621598918413,12.944980404612721,41.11500781369092,0_0_0_10_14_16,-23.0,42,offpacket_bootstrap,offpacket,4.0,4.234518800075277,4.598837183518454
2,22,629,multiscale_only_diverse16,16,629,True,1,0.6267901256728159,14.572458319255793,40.19489603928296,630,False,3,0.004038430679974108,-2.6998914362421997,30.090110027324183,629,True,1,0.03929424458189833,14.61870402073327,39.97643641802623,629,True,1,0.03930518251677463,12.141251014917424,33.0506997400365,629,True,1,0.040949981011767916,6.832930485454426,28.142293375399618,629,True,1,0.6266157011023972,14.644515305368838,47.274283636188756,629,True,1,6250.090500365628,14.527902251358853,40.39733377421901,629,True,1,13.158146112469892,14.813126186160932,40.02113467283561,0_0_0_10_14_16,-23.0,42,offpacket_bootstrap,offpacket,4.0,4.234518800075277,4.598837183518454
2,23,759,multiscale_only_diverse16,16,759,True,1,0.7633171512043333,17.969540147251905,41.532773967220386,759,True,1,0.021150274166661195,6.9808621207998645,38.392491148920556,759,True,1,0.04767121579753928,17.981424894140776,41.46913128502454,759,True,1,0.04768244637471572,12.306498658254025,34.842398326515834,759,True,1,0.048457199955786706,6.952589413079279,29.750299350081022,759,True,1,0.7631373682269808,18.003369025595468,48.29051426898809,759,True,1,7947.9558059776,17.985880376299136,41.600591676789236,759,True,1,15.921468259911684,18.006040128262256,41.15952706614137,0_0_0_10_14_16,-23.0,42,offpacket_bootstrap,offpacket,4.0,4.234518800075277,4.598837183518454
2,24,874,multiscale_only_diverse16,16,874,True,1,0.8110354058607214,20.783279819678043,42.483202553888404,874,True,1,0.03657700544514964,13.878983541731882,41.60747927620584,874,True,1,0.050696680463250085,20.862559183764805,42.072358890413355,874,True,1,0.05070163522642288,12.54838903256736,35.70419507498982,874,True,1,0.05170977881565001,7.196907905576239,30.59344078825874,874,True,1,0.8109561482915553,20.868188857996103,49.396381988994946,874,True,1,9624.25227735836,20.814230117922868,42.447254177099126,874,True,1,16.875030998889237,20.757475971440066,42.23137009465929,0_0_0_10_14_16,-23.0,42,offpacket_bootstrap,offpacket,4.0,4.234518800075277,4.598837183518454
2,25,720,multiscale_only_diverse16,16,955,False,26,0.6258635811413029,-1.7307441808024135,6.743916476828547,542,False,307,0.011909279417594985,-6.547754271528822,2.2476739707302906,955,False,23,0.03485288325337437,-1.572601904172564,6.809078016934846,407,False,130,0.05457299046384285,-2.2891290068882757,1.657000843583405,407,False,311,0.18387345536137492,-4.917564439254499,1.3165503193474424,955,False,10,0.39970597434107735,-1.3068569178651033,11.919518907578988,720,True,1,103.56253133128891,14.625576877408582,34.618010232423394,345,False,16,11.209899990548662,-1.4349961522677466,7.085163838133343,0_0_0_10_14_16,-23.0,42,offpacket_bootstrap,offpacket,4.0,4.234518800075277,4.598837183518454
2,26,314,multiscale_only_diverse16,16,314,True,1,0.7975804879035344,16.285600002785408,42.4854110029097,314,True,1,0.010886684668161409,2.242078863286217,36.27797552962191,314,True,1,0.04984440857971448,16.257856671505316,42.07245411359183,314,True,1,0.04985238976791046,12.587445645288852,35.637096460535616,314,True,1,0.05099620661066379,7.166774383557351,30.372791312683933,314,True,1,0.797452798137707,16.324574963840025,49.60407923333832,314,True,1,9247.624776618513,16.299185660810572,42.47211985015812,314,True,1,16.637199483270845,16.23921404272872,42.1635881937692,0_0_0_10_14_16,-23.0,42,offpacket_bootstrap,offpacket,4.0,4.234518800075277,4.598837183518454
2,27,602,multiscale_only_diverse16,16,602,True,1,1.126915275493289,1.0530692631156748,9.877080538535687,999,False,72,0.029466772616795898,-2.931522607461225,5.5586106802891475,602,True,1,0.07655647508331057,1.1984534234570943,9.85241815594123,602,True,1,0.10959952297718202,0.25992501559145914,4.25754544091388,412,False,23,0.271146638505942,-2.3902482646969196,3.2806074095552824,602,True,1,0.7871627436486699,1.033444331965923,15.122077770341386,602,True,1,6.661731711548018,0.6635145218288694,9.872515451062556,602,True,1,29.83399929046857,1.4056134504619855,10.550464581084746,0_0_0_10_14_16,-23.0,42,offpacket_bootstrap,offpacket,4.0,4.234518800075277,4.598837183518454
2,28,7,multiscale_only_diverse16,16,7,True,1,0.8298984357498398,25.841224989261143,42.083133595705505,7,True,1,0.05140785686288835,25.23755875064939,42.583459592084566,7,True,1,0.051756916822578866,25.831463030466743,41.839137683319024,7,True,1,0.05176393589819326,13.227864307015611,35.35613665072561,7,True,1,0.053471253667560385,7.822309433582038,30.24223842571275,7,True,1,0.8297859033511394,26.05333590044705,48.814036007678254,7,True,1,9122.802091103116,25.74656917484726,42.167444108811594,7,True,1,17.23278211504182,25.846097400733278,41.858431988983014,0_0_0_10_14_16,-23.0,42,offpacket_bootstrap,offpacket,4.0,4.234518800075277,4.598837183518454
2,29,610,multiscale_only_diverse16,16,945,False,4,0.8945328039228571,-0.8224145341230995,8.497004308688897,979,False,932,0.0011463160954126358,-17.356156042301805,-8.300839827383937,945,False,5,0.05464444442963623,-0.6707679913961971,8.573401281278262,944,False,4,0.08329872034779583,-0.32877435981135794,3.1109639847396546,297,False,39,0.24151259576987,-1.9459652701548993,2.69456791182845,945,False,5,0.5868187157060294,-1.2599313055805568,13.749281897692242,610,True,1,8.39500432307347,1.2435115199168127,10.552989075573151,945,False,5,18.71863310640085,-0.6831884338247408,8.315274943063194,0_0_0_10_14_16,-23.0,42,offpacket_bootstrap,offpacket,4.0,4.234518800075277,4.598837183518454
2,30,775,multiscale_only_diverse16,16,775,True,1,0.8072169313600739,18.846927590355197,42.40929702207645,775,True,1,0.023093644312873526,8.470190144760958,39.506992689733934,775,True,1,0.05047250286630196,18.87339157187306,42.23590416776743,775,True,1,0.050478694021163284,12.532150903506473,35.69367888590782,775,True,1,0.05148515572343227,7.160054145986191,30.60403863596687,775,True,1,0.8071179271143096,18.90176494358989,49.20518405513759,775,True,1,9950.683281559912,18.802274019483946,42.44257628612752,775,True,1,16.82509871896409,18.866525131056946,42.017269635935044,0_0_0_10_14_16,-23.0,42,offpacket_bootstrap,offpacket,4.0,4.234518800075277,4.598837183518454
2,31,912,multiscale_only_diverse16,16,912,True,1,1.0842045216818974,9.349016163951992,18.36751593687003,912,True,1,0.06222022306690131,7.920738460365691,18.09588117230927,912,True,1,0.07071983304273183,9.558114108024819,18.474701342115477,912,True,1,0.07461234266860661,7.693426004341788,11.50498502241948,912,True,1,0.12241377065333131,2.988183931532489,8.301408923659075,912,True,1,1.0276418085151462,11.183029213400491,25.41529937916128,912,True,1,150.37062957020058,15.414216437052453,24.579047465554844,912,True,1,25.225072735136457,9.887600881683506,18.739619822009704,0_0_0_10_14_16,-23.0,42,offpacket_bootstrap,offpacket,4.0,4.234518800075277,4.598837183518454
2,32,768,multiscale_only_diverse16,16,115,False,93,0.3660297109993884,-4.088230771984137,5.283738697875741,653,False,6,0.05515107337062917,-1.1583447934609972,9.014845176807667,115,False,50,0.030203835419402546,-2.873042091112537,6.380813859521549,652,False,90,0.05594543905991339,-2.305893714465779,1.9817996049444053,609,False,72,0.19973776103884028,-2.4399401933842446,2.5127711426287997,115,False,74,0.19761219744468153,-5.00911602681883,9.462188688471535,457,False,44,3.0835148438928224,-3.5722393087385673,6.161346530803316,115,False,40,10.636511005740552,-3.5078179482836367,6.74092069347555,0_0_0_10_14_16,-23.0,42,offpacket_bootstrap,offpacket,4.0,4.234518800075277,4.598837183518454
2,33,581,multiscale_only_diverse16,16,198,False,30,0.6350527040468137,-3.059610040785504,7.316858759870806,478,False,699,0.004620698864677227,-12.832268036857787,-2.5152137707747046,198,False,39,0.0360599518131728,-3.3648912065708734,6.5662342437525165,198,False,34,0.07648516540578161,-1.6189940083234664,2.730190821741812,478,False,149,0.2011813117871762,-3.6184844951003887,1.8173723213113617,198,False,43,0.29940407117197854,-4.805507239032912,10.900080021999273,581,True,1,9.404187094416756,3.185667268501884,11.550358940920693,198,False,31,14.371963309204915,-2.8683185916536442,7.0489804965009935,0_0_0_10_14_16,-23.0,42,offpacket_bootstrap,offpacket,4.0,4.234518800075277,4.598837183518454
2,34,93,multiscale_only_diverse16,16,93,True,1,0.6506779445635971,20.479191127548685,39.99679315059587,93,True,1,0.03242422375658783,13.791214874378694,38.76721465499437,93,True,1,0.04069682613705723,20.555418745922548,39.73990719774805,93,True,1,0.04070964451228375,13.282074917807012,32.87968138060892,93,True,1,0.04250250423506257,7.701426244797708,28.028204485599858,93,True,1,0.6504730635300002,20.569545798730594,46.949843877628055,93,True,1,5869.772792463856,20.516635854713094,40.04561399047774,93,True,1,13.545880888654489,20.381368563827213,39.53192734204512,0_0_0_10_14_16,-23.0,42,offpacket_bootstrap,offpacket,4.0,4.234518800075277,4.598837183518454
1,0,222,multiscale_only_diverse16,16,222,True,1,0.7324391971456521,18.251611100435277,40.876284222027614,222,True,1,0.02200555936699312,7.2560074623180295,37.791329194413215,222,True,1,0.04581167796067618,18.28549536979691,40.74189666230101,222,True,1,0.04582294741655302,13.588700955496808,34.03991578072917,222,True,1,0.04710683860028095,8.526903115923984,29.031826927927415,222,True,1,0.732259064882669,18.321076316648533,47.817268755147914,222,True,1,7228.04524094289,18.32497802100669,40.871294426323416,222,True,1,12.085908699280699,18.376099471512163,40.50006912466924,0_0_0_10_14_16,-24.0,42,offpacket_bootstrap,offpacket,4.0,4.234204101486241,4.598597575837199
1,1,826,multiscale_only_diverse16,16,826,True,1,0.6725193482901801,20.287419690217806,40.173705157388326,826,True,1,0.025611580898229697,9.57440185971232,38.306292789521855,826,True,1,0.04198527926201327,20.115960010069976,40.146823628023725,826,True,1,0.041995145179290434,13.083983628362954,33.16272596742057,826,True,1,0.04339105144838906,7.753550503646887,28.162884922160636,826,True,1,0.6723613533545942,20.422519154303487,47.33545734472066,826,True,1,6749.194675104083,20.30270466091008,40.3638818707877,826,True,1,11.0838059083785,20.33274890720632,40.12331010932854,0_0_0_10_14_16,-24.0,42,offpacket_bootstrap,offpacket,4.0,4.234204101486241,4.598597575837199
1,2,922,multiscale_only_diverse16,16,922,True,1,0.8157760012935888,18.51850218383175,42.876862552051676,922,True,1,0.04419450558230738,14.474476419648463,42.93227416022112,922,True,1,0.05105955024026896,18.573538999079084,42.6065177871402,922,True,1,0.05106591796572163,13.119129033917066,35.758786362107784,922,True,1,0.05229507146536695,7.816152091485307,30.54473281979933,922,True,1,0.8156742771336394,18.564256027213037,50.019449536867874,922,True,1,9909.245479064306,18.53186848680782,42.877885316074185,922,True,1,13.440185347445226,18.455415202188416,42.551434143958524,0_0_0_10_14_16,-24.0,42,offpacket_bootstrap,offpacket,4.0,4.234204101486241,4.598597575837199
1,3,718,multiscale_only_diverse16,16,355,False,19,0.7401589666374129,-3.0374402482658205,7.538244215803931,626,False,231,0.01782531649589444,-7.178867716844484,3.2947062512669563,355,False,19,0.04562942087543358,-2.639949680913415,7.394274216813715,420,False,33,0.07608223321397543,-1.4917508140161582,2.6817586285088484,260,False,279,0.15917239377987746,-3.7196074604764218,0.9434638465344765,355,False,19,0.44390159931873285,-4.297988600642199,12.20429377699796,355,False,15,4.294496956340025,-2.5151616120048113,7.6402598344184725,355,False,27,11.109567571685139,-2.9642964345357155,6.845768002628345,0_0_0_10_14_16,-24.0,42,offpacket_bootstrap,offpacket,4.0,4.234204101486241,4.598597575837199
1,4,107,multiscale_only_diverse16,16,337,False,30,0.5892725339902292,-24.910650218095725,9.309909873885188,338,False,47,0.026268906420665206,-24.34391792326747,7.848262761283966,337,False,34,0.04035603782275017,-24.514852229411854,9.31284766911717,337,False,77,0.0625524326712329,-22.61811987350748,4.377633483055688,337,False,144,0.14664448940681654,-19.351350473730083,3.0860072629137814,337,False,31,0.3801723394932645,-26.8073825740001,14.387985392398374,337,False,31,4.361642106538318,-25.22254201444618,9.137419107514058,337,False,30,11.06956792167268,-24.40359826362865,9.46058402820135,0_0_0_10_14_16,-24.0,42,offpacket_bootstrap,offpacket,4.0,4.234204101486241,4.598597575837199
1,5,468,multiscale_only_diverse16,16,337,False,10,1.0220470768981613,-13.160905731038426,19.684874703607033,338,False,44,0.007871711795887986,-20.507534461213655,10.089830235521323,337,False,10,0.06378659475082457,-13.149799183843973,19.450225650219117,337,False,10,0.07014813291560586,-12.743449469134609,12.802544799237271,337,False,17,0.14014694873404704,-9.99285282322632,10.75712808916131,337,False,10,0.929360483318928,-13.567255445747792,26.60702683025893,337,False,10,39.048026163873836,-13.707772223286206,19.505687772344626,337,False,10,17.647917406467695,-12.955266249277118,19.752416987834785,0_0_0_10_14_16,-24.0,42,offpacket_bootstrap,offpacket,4.0,4.234204101486241,4.598597575837199
1,6,89,multiscale_only_diverse16,16,128,False,19,1.1926327314322407,-23.847604844996866,18.653159463324865,128,False,19,0.07388215307100235,-22.94777359550935,19.256958757393015,128,False,19,0.07252907364753913,-23.97846969145137,18.16514881012141,128,False,59,0.07672306708769339,-23.73516287190245,11.465615033372682,128,False,121,0.12238058513689742,-21.874021895494693,8.221702511391513,128,False,19,1.1274385982724835,-24.090911664545782,25.82566691900842,128,False,19,20.37082781007214,-23.95159541113973,18.46605156471597,128,False,18,19.42351733979893,-23.91483794397024,18.08482570021679,0_0_0_10_14_16,-24.0,42,offpacket_bootstrap,offpacket,4.0,4.234204101486241,4.598597575837199
1,7,713,multiscale_only_diverse16,16,128,False,15,0.6934989070333017,-15.843910021154601,24.790794186290803,128,False,26,0.015461855609079617,-19.964236216214964,19.58655933249792,128,False,15,0.043922737201675735,-15.764350621025663,24.326332310301456,128,False,37,0.04451040584628885,-15.709200688239683,13.65354441586247,128,False,74,0.0602938143609814,-14.637283015751162,9.450013027066959,128,False,15,0.6843426759231126,-15.899059953940583,36.06646492444589,128,False,15,41.2624743178528,-15.881438845950203,24.86005530149113,128,False,15,11.462817857541044,-15.821394745128794,23.662276657360728,0_0_0_10_14_16,-24.0,42,offpacket_bootstrap,offpacket,4.0,4.234204101486241,4.598597575837199
1,8,865,multiscale_only_diverse16,16,865,True,1,0.8108549489325902,18.10779407143342,42.8831482140848,865,True,1,0.03545162742870467,10.747696555446849,41.801725308632086,865,True,1,0.05067380830165975,18.05828478652637,42.716077695566526,865,True,1,0.05067973490998561,12.278854465528642,35.93681045404785,865,True,1,0.052115996624704466,6.878972164020174,30.801781573672734,865,True,1,0.8107601256329036,18.170435752953534,49.93361532192495,865,True,1,9549.853283040886,18.085678971693298,42.81647350759763,865,True,1,13.438363087776114,18.26374641309373,42.64134652171074,0_0_0_10_14_16,-24.0,42,offpacket_bootstrap,offpacket,4.0,4.234204101486241,4.598597575837199
1,9,492,multiscale_only_diverse16,16,492,True,1,0.8031406826014553,14.932403081995073,42.84578157873767,493,False,5,0.0007518091901832806,-11.481638389697393,24.654662342815513,492,True,1,0.050282906948627006,14.925971908973244,42.76817952299554,492,True,1,0.05029164226879614,11.955281196186554,35.81188983965694,492,True,1,0.05118442652880551,6.6755952339332705,30.65479682552166,492,True,1,0.8030011824641187,14.951524558304968,50.292732125529646,492,True,1,10186.029030053289,14.949526354777484,43.0223312444858,492,True,1,13.233313569830626,14.876643992532056,42.4684643589708,0_0_0_10_14_16,-24.0,42,offpacket_bootstrap,offpacket,4.0,4.234204101486241,4.598597575837199
1,10,765,multiscale_only_diverse16,16,765,True,1,0.8085675403278323,18.81389544738732,42.803406577320374,765,True,1,0.021457379656884303,6.163038739456955,39.365456082318644,765,True,1,0.050537160139796956,18.7761350289496,42.6883016957263,765,True,1,0.05054410229610633,12.226319925776124,35.80412889843024,765,True,1,0.05159538764555657,6.897828633933437,30.71069088448711,765,True,1,0.8084564847942162,18.84910994297522,49.97983203361169,765,True,1,10179.227852908572,18.78036958174848,42.75748528902692,765,True,1,13.40837229448923,18.918444814338095,42.57084375582265,0_0_0_10_14_16,-24.0,42,offpacket_bootstrap,offpacket,4.0,4.234204101486241,4.598597575837199
1,11,1023,multiscale_only_diverse16,16,1023,True,1,1.8825929717036303,3.1737381283341715,13.080684567696526,1023,True,1,0.11153721024186224,0.15591457745655443,12.739647142795057,1023,True,1,0.1113829162510066,3.001870817718819,12.802738523408788,1023,True,1,0.14514709874265855,2.443375307738503,6.582699882826155,1023,True,1,0.35557356470241147,0.16720164164786577,5.3593163195329865,1023,True,1,1.444663359574075,3.7322336383144874,19.104404065052933,1023,True,1,13.522298781111528,2.7374525856249274,13.04443681892064,1023,True,1,31.475731925251527,3.822689658093287,13.295575952419078,0_0_0_10_14_16,-24.0,42,offpacket_bootstrap,offpacket,4.0,4.234204101486241,4.598597575837199
1,12,597,multiscale_only_diverse16,16,299,False,205,0.46077079776154406,-7.52704749667234,3.398205667400711,399,False,111,0.04023552390702487,-5.394544280725535,4.934895555140358,299,False,289,0.023690605854193015,-7.809509978726111,2.411274998166651,299,False,298,0.0804131930783586,-3.96532236959,0.7173959411504592,940,False,90,0.36486064672554813,-2.904522068856204,2.234323911603808,299,False,256,0.13574811471861079,-11.371235105808452,5.12323407613792,299,False,149,1.841255296634717,-6.517867209907747,3.8380331267947128,299,False,260,6.938407025408407,-8.175220337260125,2.8613706042536484,0_0_0_10_14_16,-24.0,42,offpacket_bootstrap,offpacket,4.0,4.234204101486241,4.598597575837199
1,13,562,multiscale_only_diverse16,16,562,True,1,0.5849388428580369,11.199118525293088,18.738213257547933,563,False,3,0.0029975787555140258,-2.947429345707188,7.758454704380533,562,True,1,0.037856596581448736,10.928142229440066,18.633966561654653,562,True,1,0.0411804401840093,8.393094537390054,12.252620474835858,562,True,1,0.0743419980729074,3.9002016630166314,9.888892051851567,562,True,1,0.5377260102113904,12.66106002080437,24.73732949742752,562,True,1,939.0514792141342,18.84066721605236,36.530593756295154,562,True,1,9.985109156627882,11.475249692877714,18.737314893541757,0_0_0_10_14_16,-24.0,42,offpacket_bootstrap,offpacket,4.0,4.234204101486241,4.598597575837199
1,14,478,multiscale_only_diverse16,16,876,False,23,0.770057712902176,-4.181314063950062,7.065045026924594,876,False,140,0.02699598729306673,-6.183185746777998,4.092059691099213,876,False,16,0.052511803135155265,-3.9890306960167,7.363856208703381,876,False,42,0.085997289960038,-3.0509233374727533,2.300170405287523,319,False,375,0.1848041396307984,-4.80326456986669,0.6570764656358341,876,False,17,0.4702138758258273,-5.119421422494009,11.982864167889655,823,False,4,7.277196959820066,-1.7996198550355973,9.665711963118067,876,False,18,14.534220427954212,-4.380283143167011,7.198263980350741,0_0_0_10_14_16,-24.0,42,offpacket_bootstrap,offpacket,4.0,4.234204101486241,4.598597575837199
1,15,267,multiscale_only_diverse16,16,267,True,1,0.8193217650968201,18.829780471979426,42.81413825386782,267,True,1,0.01707771138281773,5.0296769774122785,37.89174486540408,267,True,1,0.05117680853580695,18.77889151558208,42.368809947023806,267,True,1,0.05118612451910583,12.705298563603876,35.693569678923296,267,True,1,0.05291139281688573,7.337568263543873,30.678710282132947,267,True,1,0.8191726467966605,18.854447644431207,49.681911633752435,267,True,1,9675.35114000484,18.900532558765796,42.716603859540186,267,True,1,13.497954115729888,18.736367766888108,42.37164849873594,0_0_0_10_14_16,-24.0,42,offpacket_bootstrap,offpacket,4.0,4.234204101486241,4.598597575837199
1,16,917,multiscale_only_diverse16,16,917,True,1,0.8472619472386214,25.023748208778194,43.258803400765125,917,True,1,0.044269420309388595,17.282920025225245,42.84498976686858,917,True,1,0.05299614000459403,25.156193987383947,43.13314226074173,917,True,1,0.05300430076203383,12.601098659672079,35.94930785849356,917,True,1,0.053632441281385466,7.2496790124443065,30.620746364548932,917,True,1,0.8471314993477902,25.139144485563335,50.50380887081836,917,True,1,11635.903211713412,25.035954491597415,43.3161245380882,917,True,1,13.979774570155033,25.34945438393477,42.68168672871838,0_0_0_10_14_16,-24.0,42,offpacket_bootstrap,offpacket,4.0,4.234204101486241,4.598597575837199
1,17,656,multiscale_only_diverse16,16,656,True,1,0.8303647132402183,19.153769775783626,42.990339988613556,656,True,1,0.009006129445622173,0.8424413408650516,35.64375210347476,656,True,1,0.05192092629834304,19.048271652635385,42.751687687939636,656,True,1,0.051927643654251475,12.592494883598464,35.88658860098294,656,True,1,0.05303089894600385,7.376713840037034,30.745872450353822,656,True,1,0.8302572973260709,19.213579431095795,50.044599217729136,656,True,1,10513.341336238613,19.184891140222824,43.055653985269124,656,True,1,13.713694540057476,19.06217800519282,42.76026795568537,0_0_0_10_14_16,-24.0,42,offpacket_bootstrap,offpacket,4.0,4.234204101486241,4.598597575837199
1,18,889,multiscale_only_diverse16,16,889,True,1,0.8129554383069717,22.44950849488461,42.62585112410788,889,True,1,0.038534809120714164,14.994748587353916,41.99131048669547,889,True,1,0.05078224114387025,22.60157210793576,42.588671412819835,889,True,1,0.050786005430593556,12.494957235316615,35.82542391348471,889,True,1,0.05160969801757728,7.1858374691882325,30.6184420824261,889,True,1,0.8128951816016625,22.573777051824973,49.902705813327955,889,True,1,10082.602808549982,22.498703456111784,42.75265034763362,889,True,1,13.444627166072715,22.442321451437618,42.411850748925765,0_0_0_10_14_16,-24.0,42,offpacket_bootstrap,offpacket,4.0,4.234204101486241,4.598597575837199
1,19,510,multiscale_only_diverse16,16,510,True,1,1.3024121416452203,0.3464529947473824,10.24498868743949,143,False,13,0.05180220830369195,-1.2600197862160591,8.22924968800672,510,True,1,0.08802176569936954,0.9665518517867053,10.097902299742804,313,False,2,0.11054655240635887,-0.296855745461067,4.281421145997671,491,False,9,0.3321946391377687,-0.83546716870546,4.016772048953782,510,True,1,1.037034750342113,1.6098605919951547,15.828316786908532,427,False,3,6.395034148401502,-0.8397245778122765,9.411371780002431,313,False,2,21.726064859232125,-0.21111706018128185,9.648427362756063,0_0_0_10_14_16,-24.0,42,offpacket_bootstrap,offpacket,4.0,4.234204101486241,4.598597575837199
1,20,860,multiscale_only_diverse16,16,117,False,27,0.9236957610344376,-2.273705383609382,7.064135745608907,525,False,6,0.09595376835301968,-2.2529206505102564,9.511105685911248,552,False,9,0.07967756177278681,-1.3106776638097921,8.358662621533536,689,False,2,0.15599321492353632,-0.387838267759371,4.067435899131516,628,False,45,0.40455494484648014,-1.8668943406825131,3.0732143040002002,552,False,33,0.4718014568464302,-3.5371042902258605,11.241397924267725,117,False,5,5.53102591421339,-2.0419874543694245,8.680480266200918,4,False,21,14.789794008953088,-2.2865119744005704,6.861991026596659,0_0_0_10_14_16,-24.0,42,offpacket_bootstrap,offpacket,4.0,4.234204101486241,4.598597575837199
1,21,553,multiscale_only_diverse16,16,553,True,1,0.8385819549294524,18.629884625721967,42.763412990640674,552,False,3,0.002594039376093265,-5.520229104694261,29.535577322387002,553,True,1,0.052387599444388366,18.518064380044308,42.49969934908346,553,True,1,0.052393434929943285,12.497650888745763,35.77178375712903,553,True,1,0.05327649551205365,7.137878707031597,30.731270267499845,553,True,1,0.8384885551954753,18.66993094635846,49.5832776376399,553,True,1,10450.70015090491,18.62277791534436,42.87148806653207,553,True,1,13.872008110285838,18.504521199981436,42.347584293242605,0_0_0_10_14_16,-24.0,42,offpacket_bootstrap,offpacket,4.0,4.234204101486241,4.598597575837199
1,22,629,multiscale_only_diverse16,16,963,False,36,0.7281527888428627,-3.0879950887490915,7.09458445562673,952,False,814,0.0031931382445471237,-15.40654792330319,-4.862595828260066,952,False,104,0.03226586767297305,-5.275808836634647,5.213540304982272,952,False,279,0.06427199646841744,-4.446577215168941,0.9189607809457124,953,False,329,0.20808097759872857,-4.569861576428034,0.8688633082556205,963,False,46,0.36554771629126265,-5.197976961575751,11.313964936467078,963,False,7,5.3336842888613845,-2.0522964739156095,8.695530051457524,952,False,69,10.179333299494475,-4.532846932206437,5.867262965024615,0_0_0_10_14_16,-24.0,42,offpacket_bootstrap,offpacket,4.0,4.234204101486241,4.598597575837199
1,23,759,multiscale_only_diverse16,16,759,True,1,0.8252474115220707,21.965547691162215,41.04898124650661,759,True,1,0.021095493385772646,7.774766855718171,37.224939430689936,759,True,1,0.05158742474000844,21.89611062554793,40.80669948549716,759,True,1,0.05159936666721916,12.606687471743365,34.92662292129551,759,True,1,0.05302318757692411,6.993714284133575,29.844854834114866,759,True,1,0.825056419942992,22.069145896111884,47.0555766500142,759,True,1,5558.692884173477,22.166460314396225,41.14450427572229,759,True,1,13.62755014460339,21.866781960470302,40.767044076362914,0_0_0_10_14_16,-24.0,42,offpacket_bootstrap,offpacket,4.0,4.234204101486241,4.598597575837199
1,24,874,multiscale_only_diverse16,16,20,False,259,0.24551180166574316,-5.855237191920704,2.796208409539926,256,False,437,0.009933005533994324,-8.761669720718212,0.9291886978532625,697,False,339,0.014183122659360014,-6.207809942238519,2.088054887508636,854,False,583,0.039364594792144,-4.604464601296922,-0.262171460119932,843,False,799,0.10488102539455817,-7.333440846066405,-1.5876541503631167,20,False,242,0.08845827108680493,-8.385761275450673,4.836695817570548,874,True,1,10.64957712486884,4.1001902742449445,13.571373132071615,379,False,254,4.348796101181554,-5.58269927045475,2.9153754308539175,0_0_0_10_14_16,-24.0,42,offpacket_bootstrap,offpacket,4.0,4.234204101486241,4.598597575837199
1,25,720,multiscale_only_diverse16,16,775,False,41,0.5057779694916462,-27.38963367088696,9.306375536725769,775,False,86,0.015402960374878195,-30.12462299941663,6.399614257506401,775,False,45,0.030166509956110487,-27.61338955341289,9.152661009241122,775,False,99,0.053780476035395666,-25.105030880573253,4.486192274355064,775,False,158,0.14089506100671295,-21.182727053821118,3.419984566414608,775,False,51,0.28370065267197186,-29.897992343726596,14.379229808457692,775,False,37,5.605933437306234,-26.616874971199238,11.698019105336941,775,False,98,4.402537368216837,-30.190957811502347,5.749694436490909,0_0_0_10_14_16,-24.0,42,offpacket_bootstrap,offpacket,4.0,4.234204101486241,4.598597575837199
1,26,314,multiscale_only_diverse16,16,775,False,20,0.7617341515641307,-15.47397441249144,7.667228375434188,777,False,38,0.04403082748587964,-7.870601061472513,7.410137876431372,775,False,20,0.05179976575935738,-15.014136770986017,7.902027937803995,775,False,39,0.09890470044992866,-12.279362547995746,3.6325780864628303,775,False,38,0.4385548215093647,-7.570374800806957,5.130398993815696,775,False,29,0.3989461617337446,-18.20874863548171,11.817479918766958,775,False,54,2.8777226612600146,-17.03069841914681,6.282278910913156,775,False,31,11.507414663077249,-15.647275904275507,6.9240664442043425,0_0_0_10_14_16,-24.0,42,offpacket_bootstrap,offpacket,4.0,4.234204101486241,4.598597575837199
1,27,602,multiscale_only_diverse16,16,602,True,1,0.6528555692334557,4.40093932922676,12.117878968488371,657,False,103,0.009129822945153293,-3.91919787801979,4.745208464525532,602,True,1,0.04660305622902886,4.0609013803981115,12.214889920630277,602,True,1,0.055191505810485535,2.3479990092688063,6.072286825235214,674,False,4,0.1110525171608005,-0.6426017758872283,4.051289777777246,602,True,1,0.5512635387571014,5.771821249530268,18.15824497809263,602,True,1,22.57488216073864,6.200015991579685,15.055826514769091,602,True,1,11.814421515551748,3.1722721631817814,12.627811772273372,0_0_0_10_14_16,-24.0,42,offpacket_bootstrap,offpacket,4.0,4.234204101486241,4.598597575837199
1,28,7,multiscale_only_diverse16,16,7,True,1,0.8409925165427836,22.133111363044446,43.19345081582676,7,True,1,0.052157703533433644,21.61387306628626,43.617590460249474,7,True,1,0.052564666652786016,22.119551799618,42.92834890646609,7,True,1,0.05256785425063553,13.3959220693418,35.85231189632411,7,True,1,0.053285445776333755,8.032747705387402,30.50114476263328,7,True,1,0.8409415206256894,22.255466788186403,50.49518098414609,7,True,1,12245.157669705708,22.13945226413675,43.304542021813255,7,True,1,13.889499163617451,21.969689268558994,42.795521456567904,0_0_0_10_14_16,-24.0,42,offpacket_bootstrap,offpacket,4.0,4.234204101486241,4.598597575837199
1,29,610,multiscale_only_diverse16,16,610,True,1,0.8298993045355587,22.378442235599675,42.775881188125034,609,False,3,0.006096613518758599,-1.5881834167696312,33.92231562634527,610,True,1,0.05191981479771325,22.44580836808491,42.606038343018085,610,True,1,0.05192391352269059,12.771455355765283,35.87656302398523,610,True,1,0.05307617096411085,7.426227384704117,30.663701567519155,610,True,1,0.8298337946620264,22.500739058951694,49.90092459678155,610,True,1,11339.961350745476,22.444463267035562,42.84199293872905,610,True,1,13.698737903482781,22.612180211674833,42.43622343342467,0_0_0_10_14_16,-24.0,42,offpacket_bootstrap,offpacket,4.0,4.234204101486241,4.598597575837199
1,30,807,multiscale_only_diverse16,16,807,True,1,0.8434958746167922,22.922880059084356,42.98412570004247,807,True,1,0.028506135781463462,9.251136337039453,40.46097862669686,807,True,1,0.05275091611123273,22.851670435057304,42.74067799569325,807,True,1,0.05275317272958282,13.025747387863454,35.871955971331595,807,True,1,0.05373182709173895,7.72261464781592,30.71989268078175,807,True,1,0.8434597924596368,23.06674417456768,49.90224591868746,807,True,1,11593.602014176106,22.898144560683285,42.99320346381907,807,True,1,13.963553743259656,22.862387759352167,42.6133064549009,0_0_0_10_14_16,-24.0,42,offpacket_bootstrap,offpacket,4.0,4.234204101486241,4.598597575837199
1,31,897,multiscale_only_diverse16,16,897,True,1,0.8340802682021753,19.414308432029788,42.82850537051968,897,True,1,0.041116454884848476,13.384984677367227,41.91436398677867,897,True,1,0.052122480010971715,19.304588049064844,42.717863196874575,897,True,1,0.052129521271211364,13.24188144784686,35.875744498435374,897,True,1,0.053538229744953196,8.009418344339418,30.554823569097948,897,True,1,0.8339676069675054,19.476619030722205,50.16680327200941,897,True,1,11148.228094235108,19.396883481794585,42.901119772964755,897,True,1,13.803129682443709,19.350016356300753,42.48707043658479,0_0_0_10_14_16,-24.0,42,offpacket_bootstrap,offpacket,4.0,4.234204101486241,4.598597575837199
1,32,749,multiscale_only_diverse16,16,179,False,20,0.8212624864940068,-1.4254297359402714,6.903249472402722,468,False,372,0.013714558713271582,-7.531969796474792,1.5352264373313398,179,False,8,0.054110011692107204,-0.880429334558354,7.341782157178703,241,False,101,0.07667918416642033,-2.281012460650311,1.9044337288405357,212,False,212,0.2652549672889533,-4.153312875464967,1.6737090629818554,179,False,5,0.5795382831673429,-0.7496178962663562,12.18627526097558,749,True,1,86.56462039923152,15.109186872394174,33.986311948052524,241,False,28,13.962447826339288,-1.6106752664644715,6.760307314706466,0_0_0_10_14_16,-24.0,42,offpacket_bootstrap,offpacket,4.0,4.234204101486241,4.598597575837199
1,33,584,multiscale_only_diverse16,16,584,True,1,0.8145124426840233,19.36502211359979,42.905865593206855,583,False,3,0.00500988306017012,-2.831276072861102,32.637179951064994,584,True,1,0.050816830767523705,19.38120738973003,42.463650550990934,584,True,1,0.05082978004810119,12.841856253106528,35.63490448843109,584,True,1,0.05122782541794811,7.407176459199466,30.50209737594274,584,True,1,0.8143049393239028,19.431343594173676,49.690909912944726,584,True,1,10466.826348615607,19.38259905850764,42.81638947873657,584,True,1,13.45172262282971,19.456156323886656,42.48322791561354,0_0_0_10_14_16,-24.0,42,offpacket_bootstrap,offpacket,4.0,4.234204101486241,4.598597575837199
1,34,934,multiscale_only_diverse16,16,934,True,1,0.7932309397591695,19.67723021833131,42.553661244441756,934,True,1,0.04366167192638404,15.846996516679406,42.56670259106333,934,True,1,0.04958029393437086,19.64952147803349,42.589404322900386,934,True,1,0.049589430436461523,12.889356588411307,35.607434766307364,934,True,1,0.050658251739821095,7.594048957076574,30.305647145618053,934,True,1,0.7930847925645819,19.732484674314346,49.72288890567842,934,True,1,9536.604045907974,19.680357844807112,42.560571981452554,934,True,1,13.130471049219729,19.756340549331526,42.42370357503664,0_0_0_10_14_16,-24.0,42,offpacket_bootstrap,offpacket,4.0,4.234204101486241,4.598597575837199
2,0,803,multiscale_only_diverse16,16,803,True,1,0.78774256257228,10.654316642374106,18.11504357017988,803,True,1,0.03662985975912103,8.070938730293392,15.876671404096701,803,True,1,0.04958410655580395,10.098727763671139,17.11901620607768,803,True,1,0.05519968117899461,7.984340457931875,10.655802611887125,803,True,1,0.08171031630822166,2.235289915035814,6.359126138209042,803,True,1,0.7076039268137927,12.76870394811337,24.17076400891576,803,True,1,1274.9304048651652,19.40653376611068,40.481965127392414,803,True,1,13.96636188791358,10.69175764706947,17.04270523870938,0_0_0_10_14_16,-24.0,42,offpacket_bootstrap,offpacket,4.0,4.234204101486241,4.598597575837199
2,1,826,multiscale_only_diverse16,16,478,False,3,1.3373990126065252,-1.370147775863667,10.201550150923616,994,False,6,0.06643949970015323,-1.5396437093168553,8.829657151295713,478,False,2,0.08201742889206028,-0.8597708391097363,9.94071079633438,994,False,4,0.1175384325231193,-0.5805183013729774,3.852195264238137,269,False,122,0.25973655610113977,-2.6428903995310877,2.2621428034949256,478,False,3,0.9332269119310549,-1.685952616723153,16.21627547625671,826,True,1,12.50178917934199,1.3415926634141542,12.762132465122189,478,False,2,23.591474090068118,-0.9382337309175964,10.439605561867618,0_0_0_10_14_16,-24.0,42,offpacket_bootstrap,offpacket,4.0,4.234204101486241,4.598597575837199
2,2,922,multiscale_only_diverse16,16,47,False,6,1.1463845557157128,-1.7056198357003807,8.762842032096774,47,False,6,0.06830182373289169,-2.0118426608558453,8.361984678552728,501,False,11,0.06732045394642192,-2.312784556894852,8.372209271720072,501,False,29,0.09532728472884713,-1.911136472781634,2.7935259954478964,365,False,181,0.23583634469391318,-3.8883650043590863,1.6859756891510411,501,False,4,0.809580687286637,-2.0030524844219166,13.830024294260866,47,False,6,5.555631793808422,-1.9349145598023716,8.864571517446535,501,False,6,20.45774660566857,-1.5330389540372042,8.733627259739256,0_0_0_10_14_16,-24.0,42,offpacket_bootstrap,offpacket,4.0,4.234204101486241,4.598597575837199
2,3,718,multiscale_only_diverse16,16,718,True,1,0.810761883517003,25.648971744607504,42.61838111928996,718,True,1,0.017179451917484666,5.129137777550574,37.89822273119184,718,True,1,0.050575504427476485,25.589766080008587,42.063872722311196,718,True,1,0.050580338801236954,12.906548178478891,35.68447385376888,718,True,1,0.05166238292588338,7.617841075527502,30.4466344761384,718,True,1,0.8106843924193046,25.75246051515631,49.52836235487836,718,True,1,10856.570172789023,25.636337974151992,42.60420222464618,718,True,1,13.407862574226307,25.433979412881193,42.075122979549135,0_0_0_10_14_16,-24.0,42,offpacket_bootstrap,offpacket,4.0,4.234204101486241,4.598597575837199
2,4,86,multiscale_only_diverse16,16,86,True,1,0.2911411598360161,1.287354337382972,11.310197827812939,86,True,1,0.033875120896287546,4.517974454572702,13.788696639903959,86,True,1,0.019968313660486965,2.457344162595433,12.011435121956254,86,True,1,0.025734421839787927,1.8503877322958284,5.662291121767565,788,False,11,0.05264990090133709,-0.5147926589312508,3.471672531495206,86,True,1,0.22590746492292083,1.8943107676825766,17.551674125903173,86,True,1,48.49866325694103,7.063609005532191,20.111761561347606,86,True,1,4.613975206024755,1.1181587170196243,10.983083907982616,0_0_0_10_14_16,-24.0,42,offpacket_bootstrap,offpacket,4.0,4.234204101486241,4.598597575837199
2,5,468,multiscale_only_diverse16,16,576,False,48,0.5569303015296647,-3.1608729192554192,6.038408312762904,661,False,54,0.03757358587769492,-3.1544405169444207,6.386002236823632,576,False,43,0.0397229939914544,-2.643889769167173,6.364634883232574,228,False,76,0.0716242774723276,-1.6501220940218158,2.0664434410025883,224,False,66,0.25196150677635626,-2.8757130119610164,2.404074857069304,576,False,42,0.30887486480919923,-4.483197410980487,10.264999249817667,576,False,17,4.236517623150611,-1.5991058674180678,7.647369966707197,576,False,48,9.336022369427306,-2.8405091247883707,6.035070247415051,0_0_0_10_14_16,-24.0,42,offpacket_bootstrap,offpacket,4.0,4.234204101486241,4.598597575837199
2,6,89,multiscale_only_diverse16,16,89,True,1,0.7868166262500189,21.16217112882229,41.70102322493215,89,True,1,0.03905990480078793,13.802546939451707,41.55882051459669,89,True,1,0.04911178552182063,21.159319237494362,41.50549038526091,89,True,1,0.049120423446420015,13.466116638191357,34.94567127129597,89,True,1,0.050170550503409225,7.883488793580744,29.84810270438533,89,True,1,0.7866782629743339,21.224612619774742,48.64455113247483,89,True,1,7992.373950886665,21.19283263068024,41.709672379177036,89,True,1,12.997086973077652,21.090300229602242,41.18704523497116,0_0_0_10_14_16,-24.0,42,offpacket_bootstrap,offpacket,4.0,4.234204101486241,4.598597575837199
2,7,713,multiscale_only_diverse16,16,713,True,1,1.5569658493500924,0.23705352492639817,9.950562800971012,1003,False,2,0.07833705182572635,-0.2383352708984447,8.884805724752905,713,True,1,0.09430270497546804,0.05519452401525266,9.730458766772808,391,False,4,0.12365360600112466,-0.7299250795832178,3.8250202261257216,113,False,100,0.2987917991986095,-2.8005880652392765,2.430718022859528,713,True,1,1.1873983775839532,0.46622884989886926,15.819272292113958,713,True,1,24.911609662506887,8.965303373831627,18.697845760093568,391,False,8,21.265837394717447,-0.7348965429752939,8.384639363188915,0_0_0_10_14_16,-24.0,42,offpacket_bootstrap,offpacket,4.0,4.234204101486241,4.598597575837199
2,8,865,multiscale_only_diverse16,16,865,True,1,0.787256044930075,19.476726901928785,42.55282467607987,865,True,1,0.034940538165107074,11.468231922908036,41.507370194070944,865,True,1,0.04929552083367342,19.567964674750062,42.33098124404533,865,True,1,0.04929934958788026,12.913495198357712,35.48533992837089,865,True,1,0.050264591209560984,7.58022775991956,30.37598017331888,865,True,1,0.7871949039633263,19.539026006701846,49.44224786404902,865,True,1,9808.918607920672,19.50551071097386,42.45975249499389,865,True,1,13.02592083958062,19.361328444328812,42.14338594988574,0_0_0_10_14_16,-24.0,42,offpacket_bootstrap,offpacket,4.0,4.234204101486241,4.598597575837199
2,9,492,multiscale_only_diverse16,16,394,False,17,0.6696673867294436,-10.283601148558182,26.997091843844288,394,False,32,0.002920494078260607,-16.141366073103114,13.55848324623775,394,False,17,0.041266300649975676,-10.329314288741765,26.5269519627471,394,False,23,0.041820953400473565,-10.275320721213564,18.069468155202113,394,False,35,0.05444991269613192,-9.442991733524801,13.99863866111545,394,False,17,0.6607858852865804,-10.337594716086384,36.75813100541927,394,False,17,31.863227069778702,-10.334591899821941,26.443131342987698,394,False,17,11.443667608454811,-10.17230981090082,26.820459027346033,0_0_0_10_14_16,-24.0,42,offpacket_bootstrap,offpacket,4.0,4.234204101486241,4.598597575837199
2,10,765,multiscale_only_diverse16,16,393,False,46,0.678017826594953,-22.97494495138953,15.038230422087459,394,False,38,0.02576493471490063,-22.230782355860455,12.902993715966177,393,False,45,0.04386172159618179,-22.8333123250555,14.46079136772318,393,False,132,0.052436401612791186,-22.059577967960152,7.356867573142801,393,False,206,0.1098627407872658,-19.02919520145559,4.8641766847042796,393,False,48,0.5671447359595636,-23.74867930848488,22.53679482012479,393,False,48,4.936025458782027,-23.29510162733902,14.642620521600653,393,False,47,11.050118046147638,-23.05669794902435,14.16841454026928,0_0_0_10_14_16,-24.0,42,offpacket_bootstrap,offpacket,4.0,4.234204101486241,4.598597575837199
2,11,1023,multiscale_only_diverse16,16,1023,True,1,0.7893836964911003,15.195823661237206,42.81045616354908,1023,True,1,0.049380455916936725,15.370522593124187,43.604490846141104,1023,True,1,0.049286585023040154,15.280436760097105,42.423263405201546,1023,True,1,0.04929082188501911,13.90395386209094,35.58052995798006,1023,True,1,0.05039943220430839,8.654936776019182,30.304409632010035,1023,True,1,0.7893158439042988,15.210902573120181,49.905804274483486,1023,True,1,11823.647020290464,15.199331208788616,42.83199989496789,1023,True,1,13.032950636104367,15.248239132368404,42.5426052283359,0_0_0_10_14_16,-24.0,42,offpacket_bootstrap,offpacket,4.0,4.234204101486241,4.598597575837199
2,12,597,multiscale_only_diverse16,16,597,True,1,0.8056200532217339,19.438904481106633,42.823246808482,596,False,2,0.007421267686251344,-0.8848211227648816,34.37650168749913,597,True,1,0.05028847695072503,19.462553129136893,42.476805379332056,597,True,1,0.0502992171759519,13.166026275767283,35.57501924440069,597,True,1,0.051548865293648834,7.591035502548636,30.53460988915763,597,True,1,0.8054480318403948,19.51591615319903,50.237820015515744,597,True,1,10625.789982657443,19.4499816183141,42.82076444545855,597,True,1,13.275604722847524,19.578741880778768,42.2048582562493,0_0_0_10_14_16,-24.0,42,offpacket_bootstrap,offpacket,4.0,4.234204101486241,4.598597575837199
2,13,562,multiscale_only_diverse16,16,562,True,1,0.544313838518292,6.16492481642763,14.660465343917286,561,False,363,0.0017063703893282483,-10.318385763503262,1.4787851377634142,562,True,1,0.03600133149391562,6.555128584354141,14.827843616933638,562,True,1,0.03977932856074573,5.030071675391932,8.256612583894785,562,True,1,0.07409417743482434,1.1901583810254548,5.681065770356031,562,True,1,0.4926182428468653,7.608899342001438,20.882496358902884,562,True,1,322.4450341922025,15.280301429533768,34.653756460778695,562,True,1,9.54147969791247,6.597800821253919,15.130614795046252,0_0_0_10_14_16,-24.0,42,offpacket_bootstrap,offpacket,4.0,4.234204101486241,4.598597575837199
2,14,478,multiscale_only_diverse16,16,179,False,4,1.3722172244163175,-1.5175745310839783,10.269230390970755,488,False,717,0.004246242678316521,-14.435828291904212,-2.8690864840467185,179,False,6,0.08181204918878068,-1.3482185952341588,9.925020913178315,187,False,11,0.10668269719954361,-1.395685875405856,3.677001949810492,7,False,171,0.2166585024492917,-3.3688234061120195,1.7676214034748061,179,False,3,1.0523159425905493,-1.5814697962132738,16.3498446897127,179,False,3,7.120271421540895,-2.1955207826827423,10.253606685413333,179,False,4,25.752397875775326,-1.1408198548174076,10.431819604210723,0_0_0_10_14_16,-24.0,42,offpacket_bootstrap,offpacket,4.0,4.234204101486241,4.598597575837199
2,15,267,multiscale_only_diverse16,16,267,True,1,0.7830502844981879,17.947175261511873,42.23451067319581,267,True,1,0.0186393866334774,3.937466446881956,38.182831721639836,267,True,1,0.04898603348075571,17.890237135042263,41.84722501080471,267,True,1,0.048991698990478845,13.708722541686068,35.14486303923909,267,True,1,0.050294724860553044,8.265241853180889,30.08620616552548,267,True,1,0.7829597308106869,17.982811742282504,49.46947113920707,267,True,1,8535.726898955021,17.930907685511706,42.16615359707614,267,True,1,12.945879064317664,17.986715935488508,41.57473093411024,0_0_0_10_14_16,-24.0,42,offpacket_bootstrap,offpacket,4.0,4.234204101486241,4.598597575837199
2,16,917,multiscale_only_diverse16,16,917,True,1,2.4290201358252403,3.6727921305604108,11.92013261067766,917,True,1,0.13027539514800757,2.370312926235586,10.278257460876778,917,True,1,0.15414871916720796,3.7914238817673205,11.356160253271312,917,True,1,0.17843701518928207,1.698706446757823,5.098760377978529,122,False,12,0.42117655956787337,-1.02316187775864,3.711583424942084,917,True,1,2.0983894085631887,4.779574339223864,17.82186397724525,917,True,1,15.305167352703526,5.302498762590072,13.937910006952078,917,True,1,41.47560843235318,3.154441105814956,11.573804140252093,0_0_0_10_14_16,-24.0,42,offpacket_bootstrap,offpacket,4.0,4.234204101486241,4.598597575837199
2,17,656,multiscale_only_diverse16,16,656,True,1,0.5716624217927944,6.281835116021134,13.08320875635275,655,False,61,0.00473426141507373,-3.778930310681111,5.458173621708035,656,True,1,0.0354892272744588,6.067305991033386,12.633149201810916,656,True,1,0.04074088408163319,4.148543859647865,7.527685318639366,656,True,1,0.0858776411129692,1.5988924436608967,5.4618437142438525,656,True,1,0.4979729347704112,8.160509317660452,18.22149861693159,656,True,1,224.23343158695235,13.776053785864011,32.00160655392695,656,True,1,9.334959137420949,5.78046882620757,12.690172387310945,0_0_0_10_14_16,-24.0,42,offpacket_bootstrap,offpacket,4.0,4.234204101486241,4.598597575837199
2,18,889,multiscale_only_diverse16,16,869,False,19,0.8364810847096784,-1.9882338097863657,8.126142761730552,581,False,11,0.0606266613989353,-2.1304489645449594,8.743646636287385,869,False,10,0.060365364029915006,-1.5616817886470782,8.511825198671916,438,False,14,0.09533591567015898,-1.14121473710798,3.2430432631225052,438,False,48,0.27937589084914,-3.1693611807557738,2.825739625186995,869,False,16,0.5296480851701008,-2.6954618359148648,12.93703739005483,256,False,9,5.115599100256879,-2.3569941748350933,8.83065862076981,869,False,31,12.700287627038277,-3.268351331934462,7.4436752555082455,0_0_0_10_14_16,-24.0,42,offpacket_bootstrap,offpacket,4.0,4.234204101486241,4.598597575837199
2,19,510,multiscale_only_diverse16,16,510,True,1,0.708888031597187,5.278839504383386,13.64621310838605,331,False,432,0.002100321502462929,-8.688131233889324,1.0392342987902192,510,True,1,0.04449204960137918,5.374064719704482,13.864153205198178,510,True,1,0.050955894062456264,3.401013059655473,7.119793353455393,510,True,1,0.11017466157270465,0.8560265413342105,5.101175537655105,510,True,1,0.6189643424760225,6.735974414209576,20.07077353577278,510,True,1,128.44187843904842,12.88694060525502,27.799638552257463,510,True,1,12.611468275187459,4.757814887949207,13.610751613636815,0_0_0_10_14_16,-24.0,42,offpacket_bootstrap,offpacket,4.0,4.234204101486241,4.598597575837199
2,20,860,multiscale_only_diverse16,16,349,False,31,0.578339419727488,-2.2525283783103327,6.834931040192991,323,False,72,0.028746469963296255,-5.795905572289682,6.251892518795979,674,False,26,0.03751885351257616,-1.7812774765052488,7.0321157308054065,104,False,56,0.06504684572483187,-2.2345412277712824,2.104506771561711,847,False,293,0.1586421227810138,-4.512454889780232,0.8479360829533789,764,False,24,0.33358469157898596,-2.696694687730034,11.45761198894299,323,False,49,2.9916858507995636,-3.258818838874969,6.054295482446534,674,False,18,12.741430773733004,-2.0538452926011432,7.534915226595242,0_0_0_10_14_16,-24.0,42,offpacket_bootstrap,offpacket,4.0,4.234204101486241,4.598597575837199
2,21,553,multiscale_only_diverse16,16,553,True,1,0.713635470697227,13.017706078244144,41.62658818271435,554,False,3,0.0010259790427209693,-9.275672085815483,24.748754411267733,553,True,1,0.04481752170402036,13.140862397999653,41.40592862102249,553,True,1,0.044847330437953845,12.054520033506538,34.44267020102482,553,True,1,0.047060727599318154,6.753349625560174,29.55674226580133,553,True,1,0.713161137673081,13.049999408814866,49.05812208585913,553,True,1,8766.73164892296,13.050762427918368,41.733673890455165,553,True,1,11.73671975196726,12.944935021049753,41.11592325119676,0_0_0_10_14_16,-24.0,42,offpacket_bootstrap,offpacket,4.0,4.234204101486241,4.598597575837199
2,22,629,multiscale_only_diverse16,16,629,True,1,0.6267901256728159,14.572458319255793,40.19489603928296,630,False,3,0.004038430679974108,-2.6998914362421997,30.090110027324183,629,True,1,0.03929424458189833,14.61870402073327,39.97643641802623,629,True,1,0.03930518251677463,12.141251014917424,33.0506997400365,629,True,1,0.040949981011767916,6.832930485454426,28.142293375399618,629,True,1,0.6266157011023972,14.644515305368838,47.274283636188756,629,True,1,6250.090500365628,14.527902251358853,40.39733377421901,629,True,1,10.45190503591216,14.81325566772379,40.02018300213331,0_0_0_10_14_16,-24.0,42,offpacket_bootstrap,offpacket,4.0,4.234204101486241,4.598597575837199
2,23,759,multiscale_only_diverse16,16,759,True,1,0.7633171512043333,17.969540147251905,41.532773967220386,759,True,1,0.021150274166661195,6.9808621207998645,38.392491148920556,759,True,1,0.04767121579753928,17.981424894140776,41.46913128502454,759,True,1,0.04768244637471572,12.306498658254025,34.842398326515834,759,True,1,0.048457199955786706,6.952589413079279,29.750299350081022,759,True,1,0.7631373682269808,18.003369025595468,48.29051426898809,759,True,1,7947.9558059776,17.985880376299136,41.600591676789236,759,True,1,12.646921257542374,18.005968010534204,41.15990927251326,0_0_0_10_14_16,-24.0,42,offpacket_bootstrap,offpacket,4.0,4.234204101486241,4.598597575837199
2,24,874,multiscale_only_diverse16,16,874,True,1,0.8110532272058322,20.782386788699156,42.47713729363121,874,True,1,0.036578879293543476,13.879707540343482,41.58741590976539,874,True,1,0.05069894980688732,20.863045952973373,42.034462942904725,874,True,1,0.05070391297668301,12.548367240409455,35.69273620881064,874,True,1,0.05171402675562228,7.1977725490865465,30.582466272549734,874,True,1,0.810973836984375,20.867744364576627,49.35834100501143,874,True,1,9557.040253085343,20.815053243296386,42.42713190829333,874,True,1,13.40436168654614,20.75697867225597,42.2091128476901,0_0_0_10_14_16,-24.0,42,offpacket_bootstrap,offpacket,4.0,4.234204101486241,4.598597575837199
2,25,720,multiscale_only_diverse16,16,955,False,59,0.6220891293017452,-2.760411572588517,5.723979341527816,542,False,391,0.01213548637994867,-7.461223597328322,1.323331766790733,955,False,63,0.03415367501000998,-2.66351071772297,5.721890392655478,407,False,257,0.0589620225765055,-2.954965488525648,0.9947571178422991,407,False,372,0.21024365082549853,-5.340403121676709,0.9040106552638414,955,False,31,0.3603443203099683,-2.761033267920909,10.45781682134191,720,True,1,84.26711956554462,14.573341937665393,33.94681054241972,345,False,50,8.610272475725983,-2.581650171347582,5.943683649183909,0_0_0_10_14_16,-24.0,42,offpacket_bootstrap,offpacket,4.0,4.234204101486241,4.598597575837199
2,26,314,multiscale_only_diverse16,16,314,True,1,0.7976002900833556,16.28536291281276,42.46008166637048,314,True,1,0.010885410323094346,2.2410752089922843,36.26926045017172,314,True,1,0.04984496871914294,16.257353885661836,42.086765243109596,314,True,1,0.04985297076545785,12.587558782466768,35.64587687434519,314,True,1,0.05099594332952098,7.167610153140079,30.35905114238178,314,True,1,0.7974722649252951,16.32436495375917,49.54470727475982,314,True,1,9203.049456673843,16.298545999460355,42.46489410019869,314,True,1,13.215588440762906,16.238998004111696,42.143713492589,0_0_0_10_14_16,-24.0,42,offpacket_bootstrap,offpacket,4.0,4.234204101486241,4.598597575837199
2,27,602,multiscale_only_diverse16,16,602,True,1,1.184657650226896,0.26861496155610887,9.084755156255971,999,False,87,0.0344577134563062,-3.255595691960665,5.23226860811922,602,True,1,0.08083887255308311,0.4388473378983507,9.084785130291017,307,False,2,0.12247494229196243,-0.26290158121773366,3.739679004062153,412,False,33,0.3125831061931367,-2.77082220025362,2.8893438541140775,602,True,1,0.7819263843981558,0.023860513357807374,14.131885336929066,877,False,3,5.433753442962,-0.2212672979222162,8.982621890232483,602,True,1,25.390094047627635,0.7033391446667058,9.856654711702465,0_0_0_10_14_16,-24.0,42,offpacket_bootstrap,offpacket,4.0,4.234204101486241,4.598597575837199
2,28,7,multiscale_only_diverse16,16,7,True,1,0.829879756966875,25.84400719505581,42.05984489416985,7,True,1,0.05140572822244064,25.238006549380735,42.46299555615768,7,True,1,0.05175239558574132,25.828825605895066,41.80721198877799,7,True,1,0.051759449147377415,13.228081290928158,35.26236373042115,7,True,1,0.05347650612327547,7.817276355855873,30.170543127335534,7,True,1,0.8297666644183117,26.055986284751658,48.707151958896866,7,True,1,8587.564739843205,25.756673773669718,42.097877153718805,7,True,1,13.687621525706778,25.847764988235475,41.84322840827774,0_0_0_10_14_16,-24.0,42,offpacket_bootstrap,offpacket,4.0,4.234204101486241,4.598597575837199
2,29,610,multiscale_only_diverse16,16,945,False,14,0.9077786134185004,-1.7600652106457595,7.574112491506942,979,False,939,0.0013579494620316465,-17.619970551245707,-8.563057225695768,945,False,16,0.05554541902287559,-1.6008159758358456,7.6316105640220915,944,False,14,0.09163332611772296,-0.9127965770503745,2.5257253083016695,297,False,77,0.2750130182316208,-2.3831431349669714,2.2512189383951786,945,False,17,0.5502686151276049,-2.542143783134831,12.470809556027865,610,True,1,6.564639724403585,0.170560283726795,9.466515538255925,945,False,17,15.089611078573359,-1.6207010894507337,7.372740445577519,0_0_0_10_14_16,-24.0,42,offpacket_bootstrap,offpacket,4.0,4.234204101486241,4.598597575837199
2,30,775,multiscale_only_diverse16,16,775,True,1,0.8072169313600739,18.846927590355197,42.40929702207645,775,True,1,0.023093644312873526,8.470190144760958,39.506992689733934,775,True,1,0.05047250286630196,18.87339157187306,42.23590416776743,775,True,1,0.050478694021163284,12.532150903506473,35.69367888590782,775,True,1,0.05148515572343227,7.160054145986191,30.60403863596687,775,True,1,0.8071179271143096,18.90176494358989,49.20518405513759,775,True,1,9950.683281559912,18.802274019483946,42.44257628612752,775,True,1,13.364691285172414,18.86650580191555,42.0165409036379,0_0_0_10_14_16,-24.0,42,offpacket_bootstrap,offpacket,4.0,4.234204101486241,4.598597575837199
2,31,912,multiscale_only_diverse16,16,912,True,1,1.1179288568418997,8.5142126385151,17.49196299745573,912,True,1,0.06475873097655326,7.110003428880454,17.248011909961985,912,True,1,0.07321997811204596,8.745205122251063,17.628927356599227,912,True,1,0.07810247149134858,6.896453261614857,10.711753393267678,912,True,1,0.13319445203050492,2.3672226242832246,7.667139601868077,912,True,1,1.0480427170330393,10.291288382674686,24.49353773402709,912,True,1,123.22259611985223,14.765695910469333,23.67529461297935,912,True,1,20.888088373515306,9.084586156823889,17.938713532220373,0_0_0_10_14_16,-24.0,42,offpacket_bootstrap,offpacket,4.0,4.234204101486241,4.598597575837199
2,32,768,multiscale_only_diverse16,16,115,False,187,0.3274487888038635,-5.5730923224808935,3.7895886795911005,653,False,12,0.06032882718696655,-1.773442455053893,8.403309221175139,115,False,103,0.02890738054751448,-4.065173072211224,5.171631644890722,652,False,187,0.06132330662170208,-2.9065273633535176,1.3811109555452683,609,False,102,0.23276858348637294,-2.7666714570028668,2.1695845311532533,115,False,150,0.15435708328921247,-7.083694354071007,7.404240432142052,457,False,107,2.2458047785487714,-4.9573110385458925,4.743072398678117,115,False,97,7.983004831898597,-4.753946591947132,5.459653854510687,0_0_0_10_14_16,-24.0,42,offpacket_bootstrap,offpacket,4.0,4.234204101486241,4.598597575837199
2,33,581,multiscale_only_diverse16,16,198,False,59,0.630789811756248,-4.090383996167562,6.304896264475506,478,False,712,0.0056021388032922005,-12.994449823428473,-2.6872607451297865,198,False,85,0.035479987591559396,-4.436598999747247,5.500783101168549,198,False,56,0.08635292979305229,-2.092352173329743,2.2663524897535066,478,False,221,0.22828615172534933,-4.069854305536821,1.3638239453992047,198,False,85,0.25917377380975015,-6.434630822585064,9.28105771726425,581,True,1,7.659486963757803,2.2893290473512247,10.657207181427545,198,False,61,11.601091781833619,-3.79155377948286,6.125708343473274,0_0_0_10_14_16,-24.0,42,offpacket_bootstrap,offpacket,4.0,4.234204101486241,4.598597575837199
2,34,93,multiscale_only_diverse16,16,93,True,1,0.6507523743071175,20.483316269617013,39.90877332421075,93,True,1,0.032424663214327236,13.790994605616792,38.72495627803136,93,True,1,0.04070242866110441,20.561300205438986,39.62745856541539,93,True,1,0.04071524774073526,13.284702372881558,32.853472238850365,93,True,1,0.04250223159581816,7.701822902538197,27.991474136748053,93,True,1,0.6505474867780197,20.573719944878942,46.86694568627041,93,True,1,5718.009525983713,20.520419030349785,39.880660099240096,93,True,1,10.76103055607903,20.38513457572927,39.46448537995927,0_0_0_10_14_16,-24.0,42,offpacket_bootstrap,offpacket,4.0,4.234204101486241,4.598597575837199
1,0,222,multiscale_only_diverse16,16,222,True,1,0.7324391971456521,18.251611100435277,40.876284222027614,222,True,1,0.02200555936699312,7.2560074623180295,37.791329194413215,222,True,1,0.04581167796067618,18.28549536979691,40.74189666230101,222,True,1,0.04582294741655302,13.588700955496808,34.03991578072917,222,True,1,0.04710683860028095,8.526903115923984,29.031826927927415,222,True,1,0.732259064882669,18.321076316648533,47.817268755147914,222,True,1,7228.04524094289,18.32497802100669,40.871294426323416,222,True,1,9.600138101137421,18.37609390277596,40.50014367108336,0_0_0_10_14_16,-25.0,42,offpacket_bootstrap,offpacket,4.0,4.233930411629928,4.598404280329941
1,1,826,multiscale_only_diverse16,16,826,True,1,0.6725193482901801,20.287419690217806,40.173705157388326,826,True,1,0.025611580898229697,9.57440185971232,38.306292789521855,826,True,1,0.04198527926201327,20.115960010069976,40.146823628023725,826,True,1,0.041995145179290434,13.083983628362954,33.16272596742057,826,True,1,0.04339105144838906,7.753550503646887,28.162884922160636,826,True,1,0.6723613533545942,20.422519154303487,47.33545734472066,826,True,1,6749.194675104083,20.30270466091008,40.3638818707877,826,True,1,8.804155352773996,20.33269235957693,40.12359452789359,0_0_0_10_14_16,-25.0,42,offpacket_bootstrap,offpacket,4.0,4.233930411629928,4.598404280329941
1,2,922,multiscale_only_diverse16,16,922,True,1,0.8157760012935888,18.51850218383175,42.876862552051676,922,True,1,0.04419450558230738,14.474476419648463,42.93227416022112,922,True,1,0.05105955024026896,18.573538999079084,42.6065177871402,922,True,1,0.05106591796572163,13.119129033917066,35.758786362107784,922,True,1,0.05229507146536695,7.816152091485307,30.54473281979933,922,True,1,0.8156742771336394,18.564256027213037,50.019449536867874,922,True,1,9909.245479064306,18.53186848680782,42.877885316074185,922,True,1,10.675899610979629,18.45542381602478,42.55069568331108,0_0_0_10_14_16,-25.0,42,offpacket_bootstrap,offpacket,4.0,4.233930411629928,4.598404280329941
1,3,718,multiscale_only_diverse16,16,355,False,37,0.7683718061026781,-3.8794687964927634,6.688553874903631,626,False,316,0.01826317239671313,-8.078347859369151,2.416533204590738,355,False,35,0.04727310986731158,-3.491145386066421,6.562378793909406,420,False,64,0.08556755568552032,-1.9781667611591514,2.1961205382576763,260,False,333,0.1878452063408591,-4.005786581619074,0.6710687956546586,355,False,37,0.4244988011850283,-5.49701585304752,11.045891995858119,355,False,28,3.5454539595387393,-3.3567968643536945,6.803867830966995,355,False,52,9.239677502563806,-3.7685405794368516,6.047883014716154,0_0_0_10_14_16,-25.0,42,offpacket_bootstrap,offpacket,4.0,4.233930411629928,4.598404280329941
1,4,107,multiscale_only_diverse16,16,337,False,40,0.5646183429628913,-26.096437385689416,8.132169806400192,338,False,78,0.02492497889105433,-25.57209810071037,6.648121054011994,337,False,40,0.03916257769866349,-25.64542017220738,8.197684178294878,337,False,91,0.06710133561743209,-23.31345739077832,3.682385171582308,337,False,176,0.1623818495060145,-19.90882868308693,2.5267671491349333,337,False,44,0.3295300983640997,-28.428400167118475,12.763305137965402,337,False,43,3.3011476748821678,-26.43896301728962,7.907252258767992,337,False,39,8.574327826918877,-25.513187116124683,8.39545458469737,0_0_0_10_14_16,-25.0,42,offpacket_bootstrap,offpacket,4.0,4.233930411629928,4.598404280329941
1,5,468,multiscale_only_diverse16,16,337,False,11,1.0497456150371818,-14.045729025954286,18.803585130553454,338,False,49,0.008033050180628524,-21.41973122795603,9.19721775507745,337,False,11,0.0655013534081645,-14.0354083764169,18.56993585480422,337,False,11,0.07351815581203006,-13.54041343039831,12.007184348516645,337,False,20,0.15428035628302772,-10.574789520054393,10.172463654494116,337,False,13,0.9352758887889571,-14.540723971972877,25.63243403465123,337,False,13,31.821676816308322,-14.637799106882435,18.58670643197697,337,False,11,14.47148621282622,-13.816780444882141,18.95379432335373,0_0_0_10_14_16,-25.0,42,offpacket_bootstrap,offpacket,4.0,4.233930411629928,4.598404280329941
1,6,89,multiscale_only_diverse16,16,128,False,22,1.250904371998459,-24.63976648162031,17.870968572265223,128,False,19,0.07870077052312288,-23.67364184660094,18.51699899609463,128,False,22,0.07585158976861678,-24.783207036157204,17.347463533264495,128,False,67,0.08113414611507339,-24.491646266768136,10.731825102585477,128,False,140,0.13357669527920774,-22.493402226354288,7.589638918519032,128,False,24,1.1694593436655223,-24.93132725100937,24.990998389503474,128,False,22,17.00199729485498,-24.750937743812823,17.67512005754866,128,False,23,16.16315166693163,-24.712143233102346,17.3200203472886,0_0_0_10_14_16,-25.0,42,offpacket_bootstrap,offpacket,4.0,4.233930411629928,4.598404280329941
1,7,713,multiscale_only_diverse16,16,128,False,16,0.6816453260593249,-16.918558850034405,23.767688216747125,128,False,28,0.015662994551033222,-20.908401178039547,18.709416228249502,128,False,16,0.04325032990126064,-16.831288540077253,23.304690076069342,128,False,45,0.04398878756673407,-16.760328799367905,12.618448085409568,128,False,84,0.06159696404551952,-15.543203197064363,8.581360385672665,128,False,16,0.6702022687711693,-16.989518590743753,35.075793713026904,128,False,16,32.566719444357474,-16.958491158230352,23.750389147711573,128,False,16,8.945007453923868,-16.898152143362264,22.65312190681284,0_0_0_10_14_16,-25.0,42,offpacket_bootstrap,offpacket,4.0,4.233930411629928,4.598404280329941
1,8,865,multiscale_only_diverse16,16,865,True,1,0.8108549489325902,18.10779407143342,42.8831482140848,865,True,1,0.03545162742870467,10.747696555446849,41.801725308632086,865,True,1,0.05067380830165975,18.05828478652637,42.716077695566526,865,True,1,0.05067973490998561,12.278854465528642,35.93681045404785,865,True,1,0.052115996624704466,6.878972164020174,30.801781573672734,865,True,1,0.8107601256329036,18.170435752953534,49.93361532192495,865,True,1,9549.853283040886,18.085678971693298,42.81647350759763,865,True,1,10.674421739486558,18.263693856715744,42.64111329802827,0_0_0_10_14_16,-25.0,42,offpacket_bootstrap,offpacket,4.0,4.233930411629928,4.598404280329941
1,9,492,multiscale_only_diverse16,16,492,True,1,0.8031406826014553,14.932403081995073,42.84578157873767,493,False,5,0.0007518091901832806,-11.481638389697393,24.654662342815513,492,True,1,0.050282906948627006,14.925971908973244,42.76817952299554,492,True,1,0.05029164226879614,11.955281196186554,35.81188983965694,492,True,1,0.05118442652880551,6.6755952339332705,30.65479682552166,492,True,1,0.8030011824641187,14.951524558304968,50.292732125529646,492,True,1,10186.029030053289,14.949526354777484,43.0223312444858,492,True,1,10.511554264419624,14.87665736766541,42.467389023729964,0_0_0_10_14_16,-25.0,42,offpacket_bootstrap,offpacket,4.0,4.233930411629928,4.598404280329941
1,10,765,multiscale_only_diverse16,16,765,True,1,0.8085675403278323,18.81389544738732,42.803406577320374,765,True,1,0.021457379656884303,6.163038739456955,39.365456082318644,765,True,1,0.050537160139796956,18.7761350289496,42.6883016957263,765,True,1,0.05054410229610633,12.226319925776124,35.80412889843024,765,True,1,0.05159538764555657,6.897828633933437,30.71069088448711,765,True,1,0.8084564847942162,18.84910994297522,49.97983203361169,765,True,1,10179.227852908572,18.78036958174848,42.75748528902692,765,True,1,10.650616951806064,18.91843245920488,42.56999900343544,0_0_0_10_14_16,-25.0,42,offpacket_bootstrap,offpacket,4.0,4.233930411629928,4.598404280329941
1,11,1023,multiscale_only_diverse16,16,1023,True,1,2.0455026737739814,2.53209005203944,12.460019157684405,724,False,2,0.12055972986593864,-0.509126002318177,12.070067145077498,1023,True,1,0.12039169174029059,2.3365450612435583,12.142672953724624,1023,True,1,0.16290080872355997,1.9422683434145471,6.086130377402878,236,False,4,0.4144209574385953,-0.1807864739544661,5.028365098754478,1023,True,1,1.511726855652627,2.9263667698684515,18.312877820465285,1023,True,1,11.38026268516599,1.885343505409276,12.307221641296842,1023,True,1,27.154084183492305,3.2668406241237866,12.659488640783271,0_0_0_10_14_16,-25.0,42,offpacket_bootstrap,offpacket,4.0,4.233930411629928,4.598404280329941
1,12,597,multiscale_only_diverse16,16,299,False,329,0.4345268971989391,-8.781611557833228,2.124308025192734,399,False,98,0.05410260155373482,-5.109370072892526,5.232574679283532,299,False,423,0.021445682158933013,-9.242540477408808,0.9980584536008831,299,False,414,0.09284138404224412,-4.342436559706723,0.34185476775022955,940,False,142,0.4229150482005292,-3.264073335274236,1.8762719884900108,299,False,381,0.10037254208312596,-13.681715475535315,2.8026821538408315,299,False,257,1.4249076522900979,-7.634212155236716,2.7414948429386987,299,False,394,5.024759206362589,-9.57562758025166,1.4577091533780242,0_0_0_10_14_16,-25.0,42,offpacket_bootstrap,offpacket,4.0,4.233930411629928,4.598404280329941
1,13,562,multiscale_only_diverse16,16,562,True,1,0.5751395852229422,10.177047885855169,17.667498906263244,563,False,17,0.003129587243261511,-2.621362666358756,6.954014458984377,562,True,1,0.03737963198750847,9.918288123279398,17.59887846656593,562,True,1,0.041553504143978896,7.741293764690132,11.296753716686474,562,True,1,0.07898591656206733,3.666769840745001,9.157490390188205,562,True,1,0.5173692683676347,11.558427820301398,23.6993886328247,562,True,1,785.475115369342,18.87497513006798,36.209676025181466,562,True,1,7.831516736124559,10.46245513539542,17.663889527736902,0_0_0_10_14_16,-25.0,42,offpacket_bootstrap,offpacket,4.0,4.233930411629928,4.598404280329941
1,14,478,multiscale_only_diverse16,16,876,False,44,0.7733374672267388,-5.16125901529623,6.079250462922695,876,False,150,0.033193379693172105,-6.286796993733273,3.9933252689315077,876,False,37,0.05327009439535686,-4.92538865256628,6.41559318892304,876,False,101,0.09542598474434348,-3.597903793182111,1.75381102171213,319,False,478,0.20804552534102708,-5.290890909266449,0.17456523767415544,876,False,39,0.43170379628779787,-6.4887438746804,10.596063365135564,823,False,7,6.1100523371264615,-2.5637887718472885,8.916367428666582,876,False,40,11.768314826746979,-5.294693947310931,6.283811695729595,0_0_0_10_14_16,-25.0,42,offpacket_bootstrap,offpacket,4.0,4.233930411629928,4.598404280329941
1,15,267,multiscale_only_diverse16,16,267,True,1,0.819305255875534,18.830505286434708,42.628711518883875,267,True,1,0.017078205514872793,5.028875660155171,37.809699990244575,267,True,1,0.05117724548798222,18.780893903278336,42.28302848388914,267,True,1,0.05118662125180321,12.705057894412155,35.62662717213975,267,True,1,0.05290849407360729,7.3356345566195404,30.662178044842015,267,True,1,0.8191551851658734,18.855059533887335,49.38076359106637,267,True,1,9508.628566433485,18.902006845107074,42.5323948345647,267,True,1,10.721200290178286,18.7370701263874,42.28623633043293,0_0_0_10_14_16,-25.0,42,offpacket_bootstrap,offpacket,4.0,4.233930411629928,4.598404280329941
1,16,917,multiscale_only_diverse16,16,917,True,1,0.8472619472386214,25.023748208778194,43.258803400765125,917,True,1,0.044269420309388595,17.282920025225245,42.84498976686858,917,True,1,0.05299614000459403,25.156193987383947,43.13314226074173,917,True,1,0.05300430076203383,12.601098659672079,35.94930785849356,917,True,1,0.053632441281385466,7.2496790124443065,30.620746364548932,917,True,1,0.8471314993477902,25.139144485563335,50.50380887081836,917,True,1,11635.903211713412,25.035954491597415,43.3161245380882,917,True,1,11.104493720971298,25.349528377148406,42.682265182365136,0_0_0_10_14_16,-25.0,42,offpacket_bootstrap,offpacket,4.0,4.233930411629928,4.598404280329941
1,17,656,multiscale_only_diverse16,16,656,True,1,0.8303647132402183,19.153769775783626,42.990339988613556,656,True,1,0.009006129445622173,0.8424413408650516,35.64375210347476,656,True,1,0.05192092629834304,19.048271652635385,42.751687687939636,656,True,1,0.051927643654251475,12.592494883598464,35.88658860098294,656,True,1,0.05303089894600385,7.376713840037034,30.745872450353822,656,True,1,0.8302572973260709,19.213579431095795,50.044599217729136,656,True,1,10513.341336238613,19.184891140222824,43.055653985269124,656,True,1,10.89313229029317,19.062165976970107,42.760329260165015,0_0_0_10_14_16,-25.0,42,offpacket_bootstrap,offpacket,4.0,4.233930411629928,4.598404280329941
1,18,889,multiscale_only_diverse16,16,889,True,1,0.8129554383069717,22.44950849488461,42.62585112410788,889,True,1,0.038534809120714164,14.994748587353916,41.99131048669547,889,True,1,0.05078224114387025,22.60157210793576,42.588671412819835,889,True,1,0.050786005430593556,12.494957235316615,35.82542391348471,889,True,1,0.05160969801757728,7.1858374691882325,30.6184420824261,889,True,1,0.8128951816016625,22.573777051824973,49.902705813327955,889,True,1,10082.602808549982,22.498703456111784,42.75265034763362,889,True,1,10.679414217949256,22.442368355096374,42.412854127173006,0_0_0_10_14_16,-25.0,42,offpacket_bootstrap,offpacket,4.0,4.233930411629928,4.598404280329941
1,19,510,multiscale_only_diverse16,16,313,False,3,1.3932015118717231,-0.3681186637174232,9.537293890762765,143,False,17,0.06279042116294735,-1.4219893953260065,8.05997081463267,510,True,1,0.09518982215579001,0.29836378332375335,9.45119911901139,313,False,7,0.12354825305580079,-0.8183760826994234,3.7606922668348783,491,False,12,0.38556263385485,-1.1910408119426321,3.662065989936533,510,True,1,1.0734154539793426,0.7486212023057536,14.975851326541761,427,False,7,5.304036069293276,-1.6569128337699057,8.595201086501103,313,False,5,18.449915821716225,-0.9283435254956452,8.943614190480847,0_0_0_10_14_16,-25.0,42,offpacket_bootstrap,offpacket,4.0,4.233930411629928,4.598404280329941
1,20,860,multiscale_only_diverse16,16,117,False,49,0.9415803318103286,-3.192751047753752,6.148042943269921,525,False,9,0.10684352224616113,-2.7889886239771364,8.986114467792722,552,False,18,0.08383713488575655,-2.0845084590711944,7.580312651303991,689,False,5,0.1799483549982947,-0.7673239778776476,3.6872266767769952,628,False,54,0.48757163435872913,-2.0532766527371957,2.8824116843847696,552,False,63,0.4386780711860689,-4.849526438930094,9.97391115945204,117,False,11,4.514152617787725,-2.931577075116574,7.804086920167734,4,False,50,11.9545654758367,-3.2107362844434384,5.928113819133047,0_0_0_10_14_16,-25.0,42,offpacket_bootstrap,offpacket,4.0,4.233930411629928,4.598404280329941
1,21,553,multiscale_only_diverse16,16,553,True,1,0.8383447564676239,18.61964761973262,42.70506974356002,552,False,3,0.0025981811080547615,-5.5080736047448395,29.422896785089762,553,True,1,0.0523711947513196,18.506222458095994,42.302121516306215,553,True,1,0.052377005784363204,12.49816197640927,35.69956704483767,553,True,1,0.05325339574505838,7.137876694915467,30.604997319613645,553,True,1,0.838251745250033,18.659536133134438,49.409848446134504,553,True,1,9991.831881999475,18.610718018416655,42.762704075267465,553,True,1,11.016039855264832,18.494255986170888,42.199367961606214,0_0_0_10_14_16,-25.0,42,offpacket_bootstrap,offpacket,4.0,4.233930411629928,4.598404280329941
1,22,629,multiscale_only_diverse16,16,963,False,68,0.7183085278486487,-4.1491606691394605,6.05827787470856,952,False,826,0.003758661093323648,-15.687354008944215,-5.141799220784057,952,False,183,0.03020084550858995,-6.555731780856384,3.9230816714879473,952,False,408,0.07050764361341393,-5.040211032307761,0.32439760980325927,953,False,427,0.2342910203782,-5.055723814518052,0.3801760746527434,963,False,84,0.3076762144541812,-6.94985170301342,9.587286682620707,963,False,16,4.228737933010652,-3.0677429170302255,7.6739981311442405,952,False,135,7.766691606094836,-5.698777068427026,4.694351995857097,0_0_0_10_14_16,-25.0,42,offpacket_bootstrap,offpacket,4.0,4.233930411629928,4.598404280329941
1,23,759,multiscale_only_diverse16,16,759,True,1,0.8252580243141807,21.964362858311706,40.99332620480502,759,True,1,0.021104298401408043,7.782940594864295,37.08699278656508,759,True,1,0.05159549530814264,21.89902605115474,40.76521445853457,759,True,1,0.05160803818440944,12.592267642226304,34.81156879371984,759,True,1,0.05311934053179104,6.962123904598506,29.68806460339532,759,True,1,0.825057452665823,22.071448647941846,46.93386961274872,759,True,1,4966.4279669911475,22.179119578465812,41.06091655166896,759,True,1,10.825332431176621,21.864715293765762,40.66891797865989,0_0_0_10_14_16,-25.0,42,offpacket_bootstrap,offpacket,4.0,4.233930411629928,4.598404280329941
1,24,874,multiscale_only_diverse16,16,20,False,428,0.2063471851308032,-7.603793822434942,1.0436276584424902,256,False,589,0.008102355121191633,-10.643068502667434,-0.956233053022515,697,False,495,0.01163809265889723,-8.070342942516358,0.2375114372470415,854,False,740,0.04331637007964292,-5.178466035725844,-0.847202730991568,843,False,861,0.1175550654640491,-7.841159418785971,-2.0865464108507767,20,False,416,0.05544064879027152,-11.406109039070548,1.7860992866530412,874,True,1,7.736187954181231,2.7352790452871445,12.2191220765993,379,False,395,3.0088533091754646,-7.188244969414525,1.3198161736278855,0_0_0_10_14_16,-25.0,42,offpacket_bootstrap,offpacket,4.0,4.233930411629928,4.598404280329941
1,25,720,multiscale_only_diverse16,16,775,False,56,0.4846500578145516,-28.574917641956162,8.123198209594886,775,False,104,0.016528135381929987,-30.818054117862353,5.715319170348191,775,False,57,0.028693355194424928,-28.830699395664624,7.953035631270328,775,False,116,0.05845835099602042,-25.742677263126538,3.861412430455079,775,False,185,0.15819881351347312,-21.679099897664752,2.9244294388137213,775,False,65,0.2378828006082173,-31.66293977449424,12.617956695510841,775,False,42,4.3735804610576,-27.700716796811427,10.609494433826121,775,False,181,3.0448012337304537,-31.792341184122968,4.161768856733098,0_0_0_10_14_16,-25.0,42,offpacket_bootstrap,offpacket,4.0,4.233930411629928,4.598404280329941
1,26,314,multiscale_only_diverse16,16,775,False,37,0.7888483910102515,-16.325162774347614,6.824943162353212,777,False,47,0.050551951639738434,-8.271627231818341,6.942569630245819,775,False,29,0.05411768636915634,-15.827245155972653,7.0903157215089605,775,False,48,0.1133810450282664,-12.689335742483012,3.225066432628534,775,False,41,0.5173439040666409,-7.857552471872596,4.846385868897079,775,False,55,0.37652369324046564,-19.463072187837255,10.563458188643759,775,False,103,2.274778281080777,-18.05823380571956,5.253643893477706,775,False,51,9.32026342409836,-16.565687615544114,6.016001513831645,0_0_0_10_14_16,-25.0,42,offpacket_bootstrap,offpacket,4.0,4.233930411629928,4.598404280329941
1,27,602,multiscale_only_diverse16,16,602,True,1,0.634578941844893,3.28382121791482,10.993655568283963,657,False,142,0.009796727946792837,-4.619009387416559,4.056706473296602,602,True,1,0.04608035005591042,3.0232903570977525,11.164984714275297,602,True,1,0.056888940035128524,1.488548749650977,5.204682669372145,674,False,23,0.12003459747968666,-1.3027466068481846,3.3781791928060914,602,True,1,0.5140123855404125,4.478406677398837,16.858549385930232,602,True,1,17.697549992587923,5.171710840961794,13.98711202850774,602,True,1,9.224195083713248,2.1091598242049,11.547571732839712,0_0_0_10_14_16,-25.0,42,offpacket_bootstrap,offpacket,4.0,4.233930411629928,4.598404280329941
1,28,7,multiscale_only_diverse16,16,7,True,1,0.8409925165427836,22.133111363044446,43.19345081582676,7,True,1,0.052157703533433644,21.61387306628626,43.617590460249474,7,True,1,0.052564666652786016,22.119551799618,42.92834890646609,7,True,1,0.05256785425063553,13.3959220693418,35.85231189632411,7,True,1,0.053285445776333755,8.032747705387402,30.50114476263328,7,True,1,0.8409415206256894,22.255466788186403,50.49518098414609,7,True,1,12245.157669705708,22.13945226413675,43.304542021813255,7,True,1,11.032787272433477,21.96983938010526,42.80190080957141,0_0_0_10_14_16,-25.0,42,offpacket_bootstrap,offpacket,4.0,4.233930411629928,4.598404280329941
1,29,610,multiscale_only_diverse16,16,610,True,1,0.8298993045355587,22.378442235599675,42.775881188125034,609,False,3,0.006096613518758599,-1.5881834167696312,33.92231562634527,610,True,1,0.05191981479771325,22.44580836808491,42.606038343018085,610,True,1,0.05192391352269059,12.771455355765283,35.87656302398523,610,True,1,0.05307617096411085,7.426227384704117,30.663701567519155,610,True,1,0.8298337946620264,22.500739058951694,49.90092459678155,610,True,1,11339.961350745476,22.444463267035562,42.84199293872905,610,True,1,10.881269851413153,22.61223702631637,42.43622395645022,0_0_0_10_14_16,-25.0,42,offpacket_bootstrap,offpacket,4.0,4.233930411629928,4.598404280329941
1,30,807,multiscale_only_diverse16,16,807,True,1,0.8434958746167922,22.922880059084356,42.98412570004247,807,True,1,0.028506135781463462,9.251136337039453,40.46097862669686,807,True,1,0.05275091611123273,22.851670435057304,42.74067799569325,807,True,1,0.05275317272958282,13.025747387863454,35.871955971331595,807,True,1,0.05373182709173895,7.72261464781592,30.71989268078175,807,True,1,0.8434597924596368,23.06674417456768,49.90224591868746,807,True,1,11593.602014176106,22.898144560683285,42.99320346381907,807,True,1,11.091608243572718,22.862362281601875,42.61243608735466,0_0_0_10_14_16,-25.0,42,offpacket_bootstrap,offpacket,4.0,4.233930411629928,4.598404280329941
1,31,897,multiscale_only_diverse16,16,897,True,1,0.8340802682021753,19.414308432029788,42.82850537051968,897,True,1,0.041116454884848476,13.384984677367227,41.91436398677867,897,True,1,0.052122480010971715,19.304588049064844,42.717863196874575,897,True,1,0.052129521271211364,13.24188144784686,35.875744498435374,897,True,1,0.053538229744953196,8.009418344339418,30.554823569097948,897,True,1,0.8339676069675054,19.476619030722205,50.16680327200941,897,True,1,11148.228094235108,19.396883481794585,42.901119772964755,897,True,1,10.964171571676212,19.3499281096926,42.48776961740428,0_0_0_10_14_16,-25.0,42,offpacket_bootstrap,offpacket,4.0,4.233930411629928,4.598404280329941
1,32,749,multiscale_only_diverse16,16,179,False,47,0.8232883558371249,-2.4045216314769995,5.919165232818323,468,False,477,0.013277412935906984,-8.67317499329404,0.392477679391107,179,False,30,0.05459990743201096,-1.8326722546971028,6.391566976677221,241,False,194,0.08303957420967455,-2.9321061652153553,1.2507744507623904,212,False,291,0.30378712794446383,-4.558908833094447,1.2626034332973535,179,False,20,0.5413258491072854,-2.0332622731427747,10.890225965689432,749,True,1,70.40197627542126,15.01014794520631,33.348639302490646,241,False,58,11.198365622007625,-2.5608126643064963,5.812270057287985,0_0_0_10_14_16,-25.0,42,offpacket_bootstrap,offpacket,4.0,4.233930411629928,4.598404280329941
1,33,584,multiscale_only_diverse16,16,584,True,1,0.8144642445138892,19.362320700774056,42.881223300322134,583,False,3,0.005013454349850258,-2.8266628846059847,32.57258667462213,584,True,1,0.05081356942225673,19.378181894006822,42.38225488072917,584,True,1,0.050826470963326376,12.841228885572455,35.607103596702665,584,True,1,0.05122517333828899,7.403996918194405,30.465752597860984,584,True,1,0.8142575049212872,19.428488910376625,49.517268749389125,584,True,1,10288.113497110917,19.38002935139862,42.74929105557335,584,True,1,10.684614494299925,19.45416984248643,42.392593008966124,0_0_0_10_14_16,-25.0,42,offpacket_bootstrap,offpacket,4.0,4.233930411629928,4.598404280329941
1,34,934,multiscale_only_diverse16,16,934,True,1,0.7932309397591695,19.67723021833131,42.553661244441756,934,True,1,0.04366167192638404,15.846996516679406,42.56670259106333,934,True,1,0.04958029393437086,19.64952147803349,42.589404322900386,934,True,1,0.049589430436461523,12.889356588411307,35.607434766307364,934,True,1,0.050658251739821095,7.594048957076574,30.305647145618053,934,True,1,0.7930847925645819,19.732484674314346,49.72288890567842,934,True,1,9536.604045907974,19.680357844807112,42.560571981452554,934,True,1,10.429879050194543,19.756316368080718,42.424444623762014,0_0_0_10_14_16,-25.0,42,offpacket_bootstrap,offpacket,4.0,4.233930411629928,4.598404280329941
2,0,803,multiscale_only_diverse16,16,803,True,1,0.7868881093574807,9.795636588348186,17.049782305849458,803,True,1,0.03800043311817058,7.700392973226052,15.033658028928816,803,True,1,0.04959369703955461,9.235570452100374,16.127832562895687,803,True,1,0.05665784958264042,7.17607305194055,9.777040964466737,803,True,1,0.08868036049801324,1.9664111360138499,5.722343466075253,803,True,1,0.6887781796692071,11.855133988508012,23.037033168072945,803,True,1,1060.311065040036,19.246315797488357,40.38617537707323,803,True,1,11.196731973878908,9.868881839942862,16.084565833352602,0_0_0_10_14_16,-25.0,42,offpacket_bootstrap,offpacket,4.0,4.233930411629928,4.598404280329941
2,1,826,multiscale_only_diverse16,16,478,False,6,1.4297445059185065,-2.0759070905069126,9.49892149369645,994,False,9,0.07197033046177427,-2.1972690894808102,8.16077006153688,478,False,5,0.08759902447219088,-1.5706148515154619,9.224041921021076,994,False,15,0.13233589357107256,-1.0691280859172434,3.37277676244222,269,False,167,0.2984607542855926,-3.0432019688359797,1.8685511900408476,478,False,5,0.946411593886067,-2.6210825037473713,15.299623476650515,826,True,1,10.725420942256537,0.6802748141301136,12.081150674335943,478,False,3,20.07799315510059,-1.6342262456333492,9.749848100184295,0_0_0_10_14_16,-25.0,42,offpacket_bootstrap,offpacket,4.0,4.233930411629928,4.598404280329941
2,2,922,multiscale_only_diverse16,16,47,False,12,1.2524565272769905,-2.3280776821411777,8.1399860007095,47,False,13,0.07452642265366477,-2.637848852293587,7.731482606505351,501,False,20,0.07369128536485303,-2.919086933103809,7.759097674097145,501,False,47,0.10890418139417807,-2.3316335876931102,2.370339315302453,365,False,255,0.2692044949254458,-4.315529578693582,1.2524316452928712,501,False,12,0.8474893266455935,-2.8038936177290847,13.023721053228574,47,False,12,4.636467719754603,-2.725285119104677,8.100143004016333,501,False,13,17.957202159375523,-2.0986932794367745,8.177221957057569,0_0_0_10_14_16,-25.0,42,offpacket_bootstrap,offpacket,4.0,4.233930411629928,4.598404280329941
2,3,718,multiscale_only_diverse16,16,718,True,1,0.810761883517003,25.648971744607504,42.61838111928996,718,True,1,0.017179451917484666,5.129137777550574,37.89822273119184,718,True,1,0.050575504427476485,25.589766080008587,42.063872722311196,718,True,1,0.050580338801236954,12.906548178478891,35.68447385376888,718,True,1,0.05166238292588338,7.617841075527502,30.4466344761384,718,True,1,0.8106843924193046,25.75246051515631,49.52836235487836,718,True,1,10856.570172789023,25.636337974151992,42.60420222464618,718,True,1,10.650196032027129,25.43400583301267,42.07567479636396,0_0_0_10_14_16,-25.0,42,offpacket_bootstrap,offpacket,4.0,4.233930411629928,4.598404280329941
2,4,86,multiscale_only_diverse16,16,84,False,3,0.24909224212116587,-0.2468385140921292,9.631865379453833,86,True,1,0.03351330873230696,3.4942926442612974,12.764587108919045,86,True,1,0.01735983404006872,1.0037755233603414,10.406731719511644,86,True,1,0.024623514599647716,0.7674317022973374,4.475112765864199,788,False,40,0.05305218072203256,-1.4581119865531194,2.5055033969861484,84,False,2,0.17561262290127827,-0.010494693029125715,15.472691803238378,86,True,1,37.2005780550424,6.230186330781036,18.90576094014358,84,False,3,3.115604174936581,-0.438609649068359,9.276088990647889,0_0_0_10_14_16,-25.0,42,offpacket_bootstrap,offpacket,4.0,4.233930411629928,4.598404280329941
2,5,468,multiscale_only_diverse16,16,576,False,100,0.533015861466172,-4.346610033350141,4.86299013620973,661,False,61,0.04543643832366633,-3.324530551040933,6.229463982730815,576,False,78,0.03884035449559962,-3.7356106973534593,5.249562533084232,228,False,144,0.07903292547303,-2.22460298328323,1.499529802867122,224,False,103,0.291402011909736,-3.2421821972001768,2.037375711345148,576,False,87,0.26194810437819716,-6.192550049881963,8.545914783549888,576,False,44,3.3309627333059515,-2.6462151770632807,6.600971070606506,576,False,109,7.108951942985019,-4.019201997614846,4.849123040410252,0_0_0_10_14_16,-25.0,42,offpacket_bootstrap,offpacket,4.0,4.233930411629928,4.598404280329941
2,6,89,multiscale_only_diverse16,16,89,True,1,0.7868278349249955,21.162617487746026,41.66138334119133,89,True,1,0.03905656719166029,13.80041831463032,41.52207987212552,89,True,1,0.049113131863957785,21.160271409502922,41.447022784134674,89,True,1,0.049121767651599715,13.464669172029858,34.88030096675412,89,True,1,0.05017093754725066,7.878905800243947,29.79960521151969,89,True,1,0.7866895076941564,21.225360941901865,48.60420039103688,89,True,1,7658.5672912094415,21.193612167732777,41.615919106125496,89,True,1,10.323887074686976,21.08935267219366,41.07745204804051,0_0_0_10_14_16,-25.0,42,offpacket_bootstrap,offpacket,4.0,4.233930411629928,4.598404280329941
2,7,713,multiscale_only_diverse16,16,391,False,3,1.6707026766198538,-0.45573019773111134,9.260631757248834,1003,False,2,0.08950333146158494,-0.6644875633075525,8.49572722290736,391,False,5,0.1009458163880307,-0.650411495566946,9.045111481048297,391,False,9,0.13790818765235155,-1.257271268459429,3.3004954240504385,113,False,141,0.3454543478738554,-3.1706579436966353,2.0467550522598255,366,False,2,1.2229182944395212,-0.3991725816732183,14.928374096674874,713,True,1,20.8379492205032,8.214202044947404,17.92118254148879,391,False,14,17.82468442837644,-1.5074831712792678,7.61364564439349,0_0_0_10_14_16,-25.0,42,offpacket_bootstrap,offpacket,4.0,4.233930411629928,4.598404280329941
2,8,865,multiscale_only_diverse16,16,865,True,1,0.787256044930075,19.476726901928785,42.55282467607987,865,True,1,0.034940538165107074,11.468231922908036,41.507370194070944,865,True,1,0.04929552083367342,19.567964674750062,42.33098124404533,865,True,1,0.04929934958788026,12.913495198357712,35.48533992837089,865,True,1,0.050264591209560984,7.58022775991956,30.37598017331888,865,True,1,0.7871949039633263,19.539026006701846,49.44224786404902,865,True,1,9808.918607920672,19.50551071097386,42.45975249499389,865,True,1,10.346832316506864,19.361357578729915,42.145658014922546,0_0_0_10_14_16,-25.0,42,offpacket_bootstrap,offpacket,4.0,4.233930411629928,4.598404280329941
2,9,492,multiscale_only_diverse16,16,394,False,18,0.6732955933535436,-11.260791893228639,26.094395366428603,394,False,34,0.0028455555948467986,-17.251345321810746,12.535096386260543,394,False,18,0.04144577267445657,-11.310912881053275,25.613057187321687,394,False,26,0.0421323543706453,-11.24355968816683,17.167475408211313,394,False,39,0.0562120337507889,-10.303184497017213,13.191124546784552,394,False,18,0.6623236826348976,-11.328145086115084,35.869674304759386,394,False,18,25.603444428834397,-11.31863038392122,25.486429326409947,394,False,17,9.17438161258572,-11.132945261788446,26.004492900086408,0_0_0_10_14_16,-25.0,42,offpacket_bootstrap,offpacket,4.0,4.233930411629928,4.598404280329941
2,10,765,multiscale_only_diverse16,16,393,False,52,0.6789589099280988,-23.968492701217315,14.047095268866874,394,False,44,0.026745964257421317,-23.068716819242407,12.085724026673834,393,False,50,0.04408171329818178,-23.81109911125172,13.53630437835849,393,False,152,0.05487261084747292,-22.861861925749682,6.5504320514847,393,False,221,0.12174322694493325,-19.583055533938495,4.313418585604555,393,False,55,0.54543918261682,-24.91772988671936,21.430317356610608,393,False,56,3.8983205839312998,-24.325167747280233,13.615560623397913,393,False,53,8.75992590261327,-24.065125023493277,13.094035597351205,0_0_0_10_14_16,-25.0,42,offpacket_bootstrap,offpacket,4.0,4.233930411629928,4.598404280329941
2,11,1023,multiscale_only_diverse16,16,1023,True,1,0.7893836964911003,15.195823661237206,42.81045616354908,1023,True,1,0.049380455916936725,15.370522593124187,43.604490846141104,1023,True,1,0.049286585023040154,15.280436760097105,42.423263405201546,1023,True,1,0.04929082188501911,13.90395386209094,35.58052995798006,1023,True,1,0.05039943220430839,8.654936776019182,30.304409632010035,1023,True,1,0.7893158439042988,15.210902573120181,49.905804274483486,1023,True,1,11823.647020290464,15.199331208788616,42.83199989496789,1023,True,1,10.352412190852508,15.248256005839863,42.53941516667818,0_0_0_10_14_16,-25.0,42,offpacket_bootstrap,offpacket,4.0,4.233930411629928,4.598404280329941
2,12,597,multiscale_only_diverse16,16,597,True,1,0.8056200532217339,19.438904481106633,42.823246808482,596,False,2,0.007421267686251344,-0.8848211227648816,34.37650168749913,597,True,1,0.05028847695072503,19.462553129136893,42.476805379332056,597,True,1,0.0502992171759519,13.166026275767283,35.57501924440069,597,True,1,0.051548865293648834,7.591035502548636,30.53460988915763,597,True,1,0.8054480318403948,19.51591615319903,50.237820015515744,597,True,1,10625.789982657443,19.4499816183141,42.82076444545855,597,True,1,10.545143548309072,19.578769773942522,42.20420886942133,0_0_0_10_14_16,-25.0,42,offpacket_bootstrap,offpacket,4.0,4.233930411629928,4.598404280329941
2,13,562,multiscale_only_diverse16,16,562,True,1,0.5175800817679068,4.955165720719432,13.46090191788086,561,False,565,0.0013540756749443592,-11.635919538793527,-0.5186677965387403,562,True,1,0.03452918383367631,5.385009534153637,13.648755480968433,562,True,1,0.03927400487014084,3.974503315272652,7.2037853779313,562,True,1,0.07752559286495651,0.3876633379247402,4.881811675644122,562,True,1,0.455049538520597,6.2716959120834215,19.5293577839915,562,True,1,262.63493917552347,15.181290359552653,34.038477207859785,562,True,1,7.269319131977482,5.406872404639848,13.932260058819747,0_0_0_10_14_16,-25.0,42,offpacket_bootstrap,offpacket,4.0,4.233930411629928,4.598404280329941
2,14,478,multiscale_only_diverse16,16,179,False,7,1.4536131262218674,-2.268438927768968,9.511188659810218,488,False,738,0.004841541440934073,-14.87296916312996,-3.3049224547335356,179,False,10,0.08629791815203185,-2.11666273985658,9.163303499508842,187,False,24,0.1175747430573034,-1.973386198183652,3.097328965387007,7,False,244,0.24505853887023218,-3.8296452277363766,1.3050497341807081,179,False,7,1.0669280096174676,-2.5228147173373525,15.417101366028573,179,False,7,5.897323504665068,-3.016183145894657,9.422367900601449,179,False,6,21.916350930122036,-1.8416107484629876,9.741255373103467,0_0_0_10_14_16,-25.0,42,offpacket_bootstrap,offpacket,4.0,4.233930411629928,4.598404280329941
2,15,267,multiscale_only_diverse16,16,267,True,1,0.783013785918584,17.947620105746694,42.16764502517027,267,True,1,0.018638544145318077,3.9366745834761696,38.11485582349021,267,True,1,0.04898659707665788,17.891380130018256,41.82480189428547,267,True,1,0.04899229417131161,13.708424732681522,35.12686775650059,267,True,1,0.05030128910918034,8.265350679015022,30.048294829477406,267,True,1,0.7829227327493252,17.983584664629273,49.357776466183985,267,True,1,8266.875418828342,17.9309652056935,42.10703237759774,267,True,1,10.282991401956545,17.989161534379573,41.49439759110006,0_0_0_10_14_16,-25.0,42,offpacket_bootstrap,offpacket,4.0,4.233930411629928,4.598404280329941
2,16,917,multiscale_only_diverse16,16,917,True,1,2.7322848485896998,3.1905637061483034,11.431661149777451,917,True,1,0.1462842594970603,1.873131389793301,9.785845945133019,917,True,1,0.17367022962899023,3.3094398471088966,10.879199573453842,917,True,1,0.20427493108883235,1.2830167239530696,4.689069220522054,122,False,21,0.4957255083701173,-1.3148252577911963,3.4183718375701684,917,True,1,2.322930839027098,4.23019554685479,17.242867197570654,917,True,1,13.171886211474343,4.663106260090719,13.300220472246886,917,True,1,37.07134988308654,2.6674590525321644,11.09101637822471,0_0_0_10_14_16,-25.0,42,offpacket_bootstrap,offpacket,4.0,4.233930411629928,4.598404280329941
2,17,656,multiscale_only_diverse16,16,656,True,1,0.5539808158202995,5.156128060308482,11.968634145011961,655,False,124,0.0045813458365150635,-4.273109909643632,4.363059032991712,656,True,1,0.03435662621541174,4.944530311142996,11.490890516455112,656,True,1,0.04096768577132588,3.177690789590497,6.553459528264437,656,True,1,0.09147540247971689,0.8734503275930368,4.743403191696635,656,True,1,0.4645835238506053,6.886365479860999,16.905726792974107,656,True,1,180.15981559146516,13.603854275816488,31.243256151513876,656,True,1,7.186679408120959,4.662347771659926,11.576664070963083,0_0_0_10_14_16,-25.0,42,offpacket_bootstrap,offpacket,4.0,4.233930411629928,4.598404280329941
2,18,889,multiscale_only_diverse16,16,869,False,40,0.8450987181254312,-2.9303022388211915,7.1536878475648535,581,False,25,0.06395031263554637,-2.9033740812612656,7.966611976630789,869,False,27,0.061965857642073574,-2.4347489719695057,7.615816856717927,438,False,29,0.10602499962596434,-1.6712265510145443,2.7029119335642364,438,False,74,0.32110378684478547,-3.557895697483585,2.4304598655060774,869,False,33,0.4939143319556794,-3.983306843769765,11.621413956421481,256,False,19,4.080229076392613,-3.3454999671232426,7.845322600153665,869,False,60,10.111241059372336,-4.245363725435775,6.466611056205892,0_0_0_10_14_16,-25.0,42,offpacket_bootstrap,offpacket,4.0,4.233930411629928,4.598404280329941
2,19,510,multiscale_only_diverse16,16,510,True,1,0.7048190127662224,4.258236824382228,12.619254602628105,331,False,415,0.0027929587605976325,-8.434719209538752,1.3113609380853317,510,True,1,0.04425785078068418,4.3608674466118815,12.868804965234437,510,True,1,0.052397381234449945,2.5245787812697715,6.245391299477032,510,True,1,0.11978359443899149,0.22322674004861692,4.4752812387258984,510,True,1,0.5953307963010849,5.5772402545988236,18.974908096372207,510,True,1,102.73407424115496,12.786101733724687,26.881096104693952,510,True,1,10.05272830842173,3.7811234723624594,12.612684066328876,0_0_0_10_14_16,-25.0,42,offpacket_bootstrap,offpacket,4.0,4.233930411629928,4.598404280329941
2,20,860,multiscale_only_diverse16,16,349,False,70,0.5686395192797455,-3.3233888478657585,5.745171114488978,323,False,108,0.029700390337911366,-6.648871098509851,5.393556190770495,674,False,52,0.036953719318060546,-2.841447894775435,6.00942229520088,104,False,121,0.07160034291350624,-2.8159809388716504,1.5244340519723925,847,False,401,0.1804751221631501,-4.95638077389459,0.40175011220239976,764,False,59,0.29348106913405253,-4.259243330041011,9.892324206375068,323,False,106,2.180420714466573,-4.63836019939967,4.685035058423356,674,False,37,10.325917235338316,-2.9628459328490395,6.641461362007945,0_0_0_10_14_16,-25.0,42,offpacket_bootstrap,offpacket,4.0,4.233930411629928,4.598404280329941
2,21,553,multiscale_only_diverse16,16,553,True,1,0.713635470697227,13.017706078244144,41.62658818271435,554,False,3,0.0010259790427209693,-9.275672085815483,24.748754411267733,553,True,1,0.04481752170402036,13.140862397999653,41.40592862102249,553,True,1,0.044847330437953845,12.054520033506538,34.44267020102482,553,True,1,0.047060727599318154,6.753349625560174,29.55674226580133,553,True,1,0.713161137673081,13.049999408814866,49.05812208585913,553,True,1,8766.73164892296,13.050762427918368,41.733673890455165,553,True,1,9.322770745344002,12.944895626849311,41.11675446915831,0_0_0_10_14_16,-25.0,42,offpacket_bootstrap,offpacket,4.0,4.233930411629928,4.598404280329941
2,22,629,multiscale_only_diverse16,16,629,True,1,0.6267901256728159,14.572458319255793,40.19489603928296,630,False,3,0.004038430679974108,-2.6998914362421997,30.090110027324183,629,True,1,0.03929424458189833,14.61870402073327,39.97643641802623,629,True,1,0.03930518251677463,12.141251014917424,33.0506997400365,629,True,1,0.040949981011767916,6.832930485454426,28.142293375399618,629,True,1,0.6266157011023972,14.644515305368838,47.274283636188756,629,True,1,6250.090500365628,14.527902251358853,40.39733377421901,629,True,1,8.302205466618712,14.813369284958195,40.019326903070755,0_0_0_10_14_16,-25.0,42,offpacket_bootstrap,offpacket,4.0,4.233930411629928,4.598404280329941
2,23,759,multiscale_only_diverse16,16,759,True,1,0.7633171512043333,17.969540147251905,41.532773967220386,759,True,1,0.021150274166661195,6.9808621207998645,38.392491148920556,759,True,1,0.04767121579753928,17.981424894140776,41.46913128502454,759,True,1,0.04768244637471572,12.306498658254025,34.842398326515834,759,True,1,0.048457199955786706,6.952589413079279,29.750299350081022,759,True,1,0.7631373682269808,18.003369025595468,48.29051426898809,759,True,1,7947.9558059776,17.985880376299136,41.600591676789236,759,True,1,10.045780638657009,18.00590396865473,41.1602266534603,0_0_0_10_14_16,-25.0,42,offpacket_bootstrap,offpacket,4.0,4.233930411629928,4.598404280329941
2,24,874,multiscale_only_diverse16,16,874,True,1,0.8110735180118276,20.781386012411865,42.44736443990086,874,True,1,0.03658098209165091,13.88051987528847,41.53170707764848,874,True,1,0.05070149638549795,20.86359197815192,42.027832955312654,874,True,1,0.050706470588494576,12.548341868463257,35.691735605176845,874,True,1,0.051718794490907334,7.198742428281709,30.547739430228194,874,True,1,0.8109939533275387,20.8672631324097,49.340199826719314,874,True,1,9473.9163082303,20.81598081062343,42.43005949284943,874,True,1,10.647432634445277,20.756412809230646,42.15712268039511,0_0_0_10_14_16,-25.0,42,offpacket_bootstrap,offpacket,4.0,4.233930411629928,4.598404280329941
2,25,720,multiscale_only_diverse16,16,955,False,98,0.6222579129281627,-3.7622650711192938,4.725300796427368,542,False,467,0.01255468066673957,-8.30944651115517,0.46538038348503996,955,False,106,0.03365857183538295,-3.7295124815742327,4.659144458959638,407,False,396,0.06487063505782972,-3.5418034929110016,0.41792129900884023,407,False,430,0.24244127356894168,-5.725910931358019,0.5249031947896763,955,False,71,0.3228627659303314,-4.241547033263106,8.962715067054912,720,True,1,68.14475167906636,14.520492672285837,33.285263762124,345,False,101,6.623683199167016,-3.721526389681602,4.798356360125843,0_0_0_10_14_16,-25.0,42,offpacket_bootstrap,offpacket,4.0,4.233930411629928,4.598404280329941
2,26,314,multiscale_only_diverse16,16,314,True,1,0.7976223282821735,16.285095487631082,42.443186648170155,314,True,1,0.010883980615838717,2.2399491139481382,36.25947506569338,314,True,1,0.049845597112599775,16.25678967588722,42.05486703303563,314,True,1,0.04985362382065869,12.587684769832308,35.632951730826136,314,True,1,0.05099564791200216,7.1685477655154415,30.368595324217083,314,True,1,0.7974939066935358,16.324132726512513,49.52364408766257,314,True,1,9146.382739269658,16.297824730761423,42.36466945200142,314,True,1,10.497610551790393,16.23875806179577,42.118926837155925,0_0_0_10_14_16,-25.0,42,offpacket_bootstrap,offpacket,4.0,4.233930411629928,4.598404280329941
2,27,602,multiscale_only_diverse16,16,412,False,4,1.2536473693967878,-0.4868725884306235,8.325298732397638,999,False,102,0.04055450087215504,-3.5512888295880773,4.950798802464511,37,False,5,0.0858903826090763,-0.2943341763399427,8.34290633119977,307,False,8,0.13834927895274182,-0.73825670784158,3.2697776508039027,412,False,55,0.3627658802244333,-3.1225972954850247,2.5280489780842084,681,False,6,0.7782928326726792,-0.9790267747990199,13.128717226161523,877,False,7,4.458906542197811,-1.0798003351901793,8.11403042512648,602,True,1,21.755496713594898,0.03080659151670388,9.191663586512727,0_0_0_10_14_16,-25.0,42,offpacket_bootstrap,offpacket,4.0,4.233930411629928,4.598404280329941
2,28,7,multiscale_only_diverse16,16,7,True,1,0.8298586892895088,25.847112093813244,41.98294740812674,7,True,1,0.05140333936979014,25.238508134360423,42.34640358802716,7,True,1,0.05174732289938991,25.825839114032895,41.73210310062055,7,True,1,0.051754416432955884,13.228322293435165,35.22201755918221,7,True,1,0.05348240159356545,7.811626420989109,30.098023237924952,7,True,1,0.8297449476830293,26.0589959994334,48.68526543372177,7,True,1,8112.852095935785,25.766450140022027,42.023083042782744,7,True,1,10.871624909856646,25.849599748294576,41.78459559588017,0_0_0_10_14_16,-25.0,42,offpacket_bootstrap,offpacket,4.0,4.233930411629928,4.598404280329941
2,29,610,multiscale_only_diverse16,16,945,False,30,0.9231631973987966,-2.68840544131171,6.660868306747526,979,False,936,0.0017666501192282903,-17.47694993973162,-8.41578312767239,945,False,26,0.05664659449677248,-2.516513750815235,6.70544869250345,944,False,43,0.10209504474978752,-1.441665937321846,1.9953406835441154,297,False,117,0.3152161087319919,-2.791766812198267,1.843892428662795,945,False,33,0.5122094948442871,-3.856009551753892,11.160259889512442,944,False,7,5.4493869047868015,-0.6438180750983302,8.654138032427255,945,False,31,12.18902346117977,-2.5491500900753916,6.4476119695232335,0_0_0_10_14_16,-25.0,42,offpacket_bootstrap,offpacket,4.0,4.233930411629928,4.598404280329941
2,30,775,multiscale_only_diverse16,16,775,True,1,0.8072169313600739,18.846927590355197,42.40929702207645,775,True,1,0.023093644312873526,8.470190144760958,39.506992689733934,775,True,1,0.05047250286630196,18.87339157187306,42.23590416776743,775,True,1,0.050478694021163284,12.532150903506473,35.69367888590782,775,True,1,0.05148515572343227,7.160054145986191,30.60403863596687,775,True,1,0.8071179271143096,18.90176494358989,49.20518405513759,775,True,1,9950.683281559912,18.802274019483946,42.44257628612752,775,True,1,10.615915787779072,18.866488664360165,42.01590546008558,0_0_0_10_14_16,-25.0,42,offpacket_bootstrap,offpacket,4.0,4.233930411629928,4.598404280329941
2,31,912,multiscale_only_diverse16,16,912,True,1,1.1564802774174154,7.690221785491803,16.630156745853334,912,True,1,0.06766774096640125,6.314744374277296,16.43076891272277,912,True,1,0.07607954289104837,7.9439845778032705,16.797612045710768,912,True,1,0.0822064729966461,6.122787807262674,9.938678193659234,912,True,1,0.1458570324747112,1.772773563049025,7.070516341202088,912,True,1,1.0702866533638953,9.403057062520938,23.621215725794315,912,True,1,101.12526177263764,13.926307795852882,22.853790311471897,912,True,1,17.367423572712212,8.297532094482662,17.191781547168933,0_0_0_10_14_16,-25.0,42,offpacket_bootstrap,offpacket,4.0,4.233930411629928,4.598404280329941
2,32,768,multiscale_only_diverse16,16,115,False,317,0.28779730664361125,-7.134669309042208,2.2162216643985206,653,False,16,0.06641502108369036,-2.3603131528657526,7.814135441057806,115,False,172,0.027740132707291303,-5.245598508348954,4.003387193076473,652,False,283,0.0685597845957065,-3.4214473856460375,0.8658871943862255,609,False,142,0.2736456094931509,-3.0563352769331162,1.868311442709586,115,False,242,0.1164463325865634,-9.309204669494427,5.1670232878833655,457,False,222,1.6100953104842193,-6.409333476846909,3.2929120528739366,115,False,168,5.949136981380547,-6.030864306995952,4.20460017027578,0_0_0_10_14_16,-25.0,42,offpacket_bootstrap,offpacket,4.0,4.233930411629928,4.598404280329941
2,33,581,multiscale_only_diverse16,16,198,False,102,0.6303644919303366,-5.094671403204497,5.323951523437556,478,False,717,0.006914117107218742,-13.07941234714626,-2.7779761551466424,198,False,152,0.035131263890451146,-5.4806456761002895,4.45555886129468,198,False,100,0.09915522126425283,-2.4925178344314767,1.8662895846020044,478,False,307,0.26096493211818456,-4.489088195148538,0.9422449482575461,198,False,148,0.2233417568012493,-8.08279924487331,7.651116641790897,581,True,1,6.271190471110995,1.4171882045042263,9.780246498775941,198,False,105,9.46607315763296,-4.668624814324517,5.235635685350273,0_0_0_10_14_16,-25.0,42,offpacket_bootstrap,offpacket,4.0,4.233930411629928,4.598404280329941
2,34,93,multiscale_only_diverse16,16,93,True,1,0.6508362330709048,20.48794277072647,39.824469172156384,93,True,1,0.03242515632392684,13.790747351502613,38.6863934236255,93,True,1,0.040708714887584735,20.567899938712813,39.54931086802511,93,True,1,0.04072153514515198,13.287644783718367,32.839629630865105,93,True,1,0.04250192521260275,7.702266795818037,27.937413717615208,93,True,1,0.6506313319513296,20.5784055106248,46.77552732858345,93,True,1,5538.06878522951,20.524649940813532,39.801168571390406,93,True,1,8.54876247567828,20.38934991508033,39.36598426388731,0_0_0_10_14_16,-25.0,42,offpacket_bootstrap,offpacket,4.0,4.233930411629928,4.598404280329941
