dataset,snr_db,seed,packet_index,payload_symbol_index,frame_symbol_index,gt_bin,ordinary_fft_bin,savaux_bin,branch_gls_bin,savaux_dual_bin,proposed_bin,savaux_top_l_contains_gt,gls_top_l_contains_gt,phase_observations,phase_rmse_rad,phase_reliability,adaptive_consistency_weight,effective_min_consistency_gain,predicted_phase_rad,predicted_fractional_bin,predicted_timing_offset_chips,timing_offset_at_reference_chips,timing_slope_chips_per_symbol,timing_fit_consistency,timing_grid_contrast,frequency_rmse_bins,selected_pair_consistency,selected_pair_phase_residual_rad,gls_candidates,gls_candidate_consistency,gls_candidate_loss_db
0_0_0_10_14_8,-22.0,46,0,0,8,803,803,803,803,803,803,1,1,8,0.628951155897685,0.9683068504148737,0.29049205512446213,0.12,-0.7365824788242148,0.0769710518427431,-0.1059850374064838,-0.1059850374064838,0.0,0.9683068504148737,0.12771859498125382,0.22173349647950683,0.8612107094360834,0.7304881513753722,803|649|305|620|578|79|407|362,0.86121071|0.98653095|0.97405167|0.61615939|0.79672123|0.73269501|0.85230408|0.064575931,0|-3.7285968|-4.9782768|-6.1479803|-6.2078921|-6.4686859|-6.928047|-7.0062958
0_0_0_10_14_8,-22.0,46,0,1,9,826,826,826,826,826,826,1,1,8,0.628951155897685,0.9683068504148737,0.29049205512446213,0.12,-0.719385154489845,0.0769710518427431,-0.1059850374064838,-0.1059850374064838,0.0,0.9683068504148737,0.12771859498125382,0.22173349647950683,0.9835534385364852,0.18237578677194582,826|193|769|412|500|229|394|493,0.98355344|0.77095117|0.88034461|0.8989288|0.65678328|0.77833901|0.6304666|0.82761311,0|-4.8013771|-5.0345699|-5.6816337|-5.9300591|-6.0474481|-6.2839159|-6.3116762
0_0_0_10_14_8,-22.0,46,0,2,10,922,922,922,922,922,922,1,1,8,0.628951155897685,0.9683068504148737,0.29049205512446213,0.12,-0.7021878301554751,0.0769710518427431,-0.1059850374064838,-0.1059850374064838,0.0,0.9683068504148737,0.12771859498125382,0.22173349647950683,0.9012235430008547,2.3923732581004082,922|117|789|438|422|24|444|221,0.90122354|0.75980555|0.52770876|0.80189344|0.85781112|0.94975063|0.4438|0.78186776,0|-6.6481582|-6.9363426|-7.3202657|-7.3959637|-7.4235407|-7.6638901|-7.6703289
0_0_0_10_14_8,-22.0,46,0,3,11,718,356,718,718,718,718,1,1,8,0.628951155897685,0.9683068504148737,0.29049205512446213,0.12,-0.6849905058211053,0.0769710518427431,-0.1059850374064838,-0.1059850374064838,0.0,0.9683068504148737,0.12771859498125382,0.22173349647950683,0.9539618932088159,0.11034296651092045,718|194|633|382|12|512|318|817,0.95396189|0.9573063|0.91819624|0.83646729|0.98092268|0.92971525|0.70033347|0.8156017,0|-4.6190216|-4.9666376|-5.4351635|-5.6096371|-5.6224809|-5.6293716|-5.7109196
0_0_0_10_14_8,-22.0,46,0,4,12,86,772,86,86,86,86,1,1,8,0.628951155897685,0.9683068504148737,0.29049205512446213,0.12,-0.6677931814867355,0.0769710518427431,-0.1059850374064838,-0.1059850374064838,0.0,0.9683068504148737,0.12771859498125382,0.22173349647950683,0.9822698099459183,-0.456032496729478,86|631|820|10|887|446|965|953,0.98226981|0.63691978|0.88836979|0.94757431|0.90554119|0.77859767|0.67713766|0.94607659,0|-2.0584602|-2.0648729|-2.3670938|-3.0268011|-3.0345317|-3.0698826|-3.2522546
0_0_0_10_14_8,-22.0,46,0,5,13,467,255,467,467,467,467,1,1,8,0.628951155897685,0.9683068504148737,0.29049205512446213,0.12,-0.6505958571523657,0.0769710518427431,-0.1059850374064838,-0.1059850374064838,0.0,0.9683068504148737,0.12771859498125382,0.22173349647950683,0.8632587211306489,0.5928182212542825,467|656|813|953|593|618|761|677,0.86325872|0.95191756|0.94218679|0.85697676|0.9148969|0.81997327|0.77968127|0.54349691,0|-3.1035448|-3.663884|-3.8323484|-3.9502073|-4.4989101|-4.5144689|-4.540783
0_0_0_10_14_8,-22.0,46,0,6,14,89,727,89,89,89,89,1,1,8,0.628951155897685,0.9683068504148737,0.29049205512446213,0.12,-0.6333985328179959,0.0769710518427431,-0.1059850374064838,-0.1059850374064838,0.0,0.9683068504148737,0.12771859498125382,0.22173349647950683,0.9887335633491526,0.19109256035493977,89|220|602|180|973|305|912|237,0.98873356|0.90261245|0.47786118|0.85500501|0.70192912|0.46445661|0.73167045|0.98495615,0|-6.4464858|-6.5533794|-6.6888538|-6.7980565|-7.0200356|-7.1630269|-7.2296889
0_0_0_10_14_8,-22.0,46,0,7,15,713,973,713,713,713,713,1,1,8,0.628951155897685,0.9683068504148737,0.29049205512446213,0.12,-0.616201208483626,0.0769710518427431,-0.1059850374064838,-0.1059850374064838,0.0,0.9683068504148737,0.12771859498125382,0.22173349647950683,0.9759721547305878,0.39000944926761694,713|854|337|14|195|170|61|662,0.97597215|0.86596485|0.66023363|0.91557217|0.99443297|0.91576058|0.70474585|0.812514,0|-4.6481842|-5.2247255|-5.478189|-5.6630694|-5.9876659|-6.013944|-6.052413
0_0_0_10_14_8,-22.0,46,0,8,16,865,41,865,865,865,865,1,1,8,0.628951155897685,0.9683068504148737,0.29049205512446213,0.12,-0.5990038841492562,0.0769710518427431,-0.1059850374064838,-0.1059850374064838,0.0,0.9683068504148737,0.12771859498125382,0.22173349647950683,0.8784829967843245,-1.894655031877377,865|304|926|553|472|19|373|302,0.878483|0.62034867|0.8557476|0.96984652|0.56264026|0.88332762|0.59713996|0.91285479,0|-3.9416854|-4.8436052|-5.0178912|-5.0183973|-5.0329904|-5.1923002|-5.3524834
0_0_0_10_14_8,-22.0,46,0,9,17,405,879,405,405,405,405,1,1,8,0.628951155897685,0.9683068504148737,0.29049205512446213,0.12,-0.5818065598148864,0.0769710518427431,-0.1059850374064838,-0.1059850374064838,0.0,0.9683068504148737,0.12771859498125382,0.22173349647950683,0.8047799396838962,-1.0177400549113123,405|493|354|648|183|630|505|185,0.80477994|0.87452062|0.97191356|0.6487512|0.69687111|0.35933041|0.3999006|0.97646785,0|-1.1547636|-1.4211213|-2.1409148|-2.524603|-2.8674013|-2.9275372|-3.1053482
0_0_0_10_14_8,-22.0,46,0,10,18,765,765,765,765,765,765,1,1,8,0.628951155897685,0.9683068504148737,0.29049205512446213,0.12,-0.5646092354805166,0.0769710518427431,-0.1059850374064838,-0.1059850374064838,0.0,0.9683068504148737,0.12771859498125382,0.22173349647950683,0.965366998796829,0.6421906110823047,765|188|958|13|905|725|712|754,0.965367|0.61023761|0.90823209|0.93190865|0.9386342|0.85478293|0.67945738|0.94668804,0|-6.4154218|-6.4900828|-6.6470315|-6.8459499|-7.3405365|-7.3470156|-7.6253278
0_0_0_10_14_8,-22.0,46,0,11,19,1023,721,1023,1023,1023,1023,1,1,8,0.628951155897685,0.9683068504148737,0.29049205512446213,0.12,-0.5474119111461467,0.0769710518427431,-0.1059850374064838,-0.1059850374064838,0.0,0.9683068504148737,0.12771859498125382,0.22173349647950683,0.9610884854832907,-1.006663252214595,1023|744|145|505|530|595|183|445,0.96108849|0.84276614|0.81868622|0.94323256|0.99361018|0.97445463|0.8805946|0.81410224,0|-4.3724166|-5.4712318|-5.6254771|-5.7471626|-5.9812862|-6.4252318|-6.5749066
0_0_0_10_14_8,-22.0,46,0,12,20,597,607,597,597,597,597,1,1,8,0.628951155897685,0.9683068504148737,0.29049205512446213,0.12,-0.5302145868117769,0.0769710518427431,-0.1059850374064838,-0.1059850374064838,0.0,0.9683068504148737,0.12771859498125382,0.22173349647950683,0.9404187469371167,0.08306617357245971,597|990|60|997|965|207|509|54,0.94041875|0.89087519|0.85247114|0.8616253|0.77072851|0.64124335|0.57641585|0.89832352,0|-3.8563041|-4.2110643|-5.2240711|-5.492834|-5.5212128|-5.752588|-5.8542306
0_0_0_10_14_8,-22.0,46,0,13,21,562,163,562,562,562,562,1,1,8,0.628951155897685,0.9683068504148737,0.29049205512446213,0.12,-0.5130172624774071,0.0769710518427431,-0.1059850374064838,-0.1059850374064838,0.0,0.9683068504148737,0.12771859498125382,0.22173349647950683,0.8340445971999407,0.2557212614403307,562|690|448|976|218|706|911|162,0.8340446|0.95248452|0.76299663|0.88724821|0.6280632|0.9513037|0.94928126|0.93363225,0|-4.980315|-5.6833825|-5.7857929|-6.2867241|-6.3296223|-6.6509733|-7.1229671
0_0_0_10_14_8,-22.0,46,0,14,22,478,978,478,478,478,478,1,1,8,0.628951155897685,0.9683068504148737,0.29049205512446213,0.12,-0.49581993814303726,0.0769710518427431,-0.1059850374064838,-0.1059850374064838,0.0,0.9683068504148737,0.12771859498125382,0.22173349647950683,0.9042291337418686,0.4370371057389674,478|236|761|834|402|576|521|663,0.90422913|0.89637889|0.96642748|0.98681527|0.12539775|0.57371923|0.43950138|0.34087562,0|-4.281777|-6.4552922|-6.5667017|-6.6451561|-6.6636581|-6.7418044|-6.8142816
0_0_0_10_14_8,-22.0,46,0,15,23,267,267,267,267,267,267,1,1,8,0.628951155897685,0.9683068504148737,0.29049205512446213,0.12,-0.47862261380866744,0.0769710518427431,-0.1059850374064838,-0.1059850374064838,0.0,0.9683068504148737,0.12771859498125382,0.22173349647950683,0.9452566260305004,0.7067769297377106,267|673|977|428|377|230|963|704,0.94525663|0.96739788|0.689563|0.71925217|0.85751985|0.99484514|0.7757051|0.98256294,0|-7.3390882|-7.6396459|-7.6611099|-7.7798255|-8.4563401|-8.6276629|-8.632185
0_0_0_10_14_8,-22.0,46,0,16,24,917,406,917,917,917,917,1,1,8,0.628951155897685,0.9683068504148737,0.29049205512446213,0.12,-0.4614252894742976,0.0769710518427431,-0.1059850374064838,-0.1059850374064838,0.0,0.9683068504148737,0.12771859498125382,0.22173349647950683,0.9026545299470944,1.3653816420550893,917|101|182|125|284|437|318|414,0.90265453|0.89279751|0.88851694|0.96857235|0.78131203|0.77563878|0.83723914|0.88793604,0|-4.5633316|-4.6214065|-5.2689299|-5.4230207|-5.4660372|-5.759426|-6.0754589
0_0_0_10_14_8,-22.0,46,0,17,25,656,950,656,656,656,656,1,1,8,0.628951155897685,0.9683068504148737,0.29049205512446213,0.12,-0.4442279651399278,0.0769710518427431,-0.1059850374064838,-0.1059850374064838,0.0,0.9683068504148737,0.12771859498125382,0.22173349647950683,0.712026857297102,1.2590564176268582,656|298|58|711|569|884|842|851,0.71202686|0.98965807|0.96070375|0.94028619|0.46728534|0.77293926|0.70606986|0.87057003,0|-1.9004498|-2.144098|-2.3469375|-2.6243832|-2.6804918|-2.9488292|-3.4866641
0_0_0_10_14_8,-22.0,46,0,18,26,889,889,889,889,889,889,1,1,8,0.628951155897685,0.9683068504148737,0.29049205512446213,0.12,-0.42703064080555797,0.0769710518427431,-0.1059850374064838,-0.1059850374064838,0.0,0.9683068504148737,0.12771859498125382,0.22173349647950683,0.9236984644119914,1.3756629534117248,889|828|225|988|879|616|310|391,0.92369846|0.85001699|0.60669717|0.99858354|0.90745762|0.64122665|0.86769253|0.82848157,0|-5.5086533|-6.5672538|-6.7872847|-6.837754|-7.6611363|-7.7031799|-7.7176522
0_0_0_10_14_8,-22.0,46,0,19,27,510,510,510,510,510,510,1,1,8,0.628951155897685,0.9683068504148737,0.29049205512446213,0.12,-0.40983331647118815,0.0769710518427431,-0.1059850374064838,-0.1059850374064838,0.0,0.9683068504148737,0.12771859498125382,0.22173349647950683,0.9517325814047585,0.38876809893683306,510|211|602|287|611|249|489|843,0.95173258|0.54039323|0.92012779|0.81394886|0.99052206|0.54644112|0.46686212|0.68216506,0|-7.2935584|-7.4565322|-7.5997955|-8.0085951|-8.0567378|-8.0701521|-8.1069097
0_0_0_10_14_8,-22.0,46,0,20,28,860,104,860,860,860,860,1,1,8,0.628951155897685,0.9683068504148737,0.29049205512446213,0.12,-0.39263599213681843,0.0769710518427431,-0.1059850374064838,-0.1059850374064838,0.0,0.9683068504148737,0.12771859498125382,0.22173349647950683,0.8828881159632884,0.49393959172300755,860|760|936|592|237|552|740|701,0.88288812|0.7365424|0.95361154|0.72016136|0.85148399|0.88291124|0.85501511|0.99866375,0|-2.7359961|-2.8350548|-2.9068077|-3.1465229|-3.1492083|-3.6328745|-3.7036188
0_0_0_10_14_8,-22.0,46,0,21,29,553,553,553,553,553,553,1,1,8,0.628951155897685,0.9683068504148737,0.29049205512446213,0.12,-0.3754386678024486,0.0769710518427431,-0.1059850374064838,-0.1059850374064838,0.0,0.9683068504148737,0.12771859498125382,0.22173349647950683,0.713758184015696,1.0815916012843834,553|494|778|165|793|602|289|189,0.71375818|0.8227168|0.96177224|0.74607847|0.82165569|0.72324635|0.99787614|0.98489663,0|-5.7336616|-6.0786758|-6.1525766|-6.3936883|-6.5680418|-6.8243926|-6.945402
0_0_0_10_14_8,-22.0,46,0,22,30,629,712,629,629,629,629,1,1,8,0.628951155897685,0.9683068504148737,0.29049205512446213,0.12,-0.3582413434680788,0.0769710518427431,-0.1059850374064838,-0.1059850374064838,0.0,0.9683068504148737,0.12771859498125382,0.22173349647950683,0.9191895807905499,0.5513509134200351,629|599|406|704|176|284|874|157,0.91918958|0.94741387|0.77506976|0.72168296|0.80591531|0.048213941|0.84547087|0.91158835,0|-2.0360611|-3.0092469|-3.7209589|-3.7958743|-4.4899335|-4.5990511|-4.6040591
0_0_0_10_14_8,-22.0,46,0,23,31,759,83,759,759,759,759,1,1,8,0.628951155897685,0.9683068504148737,0.29049205512446213,0.12,-0.34104401913370896,0.0769710518427431,-0.1059850374064838,-0.1059850374064838,0.0,0.9683068504148737,0.12771859498125382,0.22173349647950683,0.745315155485476,1.230631984122725,759|641|60|330|537|815|796|733,0.74531516|0.42992776|0.90697718|0.70623724|0.85881202|0.9548655|0.99577577|0.86164189,0|-6.5169909|-6.5581285|-6.5987341|-6.9423103|-6.9941595|-7.0069052|-7.1532384
0_0_0_10_14_8,-22.0,46,0,24,32,874,330,874,874,874,874,1,1,8,0.628951155897685,0.9683068504148737,0.29049205512446213,0.12,-0.32384669479933914,0.0769710518427431,-0.1059850374064838,-0.1059850374064838,0.0,0.9683068504148737,0.12771859498125382,0.22173349647950683,0.9720856416342811,1.3414460825100847,874|102|478|196|955|579|604|44,0.97208564|0.96402545|0.78773951|0.89873716|0.923455|0.66833193|0.68062439|0.75528425,0|-4.3682363|-4.6366497|-4.8850615|-5.4347988|-5.4368731|-5.4849578|-5.7960678
0_0_0_10_14_8,-22.0,46,0,25,33,720,896,720,720,720,720,1,1,8,0.628951155897685,0.9683068504148737,0.29049205512446213,0.12,-0.3066493704649693,0.0769710518427431,-0.1059850374064838,-0.1059850374064838,0.0,0.9683068504148737,0.12771859498125382,0.22173349647950683,0.8354293976592302,1.3001289579519413,720|757|117|27|147|647|702|957,0.8354294|0.96843751|0.79508344|0.85716432|0.93927493|0.90911966|0.86460179|0.84291044,0|-3.4248826|-3.530904|-3.9171465|-4.3300021|-4.3817574|-4.3944856|-4.5533617
0_0_0_10_14_8,-22.0,46,0,26,34,314,314,314,314,314,314,1,1,8,0.628951155897685,0.9683068504148737,0.29049205512446213,0.12,-0.2894520461305995,0.0769710518427431,-0.1059850374064838,-0.1059850374064838,0.0,0.9683068504148737,0.12771859498125382,0.22173349647950683,0.9654568300812075,0.3683502277734307,314|129|718|539|728|48|72|453,0.96545683|0.94420278|0.86678025|0.67475704|0.97791647|0.5440874|0.90668775|0.85926097,0|-7.1386053|-7.9200026|-8.427775|-8.5737206|-8.7358977|-8.9599476|-9.1632481
0_0_0_10_14_8,-22.0,46,0,27,35,602,542,602,602,602,602,1,1,8,0.628951155897685,0.9683068504148737,0.29049205512446213,0.12,-0.27225472179622967,0.0769710518427431,-0.1059850374064838,-0.1059850374064838,0.0,0.9683068504148737,0.12771859498125382,0.22173349647950683,0.9894297704346939,0.07571880374195683,602|655|542|855|427|803|920|172,0.98942977|0.85424643|0.84891413|0.88282839|0.51592646|0.56945523|0.60275345|0.73667619,0|-4.52312|-5.6486116|-5.9815782|-6.0704032|-6.0996909|-6.1739595|-6.3410569
0_0_0_10_14_8,-22.0,46,0,28,36,7,40,7,7,7,7,1,1,8,0.628951155897685,0.9683068504148737,0.29049205512446213,0.12,-0.25505739746185985,0.0769710518427431,-0.1059850374064838,-0.1059850374064838,0.0,0.9683068504148737,0.12771859498125382,0.22173349647950683,0.9933509132877051,1.1647813601626935,7|849|300|327|262|582|786|677,0.99335091|0.48796694|0.91530858|0.97745754|0.75113818|0.69879927|0.84468543|0.96913108,0|-3.0216662|-3.2987865|-3.3836652|-3.8030725|-4.4487353|-4.8587222|-4.9403762
0_0_0_10_14_8,-22.0,46,0,29,37,610,94,610,610,610,610,1,1,8,0.628951155897685,0.9683068504148737,0.29049205512446213,0.12,-0.23786007312749002,0.0769710518427431,-0.1059850374064838,-0.1059850374064838,0.0,0.9683068504148737,0.12771859498125382,0.22173349647950683,0.7745037222909542,1.1225906222146342,610|341|15|309|677|117|382|881,0.77450372|0.88916079|0.90308532|0.97000317|0.94034199|0.60511709|0.60491389|0.7721896,0|-6.2858009|-6.941493|-7.7860614|-7.9616116|-7.9818511|-8.3217846|-8.412234
0_0_0_10_14_8,-22.0,46,0,30,38,839,839,839,839,839,839,1,1,8,0.628951155897685,0.9683068504148737,0.29049205512446213,0.12,-0.2206627487931202,0.0769710518427431,-0.1059850374064838,-0.1059850374064838,0.0,0.9683068504148737,0.12771859498125382,0.22173349647950683,0.8785464915425427,1.0352544092635587,839|499|448|198|607|302|962|654,0.87854649|0.55538995|0.90231989|0.77440353|0.9553454|0.92346691|0.98288658|0.76098751,0|-5.5180705|-5.5870003|-5.7496433|-6.39769|-6.5272378|-6.7057528|-6.7084856
0_0_0_10_14_8,-22.0,46,0,31,39,913,496,913,913,913,913,1,1,8,0.628951155897685,0.9683068504148737,0.29049205512446213,0.12,-0.20346542445875038,0.0769710518427431,-0.1059850374064838,-0.1059850374064838,0.0,0.9683068504148737,0.12771859498125382,0.22173349647950683,0.9458087645156374,-2.342020801858283,913|272|158|314|191|107|359|63,0.94580876|0.92970313|0.97274447|0.75489835|0.6541066|0.92047161|0.37212757|0.69028477,0|-3.4211141|-5.0101303|-5.1814059|-5.2121092|-5.246471|-5.302698|-5.3788889
0_0_0_10_14_8,-22.0,46,0,32,40,764,1019,764,764,764,764,1,1,8,0.628951155897685,0.9683068504148737,0.29049205512446213,0.12,-0.18626810012438055,0.0769710518427431,-0.1059850374064838,-0.1059850374064838,0.0,0.9683068504148737,0.12771859498125382,0.22173349647950683,0.7706497313592338,2.271318745114319,764|342|150|587|794|448|31|74,0.77064973|0.52951656|0.99182579|0.9408717|0.95742075|0.89051964|0.91503018|0.9831666,0|-4.3275751|-4.5627115|-4.88292|-5.3708041|-5.4931635|-5.8503751|-5.9088832
0_0_0_10_14_8,-22.0,46,0,33,41,577,810,577,577,577,577,1,1,8,0.628951155897685,0.9683068504148737,0.29049205512446213,0.12,-0.16907077579001073,0.0769710518427431,-0.1059850374064838,-0.1059850374064838,0.0,0.9683068504148737,0.12771859498125382,0.22173349647950683,0.9168742914447869,-0.6051732209256002,577|364|84|22|678|809|251|649,0.91687429|0.82467081|0.7896892|0.97975878|0.64969488|0.5188298|0.92835618|0.78659431,0|-3.6044503|-4.1059389|-4.734495|-4.8841297|-5.356636|-5.4368489|-5.5873538
0_0_0_10_14_8,-22.0,46,0,34,42,936,1021,936,936,936,936,1,1,8,0.628951155897685,0.9683068504148737,0.29049205512446213,0.12,-0.1518734514556409,0.0769710518427431,-0.1059850374064838,-0.1059850374064838,0.0,0.9683068504148737,0.12771859498125382,0.22173349647950683,0.947657671362836,1.0128906722982838,936|665|581|958|253|964|488|85,0.94765767|0.9275125|0.63269775|0.90767567|0.84769951|0.74480608|0.88020059|0.79395524,0|-2.5967496|-3.3710489|-3.4359797|-3.9603024|-3.9746307|-3.9988066|-4.0826496
0_0_0_10_14_8,-22.0,46,1,0,8,222,222,222,222,222,222,1,1,8,0.761611962584144,0.9307024139138655,0.27921072417415965,0.12,0.04168906899520053,-0.02417443877992048,-0.0461346633416459,-0.0461346633416459,0.0,0.9307024139138655,0.16046843981090053,0.15514693703483368,0.9424904315473506,-0.808088959184481,222|794|1010|455|907|147|976|666,0.94249043|0.74267578|0.74334844|0.48338739|0.64052248|0.81787746|0.95665402|0.93007113,0|-5.54155|-5.9970878|-6.4472761|-6.4534928|-6.7206259|-6.9300028|-6.9669502
0_0_0_10_14_8,-22.0,46,1,1,9,711,711,711,711,711,711,1,1,8,0.761611962584144,0.9307024139138655,0.27921072417415965,0.12,0.05891623812464186,-0.02417443877992048,-0.0461346633416459,-0.0461346633416459,0.0,0.9307024139138655,0.16046843981090053,0.15514693703483368,0.9944599868635337,-0.19735467923333894,711|389|297|412|739|330|138|702,0.99445999|0.54804772|0.79170293|0.29702886|0.66220899|0.45203555|0.97100835|0.89457608,0|-7.3614243|-7.4684447|-7.7096294|-7.8271417|-8.1665376|-8.1828147|-8.2299123
0_0_0_10_14_8,-22.0,46,1,2,10,871,871,871,871,871,871,1,1,8,0.761611962584144,0.9307024139138655,0.27921072417415965,0.12,0.0761434072540832,-0.02417443877992048,-0.0461346633416459,-0.0461346633416459,0.0,0.9307024139138655,0.16046843981090053,0.15514693703483368,0.9574695723157315,0.9190397990739876,871|276|813|874|825|601|497|209,0.95746957|0.88961067|0.92898304|0.75105502|0.86790487|0.89971776|0.97220683|0.90006057,0|-7.409984|-8.0063213|-8.0497202|-8.1688337|-8.5004133|-8.6366696|-8.7931392
0_0_0_10_14_8,-22.0,46,1,3,11,718,47,718,718,718,718,1,1,8,0.761611962584144,0.9307024139138655,0.27921072417415965,0.12,0.09337057638352453,-0.02417443877992048,-0.0461346633416459,-0.0461346633416459,0.0,0.9307024139138655,0.16046843981090053,0.15514693703483368,0.9839162729382938,0.2907380463093615,718|278|15|41|632|239|963|730,0.98391627|0.81027438|0.96860302|0.79990259|0.78871034|0.70643308|0.91613339|0.96806768,0|-5.6653664|-5.6677037|-5.6772785|-6.6651956|-6.7720472|-6.8207316|-6.8905222
0_0_0_10_14_8,-22.0,46,1,4,12,107,107,107,107,107,107,1,1,8,0.761611962584144,0.9307024139138655,0.27921072417415965,0.12,0.1105977455129658,-0.02417443877992048,-0.0461346633416459,-0.0461346633416459,0.0,0.9307024139138655,0.16046843981090053,0.15514693703483368,0.948470457873263,-0.16904196253830409,107|437|656|490|786|13|98|228,0.94847046|0.8258338|0.59426419|0.76820214|0.92334188|0.97714351|0.90588558|0.94761989,0|-4.9004072|-5.0744744|-5.12073|-5.1742368|-5.4083565|-5.8530379|-5.9771536
0_0_0_10_14_8,-22.0,46,1,5,13,467,467,467,467,467,467,1,1,8,0.761611962584144,0.9307024139138655,0.27921072417415965,0.12,0.12782491464240714,-0.02417443877992048,-0.0461346633416459,-0.0461346633416459,0.0,0.9307024139138655,0.16046843981090053,0.15514693703483368,0.9625679936110727,0.261735425387861,467|722|129|562|169|234|555|716,0.96256799|0.94945365|0.90487103|0.96663976|0.94307417|0.81977829|0.91196416|0.68785668,0|-4.1002845|-5.4501708|-5.4974379|-5.6380124|-6.2501957|-6.260227|-6.3167478
0_0_0_10_14_8,-22.0,46,1,6,14,89,89,89,89,89,89,1,1,8,0.761611962584144,0.9307024139138655,0.27921072417415965,0.12,0.14505208377184847,-0.02417443877992048,-0.0461346633416459,-0.0461346633416459,0.0,0.9307024139138655,0.16046843981090053,0.15514693703483368,0.8946939432213237,1.050869409646833,89|804|645|954|511|51|692|184,0.89469394|0.69132309|0.98211485|0.97074041|0.52109623|0.70165433|0.94837872|0.75410564,0|-7.4367554|-7.5085968|-7.9658162|-8.5248967|-8.5804827|-8.6615397|-8.8185683
0_0_0_10_14_8,-22.0,46,1,7,15,713,1004,713,713,713,713,1,1,8,0.761611962584144,0.9307024139138655,0.27921072417415965,0.12,0.1622792529012898,-0.02417443877992048,-0.0461346633416459,-0.0461346633416459,0.0,0.9307024139138655,0.16046843981090053,0.15514693703483368,0.8970257854829742,0.6001806458123631,713|151|111|350|1014|620|391|255,0.89702579|0.94688952|0.47133945|0.89184869|0.93867696|0.63536408|0.71526374|0.48013313,0|-4.6897174|-6.2988724|-7.1035716|-7.2305584|-7.4658438|-7.5383649|-7.6844822
0_0_0_10_14_8,-22.0,46,1,8,16,865,865,865,865,865,865,1,1,8,0.761611962584144,0.9307024139138655,0.27921072417415965,0.12,0.17950642203073108,-0.02417443877992048,-0.0461346633416459,-0.0461346633416459,0.0,0.9307024139138655,0.16046843981090053,0.15514693703483368,0.9917805403708997,-0.39990022206745485,865|895|698|542|105|248|1007|375,0.99178054|0.89733415|0.90796477|0.93779986|0.86165475|0.99602459|0.92106995|0.29958995,0|-5.1757088|-6.6462389|-6.7208082|-7.5959193|-7.9225112|-7.9804|-8.0123076
0_0_0_10_14_8,-22.0,46,1,9,17,405,630,405,405,405,405,1,1,8,0.761611962584144,0.9307024139138655,0.27921072417415965,0.12,0.19673359116017247,-0.02417443877992048,-0.0461346633416459,-0.0461346633416459,0.0,0.9307024139138655,0.16046843981090053,0.15514693703483368,0.6758451719567774,-2.0005919790362006,405|868|374|185|594|663|346|568,0.67584517|0.89454236|0.77743844|0.95384155|0.71114334|0.67189479|0.25142565|0.67406862,0|-5.201441|-5.5822066|-6.1346236|-6.4488413|-6.5162213|-6.9819931|-7.0781553
0_0_0_10_14_8,-22.0,46,1,10,18,765,66,765,765,765,765,1,1,8,0.761611962584144,0.9307024139138655,0.27921072417415965,0.12,0.2139607602896137,-0.02417443877992048,-0.0461346633416459,-0.0461346633416459,0.0,0.9307024139138655,0.16046843981090053,0.15514693703483368,0.8262597148853915,1.0329518683905519,765|45|840|143|1023|790|111|412,0.82625971|0.94686119|0.90480463|0.74930898|0.85203993|0.80452675|0.84907319|0.88305391,0|-1.4123603|-3.2267925|-3.2287368|-3.8450202|-4.3350237|-4.3441591|-4.3998845
0_0_0_10_14_8,-22.0,46,1,11,19,1023,1023,1023,1023,1023,1023,1,1,8,0.761611962584144,0.9307024139138655,0.27921072417415965,0.12,0.23118792941905503,-0.02417443877992048,-0.0461346633416459,-0.0461346633416459,0.0,0.9307024139138655,0.16046843981090053,0.15514693703483368,0.9958219242428633,-0.17953233309449124,1023|517|359|181|760|16|322|342,0.99582192|0.87734477|0.87011038|0.70706571|0.92330129|0.99258728|0.47181637|0.73920041,0|-4.3468206|-5.3314189|-5.6413555|-6.3529066|-6.6019941|-6.6071213|-6.9161135
0_0_0_10_14_8,-22.0,46,1,12,20,597,597,597,597,597,597,1,1,8,0.761611962584144,0.9307024139138655,0.27921072417415965,0.12,0.24841509854849636,-0.02417443877992048,-0.0461346633416459,-0.0461346633416459,0.0,0.9307024139138655,0.16046843981090053,0.15514693703483368,0.9180651856473969,-0.11253591526928643,597|88|536|508|605|777|827|535,0.91806519|0.96405125|0.88852615|0.97750427|0.59776344|0.77409324|0.45492248|0.43180375,0|-6.3191049|-6.8656833|-7.2793942|-7.3170606|-7.5341786|-7.5729456|-7.6124027
0_0_0_10_14_8,-22.0,46,1,13,21,562,358,562,562,562,562,1,1,8,0.761611962584144,0.9307024139138655,0.27921072417415965,0.12,0.2656422676779377,-0.02417443877992048,-0.0461346633416459,-0.0461346633416459,0.0,0.9307024139138655,0.16046843981090053,0.15514693703483368,0.8052543332962635,-0.2466118503842039,562|407|840|20|743|543|1004|768,0.80525433|0.948443|0.79961427|0.87943196|0.77724142|0.9689543|0.4698766|0.97065482,0|-6.3717526|-6.6685311|-7.6524703|-7.7598533|-7.8559667|-8.1811925|-8.2174414
0_0_0_10_14_8,-22.0,46,1,14,22,478,478,478,478,478,478,1,1,8,0.761611962584144,0.9307024139138655,0.27921072417415965,0.12,0.282869436807379,-0.02417443877992048,-0.0461346633416459,-0.0461346633416459,0.0,0.9307024139138655,0.16046843981090053,0.15514693703483368,0.9273942652543372,0.437120635855155,478|617|201|707|947|607|52|380,0.92739427|0.98643292|0.8769087|0.42987368|0.96046827|0.86044528|0.94170562|0.64905282,0|-3.9200461|-4.96997|-5.4220524|-5.4700546|-5.5339162|-5.7318117|-5.9502602
0_0_0_10_14_8,-22.0,46,1,15,23,267,267,267,267,267,267,1,1,8,0.761611962584144,0.9307024139138655,0.27921072417415965,0.12,0.30009660593682036,-0.02417443877992048,-0.0461346633416459,-0.0461346633416459,0.0,0.9307024139138655,0.16046843981090053,0.15514693703483368,0.9892221107618258,-0.3431045941933989,267|602|872|379|941|963|934|614,0.98922211|0.87971732|0.76298388|0.70788146|0.98989783|0.94415016|0.94311248|0.97260661,0|-5.4530939|-6.2358269|-6.2444991|-6.377731|-6.4192285|-6.4221451|-6.4795326
0_0_0_10_14_8,-22.0,46,1,16,24,917,917,917,917,917,917,1,1,8,0.761611962584144,0.9307024139138655,0.27921072417415965,0.12,0.3173237750662617,-0.02417443877992048,-0.0461346633416459,-0.0461346633416459,0.0,0.9307024139138655,0.16046843981090053,0.15514693703483368,0.9773403178952426,-2.2808938460113706,917|536|829|368|240|820|611|59,0.97734032|0.66082458|0.8320375|0.88644805|0.73923307|0.69839373|0.89054111|0.50496672,0|-7.5557968|-8.2667251|-8.6554457|-8.8910372|-9.088383|-9.241877|-9.283375
0_0_0_10_14_8,-22.0,46,1,17,25,656,656,656,656,656,656,1,1,8,0.761611962584144,0.9307024139138655,0.27921072417415965,0.12,0.334550944195703,-0.02417443877992048,-0.0461346633416459,-0.0461346633416459,0.0,0.9307024139138655,0.16046843981090053,0.15514693703483368,0.8623346993731243,0.8646017799696049,656|938|219|590|740|440|499|619,0.8623347|0.94238981|0.89416045|0.75771966|0.73397908|0.94812987|0.83379882|0.9059874,0|-8.134356|-8.1703573|-8.4199929|-8.7685943|-8.9410408|-9.0096068|-9.147227
0_0_0_10_14_8,-22.0,46,1,18,26,889,889,889,889,889,889,1,1,8,0.761611962584144,0.9307024139138655,0.27921072417415965,0.12,0.35177811332514425,-0.02417443877992048,-0.0461346633416459,-0.0461346633416459,0.0,0.9307024139138655,0.16046843981090053,0.15514693703483368,0.9494390287060481,-0.1962018619025942,889|640|188|139|172|794|325|82,0.94943903|0.95935647|0.88329879|0.93889211|0.83124683|0.97093479|0.95823851|0.89485767,0|-6.7016507|-6.8467149|-7.5530269|-7.6829467|-8.007697|-8.1781181|-8.2485669
0_0_0_10_14_8,-22.0,46,1,19,27,510,302,510,510,510,510,1,1,8,0.761611962584144,0.9307024139138655,0.27921072417415965,0.12,0.3690052824545856,-0.02417443877992048,-0.0461346633416459,-0.0461346633416459,0.0,0.9307024139138655,0.16046843981090053,0.15514693703483368,0.8972192990176288,0.2488898624885979,510|70|307|959|408|360|862|484,0.8972193|0.82476557|0.7380687|0.93859076|0.7233985|0.94592438|0.88333323|0.7860232,0|-3.7412895|-3.9002718|-4.3635855|-4.5984962|-4.7338182|-4.8076528|-4.8265886
0_0_0_10_14_8,-22.0,46,1,20,28,860,82,860,860,860,860,1,1,8,0.761611962584144,0.9307024139138655,0.27921072417415965,0.12,0.3862324515840269,-0.02417443877992048,-0.0461346633416459,-0.0461346633416459,0.0,0.9307024139138655,0.16046843981090053,0.15514693703483368,0.798134418037461,-2.6627959373089145,860|978|550|318|82|60|744|3,0.79813442|0.73546731|0.3501204|0.8643899|0.6770019|0.89085632|0.87595856|0.84284886,0|-6.2278185|-6.3968546|-6.8349987|-6.8376191|-7.1467211|-7.3669548|-7.3906739
0_0_0_10_14_8,-22.0,46,1,21,29,553,553,553,553,553,553,1,1,8,0.761611962584144,0.9307024139138655,0.27921072417415965,0.12,0.40345962071346825,-0.02417443877992048,-0.0461346633416459,-0.0461346633416459,0.0,0.9307024139138655,0.16046843981090053,0.15514693703483368,0.9928623603957746,0.12468168463490226,553|33|419|453|25|485|155|411,0.99286236|0.87904655|0.48458555|0.88596215|0.9985382|0.87142118|0.98903162|0.56063891,0|-6.3608889|-6.6004521|-7.2409854|-7.3714817|-7.4235873|-7.5522708|-7.762394
0_0_0_10_14_8,-22.0,46,1,22,30,629,186,629,629,629,629,1,1,8,0.761611962584144,0.9307024139138655,0.27921072417415965,0.12,0.4206867898429096,-0.02417443877992048,-0.0461346633416459,-0.0461346633416459,0.0,0.9307024139138655,0.16046843981090053,0.15514693703483368,0.8811878220374123,0.06842784670466182,629|30|228|42|1009|925|580|930,0.88118782|0.86438011|0.99357264|0.81022178|0.81151814|0.92313985|0.60427806|0.38224509,0|-5.1612535|-5.2989727|-5.3208317|-5.7883136|-6.1484521|-6.4633369|-6.5315625
0_0_0_10_14_8,-22.0,46,1,23,31,759,759,759,759,759,759,1,1,8,0.761611962584144,0.9307024139138655,0.27921072417415965,0.12,0.4379139589723509,-0.02417443877992048,-0.0461346633416459,-0.0461346633416459,0.0,0.9307024139138655,0.16046843981090053,0.15514693703483368,0.9822004241960047,0.35471943834788033,759|131|1011|992|826|316|72|800,0.98220042|0.98438448|0.98089585|0.86421381|0.81341576|0.99351151|0.86732694|0.71914587,0|-6.8541783|-8.2102306|-8.2915203|-8.4064434|-8.6697269|-8.8276129|-9.2303879
0_0_0_10_14_8,-22.0,46,1,24,32,874,485,874,874,874,874,1,1,8,0.761611962584144,0.9307024139138655,0.27921072417415965,0.12,0.45514112810179225,-0.02417443877992048,-0.0461346633416459,-0.0461346633416459,0.0,0.9307024139138655,0.16046843981090053,0.15514693703483368,0.9939889262790378,-0.04517203129670461,874|196|582|414|739|475|485|965,0.99398893|0.98328151|0.91858646|0.77241957|0.87661604|0.71298486|0.7159837|0.69459632,0|-4.0204999|-4.6462981|-5.0173357|-5.0825006|-5.1685523|-5.8546791|-5.9629462
0_0_0_10_14_8,-22.0,46,1,25,33,720,45,720,720,720,720,1,1,8,0.761611962584144,0.9307024139138655,0.27921072417415965,0.12,0.4723682972312336,-0.02417443877992048,-0.0461346633416459,-0.0461346633416459,0.0,0.9307024139138655,0.16046843981090053,0.15514693703483368,0.9880523047891016,-0.08225559226303203,720|837|189|280|249|207|687|10,0.9880523|0.93932258|0.83058832|0.64052316|0.68156517|0.91312415|0.9651118|0.85977402,0|-5.738076|-5.7937055|-5.8203689|-6.384275|-6.3928431|-6.642963|-6.7287262
0_0_0_10_14_8,-22.0,46,1,26,34,314,629,314,314,314,314,1,1,8,0.761611962584144,0.9307024139138655,0.27921072417415965,0.12,0.4895954663606748,-0.02417443877992048,-0.0461346633416459,-0.0461346633416459,0.0,0.9307024139138655,0.16046843981090053,0.15514693703483368,0.7880714821516247,1.3706906256179596,314|906|338|67|679|528|33|499,0.78807148|0.93837188|0.97005638|0.94890624|0.93833699|0.89384022|0.67633342|0.87444079,0|-4.8834732|-5.1632196|-5.3796728|-5.7697787|-5.8070128|-6.0364973|-6.1319206
0_0_0_10_14_8,-22.0,46,1,27,35,602,602,602,602,602,602,1,1,8,0.761611962584144,0.9307024139138655,0.27921072417415965,0.12,0.5068226354901162,-0.02417443877992048,-0.0461346633416459,-0.0461346633416459,0.0,0.9307024139138655,0.16046843981090053,0.15514693703483368,0.9294631582096132,0.5803900897973036,602|289|902|368|540|464|452|559,0.92946316|0.5475043|0.98714285|0.99691409|0.86274986|0.96270337|0.93576288|0.75481914,0|-4.3980273|-5.5161516|-5.6193364|-5.6405019|-5.8253544|-5.987915|-6.019985
0_0_0_10_14_8,-22.0,46,1,28,36,7,7,7,7,7,7,1,1,8,0.761611962584144,0.9307024139138655,0.27921072417415965,0.12,0.5240498046195574,-0.02417443877992048,-0.0461346633416459,-0.0461346633416459,0.0,0.9307024139138655,0.16046843981090053,0.15514693703483368,0.9792223896684893,0.05708131359853447,7|72|557|516|486|1015|705|13,0.97922239|0.81696583|0.95029165|0.63868987|0.78327752|0.92703439|0.39254286|0.75260458,0|-6.1421775|-6.2460054|-6.4455688|-7.4886283|-7.5193289|-7.5488172|-7.6642046
0_0_0_10_14_8,-22.0,46,1,29,37,610,692,610,610,610,610,1,1,8,0.761611962584144,0.9307024139138655,0.27921072417415965,0.12,0.5412769737489989,-0.02417443877992048,-0.0461346633416459,-0.0461346633416459,0.0,0.9307024139138655,0.16046843981090053,0.15514693703483368,0.7151468305385411,1.1868290778636807,610|1|870|179|892|762|638|4,0.71514683|0.99687854|0.50356009|0.9424776|0.94719611|0.93502088|0.99761796|0.79832578,0|-6.2331741|-6.8112055|-6.8813561|-7.1847096|-7.2739216|-7.2793877|-7.4141903
0_0_0_10_14_8,-22.0,46,1,30,38,842,842,842,842,842,842,1,1,8,0.761611962584144,0.9307024139138655,0.27921072417415965,0.12,0.5585041428784401,-0.02417443877992048,-0.0461346633416459,-0.0461346633416459,0.0,0.9307024139138655,0.16046843981090053,0.15514693703483368,0.8826371280669223,1.5140843589919508,842|703|675|181|483|565|905|865,0.88263713|0.93005411|0.86055285|0.64701724|0.97562394|0.93995766|0.94874141|0.48609559,0|-6.0418868|-6.2515331|-6.6152343|-6.7504669|-6.7705622|-6.8881985|-6.9933632
0_0_0_10_14_8,-22.0,46,1,31,39,928,928,928,928,928,928,1,1,8,0.761611962584144,0.9307024139138655,0.27921072417415965,0.12,0.5757313120078815,-0.02417443877992048,-0.0461346633416459,-0.0461346633416459,0.0,0.9307024139138655,0.16046843981090053,0.15514693703483368,0.951612273418493,1.465079855570215,928|272|206|504|768|641|516|777,0.95161227|0.88070537|0.82797996|0.88925664|0.70243786|0.15551553|0.96594546|0.76030685,0|-7.2752619|-7.5111319|-7.6738478|-7.8202431|-8.2476242|-8.2657838|-8.5759914
0_0_0_10_14_8,-22.0,46,1,32,40,744,744,744,744,744,744,1,1,8,0.761611962584144,0.9307024139138655,0.27921072417415965,0.12,0.5929584811373227,-0.02417443877992048,-0.0461346633416459,-0.0461346633416459,0.0,0.9307024139138655,0.16046843981090053,0.15514693703483368,0.9871468594734277,-0.16415464522158013,744|761|876|745|946|607|787|276,0.98714686|0.93826958|0.9912649|0.6009767|0.96722808|0.14393287|0.99410363|0.89046935,0|-6.4002375|-7.2700067|-7.4677763|-7.5605686|-7.7085539|-7.8466882|-7.9370515
0_0_0_10_14_8,-22.0,46,1,33,41,586,918,586,586,586,586,1,1,8,0.761611962584144,0.9307024139138655,0.27921072417415965,0.12,0.6101856502667642,-0.02417443877992048,-0.0461346633416459,-0.0461346633416459,0.0,0.9307024139138655,0.16046843981090053,0.15514693703483368,0.7055563119448465,-1.245180387376981,586|583|945|249|748|461|225|297,0.70555631|0.58128546|0.95305871|0.6983481|0.83753909|0.87888895|0.89346636|0.72081032,0|-3.8337701|-4.0962289|-4.3049582|-4.4373761|-4.5490367|-4.5508764|-4.6060452
0_0_0_10_14_8,-22.0,46,1,34,42,91,91,91,91,91,91,1,1,8,0.761611962584144,0.9307024139138655,0.27921072417415965,0.12,0.6274128193962054,-0.02417443877992048,-0.0461346633416459,-0.0461346633416459,0.0,0.9307024139138655,0.16046843981090053,0.15514693703483368,0.8869054607441997,-2.3806930377205933,91|716|617|108|696|320|10|93,0.88690546|0.94608278|0.8633479|0.94256788|0.75108015|0.46290488|0.76554263|0.84816806,0|-7.5995639|-8.0582435|-8.1374519|-8.2973689|-8.5178535|-8.8638921|-9.1050738
0_0_0_10_14_8,-22.0,46,2,0,8,803,803,803,803,803,803,1,1,8,0.6273020772754938,0.9304597146493874,0.2791379143948162,0.12,-0.13034564432510537,0.0636928610760955,-0.028678304239401486,-0.028678304239401486,0.0,0.9304597146493874,0.15770125628705556,0.13952361626522403,0.9908873690264761,0.36980974238458375,803|700|54|85|639|330|964|996,0.99088737|0.60503753|0.9666353|0.79801267|0.33784037|0.78736349|0.91730433|0.56618957,0|-2.6568879|-4.7409162|-4.7708311|-5.2138401|-5.597655|-6.1017641|-6.2456279
0_0_0_10_14_8,-22.0,46,2,1,9,711,737,711,711,711,711,1,1,8,0.6273020772754938,0.9304597146493874,0.2791379143948162,0.12,-0.11310070233982783,0.0636928610760955,-0.028678304239401486,-0.028678304239401486,0.0,0.9304597146493874,0.15770125628705556,0.13952361626522403,0.8699556415014316,-1.1306836176296973,711|717|719|330|770|731|605|287,0.86995564|0.97036317|0.64601188|0.81242813|0.79814682|0.94195749|0.71971871|0.8141896,0|-0.94371042|-1.3649762|-1.461788|-1.7056867|-1.8865102|-2.2078865|-2.2115802
0_0_0_10_14_8,-22.0,46,2,2,10,871,871,871,871,871,871,1,1,8,0.6273020772754938,0.9304597146493874,0.2791379143948162,0.12,-0.09585576035455029,0.0636928610760955,-0.028678304239401486,-0.028678304239401486,0.0,0.9304597146493874,0.15770125628705556,0.13952361626522403,0.7193478753907451,1.5107239902918101,871|73|923|209|596|111|208|94,0.71934788|0.9361112|0.88484024|0.92165439|0.96071536|0.97852168|0.95796692|0.80633981,0|-3.96188|-4.2854151|-4.7598852|-5.0372597|-5.2606306|-5.4494048|-5.4845149
0_0_0_10_14_8,-22.0,46,2,3,11,718,599,718,718,718,718,1,1,8,0.6273020772754938,0.9304597146493874,0.2791379143948162,0.12,-0.07861081836927275,0.0636928610760955,-0.028678304239401486,-0.028678304239401486,0.0,0.9304597146493874,0.15770125628705556,0.13952361626522403,0.9504311886285639,0.6452696624824454,718|347|820|871|214|649|61|39,0.95043119|0.95164583|0.84641271|0.95947895|0.96215484|0.48932564|0.83407378|0.9802249,0|-6.9755983|-6.9967087|-7.1741729|-7.4526298|-7.5415204|-7.7092861|-7.8829936
0_0_0_10_14_8,-22.0,46,2,4,12,86,271,86,86,86,86,1,1,8,0.6273020772754938,0.9304597146493874,0.2791379143948162,0.12,-0.06136587638399521,0.0636928610760955,-0.028678304239401486,-0.028678304239401486,0.0,0.9304597146493874,0.15770125628705556,0.13952361626522403,0.9821767137899537,1.4941335645010092,86|474|426|638|666|763|521|597,0.98217671|0.89444624|0.45737108|0.77308127|0.81130915|0.79159925|0.96761575|0.47178858,0|-4.6349222|-4.692795|-4.8663063|-4.9603985|-5.5625669|-6.1128905|-6.1759838
0_0_0_10_14_8,-22.0,46,2,5,13,467,588,467,467,467,467,1,1,8,0.6273020772754938,0.9304597146493874,0.2791379143948162,0.12,-0.04412093439871767,0.0636928610760955,-0.028678304239401486,-0.028678304239401486,0.0,0.9304597146493874,0.15770125628705556,0.13952361626522403,0.8536019156305072,-0.7269034693927219,467|724|685|762|303|177|761|792,0.85360192|0.91787471|0.91779663|0.87208265|0.69370844|0.86734715|0.63372414|0.55502458,0|-4.4715451|-5.479215|-5.4908937|-5.5334812|-5.76328|-5.8342599|-6.1475337
0_0_0_10_14_8,-22.0,46,2,6,14,89,89,89,89,89,89,1,1,8,0.6273020772754938,0.9304597146493874,0.2791379143948162,0.12,-0.026875992413440186,0.0636928610760955,-0.028678304239401486,-0.028678304239401486,0.0,0.9304597146493874,0.15770125628705556,0.13952361626522403,0.9817090317040665,0.16259639146291108,89|819|885|716|106|706|997|406,0.98170903|0.90570144|0.81610325|0.83681363|0.89516527|0.84565934|0.92838988|0.68981997,0|-4.0409759|-4.7535146|-5.7620255|-5.7794492|-6.3391772|-6.386857|-6.8088073
0_0_0_10_14_8,-22.0,46,2,7,15,713,667,713,713,713,713,1,1,8,0.6273020772754938,0.9304597146493874,0.2791379143948162,0.12,-0.009631050428162646,0.0636928610760955,-0.028678304239401486,-0.028678304239401486,0.0,0.9304597146493874,0.15770125628705556,0.13952361626522403,0.8644677625037401,-1.189948076942378,713|356|840|1022|138|498|234|839,0.86446776|0.72145746|0.82012641|0.90463891|0.94788289|0.68749085|0.99501173|0.2297786,0|-5.0257065|-5.9190066|-6.0993991|-6.3752372|-6.5151491|-6.6260502|-6.7553131
0_0_0_10_14_8,-22.0,46,2,8,16,865,194,865,865,865,865,1,1,8,0.6273020772754938,0.9304597146493874,0.2791379143948162,0.12,0.0076138915571148935,0.0636928610760955,-0.028678304239401486,-0.028678304239401486,0.0,0.9304597146493874,0.15770125628705556,0.13952361626522403,0.9573559553211857,-0.9648486550013411,865|47|706|59|540|841|147|303,0.95735596|0.82899321|0.85888057|0.93365575|0.87124598|0.778439|0.73139012|0.97479051,0|-5.4318753|-5.6295834|-6.0330297|-6.4977086|-6.5790541|-6.7329973|-7.1639813
0_0_0_10_14_8,-22.0,46,2,9,17,405,405,405,405,405,405,1,1,8,0.6273020772754938,0.9304597146493874,0.2791379143948162,0.12,0.02485883354239249,0.0636928610760955,-0.028678304239401486,-0.028678304239401486,0.0,0.9304597146493874,0.15770125628705556,0.13952361626522403,0.9996872065297964,-0.035648597459311065,405|746|385|545|1007|229|416|224,0.99968721|0.95749891|0.99509422|0.9070702|0.94987118|0.6673827|0.50873082|0.98013506,0|-6.4076562|-7.4340938|-7.7298946|-7.8103659|-8.0812444|-8.3332478|-8.5102109
0_0_0_10_14_8,-22.0,46,2,10,18,765,345,765,765,765,765,1,1,8,0.6273020772754938,0.9304597146493874,0.2791379143948162,0.12,0.04210377552766997,0.0636928610760955,-0.028678304239401486,-0.028678304239401486,0.0,0.9304597146493874,0.15770125628705556,0.13952361626522403,0.9591873736817237,-0.6541392728643813,765|579|380|736|31|110|155|660,0.95918737|0.97734259|0.49169383|0.41038408|0.74349604|0.88075688|0.89049883|0.59326391,0|-5.6269079|-6.0529202|-6.1483447|-6.3608201|-6.393543|-6.5250726|-6.5694848
0_0_0_10_14_8,-22.0,46,2,11,19,1023,845,1023,1023,1023,1023,1,1,8,0.6273020772754938,0.9304597146493874,0.2791379143948162,0.12,0.05934871751294746,0.0636928610760955,-0.028678304239401486,-0.028678304239401486,0.0,0.9304597146493874,0.15770125628705556,0.13952361626522403,0.9866249146746299,1.982122480296045,1023|366|0|29|800|425|994|39,0.98662491|0.96843877|0.94297743|0.98619858|0.83294745|0.76549704|0.99531444|0.97266382,0|-5.5911544|-6.1282558|-6.707992|-6.7789661|-6.9167939|-6.9174024|-6.9822554
0_0_0_10_14_8,-22.0,46,2,12,20,597,597,597,597,597,597,1,1,8,0.6273020772754938,0.9304597146493874,0.2791379143948162,0.12,0.07659365949822505,0.0636928610760955,-0.028678304239401486,-0.028678304239401486,0.0,0.9304597146493874,0.15770125628705556,0.13952361626522403,0.9143131323760099,-0.001230527127564357,597|528|136|69|7|501|111|937,0.91431313|0.90678378|0.467864|0.92600311|0.83930796|0.91219638|0.71359686|0.72844785,0|-4.706673|-4.9018953|-5.1010056|-6.747688|-7.2563241|-7.2644365|-7.29874
0_0_0_10_14_8,-22.0,46,2,13,21,562,562,562,562,562,562,1,1,8,0.6273020772754938,0.9304597146493874,0.2791379143948162,0.12,0.09383860148350254,0.0636928610760955,-0.028678304239401486,-0.028678304239401486,0.0,0.9304597146493874,0.15770125628705556,0.13952361626522403,0.9268629724839108,-0.29008214986404024,562|702|246|130|769|60|28|628,0.92686297|0.94053947|0.70987649|0.93406519|0.98396693|0.77741301|0.9136842|0.98655178,0|-6.9587045|-7.0060389|-7.2431127|-7.7475496|-7.8818068|-7.9251918|-8.2458646
0_0_0_10_14_8,-22.0,46,2,14,22,478,478,478,478,478,478,1,1,8,0.6273020772754938,0.9304597146493874,0.2791379143948162,0.12,0.11108354346878013,0.0636928610760955,-0.028678304239401486,-0.028678304239401486,0.0,0.9304597146493874,0.15770125628705556,0.13952361626522403,0.6358876649619031,0.7460513199678608,478|890|71|268|991|915|416|270,0.63588766|0.96809944|0.95702124|0.71775038|0.96616578|0.94897663|0.78544425|0.79093532,0|-3.8584789|-4.9088567|-4.9291499|-5.2478492|-5.7119582|-5.795119|-5.9464557
0_0_0_10_14_8,-22.0,46,2,15,23,267,267,267,267,267,267,1,1,8,0.6273020772754938,0.9304597146493874,0.2791379143948162,0.12,0.12832848545405762,0.0636928610760955,-0.028678304239401486,-0.028678304239401486,0.0,0.9304597146493874,0.15770125628705556,0.13952361626522403,0.9344665731044887,-0.25103576556076784,267|656|940|1010|418|649|852|315,0.93446657|0.83150371|0.68910496|0.96696551|0.55688134|0.60413615|0.70114862|0.93027324,0|-3.6589916|-4.2442082|-4.2476777|-4.5110172|-4.821664|-5.1903439|-5.3237358
0_0_0_10_14_8,-22.0,46,2,16,24,917,985,917,917,917,917,1,1,8,0.6273020772754938,0.9304597146493874,0.2791379143948162,0.12,0.1455734274393352,0.0636928610760955,-0.028678304239401486,-0.028678304239401486,0.0,0.9304597146493874,0.15770125628705556,0.13952361626522403,0.9208232759912264,-3.1070481887195185,917|952|930|815|824|880|915|941,0.92082328|0.87692485|0.6740395|0.83234096|0.8334161|0.62785895|0.68202069|0.79679026,0|-4.782128|-5.711821|-5.8699677|-5.9820497|-6.1875779|-6.2232286|-6.271377
0_0_0_10_14_8,-22.0,46,2,17,25,656,782,656,656,656,656,1,1,8,0.6273020772754938,0.9304597146493874,0.2791379143948162,0.12,0.1628183694246127,0.0636928610760955,-0.028678304239401486,-0.028678304239401486,0.0,0.9304597146493874,0.15770125628705556,0.13952361626522403,0.9191784963617015,-0.09138385770633312,656|926|809|203|467|82|654|361,0.9191785|0.89621297|0.77307224|0.51848221|0.1399176|0.9700367|0.98444181|0.814432,0|-4.3101213|-4.9958121|-5.367693|-5.4392014|-5.4639045|-5.6163974|-5.6755351
0_0_0_10_14_8,-22.0,46,2,18,26,889,889,889,889,889,889,1,1,8,0.6273020772754938,0.9304597146493874,0.2791379143948162,0.12,0.18006331140989018,0.0636928610760955,-0.028678304239401486,-0.028678304239401486,0.0,0.9304597146493874,0.15770125628705556,0.13952361626522403,0.976546972415132,0.9133226017289906,889|699|712|859|719|792|261|655,0.97654697|0.86259801|0.85521387|0.63441859|0.59553449|0.95958766|0.93408602|0.95604426,0|-2.4304194|-3.074772|-3.203194|-3.2089183|-3.3451716|-3.3852829|-3.6097886
0_0_0_10_14_8,-22.0,46,2,19,27,510,510,510,510,510,510,1,1,8,0.6273020772754938,0.9304597146493874,0.2791379143948162,0.12,0.19730825339516778,0.0636928610760955,-0.028678304239401486,-0.028678304239401486,0.0,0.9304597146493874,0.15770125628705556,0.13952361626522403,0.9782751405444761,-0.30031658091506686,510|156|370|646|472|576|557|500,0.97827514|0.92527027|0.84875297|0.9474436|0.77878535|0.54754744|0.9984949|0.90271452,0|-4.8507921|-5.2611426|-5.3937025|-5.5878622|-5.8420648|-5.899538|-6.0233001
0_0_0_10_14_8,-22.0,46,2,20,28,860,516,860,860,860,860,1,1,8,0.6273020772754938,0.9304597146493874,0.2791379143948162,0.12,0.21455319538044526,0.0636928610760955,-0.028678304239401486,-0.028678304239401486,0.0,0.9304597146493874,0.15770125628705556,0.13952361626522403,0.9055136766651787,1.9696454814312423,860|475|623|998|833|1020|383|778,0.90551368|0.56313906|0.89716329|0.95822479|0.9493212|0.94716085|0.87835582|0.87218191,0|-6.9323593|-8.0545656|-8.5630703|-8.6469919|-8.7218574|-8.7592419|-8.7734866
0_0_0_10_14_8,-22.0,46,2,21,29,553,565,553,553,553,553,1,1,8,0.6273020772754938,0.9304597146493874,0.2791379143948162,0.12,0.23179813736572286,0.0636928610760955,-0.028678304239401486,-0.028678304239401486,0.0,0.9304597146493874,0.15770125628705556,0.13952361626522403,0.9835163943817068,-0.013124779879849474,553|482|901|1002|41|82|718|32,0.98351639|0.91851132|0.63267704|0.97181427|0.96202096|0.96681292|0.85854741|0.75936858,0|-4.0709036|-4.9381591|-4.9854793|-5.2277601|-5.342937|-5.8114301|-5.9398284
0_0_0_10_14_8,-22.0,46,2,22,30,629,148,629,629,629,629,1,1,8,0.6273020772754938,0.9304597146493874,0.2791379143948162,0.12,0.24904307935100034,0.0636928610760955,-0.028678304239401486,-0.028678304239401486,0.0,0.9304597146493874,0.15770125628705556,0.13952361626522403,0.8749080707995662,-0.49937549451815316,629|889|210|562|698|646|586|148,0.87490807|0.96941184|0.64058442|0.77416293|0.71920617|0.41386185|0.96787637|0.72301888,0|-0.28222433|-0.50862325|-0.69295071|-1.0188932|-1.3180801|-1.3882971|-1.7650056
0_0_0_10_14_8,-22.0,46,2,23,31,759,830,759,759,759,759,1,1,8,0.6273020772754938,0.9304597146493874,0.2791379143948162,0.12,0.26628802133627794,0.0636928610760955,-0.028678304239401486,-0.028678304239401486,0.0,0.9304597146493874,0.15770125628705556,0.13952361626522403,0.7878391401184132,-2.1388654022879434,759|62|910|544|393|128|136|239,0.78783914|0.83924765|0.93763545|0.84236831|0.50551489|0.75673375|0.98848217|0.78342416,0|-4.8276968|-5.2538593|-5.3637367|-5.5025897|-5.6994678|-6.0465128|-6.1057539
0_0_0_10_14_8,-22.0,46,2,24,32,874,874,874,874,874,874,1,1,8,0.6273020772754938,0.9304597146493874,0.2791379143948162,0.12,0.2835329633215554,0.0636928610760955,-0.028678304239401486,-0.028678304239401486,0.0,0.9304597146493874,0.15770125628705556,0.13952361626522403,0.9574847607895254,1.4950812786071863,874|709|654|954|234|53|179|27,0.95748476|0.62459252|0.99680053|0.92254922|0.99104459|0.85493808|0.5950552|0.66498311,0|-6.8532701|-7.3638919|-7.7528954|-7.8997371|-8.1144017|-8.1931324|-8.3024911
0_0_0_10_14_8,-22.0,46,2,25,33,720,720,720,720,720,720,1,1,8,0.6273020772754938,0.9304597146493874,0.2791379143948162,0.12,0.300777905306833,0.0636928610760955,-0.028678304239401486,-0.028678304239401486,0.0,0.9304597146493874,0.15770125628705556,0.13952361626522403,0.7080151847876075,-1.2618570986820916,720|719|351|286|43|442|372|670,0.70801518|0.5172216|0.62246657|0.95772619|0.96623839|0.61310564|0.87501558|0.75462599,0|-3.3508437|-3.4457981|-3.9004185|-3.976125|-4.7940588|-5.0195559|-5.0256078
0_0_0_10_14_8,-22.0,46,2,26,34,314,314,314,314,314,314,1,1,8,0.6273020772754938,0.9304597146493874,0.2791379143948162,0.12,0.3180228472921105,0.0636928610760955,-0.028678304239401486,-0.028678304239401486,0.0,0.9304597146493874,0.15770125628705556,0.13952361626522403,0.9870627404901999,0.0687939846900147,314|757|86|148|435|982|721|509,0.98706274|0.33547891|0.82033687|0.93077256|0.59368685|0.4784055|0.84116274|0.62601433,0|-6.0906306|-6.1334702|-6.4654513|-6.5624793|-7.2497604|-7.4919645|-7.5501553
0_0_0_10_14_8,-22.0,46,2,27,35,602,525,602,602,602,602,1,1,8,0.6273020772754938,0.9304597146493874,0.2791379143948162,0.12,0.335267789277388,0.0636928610760955,-0.028678304239401486,-0.028678304239401486,0.0,0.9304597146493874,0.15770125628705556,0.13952361626522403,0.8528724984905691,0.7872212369434123,602|621|642|525|73|291|66|40,0.8528725|0.55235691|0.82596381|0.6917298|0.9261441|0.64263995|0.93383349|0.75116096,0|-4.4491871|-5.3909865|-5.4361055|-6.0993811|-6.1845992|-6.2866246|-6.3204597
0_0_0_10_14_8,-22.0,46,2,28,36,7,407,7,7,7,7,1,1,8,0.6273020772754938,0.9304597146493874,0.2791379143948162,0.12,0.3525127312626656,0.0636928610760955,-0.028678304239401486,-0.028678304239401486,0.0,0.9304597146493874,0.15770125628705556,0.13952361626522403,0.980540363645756,0.28137772137313943,7|866|757|398|74|611|342|353,0.98054036|0.82879796|0.92112553|0.95690524|0.54871846|0.64241397|0.58888814|0.6019726,0|-4.0222679|-4.557653|-4.8635108|-5.1678817|-5.2092393|-5.2395323|-5.4681631
0_0_0_10_14_8,-22.0,46,2,29,37,610,386,610,610,610,610,1,1,8,0.6273020772754938,0.9304597146493874,0.2791379143948162,0.12,0.36975767324794306,0.0636928610760955,-0.028678304239401486,-0.028678304239401486,0.0,0.9304597146493874,0.15770125628705556,0.13952361626522403,0.9557637171107377,-0.03850462376868169,610|293|548|17|925|866|18|337,0.95576372|0.80851886|0.37555381|0.75238576|0.82442726|0.84844274|0.9532213|0.78159477,0|-6.1702862|-8.1138332|-8.2111068|-8.3115567|-8.502349|-8.5274173|-8.7937286
0_0_0_10_14_8,-22.0,46,2,30,38,874,499,874,874,874,874,1,1,8,0.6273020772754938,0.9304597146493874,0.2791379143948162,0.12,0.38700261523322066,0.0636928610760955,-0.028678304239401486,-0.028678304239401486,0.0,0.9304597146493874,0.15770125628705556,0.13952361626522403,0.9480830082053839,-2.790993167641906,874|74|134|592|419|932|328|596,0.94808301|0.9826953|0.93633803|0.70805041|0.91229881|0.68349796|0.73364024|0.98850711,0|-4.2117692|-4.2297902|-5.0184974|-5.2797412|-5.8350092|-5.8671706|-6.0385003
0_0_0_10_14_8,-22.0,46,2,31,39,913,913,913,913,913,913,1,1,8,0.6273020772754938,0.9304597146493874,0.2791379143948162,0.12,0.40424755721849814,0.0636928610760955,-0.028678304239401486,-0.028678304239401486,0.0,0.9304597146493874,0.15770125628705556,0.13952361626522403,0.9935470850815669,-0.7144268600758351,913|488|56|154|244|236|83|53,0.99354709|0.52257061|0.81105237|0.75028923|0.94332916|0.89793477|0.54494297|0.86850925,0|-4.4894954|-5.5861698|-5.8728778|-6.1424153|-6.4283866|-6.6540112|-6.7035198
0_0_0_10_14_8,-22.0,46,2,32,40,757,757,757,757,757,757,1,1,8,0.6273020772754938,0.9304597146493874,0.2791379143948162,0.12,0.42149249920377574,0.0636928610760955,-0.028678304239401486,-0.028678304239401486,0.0,0.9304597146493874,0.15770125628705556,0.13952361626522403,0.9179836111937669,-1.0440412094070455,757|424|913|446|876|811|925|81,0.91798361|0.89268514|0.76174446|0.99195511|0.94727755|0.99365098|0.86301874|0.96898996,0|-7.9605189|-8.1513065|-8.2303541|-8.777953|-8.9122121|-9.0242419|-9.0243755
0_0_0_10_14_8,-22.0,46,2,33,41,587,312,587,587,587,587,1,1,8,0.6273020772754938,0.9304597146493874,0.2791379143948162,0.12,0.4387374411890532,0.0636928610760955,-0.028678304239401486,-0.028678304239401486,0.0,0.9304597146493874,0.15770125628705556,0.13952361626522403,0.9856046158311332,0.07304898988905678,587|1003|303|465|466|554|581|669,0.98560462|0.84293527|0.66465266|0.72030668|0.8749182|0.81038028|0.88336077|0.80860474,0|-4.7599526|-4.8554678|-5.0977067|-5.1680753|-5.4558558|-5.7626128|-5.9955675
0_0_0_10_14_8,-22.0,46,2,34,42,932,35,932,932,932,932,1,1,8,0.6273020772754938,0.9304597146493874,0.2791379143948162,0.12,0.4559823831743307,0.0636928610760955,-0.028678304239401486,-0.028678304239401486,0.0,0.9304597146493874,0.15770125628705556,0.13952361626522403,0.9875903798775497,0.5489380391019414,932|786|902|284|83|1019|72|71,0.98759038|0.93257024|0.68058238|0.58747351|0.88702955|0.67739672|0.97719182|0.77207453,0|-3.4247456|-4.0459199|-4.2283248|-4.3094492|-4.3791005|-4.8847682|-5.1943593
0_0_0_10_14_8,-23.0,46,0,0,8,803,623,803,803,803,803,1,1,8,0.7078717616747787,0.9609391349214376,0.28828174047643124,0.12,-0.7976578985295286,0.07390821271621478,-0.11097256857855364,-0.11097256857855364,0.0,0.9609391349214376,0.12358851719122166,0.23082403866688722,0.828395887600142,0.7806739872786695,803|649|305|620|578|79|407|362,0.82839589|0.98923131|0.97087565|0.60277781|0.79061115|0.73188858|0.85707641|0.053633849,0|-2.8190636|-4.0715233|-5.2375575|-5.2915443|-5.5662556|-6.0167226|-6.0899637
0_0_0_10_14_8,-23.0,46,0,1,9,826,826,826,826,826,826,1,1,8,0.7078717616747787,0.9609391349214376,0.28828174047643124,0.12,-0.7804605741951588,0.07390821271621478,-0.11097256857855364,-0.11097256857855364,0.0,0.9609391349214376,0.12358851719122166,0.23082403866688722,0.9787886688753786,0.2300261980615687,826|193|769|412|500|229|394|493,0.97878867|0.76750046|0.87401495|0.89571825|0.6399229|0.78800766|0.62116127|0.82423684,0|-3.8943641|-4.1312067|-4.7740261|-5.0370656|-5.1318835|-5.3850248|-5.4238461
0_0_0_10_14_8,-23.0,46,0,2,10,922,922,922,922,922,922,1,1,8,0.7078717616747787,0.9609391349214376,0.28828174047643124,0.12,-0.763263249860789,0.07390821271621478,-0.11097256857855364,-0.11097256857855364,0.0,0.9609391349214376,0.12358851719122166,0.23082403866688722,0.8828354902018061,2.471913433037959,922|117|789|438|422|24|444|221,0.88283549|0.76363182|0.51958541|0.80555581|0.85133194|0.94927644|0.45735058|0.77584054,0|-5.8282304|-6.1148519|-6.4927274|-6.5681047|-6.5896759|-6.8376899|-6.8394344
0_0_0_10_14_8,-23.0,46,0,3,11,718,356,718,718,718,718,1,1,8,0.7078717616747787,0.9609391349214376,0.28828174047643124,0.12,-0.7460659255264191,0.07390821271621478,-0.11097256857855364,-0.11097256857855364,0.0,0.9609391349214376,0.12358851719122166,0.23082403866688722,0.946029640241519,0.12592058957103147,718|194|633|382|12|512|318|817,0.94602964|0.95656387|0.91180235|0.84547978|0.98110808|0.92120226|0.71390557|0.80898255,0|-3.5775111|-3.9362577|-4.4003137|-4.5701572|-4.5778488|-4.5843416|-4.6713477
0_0_0_10_14_8,-23.0,46,0,4,12,86,772,86,86,86,86,1,1,8,0.7078717616747787,0.9609391349214376,0.28828174047643124,0.12,-0.7288686011920493,0.07390821271621478,-0.11097256857855364,-0.11097256857855364,0.0,0.9609391349214376,0.12358851719122166,0.23082403866688722,0.9752845919936102,-0.47139980535197523,86|631|820|10|446|887|965|953,0.97528459|0.62184794|0.88490693|0.94901287|0.77188893|0.90296265|0.67728783|0.94531797,0|-0.73988482|-0.75219541|-1.068602|-1.7138208|-1.7142016|-1.7493992|-1.9312453
0_0_0_10_14_8,-23.0,46,0,5,13,467,255,467,467,467,467,1,1,8,0.7078717616747787,0.9609391349214376,0.28828174047643124,0.12,-0.7116712768576795,0.07390821271621478,-0.11097256857855364,-0.11097256857855364,0.0,0.9609391349214376,0.12358851719122166,0.23082403866688722,0.8199253749162476,0.7382136096104802,467|656|813|953|593|618|761|677,0.81992537|0.9459047|0.93957591|0.85628099|0.905321|0.83324919|0.77013629|0.53012717,0|-1.9180661|-2.482011|-2.6409381|-2.7739612|-3.3086143|-3.3174013|-3.3517917
0_0_0_10_14_8,-23.0,46,0,6,14,89,727,89,89,89,89,1,1,8,0.7078717616747787,0.9609391349214376,0.28828174047643124,0.12,-0.6944739525233097,0.07390821271621478,-0.11097256857855364,-0.11097256857855364,0.0,0.9609391349214376,0.12358851719122166,0.23082403866688722,0.9859970457514331,0.22637630355756955,89|220|602|180|973|305|912|237,0.98599705|0.90367427|0.45997086|0.86240984|0.70312269|0.45234306|0.73575263|0.98520306,0|-5.5460211|-5.6625956|-5.7895154|-5.8969527|-6.1357059|-6.2759785|-6.3249608
0_0_0_10_14_8,-23.0,46,0,7,15,713,973,713,713,713,713,1,1,8,0.7078717616747787,0.9609391349214376,0.28828174047643124,0.12,-0.6772766281889399,0.07390821271621478,-0.11097256857855364,-0.11097256857855364,0.0,0.9609391349214376,0.12358851719122166,0.23082403866688722,0.9705049406118398,0.4250752824326164,713|854|337|14|195|170|61|662,0.97050494|0.8717584|0.64660231|0.9163773|0.992962|0.91801543|0.7019886|0.80631259,0|-3.753908|-4.3412882|-4.5930504|-4.7725428|-5.0966826|-5.116925|-5.1429146
0_0_0_10_14_8,-23.0,46,0,8,16,865,41,865,865,865,865,1,1,8,0.7078717616747787,0.9609391349214376,0.28828174047643124,0.12,-0.66007930385457,0.07390821271621478,-0.11097256857855364,-0.11097256857855364,0.0,0.9609391349214376,0.12358851719122166,0.23082403866688722,0.8549522728145267,-1.9001137383742852,865|304|926|472|553|19|373|302,0.85495227|0.61302677|0.85529421|0.54789572|0.96347201|0.88251821|0.60578715|0.92144222,0|-2.9236448|-3.8017109|-3.9976901|-4.0022521|-4.0327238|-4.1816406|-4.3385392
0_0_0_10_14_8,-23.0,46,0,9,17,405,879,493,493,493,493,1,1,8,0.7078717616747787,0.9609391349214376,0.28828174047643124,0.12,-0.6428819795202002,0.07390821271621478,-0.11097256857855364,-0.11097256857855364,0.0,0.9609391349214376,0.12358851719122166,0.23082403866688722,0.8650807445040093,0.5969396326051633,493|405|354|648|183|630|505|185,0.86508074|0.75035596|0.97687295|0.6338365|0.70116981|0.35158722|0.38854954|0.97504912,0|-0.22693545|-0.26386548|-0.99134787|-1.3638399|-1.7111534|-1.7667368|-1.945315
0_0_0_10_14_8,-23.0,46,0,10,18,765,765,765,765,765,765,1,1,8,0.7078717616747787,0.9609391349214376,0.28828174047643124,0.12,-0.6256846551858304,0.07390821271621478,-0.11097256857855364,-0.11097256857855364,0.0,0.9609391349214376,0.12358851719122166,0.23082403866688722,0.9593567003442315,0.7021452326968942,765|188|958|13|905|712|725|754,0.9593567|0.60508908|0.90794767|0.93106239|0.93750595|0.67646832|0.84869334|0.94412262,0|-5.5859862|-5.6642307|-5.8161148|-6.031897|-6.5127934|-6.5179031|-6.7874324
0_0_0_10_14_8,-23.0,46,0,11,19,1023,721,1023,1023,1023,1023,1,1,8,0.7078717616747787,0.9609391349214376,0.28828174047643124,0.12,-0.6084873308514606,0.07390821271621478,-0.11097256857855364,-0.11097256857855364,0.0,0.9609391349214376,0.12358851719122166,0.23082403866688722,0.9521782397841511,-0.9660794214683294,1023|744|145|505|530|595|183|606,0.95217824|0.84177863|0.82498768|0.93847133|0.99159811|0.96833983|0.88411182|0.64128302,0|-3.4462473|-4.5474088|-4.698495|-4.8301517|-5.0534866|-5.5054317|-5.6475452
0_0_0_10_14_8,-23.0,46,0,12,20,597,607,597,597,597,597,1,1,8,0.7078717616747787,0.9609391349214376,0.28828174047643124,0.12,-0.5912900065170907,0.07390821271621478,-0.11097256857855364,-0.11097256857855364,0.0,0.9609391349214376,0.12358851719122166,0.23082403866688722,0.9261639551948649,0.06732290818914288,597|990|60|997|965|207|509|54,0.92616396|0.89163025|0.85134689|0.86271503|0.76969421|0.64457553|0.56796397|0.89802192,0|-2.8518564|-3.2175693|-4.2136403|-4.4868105|-4.5075269|-4.7470905|-4.84841
0_0_0_10_14_8,-23.0,46,0,13,21,562,163,562,562,562,562,1,1,8,0.7078717616747787,0.9609391349214376,0.28828174047643124,0.12,-0.5740926821827209,0.07390821271621478,-0.11097256857855364,-0.11097256857855364,0.0,0.9609391349214376,0.12358851719122166,0.23082403866688722,0.7943593099608295,0.29210989964724077,562|690|448|976|218|706|911|162,0.79435931|0.95355814|0.7492075|0.88444298|0.61757856|0.94855562|0.94947502|0.93063517,0|-4.084212|-4.7785592|-4.8898841|-5.3795168|-5.426431|-5.7621669|-6.2120269
0_0_0_10_14_8,-23.0,46,0,14,22,478,978,478,478,478,478,1,1,8,0.7078717616747787,0.9609391349214376,0.28828174047643124,0.12,-0.5568953578483511,0.07390821271621478,-0.11097256857855364,-0.11097256857855364,0.0,0.9609391349214376,0.12358851719122166,0.23082403866688722,0.8838523293886975,0.4909635192447349,478|236|761|834|576|402|521|592,0.88385233|0.90227357|0.96377174|0.98508476|0.56404534|0.11341263|0.42405856|0.77110956,0|-3.3572676|-5.5196558|-5.628467|-5.7372044|-5.7499513|-5.83361|-5.8833574
0_0_0_10_14_8,-23.0,46,0,15,23,267,267,267,267,267,267,1,1,8,0.7078717616747787,0.9609391349214376,0.28828174047643124,0.12,-0.5396980335139813,0.07390821271621478,-0.11097256857855364,-0.11097256857855364,0.0,0.9609391349214376,0.12358851719122166,0.23082403866688722,0.9354132486999426,0.7672231781037187,267|673|977|428|377|230|963|704,0.93541325|0.9665801|0.69139739|0.70707754|0.87043193|0.99554471|0.77755606|0.98382778,0|-6.5842533|-6.8771046|-6.8875154|-7.0141409|-7.6722014|-7.8640159|-7.868905
0_0_0_10_14_8,-23.0,46,0,16,24,917,406,917,917,917,917,1,1,8,0.7078717616747787,0.9609391349214376,0.28828174047643124,0.12,-0.5225007091796114,0.07390821271621478,-0.11097256857855364,-0.11097256857855364,0.0,0.9609391349214376,0.12358851719122166,0.23082403866688722,0.8809848715887543,1.4009738133259062,917|101|182|125|284|437|318|414,0.88098487|0.89349696|0.89341558|0.96752284|0.77058117|0.75866801|0.83963335|0.87661416,0|-3.6389199|-3.6969089|-4.3508305|-4.4987541|-4.5595295|-4.8380237|-5.149733
0_0_0_10_14_8,-23.0,46,0,17,25,656,950,656,656,656,656,1,1,8,0.7078717616747787,0.9609391349214376,0.28828174047643124,0.12,-0.5053033848452416,0.07390821271621478,-0.11097256857855364,-0.11097256857855364,0.0,0.9609391349214376,0.12358851719122166,0.23082403866688722,0.6538671425499571,1.4172009444785483,656|298|58|711|569|884|842|851,0.65386714|0.98728817|0.96200461|0.9330924|0.45158947|0.76905491|0.70122986|0.86739276,0|-0.73789259|-0.9713887|-1.1964355|-1.4565704|-1.5161786|-1.7850907|-2.3408372
0_0_0_10_14_8,-23.0,46,0,18,26,889,889,889,889,889,889,1,1,8,0.7078717616747787,0.9609391349214376,0.28828174047643124,0.12,-0.4881060605108718,0.07390821271621478,-0.11097256857855364,-0.11097256857855364,0.0,0.9609391349214376,0.12358851719122166,0.23082403866688722,0.9096449051901099,1.428520196312197,889|828|225|988|879|616|310|391,0.90964491|0.84308729|0.59965366|0.99882633|0.90572644|0.63068683|0.86019981|0.82053818,0|-4.7328129|-5.7675014|-5.9889082|-6.0529265|-6.862385|-6.9026966|-6.9156356
0_0_0_10_14_8,-23.0,46,0,19,27,510,510,510,510,510,510,1,1,8,0.7078717616747787,0.9609391349214376,0.28828174047643124,0.12,-0.470908736176502,0.07390821271621478,-0.11097256857855364,-0.11097256857855364,0.0,0.9609391349214376,0.12358851719122166,0.23082403866688722,0.9423052696283494,0.42851575824236215,510|211|602|287|611|249|489|843,0.94230527|0.53381794|0.91476172|0.79910437|0.98796994|0.53720862|0.44627639|0.68821418,0|-6.5366295|-6.6942414|-6.8500115|-7.2514899|-7.2955836|-7.3405829|-7.3420262
0_0_0_10_14_8,-23.0,46,0,20,28,860,104,860,860,860,860,1,1,8,0.7078717616747787,0.9609391349214376,0.28828174047643124,0.12,-0.45371141184213226,0.07390821271621478,-0.11097256857855364,-0.11097256857855364,0.0,0.9609391349214376,0.12358851719122166,0.23082403866688722,0.8476904887582873,0.5041280696615256,860|760|936|592|552|237|740|701,0.84769049|0.74741225|0.95502633|0.70470648|0.88218527|0.8538389|0.85927194|0.99870745,0|-1.4488835|-1.5430507|-1.6091841|-1.8527432|-1.856735|-2.3235447|-2.4098711
0_0_0_10_14_8,-23.0,46,0,21,29,553,553,553,553,553,553,1,1,8,0.7078717616747787,0.9609391349214376,0.28828174047643124,0.12,-0.43651408750776244,0.07390821271621478,-0.11097256857855364,-0.11097256857855364,0.0,0.9609391349214376,0.12358851719122166,0.23082403866688722,0.6656233693469148,1.1882120013313344,553|494|778|165|793|602|289|189,0.66562337|0.80945801|0.96528941|0.74016952|0.82103252|0.71353984|0.99910005|0.98421203,0|-4.8043459|-5.1622515|-5.2365268|-5.4681878|-5.6854122|-5.9034233|-6.0344339
0_0_0_10_14_8,-23.0,46,0,22,30,629,712,629,629,629,629,1,1,8,0.7078717616747787,0.9609391349214376,0.28828174047643124,0.12,-0.4193167631733926,0.07390821271621478,-0.11097256857855364,-0.11097256857855364,0.0,0.9609391349214376,0.12358851719122166,0.23082403866688722,0.9030702631427374,0.5837967824647295,629|599|406|704|176|284|874|157,0.90307026|0.95322683|0.76807666|0.71061874|0.80914823|0.039789618|0.84694992|0.90822796,0|-0.78679459|-1.7442637|-2.4788306|-2.5313362|-3.2212695|-3.3333503|-3.3379272
0_0_0_10_14_8,-23.0,46,0,23,31,759,83,759,759,759,759,1,1,8,0.7078717616747787,0.9609391349214376,0.28828174047643124,0.12,-0.4021194388390228,0.07390821271621478,-0.11097256857855364,-0.11097256857855364,0.0,0.9609391349214376,0.12358851719122166,0.23082403866688722,0.7025438338236246,1.3103088789205688,759|641|60|330|537|796|815|902,0.70254383|0.42221657|0.90835254|0.69350273|0.85344863|0.99456229|0.95813164|0.85735075,0|-5.6907452|-5.7331034|-5.7707256|-6.1030733|-6.1491671|-6.1689721|-6.3448223
0_0_0_10_14_8,-23.0,46,0,24,32,874,330,874,874,874,874,1,1,8,0.7078717616747787,0.9609391349214376,0.28828174047643124,0.12,-0.38492211450465297,0.07390821271621478,-0.11097256857855364,-0.11097256857855364,0.0,0.9609391349214376,0.12358851719122166,0.23082403866688722,0.9684636901929665,1.6265306881556634,874|102|478|196|955|579|604|44,0.96846369|0.96234101|0.78571245|0.89755842|0.9249336|0.66180785|0.68741526|0.75532544,0|-3.4300764|-3.689326|-3.9495212|-4.4766216|-4.4829176|-4.535206|-4.8511443
0_0_0_10_14_8,-23.0,46,0,25,33,720,896,720,720,720,720,1,1,8,0.7078717616747787,0.9609391349214376,0.28828174047643124,0.12,-0.36772479017028314,0.07390821271621478,-0.11097256857855364,-0.11097256857855364,0.0,0.9609391349214376,0.12358851719122166,0.23082403866688722,0.8027885588772002,1.4554456577097985,720|757|117|27|147|647|702|957,0.80278856|0.9719802|0.79748633|0.8570439|0.93862062|0.9124123|0.86981472|0.8421794,0|-2.2308613|-2.3400382|-2.7272357|-3.1490123|-3.1776425|-3.2041378|-3.356191
0_0_0_10_14_8,-23.0,46,0,26,34,314,314,314,314,314,314,1,1,8,0.7078717616747787,0.9609391349214376,0.28828174047643124,0.12,-0.3505274658359133,0.07390821271621478,-0.11097256857855364,-0.11097256857855364,0.0,0.9609391349214376,0.12358851719122166,0.23082403866688722,0.9604127019112052,0.3980751208977927,314|129|718|539|728|48|72|337,0.9604127|0.94599153|0.86871021|0.67040784|0.97668923|0.54087961|0.90769067|0.84090441,0|-6.4201345|-7.1994503|-7.7042771|-7.8483862|-8.0107961|-8.2402781|-8.4357322
0_0_0_10_14_8,-23.0,46,0,27,35,602,542,602,602,602,602,1,1,8,0.7078717616747787,0.9609391349214376,0.28828174047643124,0.12,-0.3333301415015435,0.07390821271621478,-0.11097256857855364,-0.11097256857855364,0.0,0.9609391349214376,0.12358851719122166,0.23082403866688722,0.9877206170333337,0.057917950797775286,602|655|542|855|427|803|920|172,0.98772062|0.84203725|0.83445579|0.88371945|0.50908939|0.57507452|0.6014534|0.73164002,0|-3.5783618|-4.7295349|-5.0567327|-5.1298902|-5.1772737|-5.2278223|-5.404027
0_0_0_10_14_8,-23.0,46,0,28,36,7,40,7,7,7,7,1,1,8,0.7078717616747787,0.9609391349214376,0.28828174047643124,0.12,-0.3161328171671737,0.07390821271621478,-0.11097256857855364,-0.11097256857855364,0.0,0.9609391349214376,0.12358851719122166,0.23082403866688722,0.9923391537715792,1.165581630565338,7|849|300|327|262|582|786|677,0.99233915|0.48132341|0.90999525|0.97526635|0.74029944|0.70958408|0.83421485|0.96414541,0|-1.9316795|-2.2115438|-2.3026944|-2.7180059|-3.3575617|-3.7785328|-3.8531474
0_0_0_10_14_8,-23.0,46,0,29,37,610,94,610,610,610,610,1,1,8,0.7078717616747787,0.9609391349214376,0.28828174047643124,0.12,-0.29893549283280385,0.07390821271621478,-0.11097256857855364,-0.11097256857855364,0.0,0.9609391349214376,0.12358851719122166,0.23082403866688722,0.7416413429094586,1.232166421748342,610|341|15|309|117|677|382|881,0.74164134|0.89048621|0.90316653|0.97315581|0.6042441|0.9354425|0.58009555|0.7735885,0|-5.4966303|-6.1525062|-7.0013657|-7.1846262|-7.1899439|-7.5383988|-7.6218031
0_0_0_10_14_8,-23.0,46,0,30,38,839,839,839,839,839,839,1,1,8,0.7078717616747787,0.9609391349214376,0.28828174047643124,0.12,-0.281738168498434,0.07390821271621478,-0.11097256857855364,-0.11097256857855364,0.0,0.9609391349214376,0.12358851719122166,0.23082403866688722,0.8553229039135719,1.0926566045928183,839|499|448|198|607|302|962|654,0.8553229|0.54512659|0.90276693|0.76608526|0.94745953|0.91871043|0.98267453|0.75459579,0|-4.560667|-4.6268233|-4.7929888|-5.4228991|-5.5497972|-5.7468|-5.7585286
0_0_0_10_14_8,-23.0,46,0,31,39,913,496,913,913,913,913,1,1,8,0.7078717616747787,0.9609391349214376,0.28828174047643124,0.12,-0.2645408441640642,0.07390821271621478,-0.11097256857855364,-0.11097256857855364,0.0,0.9609391349214376,0.12358851719122166,0.23082403866688722,0.9345807543105503,-2.3330617851903748,913|272|158|314|191|107|359|63,0.93458075|0.92470317|0.97392186|0.74884426|0.64669858|0.92018382|0.36084922|0.69263894,0|-2.3869101|-3.9795487|-4.1425832|-4.1678201|-4.212888|-4.2625059|-4.3333477
0_0_0_10_14_8,-23.0,46,0,32,40,764,1019,764,764,764,764,1,1,8,0.7078717616747787,0.9609391349214376,0.28828174047643124,0.12,-0.24734351982969438,0.07390821271621478,-0.11097256857855364,-0.11097256857855364,0.0,0.9609391349214376,0.12358851719122166,0.23082403866688722,0.7293586922284742,2.4811209907672787,764|342|150|587|794|448|31|74,0.72935869|0.51678629|0.99247136|0.94716717|0.95553975|0.888781|0.91365321|0.98411217,0|-3.3380653|-3.57336|-3.8914123|-4.4084925|-4.507421|-4.870201|-4.9189744
0_0_0_10_14_8,-23.0,46,0,33,41,577,810,577,577,577,577,1,1,8,0.7078717616747787,0.9609391349214376,0.28828174047643124,0.12,-0.23014619549532456,0.07390821271621478,-0.11097256857855364,-0.11097256857855364,0.0,0.9609391349214376,0.12358851719122166,0.23082403866688722,0.8724844788462801,-0.746463836925915,577|364|84|22|678|809|251|649,0.87248448|0.8128548|0.7854426|0.97974172|0.63995191|0.50603512|0.92585442|0.80002518,0|-2.5389612|-3.0348191|-3.6590861|-3.8142751|-4.2915423|-4.3585098|-4.5102937
0_0_0_10_14_8,-23.0,46,0,34,42,936,1021,936,936,936,936,1,1,8,0.7078717616747787,0.9609391349214376,0.28828174047643124,0.12,-0.21294887116095473,0.07390821271621478,-0.11097256857855364,-0.11097256857855364,0.0,0.9609391349214376,0.12358851719122166,0.23082403866688722,0.9357039813693997,1.0503819482842132,936|665|581|958|253|964|488|85,0.93570398|0.92254716|0.61042544|0.90902255|0.84515222|0.74438753|0.87078988|0.79590442,0|-1.4700672|-2.2604114|-2.3292734|-2.8373829|-2.8403519|-2.8738332|-2.9625315
0_0_0_10_14_8,-23.0,46,1,0,8,222,222,222,222,222,222,1,1,8,0.82319981768897,0.913274517366519,0.2739823552099557,inf,0.07129205359531349,-0.028967885211631825,-0.04862842892768082,-0.04862842892768082,0.0,0.913274517366519,0.15725743781432355,0.16046112730729228,0.9310850232948186,-0.8540894970564264,222|794|1010|455|907|147|976|666,0.93108502|0.73479308|0.73923586|0.4905971|0.64872793|0.82000692|0.95570841|0.93700733,0|-4.5496202|-5.0123327|-5.4573394|-5.467927|-5.7280253|-5.9465849|-5.9831295
0_0_0_10_14_8,-23.0,46,1,1,9,711,711,711,711,711,711,1,1,8,0.82319981768897,0.913274517366519,0.2739823552099557,inf,0.08851922272475482,-0.028967885211631825,-0.04862842892768082,-0.04862842892768082,0.0,0.913274517366519,0.15725743781432355,0.16046112730729228,0.9937306368046976,-0.20740300692751265,711|389|297|412|739|330|138|702,0.99373064|0.56190075|0.79088465|0.2910648|0.66571148|0.45083908|0.97030763|0.89281787,0|-6.5621249|-6.6555862|-6.9006392|-7.0074031|-7.3558857|-7.3893289|-7.4487598
0_0_0_10_14_8,-23.0,46,1,2,10,871,871,871,871,871,871,1,1,8,0.82319981768897,0.913274517366519,0.2739823552099557,inf,0.10574639185419615,-0.028967885211631825,-0.04862842892768082,-0.04862842892768082,0.0,0.913274517366519,0.15725743781432355,0.16046112730729228,0.9500425631792712,0.9615998084738451,871|276|813|874|825|601|497|209,0.95004256|0.89164401|0.92710296|0.75033884|0.86830181|0.89199673|0.9713982|0.90079604,0|-6.6361174|-7.2251219|-7.2871913|-7.3943006|-7.7328213|-7.8552879|-8.027834
0_0_0_10_14_8,-23.0,46,1,3,11,718,47,718,718,718,718,1,1,8,0.82319981768897,0.913274517366519,0.2739823552099557,inf,0.12297356098363749,-0.028967885211631825,-0.04862842892768082,-0.04862842892768082,0.0,0.913274517366519,0.15725743781432355,0.16046112730729228,0.9797351034912224,0.3200065522972804,718|278|41|15|632|239|963|730,0.9797351|0.80827858|0.79762315|0.9684769|0.80040722|0.7101613|0.91453125|0.9666843,0|-4.7068998|-4.7225501|-4.72636|-5.710814|-5.8237328|-5.8670372|-5.9398219
0_0_0_10_14_8,-23.0,46,1,4,12,107,107,107,107,107,107,1,1,8,0.82319981768897,0.913274517366519,0.2739823552099557,inf,0.14020073011307876,-0.028967885211631825,-0.04862842892768082,-0.04862842892768082,0.0,0.913274517366519,0.15725743781432355,0.16046112730729228,0.9332049250141875,-0.15897226667410064,107|437|656|490|786|13|98|228,0.93320493|0.81590557|0.58488808|0.76176941|0.91850525|0.97592456|0.90622765|0.94345598,0|-3.8430303|-4.0084542|-4.0576557|-4.1069235|-4.3668226|-4.8387428|-4.9340246
0_0_0_10_14_8,-23.0,46,1,5,13,467,997,467,467,467,467,1,1,8,0.82319981768897,0.913274517366519,0.2739823552099557,inf,0.1574278992425201,-0.028967885211631825,-0.04862842892768082,-0.04862842892768082,0.0,0.913274517366519,0.15725743781432355,0.16046112730729228,0.9563371945428487,0.26511643178672745,467|722|129|562|169|234|555|716,0.95633719|0.95014488|0.90445111|0.97018375|0.94722729|0.81408543|0.91282829|0.67984086,0|-3.180384|-4.5465469|-4.5931049|-4.7295108|-5.3427429|-5.3442477|-5.4108274
0_0_0_10_14_8,-23.0,46,1,6,14,89,89,89,89,89,89,1,1,8,0.82319981768897,0.913274517366519,0.2739823552099557,inf,0.17465506837196143,-0.028967885211631825,-0.04862842892768082,-0.04862842892768082,0.0,0.913274517366519,0.15725743781432355,0.16046112730729228,0.8741532734350302,1.1120053126096028,89|804|645|954|511|51|692|184,0.87415327|0.69001724|0.97965917|0.97101878|0.51031549|0.70260872|0.94281241|0.74683956,0|-6.6201911|-6.696242|-7.1461076|-7.7064732|-7.7699466|-7.8501202|-7.9953355
0_0_0_10_14_8,-23.0,46,1,7,15,713,1004,713,713,713,713,1,1,8,0.82319981768897,0.913274517366519,0.2739823552099557,inf,0.19188223750140276,-0.028967885211631825,-0.04862842892768082,-0.04862842892768082,0.0,0.913274517366519,0.15725743781432355,0.16046112730729228,0.8829697240106417,0.7000317838809157,713|151|111|350|1014|620|391|255,0.88296972|0.94506343|0.46754186|0.89152802|0.93655847|0.62961563|0.70828633|0.47025209,0|-3.7987089|-5.4149699|-6.2088512|-6.3337938|-6.5845489|-6.6418139|-6.7903105
0_0_0_10_14_8,-23.0,46,1,8,16,865,145,865,865,865,865,1,1,8,0.82319981768897,0.913274517366519,0.2739823552099557,inf,0.20910940663084404,-0.028967885211631825,-0.04862842892768082,-0.04862842892768082,0.0,0.913274517366519,0.15725743781432355,0.16046112730729228,0.9891366611752885,-0.4343162109040252,865|895|698|542|105|248|1007|375,0.98913666|0.89610364|0.90692838|0.94308137|0.85804831|0.99685368|0.91966869|0.28878185,0|-4.2894567|-5.7428644|-5.8078798|-6.6920391|-7.0326138|-7.0912886|-7.1104262
0_0_0_10_14_8,-23.0,46,1,9,17,405,630,405,405,405,405,1,1,8,0.82319981768897,0.913274517366519,0.2739823552099557,inf,0.22633657576028543,-0.028967885211631825,-0.04862842892768082,-0.04862842892768082,0.0,0.913274517366519,0.15725743781432355,0.16046112730729228,0.5987995031188277,-2.3417964850758812,405|868|374|185|594|663|346|568,0.5987995|0.8905539|0.77048081|0.95384886|0.70223394|0.6775361|0.25136257|0.6607187,0|-4.1935168|-4.6038029|-5.1349649|-5.4348325|-5.5192688|-5.9416687|-6.0806535
0_0_0_10_14_8,-23.0,46,1,10,18,765,66,765,765,765,765,1,1,8,0.82319981768897,0.913274517366519,0.2739823552099557,inf,0.24356374488972665,-0.028967885211631825,-0.04862842892768082,-0.04862842892768082,0.0,0.913274517366519,0.15725743781432355,0.16046112730729228,0.7802584320740518,1.1157036536011384,765|45|840|143|1023|790|111|412,0.78025843|0.94684494|0.90653321|0.75104344|0.85432557|0.80876199|0.8487233|0.89116624,0|-0.023779569|-1.82552|-1.8416027|-2.4576273|-2.9225039|-2.9573836|-2.9932728
0_0_0_10_14_8,-23.0,46,1,11,19,1023,1023,1023,1023,1023,1023,1,1,8,0.82319981768897,0.913274517366519,0.2739823552099557,inf,0.260790914019168,-0.028967885211631825,-0.04862842892768082,-0.04862842892768082,0.0,0.913274517366519,0.15725743781432355,0.16046112730729228,0.9946282415909615,-0.15271461211868767,1023|517|359|181|760|322|16|342,0.99462824|0.86636444|0.87451112|0.70403857|0.92788706|0.46445186|0.99344374|0.73244215,0|-3.3695139|-4.3560268|-4.6677317|-5.374412|-5.6159638|-5.6262514|-5.9324042
0_0_0_10_14_8,-23.0,46,1,12,20,597,509,597,597,597,597,1,1,8,0.82319981768897,0.913274517366519,0.2739823552099557,inf,0.2780180831486093,-0.028967885211631825,-0.04862842892768082,-0.04862842892768082,0.0,0.913274517366519,0.15725743781432355,0.16046112730729228,0.8976887868625955,-0.14742819713617022,597|88|536|508|605|777|827|535,0.89768879|0.96308684|0.8887767|0.98243912|0.59900921|0.78404191|0.45261741|0.42000421,0|-5.4086934|-5.9726339|-6.3604742|-6.3958245|-6.6246252|-6.6690789|-6.7185865
0_0_0_10_14_8,-23.0,46,1,13,21,562,358,562,562,562,562,1,1,8,0.82319981768897,0.913274517366519,0.2739823552099557,inf,0.29524525227805065,-0.028967885211631825,-0.04862842892768082,-0.04862842892768082,0.0,0.913274517366519,0.15725743781432355,0.16046112730729228,0.7754292496635496,-0.35754619501099266,562|407|840|20|743|543|1004|768,0.77542925|0.94273094|0.80008356|0.87982244|0.76836727|0.96966345|0.47235244|0.96766726,0|-5.5288717|-5.8153175|-6.8148321|-6.9254857|-7.0271258|-7.3458346|-7.3738371
0_0_0_10_14_8,-23.0,46,1,14,22,478,478,478,478,478,478,1,1,8,0.82319981768897,0.913274517366519,0.2739823552099557,inf,0.312472421407492,-0.028967885211631825,-0.04862842892768082,-0.04862842892768082,0.0,0.913274517366519,0.15725743781432355,0.16046112730729228,0.9148058563887735,0.4711061433185668,478|617|201|707|947|607|52|380,0.91480586|0.9843212|0.87660663|0.42126949|0.95940489|0.85401691|0.93998658|0.65685018,0|-2.8879251|-3.9441026|-4.3964758|-4.4459101|-4.5143651|-4.7033564|-4.9347164
0_0_0_10_14_8,-23.0,46,1,15,23,267,267,267,267,267,267,1,1,8,0.82319981768897,0.913274517366519,0.2739823552099557,inf,0.3296995905369333,-0.028967885211631825,-0.04862842892768082,-0.04862842892768082,0.0,0.913274517366519,0.15725743781432355,0.16046112730729228,0.9847485588288264,-0.40994305926527025,267|602|379|872|941|963|934|614,0.98474856|0.87622438|0.69854738|0.76099366|0.98945057|0.94223567|0.94079109|0.97045443,0|-4.4348109|-5.2154094|-5.216768|-5.3582131|-5.3931234|-5.4019894|-5.4628814
0_0_0_10_14_8,-23.0,46,1,16,24,917,917,917,917,917,917,1,1,8,0.82319981768897,0.913274517366519,0.2739823552099557,inf,0.34692675966637465,-0.028967885211631825,-0.04862842892768082,-0.04862842892768082,0.0,0.913274517366519,0.15725743781432355,0.16046112730729228,0.973503226989623,-2.3966757706069806,917|536|829|368|240|820|611|59,0.97350323|0.64690893|0.82938046|0.88462882|0.73468947|0.70369254|0.89057721|0.50145684,0|-6.8427753|-7.5374485|-7.924692|-8.1652532|-8.3695265|-8.5260928|-8.5678733
0_0_0_10_14_8,-23.0,46,1,17,25,656,656,656,656,656,656,1,1,8,0.82319981768897,0.913274517366519,0.2739823552099557,inf,0.364153928795816,-0.028967885211631825,-0.04862842892768082,-0.04862842892768082,0.0,0.913274517366519,0.15725743781432355,0.16046112730729228,0.8442646600945036,0.9137766686553241,656|938|219|590|740|440|499|619,0.84426466|0.94374367|0.88775179|0.76600826|0.72807397|0.94844296|0.8378605|0.89468638,0|-7.3580094|-7.4111843|-7.6408307|-7.9975945|-8.1704124|-8.2466871|-8.4127208
0_0_0_10_14_8,-23.0,46,1,18,26,889,889,889,889,889,889,1,1,8,0.82319981768897,0.913274517366519,0.2739823552099557,inf,0.3813810979252572,-0.028967885211631825,-0.04862842892768082,-0.04862842892768082,0.0,0.913274517366519,0.15725743781432355,0.16046112730729228,0.9383626418116099,-0.20115081032446563,889|640|188|139|172|794|325|82,0.93836264|0.95642556|0.88097831|0.93993273|0.83258858|0.97322856|0.9576183|0.89595772,0|-5.8889648|-6.0239783|-6.7279638|-6.8447625|-7.1851502|-7.3562422|-7.4231034
0_0_0_10_14_8,-23.0,46,1,19,27,510,302,510,510,510,510,1,1,8,0.82319981768897,0.913274517366519,0.2739823552099557,inf,0.39860826705469854,-0.028967885211631825,-0.04862842892768082,-0.04862842892768082,0.0,0.913274517366519,0.15725743781432355,0.16046112730729228,0.8757848569397229,0.2504841199345994,510|70|307|959|408|360|862|484,0.87578486|0.82491074|0.732048|0.93903452|0.72556408|0.94744665|0.88156493|0.7947195,0|-2.5116182|-2.6684567|-3.1187209|-3.356057|-3.5046465|-3.5715266|-3.6097598
0_0_0_10_14_8,-23.0,46,1,20,28,860,82,860,860,860,860,1,1,8,0.82319981768897,0.913274517366519,0.2739823552099557,inf,0.4158354361841399,-0.028967885211631825,-0.04862842892768082,-0.04862842892768082,0.0,0.913274517366519,0.15725743781432355,0.16046112730729228,0.7581045848816997,-2.6402700612745473,860|978|550|82|318|60|744|3,0.75810458|0.73579626|0.34226791|0.68193396|0.8569333|0.89090611|0.87027277|0.84101491,0|-5.323812|-5.4896371|-5.9277983|-5.9323998|-6.2490907|-6.4766743|-6.4981555
0_0_0_10_14_8,-23.0,46,1,21,29,553,553,553,553,553,553,1,1,8,0.82319981768897,0.913274517366519,0.2739823552099557,inf,0.4330626053135812,-0.028967885211631825,-0.04862842892768082,-0.04862842892768082,0.0,0.913274517366519,0.15725743781432355,0.16046112730729228,0.9923755413627093,0.11996197761857239,553|33|419|453|25|485|155|411,0.99237554|0.87958391|0.47717437|0.88086111|0.99846778|0.86371144|0.98859165|0.55454402,0|-5.4771617|-5.706434|-6.3651051|-6.5018863|-6.5571476|-6.6934515|-6.8779946
0_0_0_10_14_8,-23.0,46,1,22,30,629,186,629,629,629,629,1,1,8,0.82319981768897,0.913274517366519,0.2739823552099557,inf,0.45028977444302254,-0.028967885211631825,-0.04862842892768082,-0.04862842892768082,0.0,0.913274517366519,0.15725743781432355,0.16046112730729228,0.8573067597083682,-0.0029203029509131673,629|30|228|42|1009|925|580|930,0.85730676|0.86418085|0.99287507|0.81071651|0.8086857|0.92259539|0.59257385|0.38196748,0|-4.1236545|-4.2557825|-4.2688319|-4.7319445|-5.0999301|-5.4146401|-5.4830533
0_0_0_10_14_8,-23.0,46,1,23,31,759,759,759,759,759,759,1,1,8,0.82319981768897,0.913274517366519,0.2739823552099557,inf,0.46751694357246387,-0.028967885211631825,-0.04862842892768082,-0.04862842892768082,0.0,0.913274517366519,0.15725743781432355,0.16046112730729228,0.9789566829037958,0.37762562804658634,759|131|1011|992|826|316|72|800,0.97895668|0.98409398|0.98142906|0.86231573|0.8187693|0.98999667|0.86399659|0.73190336,0|-6.0788397|-7.4361686|-7.5303737|-7.6178074|-7.8932079|-8.0447209|-8.469361
0_0_0_10_14_8,-23.0,46,1,24,32,874,485,874,874,874,874,1,1,8,0.82319981768897,0.913274517366519,0.2739823552099557,inf,0.4847441127019052,-0.028967885211631825,-0.04862842892768082,-0.04862842892768082,0.0,0.913274517366519,0.15725743781432355,0.16046112730729228,0.9916245774738718,-0.041133006240138326,874|196|582|414|739|475|485|965,0.99162458|0.98362557|0.90732881|0.75291994|0.87890403|0.72288821|0.71097325|0.69600089,0|-2.9608249|-3.5792946|-3.9572164|-4.0299913|-4.1114627|-4.7929258|-4.8888052
0_0_0_10_14_8,-23.0,46,1,25,33,720,45,720,720,720,720,1,1,8,0.82319981768897,0.913274517366519,0.2739823552099557,inf,0.5019712818313465,-0.028967885211631825,-0.04862842892768082,-0.04862842892768082,0.0,0.913274517366519,0.15725743781432355,0.16046112730729228,0.9831805935615765,-0.1028725862517127,720|837|189|280|207|249|687|10,0.98318059|0.94079781|0.82748469|0.65423827|0.91053086|0.68658865|0.96206185|0.86058449,0|-4.7932971|-4.844207|-4.875494|-5.4420156|-5.4475507|-5.7259009|-5.7807173
0_0_0_10_14_8,-23.0,46,1,26,34,314,629,314,314,314,314,1,1,8,0.82319981768897,0.913274517366519,0.2739823552099557,inf,0.5191984509607878,-0.028967885211631825,-0.04862842892768082,-0.04862842892768082,0.0,0.913274517366519,0.15725743781432355,0.16046112730729228,0.7430584689664192,1.4936669682064754,314|906|338|67|679|528|33|499,0.74305847|0.936755|0.97329008|0.94700761|0.9371089|0.88774754|0.67717213|0.8693808,0|-3.7816276|-4.1093297|-4.2932253|-4.6768391|-4.6921512|-4.929319|-5.0256479
0_0_0_10_14_8,-23.0,46,1,27,35,602,602,602,602,602,602,1,1,8,0.82319981768897,0.913274517366519,0.2739823552099557,inf,0.5364256200902291,-0.028967885211631825,-0.04862842892768082,-0.04862842892768082,0.0,0.913274517366519,0.15725743781432355,0.16046112730729228,0.92025090729092,0.6168894965913523,602|289|902|368|540|464|452|559,0.92025091|0.53985556|0.9878343|0.99742754|0.85320888|0.96385198|0.93440046|0.7504813,0|-3.342856|-4.4565761|-4.5651658|-4.5891076|-4.779322|-4.934748|-4.9796583
0_0_0_10_14_8,-23.0,46,1,28,36,7,7,7,7,7,7,1,1,8,0.82319981768897,0.913274517366519,0.2739823552099557,inf,0.5536527892196704,-0.028967885211631825,-0.04862842892768082,-0.04862842892768082,0.0,0.913274517366519,0.15725743781432355,0.16046112730729228,0.9754509969971633,0.0681130981028375,7|72|557|516|486|705|1015|13,0.975451|0.81760137|0.95641644|0.62788304|0.78637926|0.38721095|0.92655916|0.74733906,0|-5.3011325|-5.3966031|-5.6168719|-6.6426815|-6.7060339|-6.7148569|-6.8115021
0_0_0_10_14_8,-23.0,46,1,29,37,610,692,610,610,610,610,1,1,8,0.82319981768897,0.913274517366519,0.2739823552099557,inf,0.5708799583491118,-0.028967885211631825,-0.04862842892768082,-0.04862842892768082,0.0,0.913274517366519,0.15725743781432355,0.16046112730729228,0.6727245534057654,1.2697707100156475,610|1|870|179|892|762|638|4,0.67272455|0.99651136|0.49935287|0.94279789|0.94491083|0.93269367|0.99828475|0.80286735,0|-5.2964338|-5.8835551|-5.9400626|-6.2502619|-6.341744|-6.3507003|-6.4711665
0_0_0_10_14_8,-23.0,46,1,30,38,842,842,842,842,842,842,1,1,8,0.82319981768897,0.913274517366519,0.2739823552099557,inf,0.5881071274785531,-0.028967885211631825,-0.04862842892768082,-0.04862842892768082,0.0,0.913274517366519,0.15725743781432355,0.16046112730729228,0.866345783711811,1.5876397960624322,842|703|675|181|483|565|905|865,0.86634578|0.93199325|0.86885484|0.64774458|0.97215566|0.94536754|0.94971518|0.4929064,0|-5.2012955|-5.4033574|-5.7676842|-5.9103172|-5.9275404|-6.0525041|-6.1599317
0_0_0_10_14_8,-23.0,46,1,31,39,928,928,928,928,928,928,1,1,8,0.82319981768897,0.913274517366519,0.2739823552099557,inf,0.6053342966079944,-0.028967885211631825,-0.04862842892768082,-0.04862842892768082,0.0,0.913274517366519,0.15725743781432355,0.16046112730729228,0.9446036121856051,1.517415176308996,928|272|206|504|768|641|516|777,0.94460361|0.87308051|0.82336758|0.89049117|0.7042897|0.14630979|0.96791786|0.75207768,0|-6.4666373|-6.7148543|-6.8692673|-7.0136815|-7.4413885|-7.4650887|-7.7656611
0_0_0_10_14_8,-23.0,46,1,32,40,744,744,744,744,744,744,1,1,8,0.82319981768897,0.913274517366519,0.2739823552099557,inf,0.6225614657374358,-0.028967885211631825,-0.04862842892768082,-0.04862842892768082,0.0,0.913274517366519,0.15725743781432355,0.16046112730729228,0.9857843560678843,-0.13706099436591013,744|761|876|946|607|745|787|276,0.98578436|0.93408922|0.99083283|0.96762995|0.14118278|0.62233425|0.9954946|0.88679385,0|-5.596419|-6.4746539|-6.7642934|-6.9010556|-6.9430111|-7.0367053|-7.1395489
0_0_0_10_14_8,-23.0,46,1,33,41,586,918,586,586,586,586,1,1,8,0.82319981768897,0.913274517366519,0.2739823552099557,inf,0.6397886348668771,-0.028967885211631825,-0.04862842892768082,-0.04862842892768082,0.0,0.913274517366519,0.15725743781432355,0.16046112730729228,0.6581766243377972,-1.361217842774041,586|583|945|249|748|461|225|297,0.65817662|0.5805335|0.9561457|0.69383881|0.8416269|0.87679467|0.88826526|0.71620233,0|-2.7159737|-2.9792332|-3.1769134|-3.3381543|-3.4374122|-3.4407858|-3.4937242
0_0_0_10_14_8,-23.0,46,1,34,42,91,600,91,91,91,91,1,1,8,0.82319981768897,0.913274517366519,0.2739823552099557,inf,0.6570158039963183,-0.028967885211631825,-0.04862842892768082,-0.04862842892768082,0.0,0.913274517366519,0.15725743781432355,0.16046112730729228,0.8655985962963825,-2.389579436601803,91|716|617|108|696|320|10|1009,0.8655986|0.94089806|0.86863185|0.93516965|0.74405854|0.44902014|0.76568785|0.74776169,0|-6.8500936|-7.3148853|-7.4525402|-7.5547965|-7.7623031|-8.1225656|-8.4128258
0_0_0_10_14_8,-23.0,46,2,0,8,803,803,803,803,803,803,1,1,8,0.6813608531070262,0.9150357112305985,0.27451071336917954,inf,-0.17116773462313134,0.06295342304586356,-0.03615960099750626,-0.03615960099750626,0.0,0.9150357112305985,0.15496302122324157,0.17637765378818854,0.987785898864105,0.42547237823797696,803|700|54|85|639|330|964|996,0.9877859|0.60577953|0.96731869|0.80063765|0.32948755|0.77222473|0.91560998|0.56484371,0|-1.6727135|-3.7391829|-3.7798898|-4.2229265|-4.6142302|-5.1153571|-5.2535113
0_0_0_10_14_8,-23.0,46,2,1,9,711,737,717,717,717,717,1,1,8,0.6813608531070262,0.9150357112305985,0.27451071336917954,inf,-0.1539227926378538,0.06295342304586356,-0.03615960099750626,-0.03615960099750626,0.0,0.9150357112305985,0.15496302122324157,0.17637765378818854,0.9668519844814907,0.1729072112255785,717|719|330|711|770|731|721|605,0.96685198|0.66906537|0.82611031|0.84794674|0.78768424|0.93727281|0.99644377|0.74008984,0|-0.42957063|-0.49107359|-0.5687049|-0.74861335|-0.9519205|-1.2052516|-1.2312975
0_0_0_10_14_8,-23.0,46,2,2,10,871,871,871,871,871,871,1,1,8,0.6813608531070262,0.9150357112305985,0.27451071336917954,inf,-0.13667785065257626,0.06295342304586356,-0.03615960099750626,-0.03615960099750626,0.0,0.9150357112305985,0.15496302122324157,0.17637765378818854,0.6590149378724774,1.6153933709026977,871|73|923|209|596|111|208|94,0.65901494|0.93591045|0.88623327|0.91538653|0.95919204|0.97726293|0.95479055|0.80433718,0|-2.9027699|-3.2223089|-3.6965301|-3.9859873|-4.2073893|-4.3920932|-4.4192436
0_0_0_10_14_8,-23.0,46,2,3,11,718,599,718,718,718,718,1,1,8,0.6813608531070262,0.9150357112305985,0.27451071336917954,inf,-0.11943290866729872,0.06295342304586356,-0.03615960099750626,-0.03615960099750626,0.0,0.9150357112305985,0.15496302122324157,0.17637765378818854,0.9402263024812944,0.7171808938254985,718|347|820|871|214|649|61|39,0.9402263|0.95456916|0.85256097|0.96234998|0.96076104|0.47116151|0.83404598|0.98042097,0|-6.1539013|-6.1701425|-6.3499052|-6.628293|-6.7271331|-6.8808996|-7.0729085
0_0_0_10_14_8,-23.0,46,2,4,12,86,271,86,86,86,86,1,1,8,0.6813608531070262,0.9150357112305985,0.27451071336917954,inf,-0.10218796668202118,0.06295342304586356,-0.03615960099750626,-0.03615960099750626,0.0,0.9150357112305985,0.15496302122324157,0.17637765378818854,0.9767017763498236,1.6405997416682376,86|474|426|638|666|763|521|597,0.97670178|0.8890575|0.45808479|0.7698802|0.81805973|0.80255728|0.97290358|0.49312191,0|-3.6233679|-3.6900465|-3.8664259|-3.9606204|-4.5552178|-5.1058599|-5.1702017
0_0_0_10_14_8,-23.0,46,2,5,13,467,588,467,467,467,467,1,1,8,0.6813608531070262,0.9150357112305985,0.27451071336917954,inf,-0.08494302469674364,0.06295342304586356,-0.03615960099750626,-0.03615960099750626,0.0,0.9150357112305985,0.15496302122324157,0.17637765378818854,0.8494250928926834,-0.6990570079408019,467|724|685|762|303|177|761|792,0.84942509|0.92182928|0.91775639|0.87795869|0.68992497|0.86466473|0.64579348|0.54412113,0|-3.549524|-4.5342149|-4.5594731|-4.5968884|-4.8331629|-4.8949537|-5.2167759
0_0_0_10_14_8,-23.0,46,2,6,14,89,89,89,89,89,89,1,1,8,0.6813608531070262,0.9150357112305985,0.27451071336917954,inf,-0.06769808271146616,0.06295342304586356,-0.03615960099750626,-0.03615960099750626,0.0,0.9150357112305985,0.15496302122324157,0.17637765378818854,0.9770911405367823,0.23824322329142894,89|819|885|716|106|706|997|406,0.97709114|0.91180396|0.82077061|0.84788879|0.88930623|0.83184655|0.92710808|0.7088518,0|-3.1047547|-3.8154211|-4.8164617|-4.8832101|-5.3929399|-5.4489579|-5.8723308
0_0_0_10_14_8,-23.0,46,2,7,15,713,667,713,713,713,713,1,1,8,0.6813608531070262,0.9150357112305985,0.27451071336917954,inf,-0.05045314072618862,0.06295342304586356,-0.03615960099750626,-0.03615960099750626,0.0,0.9150357112305985,0.15496302122324157,0.17637765378818854,0.8463157416729976,-1.332539116782275,713|356|840|1022|138|498|234|839,0.84631574|0.73575533|0.8169988|0.90344745|0.94463781|0.66519979|0.99529993|0.22849136,0|-4.050238|-4.9410102|-5.1297843|-5.3981538|-5.5450518|-5.6575748|-5.7781689
0_0_0_10_14_8,-23.0,46,2,8,16,865,194,865,865,865,865,1,1,8,0.6813608531070262,0.9150357112305985,0.27451071336917954,inf,-0.03320819874091108,0.06295342304586356,-0.03615960099750626,-0.03615960099750626,0.0,0.9150357112305985,0.15496302122324157,0.17637765378818854,0.9539396179042839,-0.9591590849551039,865|47|706|59|540|841|147|303,0.95393962|0.8303553|0.85037787|0.93410481|0.88499484|0.78501139|0.72987715|0.97941269,0|-4.5402398|-4.7363843|-5.1484103|-5.6112558|-5.7182483|-5.8491455|-6.2753123
0_0_0_10_14_8,-23.0,46,2,9,17,405,405,405,405,405,405,1,1,8,0.6813608531070262,0.9150357112305985,0.27451071336917954,inf,-0.01596325675563348,0.06295342304586356,-0.03615960099750626,-0.03615960099750626,0.0,0.9150357112305985,0.15496302122324157,0.17637765378818854,0.9996974151882065,0.03607968172658743,405|746|385|545|1007|229|416|224,0.99969742|0.95902302|0.99456655|0.90163409|0.94974391|0.67761386|0.51159832|0.98282598,0|-5.646185|-6.6822335|-6.9624914|-7.0329563|-7.3231893|-7.5455455|-7.7245451
0_0_0_10_14_8,-23.0,46,2,10,18,765,345,765,765,765,765,1,1,8,0.6813608531070262,0.9150357112305985,0.27451071336917954,inf,0.0012816852296440029,0.06295342304586356,-0.03615960099750626,-0.03615960099750626,0.0,0.9150357112305985,0.15496302122324157,0.17637765378818854,0.9609286958756036,-0.6283901814754072,765|579|380|736|31|110|155|660,0.9609287|0.98367016|0.50251673|0.4188537|0.74443203|0.87726495|0.89575497|0.60073147,0|-4.7374783|-5.1550894|-5.2487484|-5.4694246|-5.505185|-5.6168713|-5.6667006
0_0_0_10_14_8,-23.0,46,2,11,19,1023,845,1023,1023,1023,1023,1,1,8,0.6813608531070262,0.9150357112305985,0.27451071336917954,inf,0.018526627214921487,0.06295342304586356,-0.03615960099750626,-0.03615960099750626,0.0,0.9150357112305985,0.15496302122324157,0.17637765378818854,0.983671359757595,2.042461354615933,1023|366|0|29|800|994|425|39,0.98367136|0.97402779|0.94286598|0.98552785|0.84018011|0.99522486|0.78100711|0.97250974,0|-4.7023309|-5.4300304|-5.8321472|-5.8948424|-5.9982031|-6.0310121|-6.0858298
0_0_0_10_14_8,-23.0,46,2,12,20,597,597,597,597,597,597,1,1,8,0.6813608531070262,0.9150357112305985,0.27451071336917954,inf,0.03577156920019908,0.06295342304586356,-0.03615960099750626,-0.03615960099750626,0.0,0.9150357112305985,0.15496302122324157,0.17637765378818854,0.8910202546652591,0.10401857426088693,597|528|136|69|7|501|111|937,0.89102025|0.9166619|0.45982091|0.92413088|0.8397876|0.91298024|0.71894453|0.73186709,0|-3.7907572|-3.9776131|-4.1663146|-5.7977856|-6.3194885|-6.3390747|-6.3716101
0_0_0_10_14_8,-23.0,46,2,13,21,562,562,562,562,562,562,1,1,8,0.6813608531070262,0.9150357112305985,0.27451071336917954,inf,0.05301651118547657,0.06295342304586356,-0.03615960099750626,-0.03615960099750626,0.0,0.9150357112305985,0.15496302122324157,0.17637765378818854,0.9220675508666553,-0.2502474876324804,562|702|246|130|769|60|28|628,0.92206755|0.94309255|0.71470458|0.93137528|0.98729507|0.77780694|0.91457537|0.99108903,0|-6.1558877|-6.1956972|-6.449558|-6.9445971|-7.0758807|-7.1195506|-7.4269114
0_0_0_10_14_8,-23.0,46,2,14,22,478,478,478,478,478,478,1,1,8,0.6813608531070262,0.9150357112305985,0.27451071336917954,inf,0.07026145317075416,0.06295342304586356,-0.03615960099750626,-0.03615960099750626,0.0,0.9150357112305985,0.15496302122324157,0.17637765378818854,0.5835676749948875,1.546405539883235,478|890|71|268|991|915|416|270,0.58356767|0.97059613|0.956924|0.72689882|0.96613599|0.94849205|0.80052|0.78162851,0|-2.8794982|-3.9358191|-3.9601364|-4.2642303|-4.7350316|-4.8173452|-4.967599
0_0_0_10_14_8,-23.0,46,2,15,23,267,267,267,267,267,267,1,1,8,0.6813608531070262,0.9150357112305985,0.27451071336917954,inf,0.08750639515603165,0.06295342304586356,-0.03615960099750626,-0.03615960099750626,0.0,0.9150357112305985,0.15496302122324157,0.17637765378818854,0.9238702282636262,-0.20964930484947156,267|656|940|1010|418|649|852|315,0.92387023|0.82300623|0.69184168|0.96791359|0.58088323|0.58531295|0.71140933|0.92338234,0|-2.549182|-3.1294364|-3.1427378|-3.3978572|-3.7021769|-4.0736013|-4.2086832
0_0_0_10_14_8,-23.0,46,2,16,24,917,985,917,917,917,917,1,1,8,0.6813608531070262,0.9150357112305985,0.27451071336917954,inf,0.10475133714130924,0.06295342304586356,-0.03615960099750626,-0.03615960099750626,0.0,0.9150357112305985,0.15496302122324157,0.17637765378818854,0.9061066926480725,-3.1084965201793864,917|952|930|815|824|880|915|941,0.90610669|0.88027561|0.6695574|0.8285321|0.82756115|0.62346888|0.67303545|0.79727106,0|-3.7932465|-4.8018329|-4.9264481|-5.016827|-5.2165621|-5.2883578|-5.3346965
0_0_0_10_14_8,-23.0,46,2,17,25,656,782,656,656,656,656,1,1,8,0.6813608531070262,0.9150357112305985,0.27451071336917954,inf,0.12199627912658673,0.06295342304586356,-0.03615960099750626,-0.03615960099750626,0.0,0.9150357112305985,0.15496302122324157,0.17637765378818854,0.9067543297231007,0.017829790838802234,656|926|809|203|467|82|654|361,0.90675433|0.89383715|0.77397262|0.51192459|0.15774879|0.97009579|0.96987228|0.80156187,0|-3.2547871|-3.9220917|-4.3072261|-4.3817612|-4.4118612|-4.5359745|-4.6220808
0_0_0_10_14_8,-23.0,46,2,18,26,889,889,889,889,889,889,1,1,8,0.6813608531070262,0.9150357112305985,0.27451071336917954,inf,0.1392412211118642,0.06295342304586356,-0.03615960099750626,-0.03615960099750626,0.0,0.9150357112305985,0.15496302122324157,0.17637765378818854,0.965906779660335,1.0874208923877249,889|699|712|859|719|792|261|655,0.96590678|0.86472156|0.84787741|0.63452891|0.60327485|0.96394941|0.92739464|0.95269829,0|-1.2573751|-1.9197148|-2.0223229|-2.0413993|-2.1832314|-2.2181773|-2.4637078
0_0_0_10_14_8,-23.0,46,2,19,27,510,510,510,510,510,510,1,1,8,0.6813608531070262,0.9150357112305985,0.27451071336917954,inf,0.1564861630971418,0.06295342304586356,-0.03615960099750626,-0.03615960099750626,0.0,0.9150357112305985,0.15496302122324157,0.17637765378818854,0.9839276082968953,-0.25780826776210275,510|156|370|646|472|576|557|826,0.98392761|0.9293068|0.84227808|0.95279388|0.77794684|0.5648697|0.99927247|0.94477215,0|-3.8833678|-4.2904919|-4.4128547|-4.6463754|-4.8809476|-4.9425766|-5.0814597
0_0_0_10_14_8,-23.0,46,2,20,28,860,516,860,860,860,860,1,1,8,0.6813608531070262,0.9150357112305985,0.27451071336917954,inf,0.1737311050824193,0.06295342304586356,-0.03615960099750626,-0.03615960099750626,0.0,0.9150357112305985,0.15496302122324157,0.17637765378818854,0.881577651315923,2.0857206144878138,860|475|623|998|833|1020|383|778,0.88157765|0.54520624|0.90926495|0.95852994|0.94876723|0.94725142|0.86730561|0.86584518,0|-6.1769411|-7.2903738|-7.8081163|-7.9051493|-7.9785091|-8.0013923|-8.0090713
0_0_0_10_14_8,-23.0,46,2,21,29,553,565,553,553,553,553,1,1,8,0.6813608531070262,0.9150357112305985,0.27451071336917954,inf,0.19097604706769689,0.06295342304586356,-0.03615960099750626,-0.03615960099750626,0.0,0.9150357112305985,0.15496302122324157,0.17637765378818854,0.9793340307261769,0.06467044133998803,553|482|901|1002|41|82|718|32,0.97933403|0.93013581|0.62682684|0.9716448|0.96271628|0.96573828|0.87055745|0.76059999,0|-3.0401122|-3.893301|-3.9479648|-4.1759208|-4.2991783|-4.7637289|-4.8979147
0_0_0_10_14_8,-23.0,46,2,22,30,629,148,889,889,889,889,1,1,8,0.6813608531070262,0.9150357112305985,0.27451071336917954,inf,0.20822098905297437,0.06295342304586356,-0.03615960099750626,-0.03615960099750626,0.0,0.9150357112305985,0.15496302122324157,0.17637765378818854,0.9710537857762627,-0.3938708084710644,889|210|562|698|646|586|629|148,0.97105379|0.64269716|0.78615389|0.73586768|0.40411899|0.9598894|0.84867497|0.72648705,0|-0.24119581|-0.38524108|-0.75823532|-1.0268485|-1.129494|-1.4506105|-1.4845345
0_0_0_10_14_8,-23.0,46,2,23,31,759,830,759,759,759,759,1,1,8,0.6813608531070262,0.9150357112305985,0.27451071336917954,inf,0.22546593103825197,0.06295342304586356,-0.03615960099750626,-0.03615960099750626,0.0,0.9150357112305985,0.15496302122324157,0.17637765378818854,0.7521984244577609,-2.222867833683865,759|62|910|544|393|128|136|239,0.75219842|0.84105569|0.93517812|0.83533511|0.48447925|0.75298892|0.98989028|0.79294911,0|-3.7379645|-4.1403177|-4.2626318|-4.4173168|-4.5924233|-4.9409987|-5.0106629
0_0_0_10_14_8,-23.0,46,2,24,32,874,874,874,874,874,874,1,1,8,0.6813608531070262,0.9150357112305985,0.27451071336917954,inf,0.24271087302352945,0.06295342304586356,-0.03615960099750626,-0.03615960099750626,0.0,0.9150357112305985,0.15496302122324157,0.17637765378818854,0.947739073716065,1.6307010371417823,874|709|654|954|234|53|179|27,0.94773907|0.64098243|0.99779817|0.92294113|0.99337568|0.85571987|0.599217|0.66500084,0|-6.0665716|-6.5618174|-6.9647018|-7.0992239|-7.3157189|-7.3972081|-7.5016596
0_0_0_10_14_8,-23.0,46,2,25,33,720,720,720,720,720,720,1,1,8,0.6813608531070262,0.9150357112305985,0.27451071336917954,inf,0.25995581500880705,0.06295342304586356,-0.03615960099750626,-0.03615960099750626,0.0,0.9150357112305985,0.15496302122324157,0.17637765378818854,0.676154333237004,-1.2902876653507782,720|719|351|286|43|442|372|810,0.67615433|0.54350803|0.6072354|0.96261173|0.96564735|0.62925026|0.88353219|0.50128316,0|-2.3272758|-2.346874|-2.799502|-2.8754214|-3.7080701|-3.9302959|-3.9468133
0_0_0_10_14_8,-23.0,46,2,26,34,314,314,314,314,314,314,1,1,8,0.6813608531070262,0.9150357112305985,0.27451071336917954,inf,0.27720075699408453,0.06295342304586356,-0.03615960099750626,-0.03615960099750626,0.0,0.9150357112305985,0.15496302122324157,0.17637765378818854,0.9830780466968514,0.1300742586517034,314|757|86|148|435|982|721|509,0.98307805|0.32852426|0.82112558|0.9345449|0.61272935|0.47923094|0.83248544|0.64085652,0|-5.2342143|-5.2810061|-5.6059525|-5.7166717|-6.4083976|-6.6374488|-6.7000018
0_0_0_10_14_8,-23.0,46,2,27,35,602,525,602,602,602,602,1,1,8,0.6813608531070262,0.9150357112305985,0.27451071336917954,inf,0.294445698979362,0.06295342304586356,-0.03615960099750626,-0.03615960099750626,0.0,0.9150357112305985,0.15496302122324157,0.17637765378818854,0.7958413705786239,0.9506516625487798,602|621|642|525|73|291|66|40,0.79584137|0.56872829|0.83932241|0.67933034|0.92539156|0.65718632|0.93308854|0.75103898,0|-3.4234802|-4.3655568|-4.4058167|-5.0822045|-5.1933986|-5.2658097|-5.3145544
0_0_0_10_14_8,-23.0,46,2,28,36,7,407,7,7,7,7,1,1,8,0.6813608531070262,0.9150357112305985,0.27451071336917954,inf,0.3116906409646396,0.06295342304586356,-0.03615960099750626,-0.03615960099750626,0.0,0.9150357112305985,0.15496302122324157,0.17637765378818854,0.97556103280271,0.3624992010540733,7|866|757|398|74|611|342|353,0.97556103|0.83494427|0.92489587|0.95113443|0.54699079|0.66120697|0.60247764|0.61878113,0|-2.8900109|-3.4179991|-3.7442821|-4.0332475|-4.0836466|-4.1119982|-4.337258
0_0_0_10_14_8,-23.0,46,2,29,37,610,386,610,610,610,610,1,1,8,0.6813608531070262,0.9150357112305985,0.27451071336917954,inf,0.3289355829499171,0.06295342304586356,-0.03615960099750626,-0.03615960099750626,0.0,0.9150357112305985,0.15496302122324157,0.17637765378818854,0.9504962842754826,0.02574076745231274,610|293|548|17|925|866|18|337,0.95049628|0.80525913|0.38938644|0.75170318|0.82170623|0.84222791|0.95324428|0.77139848,0|-5.4344422|-7.338413|-7.4637108|-7.567297|-7.7513347|-7.7882368|-8.0597096
0_0_0_10_14_8,-23.0,46,2,30,38,874,499,874,874,874,874,1,1,8,0.6813608531070262,0.9150357112305985,0.27451071336917954,inf,0.3461805249351947,0.06295342304586356,-0.03615960099750626,-0.03615960099750626,0.0,0.9150357112305985,0.15496302122324157,0.17637765378818854,0.9370720100911382,-2.934196794053324,874|74|134|592|419|932|328|596,0.93707201|0.98178443|0.93782013|0.69771545|0.90096433|0.68780949|0.74862309|0.98431155,0|-3.1931489|-3.2253162|-4.0025911|-4.2767602|-4.8278455|-4.8463799|-5.0284659
0_0_0_10_14_8,-23.0,46,2,31,39,913,834,913,913,913,913,1,1,8,0.6813608531070262,0.9150357112305985,0.27451071336917954,inf,0.3634254669204722,0.06295342304586356,-0.03615960099750626,-0.03615960099750626,0.0,0.9150357112305985,0.15496302122324157,0.17637765378818854,0.9934925580425419,-0.7148062092336976,913|488|56|154|244|236|83|53,0.99349256|0.51044766|0.8096892|0.75282763|0.94251443|0.89408655|0.5451095|0.86874318,0|-3.5679436|-4.6504302|-4.9551404|-5.2033193|-5.487008|-5.7299043|-5.7798925
0_0_0_10_14_8,-23.0,46,2,32,40,757,757,757,757,757,757,1,1,8,0.6813608531070262,0.9150357112305985,0.27451071336917954,inf,0.38067040890574977,0.06295342304586356,-0.03615960099750626,-0.03615960099750626,0.0,0.9150357112305985,0.15496302122324157,0.17637765378818854,0.9121403268007653,-1.1067202589453404,757|424|913|446|876|811|925|81,0.91214033|0.87810297|0.75676356|0.99052309|0.94419151|0.99330662|0.86442027|0.96919184,0|-7.1874701|-7.3770617|-7.455765|-8.0029068|-8.13549|-8.2602446|-8.2611837
0_0_0_10_14_8,-23.0,46,2,33,41,587,312,587,587,587,587,1,1,8,0.6813608531070262,0.9150357112305985,0.27451071336917954,inf,0.39791535089102725,0.06295342304586356,-0.03615960099750626,-0.03615960099750626,0.0,0.9150357112305985,0.15496302122324157,0.17637765378818854,0.9770068787530093,0.1518518019480002,587|1003|303|465|466|554|581|669,0.97700688|0.84241243|0.67862897|0.70013557|0.87906002|0.80329272|0.88785171|0.8246182,0|-3.7416879|-3.8446092|-4.0899648|-4.1574987|-4.4545453|-4.780222|-4.9906175
0_0_0_10_14_8,-23.0,46,2,34,42,932,35,932,932,932,932,1,1,8,0.6813608531070262,0.9150357112305985,0.27451071336917954,inf,0.41516029287630474,0.06295342304586356,-0.03615960099750626,-0.03615960099750626,0.0,0.9150357112305985,0.15496302122324157,0.17637765378818854,0.9822745662658926,0.636726063441089,932|786|902|284|83|1019|72|71,0.98227457|0.93893351|0.68042112|0.5911726|0.88895937|0.67806455|0.97776207|0.76893399,0|-2.2282879|-2.862607|-3.0350021|-3.1183321|-3.1850186|-3.7040644|-4.0133386
0_0_0_10_14_8,-24.0,46,0,0,8,803,623,803,803,803,803,1,1,7,0.6782020024799771,0.9512761072209289,0.2853828321662787,0.12,-0.9013468773986995,0.07380759364291485,-0.12094763092269328,-0.12094763092269328,0.0,0.9512761072209289,0.1187405367560741,0.23327756320534987,0.7855245298492834,0.8557626783190155,803|649|305|620|578|79|407|362,0.78552453|0.99336617|0.96506005|0.57797967|0.77493795|0.73232106|0.85496888|0.042535917,0|-1.9244592|-3.1793808|-4.3421599|-4.39088|-4.6779916|-5.1205282|-5.1893063
0_0_0_10_14_8,-24.0,46,0,1,9,826,826,826,826,826,826,1,1,7,0.6782020024799771,0.9512761072209289,0.2853828321662787,0.12,-0.8841495530643296,0.07380759364291485,-0.12094763092269328,-0.12094763092269328,0.0,0.9512761072209289,0.1187405367560741,0.23327756320534987,0.9712309219397631,0.310600399354939,826|193|769|412|500|229|394|493,0.97123092|0.76240766|0.86856039|0.89010697|0.61084108|0.80025442|0.60256389|0.81107391,0|-3.006007|-3.2460546|-3.8851399|-4.1612142|-4.2359034|-4.5038967|-4.5526038
0_0_0_10_14_8,-24.0,46,0,2,10,922,881,922,922,922,922,1,1,7,0.6782020024799771,0.9512761072209289,0.2853828321662787,0.12,-0.8669522287299598,0.07380759364291485,-0.12094763092269328,-0.12094763092269328,0.0,0.9512761072209289,0.1187405367560741,0.23327756320534987,0.8613876819793987,2.5838503066923626,922|117|789|438|422|24|221|444,0.86138768|0.76987175|0.50337577|0.81371894|0.84228741|0.94840687|0.76714092|0.48131627,0|-5.0239375|-5.309143|-5.6816422|-5.7567319|-5.7729521|-6.0253499|-6.0277946
0_0_0_10_14_8,-24.0,46,0,3,11,718,356,718,718,718,718,1,1,7,0.6782020024799771,0.9512761072209289,0.2853828321662787,0.12,-0.84975490439559,0.07380759364291485,-0.12094763092269328,-0.12094763092269328,0.0,0.9512761072209289,0.1187405367560741,0.23327756320534987,0.9362734570911606,0.14858139546309002,718|194|633|382|12|512|318|817,0.93627346|0.95824214|0.90303872|0.86271263|0.98122546|0.90457562|0.73506461|0.79648985,0|-2.5320383|-2.9007182|-3.360787|-3.5264983|-3.5295819|-3.5357316|-3.6276074
0_0_0_10_14_8,-24.0,46,0,4,12,86,772,631,631,820,820,1,1,7,0.6782020024799771,0.9512761072209289,0.2853828321662787,0.12,-0.8325575800612202,0.07380759364291485,-0.12094763092269328,-0.12094763092269328,0.0,0.9512761072209289,0.1187405367560741,0.23327756320534987,0.8805922083417403,2.1298232546177944,631|820|10|86|446|887|965|953,0.59766399|0.88059221|0.94968897|0.96535597|0.75581107|0.89692188|0.67696052|0.94331935,0|-0.017573345|-0.3466613|-0.63166645|-0.97202976|-0.97964811|-1.0078173|-1.1891782
0_0_0_10_14_8,-24.0,46,0,5,13,467,255,467,467,467,467,1,1,7,0.6782020024799771,0.9512761072209289,0.2853828321662787,0.12,-0.8153602557268503,0.07380759364291485,-0.12094763092269328,-0.12094763092269328,0.0,0.9512761072209289,0.1187405367560741,0.23327756320534987,0.760820974638817,0.9429495238528047,467|656|813|953|593|618|761|677,0.76082097|0.93556006|0.93691877|0.85552579|0.88716123|0.85180309|0.75501259|0.50651686,0|-0.72266914|-1.2898294|-1.4402513|-1.586795|-2.1089305|-2.1116951|-2.1532431
0_0_0_10_14_8,-24.0,46,0,6,14,89,727,89,89,89,89,1,1,7,0.6782020024799771,0.9512761072209289,0.2853828321662787,0.12,-0.7981629313924805,0.07380759364291485,-0.12094763092269328,-0.12094763092269328,0.0,0.9512761072209289,0.1187405367560741,0.23327756320534987,0.982604025381295,0.286899676563159,89|220|602|180|973|305|912|237,0.98260403|0.90470612|0.43145649|0.87102288|0.70407034|0.43029878|0.74244901|0.98397793,0|-4.6591888|-4.7843805|-4.9036635|-5.0095511|-5.2632506|-5.4010974|-5.4343358
0_0_0_10_14_8,-24.0,46,0,7,15,713,973,713,713,713,713,1,1,7,0.6782020024799771,0.9512761072209289,0.2853828321662787,0.12,-0.7809656070581107,0.07380759364291485,-0.12094763092269328,-0.12094763092269328,0.0,0.9512761072209289,0.1187405367560741,0.23327756320534987,0.9612636546622214,0.4824204591059834,713|854|337|14|195|170|61|662,0.96126365|0.87928249|0.62393189|0.91638298|0.99076309|0.92301606|0.69908221|0.7934444,0|-2.8850927|-3.4821417|-3.7323871|-3.9070656|-4.230805|-4.245663|-4.2605701
0_0_0_10_14_8,-24.0,46,0,8,16,865,41,865,865,865,865,1,1,7,0.6782020024799771,0.9512761072209289,0.2853828321662787,0.12,-0.7637682827237409,0.07380759364291485,-0.12094763092269328,-0.12094763092269328,0.0,0.9512761072209289,0.1187405367560741,0.23327756320534987,0.8320520811923021,-1.8614516295946237,865|304|926|472|553|19|373|302,0.83205208|0.6009604|0.85291824|0.52668717|0.95119675|0.88163547|0.62468559|0.93326295,0|-1.9074121|-2.7642838|-2.9790841|-2.98816|-3.0323399|-3.171993|-3.3259531
0_0_0_10_14_8,-24.0,46,0,9,17,405,879,493,493,493,493,1,1,7,0.6782020024799771,0.9512761072209289,0.2853828321662787,0.12,-0.746570958389371,0.07380759364291485,-0.12094763092269328,-0.12094763092269328,0.0,0.9512761072209289,0.1187405367560741,0.23327756320534987,0.8493939715890862,0.6584418385941924,493|354|648|183|405|630|505|185,0.84939397|0.98356258|0.60832227|0.70961401|0.69737335|0.34331919|0.37161137|0.97351184,0|-0.26164332|-0.99598368|-1.3584956|-1.6698663|-1.709832|-1.76135|-1.9405808
0_0_0_10_14_8,-24.0,46,0,10,18,765,266,765,765,765,765,1,1,7,0.6782020024799771,0.9512761072209289,0.2853828321662787,0.12,-0.7293736340550012,0.07380759364291485,-0.12094763092269328,-0.12094763092269328,0.0,0.9512761072209289,0.1187405367560741,0.23327756320534987,0.9496015863267149,0.7906627768386909,765|188|958|13|905|712|725|754,0.94960159|0.59522538|0.90752115|0.93132298|0.9346909|0.67174295|0.83484326|0.93872841,0|-4.7747058|-4.8561462|-5.0035111|-5.2343353|-5.6972591|-5.7126118|-5.9685594
0_0_0_10_14_8,-24.0,46,0,11,19,1023,721,1023,1023,1023,1023,1,1,7,0.6782020024799771,0.9512761072209289,0.2853828321662787,0.12,-0.7121763097206314,0.07380759364291485,-0.12094763092269328,-0.12094763092269328,0.0,0.9512761072209289,0.1187405367560741,0.23327756320534987,0.9415008466030562,-0.8929729908635682,1023|744|145|505|530|595|183|606,0.94150085|0.84011739|0.83313303|0.92815028|0.98621375|0.95707579|0.88902741|0.64544523,0|-2.528788|-3.6320387|-3.7803089|-3.9208528|-4.1345742|-4.5936485|-4.7282585
0_0_0_10_14_8,-24.0,46,0,12,20,597,607,597,597,597,597,1,1,7,0.6782020024799771,0.9512761072209289,0.2853828321662787,0.12,-0.6949789853862616,0.07380759364291485,-0.12094763092269328,-0.12094763092269328,0.0,0.9512761072209289,0.1187405367560741,0.23327756320534987,0.9085711868959396,0.05731606560795899,597|990|60|997|965|207|509|54,0.90857119|0.89081721|0.84800975|0.86340147|0.7665114|0.64887265|0.55035682|0.8961275,0|-1.8516642|-2.2271598|-3.2081203|-3.4851832|-3.4991017|-3.7459655|-3.8469861
0_0_0_10_14_8,-24.0,46,0,13,21,562,163,562,562,562,562,1,1,7,0.6782020024799771,0.9512761072209289,0.2853828321662787,0.12,-0.6777816610518917,0.07380759364291485,-0.12094763092269328,-0.12094763092269328,0.0,0.9512761072209289,0.1187405367560741,0.23327756320534987,0.7469787311503501,0.3464192168110114,562|690|448|976|218|706|911|162,0.74697873|0.95745597|0.72320336|0.88157231|0.60395818|0.94254972|0.94838553|0.92521851,0|-3.2004567|-3.8870138|-4.0063067|-4.4858299|-4.5363573|-4.8849238|-5.3150491
0_0_0_10_14_8,-24.0,46,0,14,22,478,978,478,478,478,478,1,1,7,0.6782020024799771,0.9512761072209289,0.2853828321662787,0.12,-0.6605843367175219,0.07380759364291485,-0.12094763092269328,-0.12094763092269328,0.0,0.9512761072209289,0.1187405367560741,0.23327756320534987,0.854719541069884,0.5686184028771908,478|236|761|834|576|402|521|592,0.85471954|0.91208945|0.95936462|0.98195181|0.54519575|0.10053382|0.40916476|0.74613714,0|-2.4407504|-4.5932092|-4.6997191|-4.8189465|-4.8596546|-4.9316692|-4.9605454
0_0_0_10_14_8,-24.0,46,0,15,23,267,267,267,267,267,267,1,1,7,0.6782020024799771,0.9512761072209289,0.2853828321662787,0.12,-0.6433870123831521,0.07380759364291485,-0.12094763092269328,-0.12094763092269328,0.0,0.9512761072209289,0.1187405367560741,0.23327756320534987,0.9208896187874283,0.8522585431032695,267|673|977|428|377|230|963|704,0.92088962|0.96637029|0.69286673|0.68576505|0.88758072|0.99531279|0.77952535|0.98432798,0|-5.849976|-6.1359491|-6.1365137|-6.2701838|-6.9117323|-7.1218749|-7.1270822
0_0_0_10_14_8,-24.0,46,0,16,24,917,406,917,917,917,917,1,1,7,0.6782020024799771,0.9512761072209289,0.2853828321662787,0.12,-0.6261896880487823,0.07380759364291485,-0.12094763092269328,-0.12094763092269328,0.0,0.9512761072209289,0.1187405367560741,0.23327756320534987,0.8538699057002861,1.4614550681082865,917|101|182|125|284|437|318|414,0.85386991|0.89508809|0.90025329|0.96685212|0.75823918|0.7330828|0.84566422|0.85689468,0|-2.7249873|-2.7829072|-3.442535|-3.5849426|-3.661582|-3.9267757|-4.2346251
0_0_0_10_14_8,-24.0,46,0,17,25,656,950,298,298,298,298,1,1,7,0.6782020024799771,0.9512761072209289,0.2853828321662787,0.12,-0.6089923637144125,0.07380759364291485,-0.12094763092269328,-0.12094763092269328,0.0,0.9512761072209289,0.1187405367560741,0.23327756320534987,0.9826310348560536,0.3875298350272211,298|58|656|711|569|884|842|851,0.98263103|0.96300556|0.58520369|0.92021152|0.42365554|0.76654527|0.69395164|0.85904544,0|-0.22446517|-0.37228303|-0.46929016|-0.71399563|-0.77672838|-1.0461472|-1.6178729
0_0_0_10_14_8,-24.0,46,0,18,26,889,889,889,889,889,889,1,1,7,0.6782020024799771,0.9512761072209289,0.2853828321662787,0.12,-0.5917950393800426,0.07380759364291485,-0.12094763092269328,-0.12094763092269328,0.0,0.9512761072209289,0.1187405367560741,0.23327756320534987,0.8922117492204719,1.5057497156642543,889|828|225|988|879|616|310|391,0.89221175|0.8332128|0.58591954|0.99869461|0.90224614|0.61075164|0.84762638|0.80651931,0|-3.9788917|-4.9922324|-5.2148812|-5.2909305|-6.0880246|-6.1268018|-6.1383704
0_0_0_10_14_8,-24.0,46,0,19,27,510,985,510,510,510,510,1,1,7,0.6782020024799771,0.9512761072209289,0.2853828321662787,0.12,-0.5745977150456728,0.07380759364291485,-0.12094763092269328,-0.12094763092269328,0.0,0.9512761072209289,0.1187405367560741,0.23327756320534987,0.9267852708208683,0.4923322649419563,510|211|602|287|611|249|843|489,0.92678527|0.52099409|0.90124036|0.78286282|0.98281099|0.52030775|0.69683507|0.41999544,0|-5.8067801|-5.9596149|-6.1265395|-6.5214944|-6.5619828|-6.6051086|-6.6351429
0_0_0_10_14_8,-24.0,46,0,20,28,860,104,860,860,860,860,1,1,7,0.6782020024799771,0.9512761072209289,0.2853828321662787,0.12,-0.5574003907113031,0.07380759364291485,-0.12094763092269328,-0.12094763092269328,0.0,0.9512761072209289,0.1187405367560741,0.23327756320534987,0.8013866328938767,0.5319941009769792,860|760|936|592|552|237|740|701,0.80138663|0.76011108|0.95651122|0.67657738|0.87853397|0.85672163|0.86521435|0.99763606,0|-0.11308629|-0.20288161|-0.26400407|-0.50859902|-0.51854678|-0.96794784|-1.0681495
0_0_0_10_14_8,-24.0,46,0,21,29,553,553,553,553,553,553,1,1,7,0.6782020024799771,0.9512761072209289,0.2853828321662787,0.12,-0.5402030663769333,0.07380759364291485,-0.12094763092269328,-0.12094763092269328,0.0,0.9512761072209289,0.1187405367560741,0.23327756320534987,0.6025004702040578,1.3251185704590218,553|494|778|165|793|602|289|189,0.60250047|0.78667693|0.97085352|0.73311543|0.81706954|0.69490633|0.99918418|0.98289532,0|-3.8865306|-4.2559052|-4.3305213|-4.5537646|-4.8092962|-4.9930261|-5.1329543
0_0_0_10_14_8,-24.0,46,0,22,30,629,712,599,599,599,599,1,1,7,0.6782020024799771,0.9512761072209289,0.2853828321662787,0.12,-0.5230057420425634,0.07380759364291485,-0.12094763092269328,-0.12094763092269328,0.0,0.9512761072209289,0.1187405367560741,0.23327756320534987,0.9608961841248269,-0.22190029294242555,599|629|406|704|176|284|588|874,0.96089618|0.87966547|0.74990053|0.69099558|0.81243714|0.032265741|0.76988477|0.85138637,0|-0.50346564|-0.94342647|-1.6984254|-1.7308837|-2.417151|-2.530292|-2.5318608
0_0_0_10_14_8,-24.0,46,0,23,31,759,83,759,759,759,759,1,1,7,0.6782020024799771,0.9512761072209289,0.2853828321662787,0.12,-0.5058084177081936,0.07380759364291485,-0.12094763092269328,-0.12094763092269328,0.0,0.9512761072209289,0.1187405367560741,0.23327756320534987,0.6484460165669086,1.413134745039585,759|641|60|330|537|796|815|902,0.64844602|0.41014886|0.9093515|0.68066978|0.84183358|0.99201304|0.96067908|0.86326673,0|-4.8855718|-4.9290228|-4.9639829|-5.2863403|-5.3160071|-5.3647481|-5.5375329
0_0_0_10_14_8,-24.0,46,0,24,32,874,330,874,874,874,874,1,1,7,0.6782020024799771,0.9512761072209289,0.2853828321662787,0.12,-0.4886110933738238,0.07380759364291485,-0.12094763092269328,-0.12094763092269328,0.0,0.9512761072209289,0.1187405367560741,0.23327756320534987,0.965203209710599,2.0689479369357686,874|102|478|196|955|579|604|44,0.96520321|0.96016268|0.78099088|0.89388131|0.92740505|0.65641568|0.69480916|0.75505931,0|-2.516916|-2.7679825|-3.0387005|-3.5456413|-3.5556932|-3.6117221|-3.9319576
0_0_0_10_14_8,-24.0,46,0,25,33,720,896,720,720,720,720,1,1,7,0.6782020024799771,0.9512761072209289,0.2853828321662787,0.12,-0.471413769039454,0.07380759364291485,-0.12094763092269328,-0.12094763092269328,0.0,0.9512761072209289,0.1187405367560741,0.23327756320534987,0.7624838757042479,1.6443221191645438,720|757|117|27|147|647|702|957,0.76248388|0.97466392|0.80254749|0.8569897|0.93556694|0.91089631|0.87223651|0.84256571,0|-1.015401|-1.1273938|-1.5154451|-1.9451869|-1.9531597|-1.9919533|-2.1379305
0_0_0_10_14_8,-24.0,46,0,26,34,314,314,314,314,314,314,1,1,7,0.6782020024799771,0.9512761072209289,0.2853828321662787,0.12,-0.45421644470508415,0.07380759364291485,-0.12094763092269328,-0.12094763092269328,0.0,0.9512761072209289,0.1187405367560741,0.23327756320534987,0.9515389695972749,0.451358831181963,314|129|718|539|728|48|72|337,0.95153897|0.94842686|0.87213765|0.66407893|0.97290074|0.53777442|0.91002208|0.85117166,0|-5.7260369|-6.5034977|-7.005672|-7.1481714|-7.3107749|-7.5451121|-7.7294571
0_0_0_10_14_8,-24.0,46,0,27,35,602,542,602,602,602,602,1,1,7,0.6782020024799771,0.9512761072209289,0.2853828321662787,0.12,-0.43701912037071433,0.07380759364291485,-0.12094763092269328,-0.12094763092269328,0.0,0.9512761072209289,0.1187405367560741,0.23327756320534987,0.9861947460038137,0.050475394703468845,602|655|542|855|427|803|920|172,0.98619475|0.82259392|0.81017529|0.8881292|0.49852485|0.58754233|0.59791799|0.72125353,0|-2.6419501|-3.8160204|-4.1380672|-4.1972387|-4.260777|-4.2901841|-4.4744935
0_0_0_10_14_8,-24.0,46,0,28,36,7,40,7,7,7,7,1,1,7,0.6782020024799771,0.9512761072209289,0.2853828321662787,0.12,-0.4198217960363445,0.07380759364291485,-0.12094763092269328,-0.12094763092269328,0.0,0.9512761072209289,0.1187405367560741,0.23327756320534987,0.990900906410718,1.1914044648621518,7|849|300|327|262|582|786|677,0.99090091|0.46925584|0.89985906|0.97032089|0.72394085|0.72880648|0.82514942|0.95506286,0|-0.85393657|-1.1362464|-1.2329857|-1.6446472|-2.2787447|-2.70952|-2.7778561
0_0_0_10_14_8,-24.0,46,0,29,37,610,94,610,610,610,610,1,1,7,0.6782020024799771,0.9512761072209289,0.2853828321662787,0.12,-0.4026244717019747,0.07380759364291485,-0.12094763092269328,-0.12094763092269328,0.0,0.9512761072209289,0.1187405367560741,0.23327756320534987,0.6999654625071248,1.3708111781353007,610|341|15|309|117|677|382|881,0.69996546|0.88755667|0.90284424|0.97912229|0.60202427|0.92622904|0.55238961|0.77687147,0|-4.727296|-5.3833404|-6.2360204|-6.4081186|-6.4362432|-6.7742105|-6.8513487
0_0_0_10_14_8,-24.0,46,0,30,38,839,839,839,839,839,839,1,1,7,0.6782020024799771,0.9512761072209289,0.2853828321662787,0.12,-0.38542714736760486,0.07380759364291485,-0.12094763092269328,-0.12094763092269328,0.0,0.9512761072209289,0.1187405367560741,0.23327756320534987,0.8241961563030966,1.177369834917187,839|499|448|198|607|302|962|654,0.82419616|0.52512554|0.90730138|0.75495837|0.93417053|0.91041486|0.98222005|0.74007006,0|-3.6098522|-3.6735348|-3.8428428|-4.4565953|-4.5811472|-4.7945886|-4.8143551
0_0_0_10_14_8,-24.0,46,0,31,39,913,496,913,913,913,913,1,1,7,0.6782020024799771,0.9512761072209289,0.2853828321662787,0.12,-0.36822982303323504,0.07380759364291485,-0.12094763092269328,-0.12094763092269328,0.0,0.9512761072209289,0.1187405367560741,0.23327756320534987,0.9219451936686536,-2.2882040133836585,913|272|158|314|191|107|359|63,0.92194519|0.91580171|0.97457475|0.73768526|0.63471612|0.91847379|0.34190916|0.69262865,0|-1.3470624|-2.9429374|-3.098613|-3.1189741|-3.173593|-3.217313|-3.2833717
0_0_0_10_14_8,-24.0,46,0,32,40,764,1019,764,764,764,764,1,1,7,0.6782020024799771,0.9512761072209289,0.2853828321662787,0.12,-0.3510324986988652,0.07380759364291485,-0.12094763092269328,-0.12094763092269328,0.0,0.9512761072209289,0.1187405367560741,0.23327756320534987,0.6817162118911452,2.7028317837949016,764|342|150|587|794|448|31|74,0.68171621|0.49384607|0.99284229|0.95148405|0.95156569|0.88529698|0.91217824|0.9845567,0|-2.3501654|-2.5856023|-2.9017335|-3.4449073|-3.5228805|-3.890634|-3.9306985
0_0_0_10_14_8,-24.0,46,0,33,41,577,810,577,577,577,577,1,1,7,0.6782020024799771,0.9512761072209289,0.2853828321662787,0.12,-0.3338351743644954,0.07380759364291485,-0.12094763092269328,-0.12094763092269328,0.0,0.9512761072209289,0.1187405367560741,0.23327756320534987,0.813697878711125,-0.8932764214965151,577|364|84|22|678|809|251|649,0.81369788|0.79219362|0.78146241|0.98029089|0.62574979|0.4903102|0.9204372|0.81550062,0|-1.4672874|-1.9581116|-2.5785692|-2.7387092|-3.2202231|-3.275384|-3.4283083
0_0_0_10_14_8,-24.0,46,0,34,42,936,1021,936,936,936,936,1,1,7,0.6782020024799771,0.9512761072209289,0.2853828321662787,0.12,-0.31663785003012557,0.07380759364291485,-0.12094763092269328,-0.12094763092269328,0.0,0.9512761072209289,0.1187405367560741,0.23327756320534987,0.9198773501120285,1.117486045768276,936|665|581|958|964|253|488|85,0.91987735|0.91036707|0.58721369|0.90909252|0.74627417|0.83501249|0.85181045|0.79692701,0|-0.32798647|-1.1326283|-1.2049829|-1.6915117|-1.6986373|-1.7332684|-1.8262917
0_0_0_10_14_8,-24.0,46,1,0,8,222,222,222,222,222,222,1,1,8,0.8847051230933503,0.8919830705113436,0.26759492115340305,inf,0.10758443933110612,-0.03480098648229729,-0.04862842892768082,-0.04862842892768082,0.0,0.8919830705113436,0.15104078657948172,0.16632397110669012,0.9157665409370158,-0.9121328716059218,222|794|1010|455|907|147|976|666,0.91576654|0.72997504|0.73408786|0.4930435|0.65737421|0.82008087|0.95468382|0.94257963,0|-3.5612864|-4.0303897|-4.470779|-4.4852616|-4.7390659|-4.9658356|-5.0020236
0_0_0_10_14_8,-24.0,46,1,1,9,711,711,711,711,711,711,1,1,8,0.8847051230933503,0.8919830705113436,0.26759492115340305,inf,0.12481160846054745,-0.03480098648229729,-0.04862842892768082,-0.04862842892768082,0.0,0.8919830705113436,0.15104078657948172,0.16632397110669012,0.9919151070024999,-0.23348644430564922,711|389|297|412|739|330|138|702,0.99191511|0.57075925|0.78659776|0.29008994|0.67414417|0.45677781|0.97037618|0.89095241,0|-5.7815948|-5.8629533|-6.1114325|-6.2085674|-6.5652143|-6.6139976|-6.6844836
0_0_0_10_14_8,-24.0,46,1,2,10,871,871,871,871,871,871,1,1,8,0.8847051230933503,0.8919830705113436,0.26759492115340305,inf,0.14203877758998878,-0.03480098648229729,-0.04862842892768082,-0.04862842892768082,0.0,0.8919830705113436,0.15104078657948172,0.16632397110669012,0.9430874880624386,0.9858716019442014,871|276|813|874|825|601|497|209,0.94308749|0.89391747|0.92665671|0.74974747|0.86881793|0.88660455|0.97043563|0.90039942,0|-5.8833298|-6.4658168|-6.5444896|-6.6408875|-6.98564|-7.095821|-7.2826871
0_0_0_10_14_8,-24.0,46,1,3,11,718,47,718,718,718,718,1,1,8,0.8847051230933503,0.8919830705113436,0.26759492115340305,inf,0.15926594671943012,-0.03480098648229729,-0.04862842892768082,-0.04862842892768082,0.0,0.8919830705113436,0.15104078657948172,0.16632397110669012,0.9762279834168449,0.33645569919735824,718|278|41|15|632|239|963|730,0.97622798|0.80913157|0.79534567|0.96835918|0.80710845|0.7132342|0.91204864|0.96430314,0|-3.757211|-3.7761937|-3.7919348|-4.7647539|-4.8830938|-4.9216012|-4.9970134
0_0_0_10_14_8,-24.0,46,1,4,12,107,107,107,107,107,107,1,1,8,0.8847051230933503,0.8919830705113436,0.26759492115340305,inf,0.1764931158488714,-0.03480098648229729,-0.04862842892768082,-0.04862842892768082,0.0,0.8919830705113436,0.15104078657948172,0.16632397110669012,0.9127756261347646,-0.1601000459976339,107|437|656|490|786|13|98|228,0.91277563|0.81085581|0.5814725|0.75744479|0.91509118|0.97457781|0.90628344|0.93905965,0|-2.7826911|-2.9404133|-2.9922444|-3.0377325|-3.3206565|-3.8170347|-3.8864317
0_0_0_10_14_8,-24.0,46,1,5,13,467,997,467,467,467,467,1,1,8,0.8847051230933503,0.8919830705113436,0.26759492115340305,inf,0.19372028497831273,-0.03480098648229729,-0.04862842892768082,-0.04862842892768082,0.0,0.8919830705113436,0.15104078657948172,0.16632397110669012,0.9511852020106565,0.24924934665100132,467|722|129|562|169|555|234|716,0.9511852|0.95107698|0.90274479|0.97122892|0.95083473|0.913275|0.81102303|0.67673865,0|-2.2907014|-3.6713707|-3.7172985|-3.8499856|-4.4580577|-4.4641551|-4.5336034
0_0_0_10_14_8,-24.0,46,1,6,14,89,89,89,89,89,89,1,1,8,0.8847051230933503,0.8919830705113436,0.26759492115340305,inf,0.21094745410775406,-0.03480098648229729,-0.04862842892768082,-0.04862842892768082,0.0,0.8919830705113436,0.15104078657948172,0.16632397110669012,0.851487174124925,1.1594242543263056,89|804|645|954|511|51|692|184,0.85148717|0.68486365|0.97832667|0.97163032|0.50601572|0.70403843|0.93682992|0.74006735,0|-5.8242619|-5.9040692|-6.3473706|-6.9088723|-6.9793286|-7.058775|-7.1934627
0_0_0_10_14_8,-24.0,46,1,7,15,713,1004,713,713,713,713,1,1,8,0.8847051230933503,0.8919830705113436,0.26759492115340305,inf,0.2281746232371954,-0.03480098648229729,-0.04862842892768082,-0.04862842892768082,0.0,0.8919830705113436,0.15104078657948172,0.16632397110669012,0.868406350930908,0.83765916663882,713|151|111|350|1014|620|391|255,0.86840635|0.94401979|0.46504607|0.89114516|0.93424464|0.62817171|0.70707801|0.46000761,0|-2.9261793|-4.5487678|-5.3330156|-5.4561165|-5.7206923|-5.764344|-5.9149566
0_0_0_10_14_8,-24.0,46,1,8,16,865,145,865,865,865,865,1,1,8,0.8847051230933503,0.8919830705113436,0.26759492115340305,inf,0.24540179236663667,-0.03480098648229729,-0.04862842892768082,-0.04862842892768082,0.0,0.8919830705113436,0.15104078657948172,0.16632397110669012,0.9849959202358932,-0.48557182151185857,865|895|698|542|105|248|1007|375,0.98499592|0.89587526|0.90813673|0.94673607|0.85338493|0.99723535|0.91783334|0.28237503,0|-3.4111612|-4.8492485|-4.9057688|-5.7979888|-6.1510519|-6.2104342|-6.2181553
0_0_0_10_14_8,-24.0,46,1,9,17,405,630,405,405,405,405,1,1,8,0.8847051230933503,0.8919830705113436,0.26759492115340305,inf,0.26262896149607806,-0.03480098648229729,-0.04862842892768082,-0.04862842892768082,0.0,0.8919830705113436,0.15104078657948172,0.16632397110669012,0.5122069300565791,-2.4648013355499696,405|868|374|185|594|663|346|568,0.51220693|0.88773346|0.7663232|0.95388555|0.69667292|0.67647877|0.25389559|0.65199666,0|-3.1857051|-3.6223674|-4.1345247|-4.4216067|-4.5212406|-4.9050607|-5.0821403
0_0_0_10_14_8,-24.0,46,1,10,18,765,66,45,45,45,45,1,1,8,0.8847051230933503,0.8919830705113436,0.26759492115340305,inf,0.2798561306255193,-0.03480098648229729,-0.04862842892768082,-0.04862842892768082,0.0,0.8919830705113436,0.15104078657948172,0.16632397110669012,0.9471798015108654,0.5946237123663969,45|765|840|143|1023|790|111|412,0.9471798|0.72596797|0.90797846|0.75274804|0.85720235|0.81399093|0.84995304|0.89556277,0|-1.4354848|-1.790431|-1.8191088|-2.4349045|-2.8772955|-2.9352102|-2.9534241
0_0_0_10_14_8,-24.0,46,1,11,19,1023,359,1023,1023,1023,1023,1,1,8,0.8847051230933503,0.8919830705113436,0.26759492115340305,inf,0.2970832997549606,-0.03480098648229729,-0.04862842892768082,-0.04862842892768082,0.0,0.8919830705113436,0.15104078657948172,0.16632397110669012,0.9930944650007847,-0.13636541856595152,1023|517|359|181|760|322|16|342,0.99309447|0.8565985|0.87731725|0.70348185|0.93021188|0.46203601|0.99417944|0.73061153,0|-2.3951648|-3.3833833|-3.6966639|-4.3989992|-4.6292848|-4.6531955|-4.9523478
0_0_0_10_14_8,-24.0,46,1,12,20,597,509,597,597,597,597,1,1,8,0.8847051230933503,0.8919830705113436,0.26759492115340305,inf,0.31431046888440195,-0.03480098648229729,-0.04862842892768082,-0.04862842892768082,0.0,0.8919830705113436,0.15104078657948172,0.16632397110669012,0.8724179234564834,-0.2039696137670588,597|88|536|508|605|777|827|535,0.87241792|0.96165396|0.88954421|0.9854358|0.60270146|0.7907116|0.4529201|0.41471194,0|-4.5085345|-5.0879819|-5.4527322|-5.4857336|-5.7252321|-5.7747594|-5.8332567
0_0_0_10_14_8,-24.0,46,1,13,21,562,358,562,562,562,562,1,1,8,0.8847051230933503,0.8919830705113436,0.26759492115340305,inf,0.3315376380138433,-0.03480098648229729,-0.04862842892768082,-0.04862842892768082,0.0,0.8919830705113436,0.15104078657948172,0.16632397110669012,0.7420026501973608,-0.5271762195833349,562|407|840|20|743|543|1004|768,0.74200265|0.93925993|0.80080867|0.8799165|0.76260231|0.97082495|0.47569925|0.96565996,0|-4.704134|-4.9813871|-5.9947738|-6.1083311|-6.2149044|-6.5277799|-6.5484416
0_0_0_10_14_8,-24.0,46,1,14,22,478,478,478,478,478,478,1,1,8,0.8847051230933503,0.8919830705113436,0.26759492115340305,inf,0.3487648071432846,-0.03480098648229729,-0.04862842892768082,-0.04862842892768082,0.0,0.8919830705113436,0.15104078657948172,0.16632397110669012,0.9032846408875347,0.4926540118876307,478|617|201|707|947|607|52|380,0.90328464|0.98353883|0.87732863|0.41726724|0.95813542|0.85214043|0.93830066|0.65866499,0|-1.8535768|-2.9153157|-3.3679555|-3.4186662|-3.4912169|-3.6722724|-3.9151154
0_0_0_10_14_8,-24.0,46,1,15,23,267,267,267,267,267,267,1,1,8,0.8847051230933503,0.8919830705113436,0.26759492115340305,inf,0.36599197627272595,-0.03480098648229729,-0.04862842892768082,-0.04862842892768082,0.0,0.8919830705113436,0.15104078657948172,0.16632397110669012,0.9775566168130011,-0.49593423786301,267|602|379|872|941|963|934|614,0.97755662|0.87749042|0.69317584|0.76127158|0.98861522|0.9397862|0.93872629|0.97037433,0|-3.4159912|-4.1869678|-4.1972539|-4.3382945|-4.3673151|-4.3815026|-4.4455167
0_0_0_10_14_8,-24.0,46,1,16,24,917,917,917,917,917,917,1,1,8,0.8847051230933503,0.8919830705113436,0.26759492115340305,inf,0.3832191454021673,-0.03480098648229729,-0.04862842892768082,-0.04862842892768082,0.0,0.8919830705113436,0.15104078657948172,0.16632397110669012,0.9688810003379141,-2.5022519427475047,917|536|829|368|240|820|611|59,0.968881|0.63897396|0.82648556|0.88238255|0.7330611|0.70653407|0.88786107|0.49614563,0|-6.1538454|-6.8340387|-7.2199646|-7.4649518|-7.6753921|-7.8347009|-7.8767298
0_0_0_10_14_8,-24.0,46,1,17,25,656,656,656,656,656,656,1,1,8,0.8847051230933503,0.8919830705113436,0.26759492115340305,inf,0.4004463145316086,-0.03480098648229729,-0.04862842892768082,-0.04862842892768082,0.0,0.8919830705113436,0.15104078657948172,0.16632397110669012,0.8295575126955477,0.947589707041123,656|938|219|590|740|440|499|619,0.82955751|0.94497128|0.88266333|0.76851137|0.72663163|0.94729369|0.836474|0.8842402,0|-6.6054597|-6.673951|-6.8857437|-7.2498111|-7.4229502|-7.5061117|-7.6974792
0_0_0_10_14_8,-24.0,46,1,18,26,889,515,889,889,889,889,1,1,8,0.8847051230933503,0.8919830705113436,0.26759492115340305,inf,0.41767348366104984,-0.03480098648229729,-0.04862842892768082,-0.04862842892768082,0.0,0.8919830705113436,0.15104078657948172,0.16632397110669012,0.925188743121595,-0.22103481138744058,889|640|188|139|172|794|325|82,0.92518874|0.9535475|0.87968769|0.94139582|0.83634775|0.97429219|0.95649578|0.89716239,0|-5.0917726|-5.2178117|-5.9197166|-6.024812|-6.379152|-6.5508377|-6.6144994
0_0_0_10_14_8,-24.0,46,1,19,27,510,302,510,510,510,510,1,1,8,0.8847051230933503,0.8919830705113436,0.26759492115340305,inf,0.43490065279049117,-0.03480098648229729,-0.04862842892768082,-0.04862842892768082,0.0,0.8919830705113436,0.15104078657948172,0.16632397110669012,0.8507458938842172,0.23388599472833102,510|70|307|959|408|360|862|537,0.85074589|0.8253384|0.72633667|0.93992385|0.72601221|0.94653984|0.88094181|0.96877758,0|-1.2479982|-1.4029209|-1.8415588|-2.0810638|-2.2414682|-2.3021367|-2.3501782
0_0_0_10_14_8,-24.0,46,1,20,28,860,82,860,860,860,860,1,1,8,0.8847051230933503,0.8919830705113436,0.26759492115340305,inf,0.4521278219199325,-0.03480098648229729,-0.04862842892768082,-0.04862842892768082,0.0,0.8919830705113436,0.15104078657948172,0.16632397110669012,0.7110045149109991,-2.6320552879075025,860|978|550|82|318|60|744|3,0.71100451|0.73631901|0.33922022|0.68650925|0.84759531|0.89055833|0.86722199|0.83848043,0|-4.4316538|-4.5946214|-5.0304584|-5.0414926|-5.3626143|-5.5967577|-5.6162417
0_0_0_10_14_8,-24.0,46,1,21,29,553,553,553,553,553,553,1,1,8,0.8847051230933503,0.8919830705113436,0.26759492115340305,inf,0.46935499104937384,-0.03480098648229729,-0.04862842892768082,-0.04862842892768082,0.0,0.8919830705113436,0.15104078657948172,0.16632397110669012,0.992550793494314,0.09925285112705323,553|33|419|453|25|485|155|411,0.99255079|0.88030602|0.47458484|0.88043435|0.99830933|0.85861622|0.9881861|0.54704703,0|-4.6063662|-4.8264854|-5.5013133|-5.6437036|-5.7017453|-5.8449101|-6.0066049
0_0_0_10_14_8,-24.0,46,1,22,30,629,186,629,629,629,629,1,1,8,0.8847051230933503,0.8919830705113436,0.26759492115340305,inf,0.48658216017881517,-0.03480098648229729,-0.04862842892768082,-0.04862842892768082,0.0,0.8919830705113436,0.15104078657948172,0.16632397110669012,0.8288534628627785,-0.13796630183738584,629|30|228|42|1009|925|580|930,0.82885346|0.86446768|0.99274681|0.81109126|0.80512485|0.92186096|0.58420358|0.38210883,0|-3.0804185|-3.2075466|-3.2127468|-3.6719425|-4.0469441|-4.3614967|-4.4300753
0_0_0_10_14_8,-24.0,46,1,23,31,759,759,759,759,759,759,1,1,8,0.8847051230933503,0.8919830705113436,0.26759492115340305,inf,0.5038093293082565,-0.03480098648229729,-0.04862842892768082,-0.04862842892768082,0.0,0.8919830705113436,0.15104078657948172,0.16632397110669012,0.976541543124396,0.38703249877780077,759|131|1011|992|826|316|72|800,0.97654154|0.98346642|0.98202279|0.86018942|0.82138751|0.98634641|0.8600169|0.74312796,0|-5.3267952|-6.6852448|-6.7909844|-6.8538896|-7.1401125|-7.2859332|-7.7300163
0_0_0_10_14_8,-24.0,46,1,24,32,874,485,874,874,874,874,1,1,8,0.8847051230933503,0.8919830705113436,0.26759492115340305,inf,0.5210364984376978,-0.03480098648229729,-0.04862842892768082,-0.04862842892768082,0.0,0.8919830705113436,0.15104078657948172,0.16632397110669012,0.988621695834466,-0.048519354910995904,874|196|582|414|739|475|485|965,0.9886217|0.98356069|0.89772519|0.73606979|0.87886194|0.7270216|0.71105204|0.69674911,0|-1.9036765|-2.5156245|-2.8996862|-2.9792412|-3.0566044|-3.7339358|-3.8187877
0_0_0_10_14_8,-24.0,46,1,25,33,720,45,720,720,720,720,1,1,8,0.8847051230933503,0.8919830705113436,0.26759492115340305,inf,0.5382636675671392,-0.03480098648229729,-0.04862842892768082,-0.04862842892768082,0.0,0.8919830705113436,0.15104078657948172,0.16632397110669012,0.9762145802130371,-0.13905119190733461,720|837|189|280|207|249|687|10,0.97621458|0.94137809|0.82689087|0.66487801|0.90835871|0.68749192|0.95810817|0.86120339,0|-3.8557875|-3.9024939|-3.937897|-4.4991149|-4.5172231|-4.8131607|-4.8403287
0_0_0_10_14_8,-24.0,46,1,26,34,314,629,314,314,314,314,1,1,8,0.8847051230933503,0.8919830705113436,0.26759492115340305,inf,0.5554908366965804,-0.03480098648229729,-0.04862842892768082,-0.04862842892768082,0.0,0.8919830705113436,0.15104078657948172,0.16632397110669012,0.6939456340422783,1.59761131745873,314|906|338|67|528|679|33|499,0.69394563|0.93542671|0.9745811|0.94471622|0.88327642|0.93768333|0.67779272|0.86750416,0|-2.667447|-3.0380598|-3.192786|-3.566395|-3.570602|-3.8103996|-3.9075317
0_0_0_10_14_8,-24.0,46,1,27,35,602,108,602,602,602,602,1,1,8,0.8847051230933503,0.8919830705113436,0.26759492115340305,inf,0.5727180058260217,-0.03480098648229729,-0.04862842892768082,-0.04862842892768082,0.0,0.8919830705113436,0.15104078657948172,0.16632397110669012,0.9129279687289762,0.6431698508944388,602|289|902|368|540|464|452|782,0.91292797|0.53529663|0.98802334|0.99802099|0.8470833|0.96445417|0.93474697|0.99015092,0|-2.2843014|-3.3940996|-3.5074656|-3.5338853|-3.7289119|-3.8779704|-3.9283893
0_0_0_10_14_8,-24.0,46,1,28,36,7,7,7,7,7,7,1,1,8,0.8847051230933503,0.8919830705113436,0.26759492115340305,inf,0.5899451749554631,-0.03480098648229729,-0.04862842892768082,-0.04862842892768082,0.0,0.8919830705113436,0.15104078657948172,0.16632397110669012,0.971092945443943,0.0640980324981407,7|72|557|516|486|705|1015|13,0.97109295|0.81762914|0.96020443|0.62331724|0.78596683|0.38630453|0.92617265|0.74111942,0|-4.4761437|-4.564173|-4.8028685|-5.8132955|-5.8794974|-5.9224388|-5.9761142
0_0_0_10_14_8,-24.0,46,1,29,37,610,692,610,610,610,610,1,1,8,0.8847051230933503,0.8919830705113436,0.26759492115340305,inf,0.6071723440849044,-0.03480098648229729,-0.04862842892768082,-0.04862842892768082,0.0,0.8919830705113436,0.15104078657948172,0.16632397110669012,0.6327543509719691,1.339890953469331,610|1|870|179|892|762|638|4,0.63275435|0.99606246|0.49728982|0.94155298|0.94285837|0.93202482|0.99882384|0.80800352,0|-4.3676742|-4.9629044|-5.0072349|-5.323547|-5.4170421|-5.4291179|-5.5368117
0_0_0_10_14_8,-24.0,46,1,30,38,842,842,842,842,842,842,1,1,8,0.8847051230933503,0.8919830705113436,0.26759492115340305,inf,0.6243995132143457,-0.03480098648229729,-0.04862842892768082,-0.04862842892768082,0.0,0.8919830705113436,0.15104078657948172,0.16632397110669012,0.8508101812540428,1.6448808136961433,842|703|675|181|483|565|905|865,0.85081018|0.93418997|0.87472197|0.6475051|0.96999501|0.94791965|0.95036835|0.49875158,0|-4.3770524|-4.5723608|-4.9372445|-5.0864529|-5.1011303|-5.2326251|-5.3420175
0_0_0_10_14_8,-24.0,46,1,31,39,928,928,928,928,928,928,1,1,8,0.8847051230933503,0.8919830705113436,0.26759492115340305,inf,0.6416266823437871,-0.03480098648229729,-0.04862842892768082,-0.04862842892768082,0.0,0.8919830705113436,0.15104078657948172,0.16632397110669012,0.9377268069713919,1.553603491530454,928|272|206|504|768|641|516|777,0.93772681|0.86778956|0.82041162|0.88853914|0.70326975|0.14127981|0.96883392|0.74559551,0|-5.6792068|-5.9384372|-6.0854429|-6.2280878|-6.6560776|-6.6846589|-6.9767084
0_0_0_10_14_8,-24.0,46,1,32,40,744,744,744,744,744,744,1,1,8,0.8847051230933503,0.8919830705113436,0.26759492115340305,inf,0.6588538514732284,-0.03480098648229729,-0.04862842892768082,-0.04862842892768082,0.0,0.8919830705113436,0.15104078657948172,0.16632397110669012,0.9833417302764548,-0.1241713913527071,744|761|876|946|607|787|276|745,0.98334173|0.9319935|0.99083924|0.96848265|0.14362419|0.99646973|0.88604183|0.64527958,0|-4.8112377|-5.6970868|-5.9859058|-6.1126517|-6.246086|-6.3600569|-6.4135487
0_0_0_10_14_8,-24.0,46,1,33,41,586,918,586,586,586,586,1,1,8,0.8847051230933503,0.8919830705113436,0.26759492115340305,inf,0.6760810206026697,-0.03480098648229729,-0.04862842892768082,-0.04862842892768082,0.0,0.8919830705113436,0.15104078657948172,0.16632397110669012,0.5978816206341654,-1.4971442054199484,586|583|945|249|748|461|225|297,0.59788162|0.58512396|0.95913405|0.69298802|0.8434314|0.87665679|0.88411844|0.71436768,0|-1.5948109|-1.8599566|-2.0478012|-2.2347427|-2.3229193|-2.3276554|-2.3786099
0_0_0_10_14_8,-24.0,46,1,34,42,91,600,91,91,91,91,1,1,8,0.8847051230933503,0.8919830705113436,0.26759492115340305,inf,0.693308189732111,-0.03480098648229729,-0.04862842892768082,-0.04862842892768082,0.0,0.8919830705113436,0.15104078657948172,0.16632397110669012,0.8404841088191791,-2.4086435396956865,91|716|617|108|696|320|10|1009,0.84048411|0.9369516|0.87301677|0.9275245|0.74004437|0.43948717|0.76577631|0.75167383,0|-6.1236648|-6.5938946|-6.7838882|-6.8345098|-7.0304641|-7.4033736|-7.6818405
0_0_0_10_14_8,-24.0,46,2,0,8,803,719,803,803,803,803,1,1,8,0.7265542988561517,0.8987106318787486,0.26961318956362457,inf,-0.26465487868094045,0.08543434263702707,-0.051122194513715746,-0.051122194513715746,0.0,0.8987106318787486,0.1536671112286554,0.21934243924719118,0.9840499397163597,0.47752787532003743,803|700|54|85|639|330|964|996,0.98404994|0.60664012|0.96466005|0.80457882|0.32904599|0.76027529|0.90932243|0.56307878,0|-0.68984923|-2.7406854|-2.7909965|-3.2340525|-3.6320251|-4.1305036|-4.2635732
0_0_0_10_14_8,-24.0,46,2,1,9,711,737,717,717,717,717,0,0,8,0.7265542988561517,0.8987106318787486,0.26961318956362457,inf,-0.2474099366956629,0.08543434263702707,-0.051122194513715746,-0.051122194513715746,0.0,0.8987106318787486,0.1536671112286554,0.21934243924719118,0.9544188969247052,0.27167104219780547,717|719|330|770|731|721|605|287,0.9544189|0.7155824|0.84698455|0.78460307|0.93347279|0.99816648|0.76220729|0.82070747,0|-0.43707582|-0.46703638|-0.7367107|-0.96015437|-1.1458489|-1.2020349|-1.2303819
0_0_0_10_14_8,-24.0,46,2,2,10,871,871,871,871,871,871,1,1,8,0.7265542988561517,0.8987106318787486,0.26961318956362457,inf,-0.23016499471038537,0.08543434263702707,-0.051122194513715746,-0.051122194513715746,0.0,0.8987106318787486,0.1536671112286554,0.21934243924719118,0.576315447264959,1.740537919116445,871|73|923|209|596|111|208|94,0.57631545|0.93326361|0.88762952|0.90633375|0.94810226|0.97922806|0.94561537|0.79420294,0|-1.8365786|-2.152556|-2.6265556|-2.926789|-3.146425|-3.3275083|-3.3475563
0_0_0_10_14_8,-24.0,46,2,3,11,718,599,718,718,718,718,1,1,8,0.7265542988561517,0.8987106318787486,0.26961318956362457,inf,-0.21292005272510783,0.08543434263702707,-0.051122194513715746,-0.051122194513715746,0.0,0.8987106318787486,0.1536671112286554,0.21934243924719118,0.9358177874009903,0.7466658658959908,718|347|820|871|214|649|61|39,0.93581779|0.95564879|0.87332094|0.96862081|0.96865685|0.44449547|0.83344916|0.97528667,0|-5.3503141|-5.362221|-5.544033|-5.8223487|-5.9300156|-6.0713433|-6.2796923
0_0_0_10_14_8,-24.0,46,2,4,12,86,271,86,86,86,86,1,1,8,0.7265542988561517,0.8987106318787486,0.26961318956362457,inf,-0.1956751107398303,0.08543434263702707,-0.051122194513715746,-0.051122194513715746,0.0,0.8987106318787486,0.1536671112286554,0.21934243924719118,0.9793920451432393,1.8485965376964444,86|474|426|638|666|763|521|597,0.97939205|0.89452859|0.43632301|0.77790063|0.82141143|0.79136599|0.97159488|0.50743899,0|-2.6130036|-2.6875376|-2.8664859|-2.9607599|-3.548614|-4.0995088|-4.164992
0_0_0_10_14_8,-24.0,46,2,5,13,467,588,467,467,467,467,1,1,8,0.7265542988561517,0.8987106318787486,0.26961318956362457,inf,-0.17843016875455275,0.08543434263702707,-0.051122194513715746,-0.051122194513715746,0.0,0.8987106318787486,0.1536671112286554,0.21934243924719118,0.8247177344898736,-0.7109306933490493,467|724|685|762|303|177|761|792,0.82471773|0.93025179|0.91772604|0.89531752|0.68245439|0.85822676|0.64210173|0.54404192,0|-2.6429015|-3.6071495|-3.6444794|-3.6772755|-3.9193321|-3.9729438|-4.3023736
0_0_0_10_14_8,-24.0,46,2,6,14,89,377,89,89,89,89,1,1,8,0.7265542988561517,0.8987106318787486,0.26961318956362457,inf,-0.16118522676927527,0.08543434263702707,-0.051122194513715746,-0.051122194513715746,0.0,0.8987106318787486,0.1536671112286554,0.21934243924719118,0.9780717200253403,0.3390540865887474,89|819|885|716|106|706|997|406,0.97807172|0.91797948|0.82438179|0.85066001|0.88896021|0.83658542|0.92618093|0.72641615,0|-2.1746502|-2.8836468|-3.8780331|-3.9886603|-4.4539095|-4.5173517|-4.941999
0_0_0_10_14_8,-24.0,46,2,7,15,713,667,713,713,713,713,1,1,8,0.7265542988561517,0.8987106318787486,0.26961318956362457,inf,-0.14394028478399773,0.08543434263702707,-0.051122194513715746,-0.051122194513715746,0.0,0.8987106318787486,0.1536671112286554,0.21934243924719118,0.823252556209988,-1.470518100229775,713|356|840|1022|138|498|234|839,0.82325256|0.74981037|0.78746004|0.90547161|0.93254975|0.65556374|0.99550264|0.19991753,0|-3.078546|-3.96706|-4.1633088|-4.4250205|-4.5781474|-4.6921118|-4.8049742
0_0_0_10_14_8,-24.0,46,2,8,16,865,194,865,865,865,865,1,1,8,0.7265542988561517,0.8987106318787486,0.26961318956362457,inf,-0.1266953427987202,0.08543434263702707,-0.051122194513715746,-0.051122194513715746,0.0,0.8987106318787486,0.1536671112286554,0.21934243924719118,0.9385941425351497,-0.9952553924869023,865|47|706|59|540|841|147|303,0.93859414|0.83156362|0.83483602|0.93983518|0.9043578|0.79435087|0.7491872|0.98773561,0|-3.6617081|-3.8564573|-4.2761336|-4.7373427|-4.8672765|-4.977541|-5.3994246
0_0_0_10_14_8,-24.0,46,2,9,17,405,405,405,405,405,405,1,1,8,0.7265542988561517,0.8987106318787486,0.26961318956362457,inf,-0.1094504008134426,0.08543434263702707,-0.051122194513715746,-0.051122194513715746,0.0,0.8987106318787486,0.1536671112286554,0.21934243924719118,0.9978323810132004,0.10337934296206133,405|746|385|545|1007|229|416|224,0.99783238|0.94814613|0.99714364|0.91977324|0.95665298|0.69823921|0.51555265|0.98482118,0|-4.9037091|-5.9483702|-6.2147291|-6.2762641|-6.5837843|-6.7796909|-6.9604999
0_0_0_10_14_8,-24.0,46,2,10,18,765,345,765,765,765,765,1,1,8,0.7265542988561517,0.8987106318787486,0.26961318956362457,inf,-0.09220545882816511,0.08543434263702707,-0.051122194513715746,-0.051122194513715746,0.0,0.8987106318787486,0.1536671112286554,0.21934243924719118,0.9545573340585084,-0.64068247257283,765|579|380|736|31|110|155|660,0.95455733|0.98866822|0.49005875|0.38770159|0.72857299|0.87582406|0.89723891|0.60663752,0|-3.8588717|-4.2689938|-4.3610818|-4.5890668|-4.6275352|-4.7215486|-4.7761815
0_0_0_10_14_8,-24.0,46,2,11,19,1023,845,1023,1023,1023,1023,1,1,8,0.7265542988561517,0.8987106318787486,0.26961318956362457,inf,-0.07496051684288763,0.08543434263702707,-0.051122194513715746,-0.051122194513715746,0.0,0.8987106318787486,0.1536671112286554,0.21934243924719118,0.980881727399044,2.089810325357528,1023|366|0|29|800|994|425|39,0.98088173|0.97334901|0.94050077|0.98375007|0.84459403|0.9932341|0.80811068|0.96132609,0|-3.8295734|-4.7303367|-4.9708619|-5.0262751|-5.0984646|-5.160969|-5.2062747
0_0_0_10_14_8,-24.0,46,2,12,20,597,597,597,597,597,597,1,1,8,0.7265542988561517,0.8987106318787486,0.26961318956362457,inf,-0.05771557485761003,0.08543434263702707,-0.051122194513715746,-0.051122194513715746,0.0,0.8987106318787486,0.1536671112286554,0.21934243924719118,0.8566724162114694,0.17894303573895418,597|528|136|69|7|501|111|937,0.85667242|0.92400954|0.44970496|0.92101026|0.83935672|0.90287232|0.70835828|0.7189058,0|-2.8808562|-3.0602403|-3.2396644|-4.8575861|-5.3909242|-5.4207418|-5.4516957
0_0_0_10_14_8,-24.0,46,2,13,21,562,562,562,562,562,562,1,1,8,0.7265542988561517,0.8987106318787486,0.26961318956362457,inf,-0.040470632872332546,0.08543434263702707,-0.051122194513715746,-0.051122194513715746,0.0,0.8987106318787486,0.1536671112286554,0.21934243924719118,0.9155444542171014,-0.23487643501193467,562|702|246|130|769|60|28|628,0.91554445|0.95021763|0.73283059|0.92512865|0.99021768|0.78199389|0.91181462|0.99557827,0|-5.3718513|-5.404969|-5.6737996|-6.1604545|-6.2890861|-6.3330085|-6.628495
0_0_0_10_14_8,-24.0,46,2,14,22,478,478,478,478,478,478,1,1,8,0.7265542988561517,0.8987106318787486,0.26961318956362457,inf,-0.02322569088705495,0.08543434263702707,-0.051122194513715746,-0.051122194513715746,0.0,0.8987106318787486,0.1536671112286554,0.21934243924719118,0.5178873122206016,2.124623152249732,478|890|71|268|991|915|416|270,0.51788731|0.96889607|0.95530899|0.73413746|0.96864952|0.94025254|0.82474359|0.77253523,0|-1.9200104|-2.9816356|-3.0095405|-3.3006132|-3.7773639|-3.858838|-4.0082252
0_0_0_10_14_8,-24.0,46,2,15,23,267,267,267,267,267,267,1,1,8,0.7265542988561517,0.8987106318787486,0.26961318956362457,inf,-0.005980748901777466,0.08543434263702707,-0.051122194513715746,-0.051122194513715746,0.0,0.8987106318787486,0.1536671112286554,0.21934243924719118,0.9136231515374056,-0.14907407597279085,267|656|940|1010|418|649|852|315,0.91362315|0.81746798|0.69565984|0.96335653|0.55541017|0.56691925|0.71008151|0.91824786,0|-1.4238044|-1.9996379|-2.0217023|-2.2694919|-2.5681764|-2.9420484|-3.0785984
0_0_0_10_14_8,-24.0,46,2,16,24,917,985,917,917,917,917,1,1,8,0.7265542988561517,0.8987106318787486,0.26961318956362457,inf,0.01126419308350013,0.08543434263702707,-0.051122194513715746,-0.051122194513715746,0.0,0.8987106318787486,0.1536671112286554,0.21934243924719118,0.8845142766057774,-3.080353882715042,917|952|930|815|824|880|915|1021,0.88451428|0.87101939|0.67531009|0.81069106|0.82071613|0.61641815|0.67639499|0.64538222,0|-2.8173607|-3.8964143|-3.9909642|-4.061959|-4.2565494|-4.3605842|-4.4017018
0_0_0_10_14_8,-24.0,46,2,17,25,656,782,656,656,656,656,1,1,8,0.7265542988561517,0.8987106318787486,0.26961318956362457,inf,0.028509135068777613,0.08543434263702707,-0.051122194513715746,-0.051122194513715746,0.0,0.8987106318787486,0.1536671112286554,0.21934243924719118,0.8903776391151987,0.046886357233165865,656|926|809|203|467|82|654|640,0.89037764|0.88287398|0.77876555|0.50811929|0.11143666|0.97187745|0.94365484|0.58877605,0|-2.1912732|-2.8421999|-3.239136|-3.3163676|-3.3512649|-3.449735|-3.5420582
0_0_0_10_14_8,-24.0,46,2,18,26,889,106,889,889,889,889,1,1,8,0.7265542988561517,0.8987106318787486,0.26961318956362457,inf,0.0457540770540551,0.08543434263702707,-0.051122194513715746,-0.051122194513715746,0.0,0.8987106318787486,0.1536671112286554,0.21934243924719118,0.9492435030161946,1.3494185501115863,889|699|712|859|719|792|261|655,0.9492435|0.87771954|0.85841858|0.65934501|0.62110422|0.96975364|0.91584762|0.94870204,0|-0.1279018|-0.80627409|-0.88585855|-0.91683619|-1.0636278|-1.0939909|-1.3582964
0_0_0_10_14_8,-24.0,46,2,19,27,510,510,510,510,510,510,1,1,8,0.7265542988561517,0.8987106318787486,0.26961318956362457,inf,0.0629990190393327,0.08543434263702707,-0.051122194513715746,-0.051122194513715746,0.0,0.8987106318787486,0.1536671112286554,0.21934243924719118,0.9876951829276238,-0.22559216679345287,510|156|370|646|472|576|557|826,0.98769518|0.9260003|0.92403396|0.95051171|0.76017651|0.56354641|0.99813646|0.9534098,0|-2.9248987|-3.3291402|-3.4424158|-3.711117|-3.9281183|-3.9934686|-4.1231818
0_0_0_10_14_8,-24.0,46,2,20,28,860,516,860,860,860,860,1,1,8,0.7265542988561517,0.8987106318787486,0.26961318956362457,inf,0.08024396102461018,0.08543434263702707,-0.051122194513715746,-0.051122194513715746,0.0,0.8987106318787486,0.1536671112286554,0.21934243924719118,0.8607477217745735,2.2430410747230187,860|475|623|998|833|1020|383|778,0.86074772|0.55338306|0.92414744|0.95204799|0.94779727|0.9446035|0.85151322|0.85254879,0|-5.4439736|-6.5495875|-7.0755453|-7.1842602|-7.2563071|-7.2662539|-7.2680721
0_0_0_10_14_8,-24.0,46,2,21,29,553,565,553,553,553,553,1,1,8,0.7265542988561517,0.8987106318787486,0.26961318956362457,inf,0.09748890300988777,0.08543434263702707,-0.051122194513715746,-0.051122194513715746,0.0,0.8987106318787486,0.1536671112286554,0.21934243924719118,0.9720273690014091,0.11888141949271547,553|482|901|1002|41|82|718|32,0.97202737|0.94483902|0.60456289|0.97041134|0.9691629|0.97131522|0.883806|0.7546673,0|-2.0025578|-2.8432183|-2.9044364|-3.1196166|-3.2500729|-3.7110644|-3.8504505
0_0_0_10_14_8,-24.0,46,2,22,30,629,148,889,889,889,889,0,0,8,0.7265542988561517,0.8987106318787486,0.26961318956362457,inf,0.11473384499516526,0.08543434263702707,-0.051122194513715746,-0.051122194513715746,0.0,0.8987106318787486,0.1536671112286554,0.21934243924719118,0.9746452278016012,-0.3421115469919368,889|210|562|698|646|586|148|747,0.97464523|0.6572984|0.78043829|0.73872255|0.41216059|0.95975145|0.72232053|0.79831577,0|-0.25440423|-0.36258969|-0.77749942|-1.0186343|-1.1504211|-1.4861024|-1.5972256
0_0_0_10_14_8,-24.0,46,2,23,31,759,830,759,759,759,759,1,1,8,0.7265542988561517,0.8987106318787486,0.26961318956362457,inf,0.13197878698044285,0.08543434263702707,-0.051122194513715746,-0.051122194513715746,0.0,0.8987106318787486,0.1536671112286554,0.21934243924719118,0.7227142001736738,-2.161012971104532,759|62|910|544|393|128|136|239,0.7227142|0.83421977|0.92505655|0.81314464|0.44800482|0.75056911|0.99521381|0.79038297,0|-2.6349877|-3.0161324|-3.1495111|-3.3183061|-3.474015|-3.8239551|-3.9029051
0_0_0_10_14_8,-24.0,46,2,24,32,874,130,874,874,874,874,1,1,8,0.7265542988561517,0.8987106318787486,0.26961318956362457,inf,0.14922372896572034,0.08543434263702707,-0.051122194513715746,-0.051122194513715746,0.0,0.8987106318787486,0.1536671112286554,0.21934243924719118,0.9338073437720064,1.8151817467811577,874|709|654|954|234|53|179|27,0.93380734|0.63698221|0.99931316|0.92077223|0.99511535|0.88040217|0.58833559|0.65752942,0|-5.2978942|-5.779435|-6.1947042|-6.3182312|-6.5363318|-6.6202992|-6.7203773
0_0_0_10_14_8,-24.0,46,2,25,33,720,720,720,720,720,720,1,1,8,0.7265542988561517,0.8987106318787486,0.26961318956362457,inf,0.16646867095099793,0.08543434263702707,-0.051122194513715746,-0.051122194513715746,0.0,0.8987106318787486,0.1536671112286554,0.21934243924719118,0.6409809370660937,-1.2880492802452375,720|351|719|286|43|442|372|810,0.64098094|0.59064693|0.57076325|0.9724818|0.95786279|0.62615315|0.89446438|0.51254458,0|-1.2355552|-1.2836191|-1.6864208|-1.7625226|-2.6082998|-2.8276047|-2.841409
0_0_0_10_14_8,-24.0,46,2,26,34,314,314,314,314,314,314,1,1,8,0.7265542988561517,0.8987106318787486,0.26961318956362457,inf,0.18371361293627542,0.08543434263702707,-0.051122194513715746,-0.051122194513715746,0.0,0.8987106318787486,0.1536671112286554,0.21934243924719118,0.9783346194795838,0.19884720970883435,314|757|86|148|435|982|721|509,0.97833462|0.30560013|0.80390279|0.92821943|0.62058586|0.46761642|0.82999678|0.69003458,0|-4.3941292|-4.4444399|-4.7631185|-4.8860493|-5.5817187|-5.799054|-5.8654962
0_0_0_10_14_8,-24.0,46,2,27,35,602,525,602,602,602,602,1,1,8,0.7265542988561517,0.8987106318787486,0.26961318956362457,inf,0.2009585549215529,0.08543434263702707,-0.051122194513715746,-0.051122194513715746,0.0,0.8987106318787486,0.1536671112286554,0.21934243924719118,0.7310273483993298,1.1205907214481021,602|621|642|525|73|291|66|40,0.73102735|0.59029971|0.85258115|0.67403223|0.92456837|0.67284834|0.92777705|0.75279928,0|-2.405694|-3.347913|-3.3839806|-4.0720174|-4.2064388|-4.2524017|-4.3144398
0_0_0_10_14_8,-24.0,46,2,28,36,7,407,7,7,7,7,1,1,8,0.7265542988561517,0.8987106318787486,0.26961318956362457,inf,0.2182034969068305,0.08543434263702707,-0.051122194513715746,-0.051122194513715746,0.0,0.8987106318787486,0.1536671112286554,0.21934243924719118,0.9694798353514444,0.37253742130831824,7|866|757|398|74|611|342|353,0.96947984|0.83597559|0.94350177|0.92271364|0.52210015|0.67987898|0.60658179|0.63537387,0|-1.7512217|-2.2726214|-2.6171149|-2.8923344|-2.9507892|-2.9774192|-3.1996754
0_0_0_10_14_8,-24.0,46,2,29,37,610,386,610,610,610,610,1,1,8,0.7265542988561517,0.8987106318787486,0.26961318956362457,inf,0.23544843889210798,0.08543434263702707,-0.051122194513715746,-0.051122194513715746,0.0,0.8987106318787486,0.1536671112286554,0.21934243924719118,0.9436766587901851,0.08175087560227495,610|293|548|17|925|866|18|337,0.94367666|0.80598003|0.40675179|0.74927703|0.82686308|0.83195287|0.94349925|0.75237685,0|-4.7204803|-6.5892448|-6.7394449|-6.8458153|-7.0238433|-7.0712955|-7.3473761
0_0_0_10_14_8,-24.0,46,2,30,38,874,499,874,874,874,874,1,1,8,0.7265542988561517,0.8987106318787486,0.26961318956362457,inf,0.2526933808773856,0.08543434263702707,-0.051122194513715746,-0.051122194513715746,0.0,0.8987106318787486,0.1536671112286554,0.21934243924719118,0.9135445714744147,-3.0490980794272633,874|74|134|592|419|932|328|596,0.91354457|0.97848995|0.94254483|0.68129364|0.89607696|0.68188273|0.76614081|0.97966266,0|-2.1811082|-2.2259065|-2.9929809|-3.2786744|-3.8260324|-3.8324176|-4.0240912
0_0_0_10_14_8,-24.0,46,2,31,39,913,834,913,913,913,913,1,1,8,0.7265542988561517,0.8987106318787486,0.26961318956362457,inf,0.26993832286266306,0.08543434263702707,-0.051122194513715746,-0.051122194513715746,0.0,0.8987106318787486,0.1536671112286554,0.21934243924719118,0.9925867872814678,-0.736579827131329,913|488|56|154|244|236|83|53,0.99258679|0.47414218|0.80716791|0.75906822|0.94590731|0.90364918|0.52259007|0.87082311,0|-2.6567386|-3.7265789|-4.0473382|-4.2764831|-4.5581416|-4.8164144|-4.8668295
0_0_0_10_14_8,-24.0,46,2,32,40,757,757,757,757,757,757,1,1,8,0.7265542988561517,0.8987106318787486,0.26961318956362457,inf,0.28718326484794066,0.08543434263702707,-0.051122194513715746,-0.051122194513715746,0.0,0.8987106318787486,0.1536671112286554,0.21934243924719118,0.901035484417554,-1.2230460942884762,757|424|913|446|876|811|925|81,0.90103548|0.86749212|0.75437141|0.98320949|0.93901224|0.99091136|0.86562211|0.97661678,0|-6.4350153|-6.6235391|-6.7019344|-7.2486524|-7.3797448|-7.5158533|-7.517522
0_0_0_10_14_8,-24.0,46,2,33,41,587,312,587,587,587,587,1,1,8,0.7265542988561517,0.8987106318787486,0.26961318956362457,inf,0.30442820683321814,0.08543434263702707,-0.051122194513715746,-0.051122194513715746,0.0,0.8987106318787486,0.1536671112286554,0.21934243924719118,0.9624533666103754,0.23158726565149407,587|1003|303|465|466|554|581|669,0.96245337|0.85100398|0.69507982|0.66741599|0.88486582|0.81975459|0.89961337|0.83562982,0|-2.7227031|-2.8322243|-3.0803612|-3.1453698|-3.4506802|-3.7932931|-3.9834912
0_0_0_10_14_8,-24.0,46,2,34,42,932,35,932,932,932,932,1,1,8,0.7265542988561517,0.8987106318787486,0.26961318956362457,inf,0.3216731488184956,0.08543434263702707,-0.051122194513715746,-0.051122194513715746,0.0,0.8987106318787486,0.1536671112286554,0.21934243924719118,0.9681088785667302,0.8188323382720062,932|786|902|284|83|1019|72|71,0.96810888|0.94642737|0.68349514|0.59035242|0.88227796|0.6778738|0.97992179|0.755276,0|-1.0047316|-1.6507702|-1.8142386|-1.8995275|-1.9635351|-2.4945553|-2.8035451
0_0_0_10_14_8,-25.0,46,0,0,8,803,623,803,803,803,803,1,1,7,0.6624987038646246,0.9350842920904966,0.28052528762714896,0.12,-1.079933006082495,0.09365790250447743,-0.14837905236907734,-0.14837905236907734,0.0,0.9350842920904966,0.11501576962059923,0.22876522347115802,0.7182927272217495,1.0117840602007755,803|649|305|620|578|79|407|362,0.71829273|0.99830606|0.95089665|0.51565333|0.72118296|0.73946138|0.81130098|0.045140481,0|-1.0471675|-2.3042672|-3.464155|-3.5081913|-3.8063529|-4.241814|-4.3066178
0_0_0_10_14_8,-25.0,46,0,1,9,826,826,826,826,826,826,1,1,7,0.6624987038646246,0.9350842920904966,0.28052528762714896,0.12,-1.062735681748125,0.09365790250447743,-0.14837905236907734,-0.14837905236907734,0.0,0.9350842920904966,0.11501576962059923,0.22876522347115802,0.9508618364153856,0.5002223238005098,826|193|769|412|500|229|394|493,0.95086184|0.75612739|0.8781821|0.87809364|0.54856076|0.80811584|0.54866949|0.75659197,0|-2.1394394|-2.382311|-3.0181041|-3.3058022|-3.3625443|-3.6437626|-3.7013088
0_0_0_10_14_8,-25.0,46,0,2,10,922,881,922,922,922,922,1,1,7,0.6624987038646246,0.9350842920904966,0.28052528762714896,0.12,-1.0455383574137553,0.09365790250447743,-0.14837905236907734,-0.14837905236907734,0.0,0.9350842920904966,0.11501576962059923,0.22876522347115802,0.8371015751038033,2.8330281130889556,922|117|789|438|422|24|221|444,0.83710158|0.78531803|0.45872752|0.83873467|0.83216481|0.94526016|0.75664077|0.53638364,0|-4.2367063|-4.5206319|-4.8883432|-4.9631798|-4.9746324|-5.2293786|-5.2355596
0_0_0_10_14_8,-25.0,46,0,3,11,718,356,718,718,718,718,1,1,7,0.6624987038646246,0.9350842920904966,0.28052528762714896,0.12,-1.0283410330793856,0.09365790250447743,-0.14837905236907734,-0.14837905236907734,0.0,0.9350842920904966,0.11501576962059923,0.22876522347115802,0.9235563961092528,0.11644430995974453,718|194|633|382|512|12|318|817,0.9235564|0.97297603|0.89356473|0.90280348|0.85857597|0.98055799|0.77482649|0.76309033,0|-1.4826513|-1.8601887|-2.3167067|-2.4776897|-2.4787294|-2.4835492|-2.5797656
0_0_0_10_14_8,-25.0,46,0,4,12,86,772,631,631,820,820,0,0,7,0.6624987038646246,0.9350842920904966,0.28052528762714896,0.12,-1.0111437087450157,0.09365790250447743,-0.14837905236907734,-0.14837905236907734,0.0,0.9350842920904966,0.11501576962059923,0.22876522347115802,0.8781353517202027,2.267569944112942,631|820|10|446|887|965|953|599,0.55689584|0.87813535|0.94498933|0.70458771|0.87569824|0.67412275|0.93455355|0.43087089,0|-0.022266124|-0.36268576|-0.97032836|-0.98440323|-1.0063012|-1.1872249|-1.2581873
0_0_0_10_14_8,-25.0,46,0,5,13,467,255,656,656,656,656,1,1,7,0.6624987038646246,0.9350842920904966,0.28052528762714896,0.12,-0.9939463844106459,0.09365790250447743,-0.14837905236907734,-0.14837905236907734,0.0,0.9350842920904966,0.11501576962059923,0.22876522347115802,0.9136953751336412,0.5677510576945626,656|467|813|953|593|761|618|677,0.91369538|0.67670499|0.93847005|0.85435644|0.83705497|0.72421145|0.8781287|0.45289175,0|-0.47809821|-0.57002151|-0.71285928|-0.87146322|-1.3798505|-1.3824416|-1.4277418
0_0_0_10_14_8,-25.0,46,0,6,14,89,727,89,89,89,89,1,1,7,0.6624987038646246,0.9350842920904966,0.28052528762714896,0.12,-0.976749060076276,0.09365790250447743,-0.14837905236907734,-0.14837905236907734,0.0,0.9350842920904966,0.11501576962059923,0.22876522347115802,0.9794329530561745,0.4037929732341831,89|220|602|180|973|305|912|237,0.97943295|0.9050812|0.37716066|0.87770093|0.70369823|0.37777879|0.75595611|0.9753245,0|-3.7871958|-3.9200638|-4.0325336|-4.1370553|-4.4040704|-4.5397496|-4.5589716
0_0_0_10_14_8,-25.0,46,0,7,15,713,973,713,713,713,713,1,1,7,0.6624987038646246,0.9350842920904966,0.28052528762714896,0.12,-0.9595517357419062,0.09365790250447743,-0.14837905236907734,-0.14837905236907734,0.0,0.9350842920904966,0.11501576962059923,0.22876522347115802,0.9402676607391536,0.6043375075013683,713|854|337|14|195|170|61|662,0.94026766|0.88670746|0.57380312|0.90973173|0.98912636|0.93782773|0.69994973|0.75872357,0|-2.0462127|-2.6518867|-2.9007798|-3.0711604|-3.3945433|-3.404603|-3.4096619
0_0_0_10_14_8,-25.0,46,0,8,16,865,41,865,865,865,865,1,1,7,0.6624987038646246,0.9350842920904966,0.28052528762714896,0.12,-0.9423544114075364,0.09365790250447743,-0.14837905236907734,-0.14837905236907734,0.0,0.9350842920904966,0.11501576962059923,0.22876522347115802,0.8278168277594582,-1.686059085793664,865|304|926|472|553|19|373|302,0.82781683|0.57918044|0.84151026|0.49889312|0.91879766|0.88137613|0.68362639|0.95094156,0|-0.8941078|-1.7321376|-1.9636682|-1.9767631|-2.0331708|-2.1645552|-2.315895
0_0_0_10_14_8,-25.0,46,0,9,17,405,879,493,493,493,493,0,0,7,0.6624987038646246,0.9350842920904966,0.28052528762714896,0.12,-0.9251570870731666,0.09365790250447743,-0.14837905236907734,-0.14837905236907734,0.0,0.9350842920904966,0.11501576962059923,0.22876522347115802,0.8227435655758261,0.7433224989833916,493|354|648|183|630|505|185|863,0.82274357|0.99202462|0.55343637|0.73526262|0.34735949|0.34757979|0.9740703|0.71310887,0|-0.25966419|-1.0001182|-1.3537353|-1.7086526|-1.7565433|-1.9363372|-2.0523264
0_0_0_10_14_8,-25.0,46,0,10,18,765,266,765,765,765,765,1,1,7,0.6624987038646246,0.9350842920904966,0.28052528762714896,0.12,-0.9079597627387967,0.09365790250447743,-0.14837905236907734,-0.14837905236907734,0.0,0.9350842920904966,0.11501576962059923,0.22876522347115802,0.9267462259176961,0.9766608671113308,765|188|958|13|905|712|725|754,0.92674623|0.5690409|0.90625244|0.93847773|0.92462995|0.66430313|0.79284267|0.92099024,0|-3.9828507|-4.0671404|-4.2104785|-4.454717|-4.9016187|-4.9260356|-5.1699001
0_0_0_10_14_8,-25.0,46,0,11,19,1023,721,1023,1023,1023,1023,1,1,7,0.6624987038646246,0.9350842920904966,0.28052528762714896,0.12,-0.8907624384044269,0.09365790250447743,-0.14837905236907734,-0.14837905236907734,0.0,0.9350842920904966,0.11501576962059923,0.22876522347115802,0.9289588573188688,-0.7081913805224475,1023|744|145|505|530|595|183|606,0.92895886|0.83801899|0.84262815|0.89828639|0.96834539|0.93004756|0.89376699|0.63949154,0|-1.6211758|-2.7262861|-2.8720425|-3.0205084|-3.225662|-3.6910934|-3.8190059
0_0_0_10_14_8,-25.0,46,0,12,20,597,607,597,597,597,597,1,1,7,0.6624987038646246,0.9350842920904966,0.28052528762714896,0.12,-0.8735651140700571,0.09365790250447743,-0.14837905236907734,-0.14837905236907734,0.0,0.9350842920904966,0.11501576962059923,0.22876522347115802,0.8849371056678893,0.043987104542905886,597|990|60|997|965|207|509|54,0.88493711|0.87996984|0.83345334|0.85978315|0.75165851|0.65517515|0.50324189|0.88544024,0|-0.85794326|-1.2421683|-2.2096457|-2.490151|-2.4980458|-2.7514105|-2.8521626
0_0_0_10_14_8,-25.0,46,0,13,21,562,163,562,562,562,562,1,1,7,0.6624987038646246,0.9350842920904966,0.28052528762714896,0.12,-0.8563677897356873,0.09365790250447743,-0.14837905236907734,-0.14837905236907734,0.0,0.9350842920904966,0.11501576962059923,0.22876522347115802,0.7023343136558999,0.3673484216926054,562|690|448|976|218|706|911|162,0.70233431|0.97097433|0.65757293|0.88072222|0.59369937|0.92187634|0.94021489|0.91011383,0|-2.3309912|-3.0105872|-3.1369986|-3.6074822|-3.6612514|-4.0212645|-4.4337927
0_0_0_10_14_8,-25.0,46,0,14,22,478,978,478,478,478,478,1,1,7,0.6624987038646246,0.9350842920904966,0.28052528762714896,0.12,-0.8391704654013175,0.09365790250447743,-0.14837905236907734,-0.14837905236907734,0.0,0.9350842920904966,0.11501576962059923,0.22876522347115802,0.8080240253779392,0.6774858211952465,478|236|761|834|576|402|521|592,0.80802403|0.93274816|0.95490607|0.97561331|0.50101282|0.097384581|0.42020781|0.67682272,0|-1.5332145|-3.6768202|-3.7812835|-3.9098572|-3.9755721|-4.0371609|-4.0473943
0_0_0_10_14_8,-25.0,46,0,15,23,267,267,267,267,267,267,1,1,7,0.6624987038646246,0.9350842920904966,0.28052528762714896,0.12,-0.8219731410669476,0.09365790250447743,-0.14837905236907734,-0.14837905236907734,0.0,0.9350842920904966,0.11501576962059923,0.22876522347115802,0.895605325544731,1.0020187391132107,267|673|428|977|377|230|963|704,0.89560533|0.96822886|0.64099993|0.68831171|0.90777017|0.98866816|0.77782915|0.97932748,0|-5.1376468|-5.4092767|-5.4174833|-5.5492168|-6.1760003|-6.4025296|-6.4080117
0_0_0_10_14_8,-25.0,46,0,16,24,917,406,917,917,917,917,1,1,7,0.6624987038646246,0.9350842920904966,0.28052528762714896,0.12,-0.8047758167325778,0.09365790250447743,-0.14837905236907734,-0.14837905236907734,0.0,0.9350842920904966,0.11501576962059923,0.22876522347115802,0.819377357831263,1.6211213264972668,917|101|182|125|284|437|318|414,0.81937736|0.89987403|0.91021315|0.97034341|0.75407739|0.69113201|0.86750066|0.81232518,0|-1.8228256|-1.8806875|-2.5454006|-2.6828779|-2.7736881|-3.0270079|-3.3314145
0_0_0_10_14_8,-25.0,46,0,17,25,656,950,298,298,298,298,1,1,7,0.6624987038646246,0.9350842920904966,0.28052528762714896,0.12,-0.787578492398208,0.09365790250447743,-0.14837905236907734,-0.14837905236907734,0.0,0.9350842920904966,0.11501576962059923,0.22876522347115802,0.9705319936936645,0.5131674612315569,298|58|711|569|884|842|656|613,0.97053199|0.95970719|0.88720052|0.36480252|0.77865402|0.68608357|0.49040193|0.97397025,0|-0.21642952|-0.47886812|-0.70982285|-0.77534029|-1.045212|-1.398612|-1.6213085
0_0_0_10_14_8,-25.0,46,0,18,26,889,580,889,889,889,889,1,1,7,0.6624987038646246,0.9350842920904966,0.28052528762714896,0.12,-0.7703811680638382,0.09365790250447743,-0.14837905236907734,-0.14837905236907734,0.0,0.9350842920904966,0.11501576962059923,0.22876522347115802,0.870379206857212,1.6777201993181503,889|828|225|988|879|616|310|391,0.87037921|0.81880555|0.54985052|0.99513921|0.89805454|0.56156813|0.82191574|0.77604461,0|-3.2491258|-4.2434091|-4.4671823|-4.5539171|-5.340026|-5.3774406|-5.3877844
0_0_0_10_14_8,-25.0,46,0,19,27,510,985,510,510,510,510,1,1,7,0.6624987038646246,0.9350842920904966,0.28052528762714896,0.12,-0.7531838437294683,0.09365790250447743,-0.14837905236907734,-0.14837905236907734,0.0,0.9350842920904966,0.11501576962059923,0.22876522347115802,0.8945544228375532,0.6137896395176765,510|211|602|287|611|249|843|489,0.89455442|0.48793499|0.85462383|0.78977886|0.97037516|0.48072226|0.70874762|0.39394956,0|-5.1059367|-5.2545143|-5.4313874|-5.8205257|-5.8578003|-5.8979809|-5.9560648
0_0_0_10_14_8,-25.0,46,0,20,28,860,104,760,760,936,936,0,0,7,0.6624987038646246,0.9350842920904966,0.28052528762714896,0.12,-0.7359865193950986,0.09365790250447743,-0.14837905236907734,-0.14837905236907734,0.0,0.9350842920904966,0.11501576962059923,0.22876522347115802,0.9537153933461195,-0.4210643922377593,760|936|592|552|237|740|701|425,0.75770044|0.95371539|0.60638898|0.86471199|0.85812309|0.87596274|0.99253159|0.78526065,0|-0.085886187|-0.14254443|-0.38806094|-0.40331754|-0.83721319|-0.9497755|-0.99851533
0_0_0_10_14_8,-25.0,46,0,21,29,553,553,553,553,553,553,1,1,7,0.6624987038646246,0.9350842920904966,0.28052528762714896,0.12,-0.7187891950607288,0.09365790250447743,-0.14837905236907734,-0.14837905236907734,0.0,0.9350842920904966,0.11501576962059923,0.22876522347115802,0.5004454895655007,1.5408838230220812,553|494|778|165|793|602|289|189,0.50044549|0.7320894|0.98151091|0.73144372|0.80114721|0.64840221|0.99951523|0.97916568,0|-2.9811858|-3.3607665|-3.4356834|-3.6514398|-3.9411826|-4.0942806|-4.2421519
0_0_0_10_14_8,-25.0,46,0,22,30,629,712,599,599,599,599,1,1,7,0.6624987038646246,0.9350842920904966,0.28052528762714896,0.12,-0.701591870726359,0.09365790250447743,-0.14837905236907734,-0.14837905236907734,0.0,0.9350842920904966,0.11501576962059923,0.22876522347115802,0.9685382015008674,-0.08447202203235517,599|406|704|176|629|284|588|874,0.9685382|0.68431365|0.64372104|0.81120901|0.84206787|0.03837929|0.73587007|0.86693452,0|-0.93089142|-1.7041434|-1.7186797|-1.8407874|-2.4016903|-2.4954829|-2.5187349
0_0_0_10_14_8,-25.0,46,0,23,31,759,83,759,759,759,759,1,1,7,0.6624987038646246,0.9350842920904966,0.28052528762714896,0.12,-0.6843945463919892,0.09365790250447743,-0.14837905236907734,-0.14837905236907734,0.0,0.9350842920904966,0.11501576962059923,0.22876522347115802,0.5656992953269019,1.5773308016694663,759|641|60|330|537|796|815|902,0.5656993|0.39279598|0.90584428|0.68261432|0.80849339|0.98275883|0.96019053|0.87258578,0|-4.1036791|-4.1481079|-4.1806954|-4.4941613|-4.5092339|-4.5837067|-4.753757
0_0_0_10_14_8,-25.0,46,0,24,32,874,330,874,874,874,874,1,1,7,0.6624987038646246,0.9350842920904966,0.28052528762714896,0.12,-0.6671972220576193,0.09365790250447743,-0.14837905236907734,-0.14837905236907734,0.0,0.9350842920904966,0.11501576962059923,0.22876522347115802,0.9655720793427743,2.4080076243157063,874|102|478|196|955|579|604|44,0.96557208|0.95826486|0.7882393|0.88053306|0.93291923|0.67460764|0.69971999|0.75370369,0|-1.6353068|-1.8790684|-2.1591811|-2.6481715|-2.6615582|-2.7209171|-3.0449806
0_0_0_10_14_8,-25.0,46,0,25,33,720,896,757,757,757,757,1,1,7,0.6624987038646246,0.9350842920904966,0.28052528762714896,0.12,-0.6499998977232495,0.09365790250447743,-0.14837905236907734,-0.14837905236907734,0.0,0.9350842920904966,0.11501576962059923,0.22876522347115802,0.968535517048988,-0.009030200041160619,757|117|720|27|647|147|702|957,0.96853552|0.82020773|0.71736807|0.85707319|0.88470573|0.92268875|0.85720775|0.85118853,0|-0.1145038|-0.22240819|-0.50331469|-0.92969139|-0.94016673|-0.97946913|-1.1200324
0_0_0_10_14_8,-25.0,46,0,26,34,314,314,314,314,314,314,1,1,7,0.6624987038646246,0.9350842920904966,0.28052528762714896,0.12,-0.6328025733888797,0.09365790250447743,-0.14837905236907734,-0.14837905236907734,0.0,0.9350842920904966,0.11501576962059923,0.22876522347115802,0.930775797679125,0.5618295488971397,314|129|718|539|728|48|72|337,0.9307758|0.95136223|0.87974062|0.65791743|0.95613294|0.54016813|0.91640083|0.8602522,0|-5.0576643|-5.8334783|-6.3332629|-6.4743545|-6.6371177|-6.8757949|-7.0502416
0_0_0_10_14_8,-25.0,46,0,27,35,602,542,602,602,602,602,1,1,7,0.6624987038646246,0.9350842920904966,0.28052528762714896,0.12,-0.6156052490545099,0.09365790250447743,-0.14837905236907734,-0.14837905236907734,0.0,0.9350842920904966,0.11501576962059923,0.22876522347115802,0.9893603023077436,0.057026003747307374,602|655|542|855|427|803|920|172,0.9893603|0.78880622|0.75867798|0.9069478|0.48343923|0.62648282|0.58707897|0.69227771,0|-1.7145602|-2.9090434|-3.2264939|-3.2731844|-3.3511404|-3.3617037|-3.553228
0_0_0_10_14_8,-25.0,46,0,28,36,7,40,849,849,849,849,1,1,7,0.6624987038646246,0.9350842920904966,0.28052528762714896,0.12,-0.59840792472014,0.09365790250447743,-0.14837905236907734,-0.14837905236907734,0.0,0.9350842920904966,0.11501576962059923,0.22876522347115802,0.4413827614408759,1.876008829646008,849|7|300|327|262|582|786|677,0.44138276|0.9869885|0.87626958|0.95555479|0.69763852|0.77589861|0.84331978|0.9333667,0|-0.20317113|-0.28448977|-0.38621031|-0.79461691|-1.4238378|-1.8633654|-1.9261045
0_0_0_10_14_8,-25.0,46,0,29,37,610,94,610,610,610,610,1,1,7,0.6624987038646246,0.9350842920904966,0.28052528762714896,0.12,-0.5812106003857702,0.09365790250447743,-0.14837905236907734,-0.14837905236907734,0.0,0.9350842920904966,0.11501576962059923,0.22876522347115802,0.6430903246529825,1.5645475991000417,610|341|15|309|117|677|382|881,0.64309032|0.85880911|0.90037133|0.99040406|0.5960023|0.90367506|0.54491976|0.78513987,0|-3.9790747|-4.6352667|-5.4913497|-5.6535049|-5.7019762|-6.0305617|-6.1021259
0_0_0_10_14_8,-25.0,46,0,30,38,839,839,839,839,839,839,1,1,7,0.6624987038646246,0.9350842920904966,0.28052528762714896,0.12,-0.5640132760514004,0.09365790250447743,-0.14837905236907734,-0.14837905236907734,0.0,0.9350842920904966,0.11501576962059923,0.22876522347115802,0.7703542345859946,1.3592504018327318,839|499|448|198|607|302|962|931,0.77035423|0.47443195|0.9353219|0.74232612|0.90964238|0.89473582|0.98087937|0.62883602,0|-2.6668721|-2.7283502|-2.9004641|-3.4998236|-3.6222939|-3.8503559|-3.8670126
0_0_0_10_14_8,-25.0,46,0,31,39,913,496,913,913,913,913,1,1,7,0.6624987038646246,0.9350842920904966,0.28052528762714896,0.12,-0.5468159517170306,0.09365790250447743,-0.14837905236907734,-0.14837905236907734,0.0,0.9350842920904966,0.11501576962059923,0.22876522347115802,0.9098528008144814,-2.136998667685323,913|272|158|314|191|107|359|63,0.9098528|0.89417031|0.97057705|0.71335276|0.6130157|0.91062384|0.30124105|0.6765592,0|-0.30118283|-1.8999489|-2.0490528|-2.06507|-2.1282051|-2.1666609|-2.2284475
0_0_0_10_14_8,-25.0,46,0,32,40,764,1019,764,764,764,764,1,1,7,0.6624987038646246,0.9350842920904966,0.28052528762714896,0.12,-0.5296186273826607,0.09365790250447743,-0.14837905236907734,-0.14837905236907734,0.0,0.9350842920904966,0.11501576962059923,0.22876522347115802,0.6248916814269984,3.0172011858247796,764|342|150|587|794|448|31|74,0.62489168|0.44042331|0.99124357|0.93970994|0.93840145|0.88023483|0.91188281|0.9810263,0|-1.3641404|-1.5997045|-1.914119|-2.4806106|-2.5398504|-2.9120442|-2.944318
0_0_0_10_14_8,-25.0,46,0,33,41,577,810,577,577,577,577,1,1,7,0.6624987038646246,0.9350842920904966,0.28052528762714896,0.12,-0.5124213030482909,0.09365790250447743,-0.14837905236907734,-0.14837905236907734,0.0,0.9350842920904966,0.11501576962059923,0.22876522347115802,0.7397303357734002,-1.0326344694155307,577|364|84|22|678|809|251|649,0.73973034|0.74554547|0.78598483|0.98367159|0.60709753|0.48248193|0.90741053|0.82508619,0|-0.3899548|-0.87627798|-1.4933478|-1.6579038|-2.143204|-2.1878417|-2.3417794
0_0_0_10_14_8,-25.0,46,0,34,42,936,1021,665,665,665,665,1,1,7,0.6624987038646246,0.9350842920904966,0.28052528762714896,0.12,-0.4952239787139211,0.09365790250447743,-0.14837905236907734,-0.14837905236907734,0.0,0.9350842920904966,0.11501576962059923,0.22876522347115802,0.8673380627197644,0.7149674453848597,665|581|936|958|964|253|488|85,0.86733806|0.59678031|0.89715348|0.90412285|0.76056322|0.7876065|0.79861662|0.79026039,0|-0.81738606|-0.83211813|-0.89284541|-1.3575097|-1.3736103|-1.406628|-1.5035087
0_0_0_10_14_8,-25.0,46,1,0,8,222,222,222,222,222,222,1,1,8,0.945316584232471,0.8662653924137678,0.2598796177241303,inf,0.15146511732422097,-0.0418725993219281,-0.051122194513715746,-0.051122194513715746,0.0,0.8662653924137678,0.14581542116651436,0.17274430171242075,0.9006029049064141,-0.9502495452996944,222|794|1010|455|907|147|976|666,0.9006029|0.72064709|0.72775523|0.50156728|0.66934682|0.82193249|0.95323175|0.95106813,0|-2.5769092|-3.0517037|-3.4879796|-3.5059364|-3.7541103|-3.9882155|-4.0240868
0_0_0_10_14_8,-25.0,46,1,1,9,711,984,711,711,711,711,1,1,8,0.945316584232471,0.8662653924137678,0.2598796177241303,inf,0.1686922864536623,-0.0418725993219281,-0.051122194513715746,-0.051122194513715746,0.0,0.8662653924137678,0.14581542116651436,0.17274430171242075,0.9909423642260271,-0.24406847128803483,711|389|297|412|739|330|138|702,0.99094236|0.58852372|0.78461357|0.28402421|0.68005803|0.45821126|0.96961737|0.88664055,0|-5.0216802|-5.0922339|-5.3437495|-5.4322679|-5.7962429|-5.858729|-5.9391149
0_0_0_10_14_8,-25.0,46,1,2,10,871,38,871,871,871,871,1,1,8,0.945316584232471,0.8662653924137678,0.2598796177241303,inf,0.18591945558310363,-0.0418725993219281,-0.051122194513715746,-0.051122194513715746,0.0,0.8662653924137678,0.14581542116651436,0.17274430171242075,0.9342297620824372,1.0229291342704587,871|276|813|874|825|601|497|209,0.93422976|0.89664002|0.92360866|0.74652751|0.86940942|0.87665666|0.96872253|0.90060722,0|-5.1528547|-5.7295396|-5.822986|-5.9098216|-6.2601704|-6.3594038|-6.5590209
0_0_0_10_14_8,-25.0,46,1,3,11,718,47,718,718,718,718,1,1,8,0.945316584232471,0.8662653924137678,0.2598796177241303,inf,0.20314662471254497,-0.0418725993219281,-0.051122194513715746,-0.051122194513715746,0.0,0.8662653924137678,0.14581542116651436,0.17274430171242075,0.9703093863180291,0.37198469239025067,718|278|41|15|632|239|963|730,0.97030939|0.80669824|0.79265202|0.96815314|0.82003631|0.71811204|0.90946191|0.96353179,0|-2.8177261|-2.8396769|-2.866058|-3.8284953|-3.951675|-3.9859057|-4.0636293
0_0_0_10_14_8,-25.0,46,1,4,12,107,894,107,107,107,107,1,1,8,0.945316584232471,0.8662653924137678,0.2598796177241303,inf,0.22037379384198624,-0.0418725993219281,-0.051122194513715746,-0.051122194513715746,0.0,0.8662653924137678,0.14581542116651436,0.17274430171242075,0.8859658116721078,-0.14017459325373216,107|437|656|490|786|13|98|228,0.88596581|0.79955947|0.57078997|0.74898739|0.90892112|0.97294591|0.90611289|0.93019263,0|-1.7209067|-1.8717581|-1.9259392|-1.9680597|-2.2715388|-2.7898662|-2.836036
0_0_0_10_14_8,-25.0,46,1,5,13,467,997,467,467,467,467,1,1,8,0.945316584232471,0.8662653924137678,0.2598796177241303,inf,0.23760096297142758,-0.0418725993219281,-0.051122194513715746,-0.051122194513715746,0.0,0.8662653924137678,0.14581542116651436,0.17274430171242075,0.9439795373899443,0.2452842262161184,467|722|129|562|169|555|234|716,0.94397954|0.95201127|0.90204259|0.97434875|0.95557433|0.9136134|0.80428674|0.66791014,0|-1.4374081|-2.8310083|-2.8763728|-3.0057462|-3.6078831|-3.6207488|-3.6914144
0_0_0_10_14_8,-25.0,46,1,6,14,89,803,89,89,89,89,1,1,8,0.945316584232471,0.8662653924137678,0.2598796177241303,inf,0.2548281321008689,-0.0418725993219281,-0.051122194513715746,-0.051122194513715746,0.0,0.8662653924137678,0.14581542116651436,0.17274430171242075,0.8246559621522317,1.2246659836018097,89|804|645|954|511|51|692|184,0.82465596|0.68203615|0.9747814|0.97205995|0.49262341|0.70582256|0.92765134|0.73007114,0|-5.050988|-5.1341457|-5.5715864|-6.1340955|-6.2107381|-6.2895825|-6.41489
0_0_0_10_14_8,-25.0,46,1,7,15,713,1004,713,713,713,713,1,1,8,0.945316584232471,0.8662653924137678,0.2598796177241303,inf,0.27205530123031024,-0.0418725993219281,-0.051122194513715746,-0.051122194513715746,0.0,0.8662653924137678,0.14581542116651436,0.17274430171242075,0.8521571698090941,1.1103033650423648,713|151|111|350|1014|620|391|255,0.85215717|0.94183251|0.46078854|0.89010749|0.93150353|0.62156903|0.69912585|0.44613201,0|-2.0752737|-3.7034976|-4.4791585|-4.6006107|-4.8775233|-4.9090271|-5.0615293
0_0_0_10_14_8,-25.0,46,1,8,16,865,145,865,865,865,865,1,1,8,0.945316584232471,0.8662653924137678,0.2598796177241303,inf,0.2892824703597515,-0.0418725993219281,-0.051122194513715746,-0.051122194513715746,0.0,0.8662653924137678,0.14581542116651436,0.17274430171242075,0.9802246953465633,-0.5220792019305402,865|895|698|542|105|248|375|1007,0.9802247|0.89409024|0.90708824|0.95401406|0.84759903|0.9980767|0.2694445|0.91576347,0|-2.5420316|-3.9664165|-4.0153831|-4.914784|-5.2789972|-5.3365369|-5.3390092
0_0_0_10_14_8,-25.0,46,1,9,17,405,630,405,405,405,405,1,1,8,0.945316584232471,0.8662653924137678,0.2598796177241303,inf,0.3065096394891929,-0.0418725993219281,-0.051122194513715746,-0.051122194513715746,0.0,0.8662653924137678,0.14581542116651436,0.17274430171242075,0.424456961527507,-2.5035230014218994,405|868|374|185|594|663|346|568,0.42445696|0.8827946|0.75723466|0.95384699|0.6851324|0.67990603|0.25234227|0.63530357,0|-2.1780694|-2.6382954|-3.1334592|-3.4091546|-3.5223279|-3.8718264|-4.082797
0_0_0_10_14_8,-25.0,46,1,10,18,765,66,45,45,45,45,1,1,8,0.945316584232471,0.8662653924137678,0.2598796177241303,inf,0.32373680861863413,-0.0418725993219281,-0.051122194513715746,-0.051122194513715746,0.0,0.8662653924137678,0.14581542116651436,0.17274430171242075,0.9474845673435978,0.6047466035682465,45|840|143|1023|790|111|412|765,0.94748457|0.91039725|0.75552729|0.86076788|0.81963731|0.85017191|0.90447592|0.65261364,0|-1.7803573|-1.8202545|-2.4358476|-2.8581271|-2.9366464|-2.9391052|-2.9827939
0_0_0_10_14_8,-25.0,46,1,11,19,1023,359,1023,1023,1023,1023,1,1,8,0.945316584232471,0.8662653924137678,0.2598796177241303,inf,0.34096397774807546,-0.0418725993219281,-0.051122194513715746,-0.051122194513715746,0.0,0.8662653924137678,0.14581542116651436,0.17274430171242075,0.9911208158426115,-0.09849895639095564,1023|517|359|181|760|322|16|342,0.99112082|0.84091665|0.88280821|0.70014957|0.93516823|0.45291782|0.99488476|0.72326404,0|-1.4242106|-2.4139511|-2.7286365|-3.4270947|-3.6473459|-3.6833131|-3.9763037
0_0_0_10_14_8,-25.0,46,1,12,20,597,509,597,597,597,597,1,1,8,0.945316584232471,0.8662653924137678,0.2598796177241303,inf,0.3581911468775168,-0.0418725993219281,-0.051122194513715746,-0.051122194513715746,0.0,0.8662653924137678,0.14581542116651436,0.17274430171242075,0.8443091429457582,-0.2513964442181209,597|88|536|508|605|777|827|535,0.84430914|0.95995784|0.88918972|0.99022019|0.60164855|0.80143853|0.45154551|0.40173693,0|-3.6199013|-4.2131911|-4.5573429|-4.5880247|-4.837286|-4.891333|-4.9578652
0_0_0_10_14_8,-25.0,46,1,13,21,562,358,562,562,562,562,1,1,8,0.945316584232471,0.8662653924137678,0.2598796177241303,inf,0.37541831600695813,-0.0418725993219281,-0.051122194513715746,-0.051122194513715746,0.0,0.8662653924137678,0.14581542116651436,0.17274430171242075,0.7079324138017811,-0.7334691938909909,562|407|840|20|743|543|1004|768,0.70793241|0.93134432|0.80168039|0.87946927|0.7517521|0.97145675|0.47948806|0.96140861,0|-3.8991775|-4.1682533|-5.19399|-5.3101327|-5.4211096|-5.7287636|-5.7428916
0_0_0_10_14_8,-25.0,46,1,14,22,478,471,478,478,478,478,1,1,8,0.945316584232471,0.8662653924137678,0.2598796177241303,inf,0.39264548513639946,-0.0418725993219281,-0.051122194513715746,-0.051122194513715746,0.0,0.8662653924137678,0.14581542116651436,0.17274430171242075,0.8855939681219752,0.5338961423880103,478|617|201|707|947|607|52|380,0.88559397|0.98091097|0.87711636|0.40725973|0.95626497|0.84447227|0.93612474|0.66404181,0|-0.81651555|-1.8832012|-2.3360887|-2.3879348|-2.4641342|-2.6381189|-2.8911779
0_0_0_10_14_8,-25.0,46,1,15,23,267,602,267,267,267,267,1,1,8,0.945316584232471,0.8662653924137678,0.2598796177241303,inf,0.4098726542658408,-0.0418725993219281,-0.051122194513715746,-0.051122194513715746,0.0,0.8662653924137678,0.14581542116651436,0.17274430171242075,0.9699030215044789,-0.5676247519895435,267|602|379|872|941|963|934|614,0.96990302|0.8740441|0.68099925|0.75927848|0.9878583|0.93702366|0.93544208|0.96816592,0|-2.3971036|-3.1595164|-3.1777432|-3.3184295|-3.342181|-3.3611349|-3.427922
0_0_0_10_14_8,-25.0,46,1,16,24,917,776,917,917,917,917,1,1,8,0.945316584232471,0.8662653924137678,0.2598796177241303,inf,0.42709982339528213,-0.0418725993219281,-0.051122194513715746,-0.051122194513715746,0.0,0.8662653924137678,0.14581542116651436,0.17274430171242075,0.9636586044818118,-2.5771917307306778,917|536|829|368|240|820|611|59,0.9636586|0.6222811|0.82175931|0.87967456|0.72759923|0.71363269|0.88691694|0.49061245,0|-5.4903702|-6.1576604|-6.5424117|-6.7913418|-7.0072745|-7.1690328|-7.2112786
0_0_0_10_14_8,-25.0,46,1,17,25,656,656,656,656,656,656,1,1,8,0.945316584232471,0.8662653924137678,0.2598796177241303,inf,0.44432699252472346,-0.0418725993219281,-0.051122194513715746,-0.051122194513715746,0.0,0.8662653924137678,0.14581542116651436,0.17274430171242075,0.8083721526565205,0.9971802035343358,656|938|219|590|740|440|499|690,0.80837215|0.94699568|0.87369927|0.7768851|0.72057403|0.94698746|0.83918128|0.77244137,0|-5.8783264|-5.9604723|-6.1563274|-6.5269219|-6.7003425|-6.789654|-6.9821113
0_0_0_10_14_8,-25.0,46,1,18,26,889,515,889,889,889,889,1,1,8,0.945316584232471,0.8662653924137678,0.2598796177241303,inf,0.4615541616541647,-0.0418725993219281,-0.051122194513715746,-0.051122194513715746,0.0,0.8662653924137678,0.14581542116651436,0.17274430171242075,0.9105595047569013,-0.22438873465616643,889|640|188|139|172|794|325|82,0.9105595|0.94885361|0.87631417|0.94285876|0.83865581|0.9767795|0.95463593|0.89887702,0|-4.3115038|-4.4295293|-5.1295786|-5.224233|-5.5910178|-5.7632341|-5.8240433
0_0_0_10_14_8,-25.0,46,1,19,27,510,302,70,70,70,70,1,1,8,0.945316584232471,0.8662653924137678,0.2598796177241303,inf,0.478781330783606,-0.0418725993219281,-0.051122194513715746,-0.051122194513715746,0.0,0.8662653924137678,0.14581542116651436,0.17274430171242075,0.8254016581894962,2.7201705754219017,70|510|307|959|408|360|862|537,0.82540166|0.81826625|0.71761222|0.9406695|0.72735284|0.94782187|0.87897255|0.97532916,0|-0.054921428|-0.15320852|-0.58148959|-0.82293727|-0.99386077|-1.0489842|-1.0798196
0_0_0_10_14_8,-25.0,46,1,20,28,860,82,860,860,860,860,1,1,8,0.945316584232471,0.8662653924137678,0.2598796177241303,inf,0.49600849991304735,-0.0418725993219281,-0.051122194513715746,-0.051122194513715746,0.0,0.8662653924137678,0.14581542116651436,0.17274430171242075,0.6587849586689002,-2.606359574242063,860|978|550|82|318|60|744|3,0.65878496|0.73664342|0.32997835|0.69289898|0.8352714|0.8901242|0.85975633|0.83516531,0|-3.5524853|-3.7129128|-4.1466788|-4.1634435|-4.4885094|-4.7285072|-4.746209
0_0_0_10_14_8,-25.0,46,1,21,29,553,553,553,553,553,553,1,1,8,0.945316584232471,0.8662653924137678,0.2598796177241303,inf,0.5132356690424886,-0.0418725993219281,-0.051122194513715746,-0.051122194513715746,0.0,0.8662653924137678,0.14581542116651436,0.17274430171242075,0.9917025570108559,0.09410219043779133,553|33|419|453|25|485|155|411,0.99170256|0.88087644|0.46537925|0.87498447|0.99810846|0.84816608|0.98764508|0.53800594,0|-3.749612|-3.9615897|-4.650804|-4.798205|-4.8587006|-5.0080305|-5.1493201
0_0_0_10_14_8,-25.0,46,1,22,30,629,186,629,629,629,629,1,1,8,0.945316584232471,0.8662653924137678,0.2598796177241303,inf,0.5304628381719301,-0.0418725993219281,-0.051122194513715746,-0.051122194513715746,0.0,0.8662653924137678,0.14581542116651436,0.17274430171242075,0.7958204139835314,-0.36006681913753463,629|30|42|228|1009|925|580|930,0.79582041|0.86470631|0.81189789|0.99185352|0.80037635|0.92051664|0.5702829|0.38170481,0|-2.0317382|-2.1526012|-2.1543909|-2.6082891|-2.9895618|-3.3039733|-3.3726967
0_0_0_10_14_8,-25.0,46,1,23,31,759,759,759,759,759,759,1,1,8,0.945316584232471,0.8662653924137678,0.2598796177241303,inf,0.5476900073013713,-0.0418725993219281,-0.051122194513715746,-0.051122194513715746,0.0,0.8662653924137678,0.14581542116651436,0.17274430171242075,0.9722252984840132,0.4145715039765542,759|131|1011|992|826|316|72|800,0.9722253|0.98263313|0.98256192|0.85802658|0.82681183|0.97955653|0.8548007|0.76020611,0|-4.5996977|-5.9591348|-6.0751784|-6.1161919|-6.412081|-6.5528161|-7.0141952
0_0_0_10_14_8,-25.0,46,1,24,32,874,485,874,874,874,874,1,1,8,0.945316584232471,0.8662653924137678,0.2598796177241303,inf,0.5649171764308127,-0.0418725993219281,-0.051122194513715746,-0.051122194513715746,0.0,0.8662653924137678,0.14581542116651436,0.17274430171242075,0.9850891165839987,-0.03590221460851711,874|196|582|414|739|475|485|965,0.98508912|0.98371109|0.88063881|0.70938784|0.88122999|0.73911788|0.7056291|0.69863109,0|-0.85238433|-1.4585268|-1.8480562|-1.9336603|-2.0073403|-2.6810063|-2.7560413
0_0_0_10_14_8,-25.0,46,1,25,33,720,45,720,720,720,720,1,1,8,0.945316584232471,0.8662653924137678,0.2598796177241303,inf,0.582144345560254,-0.0418725993219281,-0.051122194513715746,-0.051122194513715746,0.0,0.8662653924137678,0.14581542116651436,0.17274430171242075,0.9680608987706776,-0.15893187086560676,720|837|189|280|207|249|687|10,0.9680609|0.94273606|0.8238402|0.68200091|0.90409277|0.69249327|0.95173206|0.86181626,0|-2.9264224|-2.9693887|-3.0084549|-3.5649511|-3.5942571|-3.9059295|-3.9083971
0_0_0_10_14_8,-25.0,46,1,26,34,314,629,314,314,314,314,1,1,8,0.945316584232471,0.8662653924137678,0.2598796177241303,inf,0.5993715146896952,-0.0418725993219281,-0.051122194513715746,-0.051122194513715746,0.0,0.8662653924137678,0.14581542116651436,0.17274430171242075,0.6314599901357564,1.709122103170144,314|906|338|67|528|679|33|499,0.63145999|0.9333296|0.97781872|0.94187127|0.87474712|0.93585859|0.67895116|0.86117643,0|-1.5392209|-1.9482118|-2.0768223|-2.4278784|-2.4494612|-2.677953|-2.775807
0_0_0_10_14_8,-25.0,46,1,27,35,602,108,602,602,602,602,1,1,8,0.945316584232471,0.8662653924137678,0.2598796177241303,inf,0.6165986838191366,-0.0418725993219281,-0.051122194513715746,-0.051122194513715746,0.0,0.8662653924137678,0.14581542116651436,0.17274430171242075,0.8985899108509802,0.6920014749627919,602|289|902|368|540|464|452|782,0.89858991|0.52617937|0.98861324|0.99824201|0.83481517|0.96547615|0.93278883|0.98600783,0|-1.2227124|-2.3290157|-2.4466146|-2.4752381|-2.6745838|-2.8179589|-2.871891
0_0_0_10_14_8,-25.0,46,1,28,36,7,681,7,7,7,7,1,1,8,0.945316584232471,0.8662653924137678,0.2598796177241303,inf,0.6338258529485779,-0.0418725993219281,-0.051122194513715746,-0.051122194513715746,0.0,0.8662653924137678,0.14581542116651436,0.17274430171242075,0.9660969637894169,0.07625041947722774,7|72|557|516|486|705|1015|13,0.96609696|0.81780052|0.9660807|0.61098399|0.78847945|0.37970177|0.92599272|0.73405428,0|-3.6685551|-3.7499533|-4.0050502|-5.0017644|-5.0705286|-5.1438588|-5.1592528
0_0_0_10_14_8,-25.0,46,1,29,37,610,692,610,610,610,610,1,1,8,0.945316584232471,0.8662653924137678,0.2598796177241303,inf,0.6510530220780193,-0.0418725993219281,-0.051122194513715746,-0.051122194513715746,0.0,0.8662653924137678,0.14581542116651436,0.17274430171242075,0.5818152908637393,1.4281626644172798,610|1|870|179|892|762|638|4,0.58181529|0.9955089|0.49263755|0.9414856|0.93977695|0.92894305|0.99915738|0.81390018,0|-3.44789|-4.0503546|-4.0838222|-4.4055888|-4.5008623|-4.5157285|-4.6120505
0_0_0_10_14_8,-25.0,46,1,30,38,842,602,842,842,842,842,1,1,8,0.945316584232471,0.8662653924137678,0.2598796177241303,inf,0.6682801912074605,-0.0418725993219281,-0.051122194513715746,-0.051122194513715746,0.0,0.8662653924137678,0.14581542116651436,0.17274430171242075,0.8323632812875935,1.7170275672089155,842|703|675|181|483|565|905|865,0.83236328|0.93628862|0.88426413|0.64756585|0.9654703|0.95343399|0.95160774|0.50671901,0|-3.570482|-3.7597762|-4.125155|-4.2802077|-4.2926312|-4.4299484|-4.5410465
0_0_0_10_14_8,-25.0,46,1,31,39,928,928,928,928,928,928,1,1,8,0.945316584232471,0.8662653924137678,0.2598796177241303,inf,0.685507360336902,-0.0418725993219281,-0.051122194513715746,-0.051122194513715746,0.0,0.8662653924137678,0.14581542116651436,0.17274430171242075,0.9296304163537814,1.6050709638300837,928|272|206|504|768|641|516|777,0.92963042|0.85836414|0.81389207|0.88849288|0.70481338|0.13085197|0.97019473|0.73325858,0|-4.9147178|-5.1837662|-5.324163|-5.4652355|-5.8934686|-5.9263545|-6.2108559
0_0_0_10_14_8,-25.0,46,1,32,40,744,744,744,744,744,744,1,1,8,0.945316584232471,0.8662653924137678,0.2598796177241303,inf,0.7027345294663432,-0.0418725993219281,-0.051122194513715746,-0.051122194513715746,0.0,0.8662653924137678,0.14581542116651436,0.17274430171242075,0.9808083505925541,-0.09402791232532293,744|761|876|946|607|787|276|745,0.98080835|0.92736272|0.99029484|0.96924832|0.14194171|0.99722563|0.88193194|0.66638455,0|-4.0460198|-4.9387104|-5.2267972|-5.344614|-5.4760723|-5.5999617|-5.8820639
0_0_0_10_14_8,-25.0,46,1,33,41,586,918,586,586,586,586,1,1,8,0.945316584232471,0.8662653924137678,0.2598796177241303,inf,0.7199616985957846,-0.0418725993219281,-0.051122194513715746,-0.051122194513715746,0.0,0.8662653924137678,0.14581542116651436,0.17274430171242075,0.5382101087563652,-1.6174626459510821,586|583|945|249|748|461|225|297,0.53821011|0.58105862|0.96291603|0.68775449|0.84875074|0.8744809|0.87696896|0.70898083,0|-0.47461676|-0.74237563|-0.92146745|-1.1313193|-1.2096006|-1.2155475|-1.264739
0_0_0_10_14_8,-25.0,46,1,34,42,91,600,91,91,91,91,1,1,8,0.945316584232471,0.8662653924137678,0.2598796177241303,inf,0.7371888677252258,-0.0418725993219281,-0.051122194513715746,-0.051122194513715746,0.0,0.8662653924137678,0.14581542116651436,0.17274430171242075,0.8125341414468241,-2.40696399536143,91|716|617|108|696|320|10|1009,0.81253414|0.92947367|0.879744|0.91743921|0.73184188|0.42264147|0.76553991|0.75634505,0|-5.4214107|-5.8964789|-6.1333187|-6.1377256|-6.3233967|-6.7075537|-6.9755298
0_0_0_10_14_8,-25.0,46,2,0,8,803,719,700,700,700,700,1,1,8,0.773130780541357,0.8797006546884004,0.26391019640652014,inf,-0.361694674304981,0.10913484627206936,-0.0685785536159601,-0.0685785536159601,0.0,0.8797006546884004,0.15031349961820017,0.2552711346429151,0.6099655350370697,-2.8805717456499873,700|803|54|85|639|330|964|996,0.60996554|0.97831819|0.96102315|0.80908308|0.32878626|0.74412455|0.90097403|0.5614268,0|-0.2914849|-2.0369185|-2.0957763|-2.5388483|-2.9427567|-3.4388836|-3.5674214
0_0_0_10_14_8,-25.0,46,2,1,9,711,737,717,717,717,717,0,0,8,0.773130780541357,0.8797006546884004,0.26391019640652014,inf,-0.34444973231970344,0.10913484627206936,-0.0685785536159601,-0.0685785536159601,0.0,0.8797006546884004,0.15031349961820017,0.2552711346429151,0.9357571467622846,0.3855172992443703,717|719|330|770|731|721|605|287,0.93575715|0.76567386|0.87099127|0.78108551|0.92475707|0.99876023|0.78940883|0.83886385,0|-0.44384198|-0.44563961|-0.7261078|-0.96757574|-1.093072|-1.1759789|-1.2146624
0_0_0_10_14_8,-25.0,46,2,2,10,871,296,871,871,871,871,1,1,8,0.773130780541357,0.8797006546884004,0.26391019640652014,inf,-0.3272047903344259,0.10913484627206936,-0.0685785536159601,-0.0685785536159601,0.0,0.8797006546884004,0.15031349961820017,0.2552711346429151,0.4800201442567457,1.8781331044758995,871|73|923|209|596|111|208|94,0.48002014|0.93017738|0.890249|0.89478042|0.93412922|0.98039143|0.93463525|0.78213052,0|-0.76277715|-1.0755841|-1.5493842|-1.8592344|-2.0772811|-2.2551387|-2.2688578
0_0_0_10_14_8,-25.0,46,2,3,11,718,599,718,718,718,718,1,1,8,0.773130780541357,0.8797006546884004,0.26391019640652014,inf,-0.30995984834914836,0.10913484627206936,-0.0685785536159601,-0.0685785536159601,0.0,0.8797006546884004,0.15031349961820017,0.2552711346429151,0.9305293394382801,0.7813513539020468,718|347|820|871|214|649|61|39,0.93052934|0.95647277|0.89544886|0.97520912|0.97575638|0.41501849|0.83239848|0.96769074,0|-4.5663199|-4.5743747|-4.758009|-5.0362516|-5.1517556|-5.2820276|-5.5049635
0_0_0_10_14_8,-25.0,46,2,4,12,86,271,86,86,86,86,1,1,8,0.773130780541357,0.8797006546884004,0.26391019640652014,inf,-0.2927149063638708,0.10913484627206936,-0.0685785536159601,-0.0685785536159601,0.0,0.8797006546884004,0.15031349961820017,0.2552711346429151,0.9820561605084085,2.310692512954723,86|474|426|638|666|763|521|597,0.98205616|0.89709659|0.41529137|0.7846476|0.82849556|0.78001017|0.96847055|0.52796224,0|-1.6042767|-1.6858177|-1.8670637|-1.9613971|-2.54325|-3.0943424|-3.1608637
0_0_0_10_14_8,-25.0,46,2,5,13,467,588,467,467,467,467,1,1,8,0.773130780541357,0.8797006546884004,0.26391019640652014,inf,-0.2754699643785933,0.10913484627206936,-0.0685785536159601,-0.0685785536159601,0.0,0.8797006546884004,0.15031349961820017,0.2552711346429151,0.7950467366850239,-0.7155795602211272,467|724|685|762|303|177|761|792,0.79504674|0.94047374|0.91539241|0.91122261|0.68058166|0.85214637|0.64036853|0.54106026,0|-1.7548929|-2.7009521|-2.7490176|-2.7776865|-3.0249043|-3.0712367|-3.4074376
0_0_0_10_14_8,-25.0,46,2,6,14,89,377,89,89,89,89,1,1,8,0.773130780541357,0.8797006546884004,0.26391019640652014,inf,-0.2582250223933158,0.10913484627206936,-0.0685785536159601,-0.0685785536159601,0.0,0.8797006546884004,0.15031349961820017,0.2552711346429151,0.9794116806707437,0.45605385261046266,89|819|885|716|106|706|997|406,0.97941168|0.9260892|0.82815846|0.85624786|0.88706463|0.83906863|0.92565567|0.74938699,0|-1.2514534|-1.9589661|-2.9474187|-3.0970853|-3.5227611|-3.5928148|-4.0185998
0_0_0_10_14_8,-25.0,46,2,7,15,713,667,713,713,713,713,1,1,8,0.773130780541357,0.8797006546884004,0.26391019640652014,inf,-0.24098008040803826,0.10913484627206936,-0.0685785536159601,-0.0685785536159601,0.0,0.8797006546884004,0.15031349961820017,0.2552711346429151,0.7990727260538811,-1.5580722032120382,713|356|840|1022|138|498|234|839,0.79907273|0.76771023|0.75362531|0.90748874|0.91726986|0.64408212|0.99480472|0.17108783,0|-2.1109701|-2.9974703|-3.2003816|-3.4561545|-3.614833|-3.7300814|-3.8360488
0_0_0_10_14_8,-25.0,46,2,8,16,865,194,865,865,865,865,1,1,8,0.773130780541357,0.8797006546884004,0.26391019640652014,inf,-0.22373513842276072,0.10913484627206936,-0.0685785536159601,-0.0685785536159601,0.0,0.8797006546884004,0.15031349961820017,0.2552711346429151,0.9197171124974941,-1.0060946224959528,865|47|706|59|540|841|147|303,0.91971711|0.83299159|0.81382514|0.94513787|0.92543316|0.80634562|0.76692413|0.99419152,0|-2.7976294|-2.991132|-3.4176299|-3.8773776|-4.027823|-4.119625|-4.5377
0_0_0_10_14_8,-25.0,46,2,9,17,405,405,405,405,405,405,1,1,8,0.773130780541357,0.8797006546884004,0.26391019640652014,inf,-0.20649019643748312,0.10913484627206936,-0.0685785536159601,-0.0685785536159601,0.0,0.8797006546884004,0.15031349961820017,0.2552711346429151,0.9929807862733332,0.18695565971735803,405|746|385|545|1007|229|416|224,0.99298079|0.93692642|0.99383695|0.93602291|0.96264476|0.72264035|0.52364944|0.9875146,0|-4.1816706|-5.2340388|-5.4879752|-5.5415424|-5.8645008|-6.0368133|-6.219231
0_0_0_10_14_8,-25.0,46,2,10,18,765,345,765,765,765,765,1,1,8,0.773130780541357,0.8797006546884004,0.26391019640652014,inf,-0.18924525445220564,0.10913484627206936,-0.0685785536159601,-0.0685785536159601,0.0,0.8797006546884004,0.15031349961820017,0.2552711346429151,0.9471756076097628,-0.6357488198053507,765|579|380|736|31|110|155|660,0.94717561|0.99369994|0.48419507|0.35502835|0.71169966|0.87342385|0.89947573|0.62007538,0|-2.9923512|-3.3957958|-3.4864878|-3.7209867|-3.7618742|-3.8401451|-3.8990432
0_0_0_10_14_8,-25.0,46,2,11,19,1023,845,1023,1023,1023,1023,1,1,8,0.773130780541357,0.8797006546884004,0.26391019640652014,inf,-0.17200031246692815,0.10913484627206936,-0.0685785536159601,-0.0685785536159601,0.0,0.8797006546884004,0.15031349961820017,0.2552711346429151,0.9778107935783176,2.1468036919818183,1023|366|0|29|800|994|425|39,0.97781079|0.96976157|0.93805607|0.98083482|0.85180771|0.99084301|0.83927109|0.94750967,0|-2.9750592|-4.0326723|-4.1264988|-4.1754966|-4.219975|-4.3088742|-4.3456777
0_0_0_10_14_8,-25.0,46,2,12,20,597,493,597,597,597,597,1,1,8,0.773130780541357,0.8797006546884004,0.26391019640652014,inf,-0.15475537048165056,0.10913484627206936,-0.0685785536159601,-0.0685785536159601,0.0,0.8797006546884004,0.15031349961820017,0.2552711346429151,0.8125908878317047,0.267906927448305,597|528|136|69|7|501|111|937,0.81259089|0.93324184|0.43785848|0.91772779|0.83825262|0.89392253|0.6979757|0.70468101,0|-1.9780491|-2.150762|-2.3219155|-3.9277677|-4.4714649|-4.5104114|-4.5399556
0_0_0_10_14_8,-25.0,46,2,13,21,562,263,562,562,562,562,1,1,8,0.773130780541357,0.8797006546884004,0.26391019640652014,inf,-0.13751042849637307,0.10913484627206936,-0.0685785536159601,-0.0685785536159601,0.0,0.8797006546884004,0.15031349961820017,0.2552711346429151,0.9095035064220778,-0.2109355068289186,562|702|246|130|769|60|28|628,0.90950351|0.95764287|0.74993923|0.91842436|0.9916246|0.78693826|0.90882279|0.99367477,0|-4.6079692|-4.6351347|-4.9173156|-5.396486|-5.5227521|-5.5669048|-5.8518024
0_0_0_10_14_8,-25.0,46,2,14,22,478,478,478,478,478,478,1,1,8,0.773130780541357,0.8797006546884004,0.26391019640652014,inf,-0.12026548651109548,0.10913484627206936,-0.0685785536159601,-0.0685785536159601,0.0,0.8797006546884004,0.15031349961820017,0.2552711346429151,0.45041840546076606,2.468409497270615,478|890|71|268|991|915|416|270,0.45041841|0.96797307|0.95315143|0.74489203|0.96988803|0.92944133|0.84976003|0.76341107,0|-0.98598958|-2.0523465|-2.0834536|-2.3629164|-2.8449562|-2.9256115|-3.0743117
0_0_0_10_14_8,-25.0,46,2,15,23,267,656,267,267,267,267,1,1,8,0.773130780541357,0.8797006546884004,0.26391019640652014,inf,-0.10302054452581799,0.10913484627206936,-0.0685785536159601,-0.0685785536159601,0.0,0.8797006546884004,0.15031349961820017,0.2552711346429151,0.9011875304882284,-0.06976674444112217,267|656|940|1010|418|649|852|315,0.90118753|0.80912089|0.7005608|0.95835276|0.5388172|0.54590203|0.71062184|0.91133446,0|-0.28049673|-0.85239191|-0.88226951|-1.1235165|-1.4171912|-1.7932394|-1.9310694
0_0_0_10_14_8,-25.0,46,2,16,24,917,985,917,917,917,917,1,1,8,0.773130780541357,0.8797006546884004,0.26391019640652014,inf,-0.0857756025405404,0.10913484627206936,-0.0685785536159601,-0.0685785536159601,0.0,0.8797006546884004,0.15031349961820017,0.2552711346429151,0.8587079287683584,-3.0387335305468386,917|952|930|815|824|880|915|1021,0.85870793|0.86078743|0.68015259|0.78879798|0.81079237|0.60686505|0.67907558|0.64560832,0|-1.8566449|-2.9986194|-3.0662355|-3.1199206|-3.3099354|-3.4427248|-3.4608524
0_0_0_10_14_8,-25.0,46,2,17,25,656,782,656,656,656,656,1,1,8,0.773130780541357,0.8797006546884004,0.26391019640652014,inf,-0.06853066055526291,0.10913484627206936,-0.0685785536159601,-0.0685785536159601,0.0,0.8797006546884004,0.15031349961820017,0.2552711346429151,0.8728020094152554,0.07608473020460521,656|926|809|203|467|82|654|640,0.87280201|0.86951777|0.78376171|0.50297641|0.087556297|0.97443976|0.90946222|0.60493641,0|-1.1186871|-1.7550195|-2.1624691|-2.2421012|-2.2812678|-2.3566091|-2.442423
0_0_0_10_14_8,-25.0,46,2,18,26,889,289,699,699,699,699,1,1,8,0.773130780541357,0.8797006546884004,0.26391019640652014,inf,-0.05128571856998543,0.10913484627206936,-0.0685785536159601,-0.0685785536159601,0.0,0.8797006546884004,0.15031349961820017,0.2552711346429151,0.8907194246641883,-0.5496498877779321,699|712|859|719|889|792|261|655,0.89071942|0.86709564|0.68717973|0.6405646|0.92767539|0.97569669|0.90079688|0.9420743,0|-0.69266223|-0.75170989|-0.79329731|-0.92985411|-0.94450137|-0.9707976|-1.2518605
0_0_0_10_14_8,-25.0,46,2,19,27,510,510,510,510,510,510,1,1,8,0.773130780541357,0.8797006546884004,0.26391019640652014,inf,-0.03404077658470783,0.10913484627206936,-0.0685785536159601,-0.0685785536159601,0.0,0.8797006546884004,0.15031349961820017,0.2552711346429151,0.9915580040797701,-0.18111202660487902,510|156|370|646|472|576|557|826,0.991558|0.9229812|0.98177794|0.94667397|0.73949162|0.56721662|0.99570194|0.96223189,0|-1.9784311|-2.3800969|-2.4852756|-2.7854125|-2.9866943|-3.0553717|-3.1768856
0_0_0_10_14_8,-25.0,46,2,20,28,860,516,860,860,860,860,1,1,8,0.773130780541357,0.8797006546884004,0.26391019640652014,inf,-0.016795834599430348,0.10913484627206936,-0.0685785536159601,-0.0685785536159601,0.0,0.8797006546884004,0.15031349961820017,0.2552711346429151,0.8372804037243472,2.4094395618065727,860|475|623|998|833|778|383|1020,0.8372804|0.55959374|0.94072028|0.94488846|0.94521723|0.835825|0.83066483|0.94171777,0|-4.7348097|-5.8334609|-6.3667233|-6.485844|-6.5517468|-6.5551567|-6.5567482
0_0_0_10_14_8,-25.0,46,2,21,29,553,565,553,553,553,553,1,1,8,0.773130780541357,0.8797006546884004,0.26391019640652014,inf,0.0004491073858472472,0.10913484627206936,-0.0685785536159601,-0.0685785536159601,0.0,0.8797006546884004,0.15031349961820017,0.2552711346429151,0.9609074520550489,0.1864301112468265,553|482|901|1002|41|82|718|32,0.96090745|0.95875921|0.58011078|0.96877986|0.9754827|0.97603449|0.89796976|0.74959022,0|-0.95765173|-1.7871509|-1.8542139|-2.0580087|-2.1948766|-2.6526575|-2.7967131
0_0_0_10_14_8,-25.0,46,2,22,30,629,148,889,889,889,889,0,0,8,0.773130780541357,0.8797006546884004,0.26391019640652014,inf,0.01769404937112473,0.10913484627206936,-0.0685785536159601,-0.0685785536159601,0.0,0.8797006546884004,0.15031349961820017,0.2552711346429151,0.978084148417587,-0.27540484307760343,889|210|562|698|646|586|148|747,0.97808415|0.67462394|0.77753999|0.74461309|0.41631657|0.95832037|0.71630579|0.79885823,0|-0.26619755|-0.34245148|-0.79470633|-1.0111675|-1.1691118|-1.48751|-1.6057284
0_0_0_10_14_8,-25.0,46,2,23,31,759,830,759,759,759,759,1,1,8,0.773130780541357,0.8797006546884004,0.26391019640652014,inf,0.03493899135640233,0.10913484627206936,-0.0685785536159601,-0.0685785536159601,0.0,0.8797006546884004,0.15031349961820017,0.2552711346429151,0.698550106468636,-2.068562463807805,759|62|910|544|393|128|136|239,0.69855011|0.8262361|0.91264368|0.78529895|0.40567249|0.74601801|0.99835391|0.78865643,0|-1.5173259|-1.8795794|-2.0228065|-2.2041724|-2.3426072|-2.6937576|-2.7809795
0_0_0_10_14_8,-25.0,46,2,24,32,874,130,874,874,874,874,1,1,8,0.773130780541357,0.8797006546884004,0.26391019640652014,inf,0.05218393334167981,0.10913484627206936,-0.0685785536159601,-0.0685785536159601,0.0,0.8797006546884004,0.15031349961820017,0.2552711346429151,0.9166521215127219,2.002571246650053,874|709|654|954|234|53|179|27,0.91665212|0.63871979|0.99920148|0.9182028|0.9965518|0.90466012|0.57845016|0.64879515,0|-4.5487772|-5.0181067|-5.4444213|-5.5581378|-5.7776525|-5.8638415|-5.9600215
0_0_0_10_14_8,-25.0,46,2,25,33,720,720,720,720,720,720,1,1,8,0.773130780541357,0.8797006546884004,0.26391019640652014,inf,0.0694288753269574,0.10913484627206936,-0.0685785536159601,-0.0685785536159601,0.0,0.8797006546884004,0.15031349961820017,0.2552711346429151,0.6091652625348755,-1.2661816040771812,720|351|719|286|43|442|372|810,0.60916526|0.56894131|0.59400864|0.98212223|0.94860216|0.62930664|0.9058376|0.52559534,0|-0.10994194|-0.21871207|-0.55925018|-0.635508|-1.4929942|-1.7096939|-1.7210752
0_0_0_10_14_8,-25.0,46,2,26,34,314,314,314,314,314,314,1,1,8,0.773130780541357,0.8797006546884004,0.26391019640652014,inf,0.08667381731223489,0.10913484627206936,-0.0685785536159601,-0.0685785536159601,0.0,0.8797006546884004,0.15031349961820017,0.2552711346429151,0.9705121628304942,0.2849052523187316,314|757|86|148|435|982|721|509,0.97051216|0.27972558|0.78605331|0.92273026|0.62956141|0.45675004|0.82648004|0.74263641,0|-3.5718839|-3.625333|-3.9384205|-4.0722457|-4.7714205|-4.9783176|-5.0482253
0_0_0_10_14_8,-25.0,46,2,27,35,602,525,602,602,602,602,1,1,8,0.773130780541357,0.8797006546884004,0.26391019640652014,inf,0.10391875929751238,0.10913484627206936,-0.0685785536159601,-0.0685785536159601,0.0,0.8797006546884004,0.15031349961820017,0.2552711346429151,0.6523169348911946,1.313399774226513,602|621|642|525|73|291|66|40,0.65231693|0.61884558|0.87039817|0.66758268|0.923066|0.69302771|0.92077063|0.75407445,0|-1.398895|-2.3411541|-2.3736014|-3.0719881|-3.2271691|-3.2495197|-3.3234126
0_0_0_10_14_8,-25.0,46,2,28,36,7,407,7,7,7,7,1,1,8,0.773130780541357,0.8797006546884004,0.26391019640652014,inf,0.12116370128278997,0.10913484627206936,-0.0685785536159601,-0.0685785536159601,0.0,0.8797006546884004,0.15031349961820017,0.2552711346429151,0.9602747245604181,0.40026670850698304,7|866|757|398|74|611|342|353,0.96027472|0.83464054|0.96227068|0.88408032|0.49557935|0.70157697|0.61695925|0.65508418,0|-0.60862421|-1.124158|-1.4848864|-1.747836|-1.81348|-1.8385782|-2.0581574
0_0_0_10_14_8,-25.0,46,2,29,37,610,386,610,610,610,610,1,1,8,0.773130780541357,0.8797006546884004,0.26391019640652014,inf,0.13840864326806745,0.10913484627206936,-0.0685785536159601,-0.0685785536159601,0.0,0.8797006546884004,0.15031349961820017,0.2552711346429151,0.9346786032149069,0.15372644132125868,610|293|548|17|925|866|18|337,0.9346786|0.80827034|0.43013998|0.74650764|0.83241806|0.81899225|0.93193303|0.72846094,0|-4.0298087|-5.8672425|-6.039576|-6.1484277|-6.3211051|-6.3779644|-6.6581588
0_0_0_10_14_8,-25.0,46,2,30,38,874,499,874,874,874,874,1,1,8,0.773130780541357,0.8797006546884004,0.26391019640652014,inf,0.15565358525334505,0.10913484627206936,-0.0685785536159601,-0.0685785536159601,0.0,0.8797006546884004,0.15031349961820017,0.2552711346429151,0.8813533499137862,-3.1008668522327913,874|74|134|592|419|328|932|596,0.88135335|0.97387492|0.9477637|0.66440558|0.88919431|0.78553668|0.67539828|0.9720806,0|-1.1785714|-1.2346471|-1.9926196|-2.2885909|-2.8281821|-2.8326266|-3.0284006
0_0_0_10_14_8,-25.0,46,2,31,39,913,834,913,913,913,913,1,1,8,0.773130780541357,0.8797006546884004,0.26391019640652014,inf,0.17289852723862253,0.10913484627206936,-0.0685785536159601,-0.0685785536159601,0.0,0.8797006546884004,0.15031349961820017,0.2552711346429151,0.9916378532310773,-0.7241364023587976,913|488|56|154|244|236|83|53,0.99163785|0.43543355|0.80411974|0.76611467|0.94827095|0.91448954|0.4962969|0.87277555,0|-1.7577371|-2.8163063|-3.1513722|-3.3635555|-3.6434098|-3.9153753|-3.9661689
0_0_0_10_14_8,-25.0,46,2,32,40,757,384,757,757,757,757,1,1,8,0.773130780541357,0.8797006546884004,0.26391019640652014,inf,0.19014346922390013,0.10913484627206936,-0.0685785536159601,-0.0685785536159601,0.0,0.8797006546884004,0.15031349961820017,0.2552711346429151,0.8906622428667426,-1.3139212776949578,757|424|913|446|876|811|925|81,0.89066224|0.85146377|0.75237015|0.9703868|0.93206103|0.98785364|0.86812518|0.98276642,0|-5.7044163|-5.8919863|-5.970108|-6.5164319|-6.6462012|-6.7924415|-6.7947642
0_0_0_10_14_8,-25.0,46,2,33,41,587,312,587,587,587,587,1,1,8,0.773130780541357,0.8797006546884004,0.26391019640652014,inf,0.20738841120917761,0.10913484627206936,-0.0685785536159601,-0.0685785536159601,0.0,0.8797006546884004,0.15031349961820017,0.2552711346429151,0.9388939274716531,0.3356643256331765,587|1003|303|465|466|554|581|669,0.93889393|0.85921497|0.71631871|0.62608893|0.8923772|0.83914183|0.90849721|0.85093485,0|-1.7027905|-1.8181926|-2.0688117|-2.1315701|-2.4442511|-2.8020189|-2.9741374
0_0_0_10_14_8,-25.0,46,2,34,42,932,35,786,786,786,786,1,1,8,0.773130780541357,0.8797006546884004,0.26391019640652014,inf,0.2246333531944551,0.10913484627206936,-0.0685785536159601,-0.0685785536159601,0.0,0.8797006546884004,0.15031349961820017,0.2552711346429151,0.9549676120483146,-0.7977457108616148,786|932|902|284|83|1019|72|71,0.95496761|0.94439639|0.68596354|0.58775813|0.87482117|0.67782435|0.98211084|0.73862946,0|-0.25090798|-0.65648523|-0.81199342|-0.89902728|-0.9606175|-1.5023488|-1.8110822
0_0_0_10_14_8,-26.0,46,0,0,8,803,623,803,803,803,803,1,1,6,1.0702207604749479,0.9005891407236861,0.2701767422171058,inf,0.6146892060009853,-0.1097753088367985,0.08104738154613467,0.08104738154613467,0.0,0.9005891407236861,0.09300776191418192,0.2201042190732778,0.8436554923767856,-0.18276277548489558,803|649|305|620|578|79|407|362,0.84365549|0.78549446|0.9734342|0.80621426|0.91103774|0.68894108|0.99358111|0.096318691,0|-0.18984884|-1.4488756|-2.6062026|-2.646067|-2.9540795|-3.3832312|-3.4444917
0_0_0_10_14_8,-26.0,46,0,1,9,826,643,826,826,826,826,1,1,6,1.0702207604749479,0.9005891407236861,0.2701767422171058,inf,0.6318865303353551,-0.1097753088367985,0.08104738154613467,0.08104738154613467,0.0,0.9005891407236861,0.09300776191418192,0.2201042190732778,0.9338712048049428,-1.024564626091606,826|193|769|412|500|229|394|493,0.9338712|0.87128795|0.81934174|0.82282523|0.94053652|0.7474816|0.81648655|0.94895633,0|-1.2981694|-1.5435253|-2.1764159|-2.4744817|-2.5152236|-2.8082212|-2.8736582
0_0_0_10_14_8,-26.0,46,0,2,10,922,881,922,922,922,922,1,1,6,1.0702207604749479,0.9005891407236861,0.2701767422171058,inf,0.649083854669725,-0.1097753088367985,0.08104738154613467,0.08104738154613467,0.0,0.9005891407236861,0.09300776191418192,0.2201042190732778,0.8920694166148091,1.177311214816067,922|117|789|438|422|24|221|444,0.89206942|0.73832201|0.82767286|0.63704475|0.91481142|0.94879778|0.8582662|0.21559438,0|-3.4679665|-3.7507409|-4.1141906|-4.1887979|-4.1959992|-4.4528393|-4.4623528
0_0_0_10_14_8,-26.0,46,0,3,11,718,356,718,718,718,718,1,1,6,1.0702207604749479,0.9005891407236861,0.2701767422171058,inf,0.6662811790040948,-0.1097753088367985,0.08104738154613467,0.08104738154613467,0.0,0.9005891407236861,0.09300776191418192,0.2201042190732778,0.9624352018253273,-0.39706070813935046,718|194|633|382|512|12|318|817,0.9624352|0.83773344|0.86018009|0.36331135|0.95327804|0.98869638|0.46521938|0.94946147,0|-0.42955067|-0.81498878|-1.2683388|-1.4223486|-1.4270711|-1.4279559|-1.5280425
0_0_0_10_14_8,-26.0,46,0,4,12,86,772,631,631,631,631,0,0,6,1.0702207604749479,0.9005891407236861,0.2701767422171058,inf,0.6834785033384646,-0.1097753088367985,0.08104738154613467,0.08104738154613467,0.0,0.9005891407236861,0.09300776191418192,0.2201042190732778,0.8649854292729725,0.6913796279829777,631|820|10|446|887|965|953|599,0.86498543|0.94787158|0.98405828|0.95763566|0.98302241|0.64597887|0.96547925|0.43568731,0|-0.026453196|-0.37699588|-0.96881317|-0.98864401|-1.0049529|-1.185477|-1.2624586
0_0_0_10_14_8,-26.0,46,0,5,13,467,255,656,656,656,656,1,1,6,1.0702207604749479,0.9005891407236861,0.2701767422171058,inf,0.7006758276728344,-0.1097753088367985,0.08104738154613467,0.08104738154613467,0.0,0.9005891407236861,0.09300776191418192,0.2201042190732778,0.9260931774578661,-0.3262936490449203,656|813|953|593|761|618|677|467,0.92609318|0.86103695|0.79769338|0.90880645|0.91961046|0.71313292|0.78866721|0.89443836,0|-0.57257589|-0.70865145|-0.87800616|-1.3716858|-1.3790448|-1.4252103|-1.6764647
0_0_0_10_14_8,-26.0,46,0,6,14,89,727,89,89,89,89,1,1,6,1.0702207604749479,0.9005891407236861,0.2701767422171058,inf,0.7178731520072043,-0.1097753088367985,0.08104738154613467,0.08104738154613467,0.0,0.9005891407236861,0.09300776191418192,0.2201042190732778,0.9443763859260783,-0.6439116933111925,89|220|602|180|973|305|912|237,0.94437639|0.96892524|0.72362872|0.90989393|0.73256969|0.72710306|0.66251996|0.98935234,0|-2.9313626|-3.0710648|-3.1774543|-3.2807711|-3.5596518|-3.6933977|-3.7001361
0_0_0_10_14_8,-26.0,46,0,7,15,713,973,713,713,713,713,1,1,6,1.0702207604749479,0.9005891407236861,0.2701767422171058,inf,0.7350704763415741,-0.1097753088367985,0.08104738154613467,0.08104738154613467,0.0,0.9005891407236861,0.09300776191418192,0.2201042190732778,0.9661228751802001,-0.4347736536991354,713|854|337|14|195|170|662|61,0.96612288|0.87673818|0.76760267|0.96037309|0.98224577|0.81988993|0.9587124|0.67357762,0|-1.242111|-1.855477|-2.103161|-2.2697083|-2.5927756|-2.5948602|-2.5985581
0_0_0_10_14_8,-26.0,46,0,8,16,865,41,304,304,304,304,1,1,6,1.0702207604749479,0.9005891407236861,0.2701767422171058,inf,0.7522678006759439,-0.1097753088367985,0.08104738154613467,0.08104738154613467,0.0,0.9005891407236861,0.09300776191418192,0.2201042190732778,0.864352023278053,1.0011233533298487,304|865|926|472|553|19|373|302,0.86435202|0.5663689|0.89647738|0.71008072|0.94200536|0.86969452|0.39258384|0.79696348,0|-0.11476367|-0.82127574|-1.0676784|-1.0843536|-1.1516627|-1.27568|-1.4246791
0_0_0_10_14_8,-26.0,46,0,9,17,405,879,493,493,493,493,0,0,6,1.0702207604749479,0.9005891407236861,0.2701767422171058,inf,0.7694651250103137,-0.1097753088367985,0.08104738154613467,0.08104738154613467,0.0,0.9005891407236861,0.09300776191418192,0.2201042190732778,0.9722661499105342,0.2533119216580863,493|354|648|183|630|505|185|863,0.97226615|0.82767189|0.92379567|0.68633666|0.51928786|0.63081669|0.9906574|0.9067626,0|-0.25789674|-1.0038025|-1.3494948|-1.7075989|-1.7522542|-1.9325294|-2.061428
0_0_0_10_14_8,-26.0,46,0,10,18,765,266,765,765,765,765,1,1,6,1.0702207604749479,0.9005891407236861,0.2701767422171058,inf,0.7866624493446835,-0.1097753088367985,0.08104738154613467,0.08104738154613467,0.0,0.9005891407236861,0.09300776191418192,0.2201042190732778,0.9928903991177833,-0.2786035881800458,765|188|958|13|905|712|725|754,0.9928904|0.72028272|0.85620271|0.82876242|0.98603944|0.74326855|0.99531974|0.96072531,0|-3.2117161|-3.2985446|-3.4382894|-3.6944909|-4.127118|-4.1595588|-4.3926675
0_0_0_10_14_8,-26.0,46,0,11,19,1023,721,1023,1023,1023,1023,1,1,6,1.0702207604749479,0.9005891407236861,0.2701767422171058,inf,0.8038597736790534,-0.1097753088367985,0.08104738154613467,0.08104738154613467,0.0,0.9005891407236861,0.09300776191418192,0.2201042190732778,0.9077079676825306,-2.3040984051260898,1023|744|145|505|530|595|183|606,0.90770797|0.90036826|0.80504635|0.9566405|0.94759228|0.95728729|0.8291517|0.69677598,0|-0.72465319|-1.8314205|-1.9749381|-2.130463|-2.3279799|-2.7990794|-2.9210131
0_0_0_10_14_8,-26.0,46,0,12,20,597,607,990,990,990,990,1,1,6,1.0702207604749479,0.9005891407236861,0.2701767422171058,inf,0.8210570980134232,-0.1097753088367985,0.08104738154613467,0.08104738154613467,0.0,0.9005891407236861,0.09300776191418192,0.2201042190732778,0.9568504163086584,-0.401018962952236,990|597|60|997|965|207|509|54,0.95685042|0.86135685|0.93944841|0.91001022|0.82974602|0.76813618|0.87781998|0.9460899,0|-0.12648197|-0.39202193|-1.3474694|-1.6310231|-1.633566|-1.8927262|-1.9932341
0_0_0_10_14_8,-26.0,46,0,13,21,562,163,562,562,562,562,1,1,6,1.0702207604749479,0.9005891407236861,0.2701767422171058,inf,0.838254422347793,-0.1097753088367985,0.08104738154613467,0.08104738154613467,0.0,0.9005891407236861,0.09300776191418192,0.2201042190732778,0.785758251094826,0.19013396423380236,562|690|448|976|218|706|911|162,0.78575825|0.74071106|0.99883111|0.87667521|0.73584657|0.84008724|0.9974837|0.99588693,0|-1.4779374|-2.1513177|-2.2840864|-2.7464872|-2.8031701|-3.1733949|-3.5702303
0_0_0_10_14_8,-26.0,46,0,14,22,478,978,478,478,478,478,1,1,6,1.0702207604749479,0.9005891407236861,0.2701767422171058,inf,0.8554517466821628,-0.1097753088367985,0.08104738154613467,0.08104738154613467,0.0,0.9005891407236861,0.09300776191418192,0.2201042190732778,0.9537431864537573,-0.0370914418470244,478|236|761|834|576|402|592|521,0.95374319|0.76420207|0.91207739|0.99492547|0.91438872|0.31333749|0.83658987|0.55225768,0|-0.63574071|-2.7714457|-2.8740948|-3.010991|-3.0990664|-3.1449046|-3.151318
0_0_0_10_14_8,-26.0,46,0,15,23,267,267,267,267,267,267,1,1,6,1.0702207604749479,0.9005891407236861,0.2701767422171058,inf,0.8726490710165327,-0.1097753088367985,0.08104738154613467,0.08104738154613467,0.0,0.9005891407236861,0.09300776191418192,0.2201042190732778,0.9734397613281256,0.04474963078475259,267|673|428|977|377|230|963|704,0.97343976|0.81077782|0.97010793|0.73546255|0.64201395|0.95700566|0.74960855|0.86191639,0|-4.4485955|-4.7069375|-4.7229552|-4.8524608|-5.4660424|-5.7072202|-5.7129393
0_0_0_10_14_8,-26.0,46,0,16,24,917,406,917,917,917,917,1,1,6,1.0702207604749479,0.9005891407236861,0.2701767422171058,inf,0.8898463953509025,-0.1097753088367985,0.08104738154613467,0.08104738154613467,0.0,0.9005891407236861,0.09300776191418192,0.2201042190732778,0.829724837339515,0.26810431138634394,917|101|182|125|284|437|318|414,0.82972484|0.7993859|0.90958273|0.93895353|0.69852166|0.91034542|0.74856828|0.99825332,0|-0.93386965|-0.99168341|-1.6609275|-1.7939989|-1.897465|-2.1401877|-2.4415195
0_0_0_10_14_8,-26.0,46,0,17,25,656,950,298,298,298,298,0,0,6,1.0702207604749479,0.9005891407236861,0.2701767422171058,inf,0.9070437196852723,-0.1097753088367985,0.08104738154613467,0.08104738154613467,0.0,0.9005891407236861,0.09300776191418192,0.2201042190732778,0.9874411774304739,-0.32107209101296447,298|58|711|569|884|842|613|895,0.98744118|0.95185553|0.9812229|0.80362237|0.73647849|0.81144051|0.89527879|0.68492537,0|-0.20928001|-0.48741433|-0.7061065|-0.77410642|-1.0443799|-1.6120566|-1.6428107
0_0_0_10_14_8,-26.0,46,0,18,26,889,580,889,889,889,889,1,1,6,1.0702207604749479,0.9005891407236861,0.2701767422171058,inf,0.9242410440196421,-0.1097753088367985,0.08104738154613467,0.08104738154613467,0.0,0.9005891407236861,0.09300776191418192,0.2201042190732778,0.911887754020483,0.3544538596913306,889|828|225|988|879|616|310|391,0.91188775|0.86909378|0.87008907|0.9503578|0.93979413|0.81778412|0.95523501|0.96736896,0|-2.5457063|-3.5229822|-3.7477668|-3.8439979|-4.6203439|-4.6565482|-4.6658025
0_0_0_10_14_8,-26.0,46,0,19,27,510,985,510,510,510,510,1,1,6,1.0702207604749479,0.9005891407236861,0.2701767422171058,inf,0.941438368354012,-0.1097753088367985,0.08104738154613467,0.08104738154613467,0.0,0.9005891407236861,0.09300776191418192,0.2201042190732778,0.9505128392008273,-0.25308412859690715,510|211|602|287|611|249|843|489,0.95051284|0.724145|0.93302804|0.80373798|0.92604188|0.78408828|0.53203658|0.64343649,0|-4.4359091|-4.5806944|-4.7664412|-5.150396|-5.1848036|-5.2223632|-5.3054538
0_0_0_10_14_8,-26.0,46,0,20,28,860,104,760,760,760,760,0,0,6,1.0702207604749479,0.9005891407236861,0.2701767422171058,inf,0.9586356926883817,-0.1097753088367985,0.08104738154613467,0.08104738154613467,0.0,0.9005891407236861,0.09300776191418192,0.2201042190732778,0.6399597311633534,-2.371419065288829,760|936|592|552|237|740|701|425,0.63995973|0.92734528|0.9707064|0.9185461|0.85934215|0.88937067|0.95405394|0.48334778,0|-0.08239544|-0.1350727|-0.38141142|-0.40140272|-0.82148164|-0.94505656|-0.98964744
0_0_0_10_14_8,-26.0,46,0,21,29,553,553,553,553,553,553,1,1,6,1.0702207604749479,0.9005891407236861,0.2701767422171058,inf,0.9758330170227515,-0.1097753088367985,0.08104738154613467,0.08104738154613467,0.0,0.9005891407236861,0.09300776191418192,0.2201042190732778,0.917556392094382,0.5139260134309316,553|494|778|165|793|602|289|189,0.91755639|0.79064434|0.88484016|0.7557718|0.95687187|0.96726342|0.89772149|0.92997673,0|-2.0894061|-2.4780713|-2.5532598|-2.7623436|-3.0826463|-3.2083688|-3.3633216
0_0_0_10_14_8,-26.0,46,0,22,30,629,712,599,599,599,599,0,0,6,1.0702207604749479,0.9005891407236861,0.2701767422171058,inf,0.9930303413571213,-0.1097753088367985,0.08104738154613467,0.08104738154613467,0.0,0.9005891407236861,0.09300776191418192,0.2201042190732778,0.7084398413355992,-1.2002742058440616,599|406|176|704|284|588|874|157,0.70843984|0.95479658|0.76396314|0.96384076|0.31541094|0.71103683|0.6514887|0.9068965,0|-0.91969843|-1.7077712|-1.7092509|-2.3878884|-2.4644782|-2.5070027|-2.510583
0_0_0_10_14_8,-26.0,46,0,23,31,759,83,759,759,759,759,1,1,6,1.0702207604749479,0.9005891407236861,0.2701767422171058,inf,1.0102276656914913,-0.1097753088367985,0.08104738154613467,0.08104738154613467,0.0,0.9005891407236861,0.09300776191418192,0.2201042190732778,0.8109386578161444,0.6244473571903852,759|641|60|330|537|796|815|902,0.81093866|0.72161416|0.94849178|0.63104516|0.87912777|0.96116046|0.99872037|0.80124281,0|-3.3473348|-3.3926374|-3.4231072|-3.7286595|-3.7307591|-3.8281233|-3.9957349
0_0_0_10_14_8,-26.0,46,0,24,32,874,330,874,874,874,874,1,1,6,1.0702207604749479,0.9005891407236861,0.2701767422171058,inf,1.027424990025861,-0.1097753088367985,0.08104738154613467,0.08104738154613467,0.0,0.9005891407236861,0.09300776191418192,0.2201042190732778,0.9317181554493215,2.365513733607387,874|102|478|196|955|579|604|44,0.93171816|0.92464404|0.90093853|0.99249189|0.89730462|0.7195801|0.81867866|0.797864,0|-0.79261534|-1.0298573|-1.3183558|-1.7913553|-1.8077134|-1.8700345|-2.1975038
0_0_0_10_14_8,-26.0,46,0,25,33,720,896,757,757,757,757,0,0,6,1.0702207604749479,0.9005891407236861,0.2701767422171058,inf,1.0446223143602307,-0.1097753088367985,0.08104738154613467,0.08104738154613467,0.0,0.9005891407236861,0.09300776191418192,0.2201042190732778,0.9827865218297246,-0.4243888872815166,757|117|27|647|147|702|957|60,0.98278652|0.75065866|0.87602562|0.95857675|0.9646589|0.82128321|0.8138674|0.87806331,0|-0.11674232|-0.50623218|-0.9224824|-0.94943114|-0.98206798|-1.1178086|-1.4048449
0_0_0_10_14_8,-26.0,46,0,26,34,314,10,314,314,314,314,1,1,6,1.0702207604749479,0.9005891407236861,0.2701767422171058,inf,1.0618196386946006,-0.1097753088367985,0.08104738154613467,0.08104738154613467,0.0,0.9005891407236861,0.09300776191418192,0.2201042190732778,0.9712556882836603,-0.3390587866978918,314|129|718|539|728|48|72|337,0.97125569|0.90184845|0.63353258|0.79396523|0.86653297|0.49707087|0.81967875|0.78553181,0|-4.4162645|-5.1906113|-5.6882451|-5.8281014|-5.990996|-6.2335518|-6.3991819
0_0_0_10_14_8,-26.0,46,0,27,35,602,542,602,602,602,602,1,1,6,1.0702207604749479,0.9005891407236861,0.2701767422171058,inf,1.0790169630289705,-0.1097753088367985,0.08104738154613467,0.08104738154613467,0.0,0.9005891407236861,0.09300776191418192,0.2201042190732778,0.7925209363595339,-0.6055105813896022,602|655|542|855|427|920|803|172,0.79252094|0.93020791|0.99965493|0.79110436|0.57172511|0.73403328|0.44949259|0.86500491,0|-0.79694005|-2.0096253|-2.3229731|-2.3585227|-2.4431167|-2.4493489|-2.6410678
0_0_0_10_14_8,-26.0,46,0,28,36,7,40,849,849,849,849,1,1,6,1.0702207604749479,0.9005891407236861,0.2701767422171058,inf,1.0962142873633403,-0.1097753088367985,0.08104738154613467,0.08104738154613467,0.0,0.9005891407236861,0.09300776191418192,0.2201042190732778,0.6670015171693384,0.7982428218344667,849|300|327|262|7|582|786|677,0.66700152|0.9891596|0.96125941|0.79810191|0.99956008|0.39984001|0.71380429|0.91678882,0|-0.28642924|-0.39259017|-0.79809582|-1.228481|-1.4229593|-1.8702985|-1.9280461
0_0_0_10_14_8,-26.0,46,0,29,37,610,94,610,610,610,610,1,1,6,1.0702207604749479,0.9005891407236861,0.2701767422171058,inf,1.11341161169771,-0.1097753088367985,0.08104738154613467,0.08104738154613467,0.0,0.9005891407236861,0.09300776191418192,0.2201042190732778,0.8812915398664286,0.7236227534882032,610|341|15|309|117|677|382|881,0.88129154|0.8220578|0.89877505|0.66501359|0.54510913|0.97411577|0.56250003|0.60942635,0|-3.2532063|-3.9095323|-4.7686461|-4.921941|-4.988564|-5.3087647|-5.3753676
0_0_0_10_14_8,-26.0,46,0,30,38,839,839,839,839,839,839,1,1,6,1.0702207604749479,0.9005891407236861,0.2701767422171058,inf,1.13060893603208,-0.1097753088367985,0.08104738154613467,0.08104738154613467,0.0,0.9005891407236861,0.09300776191418192,0.2201042190732778,0.9118568860577755,0.025687813537637605,839|499|448|198|607|302|962|931,0.91185689|0.90563825|0.85310135|0.66555905|0.99506989|0.98715631|0.99627252|0.7010732,0|-1.7331957|-1.7927089|-1.9673239|-2.5538587|-2.6744833|-2.9155543|-2.9172629
0_0_0_10_14_8,-26.0,46,0,31,39,913,496,272,272,272,272,1,1,6,1.0702207604749479,0.9005891407236861,0.2701767422171058,inf,1.1478062603664498,-0.1097753088367985,0.08104738154613467,0.08104738154613467,0.0,0.9005891407236861,0.09300776191418192,0.2201042190732778,0.9051639022271036,-0.44673061110989765,272|913|158|314|191|107|359|63,0.9051639|0.87528297|0.98148403|0.96148226|0.77185232|0.98336337|0.54003152|0.79323732,0|-0.75114612|-1.6013482|-1.7445866|-1.7567286|-1.8274601|-1.8612183|-1.9191903
0_0_0_10_14_8,-26.0,46,0,32,40,764,1019,764,764,764,764,1,1,6,1.0702207604749479,0.9005891407236861,0.2701767422171058,inf,1.1650035847008195,-0.1097753088367985,0.08104738154613467,0.08104738154613467,0.0,0.9005891407236861,0.09300776191418192,0.2201042190732778,0.7769975224793355,1.7563813229448266,764|342|150|587|794|448|31|74,0.77699752|0.86294463|0.98150724|0.8573609|0.95546356|0.89922454|0.9264121|0.98805345,0|-0.38030138|-0.61597937|-0.92886408|-1.5161875|-1.5586798|-1.9348374|-1.9601482
0_0_0_10_14_8,-26.0,46,0,33,41,577,810,364,364,364,364,1,1,6,1.0702207604749479,0.9005891407236861,0.2701767422171058,inf,1.1822009090351893,-0.1097753088367985,0.08104738154613467,0.08104738154613467,0.0,0.9005891407236861,0.09300776191418192,0.2201042190732778,0.9867277580978783,0.19625372596410562,364|84|577|22|678|809|251|649,0.98672776|0.66794372|0.58337263|0.91000339|0.87625569|0.59850181|0.99789184|0.91599576,0|-0.48230054|-0.69208011|-1.0963643|-1.2648518|-1.7535341|-1.7887893|-1.9436279
0_0_0_10_14_8,-26.0,46,0,34,42,936,1021,665,665,665,665,0,0,6,1.0702207604749479,0.9005891407236861,0.2701767422171058,inf,1.1993982333695592,-0.1097753088367985,0.08104738154613467,0.08104738154613467,0.0,0.9005891407236861,0.09300776191418192,0.2201042190732778,0.9049807273120057,-0.6908873714011029,665|581|958|964|253|488|85|164,0.90498073|0.63886268|0.89918491|0.6383303|0.90819547|0.96428497|0.87571529|0.62179805,0|-0.82874301|-0.90696434|-1.352158|-1.3762365|-1.4078229|-1.5081435|-1.6453109
0_0_0_10_14_8,-26.0,46,1,0,8,222,222,222,222,222,222,1,1,8,1.0042570819706116,0.8355989850766399,0.25067969552299196,inf,0.20345000925953963,-0.050438191331052144,-0.051122194513715746,-0.051122194513715746,0.0,0.8355989850766399,0.13734781976240196,0.1797662249164401,0.8809684759017566,-0.9993174011190176,222|794|1010|455|907|147|976|666,0.88096848|0.71406292|0.71992986|0.50564611|0.68257586|0.82179565|0.95157539|0.9584565,0|-1.5969459|-2.0768109|-2.5094217|-2.5304705|-2.7736132|-3.0142736|-3.0498603
0_0_0_10_14_8,-26.0,46,1,1,9,711,984,711,711,711,711,1,1,8,1.0042570819706116,0.8355989850766399,0.25067969552299196,inf,0.22067717838898096,-0.050438191331052144,-0.051122194513715746,-0.051122194513715746,0.0,0.8355989850766399,0.13734781976240196,0.1797662249164401,0.9887285381673275,-0.27025526863624977,711|389|297|412|739|330|138|702,0.98872854|0.60225247|0.77884993|0.2829284|0.69155873|0.46700554|0.96957517|0.8818239,0|-4.2842206|-4.3451339|-4.5993413|-4.6801466|-5.0506972|-5.1254204|-5.2146714
0_0_0_10_14_8,-26.0,46,1,2,10,871,38,871,871,871,871,1,1,8,1.0042570819706116,0.8355989850766399,0.25067969552299196,inf,0.2379043475184223,-0.050438191331052144,-0.051122194513715746,-0.051122194513715746,0.0,0.8355989850766399,0.13734781976240196,0.1797662249164401,0.9261467785368678,1.0411775985516805,871|276|813|874|825|601|497|209,0.92614678|0.89971708|0.92190976|0.74362918|0.87011738|0.86866943|0.96697229|0.89962196,0|-4.4458668|-5.0173927|-5.1239771|-5.2022847|-5.5576491|-5.6471323|-5.8581079
0_0_0_10_14_8,-26.0,46,1,3,11,718,47,718,718,718,718,1,1,8,1.0042570819706116,0.8355989850766399,0.25067969552299196,inf,0.2551315166478636,-0.050438191331052144,-0.051122194513715746,-0.051122194513715746,0.0,0.8355989850766399,0.13734781976240196,0.1797662249164401,0.9651683089432849,0.39598083432600245,718|278|41|15|632|239|963|730,0.96516831|0.8069336|0.78983011|0.96783051|0.82858292|0.72247201|0.90577454|0.96173025,0|-1.8901364|-1.9147319|-1.9505959|-2.9037731|-3.0312711|-3.0616932|-3.1414516
0_0_0_10_14_8,-26.0,46,1,4,12,107,894,107,107,107,107,1,1,8,1.0042570819706116,0.8355989850766399,0.25067969552299196,inf,0.27235868577730493,-0.050438191331052144,-0.051122194513715746,-0.051122194513715746,0.0,0.8355989850766399,0.13734781976240196,0.1797662249164401,0.850395407066523,-0.12940660117607206,107|437|656|490|786|13|98|890,0.85039541|0.79298181|0.56576804|0.74247278|0.90390701|0.97106972|0.90562474|0.96080651,0|-0.65989814|-0.80462349|-0.86090316|-0.90001897|-1.2218529|-1.7598538|-1.7749286
0_0_0_10_14_8,-26.0,46,1,5,13,467,997,467,467,467,467,1,1,8,1.0042570819706116,0.8355989850766399,0.25067969552299196,inf,0.28958585490674627,-0.050438191331052144,-0.051122194513715746,-0.051122194513715746,0.0,0.8355989850766399,0.13734781976240196,0.1797662249164401,0.9378225227469511,0.2222545010999118,467|722|129|562|169|555|234|716,0.93782252|0.95341232|0.8999492|0.97501338|0.95982377|0.91371589|0.79996008|0.66385148,0|-0.62719638|-2.0323238|-2.0771831|-2.2036013|-2.8004522|-2.8193522|-2.8911007
0_0_0_10_14_8,-26.0,46,1,6,14,89,803,89,89,89,89,1,1,8,1.0042570819706116,0.8355989850766399,0.25067969552299196,inf,0.3068130240361876,-0.050438191331052144,-0.051122194513715746,-0.051122194513715746,0.0,0.8355989850766399,0.13734781976240196,0.1797662249164401,0.7957388828159083,1.2766071151587535,89|804|645|954|511|51|692|184,0.79573888|0.6748007|0.9723685|0.97285188|0.48519386|0.70824986|0.91697785|0.7201713,0|-4.3024232|-4.3885712|-4.8207871|-5.3841822|-5.4663101|-5.5446555|-5.661606
0_0_0_10_14_8,-26.0,46,1,7,15,713,1004,713,713,713,713,1,1,8,1.0042570819706116,0.8355989850766399,0.25067969552299196,inf,0.32404019316562893,-0.050438191331052144,-0.051122194513715746,-0.051122194513715746,0.0,0.8355989850766399,0.13734781976240196,0.1797662249164401,0.8354673359575434,1.622194424517457,713|151|111|350|1014|620|391|255,0.83546734|0.94043033|0.45779344|0.88909821|0.9283844|0.61921457|0.69683871|0.43158457,0|-1.249438|-2.8826779|-3.6506924|-3.7706607|-4.0585873|-4.0792572|-4.2334412
0_0_0_10_14_8,-26.0,46,1,8,16,865,145,865,865,865,865,1,1,8,1.0042570819706116,0.8355989850766399,0.25067969552299196,inf,0.34126736229507015,-0.050438191331052144,-0.051122194513715746,-0.051122194513715746,0.0,0.8355989850766399,0.13734781976240196,0.1797662249164401,0.9729894035025703,-0.5748867383727989,865|895|698|542|105|248|375|1007,0.9729894|0.89320539|0.90855842|0.95995187|0.84023283|0.99853538|0.26030761|0.91309786,0|-1.6833197|-3.0954563|-3.1377036|-4.043507|-4.4176732|-4.46667|-4.4782496
0_0_0_10_14_8,-26.0,46,1,9,17,405,630,405,405,405,405,1,1,8,1.0042570819706116,0.8355989850766399,0.25067969552299196,inf,0.3584945314245116,-0.050438191331052144,-0.051122194513715746,-0.051122194513715746,0.0,0.8355989850766399,0.13734781976240196,0.1797662249164401,0.33708032843758495,-2.5291310635353383,405|868|374|185|594|663|346|568,0.33708033|0.87889051|0.75059209|0.95382111|0.67657497|0.67612466|0.25356|0.62251186,0|-1.170722|-1.6519859|-2.1319704|-2.3975142|-2.5227536|-2.8417127|-3.0828404
0_0_0_10_14_8,-26.0,46,1,10,18,765,66,45,45,45,45,0,0,8,1.0042570819706116,0.8355989850766399,0.25067969552299196,inf,0.3757217005539528,-0.050438191331052144,-0.051122194513715746,-0.051122194513715746,0.0,0.8355989850766399,0.13734781976240196,0.1797662249164401,0.9481969629221749,0.5976612672994882,45|840|143|1023|790|412|111|736,0.94819696|0.91253846|0.75837501|0.86511689|0.82663001|0.91007659|0.85203013|0.35988217,0|-1.7713788|-1.8212714|-2.436686|-2.8409839|-2.926343|-2.9379264|-3.0272598
0_0_0_10_14_8,-26.0,46,1,11,19,1023,359,1023,1023,1023,1023,1,1,8,1.0042570819706116,0.8355989850766399,0.25067969552299196,inf,0.39294886968339415,-0.050438191331052144,-0.051122194513715746,-0.051122194513715746,0.0,0.8355989850766399,0.13734781976240196,0.1797662249164401,0.9885731225669396,-0.06958579277655019,1023|517|359|181|760|322|16|342,0.98857312|0.82576538|0.8870119|0.69926068|0.93804715|0.44850863|0.9954993|0.72077535,0|-0.45714576|-1.4482418|-1.7641787|-2.4591768|-2.6704991|-2.7171418|-3.0047018
0_0_0_10_14_8,-26.0,46,1,12,20,597,509,597,597,597,597,1,1,8,1.0042570819706116,0.8355989850766399,0.25067969552299196,inf,0.4101760388128355,-0.050438191331052144,-0.051122194513715746,-0.051122194513715746,0.0,0.8355989850766399,0.13734781976240196,0.1797662249164401,0.8102599546827872,-0.32152982616338077,597|88|536|508|605|777|827|535,0.81025995|0.95764466|0.88955607|0.9932794|0.6029816|0.80874114|0.45296203|0.39492596,0|-2.7441823|-3.3498273|-3.6756051|-3.7040412|-3.9621791|-4.0202609|-4.0939697
0_0_0_10_14_8,-26.0,46,1,13,21,562,358,562,562,562,562,1,1,8,1.0042570819706116,0.8355989850766399,0.25067969552299196,inf,0.4274032079422768,-0.050438191331052144,-0.051122194513715746,-0.051122194513715746,0.0,0.8355989850766399,0.13734781976240196,0.1797662249164401,0.6710627211132261,-1.0009467667009466,562|407|840|20|743|543|1004|768,0.67106272|0.92544936|0.80293338|0.87861138|0.74352195|0.97279857|0.48437142|0.95801865,0|-3.1157037|-3.3775058|-4.4142402|-4.5326807|-4.6475858|-4.9505752|-4.9588826
0_0_0_10_14_8,-26.0,46,1,14,22,478,471,617,617,617,617,1,1,8,1.0042570819706116,0.8355989850766399,0.25067969552299196,inf,0.44463037707171815,-0.050438191331052144,-0.051122194513715746,-0.051122194513715746,0.0,0.8355989850766399,0.13734781976240196,0.1797662249164401,0.9797206345856337,0.2690154563244788,617|478|201|707|947|607|52|380,0.97972063|0.86819334|0.87803132|0.40156158|0.95401069|0.84124225|0.93395467|0.66276428,0|-0.22378363|-1.071088|-1.5241995|-1.5770601|-1.6565107|-1.8241943|-2.0863408
0_0_0_10_14_8,-26.0,46,1,15,23,267,602,267,267,267,267,1,1,8,1.0042570819706116,0.8355989850766399,0.25067969552299196,inf,0.4618575462011595,-0.050438191331052144,-0.051122194513715746,-0.051122194513715746,0.0,0.8355989850766399,0.13734781976240196,0.1797662249164401,0.9585424166757153,-0.6537760287024388,267|602|379|872|941|963|934|614,0.95854242|0.8754479|0.67240377|0.75955865|0.98660763|0.93348185|0.93220367|0.96815672,0|-1.378812|-2.1335994|-2.1588928|-2.2992709|-2.3183109|-2.3415203|-2.4107834
0_0_0_10_14_8,-26.0,46,1,16,24,917,776,917,917,917,917,1,1,8,1.0042570819706116,0.8355989850766399,0.25067969552299196,inf,0.4790847153306008,-0.050438191331052144,-0.051122194513715746,-0.051122194513715746,0.0,0.8355989850766399,0.13734781976240196,0.1797662249164401,0.9574097836396518,-2.6594165248618964,917|536|829|368|240|820|611|59,0.95740978|0.6112533|0.81652064|0.87643116|0.72479549|0.71869315|0.88304342|0.48286588,0|-4.8535782|-5.509371|-5.89308|-6.1455152|-6.3663433|-6.530288|-6.5727235
0_0_0_10_14_8,-26.0,46,1,17,25,656,656,656,656,656,656,1,1,8,1.0042570819706116,0.8355989850766399,0.25067969552299196,inf,0.49631188446004215,-0.050438191331052144,-0.051122194513715746,-0.051122194513715746,0.0,0.8355989850766399,0.13734781976240196,0.1797662249164401,0.7909078049415715,1.0310807839557252,656|938|219|590|740|440|499|690,0.7909078|0.94893511|0.86552273|0.77963965|0.71894218|0.94524731|0.83628906|0.76792862,0|-5.1781802|-5.2725037|-5.4541292|-5.8305585|-6.0042261|-6.0990265|-6.2811998
0_0_0_10_14_8,-26.0,46,1,18,26,889,515,889,889,889,889,1,1,8,1.0042570819706116,0.8355989850766399,0.25067969552299196,inf,0.5135390535894834,-0.050438191331052144,-0.051122194513715746,-0.051122194513715746,0.0,0.8355989850766399,0.13734781976240196,0.1797662249164401,0.8936827213240159,-0.24237184380220483,889|640|188|139|172|794|325|82,0.89368272|0.9439749|0.87379052|0.94479912|0.84354741|0.97803126|0.95214457|0.90082793,0|-3.5495809|-3.6604536|-4.3588433|-4.444191|-4.8220758|-4.9947604|-5.0530236
0_0_0_10_14_8,-26.0,46,1,19,27,510,302,70,70,70,70,0,0,8,1.0042570819706116,0.8355989850766399,0.25067969552299196,inf,0.5307662227189247,-0.050438191331052144,-0.051122194513715746,-0.051122194513715746,0.0,0.8355989850766399,0.13734781976240196,0.1797662249164401,0.8257338485270641,2.721360756921375,70|307|959|408|360|862|537|484,0.82573385|0.70875422|0.9419011|0.72694758|0.94665963|0.8782064|0.97892843|0.81777755,0|-0.15167635|-0.57072917|-0.81391192|-0.99420507|-1.0443779|-1.0598906|-1.1287554
0_0_0_10_14_8,-26.0,46,1,20,28,860,82,860,860,860,860,1,1,8,1.0042570819706116,0.8355989850766399,0.25067969552299196,inf,0.547993391848366,-0.050438191331052144,-0.051122194513715746,-0.051122194513715746,0.0,0.8355989850766399,0.13734781976240196,0.1797662249164401,0.5998296993548332,-2.5939364010596906,860|978|550|82|318|60|744|3,0.5998297|0.73719038|0.32508169|0.69922207|0.81988863|0.88924877|0.8546384|0.83084043,0|-2.6875441|-2.8457072|-3.2776286|-3.2994977|-3.6280761|-3.8733022|-3.8894107
0_0_0_10_14_8,-26.0,46,1,21,29,553,553,553,553,553,553,1,1,8,1.0042570819706116,0.8355989850766399,0.25067969552299196,inf,0.5652205609778074,-0.050438191331052144,-0.051122194513715746,-0.051122194513715746,0.0,0.8355989850766399,0.13734781976240196,0.1797662249164401,0.9912279583043986,0.07347079316160035,553|33|419|453|25|485|155|411,0.99122796|0.88168683|0.4610936|0.87427612|0.99777537|0.83988061|0.9870658|0.52749444,0|-2.9080678|-3.1128036|-3.8148293|-3.9666995|-4.0293644|-4.1842351|-4.3073051
0_0_0_10_14_8,-26.0,46,1,22,30,629,186,629,629,629,629,1,1,8,1.0042570819706116,0.8355989850766399,0.25067969552299196,inf,0.5824477301072487,-0.050438191331052144,-0.051122194513715746,-0.051122194513715746,0.0,0.8355989850766399,0.13734781976240196,0.1797662249164401,0.7575745217682422,-0.823262318994227,629|30|42|228|1009|925|580|930,0.75757452|0.86548132|0.81263805|0.99155098|0.7944883|0.91868695|0.55937508|0.38168307,0|-0.9779802|-1.0886161|-1.096629|-1.5411645|-1.9280407|-2.2423286|-2.3111792
0_0_0_10_14_8,-26.0,46,1,23,31,759,733,759,759,759,759,1,1,8,1.0042570819706116,0.8355989850766399,0.25067969552299196,inf,0.59967489923669,-0.050438191331052144,-0.051122194513715746,-0.051122194513715746,0.0,0.8355989850766399,0.13734781976240196,0.1797662249164401,0.9688021271538314,0.429277009227212,759|131|1011|992|826|316|72|800,0.96880213|0.98130595|0.98313291|0.85543467|0.82964829|0.97180473|0.84847347|0.77653911,0|-3.8991565|-5.2594606|-5.384706|-5.4061903|-5.7107046|-5.8469041|-6.3236702
0_0_0_10_14_8,-26.0,46,1,24,32,874,485,196,196,196,196,1,1,8,1.0042570819706116,0.8355989850766399,0.25067969552299196,inf,0.6169020683661314,-0.050438191331052144,-0.051122194513715746,-0.051122194513715746,0.0,0.8355989850766399,0.13734781976240196,0.1797662249164401,0.983441581817254,-0.33567853133825526,196|874|582|414|739|475|485|965,0.98344158|0.98096542|0.86386881|0.68431852|0.8812358|0.74599208|0.70532154|0.69987554,0|-0.18845512|-0.60097497|-0.99537782|-1.0863739|-1.1567523|-1.8271694|-1.893463
0_0_0_10_14_8,-26.0,46,1,25,33,720,45,720,720,720,720,1,1,8,1.0042570819706116,0.8355989850766399,0.25067969552299196,inf,0.6341292374955727,-0.050438191331052144,-0.051122194513715746,-0.051122194513715746,0.0,0.8355989850766399,0.13734781976240196,0.1797662249164401,0.9569742488519272,-0.19318752099059694,720|837|189|280|207|249|10|687,0.95697425|0.94317496|0.82334739|0.69685537|0.89984218|0.69350776|0.86221748|0.94349887,0|-2.0061967|-2.0458321|-2.0881613|-2.6404474|-2.6797356|-2.9858833|-3.0054744
0_0_0_10_14_8,-26.0,46,1,26,34,314,629,314,314,314,314,1,1,8,1.0042570819706116,0.8355989850766399,0.25067969552299196,inf,0.6513564066250139,-0.050438191331052144,-0.051122194513715746,-0.051122194513715746,0.0,0.8355989850766399,0.13734781976240196,0.1797662249164401,0.565785006388228,1.7933166259486573,314|906|338|67|528|679|33|499,0.56578501|0.93139927|0.97933655|0.93834023|0.8675371|0.93577165|0.67993307|0.85801002,0|-0.39502589|-0.83832738|-0.94356593|-1.2745296|-1.3115831|-1.5300068|-1.6284988
0_0_0_10_14_8,-26.0,46,1,27,35,602,108,602,602,602,602,1,1,8,1.0042570819706116,0.8355989850766399,0.25067969552299196,inf,0.6685835757544553,-0.050438191331052144,-0.051122194513715746,-0.051122194513715746,0.0,0.8355989850766399,0.13734781976240196,0.1797662249164401,0.8844409835772783,0.7340392862247493,602|289|902|368|540|464|452|782,0.88444098|0.51977294|0.98870326|0.9985545|0.8255226|0.9661737|0.93261904|0.98149409,0|-0.15875574|-1.2619487|-1.3832919|-1.4138836|-1.6170998|-1.7554011|-1.8124695
0_0_0_10_14_8,-26.0,46,1,28,36,7,681,7,7,7,7,1,1,8,1.0042570819706116,0.8355989850766399,0.25067969552299196,inf,0.6858107448838966,-0.050438191331052144,-0.051122194513715746,-0.051122194513715746,0.0,0.8355989850766399,0.13734781976240196,0.1797662249164401,0.9604350624867815,0.07306734618556228,7|72|557|516|486|705|13|1015,0.96043506|0.81730204|0.96954998|0.60460257|0.78755722|0.37740599|0.72568241|0.92589029,0|-2.8797438|-2.9552339|-3.2249344|-4.2094197|-4.2804858|-4.3621706|-4.3808822
0_0_0_10_14_8,-26.0,46,1,29,37,610,692,610,610,610,610,1,1,8,1.0042570819706116,0.8355989850766399,0.25067969552299196,inf,0.7030379140133379,-0.050438191331052144,-0.051122194513715746,-0.051122194513715746,0.0,0.8355989850766399,0.13734781976240196,0.1797662249164401,0.5344968777543812,1.5030455814684558,610|1|870|179|892|762|638|4,0.53449688|0.99482063|0.48997006|0.93973326|0.9367841|0.92746543|0.99937707|0.82066057,0|-2.5381987|-3.1471151|-3.1708884|-3.4975227|-3.5943756|-3.6117331|-3.6979236
0_0_0_10_14_8,-26.0,46,1,30,38,842,602,842,842,842,842,1,1,8,1.0042570819706116,0.8355989850766399,0.25067969552299196,inf,0.7202650831427793,-0.050438191331052144,-0.051122194513715746,-0.051122194513715746,0.0,0.8355989850766399,0.13734781976240196,0.1797662249164401,0.8154182391823495,1.772711023117372,842|703|675|181|483|565|905|865,0.81541824|0.93863013|0.89199848|0.64673254|0.96217311|0.95644079|0.95257079|0.51422856,0|-2.7829329|-2.9668682|-3.3326913|-3.4929379|-3.503363|-3.6458696|-3.7584578
0_0_0_10_14_8,-26.0,46,1,31,39,928,756,928,928,928,928,1,1,8,1.0042570819706116,0.8355989850766399,0.25067969552299196,inf,0.7374922522722206,-0.050438191331052144,-0.051122194513715746,-0.051122194513715746,0.0,0.8355989850766399,0.13734781976240196,0.1797662249164401,0.9219285203977533,1.6406345205726538,928|272|206|504|768|641|516|777,0.92192852|0.85097481|0.80837781|0.88494612|0.70349026|0.1243737|0.97053711|0.72190786,0|-4.1749186|-4.4527228|-4.5872242|-4.7268955|-5.1553385|-5.1920239|-5.4698404
0_0_0_10_14_8,-26.0,46,1,32,40,744,744,744,744,744,744,1,1,8,1.0042570819706116,0.8355989850766399,0.25067969552299196,inf,0.7547194214016619,-0.050438191331052144,-0.051122194513715746,-0.051122194513715746,0.0,0.8355989850766399,0.13734781976240196,0.1797662249164401,0.9771556753714424,-0.07781123815085339,744|761|876|946|607|787|276|745,0.97715568|0.92477145|0.99019849|0.97040658|0.14542927|0.9973796|0.88075484|0.68856378,0|-3.3020816|-4.2009135|-4.4883484|-4.5982002|-4.7278995|-4.8606292|-5.3512433
0_0_0_10_14_8,-26.0,46,1,33,41,586,918,583,583,583,583,1,1,8,1.0042570819706116,0.8355989850766399,0.25067969552299196,inf,0.7719465905311033,-0.050438191331052144,-0.051122194513715746,-0.051122194513715746,0.0,0.8355989850766399,0.13734781976240196,0.1797662249164401,0.582414325410799,1.4983677416201686,583|945|249|586|748|461|225|297,0.58241433|0.9666821|0.68614727|0.4675253|0.85204246|0.87449397|0.87053284|0.70621497,0|-0.27081985|-0.44211945|-0.63832232|-0.67239314|-0.74184395|-0.74886735|-0.79648932
0_0_0_10_14_8,-26.0,46,1,34,42,91,600,91,91,91,91,1,1,8,1.0042570819706116,0.8355989850766399,0.25067969552299196,inf,0.7891737596605445,-0.050438191331052144,-0.051122194513715746,-0.051122194513715746,0.0,0.8355989850766399,0.13734781976240196,0.1797662249164401,0.7802839135812053,-2.416075137785251,91|716|617|696|108|320|10|1009,0.78028391|0.92275838|0.88600928|0.72657658|0.90627426|0.40963468|0.76518361|0.76174498,0|-4.7443971|-5.2237692|-5.4655833|-5.5025194|-5.6420984|-6.0362602|-6.2949055
0_0_0_10_14_8,-26.0,46,2,0,8,803,719,700,700,700,700,1,1,8,0.8280095365991517,0.8552202112712598,0.25656606338137794,inf,-0.4211758202669232,0.10900627742916348,-0.07605985037406487,-0.07605985037406487,0.0,0.8552202112712598,0.14663972887703403,0.2536415194792734,0.612343859348914,-2.8351731246396388,700|803|54|85|639|330|964|996,0.61234386|0.97265949|0.96111128|0.81129491|0.32271608|0.72851448|0.89908613|0.56003814,0|-1.2710515|-2.0245271|-2.0909927|-2.5340729|-2.9432748|-3.4373071|-3.561807
0_0_0_10_14_8,-26.0,46,2,1,9,711,737,717,717,717,717,0,0,8,0.8280095365991517,0.8552202112712598,0.25656606338137794,inf,-0.40393087828164564,0.10900627742916348,-0.07605985037406487,-0.07605985037406487,0.0,0.8552202112712598,0.14663972887703403,0.2536415194792734,0.9265385988305294,0.44850218248446977,717|330|719|770|731|721|605|287,0.9265386|0.88258829|0.78502859|0.7717684|0.91790203|0.99741189|0.80734857|0.8270249,0|-0.42658964|-0.44994035|-0.71666246|-0.97425694|-1.0461727|-1.1527793|-1.2006647
0_0_0_10_14_8,-26.0,46,2,2,10,871,296,73,73,73,73,1,1,8,0.8280095365991517,0.8552202112712598,0.25656606338137794,inf,-0.3866859362963681,0.10900627742916348,-0.07605985037406487,-0.07605985037406487,0.0,0.8552202112712598,0.14663972887703403,0.2536415194792734,0.9295787364302625,0.2360903187982353,73|923|871|209|596|111|208|94,0.92957874|0.89227383|0.39881753|0.88786573|0.93172676|0.97902258|0.93100441|0.77930545,0|-0.30998024|-0.31912985|-0.78360281|-1.1020283|-1.3186508|-1.4936426|-1.5017089
0_0_0_10_14_8,-26.0,46,2,3,11,718,599,718,718,718,718,1,1,8,0.8280095365991517,0.8552202112712598,0.25656606338137794,inf,-0.36944099431109056,0.10900627742916348,-0.07605985037406487,-0.07605985037406487,0.0,0.8552202112712598,0.14663972887703403,0.2536415194792734,0.9198139494316803,0.850109319766609,718|347|820|871|214|649|61|39,0.91981395|0.95732218|0.90044721|0.97743145|0.97376383|0.39817785|0.83191871|0.96764259,0|-3.8034266|-3.808051|-3.9933106|-4.2714817|-4.3939462|-4.5143877|-4.7503387
0_0_0_10_14_8,-26.0,46,2,4,12,86,271,86,86,86,86,1,1,8,0.8280095365991517,0.8552202112712598,0.25656606338137794,inf,-0.352196052325813,0.10900627742916348,-0.07605985037406487,-0.07605985037406487,0.0,0.8552202112712598,0.14663972887703403,0.2536415194792734,0.9762314636352855,2.535633745067127,86|474|426|638|666|763|521|597,0.97623146|0.88951251|0.41550012|0.77898678|0.839125|0.7906514|0.97004674|0.5481485,0|-0.59780563|-0.68559536|-0.86889639|-0.96327446|-1.5397845|-2.0910292|-2.1584941
0_0_0_10_14_8,-26.0,46,2,5,13,467,588,467,467,467,467,1,1,8,0.8280095365991517,0.8552202112712598,0.25656606338137794,inf,-0.3349511103405355,0.10900627742916348,-0.07605985037406487,-0.07605985037406487,0.0,0.8552202112712598,0.14663972887703403,0.2536415194792734,0.7766621954539482,-0.6782115178846017,467|724|685|762|303|177|761|792,0.7766622|0.94454088|0.91332761|0.91637474|0.68117109|0.85034634|0.65253166|0.52997748,0|-0.88914801|-1.819023|-1.8766391|-1.9016216|-2.1534456|-2.1932967|-2.5355273
0_0_0_10_14_8,-26.0,46,2,6,14,89,377,89,89,89,89,1,1,8,0.8280095365991517,0.8552202112712598,0.25656606338137794,inf,-0.317706168355258,0.10900627742916348,-0.07605985037406487,-0.07605985037406487,0.0,0.8552202112712598,0.14663972887703403,0.2536415194792734,0.9740602579223356,0.5356434013941372,89|819|885|716|106|706|997|406,0.97406026|0.93158948|0.83180074|0.8671365|0.88138344|0.82530596|0.92455852|0.76720496,0|-0.33601258|-1.0422011|-2.0253699|-2.2097696|-2.6002334|-2.6761728|-3.1029792
0_0_0_10_14_8,-26.0,46,2,7,15,713,667,713,713,713,713,1,1,8,0.8280095365991517,0.8552202112712598,0.25656606338137794,inf,-0.30046122636998046,0.10900627742916348,-0.07605985037406487,-0.07605985037406487,0.0,0.8552202112712598,0.14663972887703403,0.2536415194792734,0.7679059633039642,-1.6838096495000683,713|356|840|1022|138|498|234|839,0.76790596|0.78113618|0.74798522|0.90667138|0.91355233|0.62274046|0.99365272|0.16884851,0|-1.1478937|-2.0325972|-2.2414476|-2.4919273|-2.6555572|-2.7719441|-2.8717648
0_0_0_10_14_8,-26.0,46,2,8,16,865,194,865,865,865,865,1,1,8,0.8280095365991517,0.8552202112712598,0.25656606338137794,inf,-0.2832162843847029,0.10900627742916348,-0.07605985037406487,-0.07605985037406487,0.0,0.8552202112712598,0.14663972887703403,0.2536415194792734,0.9094512457043573,-0.9989453512016172,865|47|706|59|540|841|147|303,0.90945125|0.83394782|0.8037754|0.94544067|0.93578281|0.81311605|0.76577451|0.99566729,0|-1.9494536|-2.1418417|-2.5744245|-3.032869|-3.201644|-3.2769382|-3.6916264
0_0_0_10_14_8,-26.0,46,2,9,17,405,405,405,405,405,405,1,1,8,0.8280095365991517,0.8552202112712598,0.25656606338137794,inf,-0.2659713423994253,0.10900627742916348,-0.07605985037406487,-0.07605985037406487,0.0,0.8552202112712598,0.14663972887703403,0.2536415194792734,0.9862714836153883,0.26197764338153395,405|746|385|545|1007|229|416|224,0.98627148|0.94004288|0.98982435|0.92953372|0.96258417|0.73300292|0.52799391|0.98967271,0|-3.4814483|-4.5407113|-4.7835467|-4.8300057|-5.1667454|-5.3180105|-5.5018626
0_0_0_10_14_8,-26.0,46,2,10,18,765,345,765,765,765,765,1,1,8,0.8280095365991517,0.8552202112712598,0.25656606338137794,inf,-0.24872640041414784,0.10900627742916348,-0.07605985037406487,-0.07605985037406487,0.0,0.8552202112712598,0.14663972887703403,0.2536415194792734,0.9456204578485787,-0.6101775020288451,765|579|380|736|31|110|155|660,0.94562046|0.99660318|0.49441729|0.35987912|0.7118841|0.86970025|0.90448144|0.63072437,0|-2.139253|-2.5367444|-2.6261938|-2.8665016|-2.9095409|-2.9737916|-3.0364773
0_0_0_10_14_8,-26.0,46,2,11,19,1023,845,1023,1023,1023,1023,1,1,8,0.8280095365991517,0.8552202112712598,0.25656606338137794,inf,-0.23148145842887036,0.10900627742916348,-0.07605985037406487,-0.07605985037406487,0.0,0.8552202112712598,0.14663972887703403,0.2536415194792734,0.9733757587258597,2.210207111947649,1023|366|29|0|800|994|425|39,0.97337576|0.9715445|0.98023802|0.93863924|0.85953005|0.99081385|0.85306576|0.94709084,0|-2.1411708|-3.3015977|-3.34071|-3.3449402|-3.3647752|-3.4771431|-3.5063574
0_0_0_10_14_8,-26.0,46,2,12,20,597,493,597,597,597,597,1,1,8,0.8280095365991517,0.8552202112712598,0.25656606338137794,inf,-0.21423651644359276,0.10900627742916348,-0.07605985037406487,-0.07605985037406487,0.0,0.8552202112712598,0.14663972887703403,0.2536415194792734,0.76163069048556,0.41008276210337913,597|528|136|69|7|501|111|937,0.76163069|0.94029318|0.43062815|0.91606149|0.83855095|0.89459353|0.70141644|0.70844021,0|-1.0834854|-1.2502391|-1.4140195|-3.009125|-3.5620454|-3.6091329|-3.6374165
0_0_0_10_14_8,-26.0,46,2,13,21,562,263,562,562,562,562,1,1,8,0.8280095365991517,0.8552202112712598,0.25656606338137794,inf,-0.19699157445831528,0.10900627742916348,-0.07605985037406487,-0.07605985037406487,0.0,0.8552202112712598,0.14663972887703403,0.2536415194792734,0.9002697365216391,-0.18439657867631365,562|702|246|130|769|60|28|628,0.90026974|0.95923476|0.75172852|0.91560274|0.99259205|0.78754921|0.90961575|0.99459395,0|-3.8655914|-3.8874606|-4.1815463|-4.654042|-4.7782019|-4.8225553|-5.0980106
0_0_0_10_14_8,-26.0,46,2,14,22,478,478,478,478,478,478,1,1,8,0.8280095365991517,0.8552202112712598,0.25656606338137794,inf,-0.17974663247303768,0.10900627742916348,-0.07605985037406487,-0.07605985037406487,0.0,0.8552202112712598,0.14663972887703403,0.2536415194792734,0.3940044893484225,2.545385268661007,478|890|71|268|991|915|416|270,0.39400449|0.97047247|0.95267867|0.75475025|0.96989688|0.92974363|0.86151252|0.75501989,0|-0.084503956|-1.1550833|-1.1890428|-1.4581548|-1.9448997|-2.0247757|-2.1729255
0_0_0_10_14_8,-26.0,46,2,15,23,267,656,656,656,656,656,1,1,8,0.8280095365991517,0.8552202112712598,0.25656606338137794,inf,-0.1625016904877602,0.10900627742916348,-0.07605985037406487,-0.07605985037406487,0.0,0.8552202112712598,0.14663972887703403,0.2536415194792734,0.8013689243181031,0.3873884582966229,656|940|1010|418|267|649|852|315,0.80136892|0.70378635|0.95907167|0.56033918|0.87975689|0.52782757|0.71953938|0.90315923,0|-0.56838455|-0.60522952|-0.84064186|-0.88355715|-1.1298534|-1.5078416|-1.6467883
0_0_0_10_14_8,-26.0,46,2,16,24,917,985,917,917,917,917,1,1,8,0.8280095365991517,0.8552202112712598,0.25656606338137794,inf,-0.1452567485024826,0.10900627742916348,-0.07605985037406487,-0.07605985037406487,0.0,0.8552202112712598,0.14663972887703403,0.2536415194792734,0.8344946857890815,-3.0383743993596277,917|952|930|815|824|880|1021|915,0.83449469|0.86351839|0.67554835|0.7843553|0.80370237|0.60104683|0.64515654|0.67096591,0|-0.91380255|-2.1119517|-2.1554522|-2.1936812|-2.3796313|-2.5356794|-2.5380657
0_0_0_10_14_8,-26.0,46,2,17,25,656,782,656,656,656,656,1,1,8,0.8280095365991517,0.8552202112712598,0.25656606338137794,inf,-0.12801180651720512,0.10900627742916348,-0.07605985037406487,-0.07605985037406487,0.0,0.8552202112712598,0.14663972887703403,0.2536415194792734,0.8509892865674302,0.23953459961329546,656|926|809|203|467|82|654|640,0.85098929|0.8662024|0.78479725|0.49535855|0.10122071|0.97483907|0.88665354|0.62631369,0|-0.036011277|-0.65934364|-1.0761598|-1.157927|-1.2008905|-1.255402|-1.335528
0_0_0_10_14_8,-26.0,46,2,18,26,889,289,699,699,699,699,0,0,8,0.8280095365991517,0.8552202112712598,0.25656606338137794,inf,-0.11076686453192763,0.10900627742916348,-0.07605985037406487,-0.07605985037406487,0.0,0.8552202112712598,0.14663972887703403,0.2536415194792734,0.8925763151097368,-0.506226973875853,699|712|859|719|792|261|655|516,0.89257632|0.85885292|0.68944696|0.64626183|0.97869425|0.89273712|0.93611854|0.5997241,0|-0.70539877|-0.74613164|-0.79717641|-0.95230879|-0.97498957|-1.2710119|-1.2887027
0_0_0_10_14_8,-26.0,46,2,19,27,510,510,510,510,510,510,1,1,8,0.8280095365991517,0.8552202112712598,0.25656606338137794,inf,-0.09352192254665004,0.10900627742916348,-0.07605985037406487,-0.07605985037406487,0.0,0.8552202112712598,0.14663972887703403,0.2536415194792734,0.9945412853326102,-0.14083844115808614,510|156|370|646|472|576|557|826,0.99454129|0.92701389|0.98242672|0.94965502|0.73638483|0.58400748|0.99436583|0.96607771,0|-1.047642|-1.4470081|-1.5449716|-1.873187|-2.0604088|-2.1320648|-2.24625
0_0_0_10_14_8,-26.0,46,2,20,28,860,516,860,860,860,860,1,1,8,0.8280095365991517,0.8552202112712598,0.25656606338137794,inf,-0.07627698056137255,0.10900627742916348,-0.07605985037406487,-0.07605985037406487,0.0,0.8552202112712598,0.14663972887703403,0.2536415194792734,0.8024075397187512,2.488611913735868,860|475|623|998|833|778|383|1020,0.80240754|0.54174753|0.94982877|0.94513316|0.94339823|0.82727173|0.81758632|0.94175869,0|-4.0507448|-5.1431935|-5.6829568|-5.8113473|-5.8612928|-5.8693701|-5.8812487
0_0_0_10_14_8,-26.0,46,2,21,29,553,565,482,482,482,482,1,1,8,0.8280095365991517,0.8552202112712598,0.25656606338137794,inf,-0.05903203857609496,0.10900627742916348,-0.07605985037406487,-0.07605985037406487,0.0,0.8552202112712598,0.14663972887703403,0.2536415194792734,0.9669701397769345,-0.36828863292244807,482|553|901|1002|41|82|718|32,0.96697014|0.94597492|0.57459513|0.96882155|0.97617266|0.97491198|0.90689537|0.75055444,0|-0.095317442|-0.81955719|-0.89183246|-1.0854747|-1.2280572|-1.6829497|-1.8311909
0_0_0_10_14_8,-26.0,46,2,22,30,629,148,889,889,889,889,0,0,8,0.8280095365991517,0.8552202112712598,0.25656606338137794,inf,-0.041787096590817474,0.10900627742916348,-0.07605985037406487,-0.07605985037406487,0.0,0.8552202112712598,0.14663972887703403,0.2536415194792734,0.9790735413139817,-0.2306286665172498,889|210|562|698|646|586|148|747,0.97907354|0.67859565|0.78913992|0.76014778|0.40430668|0.94997556|0.71765312|0.79400581,0|-0.27672147|-0.32454252|-0.8100688|-1.0043949|-1.185803|-1.4887656|-1.6133136
0_0_0_10_14_8,-26.0,46,2,23,31,759,830,759,759,759,759,1,1,8,0.8280095365991517,0.8552202112712598,0.25656606338137794,inf,-0.02454215460553988,0.10900627742916348,-0.07605985037406487,-0.07605985037406487,0.0,0.8552202112712598,0.14663972887703403,0.2536415194792734,0.6567036196734601,-2.0854933406814773,759|62|910|544|393|128|136|740,0.65670362|0.82801599|0.90948313|0.77500933|0.3853573|0.74156787|0.99883528|0.78128966,0|-0.38337035|-0.72879094|-0.8807825|-1.0733534|-1.1963948|-1.5486255|-1.6001152
0_0_0_10_14_8,-26.0,46,2,24,32,874,130,874,874,874,874,1,1,8,0.8280095365991517,0.8552202112712598,0.25656606338137794,inf,-0.007297212620262394,0.10900627742916348,-0.07605985037406487,-0.07605985037406487,0.0,0.8552202112712598,0.14663972887703403,0.2536415194792734,0.9017133523602419,2.0998592773756735,874|709|654|954|234|53|179|27,0.90171335|0.65430034|0.99768946|0.9182557|0.99746676|0.9057902|0.58111709|0.64847587,0|-3.8207355|-4.2791811|-4.7153474|-4.8203087|-5.0410689|-5.1292531|-5.221956
0_0_0_10_14_8,-26.0,46,2,25,33,720,999,351,351,351,351,1,1,8,0.8280095365991517,0.8552202112712598,0.25656606338137794,inf,0.009947729365015201,0.10900627742916348,-0.07605985037406487,-0.07605985037406487,0.0,0.8552202112712598,0.14663972887703403,0.2536415194792734,0.552466284794748,1.2012512523338643,351|719|286|43|720|442|372|810,0.55246628|0.61853834|0.98554461|0.9475977|0.56955758|0.64515482|0.91370641|0.53159043,0|-0.16319761|-0.44792537|-0.52431987|-1.0321708|-1.3922485|-1.6066258|-1.6158448
0_0_0_10_14_8,-26.0,46,2,26,34,314,314,314,314,314,314,1,1,8,0.8280095365991517,0.8552202112712598,0.25656606338137794,inf,0.027192671350292685,0.10900627742916348,-0.07605985037406487,-0.07605985037406487,0.0,0.8552202112712598,0.14663972887703403,0.2536415194792734,0.9611436734804567,0.34894825356287357,314|757|86|148|435|982|721|509,0.96114367|0.27193315|0.78587792|0.92665857|0.64770298|0.45774691|0.81850028|0.75713584,0|-2.7690558|-2.8253019|-3.1334072|-3.2769454|-3.9792341|-4.1768357|-4.2498339
0_0_0_10_14_8,-26.0,46,2,27,35,602,525,602,602,602,602,1,1,8,0.8280095365991517,0.8552202112712598,0.25656606338137794,inf,0.04443761333557017,0.10900627742916348,-0.07605985037406487,-0.07605985037406487,0.0,0.8552202112712598,0.14663972887703403,0.2536415194792734,0.5751006675320343,1.4952551340165263,602|621|642|525|73|291|66|40,0.57510067|0.63281672|0.88236321|0.65523835|0.92191727|0.70743436|0.9197697|0.75364198,0|-0.40706535|-1.3492922|-1.3786003|-2.0861921|-2.2599254|-2.2611914|-2.3456532
0_0_0_10_14_8,-26.0,46,2,28,36,7,407,866,866,866,866,1,1,8,0.8280095365991517,0.8552202112712598,0.25656606338137794,inf,0.061682555320847765,0.10900627742916348,-0.07605985037406487,-0.07605985037406487,0.0,0.8552202112712598,0.14663972887703403,0.2536415194792734,0.8385510942953874,-0.45443047614906734,866|757|7|398|74|611|342|353,0.83855109|0.96560948|0.95026807|0.87643853|0.49352485|0.71759557|0.62899392|0.67088798,0|-0.51030872|-0.53327154|-0.88550905|-1.1375101|-1.209565|-1.2332965|-1.450495
0_0_0_10_14_8,-26.0,46,2,29,37,610,386,610,610,610,610,1,1,8,0.8280095365991517,0.8552202112712598,0.25656606338137794,inf,0.07892749730612525,0.10900627742916348,-0.07605985037406487,-0.07605985037406487,0.0,0.8552202112712598,0.14663972887703403,0.2536415194792734,0.9241134000931751,0.22544223503021749,610|293|548|17|925|866|18|337,0.9241134|0.80731526|0.44470533|0.74573651|0.83073982|0.81243834|0.93176248|0.71572073,0|-3.3637404|-5.1732906|-5.3653002|-5.4763571|-5.6442761|-5.709519|-5.9933883
0_0_0_10_14_8,-26.0,46,2,30,38,874,499,874,874,874,874,1,1,8,0.8280095365991517,0.8552202112712598,0.25656606338137794,inf,0.09617243929140284,0.10900627742916348,-0.07605985037406487,-0.07605985037406487,0.0,0.8552202112712598,0.14663972887703403,0.2536415194792734,0.8571575962294403,3.139533697144822,874|74|134|592|419|328|932|568,0.8571576|0.97275511|0.94879574|0.65485361|0.87768936|0.7978087|0.67935939|0.85934174,0|-0.18933275|-0.25547474|-1.0053319|-1.3104624|-1.8374384|-1.8515392|-2.0374512
0_0_0_10_14_8,-26.0,46,2,31,39,913,834,913,913,913,913,1,1,8,0.8280095365991517,0.8552202112712598,0.25656606338137794,inf,0.11341738127668033,0.10900627742916348,-0.07605985037406487,-0.07605985037406487,0.0,0.8552202112712598,0.14663972887703403,0.2536415194792734,0.9912485144107109,-0.7127818683443674,913|488|56|154|244|236|83|53,0.99124851|0.4247173|0.80305335|0.76718199|0.945746|0.91247898|0.49475754|0.87285723,0|-0.87304714|-1.9215692|-2.2693875|-2.4664525|-2.7447026|-3.0288648|-3.079995
0_0_0_10_14_8,-26.0,46,2,32,40,757,384,757,757,757,757,1,1,8,0.8280095365991517,0.8552202112712598,0.25656606338137794,inf,0.13066232326195792,0.10900627742916348,-0.07605985037406487,-0.07605985037406487,0.0,0.8552202112712598,0.14663972887703403,0.2536415194792734,0.8828037735584823,-1.3830214579045532,757|424|913|446|876|811|925|81,0.88280377|0.83542374|0.74823587|0.96403483|0.92810502|0.98866803|0.87021576|0.98359159,0|-4.9968909|-5.1836101|-5.2614912|-5.8074525|-5.936039|-6.0913201|-6.0942347
0_0_0_10_14_8,-26.0,46,2,33,41,587,312,587,587,587,587,1,1,8,0.8280095365991517,0.8552202112712598,0.25656606338137794,inf,0.1479072652472354,0.10900627742916348,-0.07605985037406487,-0.07605985037406487,0.0,0.8552202112712598,0.14663972887703403,0.2536415194792734,0.9117203143905115,0.4378077647144998,587|1003|303|465|466|554|581|669,0.91172031|0.85886678|0.72947467|0.60411645|0.89515042|0.83227356|0.90732326|0.86447387,0|-0.68175293|-0.80239846|-1.0552272|-1.1159802|-1.4352387|-1.8065574|-1.962502
0_0_0_10_14_8,-26.0,46,2,34,42,932,35,786,786,786,786,1,1,8,0.8280095365991517,0.8552202112712598,0.25656606338137794,inf,0.1651522072325129,0.10900627742916348,-0.07605985037406487,-0.07605985037406487,0.0,0.8552202112712598,0.14663972887703403,0.2536415194792734,0.960192610036752,-0.747077215886452,786|902|284|83|1019|72|932|71,0.96019261|0.68471647|0.58820357|0.87595945|0.67844783|0.98272956|0.92483207|0.73500626,0|-0.66579341|-0.814207|-0.90278885|-0.96220252|-1.5135131|-1.5447267|-1.8220176
0_0_0_10_14_16,-22.0,46,1,0,8,222,360,222,222,222,222,1,1,8,0.5117252531808203,0.9452177999531424,0.2835653399859427,0.12,0.3080807562415705,-0.09992155772992238,0.05112219451371569,0.05112219451371569,0.0,0.9452177999531424,0.19376156645341447,0.11429752389626563,0.9670208346294062,-0.46438128850911137,222|364|342|27|568|22|496|384,0.96702083|0.91577812|0.6658757|0.90218015|0.59513642|0.86374747|0.59151765|0.60672635,0|-4.0138301|-4.2892814|-4.3690787|-4.6955031|-5.1601619|-5.4798726|-5.5018508
0_0_0_10_14_16,-22.0,46,1,1,9,826,826,826,826,826,826,1,1,8,0.5117252531808203,0.9452177999531424,0.2835653399859427,0.12,0.32775126850577707,-0.09992155772992238,0.05112219451371569,0.05112219451371569,0.0,0.9452177999531424,0.19376156645341447,0.11429752389626563,0.9222678607644598,1.3699387061594297,826|113|652|600|30|634|854|804,0.92226786|0.83608412|0.82022879|0.74876747|0.99969342|0.97957123|0.91123873|0.55074732,0|-3.9279472|-5.6594443|-5.7657678|-6.0773855|-6.1036208|-6.1139142|-6.3415058
0_0_0_10_14_16,-22.0,46,1,2,10,922,314,922,922,922,922,1,1,8,0.5117252531808203,0.9452177999531424,0.2835653399859427,0.12,0.34742178076998365,-0.09992155772992238,0.05112219451371569,0.05112219451371569,0.0,0.9452177999531424,0.19376156645341447,0.11429752389626563,0.9758800687875716,0.434467382690088,922|855|365|130|974|445|485|25,0.97588007|0.67662757|0.93740808|0.89327498|0.84673194|0.8948653|0.85076499|0.8890726,0|-4.134298|-5.1802961|-5.1946599|-5.3586666|-5.5520806|-5.8270001|-5.8606059
0_0_0_10_14_16,-22.0,46,1,3,11,718,130,718,718,718,718,1,1,8,0.5117252531808203,0.9452177999531424,0.2835653399859427,0.12,0.3670922930341901,-0.09992155772992238,0.05112219451371569,0.05112219451371569,0.0,0.9452177999531424,0.19376156645341447,0.11429752389626563,0.9417103636240834,-0.441264448288226,718|280|79|374|760|474|330|963,0.94171036|0.85401175|0.83420256|0.54279383|0.70872993|0.97846304|0.93790299|0.92747511,0|-3.9640396|-4.8733492|-5.1262421|-5.1424124|-5.5845135|-5.6266475|-5.8385279
0_0_0_10_14_16,-22.0,46,1,4,12,107,864,107,107,107,107,1,1,8,0.5117252531808203,0.9452177999531424,0.2835653399859427,0.12,0.3867628052983967,-0.09992155772992238,0.05112219451371569,0.05112219451371569,0.0,0.9452177999531424,0.19376156645341447,0.11429752389626563,0.951423628202262,-0.5112200224890608,107|958|686|356|1013|303|967|110,0.95142363|0.7308423|0.19039245|0.31622738|0.90285472|0.86913595|0.91931948|0.55982043,0|-6.8847548|-7.1330727|-7.2440904|-7.3304385|-7.5081191|-7.6832536|-7.7902089
0_0_0_10_14_16,-22.0,46,1,5,13,468,460,468,468,468,468,1,1,8,0.5117252531808203,0.9452177999531424,0.2835653399859427,0.12,0.40643331756260326,-0.09992155772992238,0.05112219451371569,0.05112219451371569,0.0,0.9452177999531424,0.19376156645341447,0.11429752389626563,0.9731563270923511,-0.2562571377227444,468|862|976|589|34|854|503|939,0.97315633|0.87470665|0.97543436|0.9171672|0.72443864|0.89964127|0.2882745|0.79052587,0|-3.7749564|-4.5116741|-4.5797159|-4.6856464|-4.7950848|-4.8086631|-4.9807537
0_0_0_10_14_16,-22.0,46,1,6,14,89,53,89,89,89,89,1,1,8,0.5117252531808203,0.9452177999531424,0.2835653399859427,0.12,0.42610382982680983,-0.09992155772992238,0.05112219451371569,0.05112219451371569,0.0,0.9452177999531424,0.19376156645341447,0.11429752389626563,0.9372499307611053,-1.4870856208756247,89|911|467|441|275|388|212|32,0.93724993|0.90528141|0.42434869|0.93011761|0.9878353|0.82020547|0.8970596|0.83046732,0|-3.3935253|-3.602867|-3.7492665|-3.7750342|-4.5429518|-4.9698873|-5.0362222
0_0_0_10_14_16,-22.0,46,1,7,15,713,498,713,713,713,713,1,1,8,0.5117252531808203,0.9452177999531424,0.2835653399859427,0.12,0.4457743420910164,-0.09992155772992238,0.05112219451371569,0.05112219451371569,0.0,0.9452177999531424,0.19376156645341447,0.11429752389626563,0.5850005816828722,-1.4732450590825037,713|360|668|744|896|1023|755|960,0.58500058|0.91184166|0.83049142|0.72275821|0.66155063|0.93558234|0.9592651|0.87841764,0|-4.6892661|-4.8825217|-5.0233137|-5.7864311|-5.9229531|-6.0534006|-6.1266057
0_0_0_10_14_16,-22.0,46,1,8,16,865,466,865,865,865,865,1,1,8,0.5117252531808203,0.9452177999531424,0.2835653399859427,0.12,0.465444854355223,-0.09992155772992238,0.05112219451371569,0.05112219451371569,0.0,0.9452177999531424,0.19376156645341447,0.11429752389626563,0.9934072553589145,-0.3165631064218871,865|667|992|190|792|775|325|659,0.99340726|0.88803524|0.9505254|0.97618063|0.98126065|0.90256972|0.50710153|0.88006374,0|-4.2947195|-4.8837832|-4.9783455|-5.0663646|-5.104193|-5.6015387|-5.8854773
0_0_0_10_14_16,-22.0,46,1,9,17,492,492,492,492,492,492,1,1,8,0.5117252531808203,0.9452177999531424,0.2835653399859427,0.12,0.48511536661942944,-0.09992155772992238,0.05112219451371569,0.05112219451371569,0.0,0.9452177999531424,0.19376156645341447,0.11429752389626563,0.9431347449658332,-0.4604953183223297,492|837|14|596|486|428|870|694,0.94313474|0.73874505|0.9513881|0.98820126|0.34403093|0.72069956|0.98757568|0.7668509,0|-5.9778467|-6.1023328|-7.3254208|-7.5679233|-7.7724187|-7.7770084|-7.7794566
0_0_0_10_14_16,-22.0,46,1,10,18,765,439,765,765,765,765,1,1,8,0.5117252531808203,0.9452177999531424,0.2835653399859427,0.12,0.504785878883636,-0.09992155772992238,0.05112219451371569,0.05112219451371569,0.0,0.9452177999531424,0.19376156645341447,0.11429752389626563,0.8748243104224874,-1.125533060579246,765|453|48|532|578|639|192|814,0.87482431|0.92958203|0.79103842|0.70013076|0.78730917|0.99609922|0.89480719|0.97162043,0|-4.0190553|-5.2228374|-6.1345219|-6.3470678|-6.4892121|-6.5087452|-6.677056
0_0_0_10_14_16,-22.0,46,1,11,19,1023,1023,1023,1023,1023,1023,1,1,8,0.5117252531808203,0.9452177999531424,0.2835653399859427,0.12,0.5244563911478426,-0.09992155772992238,0.05112219451371569,0.05112219451371569,0.0,0.9452177999531424,0.19376156645341447,0.11429752389626563,0.9866040775131862,1.5786466655828604,1023|479|179|189|739|850|126|873,0.98660408|0.67268658|0.60899661|0.98268762|0.84289634|0.49444742|0.96638629|0.65420296,0|-1.675885|-1.7119395|-3.1115439|-3.5297626|-3.5436013|-3.5760135|-3.764135
0_0_0_10_14_16,-22.0,46,1,12,20,597,281,597,597,597,597,1,1,8,0.5117252531808203,0.9452177999531424,0.2835653399859427,0.12,0.5441269034120492,-0.09992155772992238,0.05112219451371569,0.05112219451371569,0.0,0.9452177999531424,0.19376156645341447,0.11429752389626563,0.845480827120247,-0.4154583673349758,597|946|569|988|384|660|248|449,0.84548083|0.88195899|0.5109997|0.96398555|0.75585424|0.95233769|0.97347133|0.7568085,0|-3.4892864|-3.7801777|-4.1977518|-4.2204206|-4.3211137|-4.7843184|-4.798547
0_0_0_10_14_16,-22.0,46,1,13,21,562,562,562,562,562,562,1,1,8,0.5117252531808203,0.9452177999531424,0.2835653399859427,0.12,0.5637974156762556,-0.09992155772992238,0.05112219451371569,0.05112219451371569,0.0,0.9452177999531424,0.19376156645341447,0.11429752389626563,0.9542551753410536,0.3417776380871051,562|10|52|567|455|551|151|629,0.95425518|0.8158553|0.95464766|0.79040022|0.64743446|0.65722032|0.73233674|0.67871463,0|-5.1584397|-5.499479|-5.8943017|-6.169664|-6.3279505|-6.3555871|-6.4946648
0_0_0_10_14_16,-22.0,46,1,14,22,478,289,478,478,478,478,1,1,8,0.5117252531808203,0.9452177999531424,0.2835653399859427,0.12,0.5834679279404622,-0.09992155772992238,0.05112219451371569,0.05112219451371569,0.0,0.9452177999531424,0.19376156645341447,0.11429752389626563,0.7936565161213909,-0.8843129306785404,478|407|684|781|76|527|491|947,0.79365652|0.72989876|0.79197152|0.86015864|0.86440506|0.54411167|0.11674255|0.99310562,0|-4.2634873|-5.2579652|-5.331196|-5.3571099|-5.4622773|-5.7331993|-5.8090251
0_0_0_10_14_16,-22.0,46,1,15,23,267,267,267,267,267,267,1,1,8,0.5117252531808203,0.9452177999531424,0.2835653399859427,0.12,0.6031384402046688,-0.09992155772992238,0.05112219451371569,0.05112219451371569,0.0,0.9452177999531424,0.19376156645341447,0.11429752389626563,0.9948332159466324,-0.2055266486265558,267|877|415|576|204|392|773|53,0.99483322|0.75941471|0.63138728|0.89469313|0.92944045|0.99046139|0.87257522|0.57029522,0|-5.5208208|-5.8350404|-5.9179672|-6.156557|-6.2096458|-6.2443242|-6.4416887
0_0_0_10_14_16,-22.0,46,1,16,24,917,917,917,917,917,917,1,1,8,0.5117252531808203,0.9452177999531424,0.2835653399859427,0.12,0.6228089524688754,-0.09992155772992238,0.05112219451371569,0.05112219451371569,0.0,0.9452177999531424,0.19376156645341447,0.11429752389626563,0.9288594950789301,-1.1765025099501956,917|864|158|201|62|851|282|525,0.9288595|0.96729665|0.9872784|0.73178807|0.9715088|0.98855099|0.85905109|0.92779374,0|-2.9871181|-3.9855058|-4.5734717|-4.6573572|-5.1683918|-5.4961869|-5.6568292
0_0_0_10_14_16,-22.0,46,1,17,25,656,656,656,656,656,656,1,1,8,0.5117252531808203,0.9452177999531424,0.2835653399859427,0.12,0.6424794647330819,-0.09992155772992238,0.05112219451371569,0.05112219451371569,0.0,0.9452177999531424,0.19376156645341447,0.11429752389626563,0.9977789245211519,0.011629477825535861,656|985|434|466|931|934|887|628,0.99777892|0.95862867|0.81397417|0.68718443|0.90642955|0.81852229|0.6693518|0.82915787,0|-6.5150845|-7.2897696|-7.391332|-7.4486529|-8.1519208|-8.2231616|-8.5175971
0_0_0_10_14_16,-22.0,46,1,18,26,889,974,889,889,889,889,1,1,8,0.5117252531808203,0.9452177999531424,0.2835653399859427,0.12,0.6621499769972884,-0.09992155772992238,0.05112219451371569,0.05112219451371569,0.0,0.9452177999531424,0.19376156645341447,0.11429752389626563,0.8631983333708831,1.6090545367573958,889|71|699|346|853|682|715|215,0.86319833|0.98684393|0.59601507|0.80155603|0.81380608|0.92179146|0.61951749|0.73796456,0|-5.5300381|-6.1452119|-6.2332422|-6.4740626|-6.5747314|-6.7671913|-6.8259428
0_0_0_10_14_16,-22.0,46,1,19,27,510,240,510,510,510,510,1,1,8,0.5117252531808203,0.9452177999531424,0.2835653399859427,0.12,0.681820489261495,-0.09992155772992238,0.05112219451371569,0.05112219451371569,0.0,0.9452177999531424,0.19376156645341447,0.11429752389626563,0.7573201192576005,0.8327628637688504,510|595|206|1007|28|669|202|795,0.75732012|0.80553493|0.88930937|0.8013456|0.95054712|0.91604382|0.97214209|0.74220112,0|-3.3360622|-4.1032693|-4.8748716|-5.1989473|-5.2164485|-5.3386131|-5.4002703
0_0_0_10_14_16,-22.0,46,1,20,28,860,860,860,860,860,860,1,1,8,0.5117252531808203,0.9452177999531424,0.2835653399859427,0.12,0.7014910015257015,-0.09992155772992238,0.05112219451371569,0.05112219451371569,0.0,0.9452177999531424,0.19376156645341447,0.11429752389626563,0.9817781256369261,0.7744019547966565,860|671|78|549|639|583|517|644,0.98177813|0.87362554|0.95137178|0.98627848|0.61533076|0.83734179|0.77276881|0.19946436,0|-5.9486284|-6.0022914|-6.0343569|-6.7322976|-6.830225|-6.9463403|-6.9830089
0_0_0_10_14_16,-22.0,46,1,21,29,553,63,553,553,553,553,1,1,8,0.5117252531808203,0.9452177999531424,0.2835653399859427,0.12,0.7211615137899081,-0.09992155772992238,0.05112219451371569,0.05112219451371569,0.0,0.9452177999531424,0.19376156645341447,0.11429752389626563,0.7256835214831905,-0.9736249378056037,553|1003|291|1014|869|944|854|934,0.72568352|0.91571112|0.60098479|0.97311203|0.9754727|0.94150667|0.82447338|0.77063369,0|-2.4389647|-2.4588767|-2.554889|-2.8287581|-3.1428297|-3.2620031|-3.2844126
0_0_0_10_14_16,-22.0,46,1,22,30,629,520,629,629,629,629,1,1,8,0.5117252531808203,0.9452177999531424,0.2835653399859427,0.12,0.7408320260541147,-0.09992155772992238,0.05112219451371569,0.05112219451371569,0.0,0.9452177999531424,0.19376156645341447,0.11429752389626563,0.9874402544849327,-0.2162907390618289,629|287|142|867|557|188|318|247,0.98744025|0.52719277|0.98065311|0.89143657|0.6158505|0.91964413|0.90320386|0.9654247,0|-6.1076847|-6.6371357|-6.9125841|-7.4105473|-7.5705392|-7.9457457|-7.9522968
0_0_0_10_14_16,-22.0,46,1,23,31,759,759,759,759,759,759,1,1,8,0.5117252531808203,0.9452177999531424,0.2835653399859427,0.12,0.7605025383183212,-0.09992155772992238,0.05112219451371569,0.05112219451371569,0.0,0.9452177999531424,0.19376156645341447,0.11429752389626563,0.9934216896154174,-0.16764000190747988,759|449|58|1023|312|130|223|358,0.99342169|0.90157597|0.87255076|0.97370368|0.58587376|0.67744748|0.91377589|0.9320965,0|-7.5891751|-8.0124176|-8.2120429|-8.3626036|-8.5695928|-8.6297761|-8.6433393
0_0_0_10_14_16,-22.0,46,1,24,32,874,874,874,874,874,874,1,1,8,0.5117252531808203,0.9452177999531424,0.2835653399859427,0.12,0.7801730505825277,-0.09992155772992238,0.05112219451371569,0.05112219451371569,0.0,0.9452177999531424,0.19376156645341447,0.11429752389626563,0.998278422929418,-0.24474410081306847,874|531|326|613|460|822|755|816,0.99827842|0.85341882|0.98788971|0.99980321|0.963478|0.96877169|0.56852452|0.97404837,0|-5.231143|-5.3071799|-5.449516|-6.1624723|-6.4664635|-6.819519|-7.0167114
0_0_0_10_14_16,-22.0,46,1,25,33,720,588,720,720,720,720,1,1,8,0.5117252531808203,0.9452177999531424,0.2835653399859427,0.12,0.7998435628467343,-0.09992155772992238,0.05112219451371569,0.05112219451371569,0.0,0.9452177999531424,0.19376156645341447,0.11429752389626563,0.9536204728496741,-0.01594901519295605,720|362|444|841|672|555|368|14,0.95362047|0.94230382|0.98890828|0.84712004|0.91216057|0.73884622|0.74873704|0.79958979,0|-4.1213875|-4.9658806|-5.2943102|-5.3635991|-5.4101897|-5.5189474|-5.9348636
0_0_0_10_14_16,-22.0,46,1,26,34,314,419,314,314,314,314,1,1,8,0.5117252531808203,0.9452177999531424,0.2835653399859427,0.12,0.8195140751109409,-0.09992155772992238,0.05112219451371569,0.05112219451371569,0.0,0.9452177999531424,0.19376156645341447,0.11429752389626563,0.932715573348957,-0.4393222837428504,314|256|886|43|400|881|394|71,0.93271557|0.9173638|0.99776171|0.84049677|0.94572626|0.93820126|0.79643284|0.70916402,0|-3.5049395|-3.7647325|-4.2469608|-4.2718366|-4.4380594|-4.5649692|-4.6077317
0_0_0_10_14_16,-22.0,46,1,27,35,602,602,602,602,602,602,1,1,8,0.5117252531808203,0.9452177999531424,0.2835653399859427,0.12,0.8391845873751473,-0.09992155772992238,0.05112219451371569,0.05112219451371569,0.0,0.9452177999531424,0.19376156645341447,0.11429752389626563,0.8455996855219906,-0.19909827202276908,602|50|495|695|823|181|231|586,0.84559969|0.94798009|0.58920388|0.862814|0.60928273|0.96115557|0.79601586|0.94133577,0|-4.2936118|-4.7417074|-5.415351|-5.4778141|-5.6737419|-5.6901453|-6.021889
0_0_0_10_14_16,-22.0,46,1,28,36,7,7,7,7,7,7,1,1,8,0.5117252531808203,0.9452177999531424,0.2835653399859427,0.12,0.8588550996393539,-0.09992155772992238,0.05112219451371569,0.05112219451371569,0.0,0.9452177999531424,0.19376156645341447,0.11429752389626563,0.9444602413610689,1.5416432036447223,7|416|631|930|294|525|681|635,0.94446024|0.99031693|0.84984743|0.90440887|0.63767516|0.89266533|0.96998542|0.60869137,0|-5.2391194|-5.2758828|-5.4158428|-6.40193|-6.416343|-6.5614825|-6.6712373
0_0_0_10_14_16,-22.0,46,1,29,37,610,564,610,610,610,610,1,1,8,0.5117252531808203,0.9452177999531424,0.2835653399859427,0.12,0.8785256119035605,-0.09992155772992238,0.05112219451371569,0.05112219451371569,0.0,0.9452177999531424,0.19376156645341447,0.11429752389626563,0.8587996228772823,0.2906406348846584,610|428|533|808|370|564|379|868,0.85879962|0.82787638|0.5846765|0.36230975|0.95259307|0.92839642|0.69359157|0.79323069,0|-3.7610481|-4.5499483|-4.891966|-5.0358628|-5.1164216|-5.1248689|-5.2046175
0_0_0_10_14_16,-22.0,46,1,30,38,807,260,807,807,807,807,1,1,8,0.5117252531808203,0.9452177999531424,0.2835653399859427,0.12,0.8981961241677671,-0.09992155772992238,0.05112219451371569,0.05112219451371569,0.0,0.9452177999531424,0.19376156645341447,0.11429752389626563,0.99800358164703,0.17474100594147873,807|132|820|389|697|563|827|732,0.99800358|0.95951666|0.90504573|0.92654938|0.6506529|0.61510409|0.99139729|0.73382875,0|-4.0482887|-5.066262|-5.6533562|-5.9392462|-6.0497937|-6.4167476|-6.5893715
0_0_0_10_14_16,-22.0,46,1,31,39,897,674,897,897,897,897,1,1,8,0.5117252531808203,0.9452177999531424,0.2835653399859427,0.12,0.9178666364319736,-0.09992155772992238,0.05112219451371569,0.05112219451371569,0.0,0.9452177999531424,0.19376156645341447,0.11429752389626563,0.9553182201936697,-1.1234128346712293,897|37|74|45|199|107|224|391,0.95531822|0.95753132|0.79110123|0.67557754|0.94014985|0.95988968|0.71725026|0.85341419,0|-3.8806683|-5.3021317|-5.4745102|-5.6448902|-5.6806067|-5.7158473|-6.0700814
0_0_0_10_14_16,-22.0,46,1,32,40,749,749,749,749,749,749,1,1,8,0.5117252531808203,0.9452177999531424,0.2835653399859427,0.12,0.9375371486961801,-0.09992155772992238,0.05112219451371569,0.05112219451371569,0.0,0.9452177999531424,0.19376156645341447,0.11429752389626563,0.9729672319308702,-0.5053343771236941,749|941|722|493|926|51|346|476,0.97296723|0.94592375|0.46563426|0.70830445|0.54080163|0.70457128|0.8518499|0.84532104,0|-5.6539413|-5.8499508|-5.9600111|-6.152773|-6.3721444|-7.1570657|-7.4033141
0_0_0_10_14_16,-22.0,46,1,33,41,584,35,584,584,584,584,1,1,8,0.5117252531808203,0.9452177999531424,0.2835653399859427,0.12,0.9572076609603868,-0.09992155772992238,0.05112219451371569,0.05112219451371569,0.0,0.9452177999531424,0.19376156645341447,0.11429752389626563,0.8004152111498287,-0.9333050016733933,584|358|866|340|512|912|122|935,0.80041521|0.76703905|0.93045987|0.8089234|0.84460448|0.83734044|0.80005248|0.98503851,0|-4.9314899|-5.576493|-5.8347831|-5.9838807|-6.3758681|-6.4685604|-6.9421835
0_0_0_10_14_16,-22.0,46,1,34,42,934,635,934,934,934,934,1,1,8,0.5117252531808203,0.9452177999531424,0.2835653399859427,0.12,0.9768781732245932,-0.09992155772992238,0.05112219451371569,0.05112219451371569,0.0,0.9452177999531424,0.19376156645341447,0.11429752389626563,0.970613377396062,2.7442551285326813,934|86|440|167|449|733|109|578,0.97061338|0.77142217|0.83862861|0.65805902|0.88949338|0.91476764|0.86672628|0.95869744,0|-4.8327053|-5.7184549|-6.51699|-6.9731472|-6.9859405|-7.0875177|-7.1123776
0_0_0_10_14_16,-22.0,46,2,0,8,803,803,803,803,803,803,1,1,8,0.5013624362055593,0.9444361165443873,0.2833308349633162,0.12,-0.19585610285669441,0.02033384403365954,-0.043640897755610975,-0.043640897755610975,0.0,0.9444361165443873,0.14953980823485535,0.12690725333031497,0.9899971095186844,-0.33392405037823114,803|651|464|766|1017|323|746|369,0.98999711|0.99332685|0.64303122|0.85339524|0.79395433|0.73218771|0.94317266|0.78597728,0|-4.4250945|-5.001681|-5.197266|-5.7775819|-5.8129694|-5.9748725|-5.9799788
0_0_0_10_14_16,-22.0,46,2,1,9,826,826,826,826,826,826,1,1,8,0.5013624362055593,0.9444361165443873,0.2833308349633162,0.12,-0.1763070990945006,0.02033384403365954,-0.043640897755610975,-0.043640897755610975,0.0,0.9444361165443873,0.14953980823485535,0.12690725333031497,0.8651964229038782,1.09445206045752,826|577|65|501|230|130|231|26,0.86519642|0.39248818|0.95389415|0.8378783|0.74416941|0.99831049|0.96341125|0.89679273,0|-4.5859572|-4.8611132|-5.0532912|-5.9234202|-6.0532498|-6.0748971|-6.3151587
0_0_0_10_14_16,-22.0,46,2,2,10,922,922,922,922,922,922,1,1,8,0.5013624362055593,0.9444361165443873,0.2833308349633162,0.12,-0.15675809533230678,0.02033384403365954,-0.043640897755610975,-0.043640897755610975,0.0,0.9444361165443873,0.14953980823485535,0.12690725333031497,0.9078205183875346,1.169360138797371,922|124|434|1000|369|384|605|878,0.90782052|0.98750821|0.84536702|0.85963588|0.90837616|0.98743801|0.9641329|0.99790731,0|-2.0541067|-2.7800145|-3.2302898|-3.3355848|-3.4291206|-3.5037652|-3.5806554
0_0_0_10_14_16,-22.0,46,2,3,11,718,193,718,718,718,718,1,1,8,0.5013624362055593,0.9444361165443873,0.2833308349633162,0.12,-0.13720909157011296,0.02033384403365954,-0.043640897755610975,-0.043640897755610975,0.0,0.9444361165443873,0.14953980823485535,0.12690725333031497,0.9590212498249726,0.017339910505173084,718|817|938|800|259|246|234|2,0.95902125|0.60923119|0.99721202|0.37367652|0.82428446|0.91981716|0.98129355|0.96307457,0|-1.5263578|-2.1396833|-3.4412747|-3.5610777|-4.1416582|-4.1844622|-4.3154849
0_0_0_10_14_16,-22.0,46,2,4,12,86,551,86,86,86,86,1,1,8,0.5013624362055593,0.9444361165443873,0.2833308349633162,0.12,-0.11766008780791914,0.02033384403365954,-0.043640897755610975,-0.043640897755610975,0.0,0.9444361165443873,0.14953980823485535,0.12690725333031497,0.9641412360451636,0.3760919886681018,86|13|14|698|469|347|792|356,0.96414124|0.87400602|0.76925848|0.69983596|0.5984739|0.75846583|0.97075219|0.87772105,0|-3.249353|-3.6855785|-4.3749019|-4.3935984|-4.6576135|-5.3312132|-5.5409498
0_0_0_10_14_16,-22.0,46,2,5,13,468,956,468,468,468,468,1,1,8,0.5013624362055593,0.9444361165443873,0.2833308349633162,0.12,-0.09811108404572533,0.02033384403365954,-0.043640897755610975,-0.043640897755610975,0.0,0.9444361165443873,0.14953980823485535,0.12690725333031497,0.9352866033010135,0.2656796337309113,468|238|868|123|152|785|639|989,0.9352866|0.90201365|0.90419389|0.90357875|0.91636356|0.65105256|0.58185158|0.98141381,0|-4.0720299|-5.1801476|-5.2103597|-5.3098202|-5.7730382|-5.8604068|-6.0661716
0_0_0_10_14_16,-22.0,46,2,6,14,89,308,89,89,89,89,1,1,8,0.5013624362055593,0.9444361165443873,0.2833308349633162,0.12,-0.07856208028353151,0.02033384403365954,-0.043640897755610975,-0.043640897755610975,0.0,0.9444361165443873,0.14953980823485535,0.12690725333031497,0.9830032714035023,0.48611831159389896,89|984|439|652|957|4|481|374,0.98300327|0.6117653|0.69473813|0.9604968|0.7162821|0.94326411|0.97855207|0.87429668,0|-6.7344004|-6.887163|-7.0069271|-7.2148157|-7.2933307|-7.4323616|-7.7175857
0_0_0_10_14_16,-22.0,46,2,7,15,713,97,713,713,713,713,1,1,8,0.5013624362055593,0.9444361165443873,0.2833308349633162,0.12,-0.05901307652133769,0.02033384403365954,-0.043640897755610975,-0.043640897755610975,0.0,0.9444361165443873,0.14953980823485535,0.12690725333031497,0.8448785160227219,1.2843010766890925,713|763|132|753|252|496|192|909,0.84487852|0.84430138|0.80566014|0.76907447|0.71004999|0.92903917|0.93606486|0.96664618,0|-3.1205018|-4.2326385|-5.630361|-5.6883765|-5.9605032|-5.9630221|-6.0302894
0_0_0_10_14_16,-22.0,46,2,8,16,865,865,865,865,865,865,1,1,8,0.5013624362055593,0.9444361165443873,0.2833308349633162,0.12,-0.039464072759143876,0.02033384403365954,-0.043640897755610975,-0.043640897755610975,0.0,0.9444361165443873,0.14953980823485535,0.12690725333031497,0.9808952391171731,-0.4269741900659269,865|898|637|713|846|234|910|324,0.98089524|0.94128921|0.65182925|0.91885593|0.93604784|0.72545576|0.94066118|0.74469327,0|-4.5039556|-5.2054341|-5.3890656|-5.4096124|-5.5995265|-5.8060298|-5.8208181
0_0_0_10_14_16,-22.0,46,2,9,17,492,955,492,492,492,492,1,1,8,0.5013624362055593,0.9444361165443873,0.2833308349633162,0.12,-0.01991506899695006,0.02033384403365954,-0.043640897755610975,-0.043640897755610975,0.0,0.9444361165443873,0.14953980823485535,0.12690725333031497,0.8744942256149959,0.3787872091484782,492|302|513|622|955|149|505|920,0.87449423|0.96159597|0.90915297|0.57176783|0.73986021|0.88093798|0.89176592|0.86571042,0|-2.1720302|-2.7491727|-2.8113959|-3.3205613|-3.3354333|-3.451266|-3.591606
0_0_0_10_14_16,-22.0,46,2,10,18,765,471,765,765,765,765,1,1,8,0.5013624362055593,0.9444361165443873,0.2833308349633162,0.12,-0.000366065234756241,0.02033384403365954,-0.043640897755610975,-0.043640897755610975,0.0,0.9444361165443873,0.14953980823485535,0.12690725333031497,0.9618305698533018,-0.6447122128990647,765|617|688|117|998|104|778|250,0.96183057|0.82804269|0.60669217|0.96096411|0.84743795|0.89673762|0.50365233|0.82247501,0|-6.4754759|-6.6185055|-6.8519129|-7.3412334|-7.4236592|-7.4299512|-7.4530168
0_0_0_10_14_16,-22.0,46,2,11,19,1023,186,1023,1023,1023,1023,1,1,8,0.5013624362055593,0.9444361165443873,0.2833308349633162,0.12,0.019182938527437576,0.02033384403365954,-0.043640897755610975,-0.043640897755610975,0.0,0.9444361165443873,0.14953980823485535,0.12690725333031497,0.9717010183650999,-2.5339622116965703,1023|911|107|580|946|796|413|78,0.97170102|0.7970118|0.87089864|0.94075363|0.66380407|0.96599686|0.91654|0.74351302,0|-5.8682953|-6.2210196|-6.5279754|-6.654914|-7.1155529|-7.3500331|-7.3635658
0_0_0_10_14_16,-22.0,46,2,12,20,597,722,597,597,597,597,1,1,8,0.5013624362055593,0.9444361165443873,0.2833308349633162,0.12,0.038731942289631394,0.02033384403365954,-0.043640897755610975,-0.043640897755610975,0.0,0.9444361165443873,0.14953980823485535,0.12690725333031497,0.9442360017915499,-0.23553626268707362,597|118|100|223|199|399|566|914,0.944236|0.76340343|0.74266589|0.81762842|0.56980012|0.80245239|0.82230518|0.854908,0|-3.401061|-4.646371|-5.193354|-5.2540243|-5.5854852|-5.6729386|-5.8860411
0_0_0_10_14_16,-22.0,46,2,13,21,562,562,562,562,562,562,1,1,8,0.5013624362055593,0.9444361165443873,0.2833308349633162,0.12,0.05828094605182521,0.02033384403365954,-0.043640897755610975,-0.043640897755610975,0.0,0.9444361165443873,0.14953980823485535,0.12690725333031497,0.9165900843298314,0.5664358369324854,562|398|137|777|752|142|645|764,0.91659008|0.9687654|0.84690442|0.91838548|0.84416748|0.48366715|0.9112756|0.95885485,0|-3.0831712|-5.3501428|-6.0776344|-6.328785|-6.3478986|-6.5963203|-6.6351394
0_0_0_10_14_16,-22.0,46,2,14,22,478,361,478,478,478,478,1,1,8,0.5013624362055593,0.9444361165443873,0.2833308349633162,0.12,0.07782994981401903,0.02033384403365954,-0.043640897755610975,-0.043640897755610975,0.0,0.9444361165443873,0.14953980823485535,0.12690725333031497,0.9583762233576744,0.2670643161039539,478|195|230|680|448|948|288|526,0.95837622|0.81142058|0.95865399|0.99772542|0.90623373|0.60845946|0.77935894|0.7998298,0|-3.2756924|-5.0807355|-5.4761587|-5.8225684|-6.0994186|-6.1066491|-6.1198365
0_0_0_10_14_16,-22.0,46,2,15,23,267,621,267,267,267,267,1,1,8,0.5013624362055593,0.9444361165443873,0.2833308349633162,0.12,0.09737895357621285,0.02033384403365954,-0.043640897755610975,-0.043640897755610975,0.0,0.9444361165443873,0.14953980823485535,0.12690725333031497,0.9539590107006857,0.5265994722208859,267|187|789|112|245|114|303|325,0.95395901|0.95200487|0.95310476|0.88235416|0.96340546|0.92483363|0.84177194|0.99884412,0|-4.3583256|-4.6175894|-5.1656272|-5.5820743|-5.7632346|-5.7652233|-5.9565172
0_0_0_10_14_16,-22.0,46,2,16,24,917,43,917,917,917,917,1,1,8,0.5013624362055593,0.9444361165443873,0.2833308349633162,0.12,0.11692795733840666,0.02033384403365954,-0.043640897755610975,-0.043640897755610975,0.0,0.9444361165443873,0.14953980823485535,0.12690725333031497,0.9523953069238759,1.909845823314352,917|292|864|759|879|451|810|935,0.95239531|0.74183203|0.96318691|0.23941854|0.86505736|0.63643773|0.87377769|0.84813774,0|-2.4749248|-5.1303793|-5.1898097|-5.3831222|-5.4304583|-5.4984439|-5.5884311
0_0_0_10_14_16,-22.0,46,2,17,25,656,893,656,656,656,656,1,1,8,0.5013624362055593,0.9444361165443873,0.2833308349633162,0.12,0.13647696110060048,0.02033384403365954,-0.043640897755610975,-0.043640897755610975,0.0,0.9444361165443873,0.14953980823485535,0.12690725333031497,0.9931320407783029,0.15262523899044622,656|16|146|1020|62|131|920|341,0.99313204|0.8886464|0.68552944|0.66273244|0.93715629|0.91891262|0.91515966|0.46134811,0|-3.1080787|-3.5233162|-3.6751915|-4.0507831|-4.0947226|-4.2448417|-4.2688563
0_0_0_10_14_16,-22.0,46,2,18,26,889,314,889,889,889,889,1,1,8,0.5013624362055593,0.9444361165443873,0.2833308349633162,0.12,0.1560259648627943,0.02033384403365954,-0.043640897755610975,-0.043640897755610975,0.0,0.9444361165443873,0.14953980823485535,0.12690725333031497,0.9988921982496556,-0.1457688449181928,889|374|676|938|440|799|1008|980,0.9988922|0.65692982|0.8706841|0.98695727|0.77594541|0.90550476|0.745129|0.94379643,0|-7.1336232|-7.7678921|-7.7998789|-7.84076|-7.8801105|-8.0060365|-8.0834191
0_0_0_10_14_16,-22.0,46,2,19,27,510,801,510,510,510,510,1,1,8,0.5013624362055593,0.9444361165443873,0.2833308349633162,0.12,0.17557496862498811,0.02033384403365954,-0.043640897755610975,-0.043640897755610975,0.0,0.9444361165443873,0.14953980823485535,0.12690725333031497,0.4072628435719909,-1.764609790388724,510|492|457|519|601|462|243|589,0.40726284|0.91925911|0.54255136|0.61655652|0.99789795|0.98343201|0.45026965|0.75927805,0|-0.79790671|-1.5758858|-1.8411685|-2.09822|-2.6509989|-2.8312813|-3.1442064
0_0_0_10_14_16,-22.0,46,2,20,28,860,931,860,860,860,860,1,1,8,0.5013624362055593,0.9444361165443873,0.2833308349633162,0.12,0.19512397238718204,0.02033384403365954,-0.043640897755610975,-0.043640897755610975,0.0,0.9444361165443873,0.14953980823485535,0.12690725333031497,0.9753392770760201,-0.8632723343356399,860|682|55|185|162|928|810|572,0.97533928|0.70273111|0.87956304|0.92363977|0.39589959|0.98221265|0.98498008|0.25563488,0|-4.4605041|-4.8647348|-4.9117579|-5.0622823|-5.28751|-5.5505478|-5.6443594
0_0_0_10_14_16,-22.0,46,2,21,29,553,553,553,553,553,553,1,1,8,0.5013624362055593,0.9444361165443873,0.2833308349633162,0.12,0.21467297614937586,0.02033384403365954,-0.043640897755610975,-0.043640897755610975,0.0,0.9444361165443873,0.14953980823485535,0.12690725333031497,0.9875508950563138,-0.17567821744908196,553|204|936|179|438|390|10|101,0.9875509|0.84658335|0.93730614|0.67264386|0.67422613|0.43501741|0.88314799|0.77724892,0|-3.8807429|-5.8709408|-6.0169608|-6.1908418|-6.3248952|-6.4570203|-6.5503407
0_0_0_10_14_16,-22.0,46,2,22,30,629,508,629,629,629,629,1,1,8,0.5013624362055593,0.9444361165443873,0.2833308349633162,0.12,0.23422197991156968,0.02033384403365954,-0.043640897755610975,-0.043640897755610975,0.0,0.9444361165443873,0.14953980823485535,0.12690725333031497,0.7721318152234673,-1.0995821700496857,629|884|625|354|748|872|668|769,0.77213182|0.84357759|0.77969783|0.90926523|0.97776065|0.74227797|0.99098048|0.75132151,0|-0.74391754|-0.93845147|-1.7430736|-2.3562804|-2.4417992|-2.6321047|-2.6597124
0_0_0_10_14_16,-22.0,46,2,23,31,759,174,759,759,759,759,1,1,8,0.5013624362055593,0.9444361165443873,0.2833308349633162,0.12,0.2537709836737635,0.02033384403365954,-0.043640897755610975,-0.043640897755610975,0.0,0.9444361165443873,0.14953980823485535,0.12690725333031497,0.8362274399709249,-0.4615388990128375,759|174|175|349|900|460|703|345,0.83622744|0.39604365|0.67526938|0.58611607|0.97646091|0.8078204|0.94588461|0.74714814,0|-2.8708676|-3.3446918|-3.4049856|-3.4281258|-3.6979042|-3.9459381|-4.0259054
0_0_0_10_14_16,-22.0,46,2,24,32,874,310,874,874,874,874,1,1,8,0.5013624362055593,0.9444361165443873,0.2833308349633162,0.12,0.2733199874359573,0.02033384403365954,-0.043640897755610975,-0.043640897755610975,0.0,0.9444361165443873,0.14953980823485535,0.12690725333031497,0.9648472095063865,-0.9744409837274066,874|502|288|963|497|292|143|569,0.96484721|0.51749861|0.48644053|0.94323807|0.84896088|0.93995854|0.69635251|0.61390778,0|-4.8695689|-5.5879225|-5.5978216|-5.7549511|-5.958844|-6.1413389|-6.3966843
0_0_0_10_14_16,-22.0,46,2,25,33,720,720,720,720,720,720,1,1,8,0.5013624362055593,0.9444361165443873,0.2833308349633162,0.12,0.29286899119815113,0.02033384403365954,-0.043640897755610975,-0.043640897755610975,0.0,0.9444361165443873,0.14953980823485535,0.12690725333031497,0.9735173110953977,-0.14503928669819544,720|652|62|881|273|154|650|101,0.97351731|0.86936447|0.99885262|0.89519256|0.55431389|0.61426453|0.65411048|0.93736645,0|-5.0799135|-5.35553|-5.5481678|-5.8255513|-6.0750979|-6.320131|-6.4106708
0_0_0_10_14_16,-22.0,46,2,26,34,314,401,314,314,314,314,1,1,8,0.5013624362055593,0.9444361165443873,0.2833308349633162,0.12,0.31241799496034495,0.02033384403365954,-0.043640897755610975,-0.043640897755610975,0.0,0.9444361165443873,0.14953980823485535,0.12690725333031497,0.9929634024458276,0.2006047270936781,314|402|259|270|810|308|6|335,0.9929634|0.88210351|0.87593405|0.99406264|0.48867873|0.86348399|0.91387949|0.3638596,0|-5.405745|-5.607274|-5.9677437|-6.0621806|-6.1255585|-6.3792004|-6.6322965
0_0_0_10_14_16,-22.0,46,2,27,35,602,211,602,602,602,602,1,1,8,0.5013624362055593,0.9444361165443873,0.2833308349633162,0.12,0.33196699872253876,0.02033384403365954,-0.043640897755610975,-0.043640897755610975,0.0,0.9444361165443873,0.14953980823485535,0.12690725333031497,0.9480400745467017,-0.48318252957807356,602|542|113|899|735|345|134|797,0.94804007|0.6346022|0.81951421|0.91848444|0.89030938|0.52023566|0.85641457|0.66999954,0|-4.621429|-5.7133986|-5.7178686|-5.8187285|-6.2898208|-6.3804009|-6.5272688
0_0_0_10_14_16,-22.0,46,2,28,36,7,453,7,7,7,7,1,1,8,0.5013624362055593,0.9444361165443873,0.2833308349633162,0.12,0.3515160024847326,0.02033384403365954,-0.043640897755610975,-0.043640897755610975,0.0,0.9444361165443873,0.14953980823485535,0.12690725333031497,0.9560247184572424,-1.1203729971169536,7|898|580|757|238|405|598|682,0.95602472|0.9860342|0.79974436|0.78463767|0.94869926|0.96562104|0.75180832|0.99116348,0|-5.9314556|-6.518695|-6.7001556|-6.9564126|-6.9764932|-7.0167568|-7.1082904
0_0_0_10_14_16,-22.0,46,2,29,37,610,610,610,610,610,610,1,1,8,0.5013624362055593,0.9444361165443873,0.2833308349633162,0.12,0.3710650062469264,0.02033384403365954,-0.043640897755610975,-0.043640897755610975,0.0,0.9444361165443873,0.14953980823485535,0.12690725333031497,0.9820378304155015,0.22730145536723267,610|785|481|362|370|525|223|233,0.98203783|0.93073905|0.46530739|0.82177646|0.99043582|0.79717904|0.70775433|0.75652485,0|-6.5552923|-6.68096|-7.1650913|-7.3726552|-7.8292373|-8.1709535|-8.2274051
0_0_0_10_14_16,-22.0,46,2,30,38,775,314,775,775,775,775,1,1,8,0.5013624362055593,0.9444361165443873,0.2833308349633162,0.12,0.3906140100091202,0.02033384403365954,-0.043640897755610975,-0.043640897755610975,0.0,0.9444361165443873,0.14953980823485535,0.12690725333031497,0.9111502468860296,-1.0691965847517726,775|271|312|825|334|201|313|359,0.91115025|0.98267479|0.8080277|0.93200838|0.76409021|0.76900812|0.59536123|0.79139018,0|-4.5165021|-5.1623502|-5.2522216|-5.3982722|-5.4256727|-5.6385129|-6.2240597
0_0_0_10_14_16,-22.0,46,2,31,39,912,912,912,912,912,912,1,1,8,0.5013624362055593,0.9444361165443873,0.2833308349633162,0.12,0.4101630137713139,0.02033384403365954,-0.043640897755610975,-0.043640897755610975,0.0,0.9444361165443873,0.14953980823485535,0.12690725333031497,0.949144472616269,-1.412640701345956,912|380|541|945|792|345|438|304,0.94914447|0.9859142|0.65484129|0.66481174|0.8463505|0.51430397|0.83357391|0.74590404,0|-6.8108999|-6.8912436|-7.5738811|-7.717626|-7.7633658|-7.9230644|-8.1311154
0_0_0_10_14_16,-22.0,46,2,32,40,768,209,768,768,768,768,1,1,8,0.5013624362055593,0.9444361165443873,0.2833308349633162,0.12,0.42971201753350785,0.02033384403365954,-0.043640897755610975,-0.043640897755610975,0.0,0.9444361165443873,0.14953980823485535,0.12690725333031497,0.9732059112965377,0.5025260901704559,768|697|377|1000|167|760|225|209,0.97320591|0.94803422|0.64596268|0.84374139|0.89829591|0.92378025|0.97618557|0.55650592,0|-3.2429228|-4.1882219|-4.5739974|-4.827576|-5.1918781|-5.2514123|-5.2742887
0_0_0_10_14_16,-22.0,46,2,33,41,581,581,581,581,581,581,1,1,8,0.5013624362055593,0.9444361165443873,0.2833308349633162,0.12,0.44926102129570156,0.02033384403365954,-0.043640897755610975,-0.043640897755610975,0.0,0.9444361165443873,0.14953980823485535,0.12690725333031497,0.8904625245065299,-0.07271039378396758,581|1013|926|38|266|669|348|320,0.89046252|0.81202217|0.95412978|0.81565016|0.65693436|0.97207636|0.7311064|0.76460474,0|-6.4334412|-7.2838549|-7.30992|-7.3389237|-8.2013481|-8.2777021|-8.5147314
0_0_0_10_14_16,-22.0,46,2,34,42,93,93,93,93,93,93,1,1,8,0.5013624362055593,0.9444361165443873,0.2833308349633162,0.12,0.4688100250578955,0.02033384403365954,-0.043640897755610975,-0.043640897755610975,0.0,0.9444361165443873,0.14953980823485535,0.12690725333031497,0.9619687154575313,-0.6428433323309688,93|761|110|859|980|45|712|546,0.96196872|0.63730656|0.80884806|0.67579074|0.92883737|0.91073427|0.1774368|0.65731042,0|-3.0500919|-4.5963555|-5.1205232|-5.2916754|-5.7042956|-5.7136291|-6.0231728
0_0_0_10_14_16,-22.0,46,3,0,8,222,459,222,222,222,222,1,1,7,0.7315840070647005,0.9021990205696793,0.2706597061709038,inf,-0.35130005997240793,-0.028995570315833698,-0.0685785536159601,-0.0685785536159601,0.0,0.9021990205696793,0.11150242373464847,0.11023624694154932,0.8278940796042147,1.3402952166978221,222|303|408|13|863|761|700|228,0.82789408|0.93866181|0.38502519|0.90180146|0.86844334|0.68065748|0.88544772|0.7843897,0|-3.3827962|-3.8378752|-4.8038741|-4.9972287|-5.0285181|-5.0435498|-5.1861842
0_0_0_10_14_16,-22.0,46,3,1,9,711,711,711,711,711,711,1,1,7,0.7315840070647005,0.9021990205696793,0.2706597061709038,inf,-0.33179140848337046,-0.028995570315833698,-0.0685785536159601,-0.0685785536159601,0.0,0.9021990205696793,0.11150242373464847,0.11023624694154932,0.9998560112183156,-0.012931908640843648,711|438|626|511|526|758|276|669,0.99985601|0.86123369|0.47669556|0.73881654|0.95761804|0.63314487|0.91125359|0.99082543,0|-3.6551942|-4.5101242|-4.6536589|-5.2468387|-5.4676064|-5.615198|-6.0209785
0_0_0_10_14_16,-22.0,46,3,2,10,871,871,871,871,871,871,1,1,7,0.7315840070647005,0.9021990205696793,0.2706597061709038,inf,-0.312282756994333,-0.028995570315833698,-0.0685785536159601,-0.0685785536159601,0.0,0.9021990205696793,0.11150242373464847,0.11023624694154932,0.9832303342819114,-0.6595970813217054,871|307|102|955|984|1016|899|737,0.98323033|0.8069212|0.67741183|0.81937635|0.77821294|0.79163499|0.61430609|0.56898534,0|-6.1360616|-6.682795|-6.7983686|-6.933188|-6.9488193|-6.980596|-7.0663375
0_0_0_10_14_16,-22.0,46,3,3,11,718,688,718,718,718,718,1,1,7,0.7315840070647005,0.9021990205696793,0.2706597061709038,inf,-0.29277410550529553,-0.028995570315833698,-0.0685785536159601,-0.0685785536159601,0.0,0.9021990205696793,0.11150242373464847,0.11023624694154932,0.9296233810287616,0.769103777483841,718|245|445|739|384|5|538|872,0.92962338|0.92829342|0.98340168|0.80105344|0.91064049|0.89353458|0.61352301|0.97231235,0|-4.1291278|-4.2221351|-5.3186517|-5.4456375|-5.6015053|-5.9500791|-5.9916685
0_0_0_10_14_16,-22.0,46,3,4,12,107,83,107,107,107,107,1,1,7,0.7315840070647005,0.9021990205696793,0.2706597061709038,inf,-0.273265454016258,-0.028995570315833698,-0.0685785536159601,-0.0685785536159601,0.0,0.9021990205696793,0.11150242373464847,0.11023624694154932,0.8778617139932251,-2.5913062563140423,107|111|730|677|1|724|447|152,0.87786171|0.94290049|0.89373192|0.95782168|0.96340741|0.89403575|0.84009628|0.6964022,0|-5.3877937|-5.4522126|-5.6268425|-5.942252|-6.2646005|-6.4925633|-6.6587014
0_0_0_10_14_16,-22.0,46,3,5,13,468,950,468,468,468,468,1,1,7,0.7315840070647005,0.9021990205696793,0.2706597061709038,inf,-0.25375680252722055,-0.028995570315833698,-0.0685785536159601,-0.0685785536159601,0.0,0.9021990205696793,0.11150242373464847,0.11023624694154932,0.9678612360631397,0.044169377195479365,468|6|222|629|782|144|707|10,0.96786124|0.82346235|0.92411441|0.91692767|0.93090219|0.91862397|0.5785805|0.88429984,0|-3.5596219|-4.1650528|-4.671677|-4.8861287|-5.6740819|-5.7123089|-5.7297626
0_0_0_10_14_16,-22.0,46,3,6,14,89,337,89,89,89,89,1,1,7,0.7315840070647005,0.9021990205696793,0.2706597061709038,inf,-0.23424815103818308,-0.028995570315833698,-0.0685785536159601,-0.0685785536159601,0.0,0.9021990205696793,0.11150242373464847,0.11023624694154932,0.9779186002592143,0.15730192575202728,89|555|373|176|1006|837|770|805,0.9779186|0.73295451|0.82798362|0.80145611|0.98488537|0.73048805|0.94521317|0.70424519,0|-3.0496473|-3.9045778|-4.7935827|-4.9152459|-5.1123575|-5.1561641|-5.2395541
0_0_0_10_14_16,-22.0,46,3,7,15,713,336,713,713,713,713,1,1,7,0.7315840070647005,0.9021990205696793,0.2706597061709038,inf,-0.21473949954914562,-0.028995570315833698,-0.0685785536159601,-0.0685785536159601,0.0,0.9021990205696793,0.11150242373464847,0.11023624694154932,0.8665398807859738,1.1097258010641087,713|526|990|522|829|470|922|888,0.86653988|0.65192164|0.97988019|0.34919751|0.98507194|0.28127206|0.96161249|0.9309107,0|-5.0724494|-5.6298257|-5.6988379|-5.9188599|-5.9850013|-6.0547561|-6.37114
0_0_0_10_14_16,-22.0,46,3,8,16,865,886,865,865,865,865,1,1,7,0.7315840070647005,0.9021990205696793,0.2706597061709038,inf,-0.19523084806010815,-0.028995570315833698,-0.0685785536159601,-0.0685785536159601,0.0,0.9021990205696793,0.11150242373464847,0.11023624694154932,0.9839629302350974,-0.649793978954958,865|835|806|838|373|557|766|102,0.98396293|0.99904009|0.90268387|0.75715383|0.99623021|0.80282388|0.71241021|0.80917784,0|-3.1010699|-4.2622923|-4.409336|-4.5990918|-4.7973218|-5.1362055|-5.3689573
0_0_0_10_14_16,-22.0,46,3,9,17,492,962,492,492,492,492,1,1,7,0.7315840070647005,0.9021990205696793,0.2706597061709038,inf,-0.1757221965710707,-0.028995570315833698,-0.0685785536159601,-0.0685785536159601,0.0,0.9021990205696793,0.11150242373464847,0.11023624694154932,0.8406542686649503,0.3159031324003112,492|1016|503|18|624|396|22|477,0.84065427|0.96784049|0.4626101|0.97875409|0.12316146|0.36517042|0.90533158|0.73456778,0|-4.2385652|-4.6553454|-4.8192118|-4.8541938|-4.9662036|-4.9919281|-5.4559734
0_0_0_10_14_16,-22.0,46,3,10,18,765,765,765,765,765,765,1,1,7,0.7315840070647005,0.9021990205696793,0.2706597061709038,inf,-0.15621354508203322,-0.028995570315833698,-0.0685785536159601,-0.0685785536159601,0.0,0.9021990205696793,0.11150242373464847,0.11023624694154932,0.8140090870842556,0.6483420945274286,765|646|575|239|627|225|464|59,0.81400909|0.74596611|0.89880721|0.61981131|0.87548665|0.35637277|0.18702137|0.95420074,0|-4.2017974|-4.2736949|-4.4500389|-4.5050853|-4.5482902|-4.7775867|-5.1654689
0_0_0_10_14_16,-22.0,46,3,11,19,1023,539,1023,1023,1023,1023,1,1,7,0.7315840070647005,0.9021990205696793,0.2706597061709038,inf,-0.13670489359299576,-0.028995570315833698,-0.0685785536159601,-0.0685785536159601,0.0,0.9021990205696793,0.11150242373464847,0.11023624694154932,0.9697907118429112,-1.1072731682510144,1023|249|628|792|245|75|570|504,0.96979071|0.6835804|0.74022967|0.86837745|0.90579203|0.86834454|0.96355259|0.75666447,0|-4.9381722|-5.1346382|-5.2413838|-5.3200242|-5.7255373|-5.7776734|-6.1894662
0_0_0_10_14_16,-22.0,46,3,12,20,597,549,597,597,597,597,1,1,7,0.7315840070647005,0.9021990205696793,0.2706597061709038,inf,-0.11719624210395829,-0.028995570315833698,-0.0685785536159601,-0.0685785536159601,0.0,0.9021990205696793,0.11150242373464847,0.11023624694154932,0.9612175610094192,0.4054896242813469,597|519|128|732|552|575|949|549,0.96121756|0.16826618|0.97672422|0.26511279|0.72026147|0.91052074|0.99228506|0.75655122,0|-3.4869097|-3.6625956|-3.8360632|-4.1767574|-4.2290098|-4.2376524|-4.3659222
0_0_0_10_14_16,-22.0,46,3,13,21,562,909,562,562,562,562,1,1,7,0.7315840070647005,0.9021990205696793,0.2706597061709038,inf,-0.09768759061492083,-0.028995570315833698,-0.0685785536159601,-0.0685785536159601,0.0,0.9021990205696793,0.11150242373464847,0.11023624694154932,0.8273049674024082,0.8210801323569996,562|887|712|240|898|591|821|244,0.82730497|0.89494971|0.81400534|0.75459163|0.98394942|0.83499681|0.9032676|0.91369524,0|-3.963743|-4.7725349|-4.7826333|-5.3546158|-5.3733009|-5.7263964|-5.8117968
0_0_0_10_14_16,-22.0,46,3,14,22,478,478,478,478,478,478,1,1,7,0.7315840070647005,0.9021990205696793,0.2706597061709038,inf,-0.07817893912588336,-0.028995570315833698,-0.0685785536159601,-0.0685785536159601,0.0,0.9021990205696793,0.11150242373464847,0.11023624694154932,0.7764068286030019,0.4729906422714525,478|772|976|111|36|54|464|568,0.77640683|0.74169258|0.98795032|0.83229715|0.81929167|0.80500363|0.95444372|0.98008269,0|-1.5469202|-3.5960139|-3.6040619|-3.9052274|-3.9365587|-4.2413693|-4.4268712
0_0_0_10_14_16,-22.0,46,3,15,23,267,564,267,267,267,267,1,1,7,0.7315840070647005,0.9021990205696793,0.2706597061709038,inf,-0.0586702876368459,-0.028995570315833698,-0.0685785536159601,-0.0685785536159601,0.0,0.9021990205696793,0.11150242373464847,0.11023624694154932,0.9668022508803542,-0.3263787590222793,267|270|630|613|753|518|157|655,0.96680225|0.9128314|0.48778077|0.96457384|0.75259742|0.72541428|0.91139703|0.94918795,0|-5.1535999|-6.7854998|-7.1759509|-7.6593455|-7.6674944|-7.9603616|-7.9914758
0_0_0_10_14_16,-22.0,46,3,16,24,917,1023,917,917,917,917,1,1,7,0.7315840070647005,0.9021990205696793,0.2706597061709038,inf,-0.03916163614780843,-0.028995570315833698,-0.0685785536159601,-0.0685785536159601,0.0,0.9021990205696793,0.11150242373464847,0.11023624694154932,0.9199020547368043,-2.217215943967612,917|374|425|789|40|628|188|1022,0.91990205|0.90829482|0.92382446|0.8977328|0.56674287|0.37269074|0.72631118|0.9596644,0|-2.8622809|-4.1242003|-4.495196|-5.4785252|-5.5276287|-5.5611201|-5.657277
0_0_0_10_14_16,-22.0,46,3,17,25,656,114,656,656,656,656,1,1,7,0.7315840070647005,0.9021990205696793,0.2706597061709038,inf,-0.019652984658770967,-0.028995570315833698,-0.0685785536159601,-0.0685785536159601,0.0,0.9021990205696793,0.11150242373464847,0.11023624694154932,0.5706698792204168,1.9978665766081822,656|821|716|181|29|396|896|75,0.57066988|0.85913065|0.84748749|0.81327177|0.91063588|0.96860423|0.97633137|0.53322711,0|-2.1497877|-2.3850276|-2.8952996|-3.574219|-3.5946778|-4.3411909|-4.5275055
0_0_0_10_14_16,-22.0,46,3,18,26,889,889,889,889,889,889,1,1,7,0.7315840070647005,0.9021990205696793,0.2706597061709038,inf,-0.00014433316973350152,-0.028995570315833698,-0.0685785536159601,-0.0685785536159601,0.0,0.9021990205696793,0.11150242373464847,0.11023624694154932,0.9919358067249291,0.29928671727300427,889|945|420|655|15|627|271|0,0.99193581|0.65546216|0.53101894|0.99968808|0.60639891|0.53916439|0.73431544|0.86855799,0|-7.0487566|-7.2060102|-7.2637674|-7.4418599|-7.4543237|-7.4639112|-7.7591971
0_0_0_10_14_16,-22.0,46,3,19,27,510,452,510,510,510,510,1,1,7,0.7315840070647005,0.9021990205696793,0.2706597061709038,inf,0.019364318319303964,-0.028995570315833698,-0.0685785536159601,-0.0685785536159601,0.0,0.9021990205696793,0.11150242373464847,0.11023624694154932,0.9903808158699339,0.056629888928293785,510|940|347|859|589|664|844|65,0.99038082|0.9314752|0.9481204|0.75282987|0.56900735|0.8735701|0.97362627|0.79066602,0|-3.6243409|-5.2774932|-5.6618435|-5.717823|-5.7873523|-5.9537978|-6.4188986
0_0_0_10_14_16,-22.0,46,3,20,28,860,578,860,860,860,860,1,1,7,0.7315840070647005,0.9021990205696793,0.2706597061709038,inf,0.03887296980834143,-0.028995570315833698,-0.0685785536159601,-0.0685785536159601,0.0,0.9021990205696793,0.11150242373464847,0.11023624694154932,0.9461853231532756,-1.6561768935624759,860|822|153|923|632|461|345|86,0.94618532|0.89348861|0.6992363|0.64544779|0.77518019|0.93034608|0.46613343|0.94066667,0|-6.7457215|-7.0421199|-7.0605324|-7.1904675|-7.3948286|-7.4352926|-7.4889638
0_0_0_10_14_16,-22.0,46,3,21,29,553,547,553,553,553,553,1,1,7,0.7315840070647005,0.9021990205696793,0.2706597061709038,inf,0.058381621297378894,-0.028995570315833698,-0.0685785536159601,-0.0685785536159601,0.0,0.9021990205696793,0.11150242373464847,0.11023624694154932,0.8584123968308494,0.4451106393280903,553|710|547|936|396|970|690|572,0.8584124|0.95490702|0.84586618|0.79539903|0.87356833|0.96910732|0.88516409|0.79586761,0|-3.9019247|-4.2353497|-5.3894398|-5.5306433|-5.5720719|-5.6539175|-5.8248155
0_0_0_10_14_16,-22.0,46,3,22,30,629,629,629,629,629,629,1,1,7,0.7315840070647005,0.9021990205696793,0.2706597061709038,inf,0.07789027278641636,-0.028995570315833698,-0.0685785536159601,-0.0685785536159601,0.0,0.9021990205696793,0.11150242373464847,0.11023624694154932,0.9769251860243008,0.15690050114142476,629|495|635|807|173|92|573|442,0.97692519|0.70141673|0.98386273|0.83621432|0.69194488|0.74735667|0.18162081|0.80497063,0|-5.5255345|-6.6084492|-6.8065912|-7.1598722|-7.3190656|-7.6976865|-8.0458422
0_0_0_10_14_16,-22.0,46,3,23,31,759,759,759,759,759,759,1,1,7,0.7315840070647005,0.9021990205696793,0.2706597061709038,inf,0.09739892427545382,-0.028995570315833698,-0.0685785536159601,-0.0685785536159601,0.0,0.9021990205696793,0.11150242373464847,0.11023624694154932,0.973704652906097,0.45893093214381253,759|934|147|454|778|384|600|42,0.97370465|0.61235252|0.86199143|0.88493358|0.63907127|0.85929648|0.76910251|0.75640195,0|-7.6205994|-7.9859083|-8.5154416|-8.9279719|-9.0671075|-9.2171044|-9.3429277
0_0_0_10_14_16,-22.0,46,3,24,32,874,874,874,874,874,874,1,1,7,0.7315840070647005,0.9021990205696793,0.2706597061709038,inf,0.11690757576449129,-0.028995570315833698,-0.0685785536159601,-0.0685785536159601,0.0,0.9021990205696793,0.11150242373464847,0.11023624694154932,0.856741776596628,-0.4027771111095725,874|608|684|212|71|813|427|693,0.85674178|0.97455677|0.70995974|0.95566137|0.58742732|0.72801139|0.41484575|0.76174869,0|-3.6795296|-5.7900462|-5.8409488|-5.9060549|-5.9845904|-6.4552725|-6.7168546
0_0_0_10_14_16,-22.0,46,3,25,33,720,720,720,720,720,720,1,1,7,0.7315840070647005,0.9021990205696793,0.2706597061709038,inf,0.13641622725352875,-0.028995570315833698,-0.0685785536159601,-0.0685785536159601,0.0,0.9021990205696793,0.11150242373464847,0.11023624694154932,0.7785131464312537,-0.8422576815424048,720|980|693|662|231|62|718|501,0.77851315|0.84437695|0.49099758|0.96752964|0.39813944|0.84582003|0.22170277|0.65042011,0|-3.6999224|-4.4507381|-4.4591448|-4.5075848|-4.9664071|-5.1082269|-5.1517596
0_0_0_10_14_16,-22.0,46,3,26,34,314,211,314,314,314,314,1,1,7,0.7315840070647005,0.9021990205696793,0.2706597061709038,inf,0.15592487874256622,-0.028995570315833698,-0.0685785536159601,-0.0685785536159601,0.0,0.9021990205696793,0.11150242373464847,0.11023624694154932,0.9068936884115218,0.741213831475293,314|511|675|700|301|997|116|107,0.90689369|0.41768071|0.8181928|0.76025912|0.90933844|0.90185302|0.9805309|0.97501877,0|-3.9175185|-4.2679361|-4.8373053|-5.1536435|-5.1759563|-5.2968753|-5.302667
0_0_0_10_14_16,-22.0,46,3,27,35,602,551,602,602,602,602,1,1,7,0.7315840070647005,0.9021990205696793,0.2706597061709038,inf,0.17543353023160368,-0.028995570315833698,-0.0685785536159601,-0.0685785536159601,0.0,0.9021990205696793,0.11150242373464847,0.11023624694154932,0.9813095015719268,0.13895731130873934,602|904|189|24|159|354|694|901,0.9813095|0.99272076|0.69882911|0.88412248|0.83089714|0.68018967|0.8941202|0.68675696,0|-1.7682176|-3.5086999|-4.3155547|-4.7056253|-4.9864541|-5.1444775|-5.2182072
0_0_0_10_14_16,-22.0,46,3,28,36,7,7,7,7,7,7,1,1,7,0.7315840070647005,0.9021990205696793,0.2706597061709038,inf,0.19494218172064126,-0.028995570315833698,-0.0685785536159601,-0.0685785536159601,0.0,0.9021990205696793,0.11150242373464847,0.11023624694154932,0.993497399466838,1.2355454593389166,7|703|314|26|691|827|48|969,0.9934974|0.84117243|0.84302361|0.9103058|0.67725146|0.4451476|0.85200798|0.95663139,0|-4.8677851|-4.946496|-4.9512473|-5.6227766|-5.6717673|-5.9362809|-6.0163187
0_0_0_10_14_16,-22.0,46,3,29,37,610,679,610,610,610,610,1,1,7,0.7315840070647005,0.9021990205696793,0.2706597061709038,inf,0.21445083320967873,-0.028995570315833698,-0.0685785536159601,-0.0685785536159601,0.0,0.9021990205696793,0.11150242373464847,0.11023624694154932,0.6960111607031039,-0.8284385194966097,610|221|892|358|411|939|1012|103,0.69601116|0.98576221|0.83641567|0.82125095|0.97608394|0.76555672|0.98709631|0.71992614,0|-0.069929804|-0.08613109|-0.42833657|-0.64445713|-1.2334906|-1.4546585|-1.6814897
0_0_0_10_14_16,-22.0,46,3,30,38,778,938,778,778,778,778,1,1,7,0.7315840070647005,0.9021990205696793,0.2706597061709038,inf,0.2339594846987162,-0.028995570315833698,-0.0685785536159601,-0.0685785536159601,0.0,0.9021990205696793,0.11150242373464847,0.11023624694154932,0.9879456522444238,-0.16244766181296982,778|261|1006|608|915|429|847|884,0.98794565|0.66897356|0.92759853|0.80985364|0.95140758|0.45993695|0.92807873|0.83235356,0|-3.4680521|-4.2295304|-4.2489499|-4.7446873|-4.8126643|-4.8390834|-4.9853037
0_0_0_10_14_16,-22.0,46,3,31,39,897,897,897,897,897,897,1,1,7,0.7315840070647005,0.9021990205696793,0.2706597061709038,inf,0.25346813618775366,-0.028995570315833698,-0.0685785536159601,-0.0685785536159601,0.0,0.9021990205696793,0.11150242373464847,0.11023624694154932,0.9377830573300135,0.07319082134240434,897|893|484|296|769|70|351|32,0.93778306|0.77846126|0.55737991|0.88417607|0.89844355|0.7209271|0.97628668|0.73226556,0|-6.1636068|-6.1771454|-6.5439299|-6.9711503|-6.9718634|-7.3321756|-7.395935
0_0_0_10_14_16,-22.0,46,3,32,40,740,740,740,740,740,740,1,1,7,0.7315840070647005,0.9021990205696793,0.2706597061709038,inf,0.272976787676791,-0.028995570315833698,-0.0685785536159601,-0.0685785536159601,0.0,0.9021990205696793,0.11150242373464847,0.11023624694154932,0.9616520879662589,-0.30807535661199453,740|460|239|997|563|842|606|992,0.96165209|0.6194428|0.77334423|0.72007932|0.53586747|0.64898371|0.91433716|0.89109785,0|-4.3814227|-4.4354441|-4.9389035|-4.9949976|-5.4211939|-5.5457058|-5.5691136
0_0_0_10_14_16,-22.0,46,3,33,41,590,748,590,590,590,590,1,1,7,0.7315840070647005,0.9021990205696793,0.2706597061709038,inf,0.2924854391658285,-0.028995570315833698,-0.0685785536159601,-0.0685785536159601,0.0,0.9021990205696793,0.11150242373464847,0.11023624694154932,0.8544187404852697,0.0738896678179305,590|476|933|952|688|578|173|335,0.85441874|0.9965683|0.91963917|0.99815403|0.87580758|0.94966952|0.8727582|0.79992249,0|-4.0614502|-4.6169631|-5.0127844|-5.2250992|-5.3292777|-5.8306398|-5.8526621
0_0_0_10_14_16,-22.0,46,3,34,42,930,459,930,930,930,930,1,1,7,0.7315840070647005,0.9021990205696793,0.2706597061709038,inf,0.31199409065486594,-0.028995570315833698,-0.0685785536159601,-0.0685785536159601,0.0,0.9021990205696793,0.11150242373464847,0.11023624694154932,0.8144408627847769,-2.0780334317819302,930|1020|459|81|6|381|988|301,0.81444086|0.96816703|0.94777544|0.90569597|0.92695784|0.69880299|0.87523584|0.51598382,0|-0.5775003|-1.3364248|-1.9047678|-2.2485729|-2.3341835|-2.4551099|-2.5099843
0_0_0_10_14_16,-23.0,46,1,0,8,222,360,222,222,222,222,1,1,8,0.5481388588123726,0.9331489611441501,0.27994468834324504,0.12,0.31035387745865806,-0.11257924601096454,0.05361596009975056,0.05361596009975056,0.0,0.9331489611441501,0.19513393847796734,0.118983264700875,0.9589082042870385,-0.5042572844539753,222|364|342|27|568|22|496|384,0.9589082|0.91235274|0.66553296|0.90319578|0.59269141|0.85945682|0.57601246|0.61226555,0|-3.0962199|-3.3490204|-3.4579466|-3.7839669|-4.2545838|-4.5558776|-4.5754492
0_0_0_10_14_16,-23.0,46,1,1,9,826,826,826,826,826,826,1,1,8,0.5481388588123726,0.9331489611441501,0.27994468834324504,0.12,0.3300243897228646,-0.11257924601096454,0.05361596009975056,0.05361596009975056,0.0,0.9331489611441501,0.19513393847796734,0.118983264700875,0.9086020231542471,1.4577006577039617,826|113|652|600|30|634|854|711,0.90860202|0.83634345|0.820273|0.7457383|0.99949607|0.97490094|0.91634954|0.9412314,0|-3.0909173|-4.8098282|-4.935858|-5.229489|-5.235376|-5.2699012|-5.4677545
0_0_0_10_14_16,-23.0,46,1,2,10,922,314,922,922,922,922,1,1,8,0.5481388588123726,0.9331489611441501,0.27994468834324504,0.12,0.34969490198707115,-0.11257924601096454,0.05361596009975056,0.05361596009975056,0.0,0.9331489611441501,0.19513393847796734,0.118983264700875,0.9707471470731891,0.3986508067341503,922|855|365|130|974|445|485|25,0.97074715|0.67695046|0.93591434|0.89266927|0.84743773|0.89053581|0.8468164|0.89078032,0|-3.1102348|-4.1416069|-4.1619835|-4.3459996|-4.5090469|-4.7847818|-4.8252437
0_0_0_10_14_16,-23.0,46,1,3,11,718,130,718,718,718,718,1,1,8,0.5481388588123726,0.9331489611441501,0.27994468834324504,0.12,0.36936541425127767,-0.11257924601096454,0.05361596009975056,0.05361596009975056,0.0,0.9331489611441501,0.19513393847796734,0.118983264700875,0.9236968594567185,-0.5012155246008565,718|280|79|760|374|474|330|963,0.92369686|0.85111281|0.83414084|0.71300775|0.53937754|0.97872849|0.94224059|0.92470839,0|-2.9630681|-3.8848247|-4.141582|-4.1470375|-4.6154788|-4.6247644|-4.8372457
0_0_0_10_14_16,-23.0,46,1,4,12,107,864,107,107,107,107,1,1,8,0.5481388588123726,0.9331489611441501,0.27994468834324504,0.12,0.38903592651548424,-0.11257924601096454,0.05361596009975056,0.05361596009975056,0.0,0.9331489611441501,0.19513393847796734,0.118983264700875,0.9420641597141889,-0.5365641713470521,107|958|686|356|1013|303|967|110,0.94206416|0.72835154|0.18042468|0.31119865|0.90127606|0.85385046|0.91422222|0.56938705,0|-6.1014128|-6.3244158|-6.4440791|-6.5402177|-6.7007561|-6.8811606|-7.0626512
0_0_0_10_14_16,-23.0,46,1,5,13,468,460,468,468,468,468,1,1,8,0.5481388588123726,0.9331489611441501,0.27994468834324504,0.12,0.40870643877969076,-0.11257924601096454,0.05361596009975056,0.05361596009975056,0.0,0.9331489611441501,0.19513393847796734,0.118983264700875,0.9595805340831836,-0.3382829501399394,468|862|976|589|34|854|503|939,0.95958053|0.87339233|0.97633285|0.91663682|0.72430367|0.90207522|0.29076369|0.79299206,0|-2.6417421|-3.3694941|-3.4366879|-3.5360924|-3.6521374|-3.6691635|-3.8272562
0_0_0_10_14_16,-23.0,46,1,6,14,89,53,89,89,89,89,1,1,8,0.5481388588123726,0.9331489611441501,0.27994468834324504,0.12,0.42837695104389734,-0.11257924601096454,0.05361596009975056,0.05361596009975056,0.0,0.9331489611441501,0.19513393847796734,0.118983264700875,0.9200305535171274,-1.5795870839154516,89|911|467|441|275|388|212|690,0.92003055|0.90965441|0.42569282|0.93814181|0.98425888|0.8201814|0.90326743|0.79786878,0|-2.3414472|-2.5281645|-2.6936007|-2.7058598|-3.4746015|-3.924358|-3.9813311
0_0_0_10_14_16,-23.0,46,1,7,15,713,498,713,713,713,713,1,1,8,0.5481388588123726,0.9331489611441501,0.27994468834324504,0.12,0.4480474633081039,-0.11257924601096454,0.05361596009975056,0.05361596009975056,0.0,0.9331489611441501,0.19513393847796734,0.118983264700875,0.533949340365856,-1.5066124341984861,713|360|668|744|896|1023|755|960,0.53394934|0.91803067|0.82794959|0.71369458|0.66345516|0.93760353|0.96731254|0.87213234,0|-3.7324988|-3.9374317|-4.0339634|-4.8233144|-4.9757616|-5.1148744|-5.191226
0_0_0_10_14_16,-23.0,46,1,8,16,865,466,865,865,865,865,1,1,8,0.5481388588123726,0.9331489611441501,0.27994468834324504,0.12,0.4677179755723105,-0.11257924601096454,0.05361596009975056,0.05361596009975056,0.0,0.9331489611441501,0.19513393847796734,0.118983264700875,0.9936918804987589,-0.29175840790695856,865|667|992|190|792|775|325|659,0.99369188|0.90078394|0.94826619|0.97829271|0.97404814|0.89241421|0.51245735|0.87649245,0|-3.2915762|-3.8740799|-3.9793643|-4.061435|-4.0956421|-4.5956231|-4.8680575
0_0_0_10_14_16,-23.0,46,1,9,17,492,492,492,492,492,492,1,1,8,0.5481388588123726,0.9331489611441501,0.27994468834324504,0.12,0.48738848783651695,-0.11257924601096454,0.05361596009975056,0.05361596009975056,0.0,0.9331489611441501,0.19513393847796734,0.118983264700875,0.9492993415453925,-0.4358521297555777,492|837|14|596|486|428|870|694,0.94929934|0.73893478|0.95247841|0.99009606|0.34852619|0.72239374|0.98901988|0.76490281,0|-5.1839441|-5.3115642|-6.5208327|-6.744831|-6.9738723|-6.9798005|-7.000304
0_0_0_10_14_16,-23.0,46,1,10,18,765,439,765,765,765,765,1,1,8,0.5481388588123726,0.9331489611441501,0.27994468834324504,0.12,0.5070590001007236,-0.11257924601096454,0.05361596009975056,0.05361596009975056,0.0,0.9331489611441501,0.19513393847796734,0.118983264700875,0.8584155630619437,-1.1778334350352913,765|453|48|532|578|639|192|814,0.85841556|0.92927398|0.78645518|0.69213734|0.79750771|0.99740436|0.89937323|0.97053303,0|-3.1643881|-4.3670161|-5.2863525|-5.48123|-5.6272284|-5.6416645|-5.7895608
0_0_0_10_14_16,-23.0,46,1,11,19,1023,946,1023,1023,1023,1023,1,1,8,0.5481388588123726,0.9331489611441501,0.27994468834324504,0.12,0.5267295123649302,-0.11257924601096454,0.05361596009975056,0.05361596009975056,0.0,0.9331489611441501,0.19513393847796734,0.118983264700875,0.9808409691809318,1.7004462145147972,1023|479|179|189|739|850|126|373,0.98084097|0.67645704|0.59554313|0.981349|0.85032993|0.49555033|0.96596198|0.24581151,0|-0.37627716|-0.41591379|-1.8264572|-2.2403939|-2.2429104|-2.300723|-2.4872569
0_0_0_10_14_16,-23.0,46,1,12,20,597,281,597,597,597,597,1,1,8,0.5481388588123726,0.9331489611441501,0.27994468834324504,0.12,0.5464000246291367,-0.11257924601096454,0.05361596009975056,0.05361596009975056,0.0,0.9331489611441501,0.19513393847796734,0.118983264700875,0.8297482400608137,-0.324423348133324,597|946|569|988|384|660|248|449,0.82974824|0.87533456|0.52722771|0.9680038|0.76559996|0.94867307|0.96931256|0.73385429,0|-2.3515996|-2.6626332|-3.0767891|-3.0928074|-3.1909013|-3.6560791|-3.6710241
0_0_0_10_14_16,-23.0,46,1,13,21,562,672,562,562,562,562,1,1,8,0.5481388588123726,0.9331489611441501,0.27994468834324504,0.12,0.5660705368933432,-0.11257924601096454,0.05361596009975056,0.05361596009975056,0.0,0.9331489611441501,0.19513393847796734,0.118983264700875,0.941910409721721,0.42314375140715393,562|10|52|567|455|551|151|629,0.94191041|0.81436393|0.95172518|0.79056286|0.63278594|0.66150666|0.73595174|0.69448645,0|-4.2871476|-4.64246|-5.1147539|-5.3078089|-5.4538375|-5.4812907|-5.6231189
0_0_0_10_14_16,-23.0,46,1,14,22,478,289,478,478,478,478,1,1,8,0.5481388588123726,0.9331489611441501,0.27994468834324504,0.12,0.5857410491575498,-0.11257924601096454,0.05361596009975056,0.05361596009975056,0.0,0.9331489611441501,0.19513393847796734,0.118983264700875,0.7578880761048178,-0.9655543784841907,478|407|684|781|76|527|491|947,0.75788808|0.73107637|0.79201115|0.86951608|0.85759954|0.54494294|0.1136466|0.99404349,0|-3.242708|-4.2338642|-4.3052206|-4.3114472|-4.4145954|-4.7400009|-4.7793811
0_0_0_10_14_16,-23.0,46,1,15,23,267,611,267,267,267,267,1,1,8,0.5481388588123726,0.9331489611441501,0.27994468834324504,0.12,0.6054115614217563,-0.11257924601096454,0.05361596009975056,0.05361596009975056,0.0,0.9331489611441501,0.19513393847796734,0.118983264700875,0.9945844186487708,-0.19268248947557387,267|877|415|576|204|392|773|53,0.99458442|0.75887702|0.62548122|0.88831842|0.92870503|0.99039181|0.87884875|0.56219364,0|-4.5713167|-4.8925554|-4.9644798|-5.217425|-5.2795833|-5.3143691|-5.475142
0_0_0_10_14_16,-23.0,46,1,16,24,917,817,917,917,917,917,1,1,8,0.5481388588123726,0.9331489611441501,0.27994468834324504,0.12,0.6250820736859629,-0.11257924601096454,0.05361596009975056,0.05361596009975056,0.0,0.9331489611441501,0.19513393847796734,0.118983264700875,0.9064059857704494,-1.176612870360626,917|864|158|201|62|851|282|525,0.90640599|0.96673149|0.98442745|0.73386552|0.96557452|0.98955555|0.86127238|0.92892599,0|-1.9022612|-2.9103903|-3.5042605|-3.5791209|-4.1173575|-4.4287939|-4.5996677
0_0_0_10_14_16,-23.0,46,1,17,25,656,656,656,656,656,656,1,1,8,0.5481388588123726,0.9331489611441501,0.27994468834324504,0.12,0.6447525859501695,-0.11257924601096454,0.05361596009975056,0.05361596009975056,0.0,0.9331489611441501,0.19513393847796734,0.118983264700875,0.9957315094653036,0.06530546793625325,656|985|434|466|931|934|887|628,0.99573151|0.95731448|0.81175742|0.6873255|0.90572273|0.81893412|0.67023468|0.83013522,0|-5.7620328|-6.519025|-6.6446728|-6.6849528|-7.3971291|-7.4579518|-7.7147126
0_0_0_10_14_16,-23.0,46,1,18,26,889,974,889,889,889,889,1,1,8,0.5481388588123726,0.9331489611441501,0.27994468834324504,0.12,0.664423098214376,-0.11257924601096454,0.05361596009975056,0.05361596009975056,0.0,0.9331489611441501,0.19513393847796734,0.118983264700875,0.8286167539183034,1.6668154186678419,889|71|699|346|853|682|715|215,0.82861675|0.98758643|0.60369697|0.79306799|0.81117621|0.91917171|0.62274369|0.73334229,0|-4.6245318|-5.2597815|-5.354218|-5.5583792|-5.6724144|-5.860886|-5.9121538
0_0_0_10_14_16,-23.0,46,1,19,27,510,240,510,510,510,510,1,1,8,0.5481388588123726,0.9331489611441501,0.27994468834324504,0.12,0.6840936104785825,-0.11257924601096454,0.05361596009975056,0.05361596009975056,0.0,0.9331489611441501,0.19513393847796734,0.118983264700875,0.6879674380135012,1.0197429900896346,510|595|206|1007|28|669|202|795,0.68796744|0.80062093|0.88949709|0.80674962|0.94910248|0.91968569|0.96895886|0.74764915,0|-2.2952397|-3.0566895|-3.8279239|-4.1508032|-4.1821523|-4.2929706|-4.3612697
0_0_0_10_14_16,-23.0,46,1,20,28,860,549,860,860,860,860,1,1,8,0.5481388588123726,0.9331489611441501,0.27994468834324504,0.12,0.7037641227427891,-0.11257924601096454,0.05361596009975056,0.05361596009975056,0.0,0.9331489611441501,0.19513393847796734,0.118983264700875,0.9768484630153867,0.8705177861348284,860|671|78|549|639|583|517|644,0.97684846|0.87239793|0.94997558|0.98701406|0.612217|0.83784407|0.76824609|0.20370706,0|-5.0516474|-5.0978169|-5.1281812|-5.8271837|-5.9460101|-6.0502979|-6.0899322
0_0_0_10_14_16,-23.0,46,1,21,29,553,63,553,553,553,553,1,1,8,0.5481388588123726,0.9331489611441501,0.27994468834324504,0.12,0.7234346350069957,-0.11257924601096454,0.05361596009975056,0.05361596009975056,0.0,0.9331489611441501,0.19513393847796734,0.118983264700875,0.6672613380283681,-1.0526445942033282,553|1003|291|1014|869|944|854|934,0.66726134|0.91402981|0.6091839|0.97293724|0.97680044|0.93877011|0.82868335|0.76925817,0|-1.0640217|-1.0926599|-1.18756|-1.4610254|-1.7927383|-1.887648|-1.9230067
0_0_0_10_14_16,-23.0,46,1,22,30,629,520,629,629,629,629,1,1,8,0.5481388588123726,0.9331489611441501,0.27994468834324504,0.12,0.7431051472712022,-0.11257924601096454,0.05361596009975056,0.05361596009975056,0.0,0.9331489611441501,0.19513393847796734,0.118983264700875,0.9881617467839703,-0.1842937009546956,629|287|142|867|557|188|318|247,0.98816175|0.5359074|0.98060387|0.89327959|0.61092142|0.92399657|0.90152898|0.96602268,0|-5.2930468|-5.8033434|-6.0908405|-6.5556209|-6.7253489|-7.111019|-7.1237724
0_0_0_10_14_16,-23.0,46,1,23,31,759,759,759,759,759,759,1,1,8,0.5481388588123726,0.9331489611441501,0.27994468834324504,0.12,0.7627756595354087,-0.11257924601096454,0.05361596009975056,0.05361596009975056,0.0,0.9331489611441501,0.19513393847796734,0.118983264700875,0.9929817876047802,-0.14948104203435744,759|449|58|1023|312|130|223|358,0.99298179|0.89959934|0.87765567|0.97183611|0.60620599|0.66205107|0.91161733|0.93037128,0|-6.8506116|-7.2511233|-7.4761075|-7.6239427|-7.8385205|-7.8929286|-7.8931845
0_0_0_10_14_16,-23.0,46,1,24,32,874,874,874,874,874,874,1,1,8,0.5481388588123726,0.9331489611441501,0.27994468834324504,0.12,0.7824461717996153,-0.11257924601096454,0.05361596009975056,0.05361596009975056,0.0,0.9331489611441501,0.19513393847796734,0.118983264700875,0.9979851009960664,-0.26678501712726554,874|531|326|613|460|822|755|816,0.9979851|0.86464492|0.98748939|0.99988556|0.96491169|0.9703971|0.5666488|0.97646469,0|-4.3430205|-4.4353581|-4.572316|-5.2952796|-5.6125243|-5.9458236|-6.144385
0_0_0_10_14_16,-23.0,46,1,25,33,720,588,720,720,720,720,1,1,8,0.5481388588123726,0.9331489611441501,0.27994468834324504,0.12,0.8021166840638219,-0.11257924601096454,0.05361596009975056,0.05361596009975056,0.0,0.9331489611441501,0.19513393847796734,0.118983264700875,0.946018137323737,0.03239290822280544,720|362|444|841|672|555|368|14,0.94601814|0.94193893|0.98797707|0.84347983|0.91324735|0.72899214|0.73976628|0.80060297,0|-3.1590166|-4.0122544|-4.3357195|-4.4195719|-4.4539562|-4.576286|-5.0162852
0_0_0_10_14_16,-23.0,46,1,26,34,314,419,314,314,314,314,1,1,8,0.5481388588123726,0.9331489611441501,0.27994468834324504,0.12,0.8217871963280284,-0.11257924601096454,0.05361596009975056,0.05361596009975056,0.0,0.9331489611441501,0.19513393847796734,0.118983264700875,0.9244155261346151,-0.45034020945158204,314|256|886|43|400|881|394|71,0.92441553|0.91771791|0.99827539|0.84407694|0.94454246|0.9387811|0.8001756|0.69788433,0|-2.4628067|-2.7345243|-3.2292966|-3.2348598|-3.4094372|-3.5704281|-3.6116651
0_0_0_10_14_16,-23.0,46,1,27,35,602,329,602,602,602,602,1,1,8,0.5481388588123726,0.9331489611441501,0.27994468834324504,0.12,0.8414577085922349,-0.11257924601096454,0.05361596009975056,0.05361596009975056,0.0,0.9331489611441501,0.19513393847796734,0.118983264700875,0.819201326523726,-0.1649327204653252,602|50|495|695|823|181|231|586,0.81920133|0.94635178|0.6034113|0.85043066|0.6027373|0.95605018|0.79783158|0.93149334,0|-3.3130329|-3.7546565|-4.4460074|-4.5200264|-4.6938378|-4.7190045|-5.0696708
0_0_0_10_14_16,-23.0,46,1,28,36,7,749,7,7,7,7,1,1,8,0.5481388588123726,0.9331489611441501,0.27994468834324504,0.12,0.8611282208564415,-0.11257924601096454,0.05361596009975056,0.05361596009975056,0.0,0.9331489611441501,0.19513393847796734,0.118983264700875,0.9333683383537527,1.5612898385446852,7|416|631|930|525|294|681|635,0.93336834|0.99215558|0.84675403|0.90937162|0.89534241|0.61770379|0.97133752|0.60751175,0|-4.2786951|-4.3105223|-4.4402074|-5.4460024|-5.4501698|-5.5895411|-5.691442
0_0_0_10_14_16,-23.0,46,1,29,37,610,564,610,610,610,610,1,1,8,0.5481388588123726,0.9331489611441501,0.27994468834324504,0.12,0.880798733120648,-0.11257924601096454,0.05361596009975056,0.05361596009975056,0.0,0.9331489611441501,0.19513393847796734,0.118983264700875,0.813885713174344,0.3799584857391607,610|428|533|808|370|564|379|868,0.81388571|0.83055461|0.59054358|0.37511258|0.94950932|0.92257904|0.69337371|0.79270999,0|-2.6406004|-3.413532|-3.7654271|-3.9301559|-3.9947389|-4.0033622|-4.0775471
0_0_0_10_14_16,-23.0,46,1,30,38,807,260,807,807,807,807,1,1,8,0.5481388588123726,0.9331489611441501,0.27994468834324504,0.12,0.9004692453848546,-0.11257924601096454,0.05361596009975056,0.05361596009975056,0.0,0.9331489611441501,0.19513393847796734,0.118983264700875,0.996952952522816,0.21385627406244115,807|132|820|389|697|563|827|732,0.99695295|0.95922368|0.89944615|0.93017716|0.65236382|0.62084007|0.99162625|0.73051923,0|-3.093693|-4.1018001|-4.6934056|-4.9794004|-5.1053488|-5.4883977|-5.6245991
0_0_0_10_14_16,-23.0,46,1,31,39,897,674,897,897,897,897,1,1,8,0.5481388588123726,0.9331489611441501,0.27994468834324504,0.12,0.9201397576490612,-0.11257924601096454,0.05361596009975056,0.05361596009975056,0.0,0.9331489611441501,0.19513393847796734,0.118983264700875,0.94754513793271,-1.1971220472651072,897|37|74|45|199|107|224|391,0.94754514|0.96042769|0.79170513|0.66135486|0.9404776|0.96022605|0.72093415|0.85001198,0|-2.8916938|-4.3146847|-4.4850448|-4.6651059|-4.6792984|-4.7214254|-5.0542488
0_0_0_10_14_16,-23.0,46,1,32,40,749,749,749,749,749,749,1,1,8,0.5481388588123726,0.9331489611441501,0.27994468834324504,0.12,0.9398102699132677,-0.11257924601096454,0.05361596009975056,0.05361596009975056,0.0,0.9331489611441501,0.19513393847796734,0.118983264700875,0.9698757161358076,-0.533282192805634,749|941|722|493|926|51|346|476,0.96987572|0.94066061|0.4630627|0.7150645|0.54051587|0.70002466|0.85350435|0.85398494,0|-4.8037936|-5.0430231|-5.146767|-5.3292635|-5.5202638|-6.3192522|-6.5746907
0_0_0_10_14_16,-23.0,46,1,33,41,584,35,584,584,584,584,1,1,8,0.5481388588123726,0.9331489611441501,0.27994468834324504,0.12,0.9594807821774743,-0.11257924601096454,0.05361596009975056,0.05361596009975056,0.0,0.9331489611441501,0.19513393847796734,0.118983264700875,0.7700476162568995,-1.0266086499360874,584|358|866|340|512|912|122|935,0.77004762|0.76462629|0.93813312|0.80604614|0.84893501|0.83468244|0.80108514|0.9827746,0|-4.0501764|-4.6771959|-4.9434097|-5.0842704|-5.5051956|-5.5903159|-6.0386531
0_0_0_10_14_16,-23.0,46,1,34,42,934,635,934,934,934,934,1,1,8,0.5481388588123726,0.9331489611441501,0.27994468834324504,0.12,0.9791512944416808,-0.11257924601096454,0.05361596009975056,0.05361596009975056,0.0,0.9331489611441501,0.19513393847796734,0.118983264700875,0.9626001963383689,2.749392628715439,934|86|440|167|449|733|109|578,0.9626002|0.77402636|0.83961904|0.65690452|0.89162994|0.91261853|0.86472377|0.96505435,0|-3.9904581|-4.8699816|-5.6745784|-6.1235032|-6.1376763|-6.2379373|-6.2621412
0_0_0_10_14_16,-23.0,46,2,0,8,803,803,803,803,803,803,1,1,8,0.5552531084322366,0.9322776576630546,0.2796832972989164,0.12,-0.21930231325678728,0.029188573409093966,-0.04862842892768082,-0.04862842892768082,0.0,0.9322776576630546,0.14569159039828594,0.15944201370890485,0.9883421874585863,-0.3452634644695481,803|651|464|766|1017|323|746|369,0.98834219|0.99485767|0.64552655|0.85541625|0.79645925|0.73790991|0.94045519|0.79069386,0|-3.4640236|-4.0479407|-4.247029|-4.826329|-4.837199|-5.0050096|-5.0237388
0_0_0_10_14_16,-23.0,46,2,1,9,826,826,826,826,826,826,1,1,8,0.5552531084322366,0.9322776576630546,0.2796832972989164,0.12,-0.19975330949459347,0.029188573409093966,-0.04862842892768082,-0.04862842892768082,0.0,0.9322776576630546,0.14569159039828594,0.15944201370890485,0.8342040632052972,1.1696278692148092,826|577|65|501|230|130|231|26,0.83420406|0.39374849|0.96045434|0.84042545|0.7372593|0.99783725|0.96277727|0.90091912,0|-3.6201961|-3.909472|-4.0876164|-4.961767|-5.0707562|-5.1025323|-5.3439303
0_0_0_10_14_16,-23.0,46,2,2,10,922,204,922,922,922,922,1,1,8,0.5552531084322366,0.9322776576630546,0.2796832972989164,0.12,-0.18020430573239965,0.029188573409093966,-0.04862842892768082,-0.04862842892768082,0.0,0.9322776576630546,0.14569159039828594,0.15944201370890485,0.8809217805566064,1.2303642320554011,922|124|434|1000|369|384|605|878,0.88092178|0.98813775|0.84175743|0.85839939|0.90113052|0.98505959|0.96189168|0.99802606,0|-0.65911064|-1.3858883|-1.8214638|-1.9331771|-2.0302394|-2.1136535|-2.1929161
0_0_0_10_14_16,-23.0,46,2,3,11,718,193,718,718,718,718,1,1,8,0.5552531084322366,0.9322776576630546,0.2796832972989164,0.12,-0.16065530197020583,0.029188573409093966,-0.04862842892768082,-0.04862842892768082,0.0,0.9322776576630546,0.14569159039828594,0.15944201370890485,0.9322450365660852,0.04707603021725387,718|817|938|800|259|246|234|2,0.93224504|0.61454213|0.99611601|0.37826082|0.82590625|0.92394281|0.97894464|0.96248409,0|-0.36446839|-0.97462343|-2.2905728|-2.3915485|-2.994203|-3.0344889|-3.1628169
0_0_0_10_14_16,-23.0,46,2,4,12,86,551,86,86,86,86,1,1,8,0.5552531084322366,0.9322776576630546,0.2796832972989164,0.12,-0.14110629820801202,0.029188573409093966,-0.04862842892768082,-0.04862842892768082,0.0,0.9322776576630546,0.14569159039828594,0.15944201370890485,0.9537342267728717,0.3646992194780021,86|13|14|469|698|347|792|356,0.95373423|0.87621787|0.76248376|0.60813502|0.70526176|0.75376028|0.97159951|0.88514992,0|-2.168605|-2.6054004|-3.2945141|-3.2956952|-3.5536358|-4.2387269|-4.4589818
0_0_0_10_14_16,-23.0,46,2,5,13,468,956,468,468,468,468,1,1,8,0.5552531084322366,0.9322776576630546,0.2796832972989164,0.12,-0.1215572944458182,0.029188573409093966,-0.04862842892768082,-0.04862842892768082,0.0,0.9322776576630546,0.14569159039828594,0.15944201370890485,0.9287642853222283,0.257459842141918,468|238|868|123|152|785|639|989,0.92876429|0.90519862|0.90501346|0.90549728|0.91585882|0.65065114|0.57549776|0.9802296,0|-3.1365244|-4.2641002|-4.2684748|-4.3839356|-4.8326609|-4.9227357|-5.1456735
0_0_0_10_14_16,-23.0,46,2,6,14,89,308,89,89,89,89,1,1,8,0.5552531084322366,0.9322776576630546,0.2796832972989164,0.12,-0.10200829068362438,0.029188573409093966,-0.04862842892768082,-0.04862842892768082,0.0,0.9322776576630546,0.14569159039828594,0.15944201370890485,0.9807421038258509,0.5502072458480195,89|984|439|652|957|4|481|374,0.9807421|0.60731076|0.70535736|0.95833951|0.71577212|0.94193608|0.98037733|0.8579282,0|-5.9598763|-6.1250104|-6.2174543|-6.4315067|-6.5310936|-6.648732|-6.9444393
0_0_0_10_14_16,-23.0,46,2,7,15,713,97,713,713,713,713,1,1,8,0.5552531084322366,0.9322776576630546,0.2796832972989164,0.12,-0.08245928692143056,0.029188573409093966,-0.04862842892768082,-0.04862842892768082,0.0,0.9322776576630546,0.14569159039828594,0.15944201370890485,0.8265459564059867,1.4157383178246703,713|763|132|753|252|496|192|909,0.82654596|0.83955002|0.80411589|0.76558768|0.70882443|0.92941298|0.9325221|0.96612768,0|-2.2096508|-3.3164969|-4.6918019|-4.7718024|-5.0292237|-5.0296508|-5.1178363
0_0_0_10_14_16,-23.0,46,2,8,16,865,865,865,865,865,865,1,1,8,0.5552531084322366,0.9322776576630546,0.2796832972989164,0.12,-0.06291028315923675,0.029188573409093966,-0.04862842892768082,-0.04862842892768082,0.0,0.9322776576630546,0.14569159039828594,0.15944201370890485,0.9756579418611693,-0.4468826851826651,865|898|637|713|846|234|910|324,0.97565794|0.94636686|0.6606595|0.91578109|0.93220872|0.72952049|0.93419527|0.73974319,0|-3.5202635|-4.2234688|-4.3984339|-4.5172415|-4.6232063|-4.8297035|-4.8418017
0_0_0_10_14_16,-23.0,46,2,9,17,492,955,492,492,492,492,1,1,8,0.5552531084322366,0.9322776576630546,0.2796832972989164,0.12,-0.04336127939704293,0.029188573409093966,-0.04862842892768082,-0.04862842892768082,0.0,0.9322776576630546,0.14569159039828594,0.15944201370890485,0.8580170976189816,0.3645711230761003,492|302|513|622|149|955|505|920,0.8580171|0.95819366|0.90167674|0.55882148|0.88336253|0.73996102|0.88768317|0.8667115,0|-1.1227747|-1.7005178|-1.7835733|-2.2580189|-2.2753917|-2.3891822|-2.5653907
0_0_0_10_14_16,-23.0,46,2,10,18,765,471,765,765,765,765,1,1,8,0.5552531084322366,0.9322776576630546,0.2796832972989164,0.12,-0.02381227563484911,0.029188573409093966,-0.04862842892768082,-0.04862842892768082,0.0,0.9322776576630546,0.14569159039828594,0.15944201370890485,0.949257140414089,-0.7111090750455296,765|617|688|117|998|778|104|250,0.94925714|0.83595536|0.61328512|0.95839041|0.8408086|0.5168985|0.90196923|0.8177005,0|-5.6558258|-5.7824889|-6.0226433|-6.5283609|-6.5334934|-6.6092655|-6.6500601
0_0_0_10_14_16,-23.0,46,2,11,19,1023,186,1023,1023,1023,1023,1,1,8,0.5552531084322366,0.9322776576630546,0.2796832972989164,0.12,-0.004263271872655294,0.029188573409093966,-0.04862842892768082,-0.04862842892768082,0.0,0.9322776576630546,0.14569159039828594,0.15944201370890485,0.9656548459657063,-2.5235886910478684,1023|911|107|580|946|796|413|78,0.96565485|0.79182726|0.87550741|0.94582598|0.65796209|0.96435146|0.9081983|0.73829217,0|-5.0068552|-5.3613948|-5.6749771|-5.7874681|-6.2471969|-6.4952366|-6.4977162
0_0_0_10_14_16,-23.0,46,2,12,20,597,722,597,597,597,597,1,1,8,0.5552531084322366,0.9322776576630546,0.2796832972989164,0.12,0.015285731889538523,0.029188573409093966,-0.04862842892768082,-0.04862842892768082,0.0,0.9322776576630546,0.14569159039828594,0.15944201370890485,0.934097530990724,-0.3146079850791478,597|118|100|223|199|399|566|914,0.93409753|0.76066883|0.74482902|0.81942503|0.57466179|0.80321335|0.82623431|0.84153754,0|-2.344846|-3.6003866|-4.1195966|-4.1893953|-4.5230025|-4.6425337|-4.8330896
0_0_0_10_14_16,-23.0,46,2,13,21,562,562,562,562,562,562,1,1,8,0.5552531084322366,0.9322776576630546,0.2796832972989164,0.12,0.03483473565173234,0.029188573409093966,-0.04862842892768082,-0.04862842892768082,0.0,0.9322776576630546,0.14569159039828594,0.15944201370890485,0.9073747849521001,0.5948852047437675,562|398|137|777|752|142|645|764,0.90737478|0.96977675|0.8442994|0.91733358|0.84460054|0.47617422|0.91425848|0.95436463,0|-2.1589363|-4.4472375|-5.1726474|-5.4224636|-5.4404067|-5.6984153|-5.7126481
0_0_0_10_14_16,-23.0,46,2,14,22,478,361,478,478,478,478,1,1,8,0.5552531084322366,0.9322776576630546,0.2796832972989164,0.12,0.05438373941392616,0.029188573409093966,-0.04862842892768082,-0.04862842892768082,0.0,0.9322776576630546,0.14569159039828594,0.15944201370890485,0.9547295007614283,0.2530793658307562,478|195|230|680|448|948|288|526,0.9547295|0.8136614|0.95758399|0.99749147|0.90353825|0.60464346|0.77302398|0.79861799,0|-2.2903184|-4.1146435|-4.49803|-4.8137406|-5.1126477|-5.1176231|-5.1671681
0_0_0_10_14_16,-23.0,46,2,15,23,267,621,267,267,267,267,1,1,8,0.5552531084322366,0.9322776576630546,0.2796832972989164,0.12,0.07393274317611997,0.029188573409093966,-0.04862842892768082,-0.04862842892768082,0.0,0.9322776576630546,0.14569159039828594,0.15944201370890485,0.945948957411298,0.5571648360816976,267|187|789|112|245|114|303|325,0.94594896|0.94914467|0.9568285|0.88435962|0.96478109|0.92760874|0.85003049|0.99880337,0|-3.4138929|-3.7089773|-4.2392171|-4.6988917|-4.8346693|-4.856782|-5.034771
0_0_0_10_14_16,-23.0,46,2,16,24,917,43,917,917,917,917,1,1,8,0.5552531084322366,0.9322776576630546,0.2796832972989164,0.12,0.09348174693831379,0.029188573409093966,-0.04862842892768082,-0.04862842892768082,0.0,0.9322776576630546,0.14569159039828594,0.15944201370890485,0.9422490870346192,1.9607716676457063,917|292|864|759|879|451|810|502,0.94224909|0.75033282|0.9659852|0.24033296|0.86441707|0.63596716|0.86861018|0.96938693,0|-1.4010675|-4.0805342|-4.1331023|-4.3509993|-4.3801722|-4.438931|-4.513651
0_0_0_10_14_16,-23.0,46,2,17,25,656,893,656,656,656,656,1,1,8,0.5552531084322366,0.9322776576630546,0.2796832972989164,0.12,0.11303075070050761,0.029188573409093966,-0.04862842892768082,-0.04862842892768082,0.0,0.9322776576630546,0.14569159039828594,0.15944201370890485,0.9876350764889408,0.20758868406998401,656|16|146|1020|62|131|920|341,0.98763508|0.88585357|0.68225389|0.66245917|0.9376465|0.91900675|0.91212358|0.45952818,0|-1.9667776|-2.3774561|-2.5034171|-2.9015655|-2.9358848|-3.084393|-3.1187511
0_0_0_10_14_16,-23.0,46,2,18,26,889,314,889,889,889,889,1,1,8,0.5552531084322366,0.9322776576630546,0.2796832972989164,0.12,0.13257975446270143,0.029188573409093966,-0.04862842892768082,-0.04862842892768082,0.0,0.9322776576630546,0.14569159039828594,0.15944201370890485,0.9989786215295934,-0.09952914729165217,889|374|676|938|440|799|1008|980,0.99897862|0.66611027|0.86642044|0.98576135|0.79039854|0.90792508|0.75104128|0.94591422,0|-6.3467107|-7.0054073|-7.0162758|-7.0754456|-7.1067592|-7.2435504|-7.3174518
0_0_0_10_14_16,-23.0,46,2,19,27,510,801,492,492,492,492,1,1,8,0.5552531084322366,0.9322776576630546,0.2796832972989164,0.12,0.15212875822489524,0.029188573409093966,-0.04862842892768082,-0.04862842892768082,0.0,0.9322776576630546,0.14569159039828594,0.15944201370890485,0.9149557833562904,0.5736383055456475,492|510|457|519|601|462|243|589,0.91495578|0.31188949|0.53933082|0.62124405|0.9975352|0.98526684|0.44830062|0.76338686,0|-0.56855657|-0.81030929|-1.0984044|-1.3278768|-1.8622885|-2.0488129|-2.353743
0_0_0_10_14_16,-23.0,46,2,20,28,860,931,860,860,860,860,1,1,8,0.5552531084322366,0.9322776576630546,0.2796832972989164,0.12,0.17167776198708917,0.029188573409093966,-0.04862842892768082,-0.04862842892768082,0.0,0.9322776576630546,0.14569159039828594,0.15944201370890485,0.9713399063968092,-0.8894261614922041,860|682|55|185|162|928|810|572,0.97133991|0.70724527|0.8797626|0.92294689|0.39812103|0.98322129|0.98287691|0.25574796,0|-3.5428373|-3.966783|-4.0132614|-4.1503248|-4.3906985|-4.6618764|-4.75068
0_0_0_10_14_16,-23.0,46,2,21,29,553,355,553,553,553,553,1,1,8,0.5552531084322366,0.9322776576630546,0.2796832972989164,0.12,0.191226765749283,0.029188573409093966,-0.04862842892768082,-0.04862842892768082,0.0,0.9322776576630546,0.14569159039828594,0.15944201370890485,0.9875634970936729,-0.15219440698608072,553|204|936|179|438|390|10|101,0.9875635|0.84939497|0.93282316|0.6798841|0.67185958|0.43327622|0.88718034|0.77064815,0|-2.986014|-4.9974362|-5.1195468|-5.2922144|-5.4335514|-5.5477202|-5.656557
0_0_0_10_14_16,-23.0,46,2,22,30,629,508,884,884,884,884,1,1,8,0.5552531084322366,0.9322776576630546,0.2796832972989164,0.12,0.2107757695114768,0.029188573409093966,-0.04862842892768082,-0.04862842892768082,0.0,0.9322776576630546,0.14569159039828594,0.15944201370890485,0.8444052246002909,-2.798839741745908,884|625|629|354|748|872|668|769,0.84440522|0.78758355|0.73460084|0.90853058|0.98147439|0.74254982|0.99222149|0.75148126,0|-0.28862408|-0.57107016|-1.004052|-1.6373354|-1.7207501|-1.9072342|-1.9397461
0_0_0_10_14_16,-23.0,46,2,23,31,759,174,759,759,759,759,1,1,8,0.5552531084322366,0.9322776576630546,0.2796832972989164,0.12,0.23032477327367062,0.029188573409093966,-0.04862842892768082,-0.04862842892768082,0.0,0.9322776576630546,0.14569159039828594,0.15944201370890485,0.8090287801092032,-0.4135078100265212,759|174|175|349|900|460|703|345,0.80902878|0.39693484|0.67146724|0.58331064|0.97380136|0.80671843|0.9626735|0.73484883,0|-1.7442523|-2.2218287|-2.2757123|-2.2774668|-2.5769191|-2.8228193|-2.9037153
0_0_0_10_14_16,-23.0,46,2,24,32,874,310,874,874,874,874,1,1,8,0.5552531084322366,0.9322776576630546,0.2796832972989164,0.12,0.24987377703586444,0.029188573409093966,-0.04862842892768082,-0.04862842892768082,0.0,0.9322776576630546,0.14569159039828594,0.15944201370890485,0.9618609993180173,-0.9750419720258734,874|502|288|963|497|292|143|569,0.961861|0.5271254|0.49454805|0.94772572|0.84894618|0.94118309|0.69866159|0.59991153,0|-3.8708822|-4.5880518|-4.6055042|-4.7615519|-4.981847|-5.1470818|-5.4089447
0_0_0_10_14_16,-23.0,46,2,25,33,720,720,720,720,720,720,1,1,8,0.5552531084322366,0.9322776576630546,0.2796832972989164,0.12,0.26942278079805826,0.029188573409093966,-0.04862842892768082,-0.04862842892768082,0.0,0.9322776576630546,0.14569159039828594,0.15944201370890485,0.9685606651279957,-0.1175063353541218,720|652|62|881|273|154|650|101,0.96856067|0.8684926|0.99872862|0.89494506|0.5610983|0.60972224|0.66516369|0.93082768,0|-4.1720064|-4.4211927|-4.6146536|-4.9037772|-5.1603201|-5.368303|-5.4834123
0_0_0_10_14_16,-23.0,46,2,26,34,314,401,314,314,314,314,1,1,8,0.5552531084322366,0.9322776576630546,0.2796832972989164,0.12,0.2889717845602521,0.029188573409093966,-0.04862842892768082,-0.04862842892768082,0.0,0.9322776576630546,0.14569159039828594,0.15944201370890485,0.9900579905848269,0.2492860958523205,314|402|259|270|810|308|6|45,0.99005799|0.87589823|0.88126336|0.99295194|0.49804567|0.85772552|0.91338809|0.8796762,0|-4.4812279|-4.6690428|-5.0588483|-5.1236584|-5.2354295|-5.4461217|-5.6987042
0_0_0_10_14_16,-23.0,46,2,27,35,602,211,602,602,602,602,1,1,8,0.5552531084322366,0.9322776576630546,0.2796832972989164,0.12,0.3085207883224459,0.029188573409093966,-0.04862842892768082,-0.04862842892768082,0.0,0.9322776576630546,0.14569159039828594,0.15944201370890485,0.9449445371414624,-0.4991829967756089,602|542|899|113|735|345|134|797,0.94494454|0.64486753|0.9203742|0.81589695|0.88742427|0.52319382|0.85902347|0.67098731,0|-3.6920063|-4.80527|-4.8146784|-4.9365936|-5.3908964|-5.48924|-5.6358047
0_0_0_10_14_16,-23.0,46,2,28,36,7,453,7,7,7,7,1,1,8,0.5552531084322366,0.9322776576630546,0.2796832972989164,0.12,0.3280697920846397,0.029188573409093966,-0.04862842892768082,-0.04862842892768082,0.0,0.9322776576630546,0.14569159039828594,0.15944201370890485,0.9462609842248288,-1.1345465370551377,7|898|580|757|238|405|598|682,0.94626098|0.98542706|0.79753047|0.78646218|0.95182221|0.96060339|0.76145173|0.99086477,0|-5.0519707|-5.6343945|-5.833485|-6.0896448|-6.1108974|-6.1405905|-6.2307977
0_0_0_10_14_16,-23.0,46,2,29,37,610,610,610,610,610,610,1,1,8,0.5552531084322366,0.9322776576630546,0.2796832972989164,0.12,0.34761879584683353,0.029188573409093966,-0.04862842892768082,-0.04862842892768082,0.0,0.9322776576630546,0.14569159039828594,0.15944201370890485,0.9772275501252037,0.2605276096718065,610|785|481|362|370|525|223|233,0.97722755|0.9274935|0.46015295|0.812459|0.99245086|0.79587885|0.70646377|0.76262589,0|-5.8384367|-5.9725935|-6.4458641|-6.6632769|-7.1153774|-7.4390347|-7.5121662
0_0_0_10_14_16,-23.0,46,2,30,38,775,314,775,775,775,775,1,1,8,0.5552531084322366,0.9322776576630546,0.2796832972989164,0.12,0.36716779960902735,0.029188573409093966,-0.04862842892768082,-0.04862842892768082,0.0,0.9322776576630546,0.14569159039828594,0.15944201370890485,0.8921326761474291,-1.1553154367790477,775|271|312|825|334|201|313|359,0.89213268|0.98079848|0.80397813|0.92807125|0.76178079|0.76163365|0.59281672|0.79190607,0|-3.5733691|-4.2213336|-4.3340907|-4.4571602|-4.501729|-4.702186|-5.2535087
0_0_0_10_14_16,-23.0,46,2,31,39,912,912,912,912,912,912,1,1,8,0.5552531084322366,0.9322776576630546,0.2796832972989164,0.12,0.38671680337122105,0.029188573409093966,-0.04862842892768082,-0.04862842892768082,0.0,0.9322776576630546,0.14569159039828594,0.15944201370890485,0.9435114248922614,-1.4003618548855372,912|380|541|945|792|345|438|304,0.94351142|0.98444102|0.65647529|0.66354732|0.84969169|0.50897367|0.82517055|0.74596325,0|-6.0241468|-6.0783631|-6.8077703|-6.9172304|-6.9697092|-7.130074|-7.3499036
0_0_0_10_14_16,-23.0,46,2,32,40,768,209,768,768,768,768,1,1,8,0.5552531084322366,0.9322776576630546,0.2796832972989164,0.12,0.406265807133415,0.029188573409093966,-0.04862842892768082,-0.04862842892768082,0.0,0.9322776576630546,0.14569159039828594,0.15944201370890485,0.9619773349887052,0.5944221670671557,768|697|377|1000|167|225|209|760,0.96197733|0.95098138|0.64859979|0.84890309|0.89711077|0.97596466|0.55629871|0.92606937,0|-2.210771|-3.1824922|-3.5637376|-3.8221747|-4.2236772|-4.254801|-4.2602658
0_0_0_10_14_16,-23.0,46,2,33,41,581,581,581,581,581,581,1,1,8,0.5552531084322366,0.9322776576630546,0.2796832972989164,0.12,0.4258148108956087,0.029188573409093966,-0.04862842892768082,-0.04862842892768082,0.0,0.9322776576630546,0.14569159039828594,0.15944201370890485,0.870437785001003,-0.03308952400427351,581|1013|926|38|266|669|348|320,0.87043779|0.81273304|0.95495144|0.81727741|0.65152557|0.97606884|0.72938531|0.76354394,0|-5.6802812|-6.5389652|-6.5806237|-6.5854857|-7.4537789|-7.519738|-7.7705496
0_0_0_10_14_16,-23.0,46,2,34,42,93,962,93,93,93,93,1,1,8,0.5552531084322366,0.9322776576630546,0.2796832972989164,0.12,0.4453638146578026,0.029188573409093966,-0.04862842892768082,-0.04862842892768082,0.0,0.9322776576630546,0.14569159039828594,0.15944201370890485,0.9556860818619394,-0.6309808285533198,93|761|110|859|980|712|45|546,0.95568608|0.63056596|0.80608541|0.67349047|0.93265044|0.17910949|0.90963326|0.65775773,0|-2.1768471|-3.7606552|-4.2440528|-4.3971379|-4.8254128|-4.8482805|-5.1669342
0_0_0_10_14_16,-23.0,46,3,0,8,222,459,222,222,222,222,1,1,7,0.8712896270687566,0.8747344586247225,0.26242033758741673,inf,-0.40762289095292054,-0.0329657437755508,-0.08354114713216959,-0.08354114713216959,0.0,0.8747344586247225,0.09553112398464392,0.13505090889853552,0.7783917248848025,1.5195751214340332,222|303|408|13|863|761|700|228,0.77839172|0.93763843|0.34189689|0.90113516|0.88205182|0.67471295|0.85429098|0.75998225,0|-2.2533969|-2.7132215|-3.6522064|-3.8757988|-3.8974837|-3.9152316|-4.0745543
0_0_0_10_14_16,-23.0,46,3,1,9,711,711,711,711,711,711,1,1,7,0.8712896270687566,0.8747344586247225,0.26242033758741673,inf,-0.38811423946388307,-0.0329657437755508,-0.08354114713216959,-0.08354114713216959,0.0,0.8747344586247225,0.09553112398464392,0.13505090889853552,0.9997336782273033,0.042021922154253766,711|438|626|511|526|758|276|669,0.99973368|0.83156516|0.43144284|0.7614218|0.93648892|0.61052917|0.92865681|0.98514561,0|-2.6774225|-3.5523787|-3.666805|-4.2835753|-4.5113457|-4.6530376|-5.0603531
0_0_0_10_14_16,-23.0,46,3,2,10,871,871,871,871,871,871,1,1,7,0.8712896270687566,0.8747344586247225,0.26242033758741673,inf,-0.3686055879748456,-0.0329657437755508,-0.08354114713216959,-0.08354114713216959,0.0,0.8747344586247225,0.09553112398464392,0.13505090889853552,0.9816370862911222,-0.6239911461096538,871|307|102|955|984|1016|899|737,0.98163709|0.79025819|0.67962625|0.81865305|0.77886498|0.79349211|0.60467643|0.54744566,0|-5.1897281|-5.7493998|-5.8695708|-6.0063006|-6.0275333|-6.0443556|-6.125912
0_0_0_10_14_16,-23.0,46,3,3,11,718,688,718,718,718,718,1,1,7,0.8712896270687566,0.8747344586247225,0.26242033758741673,inf,-0.34909693648580814,-0.0329657437755508,-0.08354114713216959,-0.08354114713216959,0.0,0.8747344586247225,0.09553112398464392,0.13505090889853552,0.9078149760354346,0.9010121647810672,718|245|445|739|384|5|538|872,0.90781498|0.91837871|0.96841324|0.8142625|0.92129038|0.8948029|0.59224595|0.97586401,0|-3.094601|-3.1949125|-4.3223611|-4.4165256|-4.5717646|-4.9264731|-4.9409873
0_0_0_10_14_16,-23.0,46,3,4,12,107,83,107,107,107,107,1,1,7,0.8712896270687566,0.8747344586247225,0.26242033758741673,inf,-0.3295882849967706,-0.0329657437755508,-0.08354114713216959,-0.08354114713216959,0.0,0.8747344586247225,0.09553112398464392,0.13505090889853552,0.8547863434006117,-2.487418463159789,107|111|730|677|1|724|447|152,0.85478634|0.94509223|0.87244374|0.95247046|0.96411689|0.89481606|0.81183132|0.71669663,0|-4.3493524|-4.4408427|-4.634051|-4.9559681|-5.2748312|-5.510499|-5.6442216
0_0_0_10_14_16,-23.0,46,3,5,13,468,950,468,468,468,468,1,1,7,0.8712896270687566,0.8747344586247225,0.26242033758741673,inf,-0.31007963350773315,-0.0329657437755508,-0.08354114713216959,-0.08354114713216959,0.0,0.8747344586247225,0.09553112398464392,0.13505090889853552,0.9621779001735575,0.08309676815700362,468|6|222|629|782|144|707|10,0.9621779|0.82193651|0.92974387|0.90891528|0.91523074|0.92675219|0.60092165|0.88247337,0|-2.5658685|-3.1976814|-3.7021293|-3.9064093|-4.6949043|-4.7357538|-4.7494468
0_0_0_10_14_16,-23.0,46,3,6,14,89,337,89,89,89,89,1,1,7,0.8712896270687566,0.8747344586247225,0.26242033758741673,inf,-0.2905709820186957,-0.0329657437755508,-0.08354114713216959,-0.08354114713216959,0.0,0.8747344586247225,0.09553112398464392,0.13505090889853552,0.9732031551124123,0.2337684491401627,89|555|373|176|1006|837|770|805,0.97320316|0.76692337|0.80976844|0.82150364|0.98542194|0.70113092|0.93727217|0.67998257,0|-2.1465377|-2.9900633|-3.8632638|-3.9964675|-4.2215512|-4.2340284|-4.3322038
0_0_0_10_14_16,-23.0,46,3,7,15,713,336,713,713,713,713,1,1,7,0.8712896270687566,0.8747344586247225,0.26242033758741673,inf,-0.2710623305296582,-0.0329657437755508,-0.08354114713216959,-0.08354114713216959,0.0,0.8747344586247225,0.09553112398464392,0.13505090889853552,0.8308419758725283,1.2884446546596844,713|526|990|522|829|470|922|888,0.83084198|0.60776332|0.97965001|0.31448288|0.98485302|0.26131336|0.9572474|0.93490234,0|-4.1378712|-4.6745116|-4.7458456|-4.9663513|-5.0288623|-5.1201963|-5.4207674
0_0_0_10_14_16,-23.0,46,3,8,16,865,886,865,865,865,865,1,1,7,0.8712896270687566,0.8747344586247225,0.26242033758741673,inf,-0.25155367904062076,-0.0329657437755508,-0.08354114713216959,-0.08354114713216959,0.0,0.8747344586247225,0.09553112398464392,0.13505090889853552,0.9821005008715753,-0.7497804893615276,865|835|806|838|373|557|766|102,0.9821005|0.99979992|0.91132668|0.75159453|0.99187298|0.78840665|0.6836279|0.81562111,0|-2.0612212|-3.2372771|-3.3994335|-3.5531401|-3.7689182|-4.0978488|-4.3261301
0_0_0_10_14_16,-23.0,46,3,9,17,492,962,492,492,492,492,1,1,7,0.8712896270687566,0.8747344586247225,0.26242033758741673,inf,-0.2320450275515833,-0.0329657437755508,-0.08354114713216959,-0.08354114713216959,0.0,0.8747344586247225,0.09553112398464392,0.13505090889853552,0.8011071994936356,0.39318311155523744,492|1016|503|18|624|396|22|477,0.8011072|0.96750586|0.5105147|0.97800039|0.094566504|0.36566176|0.90509225|0.69610457,0|-3.2020006|-3.5980808|-3.7728197|-3.8040682|-3.9120407|-3.9496529|-4.4120696
0_0_0_10_14_16,-23.0,46,3,10,18,765,920,765,765,765,765,1,1,7,0.8712896270687566,0.8747344586247225,0.26242033758741673,inf,-0.21253637606254583,-0.0329657437755508,-0.08354114713216959,-0.08354114713216959,0.0,0.8747344586247225,0.09553112398464392,0.13505090889853552,0.761638286012782,0.7466133351319653,765|646|575|239|627|225|464|59,0.76163829|0.71662868|0.87930047|0.62744751|0.8545104|0.33805485|0.15012059|0.95402672,0|-3.035718|-3.1425326|-3.3103748|-3.3796288|-3.3968214|-3.6344141|-4.0342798
0_0_0_10_14_16,-23.0,46,3,11,19,1023,539,1023,1023,1023,1023,1,1,7,0.8712896270687566,0.8747344586247225,0.26242033758741673,inf,-0.19302772457350836,-0.0329657437755508,-0.08354114713216959,-0.08354114713216959,0.0,0.8747344586247225,0.09553112398464392,0.13505090889853552,0.9625383877068203,-1.0251501345630645,1023|249|628|792|245|75|570|504,0.96253839|0.65401422|0.72112421|0.86356935|0.90253993|0.87054833|0.95925196|0.7357825,0|-3.9886453|-4.1600265|-4.2713053|-4.3468469|-4.7691274|-4.8180301|-5.2461825
0_0_0_10_14_16,-23.0,46,3,12,20,597,549,597,597,597,597,1,1,7,0.8712896270687566,0.8747344586247225,0.26242033758741673,inf,-0.1735190730844709,-0.0329657437755508,-0.08354114713216959,-0.08354114713216959,0.0,0.8747344586247225,0.09553112398464392,0.13505090889853552,0.9457446567900716,0.47916880806634704,597|519|128|732|552|575|949|549,0.94574466|0.13212711|0.97963707|0.24298042|0.67786315|0.90417076|0.99341322|0.71454053,0|-2.3700146|-2.5471119|-2.7358562|-3.0680081|-3.1095958|-3.1181056|-3.26414
0_0_0_10_14_16,-23.0,46,3,13,21,562,909,562,562,562,562,1,1,7,0.8712896270687566,0.8747344586247225,0.26242033758741673,inf,-0.15401042159543343,-0.0329657437755508,-0.08354114713216959,-0.08354114713216959,0.0,0.8747344586247225,0.09553112398464392,0.13505090889853552,0.7785497423535128,0.9380169513221759,562|887|712|240|898|591|821|244,0.77854974|0.88562117|0.8012881|0.7763082|0.98483154|0.80006153|0.89056373|0.90532843,0|-2.9924265|-3.7822305|-3.8027759|-4.3838105|-4.3859314|-4.7452788|-4.8387188
0_0_0_10_14_16,-23.0,46,3,14,22,478,98,478,478,478,478,1,1,7,0.8712896270687566,0.8747344586247225,0.26242033758741673,inf,-0.13450177010639597,-0.0329657437755508,-0.08354114713216959,-0.08354114713216959,0.0,0.8747344586247225,0.09553112398464392,0.13505090889853552,0.7386569301486253,0.5059243805989623,478|772|976|111|36|54|464|568,0.73865693|0.72172425|0.98776627|0.82631273|0.82256665|0.79824522|0.96347423|0.9895647,0|-0.44691268|-2.50487|-2.5104537|-2.8033832|-2.8525117|-3.1302268|-3.3437765
0_0_0_10_14_16,-23.0,46,3,15,23,267,564,267,267,267,267,1,1,7,0.8712896270687566,0.8747344586247225,0.26242033758741673,inf,-0.1149931186173585,-0.0329657437755508,-0.08354114713216959,-0.08354114713216959,0.0,0.8747344586247225,0.09553112398464392,0.13505090889853552,0.9613684931827073,-0.42676562463361145,267|270|630|613|753|518|157|655,0.96136849|0.8908245|0.46192996|0.94719079|0.72489605|0.75443087|0.90523524|0.93450455,0|-4.4003415|-5.9888869|-6.3753442|-6.8592278|-6.8717485|-7.1694541|-7.1994983
0_0_0_10_14_16,-23.0,46,3,16,24,917,1023,917,917,917,917,1,1,7,0.8712896270687566,0.8747344586247225,0.26242033758741673,inf,-0.09548446712832104,-0.0329657437755508,-0.08354114713216959,-0.08354114713216959,0.0,0.8747344586247225,0.09553112398464392,0.13505090889853552,0.9061425952073422,-2.11132194592403,917|374|425|789|40|628|188|931,0.9061426|0.88298353|0.94761204|0.89307547|0.56263117|0.40951092|0.70994267|0.47487875,0|-1.7630631|-3.0084948|-3.4051617|-4.3747811|-4.4464756|-4.4703879|-4.5182054
0_0_0_10_14_16,-23.0,46,3,17,25,656,114,656,656,656,656,1,1,7,0.8712896270687566,0.8747344586247225,0.26242033758741673,inf,-0.07597581563928357,-0.0329657437755508,-0.08354114713216959,-0.08354114713216959,0.0,0.8747344586247225,0.09553112398464392,0.13505090889853552,0.47236753079168314,2.278251238827017,656|821|716|181|29|396|896|75,0.47236753|0.85579233|0.83059933|0.80735521|0.90854104|0.95810957|0.98136669|0.52528517,0|-1.0473186|-1.2784963|-1.7947631|-2.4499919|-2.4817566|-3.2192695|-3.4197474
0_0_0_10_14_16,-23.0,46,3,18,26,889,938,889,889,889,889,1,1,7,0.8712896270687566,0.8747344586247225,0.26242033758741673,inf,-0.05646716415024611,-0.0329657437755508,-0.08354114713216959,-0.08354114713216959,0.0,0.8747344586247225,0.09553112398464392,0.13505090889853552,0.9879337027521384,0.41614406136085985,889|945|420|655|15|627|271|0,0.9879337|0.65025701|0.49325864|0.99573923|0.60018042|0.58501432|0.7450774|0.87037732,0|-6.3041116|-6.4355885|-6.5223421|-6.7040742|-6.7107464|-6.719244|-7.0124095
0_0_0_10_14_16,-23.0,46,3,19,27,510,452,510,510,510,510,1,1,7,0.8712896270687566,0.8747344586247225,0.26242033758741673,inf,-0.03695851266120864,-0.0329657437755508,-0.08354114713216959,-0.08354114713216959,0.0,0.8747344586247225,0.09553112398464392,0.13505090889853552,0.9837161047108778,0.17147304094854954,510|940|347|859|589|664|844|65,0.9837161|0.92837175|0.96482876|0.74067415|0.5221483|0.87457428|0.97888097|0.79996728,0|-2.693978|-4.3499456|-4.7574844|-4.7977414|-4.877873|-5.0564758|-5.4905828
0_0_0_10_14_16,-23.0,46,3,20,28,860,578,860,860,860,860,1,1,7,0.8712896270687566,0.8747344586247225,0.26242033758741673,inf,-0.017449861172171177,-0.0329657437755508,-0.08354114713216959,-0.08354114713216959,0.0,0.8747344586247225,0.09553112398464392,0.13505090889853552,0.9407339585475425,-1.7007089550760948,860|822|153|923|632|345|461|86,0.94073396|0.90815801|0.68468219|0.65015286|0.80967239|0.45822465|0.90435598|0.93771668,0|-5.9358852|-6.2445238|-6.2799995|-6.3886844|-6.6231666|-6.6247012|-6.6995118
0_0_0_10_14_16,-23.0,46,3,21,29,553,547,553,553,553,553,1,1,7,0.8712896270687566,0.8747344586247225,0.26242033758741673,inf,0.002058790316866288,-0.0329657437755508,-0.08354114713216959,-0.08354114713216959,0.0,0.8747344586247225,0.09553112398464392,0.13505090889853552,0.8181368308511071,0.6137719500864891,553|710|547|936|396|970|690|572,0.81813683|0.96770762|0.85658736|0.80196098|0.86184589|0.96987544|0.89773864|0.76880983,0|-2.994288|-3.3271637|-4.4643862|-4.6079855|-4.6708582|-4.7500347|-4.9051285
0_0_0_10_14_16,-23.0,46,3,22,30,629,629,629,629,629,629,1,1,7,0.8712896270687566,0.8747344586247225,0.26242033758741673,inf,0.021567441805903753,-0.0329657437755508,-0.08354114713216959,-0.08354114713216959,0.0,0.8747344586247225,0.09553112398464392,0.13505090889853552,0.9662091919990443,0.2818699082904389,629|495|635|807|173|92|573|442,0.96620919|0.66064956|0.97202264|0.81567347|0.68704668|0.74959005|0.14462038|0.76697796,0|-4.7647709|-5.7907659|-6.0169212|-6.3834117|-6.5481534|-6.940789|-7.2562696
0_0_0_10_14_16,-23.0,46,3,23,31,759,759,759,759,759,759,1,1,7,0.8712896270687566,0.8747344586247225,0.26242033758741673,inf,0.04107609329494122,-0.0329657437755508,-0.08354114713216959,-0.08354114713216959,0.0,0.8747344586247225,0.09553112398464392,0.13505090889853552,0.9625555854066529,0.6078287387693427,759|934|147|454|778|384|600|42,0.96255559|0.60671826|0.86622886|0.9155596|0.66842023|0.82795781|0.72754041|0.75072932,0|-6.9263189|-7.2762833|-7.8185838|-8.2570523|-8.3764777|-8.5241334|-8.65208
0_0_0_10_14_16,-23.0,46,3,24,32,874,874,874,874,874,874,1,1,7,0.8712896270687566,0.8747344586247225,0.26242033758741673,inf,0.06058474478397868,-0.0329657437755508,-0.08354114713216959,-0.08354114713216959,0.0,0.8747344586247225,0.09553112398464392,0.13505090889853552,0.8290064281360723,-0.32483676481629165,874|608|684|212|71|813|427|693,0.82900643|0.96951089|0.75020769|0.94722809|0.58101276|0.74812024|0.39739445|0.74336081,0|-2.7375145|-4.8451897|-4.8941401|-4.9615853|-5.0437908|-5.523007|-5.7789823
0_0_0_10_14_16,-23.0,46,3,25,33,720,720,720,720,720,720,1,1,7,0.8712896270687566,0.8747344586247225,0.26242033758741673,inf,0.08009339627301615,-0.0329657437755508,-0.08354114713216959,-0.08354114713216959,0.0,0.8747344586247225,0.09553112398464392,0.13505090889853552,0.7614464523849118,-0.7939370471510654,720|980|693|662|231|62|501|718,0.76144645|0.83867561|0.4681691|0.95034689|0.37440759|0.84620406|0.62683988|0.21409049,0|-2.6303807|-3.371658|-3.3846516|-3.4480835|-3.9087432|-4.0998956|-4.176972
0_0_0_10_14_16,-23.0,46,3,26,34,314,211,314,314,314,314,1,1,7,0.8712896270687566,0.8747344586247225,0.26242033758741673,inf,0.09960204776205361,-0.0329657437755508,-0.08354114713216959,-0.08354114713216959,0.0,0.8747344586247225,0.09553112398464392,0.13505090889853552,0.8623964178015455,0.9037464578243326,314|511|675|700|301|997|107|116,0.86239642|0.37271152|0.80928268|0.73605278|0.92210244|0.90388781|0.97424378|0.98030282,0|-2.8828365|-3.2555056|-3.8107293|-4.129736|-4.1738719|-4.2781363|-4.2873206
0_0_0_10_14_16,-23.0,46,3,27,35,602,551,602,602,602,602,1,1,7,0.8712896270687566,0.8747344586247225,0.26242033758741673,inf,0.11911069925109108,-0.0329657437755508,-0.08354114713216959,-0.08354114713216959,0.0,0.8747344586247225,0.09553112398464392,0.13505090889853552,0.968182561754533,0.25039182607407323,602|904|189|24|159|354|694|901,0.96818256|0.99113226|0.67674385|0.88439502|0.81906497|0.69893686|0.90450222|0.67955319,0|-0.72391676|-2.4562705|-3.2613212|-3.6435363|-3.9471964|-4.0957466|-4.1808995
0_0_0_10_14_16,-23.0,46,3,28,36,7,989,7,7,7,7,1,1,7,0.8712896270687566,0.8747344586247225,0.26242033758741673,inf,0.13861935074012866,-0.0329657437755508,-0.08354114713216959,-0.08354114713216959,0.0,0.8747344586247225,0.09553112398464392,0.13505090889853552,0.9918241433029709,1.3635924067802907,7|703|26|314|691|827|48|969,0.99182414|0.85671244|0.9143123|0.82127412|0.64843228|0.43459002|0.84740625|0.95451903,0|-3.8985199|-3.972639|-3.9897206|-4.6376759|-4.7274688|-4.9497156|-5.0657256
0_0_0_10_14_16,-23.0,46,3,29,37,610,679,221,221,221,221,1,1,7,0.8712896270687566,0.8747344586247225,0.26242033758741673,inf,0.15812800222916612,-0.0329657437755508,-0.08354114713216959,-0.08354114713216959,0.0,0.8747344586247225,0.09553112398464392,0.13505090889853552,0.9842748290252744,0.14492996623859586,221|892|358|411|939|1012|103|610,0.98427483|0.84360304|0.80463734|0.96385507|0.76927746|0.98703217|0.70760006|0.62838319,0|-0.014733289|-0.35182847|-0.56100128|-1.1541498|-1.3783494|-1.6162041|-1.6453022
0_0_0_10_14_16,-23.0,46,3,30,38,778,938,778,778,778,778,1,1,7,0.8712896270687566,0.8747344586247225,0.26242033758741673,inf,0.17763665371820359,-0.0329657437755508,-0.08354114713216959,-0.08354114713216959,0.0,0.8747344586247225,0.09553112398464392,0.13505090889853552,0.9870931016892085,-0.08754701483810524,778|261|1006|608|915|847|429|323,0.9870931|0.6615637|0.92664678|0.83912745|0.94971112|0.93915014|0.4369372|0.67213483,0|-2.4375671|-3.2082403|-3.2228082|-3.6913578|-3.7791597|-3.7839532|-3.9413325
0_0_0_10_14_16,-23.0,46,3,31,39,897,897,897,897,897,897,1,1,7,0.8712896270687566,0.8747344586247225,0.26242033758741673,inf,0.19714530520724105,-0.0329657437755508,-0.08354114713216959,-0.08354114713216959,0.0,0.8747344586247225,0.09553112398464392,0.13505090889853552,0.9244348540079231,0.18452912268171628,897|484|893|296|769|70|351|32,0.92443485|0.50676754|0.78561716|0.90770823|0.89753747|0.71065435|0.96206503|0.73211468,0|-5.4287109|-5.4349393|-5.8039962|-6.230961|-6.2383134|-6.5967782|-6.6354251
0_0_0_10_14_16,-23.0,46,3,32,40,740,740,740,740,740,740,1,1,7,0.8712896270687566,0.8747344586247225,0.26242033758741673,inf,0.2166539566962784,-0.0329657437755508,-0.08354114713216959,-0.08354114713216959,0.0,0.8747344586247225,0.09553112398464392,0.13505090889853552,0.9573539582052922,-0.2516737185756718,740|460|239|997|563|842|606|180,0.95735396|0.66735343|0.75586335|0.71814727|0.48872209|0.66560467|0.93221507|0.71919468,0|-3.2825815|-3.349535|-3.8629825|-3.9148161|-4.336907|-4.4653347|-4.4819342
0_0_0_10_14_16,-23.0,46,3,33,41,590,748,590,590,590,590,1,1,7,0.8712896270687566,0.8747344586247225,0.26242033758741673,inf,0.23616260818531587,-0.0329657437755508,-0.08354114713216959,-0.08354114713216959,0.0,0.8747344586247225,0.09553112398464392,0.13505090889853552,0.8270267941550054,0.2001583545064518,590|476|933|952|688|578|173|335,0.82702679|0.99754838|0.92615206|0.99799997|0.90126995|0.94094285|0.87993329|0.76911845,0|-3.0686885|-3.6131621|-4.0021712|-4.2514632|-4.3580509|-4.8267067|-4.8549415
0_0_0_10_14_16,-23.0,46,3,34,42,930,459,1020,1020,1020,1020,1,1,7,0.8712896270687566,0.8747344586247225,0.26242033758741673,inf,0.25567125967435334,-0.0329657437755508,-0.08354114713216959,-0.08354114713216959,0.0,0.8747344586247225,0.09553112398464392,0.13505090889853552,0.9675234787424355,2.0918406471873667,1020|459|930|81|6|381|988|301,0.96752348|0.94067292|0.77170527|0.90440861|0.92599276|0.68365556|0.87460717|0.50025389,0|-0.78075371|-0.81249298|-1.3380226|-1.6706983|-1.7650922|-1.902227|-1.935911
0_0_0_10_14_16,-24.0,46,1,0,8,222,360,222,222,222,222,1,1,8,0.5845234371328872,0.9185851462405052,0.27557554387215155,inf,0.3176756699046575,-0.12893216749405007,0.05610972568578554,0.05610972568578554,0.0,0.9185851462405052,0.19518433760657172,0.127484725750258,0.9494742091415331,-0.5331036972227489,222|364|342|27|568|22|496|384,0.94947421|0.90695676|0.66673212|0.90414836|0.59204033|0.85420525|0.55389621|0.61903068,0|-2.1895492|-2.4222138|-2.5570375|-2.8827274|-3.3586637|-3.6435221|-3.6609535
0_0_0_10_14_16,-24.0,46,1,1,9,826,529,826,826,826,826,1,1,8,0.5845234371328872,0.9185851462405052,0.27557554387215155,inf,0.33734618216886403,-0.12893216749405007,0.05610972568578554,0.05610972568578554,0.0,0.9185851462405052,0.19518433760657172,0.127484725750258,0.8918820761974714,1.5430293631266536,826|113|652|600|634|30|854|711,0.89188208|0.83687547|0.8217194|0.74228721|0.96711118|0.99910959|0.92290237|0.93887277,0|-2.2684964|-3.9762377|-4.1198489|-4.3852136|-4.3974353|-4.4412993|-4.609742
0_0_0_10_14_16,-24.0,46,1,2,10,922,314,922,922,922,922,1,1,8,0.5845234371328872,0.9185851462405052,0.27557554387215155,inf,0.3570166944330706,-0.12893216749405007,0.05610972568578554,0.05610972568578554,0.0,0.9185851462405052,0.19518433760657172,0.127484725750258,0.9645839463901638,0.3542027510464067,922|855|365|130|974|445|485|25,0.96458395|0.67811653|0.93417222|0.89177561|0.84809764|0.88235103|0.84354399|0.89275789,0|-2.081134|-3.0994528|-3.1251995|-3.3270949|-3.4630374|-3.7394519|-3.7860509
0_0_0_10_14_16,-24.0,46,1,3,11,718,130,718,718,718,718,1,1,8,0.5845234371328872,0.9185851462405052,0.27557554387215155,inf,0.3766872066972771,-0.12893216749405007,0.05610972568578554,0.05610972568578554,0.0,0.9185851462405052,0.19518433760657172,0.127484725750258,0.9034498767944068,-0.5597487325133568,718|280|79|760|374|330|474|963,0.90344988|0.84688942|0.83401149|0.71798771|0.53696411|0.94702079|0.97803748|0.92125733,0|-1.9636394|-2.8964934|-3.1422856|-3.1670064|-3.624528|-3.6445629|-3.8375471
0_0_0_10_14_16,-24.0,46,1,4,12,107,864,107,107,107,107,1,1,8,0.5845234371328872,0.9185851462405052,0.27557554387215155,inf,0.3963577189614837,-0.12893216749405007,0.05610972568578554,0.05610972568578554,0.0,0.9185851462405052,0.19518433760657172,0.127484725750258,0.9311749957130234,-0.55460729037004,107|958|686|356|1013|303|967|110,0.931175|0.72583955|0.16651815|0.30320331|0.89876168|0.8315693|0.90741442|0.57742609,0|-5.3362501|-5.5366813|-5.6640508|-5.7689218|-5.9141516|-6.0992666|-6.347469
0_0_0_10_14_16,-24.0,46,1,5,13,468,460,468,468,468,468,1,1,8,0.5845234371328872,0.9185851462405052,0.27557554387215155,inf,0.4160282312256902,-0.12893216749405007,0.05610972568578554,0.05610972568578554,0.0,0.9185851462405052,0.19518433760657172,0.127484725750258,0.9421476223291696,-0.4283389476675028,468|862|976|589|34|854|503|939,0.94214762|0.87152149|0.97698532|0.91564174|0.72352237|0.90555308|0.29695165|0.79515601,0|-1.4895709|-2.2093175|-2.2757547|-2.3692994|-2.4912662|-2.511375|-2.6569808
0_0_0_10_14_16,-24.0,46,1,6,14,89,53,89,89,89,89,1,1,8,0.5845234371328872,0.9185851462405052,0.27557554387215155,inf,0.4356987434898968,-0.12893216749405007,0.05610972568578554,0.05610972568578554,0.0,0.9185851462405052,0.19518433760657172,0.127484725750258,0.8988905703109451,-1.6703850413275243,89|911|467|441|275|388|212|690,0.89889057|0.91510011|0.42636523|0.94778844|0.97886894|0.81974571|0.91142298|0.80529117,0|-1.2855117|-1.4520843|-1.6344615|-1.6346898|-2.4041606|-2.8742461|-2.9073002
0_0_0_10_14_16,-24.0,46,1,7,15,713,498,713,713,713,713,1,1,8,0.5845234371328872,0.9185851462405052,0.27557554387215155,inf,0.45536925575410336,-0.12893216749405007,0.05610972568578554,0.05610972568578554,0.0,0.9185851462405052,0.19518433760657172,0.127484725750258,0.48721662396897764,-1.5180154871518816,713|360|668|744|896|1023|755|960,0.48721662|0.9276982|0.82391078|0.70117532|0.66694332|0.94093951|0.97637848|0.86387544,0|-2.7898212|-3.005149|-3.0623582|-3.874977|-4.041618|-4.1884687|-4.2676378
0_0_0_10_14_16,-24.0,46,1,8,16,865,466,865,865,865,865,1,1,8,0.5845234371328872,0.9185851462405052,0.27557554387215155,inf,0.47503976801830994,-0.12893216749405007,0.05610972568578554,0.05610972568578554,0.0,0.9185851462405052,0.19518433760657172,0.127484725750258,0.9945582906244395,-0.25269783977061355,865|667|992|190|792|775|325|659,0.99455829|0.91716999|0.94527092|0.98040481|0.96288775|0.87733632|0.52011732|0.87341611,0|-2.2881125|-2.8647863|-2.9796458|-3.0563352|-3.0873812|-3.5897127|-3.8518714
0_0_0_10_14_16,-24.0,46,1,9,17,492,492,492,492,492,492,1,1,8,0.5845234371328872,0.9185851462405052,0.27557554387215155,inf,0.4947102802825164,-0.12893216749405007,0.05610972568578554,0.05610972568578554,0.0,0.9185851462405052,0.19518433760657172,0.127484725750258,0.9578540365933936,-0.39866648690246964,492|837|14|596|486|428|870|694,0.95785404|0.73899078|0.95390834|0.99155893|0.35201709|0.72402347|0.99065753|0.76374506,0|-4.4102487|-4.5406578|-5.7376256|-5.9451745|-6.1960324|-6.2031217|-6.2397594
0_0_0_10_14_16,-24.0,46,1,10,18,765,439,765,765,765,765,1,1,8,0.5845234371328872,0.9185851462405052,0.27557554387215155,inf,0.514380792546723,-0.12893216749405007,0.05610972568578554,0.05610972568578554,0.0,0.9185851462405052,0.19518433760657172,0.127484725750258,0.8400845126391795,-1.2264401760765264,765|453|48|532|578|639|192|814,0.84008451|0.92883478|0.78081073|0.68286896|0.81221995|0.99598868|0.90393392|0.96938409,0|-2.3224874|-3.524077|-4.4502377|-4.6293439|-4.7787902|-4.7886874|-4.9184371
0_0_0_10_14_16,-24.0,46,1,11,19,1023,946,479,479,479,479,1,1,8,0.5845234371328872,0.9185851462405052,0.27557554387215155,inf,0.5340513048109296,-0.12893216749405007,0.05610972568578554,0.05610972568578554,0.0,0.9185851462405052,0.19518433760657172,0.127484725750258,0.6840465549683132,-1.182652533853697,479|179|1023|189|850|739|126|373,0.68404655|0.579255|0.96981312|0.97829554|0.4966341|0.85838|0.96470625|0.24977043,0|-0.042804362|-0.96259538|-1.4631146|-1.8656506|-1.8732436|-1.946172|-2.1194423
0_0_0_10_14_16,-24.0,46,1,12,20,597,281,597,597,597,597,1,1,8,0.5845234371328872,0.9185851462405052,0.27557554387215155,inf,0.5537218170751361,-0.12893216749405007,0.05610972568578554,0.05610972568578554,0.0,0.9185851462405052,0.19518433760657172,0.127484725750258,0.8138172708934489,-0.1706795853497985,597|946|569|988|384|660|248|449,0.81381727|0.86693447|0.54589524|0.97291901|0.77828587|0.94280459|0.96354366|0.70131991,0|-1.2081619|-1.5371497|-1.9481989|-1.9583445|-2.0540876|-2.5210552|-2.5366417
0_0_0_10_14_16,-24.0,46,1,13,21,562,672,562,562,562,562,1,1,8,0.5845234371328872,0.9185851462405052,0.27557554387215155,inf,0.5733923293393426,-0.12893216749405007,0.05610972568578554,0.05610972568578554,0.0,0.9185851462405052,0.19518433760657172,0.127484725750258,0.9255723929793703,0.5121511972855664,562|10|52|567|455|551|151|629,0.92557239|0.81182919|0.94758998|0.7886479|0.61228802|0.66318302|0.74079616|0.7122575,0|-3.431232|-3.799284|-4.3413584|-4.4603155|-4.5951464|-4.6227135|-4.7667201
0_0_0_10_14_16,-24.0,46,1,14,22,478,289,478,478,478,478,1,1,8,0.5845234371328872,0.9185851462405052,0.27557554387215155,inf,0.5930628416035492,-0.12893216749405007,0.05610972568578554,0.05610972568578554,0.0,0.9185851462405052,0.19518433760657172,0.127484725750258,0.715247822413861,-1.065444164487824,478|407|684|76|781|527|491|947,0.71524782|0.73473025|0.79038372|0.84851935|0.88206352|0.54778124|0.11001869|0.99441274,0|-2.2183001|-3.2064812|-3.2648891|-3.2761363|-3.366246|-3.740207|-3.7470582
0_0_0_10_14_16,-24.0,46,1,15,23,267,611,267,267,267,267,1,1,8,0.5845234371328872,0.9185851462405052,0.27557554387215155,inf,0.6127333538677557,-0.12893216749405007,0.05610972568578554,0.05610972568578554,0.0,0.9185851462405052,0.19518433760657172,0.127484725750258,0.9939072914065084,-0.1799804083569797,267|877|415|576|204|392|773|53,0.99390729|0.75788581|0.61866907|0.87939294|0.92836467|0.99040267|0.88782768|0.55031562,0|-3.6291159|-3.9566351|-4.0187408|-4.2844883|-4.3547539|-4.3896327|-4.5178194
0_0_0_10_14_16,-24.0,46,1,16,24,917,817,917,917,917,917,1,1,8,0.5845234371328872,0.9185851462405052,0.27557554387215155,inf,0.6324038661319623,-0.12893216749405007,0.05610972568578554,0.05610972568578554,0.0,0.9185851462405052,0.19518433760657172,0.127484725750258,0.8742249399193691,-1.1624610092920569,917|864|158|201|62|851|282|525,0.87422494|0.96616315|0.98005861|0.73679515|0.95682514|0.99083368|0.86432953|0.92940939,0|-0.81021177|-1.8270247|-2.42615|-2.4929734|-3.0554752|-3.3522938|-3.5323214
0_0_0_10_14_16,-24.0,46,1,17,25,656,161,656,656,656,656,1,1,8,0.5845234371328872,0.9185851462405052,0.27557554387215155,inf,0.6520743783961689,-0.12893216749405007,0.05610972568578554,0.05610972568578554,0.0,0.9185851462405052,0.19518433760657172,0.127484725750258,0.9909500607742343,0.13463995696845538,656|985|434|466|931|934|887|628,0.99095006|0.95539661|0.81015153|0.6883285|0.90430756|0.8196931|0.67126217|0.83153812,0|-5.0318409|-5.7730456|-5.9201494|-5.9452701|-6.6653838|-6.716896|-6.9402926
0_0_0_10_14_16,-24.0,46,1,18,26,889,974,889,889,889,889,1,1,8,0.5845234371328872,0.9185851462405052,0.27557554387215155,inf,0.6717448906603753,-0.12893216749405007,0.05610972568578554,0.05610972568578554,0.0,0.9185851462405052,0.19518433760657172,0.127484725750258,0.7862010051314209,1.7265635787058862,889|71|699|346|853|682|715|215,0.78620101|0.98820844|0.61283028|0.78028887|0.80811381|0.91416509|0.62282705|0.72776847,0|-3.7325765|-4.3857287|-4.4858996|-4.657363|-4.783264|-4.9682237|-5.0128309
0_0_0_10_14_16,-24.0,46,1,19,27,510,240,510,510,510,510,1,1,8,0.5845234371328872,0.9185851462405052,0.27557554387215155,inf,0.6914154029245819,-0.12893216749405007,0.05610972568578554,0.05610972568578554,0.0,0.9185851462405052,0.19518433760657172,0.127484725750258,0.6098319139659841,1.2289962248983384,510|595|206|1007|28|669|202|795,0.60983191|0.79282574|0.88938216|0.81410573|0.94556624|0.92417676|0.96380204|0.75628171,0|-1.2493254|-2.0056459|-2.7765418|-3.0983671|-3.1420695|-3.2427667|-3.3169704
0_0_0_10_14_16,-24.0,46,1,20,28,860,549,860,860,860,860,1,1,8,0.5845234371328872,0.9185851462405052,0.27557554387215155,inf,0.7110859151887885,-0.12893216749405007,0.05610972568578554,0.05610972568578554,0.0,0.9185851462405052,0.19518433760657172,0.127484725750258,0.9707680802885413,0.9711930619617914,860|671|78|549|639|583|517|644,0.97076808|0.87221154|0.94796903|0.98762685|0.60625845|0.8366304|0.76071042|0.21045386,0|-4.1637623|-4.2032674|-4.2321067|-4.932043|-5.0695528|-5.163264|-5.2055575
0_0_0_10_14_16,-24.0,46,1,21,29,553,63,1003,1003,1003,1003,1,1,8,0.5845234371328872,0.9185851462405052,0.27557554387215155,inf,0.7307564274529951,-0.12893216749405007,0.05610972568578554,0.05610972568578554,0.0,0.9185851462405052,0.19518433760657172,0.127484725750258,0.9114862085248893,2.2914063171027848,1003|291|1014|553|869|944|854|934,0.91148621|0.61960608|0.97220554|0.60161901|0.97781509|0.93629389|0.83487872|0.76775451,0|-0.036382069|-0.13031223|-0.36703734|-0.40342017|-0.75087875|-0.8241532|-0.8710316
0_0_0_10_14_16,-24.0,46,1,22,30,629,520,629,629,629,629,1,1,8,0.5845234371328872,0.9185851462405052,0.27557554387215155,inf,0.7504269397172016,-0.12893216749405007,0.05610972568578554,0.05610972568578554,0.0,0.9185851462405052,0.19518433760657172,0.127484725750258,0.9877545502757032,-0.13565181721166827,629|287|142|867|557|188|318|247,0.98775455|0.54954237|0.98074922|0.89644845|0.60125003|0.9290639|0.90019251|0.96718953,0|-4.4945632|-4.9877646|-5.2860029|-5.7212592|-5.8996262|-6.2946049|-6.3128872
0_0_0_10_14_16,-24.0,46,1,23,31,759,210,759,759,759,759,1,1,8,0.5845234371328872,0.9185851462405052,0.27557554387215155,inf,0.7700974519814081,-0.12893216749405007,0.05610972568578554,0.05610972568578554,0.0,0.9185851462405052,0.19518433760657172,0.127484725750258,0.9925424444582375,-0.12313596537725677,759|449|58|1023|312|130|358|223,0.99254244|0.89843515|0.88340871|0.96943496|0.63549309|0.64230902|0.92761954|0.90823831,0|-6.1334144|-6.5136786|-6.7612594|-6.9066626|-7.1280219|-7.1656447|-7.1772609
0_0_0_10_14_16,-24.0,46,1,24,32,874,874,874,874,874,874,1,1,8,0.5845234371328872,0.9185851462405052,0.27557554387215155,inf,0.7897679642456147,-0.12893216749405007,0.05610972568578554,0.05610972568578554,0.0,0.9185851462405052,0.19518433760657172,0.127484725750258,0.9975687310267461,-0.29426821629753525,874|531|326|613|460|822|755|816,0.99756873|0.87870324|0.9867862|0.99960197|0.96692218|0.97311135|0.56433981|0.97899759,0|-3.4684056|-3.5752753|-3.7074172|-4.4392837|-4.7684404|-5.0840641|-5.2838496
0_0_0_10_14_16,-24.0,46,1,25,33,720,588,720,720,720,720,1,1,8,0.5845234371328872,0.9185851462405052,0.27557554387215155,inf,0.8094384765098213,-0.12893216749405007,0.05610972568578554,0.05610972568578554,0.0,0.9185851462405052,0.19518433760657172,0.127484725750258,0.9381797200737891,0.09226206475480753,720|362|444|841|672|555|368|195,0.93817972|0.9405376|0.98607767|0.83828893|0.91497726|0.71570589|0.72624145|0.76435312,0|-2.2025002|-3.0635675|-3.382604|-3.4794016|-3.5029058|-3.6373833|-4.0712732
0_0_0_10_14_16,-24.0,46,1,26,34,314,419,314,314,314,314,1,1,8,0.5845234371328872,0.9185851462405052,0.27557554387215155,inf,0.8291089887740278,-0.12893216749405007,0.05610972568578554,0.05610972568578554,0.0,0.9185851462405052,0.19518433760657172,0.127484725750258,0.9161292511658078,-0.4549246561510523,314|256|886|400|43|881|394|71,0.91612925|0.91860787|0.99834699|0.94292599|0.84881017|0.93866374|0.80411238|0.68444275,0|-1.4206342|-1.7029498|-2.1972731|-2.2089004|-2.3792812|-2.5707169|-2.6105966
0_0_0_10_14_16,-24.0,46,1,27,35,602,329,602,602,602,602,1,1,8,0.5845234371328872,0.9185851462405052,0.27557554387215155,inf,0.8487795010382343,-0.12893216749405007,0.05610972568578554,0.05610972568578554,0.0,0.9185851462405052,0.19518433760657172,0.127484725750258,0.7907909914419667,-0.11587780368742173,602|50|495|695|823|181|231|299,0.79079099|0.94424365|0.62383107|0.83293858|0.59608036|0.94891624|0.79905995|0.6346408,0|-2.3400234|-2.7758891|-3.483024|-3.5673787|-3.7214322|-3.7544168|-4.1136048
0_0_0_10_14_16,-24.0,46,1,28,36,7,749,7,7,7,7,1,1,8,0.5845234371328872,0.9185851462405052,0.27557554387215155,inf,0.8684500133024409,-0.12893216749405007,0.05610972568578554,0.05610972568578554,0.0,0.9185851462405052,0.19518433760657172,0.127484725750258,0.92099908714089,1.5842101390617274,7|416|631|930|525|294|681|635,0.92099909|0.99445965|0.84164478|0.91559413|0.89723921|0.59049101|0.97335478|0.60377139,0|-3.3227543|-3.3501711|-3.4707198|-4.4811697|-4.5019551|-4.6233386|-4.7182484
0_0_0_10_14_16,-24.0,46,1,29,37,610,564,610,610,610,610,1,1,8,0.5845234371328872,0.9185851462405052,0.27557554387215155,inf,0.8881205255666474,-0.12893216749405007,0.05610972568578554,0.05610972568578554,0.0,0.9185851462405052,0.19518433760657172,0.127484725750258,0.7581990048791291,0.4947847936231448,610|428|533|808|370|564|379|868,0.758199|0.83582085|0.59231092|0.39021144|0.94576832|0.91455619|0.69153039|0.79082273,0|-1.510806|-2.269534|-2.6302158|-2.8135349|-2.8638474|-2.8725846|-2.9418612
0_0_0_10_14_16,-24.0,46,1,30,38,807,260,807,807,807,807,1,1,8,0.5845234371328872,0.9185851462405052,0.27557554387215155,inf,0.907791037830854,-0.12893216749405007,0.05610972568578554,0.05610972568578554,0.0,0.9185851462405052,0.19518433760657172,0.127484725750258,0.9951271301726952,0.258547818135927,807|132|820|389|697|563|827|732,0.99512713|0.95828354|0.89252468|0.93487178|0.65661244|0.62819001|0.99188532|0.72548682,0|-2.1426039|-3.1418823|-3.7375207|-4.0236177|-4.1633346|-4.5604634|-4.6644168
0_0_0_10_14_16,-24.0,46,1,31,39,897,674,897,897,897,897,1,1,8,0.5845234371328872,0.9185851462405052,0.27557554387215155,inf,0.9274615500950606,-0.12893216749405007,0.05610972568578554,0.05610972568578554,0.0,0.9185851462405052,0.19518433760657172,0.127484725750258,0.9391639458710367,-1.2818985012392194,897|37|74|45|107|199|224|391,0.93916395|0.96384949|0.79180856|0.64303868|0.96042029|0.94036725|0.72733358|0.84402828,0|-1.9045408|-3.3288746|-3.4974466|-3.6811602|-3.6860883|-3.7294219|-4.0432057
0_0_0_10_14_16,-24.0,46,1,32,40,749,749,749,749,749,749,1,1,8,0.5845234371328872,0.9185851462405052,0.27557554387215155,inf,0.9471320623592671,-0.12893216749405007,0.05610972568578554,0.05610972568578554,0.0,0.9185851462405052,0.19518433760657172,0.127484725750258,0.9668716376180904,-0.5593119245570265,749|941|722|493|926|51|346|476,0.96687164|0.93363126|0.4581112|0.7239586|0.53986483|0.69278172|0.85490798|0.86646678,0|-3.9735654|-4.2513052|-4.3494067|-4.5227377|-4.6884831|-5.4999803|-5.7635846
0_0_0_10_14_16,-24.0,46,1,33,41,584,35,584,584,584,584,1,1,8,0.5845234371328872,0.9185851462405052,0.27557554387215155,inf,0.9668025746234737,-0.12893216749405007,0.05610972568578554,0.05610972568578554,0.0,0.9185851462405052,0.19518433760657172,0.127484725750258,0.739443538264308,-1.1175847927534712,584|358|866|340|512|912|122|935,0.73944354|0.7604899|0.94749203|0.80365097|0.85592311|0.83138124|0.80279368|0.97874231,0|-3.1835497|-3.7945168|-4.0678013|-4.201328|-4.6480887|-4.7264322|-5.1522112
0_0_0_10_14_16,-24.0,46,1,34,42,934,635,934,934,934,934,1,1,8,0.5845234371328872,0.9185851462405052,0.27557554387215155,inf,0.9864730868876802,-0.12893216749405007,0.05610972568578554,0.05610972568578554,0.0,0.9185851462405052,0.19518433760657172,0.127484725750258,0.9514699197552634,2.75210479007246,934|86|440|167|449|733|109|578,0.95146992|0.77767236|0.83819285|0.65521721|0.89452157|0.91012799|0.86262352|0.97262163,0|-3.1653805|-4.0393548|-4.8493595|-5.2918269|-5.3072385|-5.4062964|-5.4299069
0_0_0_10_14_16,-24.0,46,2,0,8,803,788,803,803,803,803,1,1,8,0.6183155322648041,0.9176706989310421,0.27530120967931265,inf,-0.24430388266736358,0.041074474137168505,-0.053615960099750615,-0.053615960099750615,0.0,0.9176706989310421,0.1417082157527647,0.19895918671636134,0.9866140164467735,-0.3533852710409835,803|651|464|766|323|1017|746|369,0.98661402|0.99607384|0.65050215|0.85804633|0.74176061|0.79943582|0.93821476|0.79272068,0|-2.5107441|-3.1012011|-3.3033706|-3.870806|-3.8818083|-4.0439007|-4.0747556
0_0_0_10_14_16,-24.0,46,2,1,9,826,826,826,826,826,826,1,1,8,0.6183155322648041,0.9176706989310421,0.27530120967931265,inf,-0.22475487890516976,0.041074474137168505,-0.053615960099750615,-0.053615960099750615,0.0,0.9176706989310421,0.1417082157527647,0.19895918671636134,0.7972822219980896,1.245766873550589,826|577|65|501|230|130|231|26,0.79728222|0.39809287|0.96823811|0.84124555|0.72969971|0.99698887|0.96293261|0.90612605,0|-2.6608369|-2.9627247|-3.1283217|-4.0060708|-4.0964933|-4.1372743|-4.379691
0_0_0_10_14_16,-24.0,46,2,2,10,922,204,124,124,124,124,1,1,8,0.6183155322648041,0.9176706989310421,0.27530120967931265,inf,-0.20520587514297595,0.041074474137168505,-0.053615960099750615,-0.053615960099750615,0.0,0.9176706989310421,0.1417082157527647,0.19895918671636134,0.9888778873411436,0.21554859049140704,124|434|922|1000|369|384|605|878,0.98887789|0.84014577|0.84692601|0.85613282|0.89354101|0.98277192|0.9583589|0.99800223,0|-0.72754172|-0.80496891|-1.1499922|-1.2674657|-1.3676667|-1.4588994|-1.5402825
0_0_0_10_14_16,-24.0,46,2,3,11,718,193,817,817,817,817,1,1,8,0.6183155322648041,0.9176706989310421,0.27530120967931265,inf,-0.18565687138078213,0.041074474137168505,-0.053615960099750615,-0.053615960099750615,0.0,0.9176706989310421,0.1417082157527647,0.19895918671636134,0.6225581372791724,2.624172059390582,817|938|718|800|259|246|234|2,0.62255814|0.99435704|0.89056027|0.38412296|0.83123003|0.93004666|0.97520146|0.96110755,0|-0.60733284|-0.80827205|-1.9360748|-2.0202698|-2.6426089|-2.6806502|-2.8065666
0_0_0_10_14_16,-24.0,46,2,4,12,86,551,86,86,86,86,1,1,8,0.6183155322648041,0.9176706989310421,0.27530120967931265,inf,-0.1661078676185883,0.041074474137168505,-0.053615960099750615,-0.053615960099750615,0.0,0.9176706989310421,0.1417082157527647,0.19895918671636134,0.939165780586012,0.33805613063302486,86|13|14|469|698|347|792|356,0.93916578|0.87918826|0.75329312|0.6159467|0.71309139|0.74935673|0.97250592|0.89231178,0|-1.0833955|-1.5207054|-2.1929512|-2.2118603|-2.4477214|-3.1430425|-3.3726847
0_0_0_10_14_16,-24.0,46,2,5,13,468,956,468,468,468,468,1,1,8,0.6183155322648041,0.9176706989310421,0.27530120967931265,inf,-0.1465588638563945,0.041074474137168505,-0.053615960099750615,-0.053615960099750615,0.0,0.9176706989310421,0.1417082157527647,0.19895918671636134,0.922534137312392,0.23424344491487964,468|238|123|868|152|785|639|989,0.92253414|0.90868798|0.90796533|0.90469263|0.91520142|0.64997688|0.56859996|0.97846532,0|-2.2156595|-3.3419281|-3.3606131|-3.4716489|-3.9074266|-3.9999364|-4.2381847
0_0_0_10_14_16,-24.0,46,2,6,14,89,308,89,89,89,89,1,1,8,0.6183155322648041,0.9176706989310421,0.27530120967931265,inf,-0.12700986009420068,0.041074474137168505,-0.053615960099750615,-0.053615960099750615,0.0,0.9176706989310421,0.1417082157527647,0.19895918671636134,0.9780739902900506,0.6275594713193714,89|984|439|652|957|4|481|374,0.97807399|0.60162063|0.71490966|0.95594751|0.71478803|0.94011011|0.98157342|0.83376693,0|-5.2077176|-5.3839052|-5.4520081|-5.6715389|-5.7899235|-5.8884757|-6.1935129
0_0_0_10_14_16,-24.0,46,2,7,15,713,97,713,713,713,713,1,1,8,0.6183155322648041,0.9176706989310421,0.27530120967931265,inf,-0.10746085633200686,0.041074474137168505,-0.053615960099750615,-0.053615960099750615,0.0,0.9176706989310421,0.1417082157527647,0.19895918671636134,0.8098808943950991,1.5535904439452897,713|763|132|753|252|192|496|909,0.80988089|0.8343457|0.80172871|0.762864|0.70646391|0.92757578|0.92704635|0.9660584,0|-1.3112353|-2.4133838|-3.7687208|-3.8683082|-4.1111902|-4.1126307|-4.2180169
0_0_0_10_14_16,-24.0,46,2,8,16,865,1019,865,865,865,865,1,1,8,0.6183155322648041,0.9176706989310421,0.27530120967931265,inf,-0.08791185256981304,0.041074474137168505,-0.053615960099750615,-0.053615960099750615,0.0,0.9176706989310421,0.1417082157527647,0.19895918671636134,0.9692761641980855,-0.4668618712407066,865|898|637|713|846|234|910|939,0.96927616|0.95250452|0.6741064|0.90953965|0.9281251|0.7328994|0.925499|0.98572081,0|-2.5387743|-3.2435216|-3.4107645|-3.6179185|-3.6482715|-3.8547806|-3.8552709
0_0_0_10_14_16,-24.0,46,2,9,17,492,955,492,492,492,492,1,1,8,0.6183155322648041,0.9176706989310421,0.27530120967931265,inf,-0.06836284880761923,0.041074474137168505,-0.053615960099750615,-0.053615960099750615,0.0,0.9176706989310421,0.1417082157527647,0.19895918671636134,0.8412955953515546,0.32156256528309857,492|302|513|622|149|955|505|920,0.8412956|0.95479563|0.89609293|0.54569367|0.88598229|0.74019902|0.88504549|0.86786372,0|-0.068908409|-0.64717531|-0.74887603|-1.1791337|-1.2251779|-1.3239084|-1.5321224
0_0_0_10_14_16,-24.0,46,2,10,18,765,471,765,765,765,765,1,1,8,0.6183155322648041,0.9176706989310421,0.27530120967931265,inf,-0.04881384504542541,0.041074474137168505,-0.053615960099750615,-0.053615960099750615,0.0,0.9176706989310421,0.1417082157527647,0.19895918671636134,0.93090605267759,-0.7723281735983953,765|617|688|117|778|998|104|250,0.93090605|0.8423337|0.61838101|0.95475218|0.53754735|0.8314262|0.90856353|0.81375837,0|-4.8536112|-4.9656981|-5.2118975|-5.66337|-5.7322303|-5.8117446|-5.8627677
0_0_0_10_14_16,-24.0,46,2,11,19,1023,186,1023,1023,1023,1023,1,1,8,0.6183155322648041,0.9176706989310421,0.27530120967931265,inf,-0.02926484128323159,0.041074474137168505,-0.053615960099750615,-0.053615960099750615,0.0,0.9176706989310421,0.1417082157527647,0.19895918671636134,0.958384324735662,-2.517694741140481,1023|911|107|580|946|796|78|413,0.95838432|0.78571453|0.88234652|0.95007373|0.65050031|0.96219532|0.73187906|0.89963061,0|-4.1600738|-4.5162335|-4.8357339|-4.9353006|-5.3942432|-5.646997|-5.6543873
0_0_0_10_14_16,-24.0,46,2,12,20,597,722,597,597,597,597,1,1,8,0.6183155322648041,0.9176706989310421,0.27530120967931265,inf,-0.009715837521037773,0.041074474137168505,-0.053615960099750615,-0.053615960099750615,0.0,0.9176706989310421,0.1417082157527647,0.19895918671636134,0.9215317260779982,-0.4065184802754721,597|118|100|223|199|399|566|914,0.92153173|0.75833561|0.74790836|0.82026186|0.58409036|0.80229695|0.83408694|0.82276589,0|-1.2832963|-2.5479638|-3.0424522|-3.1203563|-3.4558657|-3.6040545|-3.7744634
0_0_0_10_14_16,-24.0,46,2,13,21,562,562,562,562,562,562,1,1,8,0.6183155322648041,0.9176706989310421,0.27530120967931265,inf,0.009833166241156044,0.041074474137168505,-0.053615960099750615,-0.053615960099750615,0.0,0.9176706989310421,0.1417082157527647,0.19895918671636134,0.8983310274807101,0.6202534895352048,562|398|137|777|752|142|764|645,0.89833103|0.9723151|0.84111123|0.91383388|0.84707024|0.46816098|0.94816967|0.91649161,0|-1.2489144|-3.55623|-4.2797531|-4.5284028|-4.5452671|-4.8041747|-4.8118143
0_0_0_10_14_16,-24.0,46,2,14,22,478,361,478,478,478,478,1,1,8,0.6183155322648041,0.9176706989310421,0.27530120967931265,inf,0.02938217000334986,0.041074474137168505,-0.053615960099750615,-0.053615960099750615,0.0,0.9176706989310421,0.1417082157527647,0.19895918671636134,0.9512602851294514,0.2337244554715982,478|195|230|680|448|948|288|808,0.95126029|0.81466418|0.95496525|0.99679655|0.90146805|0.60015064|0.76195895|0.3497235,0|-1.3075892|-3.1491294|-3.5217636|-3.8101402|-4.1286674|-4.1316432|-4.2101353
0_0_0_10_14_16,-24.0,46,2,15,23,267,621,267,267,267,267,1,1,8,0.6183155322648041,0.9176706989310421,0.27530120967931265,inf,0.04893117376554368,0.041074474137168505,-0.053615960099750615,-0.053615960099750615,0.0,0.9176706989310421,0.1417082157527647,0.19895918671636134,0.9367437730830228,0.5897509599559311,267|187|789|112|245|114|303|325,0.93674377|0.94525807|0.96057585|0.88638193|0.96566169|0.93004327|0.86088292|0.99883782,0|-2.4812648|-2.8082293|-3.3225982|-3.8208967|-3.9161309|-3.9561904|-4.1223045
0_0_0_10_14_16,-24.0,46,2,16,24,917,43,917,917,917,917,1,1,8,0.6183155322648041,0.9176706989310421,0.27530120967931265,inf,0.0684801775277375,0.041074474137168505,-0.053615960099750615,-0.053615960099750615,0.0,0.9176706989310421,0.1417082157527647,0.19895918671636134,0.9298798014527389,1.9885776853400763,917|292|864|759|879|451|810|502,0.9298798|0.75844246|0.96903386|0.24247707|0.86368216|0.63658446|0.86340228|0.96393496,0|-0.32376349|-3.0245277|-3.0710702|-3.3109697|-3.3238653|-3.3743883|-3.4305502
0_0_0_10_14_16,-24.0,46,2,17,25,656,893,656,656,656,656,1,1,8,0.6183155322648041,0.9176706989310421,0.27530120967931265,inf,0.08802918128993131,0.041074474137168505,-0.053615960099750615,-0.053615960099750615,0.0,0.9176706989310421,0.1417082157527647,0.19895918671636134,0.980911578299005,0.2584614965348736,656|16|146|1020|62|131|920|341,0.98091158|0.88229518|0.67724147|0.66164749|0.93813056|0.91939435|0.90848035|0.45482952,0|-0.80288003|-1.2094961|-1.3123944|-1.7306179|-1.7563069|-1.9034337|-1.9469776
0_0_0_10_14_16,-24.0,46,2,18,26,889,314,889,889,889,889,1,1,8,0.6183155322648041,0.9176706989310421,0.27530120967931265,inf,0.10757818505212513,0.041074474137168505,-0.053615960099750615,-0.053615960099750615,0.0,0.9176706989310421,0.1417082157527647,0.19895918671636134,0.998920227277871,-0.04743449342050143,889|374|938|676|440|799|1008|980,0.99892023|0.67499256|0.98417696|0.86292133|0.80514465|0.91217524|0.75833655|0.94849093,0|-5.5827245|-6.2552287|-6.2631506|-6.3306803|-6.3548342|-6.5012997|-6.5720995
0_0_0_10_14_16,-24.0,46,2,19,27,510,801,492,492,492,492,1,1,8,0.6183155322648041,0.9176706989310421,0.27530120967931265,inf,0.12712718881431895,0.041074474137168505,-0.053615960099750615,-0.053615960099750615,0.0,0.9176706989310421,0.1417082157527647,0.19895918671636134,0.9113622250550498,0.5863458252409381,492|457|519|601|462|510|243|589,0.91136223|0.53921234|0.62532763|0.99687976|0.98804328|0.22426679|0.44396532|0.76259533,0|-0.83910444|-1.1476654|-1.3524399|-1.8704961|-1.9938116|-2.0625544|-2.3603875
0_0_0_10_14_16,-24.0,46,2,20,28,860,931,860,860,860,860,1,1,8,0.6183155322648041,0.9176706989310421,0.27530120967931265,inf,0.14667619257651288,0.041074474137168505,-0.053615960099750615,-0.053615960099750615,0.0,0.9176706989310421,0.1417082157527647,0.19895918671636134,0.9655306502158525,-0.9118989627993693,860|682|55|185|162|928|810|572,0.96553065|0.71242124|0.8804543|0.92153181|0.40268072|0.98414019|0.97940273|0.26056774,0|-2.6525408|-3.0940455|-3.1400333|-3.2650648|-3.5189808|-3.7974293|-3.8817537
0_0_0_10_14_16,-24.0,46,2,21,29,553,355,553,553,553,553,1,1,8,0.6183155322648041,0.9176706989310421,0.27530120967931265,inf,0.1662251963387067,0.041074474137168505,-0.053615960099750615,-0.053615960099750615,0.0,0.9176706989310421,0.1417082157527647,0.19895918671636134,0.9858141426899512,-0.13384475842566285,553|204|936|179|438|390|10|101,0.98581414|0.85070424|0.92695174|0.69063643|0.67289088|0.43775567|0.89226091|0.76098372,0|-2.1044211|-4.1348084|-4.2355488|-4.4071358|-4.5549712|-4.6531277|-4.7757958
0_0_0_10_14_16,-24.0,46,2,22,30,629,508,884,884,884,884,1,1,8,0.6183155322648041,0.9176706989310421,0.27530120967931265,inf,0.1857742001009005,0.041074474137168505,-0.053615960099750615,-0.053615960099750615,0.0,0.9176706989310421,0.1417082157527647,0.19895918671636134,0.8448756465404729,-2.748013073617136,884|625|354|748|872|668|629|769,0.84487565|0.79525538|0.90775812|0.98573828|0.74262489|0.99336933|0.69342064|0.74908193,0|-0.37315188|-1.0084052|-1.6596079|-1.7411364|-1.9242076|-1.9341438|-1.9610614
0_0_0_10_14_16,-24.0,46,2,23,31,759,174,759,759,759,759,1,1,8,0.6183155322648041,0.9176706989310421,0.27530120967931265,inf,0.20532320386309433,0.041074474137168505,-0.053615960099750615,-0.053615960099750615,0.0,0.9176706989310421,0.1417082157527647,0.19895918671636134,0.7779358759796907,-0.35760889793886547,759|174|175|900|349|460|703|345,0.77793588|0.40044353|0.6663319|0.96976157|0.57901122|0.80722628|0.98004561|0.7215591,0|-0.61859381|-1.0995312|-1.1304516|-1.1477008|-1.4562896|-1.7002028|-1.7820035
0_0_0_10_14_16,-24.0,46,2,24,32,874,310,874,874,874,874,1,1,8,0.6183155322648041,0.9176706989310421,0.27530120967931265,inf,0.22487220762528815,0.041074474137168505,-0.053615960099750615,-0.053615960099750615,0.0,0.9176706989310421,0.1417082157527647,0.19895918671636134,0.9591208424370157,-0.9700174874588549,874|502|288|963|497|292|143|569,0.95912084|0.53851459|0.50105056|0.95347303|0.85029187|0.94380498|0.70003423|0.58054027,0|-2.8755774|-3.5916822|-3.6158717|-3.7709547|-4.0059049|-4.1557036|-4.4233944
0_0_0_10_14_16,-24.0,46,2,25,33,720,720,720,720,720,720,1,1,8,0.6183155322648041,0.9176706989310421,0.27530120967931265,inf,0.24442121138748196,0.041074474137168505,-0.053615960099750615,-0.053615960099750615,0.0,0.9176706989310421,0.1417082157527647,0.19895918671636134,0.9621258577158514,-0.09179605785835632,720|652|62|881|273|154|650|101,0.96212586|0.86983257|0.99853635|0.89334797|0.56961616|0.60452538|0.67794636|0.92184292,0|-3.2723173|-3.4978817|-3.6920585|-3.9916732|-4.2544651|-4.4294496|-4.5664018
0_0_0_10_14_16,-24.0,46,2,26,34,314,401,314,314,314,314,1,1,8,0.6183155322648041,0.9176706989310421,0.27530120967931265,inf,0.2639702151496758,0.041074474137168505,-0.053615960099750615,-0.053615960099750615,0.0,0.9176706989310421,0.1417082157527647,0.19895918671636134,0.9872483546119302,0.2912865947616102,314|402|259|270|810|308|6|45,0.98724835|0.86545175|0.88857885|0.99164344|0.50752734|0.85246569|0.91258487|0.87720504,0|-3.56482|-3.7404458|-4.1564124|-4.1948088|-4.3496721|-4.5221102|-4.7693658
0_0_0_10_14_16,-24.0,46,2,27,35,602,211,602,602,602,602,1,1,8,0.6183155322648041,0.9176706989310421,0.27530120967931265,inf,0.2835192189118696,0.041074474137168505,-0.053615960099750615,-0.053615960099750615,0.0,0.9176706989310421,0.1417082157527647,0.19895918671636134,0.939921530893414,-0.521358807647468,602|542|899|113|735|345|134|797,0.93992153|0.65422499|0.92228197|0.81215755|0.88308567|0.52586264|0.86183512|0.67501458,0|-2.7749995|-3.9032036|-3.9249665|-4.0616917|-4.5010264|-4.6063041|-4.7526107
0_0_0_10_14_16,-24.0,46,2,28,36,7,453,7,7,7,7,1,1,8,0.6183155322648041,0.9176706989310421,0.27530120967931265,inf,0.3030682226740634,0.041074474137168505,-0.053615960099750615,-0.053615960099750615,0.0,0.9176706989310421,0.1417082157527647,0.19895918671636134,0.9341499830693463,-1.1539198094142615,7|898|580|757|238|405|598|682,0.93414998|0.98435519|0.79165138|0.78800376|0.95673524|0.95399527|0.77080365|0.99102988,0|-4.1939829|-4.77212|-4.9868688|-5.242965|-5.2652766|-5.2855554|-5.374581
0_0_0_10_14_16,-24.0,46,2,29,37,610,610,610,610,610,610,1,1,8,0.6183155322648041,0.9176706989310421,0.27530120967931265,inf,0.32261722643625723,0.041074474137168505,-0.053615960099750615,-0.053615960099750615,0.0,0.9176706989310421,0.1417082157527647,0.19895918671636134,0.9727591748458273,0.28390521307026967,610|785|481|362|370|525|223|233,0.97275917|0.92435267|0.45825962|0.80323108|0.99541724|0.7955456|0.70408326|0.76831765,0|-5.1502942|-5.2920171|-5.7556065|-5.981782|-6.4299036|-6.7375013|-6.8254663
0_0_0_10_14_16,-24.0,46,2,30,38,775,314,775,775,775,775,1,1,8,0.6183155322648041,0.9176706989310421,0.27530120967931265,inf,0.34216623019845105,0.041074474137168505,-0.053615960099750615,-0.053615960099750615,0.0,0.9176706989310421,0.1417082157527647,0.19895918671636134,0.8655863391591062,-1.2517655075735412,775|271|312|825|334|201|313|359,0.86558634|0.97870258|0.80106498|0.92199952|0.76073491|0.75353808|0.59272007|0.78727776,0|-2.6366409|-3.2864745|-3.4197313|-3.5222554|-3.5821591|-3.7715342|-4.2924261
0_0_0_10_14_16,-24.0,46,2,31,39,912,912,912,912,912,912,1,1,8,0.6183155322648041,0.9176706989310421,0.27530120967931265,inf,0.36171523396064476,0.041074474137168505,-0.053615960099750615,-0.053615960099750615,0.0,0.9176706989310421,0.1417082157527647,0.19895918671636134,0.9376882282425776,-1.3844595460295048,912|380|541|945|792|345|438|304,0.93768823|0.98048041|0.66262426|0.66288396|0.85248424|0.49988301|0.81648823|0.74865562,0|-5.25726|-5.288205|-6.0593091|-6.1381644|-6.1966405|-6.3576202|-6.5879624
0_0_0_10_14_16,-24.0,46,2,32,40,768,209,768,768,768,768,1,1,8,0.6183155322648041,0.9176706989310421,0.27530120967931265,inf,0.3812642377228387,0.041074474137168505,-0.053615960099750615,-0.053615960099750615,0.0,0.9176706989310421,0.1417082157527647,0.19895918671636134,0.9473017610572754,0.6960792725822671,768|697|377|1000|167|225|209|760,0.94730176|0.95410149|0.65607376|0.85615908|0.8954612|0.97489117|0.55746854|0.92998152,0|-1.1800058|-2.1752033|-2.5524655|-2.8152426|-3.196857|-3.2353113|-3.3195609
0_0_0_10_14_16,-24.0,46,2,33,41,581,581,581,581,581,581,1,1,8,0.6183155322648041,0.9176706989310421,0.27530120967931265,inf,0.4008132414850324,0.041074474137168505,-0.053615960099750615,-0.053615960099750615,0.0,0.9176706989310421,0.1417082157527647,0.19895918671636134,0.8467730806220111,0.008472424425317648,581|1013|926|266|38|669|348|320,0.84677308|0.813491|0.9558566|0.64725045|0.81905958|0.97982354|0.73013715|0.76049192,0|-4.9498616|-5.8159198|-5.8548228|-5.8715278|-6.7283519|-6.7850396|-7.0481404
0_0_0_10_14_16,-24.0,46,2,34,42,93,962,93,93,93,93,1,1,8,0.6183155322648041,0.9176706989310421,0.27530120967931265,inf,0.4203622452472263,0.041074474137168505,-0.053615960099750615,-0.053615960099750615,0.0,0.9176706989310421,0.1417082157527647,0.19895918671636134,0.9484250679857209,-0.6141083257412812,93|761|110|859|980|712|45|546,0.94842507|0.62498452|0.80178099|0.67149972|0.93751771|0.18282159|0.90807138|0.65775458,0|-1.3152482|-2.9326894|-3.3795627|-3.5165667|-3.9504352|-4.0020995|-4.3205162
0_0_0_10_14_16,-24.0,46,3,0,8,222,459,222,222,222,222,1,1,7,1.0256764033405827,0.8399937610704851,0.2519981283211455,inf,-0.4701520233668925,-0.037134453345541836,-0.10349127182044887,-0.10349127182044887,0.0,0.8399937610704851,0.07751691246746173,0.1695575888937474,0.7149406808616241,1.7327408612653477,222|303|408|13|863|761|700|228,0.71494068|0.93464175|0.28652069|0.90028796|0.8973873|0.66215413|0.81054797|0.72667388,0|-1.1055555|-1.5695926|-2.4845689|-2.7351034|-2.7482186|-2.7683589|-2.9424887
0_0_0_10_14_16,-24.0,46,3,1,9,711,711,711,711,711,711,1,1,7,1.0256764033405827,0.8399937610704851,0.2519981283211455,inf,-0.450643371877855,-0.037134453345541836,-0.10349127182044887,-0.10349127182044887,0.0,0.8399937610704851,0.07751691246746173,0.1695575888937474,0.9977963682575932,0.12477168636928415,711|438|626|511|526|758|276|669,0.99779637|0.7880423|0.37397898|0.78487386|0.90218774|0.58258256|0.94581754|0.97173254,0|-1.7055228|-2.5983411|-2.6868359|-3.3246124|-3.5586344|-3.6950563|-4.1037318
0_0_0_10_14_16,-24.0,46,3,2,10,871,871,871,871,871,871,1,1,7,1.0256764033405827,0.8399937610704851,0.2519981283211455,inf,-0.43113472038881756,-0.037134453345541836,-0.10349127182044887,-0.10349127182044887,0.0,0.8399937610704851,0.07751691246746173,0.1695575888937474,0.9805291035106731,-0.550363672453238,871|307|102|955|984|1016|899|737,0.9805291|0.76818095|0.6837952|0.81656556|0.78030549|0.7953002|0.59023055|0.52103985,0|-4.2528395|-4.8240201|-4.9483007|-5.0867258|-5.1129411|-5.1164317|-5.1942784
0_0_0_10_14_16,-24.0,46,3,3,11,718,688,718,718,718,718,1,1,7,1.0256764033405827,0.8399937610704851,0.2519981283211455,inf,-0.4116260688997801,-0.037134453345541836,-0.10349127182044887,-0.10349127182044887,0.0,0.8399937610704851,0.07751691246746173,0.1695575888937474,0.876978066659733,1.0654756112940564,718|245|445|739|384|5|872|538,0.87697807|0.90215147|0.94156497|0.82688004|0.9323842|0.89616507|0.978741|0.56318133,0|-2.0573106|-2.1641485|-3.3193397|-3.3840908|-3.5387606|-3.8893253|-3.8989555
0_0_0_10_14_16,-24.0,46,3,4,12,107,83,107,107,107,107,1,1,7,1.0256764033405827,0.8399937610704851,0.2519981283211455,inf,-0.3921174174107426,-0.037134453345541836,-0.10349127182044887,-0.10349127182044887,0.0,0.8399937610704851,0.07751691246746173,0.1695575888937474,0.8307576210406414,-2.3519306758424996,107|111|730|677|1|724|447|152,0.83075762|0.94507539|0.84194212|0.94116515|0.96480446|0.89611485|0.76942976|0.74087242,0|-3.3135056|-3.4292478|-3.6390044|-3.966774|-4.2824935|-4.5250815|-4.6298615
0_0_0_10_14_16,-24.0,46,3,5,13,468,950,468,468,468,468,1,1,7,1.0256764033405827,0.8399937610704851,0.2519981283211455,inf,-0.3726087659217051,-0.037134453345541836,-0.10349127182044887,-0.10349127182044887,0.0,0.8399937610704851,0.07751691246746173,0.1695575888937474,0.9537701301348007,0.1453250432680524,468|6|222|629|782|144|707|10,0.95377013|0.82023024|0.93672472|0.88785945|0.89261037|0.93654694|0.6266688|0.88057109,0|-1.5758584|-2.2312089|-2.7337063|-2.9288985|-3.7178248|-3.7610762|-3.7714167
0_0_0_10_14_16,-24.0,46,3,6,14,89,337,89,89,89,89,1,1,7,1.0256764033405827,0.8399937610704851,0.2519981283211455,inf,-0.35310011443266764,-0.037134453345541836,-0.10349127182044887,-0.10349127182044887,0.0,0.8399937610704851,0.07751691246746173,0.1695575888937474,0.9667582483909538,0.3435040810572811,89|555|373|176|1006|770|837|805,0.96675825|0.80701837|0.78313917|0.84446367|0.98615025|0.92561985|0.66617185|0.64758731,0|-1.2594189|-2.0927738|-2.9519126|-3.0953449|-3.3299109|-3.3454405|-3.4412909
0_0_0_10_14_16,-24.0,46,3,7,15,713,336,713,713,713,713,1,1,7,1.0256764033405827,0.8399937610704851,0.2519981283211455,inf,-0.3335914629436302,-0.037134453345541836,-0.10349127182044887,-0.10349127182044887,0.0,0.8399937610704851,0.07751691246746173,0.1695575888937474,0.784569665936219,1.507690735903339,713|526|990|522|829|470|922|888,0.78456967|0.54781384|0.97929266|0.27397317|0.98243608|0.23757746|0.95172916|0.93937465,0|-3.2093075|-3.7274688|-3.8008465|-4.0217947|-4.0810867|-4.1916189|-4.4780835
0_0_0_10_14_16,-24.0,46,3,8,16,865,886,865,865,865,865,1,1,7,1.0256764033405827,0.8399937610704851,0.2519981283211455,inf,-0.3140828114545927,-0.037134453345541836,-0.10349127182044887,-0.10349127182044887,0.0,0.8399937610704851,0.07751691246746173,0.1695575888937474,0.98078969995345,-0.8251742971064876,865|835|806|838|373|557|766|102,0.9807897|0.99948048|0.92201823|0.74185115|0.979465|0.76658418|0.64427975|0.82423432,0|-1.0204935|-2.2097821|-2.3854158|-2.5069781|-2.7383956|-3.0584492|-3.2827513
0_0_0_10_14_16,-24.0,46,3,9,17,492,962,492,492,492,492,1,1,7,1.0256764033405827,0.8399937610704851,0.2519981283211455,inf,-0.29457415996555525,-0.037134453345541836,-0.10349127182044887,-0.10349127182044887,0.0,0.8399937610704851,0.07751691246746173,0.1695575888937474,0.7504411132584202,0.502905638650482,492|1016|503|18|624|396|22|477,0.75044111|0.96711516|0.57283212|0.97713431|0.062731337|0.36934806|0.90529466|0.64521822,0|-2.1612633|-2.5389151|-2.7233137|-2.7512527|-2.855621|-2.9038258|-3.3646465
0_0_0_10_14_16,-24.0,46,3,10,18,765,920,765,765,765,765,1,1,7,1.0256764033405827,0.8399937610704851,0.2519981283211455,inf,-0.2750655084765178,-0.037134453345541836,-0.10349127182044887,-0.10349127182044887,0.0,0.8399937610704851,0.07751691246746173,0.1695575888937474,0.6941508289551711,0.8758932246935294,765|646|575|239|225|627|464|59,0.69415083|0.67325674|0.8498143|0.63967097|0.31219687|0.82353596|0.10723842|0.95435678,0|-1.8501511|-1.9880996|-2.1483343|-2.2242443|-2.230273|-2.4692453|-2.8798206
0_0_0_10_14_16,-24.0,46,3,11,19,1023,539,1023,1023,1023,1023,1,1,7,1.0256764033405827,0.8399937610704851,0.2519981283211455,inf,-0.2555568569874803,-0.037134453345541836,-0.10349127182044887,-0.10349127182044887,0.0,0.8399937610704851,0.07751691246746173,0.1695575888937474,0.9537037222257857,-0.9119998531767064,1023|249|628|792|245|75|570|504,0.95370372|0.61706141|0.69612401|0.85325677|0.89848625|0.8739543|0.94689782|0.70420969,0|-3.0426718|-3.1916887|-3.3070038|-3.3797941|-3.8170095|-3.8630331|-4.3058031
0_0_0_10_14_16,-24.0,46,3,12,20,597,549,597,597,597,597,1,1,7,1.0256764033405827,0.8399937610704851,0.2519981283211455,inf,-0.23604820549844285,-0.037134453345541836,-0.10349127182044887,-0.10349127182044887,0.0,0.8399937610704851,0.07751691246746173,0.1695575888937474,0.9208342549433476,0.5799837305720938,597|519|128|732|552|575|949|549,0.92083425|0.090463553|0.98320953|0.21970534|0.61977233|0.89289588|0.99467681|0.65569878,0|-1.2377036|-1.4160584|-1.6184384|-1.9429602|-1.9749628|-1.9834358|-2.1453166
0_0_0_10_14_16,-24.0,46,3,13,21,562,909,562,562,562,562,1,1,7,1.0256764033405827,0.8399937610704851,0.2519981283211455,inf,-0.2165395540094054,-0.037134453345541836,-0.10349127182044887,-0.10349127182044887,0.0,0.8399937610704851,0.07751691246746173,0.1695575888937474,0.7110172834919164,1.0877091555337253,562|887|712|240|591|898|821|244,0.71101728|0.87245255|0.77911055|0.80426405|0.75020427|0.9848674|0.87384787|0.89362322,0|-2.0218695|-2.7947347|-2.8245821|-3.4010053|-3.4137135|-3.7659759|-3.8665811
0_0_0_10_14_16,-24.0,46,3,14,22,478,98,772,772,772,772,1,1,7,1.0256764033405827,0.8399937610704851,0.2519981283211455,inf,-0.19703090252036792,-0.037134453345541836,-0.10349127182044887,-0.10349127182044887,0.0,0.8399937610704851,0.07751691246746173,0.1695575888937474,0.6922439599317208,0.9022156657100777,772|478|976|111|36|54|464|568,0.69224396|0.7007101|0.98734591|0.8171246|0.82651646|0.79067888|0.96580035|0.99540386,0|-0.66569792|-2.065861|-2.069243|-2.3548226|-2.4198452|-2.6733593|-2.9119471
0_0_0_10_14_16,-24.0,46,3,15,23,267,564,267,267,267,267,1,1,7,1.0256764033405827,0.8399937610704851,0.2519981283211455,inf,-0.17752225103133046,-0.037134453345541836,-0.10349127182044887,-0.10349127182044887,0.0,0.8399937610704851,0.07751691246746173,0.1695575888937474,0.9573924001958833,-0.5169856865258895,267|270|630|613|753|518|157|655,0.9573924|0.85999806|0.4311812|0.91915633|0.68682853|0.79048181|0.89546842|0.91190555,0|-3.6626982|-5.2126256|-5.5955075|-6.0798316|-6.0961993|-6.3982755|-6.4273675
0_0_0_10_14_16,-24.0,46,3,16,24,917,1023,917,917,917,917,1,1,7,1.0256764033405827,0.8399937610704851,0.2519981283211455,inf,-0.158013599542293,-0.037134453345541836,-0.10349127182044887,-0.10349127182044887,0.0,0.8399937610704851,0.07751691246746173,0.1695575888937474,0.8921497337020592,-1.9719130859693772,917|374|425|789|40|931|628|188,0.89214973|0.84459985|0.9722445|0.88320478|0.55701791|0.46680163|0.45698192|0.68727528,0|-0.65032559|-1.8810578|-2.3006336|-3.2580068|-3.3474035|-3.3498904|-3.3652365
0_0_0_10_14_16,-24.0,46,3,17,25,656,114,821,821,821,821,1,1,7,1.0256764033405827,0.8399937610704851,0.2519981283211455,inf,-0.13850494805325553,-0.037134453345541836,-0.10349127182044887,-0.10349127182044887,0.0,0.8399937610704851,0.07751691246746173,0.1695575888937474,0.8523726854169777,2.7450831259950608,821|656|716|181|29|396|896|75,0.85237269|0.36261909|0.80634617|0.80109943|0.9057941|0.9394182|0.98676006|0.51482443,0|-0.066032319|-0.22755196|-0.74917329|-1.3832921|-1.4251098|-2.1546178|-2.3676473
0_0_0_10_14_16,-24.0,46,3,18,26,889,938,889,889,889,889,1,1,7,1.0256764033405827,0.8399937610704851,0.2519981283211455,inf,-0.11899629656421806,-0.037134453345541836,-0.10349127182044887,-0.10349127182044887,0.0,0.8399937610704851,0.07751691246746173,0.1695575888937474,0.9815845729223024,0.564921892531327,889|945|420|655|15|627|271|0,0.98158457|0.64277808|0.44483365|0.98325|0.59420355|0.64240634|0.75309366|0.87214541,0|-5.5820566|-5.6906353|-5.8031517|-5.9880736|-5.9896162|-5.9972012|-6.2884787
0_0_0_10_14_16,-24.0,46,3,19,27,510,452,510,510,510,510,1,1,7,1.0256764033405827,0.8399937610704851,0.2519981283211455,inf,-0.0994876450751806,-0.037134453345541836,-0.10349127182044887,-0.10349127182044887,0.0,0.8399937610704851,0.07751691246746173,0.1695575888937474,0.9656807701044623,0.318256166419939,510|940|347|859|589|664|844|65,0.96568077|0.92347702|0.98182084|0.72677844|0.46292878|0.87517911|0.98511422|0.81105761,0|-1.7745259|-3.4329906|-3.8611916|-3.8874081|-3.9769901|-4.1665236|-4.572955
0_0_0_10_14_16,-24.0,46,3,20,28,860,578,860,860,860,860,1,1,7,1.0256764033405827,0.8399937610704851,0.2519981283211455,inf,-0.07997899358614313,-0.037134453345541836,-0.10349127182044887,-0.10349127182044887,0.0,0.8399937610704851,0.07751691246746173,0.1695575888937474,0.9361413417265096,-1.6991734468561335,860|822|153|923|632|345|461|86,0.93614134|0.9241753|0.66586665|0.65690725|0.85123049|0.45121782|0.86421605|0.93426729,0|-5.1518117|-5.4713034|-5.5220262|-5.6117856|-5.8370611|-5.8760923|-5.9336011
0_0_0_10_14_16,-24.0,46,3,21,29,553,547,553,553,553,553,1,1,7,1.0256764033405827,0.8399937610704851,0.2519981283211455,inf,-0.06047034209710567,-0.037134453345541836,-0.10349127182044887,-0.10349127182044887,0.0,0.8399937610704851,0.07751691246746173,0.1695575888937474,0.7638684015615387,0.8240436810185784,553|710|547|936|396|970|690|572,0.7638684|0.98051057|0.86767888|0.81083301|0.83971121|0.97102614|0.91386544|0.73150932,0|-2.0954182|-2.4273052|-3.5499917|-3.6957228|-3.7777346|-3.8545144|-3.9954965
0_0_0_10_14_16,-24.0,46,3,22,30,629,629,629,629,629,629,1,1,7,1.0256764033405827,0.8399937610704851,0.2519981283211455,inf,-0.0409616906080682,-0.037134453345541836,-0.10349127182044887,-0.10349127182044887,0.0,0.8399937610704851,0.07751691246746173,0.1695575888937474,0.945899604580492,0.44010770632989465,629|495|635|807|173|92|573|442,0.9458996|0.60517823|0.9502913|0.78801809|0.68321274|0.75414648|0.10203648|0.71442927,0|-4.0229124|-4.9982658|-5.2492623|-5.6275254|-5.7972133|-6.2023843|-6.4887065
0_0_0_10_14_16,-24.0,46,3,23,31,759,759,759,759,759,759,1,1,7,1.0256764033405827,0.8399937610704851,0.2519981283211455,inf,-0.021453039119030737,-0.037134453345541836,-0.10349127182044887,-0.10349127182044887,0.0,0.8399937610704851,0.07751691246746173,0.1695575888937474,0.945759451480599,0.791223830452302,759|934|147|454|778|384|600|42,0.94575945|0.59807962|0.86897156|0.94882888|0.70392451|0.78232225|0.66943743|0.74346536,0|-6.2582435|-6.594569|-7.1481934|-7.6098186|-7.7116368|-7.8571984|-7.9870586
0_0_0_10_14_16,-24.0,46,3,24,32,874,874,874,874,874,874,1,1,7,1.0256764033405827,0.8399937610704851,0.2519981283211455,inf,-0.0019443876299932716,-0.037134453345541836,-0.10349127182044887,-0.10349127182044887,0.0,0.8399937610704851,0.07751691246746173,0.1695575888937474,0.7963367016164088,-0.21690879303310195,874|608|684|212|71|813|427|693,0.7963367|0.95504599|0.79824444|0.93543104|0.57263468|0.77453615|0.37629793|0.71905485,0|-1.8024873|-3.9076356|-3.9548389|-4.0243737|-4.1098385|-4.5966631|-4.8476513
0_0_0_10_14_16,-24.0,46,3,25,33,720,720,720,720,720,720,1,1,7,1.0256764033405827,0.8399937610704851,0.2519981283211455,inf,0.017564263859044194,-0.037134453345541836,-0.10349127182044887,-0.10349127182044887,0.0,0.8399937610704851,0.07751691246746173,0.1695575888937474,0.7470712581570796,-0.7128933792620386,720|980|693|662|231|62|501|613,0.74707126|0.83155356|0.44172961|0.9228339|0.34290692|0.84711523|0.59241378|0.49170482,0|-1.5546917|-2.2870998|-2.3045665|-2.381357|-2.8436378|-3.039929|-3.1239508
0_0_0_10_14_16,-24.0,46,3,26,34,314,211,314,314,314,314,1,1,7,1.0256764033405827,0.8399937610704851,0.2519981283211455,inf,0.03707291534808166,-0.037134453345541836,-0.10349127182044887,-0.10349127182044887,0.0,0.8399937610704851,0.07751691246746173,0.1695575888937474,0.7991706472989447,1.0995533101946429,314|511|675|700|301|997|107|116,0.79917065|0.31541128|0.79560824|0.69878024|0.93301593|0.90652215|0.97353897|0.97944722,0|-1.8464882|-2.2390107|-2.7815936|-3.1025609|-3.1666265|-3.250806|-3.2734002
0_0_0_10_14_16,-24.0,46,3,27,35,602,551,904,904,904,904,1,1,7,1.0256764033405827,0.8399937610704851,0.2519981283211455,inf,0.056581566837119124,-0.037134453345541836,-0.10349127182044887,-0.10349127182044887,0.0,0.8399937610704851,0.07751691246746173,0.1695575888937474,0.9880003949212515,0.4088604525225056,904|602|189|24|159|354|694|901,0.98800039|0.94324051|0.64751322|0.8844414|0.80259496|0.72457906|0.91555236|0.6682846,0|-0.3262189|-1.7251054|-2.5285491|-2.9037122|-3.2277489|-3.3678689|-3.4632237
0_0_0_10_14_16,-24.0,46,3,28,36,7,989,7,7,7,7,1,1,7,1.0256764033405827,0.8399937610704851,0.2519981283211455,inf,0.0760902183261567,-0.037134453345541836,-0.10349127182044887,-0.10349127182044887,0.0,0.8399937610704851,0.07751691246746173,0.1695575888937474,0.9896231204309712,1.5203993424547355,7|703|26|314|691|827|48|969,0.98962312|0.87640572|0.91817168|0.78842854|0.60719898|0.42507934|0.84175239|0.9514638,0|-2.9331144|-2.9989229|-3.0354779|-3.6581987|-3.784389|-3.9689247|-4.116949
0_0_0_10_14_16,-24.0,46,3,29,37,610,679,221,221,221,221,0,0,7,1.0256764033405827,0.8399937610704851,0.2519981283211455,inf,0.09559886981519417,-0.037134453345541836,-0.10349127182044887,-0.10349127182044887,0.0,0.8399937610704851,0.07751691246746173,0.1695575888937474,0.9798503692403957,0.27032937789074046,221|892|358|411|939|1012|103|919,0.97985037|0.85148219|0.78158401|0.94250322|0.77506538|0.98700907|0.69301114|0.83453904,0|-0.013453764|-0.34596893|-0.54898677|-1.1457926|-1.3726747|-1.6203764|-1.7420958
0_0_0_10_14_16,-24.0,46,3,30,38,778,938,778,778,778,778,1,1,7,1.0256764033405827,0.8399937610704851,0.2519981283211455,inf,0.11510752130423163,-0.037134453345541836,-0.10349127182044887,-0.10349127182044887,0.0,0.8399937610704851,0.07751691246746173,0.1695575888937474,0.98427051580955,0.017830818119937142,778|261|1006|608|915|847|429|323,0.98427052|0.64794494|0.9255|0.87230047|0.94770053|0.95210025|0.40862366|0.63108852,0|-1.4022007|-2.1811023|-2.1913343|-2.6356738|-2.7176022|-2.750191|-2.8866946
0_0_0_10_14_16,-24.0,46,3,31,39,897,897,897,897,897,897,1,1,7,1.0256764033405827,0.8399937610704851,0.2519981283211455,inf,0.1346161727932691,-0.037134453345541836,-0.10349127182044887,-0.10349127182044887,0.0,0.8399937610704851,0.07751691246746173,0.1695575888937474,0.9072108878344406,0.32823566081982547,897|484|893|296|769|70|351|32,0.90721089|0.44019235|0.78666709|0.93440777|0.89163751|0.69821023|0.93845078|0.73218061,0|-4.7079026|-4.7312863|-5.0907604|-5.5174985|-5.5307739|-5.8875944|-5.9038835
0_0_0_10_14_16,-24.0,46,3,32,40,740,740,740,740,740,740,1,1,7,1.0256764033405827,0.8399937610704851,0.2519981283211455,inf,0.15412482428230645,-0.037134453345541836,-0.10349127182044887,-0.10349127182044887,0.0,0.8399937610704851,0.07751691246746173,0.1695575888937474,0.9513113126572872,-0.16767177699864433,740|460|239|997|563|842|606|180,0.95131131|0.72711668|0.72955237|0.71702435|0.42907176|0.68827215|0.948915|0.70511114,0|-2.1765532|-2.2550125|-2.777368|-2.8253859|-3.2438191|-3.3757469|-3.3794928
0_0_0_10_14_16,-24.0,46,3,33,41,590,748,590,590,590,590,1,1,7,1.0256764033405827,0.8399937610704851,0.2519981283211455,inf,0.17363347577134391,-0.037134453345541836,-0.10349127182044887,-0.10349127182044887,0.0,0.8399937610704851,0.07751691246746173,0.1695575888937474,0.7924145678616207,0.3770821795112356,590|476|933|952|688|578|173|335,0.79241457|0.9910206|0.93371569|0.99788938|0.92992992|0.9216323|0.88994665|0.72498953,0|-2.0768638|-2.6114971|-2.9944631|-3.2767307|-3.3851076|-3.8249381|-3.8587035
0_0_0_10_14_16,-24.0,46,3,34,42,930,459,1020,1020,1020,1020,1,1,7,1.0256764033405827,0.8399937610704851,0.2519981283211455,inf,0.19314212726038138,-0.037134453345541836,-0.10349127182044887,-0.10349127182044887,0.0,0.8399937610704851,0.07751691246746173,0.1695575888937474,0.9668782352758561,2.23159717828584,1020|459|81|6|381|988|301|930,0.96687824|0.92486067|0.9032233|0.92513329|0.65923883|0.87333976|0.48391938|0.72258697,0|-0.80024119|-1.3476151|-1.6703682|-1.7725873|-1.9241921|-1.9389684|-2.2703018
0_0_0_10_14_16,-25.0,46,1,0,8,222,360,222,222,222,222,1,1,8,0.620056369000376,0.901223975374602,0.27036719261238057,inf,0.33496914913035447,-0.1511031754296769,0.05860349127182041,0.05860349127182041,0.0,0.901223975374602,0.19540062728242413,0.1440423048947317,0.9388566639835745,-0.542110072978151,222|364|342|27|568|22|496|384,0.93885666|0.898222|0.67078992|0.90506313|0.59423006|0.8474978|0.52164963|0.6279042,0|-1.2954052|-1.5101613|-1.6680087|-1.99343|-2.4741181|-2.7443122|-2.7598371
0_0_0_10_14_16,-25.0,46,1,1,9,826,529,826,826,826,826,1,1,8,0.620056369000376,0.901223975374602,0.27036719261238057,inf,0.354639661394561,-0.1511031754296769,0.05860349127182041,0.05860349127182041,0.0,0.901223975374602,0.19540062728242413,0.1440423048947317,0.8708395895249202,1.6259217506239014,826|113|652|600|634|30|854|711,0.87083959|0.83776935|0.82528397|0.73803179|0.95316298|0.99835908|0.93138761|0.93526307,0|-1.4622324|-3.160056|-3.3193531|-3.5542893|-3.5826201|-3.6295572|-3.7718548
0_0_0_10_14_16,-25.0,46,1,2,10,922,314,922,922,922,922,1,1,8,0.620056369000376,0.901223975374602,0.27036719261238057,inf,0.37431017365876756,-0.1511031754296769,0.05860349127182041,0.05860349127182041,0.0,0.901223975374602,0.19540062728242413,0.1440423048947317,0.9572765715866801,0.2980553219119965,922|855|365|130|974|445|485|25,0.95727657|0.68049918|0.93166657|0.89045783|0.84861738|0.86707942|0.84147574|0.8951838,0|-1.0470726|-2.0537458|-2.0842898|-2.3021544|-2.4139077|-2.6908873|-2.7429828
0_0_0_10_14_16,-25.0,46,1,3,11,718,130,718,718,718,718,1,1,8,0.620056369000376,0.901223975374602,0.27036719261238057,inf,0.3939806859229741,-0.1511031754296769,0.05860349127182041,0.05860349127182041,0.0,0.901223975374602,0.19540062728242413,0.1440423048947317,0.8832080923355606,-0.613181553658037,718|280|79|760|374|330|474|963,0.88320809|0.8405181|0.83361293|0.7238938|0.53594812|0.95240694|0.97461417|0.91675313,0|-0.96578794|-1.908535|-2.1445578|-2.1864453|-2.6259569|-2.672161|-2.8394591
0_0_0_10_14_16,-25.0,46,1,4,12,107,864,107,107,107,107,1,1,8,0.620056369000376,0.901223975374602,0.27036719261238057,inf,0.41365119818718066,-0.1511031754296769,0.05860349127182041,0.05860349127182041,0.0,0.901223975374602,0.19540062728242413,0.1440423048947317,0.9185081861740274,-0.5612554677655466,107|958|686|356|1013|303|967|48,0.91850819|0.72316171|0.14733941|0.29002852|0.89475664|0.79751091|0.89781275|0.44986249,0|-4.5907998|-4.7710996|-4.9053397|-5.0179941|-5.1495708|-5.338887|-5.636031
0_0_0_10_14_16,-25.0,46,1,5,13,468,460,468,468,468,468,1,1,8,0.620056369000376,0.901223975374602,0.27036719261238057,inf,0.4333217104513872,-0.1511031754296769,0.05860349127182041,0.05860349127182041,0.0,0.901223975374602,0.19540062728242413,0.1440423048947317,0.9215526600343019,-0.5213500071511433,468|862|976|589|34|854|503|939,0.92155266|0.86880384|0.9772122|0.91376715|0.72161748|0.91017334|0.31016635|0.79690742,0|-0.31696432|-1.0295657|-1.0953293|-1.183612|-1.3108879|-1.3337517|-1.468218
0_0_0_10_14_16,-25.0,46,1,6,14,89,53,89,89,89,89,1,1,8,0.620056369000376,0.901223975374602,0.27036719261238057,inf,0.45299222271559375,-0.1511031754296769,0.05860349127182041,0.05860349127182041,0.0,0.901223975374602,0.19540062728242413,0.1440423048947317,0.8732978520347556,-1.7612906048008206,89|911|467|275|441|388|212|690,0.87329785|0.92209086|0.42430429|0.97018211|0.95901514|0.81834713|0.92266785|0.81557372,0|-0.22663647|-0.37527175|-0.56224247|-0.57273042|-1.3323529|-1.8205519|-1.8322989
0_0_0_10_14_16,-25.0,46,1,7,15,713,498,713,713,713,713,1,1,8,0.620056369000376,0.901223975374602,0.27036719261238057,inf,0.4726627349798003,-0.1511031754296769,0.05860349127182041,0.05860349127182041,0.0,0.901223975374602,0.19540062728242413,0.1440423048947317,0.45359051590272437,-1.494179508252809,713|360|668|744|896|1023|755|960,0.45359052|0.94197457|0.81765887|0.68332201|0.67332612|0.94646795|0.98608432|0.85238499,0|-1.864634|-2.0892148|-2.1114786|-2.944744|-3.1240412|-3.2777999|-3.3594893
0_0_0_10_14_16,-25.0,46,1,8,16,865,466,865,865,865,865,1,1,8,0.620056369000376,0.901223975374602,0.27036719261238057,inf,0.4923332472440069,-0.1511031754296769,0.05860349127182041,0.05860349127182041,0.0,0.901223975374602,0.19540062728242413,0.1440423048947317,0.9963115864300806,-0.18573735198964073,865|667|992|190|792|775|325|659,0.99631159|0.9378402|0.94099062|0.98257258|0.9444817|0.85367041|0.53156692|0.8711112,0|-1.2850813|-1.8565696|-1.9799802|-2.0518081|-2.0800847|-2.5845187|-2.8374992
0_0_0_10_14_16,-25.0,46,1,9,17,492,492,492,492,492,492,1,1,8,0.620056369000376,0.901223975374602,0.27036719261238057,inf,0.5120037595082134,-0.1511031754296769,0.05860349127182041,0.05860349127182041,0.0,0.901223975374602,0.19540062728242413,0.1440423048947317,0.9693514365277034,-0.3416865262702679,492|837|14|596|486|428|870|694,0.96935144|0.73834896|0.95562317|0.99154162|0.35392946|0.72558179|0.99254371|0.76370514,0|-3.6579962|-3.7908893|-4.9769044|-5.1698371|-5.4400846|-5.4481828|-5.4992401
0_0_0_10_14_16,-25.0,46,1,10,18,765,439,765,765,765,765,1,1,8,0.620056369000376,0.901223975374602,0.27036719261238057,inf,0.53167427177242,-0.1511031754296769,0.05860349127182041,0.05860349127182041,0.0,0.901223975374602,0.19540062728242413,0.1440423048947317,0.8197668644012228,-1.2678677433761303,765|453|48|532|578|639|192|814,0.81976686|0.92790905|0.77339805|0.6716312|0.83384033|0.98747567|0.90796405|0.96808247,0|-1.4946571|-2.6953207|-3.6275603|-3.7925949|-3.9451234|-3.9509801|-4.0645872
0_0_0_10_14_16,-25.0,46,1,11,19,1023,946,479,479,479,479,0,0,8,0.620056369000376,0.901223975374602,0.27036719261238057,inf,0.5513447840366266,-0.1511031754296769,0.05860349127182041,0.05860349127182041,0.0,0.901223975374602,0.19540062728242413,0.1440423048947317,0.6979774340472643,-1.1526248149894762,479|179|189|850|739|126|373|873,0.69797743|0.55847769|0.97132954|0.49750136|0.86715956|0.9615215|0.25471801|0.64297672,0|-0.045614169|-1.4746408|-1.8647618|-1.8813856|-1.9655819|-2.1269971|-2.1511187
0_0_0_10_14_16,-25.0,46,1,12,20,597,281,597,597,597,597,1,1,8,0.620056369000376,0.901223975374602,0.27036719261238057,inf,0.5710152963008331,-0.1511031754296769,0.05860349127182041,0.05860349127182041,0.0,0.901223975374602,0.19540062728242413,0.1440423048947317,0.7987478466892616,0.06452155379415908,597|946|569|988|384|660|248|449,0.79874785|0.85569837|0.56825827|0.97891198|0.79534335|0.93326603|0.95495718|0.65338137,0|-0.061527529|-0.40652316|-0.81475264|-0.81970345|-0.91333115|-1.3819174|-1.3980727
0_0_0_10_14_16,-25.0,46,1,13,21,562,672,562,562,562,562,1,1,8,0.620056369000376,0.901223975374602,0.27036719261238057,inf,0.5906858085650396,-0.1511031754296769,0.05860349127182041,0.05860349127182041,0.0,0.901223975374602,0.19540062728242413,0.1440423048947317,0.9037394608335063,0.6101611845517367,562|10|52|567|455|551|151|629,0.90373946|0.80744099|0.94139285|0.78370928|0.58280813|0.66034604|0.74737313|0.73191167,0|-2.5920917|-2.9715144|-3.5763708|-3.6286916|-3.7533317|-3.7812142|-3.9269481
0_0_0_10_14_16,-25.0,46,1,14,22,478,289,478,478,478,478,1,1,8,0.620056369000376,0.901223975374602,0.27036719261238057,inf,0.6103563208292462,-0.1511031754296769,0.05860349127182041,0.05860349127182041,0.0,0.901223975374602,0.19540062728242413,0.1440423048947317,0.6642365230340981,-1.194474223104275,478|407|684|76|781|527|947|982,0.66423652|0.74227901|0.78605384|0.83558871|0.89921699|0.55338966|0.99333243|0.89426633,0|-1.1899697|-2.1754982|-2.2168401|-2.2435985|-2.3166055|-2.711666|-2.7238291
0_0_0_10_14_16,-25.0,46,1,15,23,267,611,267,267,267,267,1,1,8,0.620056369000376,0.901223975374602,0.27036719261238057,inf,0.6300268330934528,-0.1511031754296769,0.05860349127182041,0.05860349127182041,0.0,0.901223975374602,0.19540062728242413,0.1440423048947317,0.9924896924175236,-0.1692332738689807,267|877|415|576|204|392|773|53,0.99248969|0.75614587|0.61052506|0.86640395|0.92814554|0.99041033|0.89994874|0.53237341,0|-2.6948636|-3.028|-3.0813454|-3.3585107|-3.4360158|-3.4709764|-3.5701484
0_0_0_10_14_16,-25.0,46,1,16,24,917,817,864,864,864,864,1,1,8,0.620056369000376,0.901223975374602,0.27036719261238057,inf,0.6496973453576593,-0.1511031754296769,0.05860349127182041,0.05860349127182041,0.0,0.901223975374602,0.19540062728242413,0.1440423048947317,0.9655303321216543,-0.07552722781502696,864|917|158|201|62|851|282|525,0.96553033|0.82626732|0.97291583|0.74141|0.94282395|0.99260538|0.86837676|0.92843063,0|-0.29012515|-1.0245526|-1.6283599|-1.6880215|-2.2721682|-2.5559325|-2.7441399
0_0_0_10_14_16,-25.0,46,1,17,25,656,161,656,656,656,656,1,1,8,0.620056369000376,0.901223975374602,0.27036719261238057,inf,0.6693678576218659,-0.1511031754296769,0.05860349127182041,0.05860349127182041,0.0,0.901223975374602,0.19540062728242413,0.1440423048947317,0.9804934655853388,0.22839548455375352,656|985|434|466|931|934|887|628,0.98049347|0.9522558|0.8095955|0.68999234|0.90160513|0.82069316|0.6724204|0.83350864,0|-4.3260972|-5.0532154|-5.2194336|-5.2310653|-5.9582549|-6.0014552|-6.1952751
0_0_0_10_14_16,-25.0,46,1,18,26,889,974,889,889,889,889,1,1,8,0.620056369000376,0.901223975374602,0.27036719261238057,inf,0.6890383698860724,-0.1511031754296769,0.05860349127182041,0.05860349127182041,0.0,0.901223975374602,0.19540062728242413,0.1440423048947317,0.7340876894893142,1.7918991109112083,889|71|699|346|853|682|715|215,0.73408769|0.98860431|0.62302638|0.760694|0.80467676|0.90509613|0.61727017|0.72029757,0|-2.8557306|-3.5248451|-3.6301508|-3.77245|-3.9088889|-4.0907518|-4.129437
0_0_0_10_14_16,-25.0,46,1,19,27,510,240,510,510,510,510,1,1,8,0.620056369000376,0.901223975374602,0.27036719261238057,inf,0.7087088821502789,-0.1511031754296769,0.05860349127182041,0.05860349127182041,0.0,0.901223975374602,0.19540062728242413,0.1440423048947317,0.5266738593466476,1.4493027667849823,510|595|206|1007|28|669|202|795,0.52667386|0.78055535|0.88854699|0.82454197|0.9381275|0.92988419|0.9547937|0.76980239,0|-0.19789795|-0.94964946|-1.7202335|-2.0411297|-2.0958505|-2.1875217|-2.2669737
0_0_0_10_14_16,-25.0,46,1,20,28,860,549,860,860,860,860,1,1,8,0.620056369000376,0.901223975374602,0.27036719261238057,inf,0.7283793944144855,-0.1511031754296769,0.05860349127182041,0.05860349127182041,0.0,0.901223975374602,0.19540062728242413,0.1440423048947317,0.9633049943305114,1.078993472106268,860|671|78|549|639|583|517|644,0.96330499|0.87377126|0.94479692|0.98800968|0.59564652|0.83251123|0.74798399|0.22110757,0|-3.2860738|-3.3196474|-3.347124|-4.0478832|-4.2020876|-4.2863396|-4.3310125
0_0_0_10_14_16,-25.0,46,1,21,29,553,63,1003,1003,1003,1003,0,0,8,0.620056369000376,0.901223975374602,0.27036719261238057,inf,0.7480499066786921,-0.1511031754296769,0.05860349127182041,0.05860349127182041,0.0,0.901223975374602,0.19540062728242413,0.1440423048947317,0.9075283908421709,2.3075383157504636,1003|291|1014|869|944|854|934|386,0.90752839|0.63340392|0.97041936|0.977871|0.93440024|0.84431863|0.7660555|0.55528201,0|-0.043259338|-0.1363407|-0.4091315|-0.77064336|-0.82461995|-0.88175457|-1.2317167
0_0_0_10_14_16,-25.0,46,1,22,30,629,520,629,629,629,629,1,1,8,0.620056369000376,0.901223975374602,0.27036719261238057,inf,0.7677204189428987,-0.1511031754296769,0.05860349127182041,0.05860349127182041,0.0,0.901223975374602,0.19540062728242413,0.1440423048947317,0.983241941907241,-0.06017758547249469,629|287|142|867|557|188|318|247,0.98324194|0.57084307|0.98110787|0.90150597|0.58457964|0.93548053|0.8995421|0.96938672,0|-3.7139181|-4.191863|-4.4996829|-4.9086628|-5.0947002|-5.4979631|-5.5211672
0_0_0_10_14_16,-25.0,46,1,23,31,759,210,759,759,759,759,1,1,8,0.620056369000376,0.901223975374602,0.27036719261238057,inf,0.7873909312071051,-0.1511031754296769,0.05860349127182041,0.05860349127182041,0.0,0.901223975374602,0.19540062728242413,0.1440423048947317,0.9920998099112018,-0.08439440949870758,759|449|58|1023|312|130|358|223,0.99209981|0.89823103|0.89026738|0.96616069|0.67868736|0.61578353|0.9232155|0.90252437,0|-5.4389069|-5.8011266|-6.0688468|-6.2120781|-6.4394983|-6.4618995|-6.4841169
0_0_0_10_14_16,-25.0,46,1,24,32,874,874,874,874,874,874,1,1,8,0.620056369000376,0.901223975374602,0.27036719261238057,inf,0.8070614434713117,-0.1511031754296769,0.05860349127182041,0.05860349127182041,0.0,0.901223975374602,0.19540062728242413,0.1440423048947317,0.9969471132739608,-0.329830074585303,874|531|326|613|460|822|755|816,0.99694711|0.89698624|0.98544027|0.99808199|0.96950518|0.97723699|0.56107916|0.98172681,0|-2.6083273|-2.7281541|-2.8559898|-3.5957754|-3.935629|-4.2354395|-4.4363262
0_0_0_10_14_16,-25.0,46,1,25,33,720,588,720,720,720,720,1,1,8,0.620056369000376,0.901223975374602,0.27036719261238057,inf,0.8267319557355183,-0.1511031754296769,0.05860349127182041,0.05860349127182041,0.0,0.901223975374602,0.19540062728242413,0.1440423048947317,0.9309353527045626,0.1654648175528088,720|362|444|841|672|555|368|195,0.93093535|0.93749752|0.98255718|0.83024999|0.91767026|0.69664169|0.70581422|0.75624655,0|-1.2523567|-2.120432|-2.4355218|-2.5438275|-2.5576388|-2.7029728|-3.1267949
0_0_0_10_14_16,-25.0,46,1,26,34,314,419,314,314,314,314,1,1,8,0.620056369000376,0.901223975374602,0.27036719261238057,inf,0.8464024679997249,-0.1511031754296769,0.05860349127182041,0.05860349127182041,0.0,0.901223975374602,0.19540062728242413,0.1440423048947317,0.9091868019849577,-0.446186340393817,314|256|886|400|43|881|394|71,0.9091868|0.92018199|0.99771404|0.94059497|0.85535162|0.93722676|0.80779519|0.66735947,0|-0.37813016|-0.66986984|-1.1588485|-1.1857798|-1.3474662|-1.566092|-1.6047601
0_0_0_10_14_16,-25.0,46,1,27,35,602,329,602,602,602,602,1,1,8,0.620056369000376,0.901223975374602,0.27036719261238057,inf,0.8660729802639313,-0.1511031754296769,0.05860349127182041,0.05860349127182041,0.0,0.901223975374602,0.19540062728242413,0.1440423048947317,0.7616472129535752,-0.04665294473678727,602|50|495|695|823|181|231|299,0.76164721|0.94148138|0.65387536|0.80702292|0.58899109|0.93823713|0.79916207|0.62627954,0|-1.3766752|-1.8074128|-2.5286197|-2.622219|-2.7586198|-2.7985792|-3.1531975
0_0_0_10_14_16,-25.0,46,1,28,36,7,749,7,7,7,7,1,1,8,0.620056369000376,0.901223975374602,0.27036719261238057,inf,0.8857434925281379,-0.1511031754296769,0.05860349127182041,0.05860349127182041,0.0,0.901223975374602,0.19540062728242413,0.1440423048947317,0.9077866776776088,1.6132697188544356,7|416|631|930|525|294|681|635,0.90778668|0.99698792|0.83288415|0.92353292|0.89758039|0.55209924|0.97626894|0.59595284,0|-2.3720705|-2.3955468|-2.5079693|-3.5225174|-3.5581622|-3.6635069|-3.7521936
0_0_0_10_14_16,-25.0,46,1,29,37,610,564,610,610,610,610,1,1,8,0.620056369000376,0.901223975374602,0.27036719261238057,inf,0.9054140047923445,-0.1511031754296769,0.05860349127182041,0.05860349127182041,0.0,0.901223975374602,0.19540062728242413,0.1440423048947317,0.691648534928952,0.6425970007993949,610|428|533|808|370|564|379|868,0.69164853|0.84481533|0.58441431|0.40798293|0.94099059|0.90196365|0.6870065|0.78584379,0|-0.37291137|-1.1189992|-1.4874989|-1.687407|-1.7249739|-1.7337792|-1.798722
0_0_0_10_14_16,-25.0,46,1,30,38,807,260,807,807,807,807,1,1,8,0.620056369000376,0.901223975374602,0.27036719261238057,inf,0.925084517056551,-0.1511031754296769,0.05860349127182041,0.05860349127182041,0.0,0.901223975374602,0.19540062728242413,0.1440423048947317,0.9919166641306948,0.3099820820845402,807|132|820|389|697|563|827|732,0.99191666|0.95628214|0.88332556|0.94118191|0.66486331|0.63725233|0.99203325|0.7176728,0|-1.1956858|-2.187066|-2.7863115|-3.0725128|-3.2245288|-3.63399|-3.7093739
0_0_0_10_14_16,-25.0,46,1,31,39,897,674,897,897,897,897,1,1,8,0.620056369000376,0.901223975374602,0.27036719261238057,inf,0.9447550293207576,-0.1511031754296769,0.05860349127182041,0.05860349127182041,0.0,0.901223975374602,0.19540062728242413,0.1440423048947317,0.9306040273738415,-1.3876978118458818,897|37|74|45|107|199|224|391,0.93060403|0.96786151|0.79108657|0.61829833|0.96033087|0.93961272|0.73790088|0.83435077,0|-0.91999067|-2.3455092|-2.5124974|-2.6868294|-2.7087458|-2.7405552|-3.0374046
0_0_0_10_14_16,-25.0,46,1,32,40,749,883,749,749,749,749,1,1,8,0.620056369000376,0.901223975374602,0.27036719261238057,inf,0.9644255415849641,-0.1511031754296769,0.05860349127182041,0.05860349127182041,0.0,0.901223975374602,0.19540062728242413,0.1440423048947317,0.9642234137133293,-0.5819322920171555,749|941|722|493|926|51|346|476,0.96422341|0.92354562|0.44974112|0.73615805|0.5385376|0.68134835|0.85582314|0.88422194,0|-3.164439|-3.4764925|-3.5695573|-3.7347045|-3.8779649|-4.7005927|-4.97145
0_0_0_10_14_16,-25.0,46,1,33,41,584,35,584,584,584,584,1,1,8,0.620056369000376,0.901223975374602,0.27036719261238057,inf,0.9840960538491708,-0.1511031754296769,0.05860349127182041,0.05860349127182041,0.0,0.901223975374602,0.19540062728242413,0.1440423048947317,0.7117425321239574,-1.1977794703883191,584|358|866|340|512|912|122|935,0.71174253|0.75349412|0.95880542|0.80224058|0.86646773|0.82595243|0.80531833|0.97086052,0|-2.3340795|-2.9307253|-3.210324|-3.3373124|-3.8071353|-3.8794154|-4.285071
0_0_0_10_14_16,-25.0,46,1,34,42,934,635,934,934,934,934,1,1,8,0.620056369000376,0.901223975374602,0.27036719261238057,inf,1.0037665661133772,-0.1511031754296769,0.05860349127182041,0.05860349127182041,0.0,0.901223975374602,0.19540062728242413,0.1440423048947317,0.9352724536844335,2.75488317461455,934|86|440|167|449|733|109|578,0.93527245|0.78274445|0.83259645|0.65270486|0.89851424|0.90645959|0.85991279|0.98163569,0|-2.359125|-3.2281529|-4.0429784|-4.4796875|-4.4962037|-4.5941734|-4.617239
0_0_0_10_14_16,-25.0,46,2,0,8,803,788,803,803,803,803,1,1,8,0.7105800229160668,0.8994310559532493,0.26982931678597477,inf,-0.30705261924112837,0.08014292352596655,-0.06608478802992518,-0.06608478802992518,0.0,0.8994310559532493,0.1362363055794995,0.2008772247011496,0.988298659085957,-0.2967393844201225,803|651|464|766|323|1017|746|369,0.98829866|0.99799533|0.67069326|0.86400931|0.74544578|0.80663933|0.93389293|0.78859937,0|-1.5669102|-2.1632027|-2.3680856|-2.9152741|-2.9457833|-3.0931001|-3.1347476
0_0_0_10_14_16,-25.0,46,2,1,9,826,239,826,826,826,826,1,1,8,0.7105800229160668,0.8994310559532493,0.26982931678597477,inf,-0.28750361547893455,0.08014292352596655,-0.06608478802992518,-0.06608478802992518,0.0,0.8994310559532493,0.1362363055794995,0.2008772247011496,0.7443840271338676,1.3769942596149651,826|577|65|501|230|130|231|26,0.74438403|0.41836096|0.9866151|0.83835682|0.71232724|0.99306872|0.96511601|0.92040074,0|-1.7094824|-2.0226384|-2.1770168|-3.0579898|-3.131863|-3.1806581|-3.4239868
0_0_0_10_14_16,-25.0,46,2,2,10,922,204,124,124,124,124,0,0,8,0.7105800229160668,0.8994310559532493,0.26982931678597477,inf,-0.26795461171674073,0.08014292352596655,-0.06608478802992518,-0.06608478802992518,0.0,0.8994310559532493,0.1362363055794995,0.2008772247011496,0.9906115911352772,0.3057399746781153,124|434|1000|369|384|605|878|216,0.99061159|0.84144655|0.84482523|0.87335886|0.97789444|0.94526756|0.99764606|0.90748017,0|-0.72821615|-1.138947|-1.2615859|-1.3645851|-1.4627869|-1.5460643|-1.5693766
0_0_0_10_14_16,-25.0,46,2,3,11,718,193,817,817,817,817,1,1,8,0.7105800229160668,0.8994310559532493,0.26982931678597477,inf,-0.24840560795454691,0.08014292352596655,-0.06608478802992518,-0.06608478802992518,0.0,0.8994310559532493,0.1362363055794995,0.2008772247011496,0.6492719082505124,2.7513074992710598,817|938|800|718|259|246|234|2,0.64927191|0.98634385|0.40477376|0.79700197|0.85660966|0.94873472|0.96176191|0.95157456,0|-0.60481902|-1.944965|-1.9895251|-2.0142019|-2.6540902|-2.6901271|-2.813893
0_0_0_10_14_16,-25.0,46,2,4,12,86,551,13,13,13,13,1,1,8,0.7105800229160668,0.8994310559532493,0.26982931678597477,inf,-0.2288566041923531,0.08014292352596655,-0.06608478802992518,-0.06608478802992518,0.0,0.8994310559532493,0.1362363055794995,0.2008772247011496,0.888844806912777,2.592590109519065,13|86|14|469|698|347|792|356,0.88884481|0.90717214|0.72284071|0.63023256|0.73937926|0.74111181|0.97551172|0.90067704,0|-0.0035951536|-0.43777335|-1.0949767|-1.1296965|-1.3458745|-2.0503047|-2.2883225
0_0_0_10_14_16,-25.0,46,2,5,13,468,956,468,468,468,468,1,1,8,0.7105800229160668,0.8994310559532493,0.26982931678597477,inf,-0.20930760043015928,0.08014292352596655,-0.06608478802992518,-0.06608478802992518,0.0,0.8994310559532493,0.1362363055794995,0.2008772247011496,0.918750777522212,0.1515825548576777,468|238|123|868|152|785|639|989,0.91875078|0.91839956|0.91258496|0.89946824|0.91412876|0.64632178|0.54985872|0.97193207,0|-1.3124411|-2.4336562|-2.4729137|-2.5760885|-3.0002974|-3.0949967|-3.3468908
0_0_0_10_14_16,-25.0,46,2,6,14,89,308,89,89,89,89,1,1,8,0.7105800229160668,0.8994310559532493,0.26982931678597477,inf,-0.18975859666796546,0.08014292352596655,-0.06608478802992518,-0.06608478802992518,0.0,0.8994310559532493,0.1362363055794995,0.2008772247011496,0.9719290324805777,0.8463832433871878,89|984|439|652|957|4|481|374,0.97192903|0.58329455|0.73549556|0.94772122|0.70861065|0.93371846|0.98329307|0.73835289,0|-4.4795685|-4.6656286|-4.7120449|-4.9364485|-5.0715987|-5.1531191|-5.4664709
0_0_0_10_14_16,-25.0,46,2,7,15,713,97,713,713,713,713,1,1,8,0.7105800229160668,0.8994310559532493,0.26982931678597477,inf,-0.17020959290577165,0.08014292352596655,-0.06608478802992518,-0.06608478802992518,0.0,0.8994310559532493,0.1362363055794995,0.2008772247011496,0.8115493443817409,1.6308067182833739,713|763|132|753|252|192|496|909,0.81154934|0.82084528|0.79429735|0.75584526|0.6975104|0.90954318|0.91116105|0.96712843,0|-0.42770447|-1.5256802|-2.863231|-2.9802638|-3.2098177|-3.2129195|-3.3332577
0_0_0_10_14_16,-25.0,46,2,8,16,865,1019,865,865,865,865,1,1,8,0.7105800229160668,0.8994310559532493,0.26982931678597477,inf,-0.15066058914357783,0.08014292352596655,-0.06608478802992518,-0.06608478802992518,0.0,0.8994310559532493,0.1362363055794995,0.2008772247011496,0.9639673938872341,-0.44220443356403805,865|898|637|713|234|846|939|910,0.96396739|0.96922427|0.72063643|0.88249514|0.74044527|0.91853659|0.98253503|0.89399536,0|-1.5598958|-2.2660204|-2.426382|-2.6752245|-2.7129034|-2.8700601|-2.8817616
0_0_0_10_14_16,-25.0,46,2,9,17,492,955,302,302,302,302,1,1,8,0.7105800229160668,0.8994310559532493,0.26982931678597477,inf,-0.131111585381384,0.08014292352596655,-0.06608478802992518,-0.06608478802992518,0.0,0.8994310559532493,0.1362363055794995,0.2008772247011496,0.9464507042152133,0.650488685929996,302|513|622|492|149|955|505|920,0.9464507|0.8921302|0.51878625|0.84547037|0.89222927|0.74006186|0.88220184|0.87189888,0|-0.57872393|-0.69709965|-0.98949366|-1.0879864|-1.1595364|-1.2448479|-1.481626
0_0_0_10_14_16,-25.0,46,2,10,18,765,471,765,765,765,765,1,1,8,0.7105800229160668,0.8994310559532493,0.26982931678597477,inf,-0.1115625816191902,0.08014292352596655,-0.06608478802992518,-0.06608478802992518,0.0,0.8994310559532493,0.1362363055794995,0.2008772247011496,0.8925071290753421,-0.8043629042303599,765|617|688|117|778|998|104|250,0.89250713|0.85286433|0.62686944|0.94037402|0.61268806|0.79819684|0.92062461|0.80694005,0|-4.0701313|-4.169238|-4.4208517|-4.8197992|-4.9542082|-5.0324579|-5.0926281
0_0_0_10_14_16,-25.0,46,2,11,19,1023,186,1023,1023,1023,1023,1,1,8,0.7105800229160668,0.8994310559532493,0.26982931678597477,inf,-0.09201357785699638,0.08014292352596655,-0.06608478802992518,-0.06608478802992518,0.0,0.8994310559532493,0.1362363055794995,0.2008772247011496,0.9486766222111285,-2.501283512126962,1023|911|107|580|946|796|78|413,0.94867662|0.76823897|0.90525423|0.95775731|0.62561355|0.95448159|0.71134689|0.87763338,0|-3.3296403|-3.6872445|-4.0120336|-4.1000465|-4.5583052|-4.8130515|-4.8292474
0_0_0_10_14_16,-25.0,46,2,12,20,597,722,597,597,597,597,1,1,8,0.7105800229160668,0.8994310559532493,0.26982931678597477,inf,-0.07246457409480256,0.08014292352596655,-0.06608478802992518,-0.06608478802992518,0.0,0.8994310559532493,0.1362363055794995,0.2008772247011496,0.9120411493011461,-0.4903031909261651,597|118|100|223|199|399|566|914,0.91204115|0.75414262|0.75722495|0.82048588|0.62346749|0.79400396|0.86287028|0.75710699,0|-0.2160673|-1.4888753|-1.9613514|-2.0464586|-2.3836496|-2.5574356|-2.7098478
0_0_0_10_14_16,-25.0,46,2,13,21,562,503,562,562,562,562,1,1,8,0.7105800229160668,0.8994310559532493,0.26982931678597477,inf,-0.05291557033260874,0.08014292352596655,-0.06608478802992518,-0.06608478802992518,0.0,0.8994310559532493,0.1362363055794995,0.2008772247011496,0.8878206033984891,0.6403597058105782,562|398|137|777|752|142|764|645,0.8878206|0.98143137|0.83138876|0.89215292|0.85707876|0.4493055|0.92557193|0.91798109,0|-0.35498102|-2.6792442|-3.4010595|-3.6486908|-3.6645629|-3.9116107|-3.9387172
0_0_0_10_14_16,-25.0,46,2,14,22,478,361,478,478,478,478,1,1,8,0.7105800229160668,0.8994310559532493,0.26982931678597477,inf,-0.033366566570414924,0.08014292352596655,-0.06608478802992518,-0.06608478802992518,0.0,0.8994310559532493,0.1362363055794995,0.2008772247011496,0.9495717082112074,0.23226644662588955,478|195|230|680|448|948|288|808,0.94957171|0.81286632|0.94286602|0.9915875|0.89557175|0.58706074|0.71579739|0.34489389,0|-0.327813|-2.1847231|-2.5477557|-2.8117928|-3.1477715|-3.1489763|-3.2417067
0_0_0_10_14_16,-25.0,46,2,15,23,267,621,267,267,267,267,1,1,8,0.7105800229160668,0.8994310559532493,0.26982931678597477,inf,-0.013817562808221107,0.08014292352596655,-0.06608478802992518,-0.06608478802992518,0.0,0.8994310559532493,0.1362363055794995,0.2008772247011496,0.9272959232540059,0.5664675756255504,267|187|789|112|245|114|303|325,0.92729592|0.93168412|0.96899641|0.89190143|0.96602833|0.93137757|0.89398436|0.99813067,0|-1.5610645|-1.9164059|-2.4166217|-2.9494211|-3.0084504|-3.0645058|-3.2200292
0_0_0_10_14_16,-25.0,46,2,16,24,917,43,292,292,292,292,1,1,8,0.7105800229160668,0.8994310559532493,0.26982931678597477,inf,0.005731440953972711,0.08014292352596655,-0.06608478802992518,-0.06608478802992518,0.0,0.8994310559532493,0.1362363055794995,0.2008772247011496,0.7761268454818734,-1.3149742598917502,292|917|864|759|451|879|810|502,0.77612685|0.91443484|0.97721912|0.25257564|0.64072784|0.86259325|0.85029975|0.9410928,0|-0.75672992|-2.7196667|-2.7609069|-3.0188082|-3.0204897|-3.0619807|-3.1015812
0_0_0_10_14_16,-25.0,46,2,17,25,656,893,16,16,16,16,1,1,8,0.7105800229160668,0.8994310559532493,0.26982931678597477,inf,0.025280444716166528,0.08014292352596655,-0.06608478802992518,-0.06608478802992518,0.0,0.8994310559532493,0.1362363055794995,0.2008772247011496,0.871927445970743,-1.0700805638813935,16|656|146|1020|62|131|920|341,0.87192745|0.97851901|0.6580484|0.65703607|0.93829736|0.92104287|0.89773439|0.44012974,0|-0.38697847|-0.4029989|-0.48536706|-0.92145974|-0.93941405|-1.0853488|-1.1370588
0_0_0_10_14_16,-25.0,46,2,18,26,889,314,889,889,889,889,1,1,8,0.7105800229160668,0.8994310559532493,0.26982931678597477,inf,0.044829448478360345,0.08014292352596655,-0.06608478802992518,-0.06608478802992518,0.0,0.8994310559532493,0.1362363055794995,0.2008772247011496,0.9984679445889733,0.08029425477308433,889|374|938|676|440|799|1008|980,0.99846794|0.6943976|0.97901081|0.85634217|0.84170375|0.92817464|0.77954001|0.95521142,0|-4.8427113|-5.5178187|-5.5424685|-5.6077688|-5.6255463|-5.7806267|-5.8486663
0_0_0_10_14_16,-25.0,46,2,19,27,510,801,492,492,492,492,0,0,8,0.7105800229160668,0.8994310559532493,0.26982931678597477,inf,0.06437845224055416,0.08014292352596655,-0.06608478802992518,-0.06608478802992518,0.0,0.8994310559532493,0.1362363055794995,0.2008772247011496,0.9023827476483508,0.6173777231273266,492|457|519|601|462|243|589|613,0.90238275|0.54708163|0.63088757|0.9918404|0.99460523|0.42632268|0.72788109|0.71847299,0|-0.86475307|-1.1916656|-1.3743305|-1.8778178|-2.074785|-2.366315|-2.3826734
0_0_0_10_14_16,-25.0,46,2,20,28,860,931,860,860,860,860,1,1,8,0.7105800229160668,0.8994310559532493,0.26982931678597477,inf,0.08392745600274809,0.08014292352596655,-0.06608478802992518,-0.06608478802992518,0.0,0.8994310559532493,0.1362363055794995,0.2008772247011496,0.9521622886551778,-0.9216679235363288,860|682|55|185|162|928|810|572,0.95216229|0.72777897|0.88450891|0.91601348|0.42215418|0.98571213|0.96558975|0.28899913,0|-1.7947976|-2.2519466|-2.2974928|-2.4117713|-2.6777903|-2.9627352|-3.0430547
0_0_0_10_14_16,-25.0,46,2,21,29,553,355,553,553,553,553,1,1,8,0.7105800229160668,0.8994310559532493,0.26982931678597477,inf,0.10347645976494191,0.08014292352596655,-0.06608478802992518,-0.06608478802992518,0.0,0.8994310559532493,0.1362363055794995,0.2008772247011496,0.9730507038425935,-0.14289741963772634,553|204|936|179|438|390|10|101,0.9730507|0.84795802|0.90932761|0.72692448|0.68573216|0.47535142|0.90691761|0.72661953,0|-1.2377144|-3.2850409|-3.3666887|-3.5373142|-3.6909484|-3.7748239|-3.9098241
0_0_0_10_14_16,-25.0,46,2,22,30,629,508,884,884,884,884,0,0,8,0.7105800229160668,0.8994310559532493,0.26982931678597477,inf,0.12302546352713573,0.08014292352596655,-0.06608478802992518,-0.06608478802992518,0.0,0.8994310559532493,0.1362363055794995,0.2008772247011496,0.8437082623572265,-2.607332490611587,884|625|354|748|872|668|769|46,0.84370826|0.80172823|0.90543205|0.99564076|0.74234061|0.99611745|0.73484201|0.74931645,0|-0.44901987|-1.0122729|-1.6794682|-1.759303|-1.939332|-1.9800309|-2.149013
0_0_0_10_14_16,-25.0,46,2,23,31,759,174,174,174,174,174,1,1,8,0.7105800229160668,0.8994310559532493,0.26982931678597477,inf,0.14257446728932954,0.08014292352596655,-0.06608478802992518,-0.06608478802992518,0.0,0.8994310559532493,0.1362363055794995,0.2008772247011496,0.41936425594274873,1.2019058058638872,174|175|900|759|349|460|703|345,0.41936426|0.65151067|0.95438228|0.74232275|0.56523064|0.81195719|0.99529301|0.68387345,0|-0.48394413|-0.4928792|-0.49975943|-0.52702258|-0.8421869|-1.08426|-1.1669269
0_0_0_10_14_16,-25.0,46,2,24,32,874,310,874,874,874,874,1,1,8,0.7105800229160668,0.8994310559532493,0.26982931678597477,inf,0.16212347105152336,0.08014292352596655,-0.06608478802992518,-0.06608478802992518,0.0,0.8994310559532493,0.1362363055794995,0.2008772247011496,0.9629088728735281,-0.9064965142262496,874|502|288|963|497|292|143|146,0.96290887|0.57236419|0.50977691|0.9695521|0.8605908|0.95415829|0.69916913|0.96250539,0|-1.8846181|-2.5997675|-2.6299686|-2.7841869|-3.0322283|-3.1682277|-3.433094
0_0_0_10_14_16,-25.0,46,2,25,33,720,720,720,720,720,720,1,1,8,0.7105800229160668,0.8994310559532493,0.26982931678597477,inf,0.18167247481371718,0.08014292352596655,-0.06608478802992518,-0.06608478802992518,0.0,0.8994310559532493,0.1362363055794995,0.2008772247011496,0.9535362967800326,-0.054254175951761185,720|652|62|881|273|154|650|101,0.9535363|0.88035105|0.99777321|0.88339562|0.59576348|0.58907735|0.71455516|0.88900304,0|-2.3828652|-2.5873281|-2.7821307|-3.0911151|-3.3594936|-3.5050779|-3.661459
0_0_0_10_14_16,-25.0,46,2,26,34,314,401,314,314,314,314,1,1,8,0.7105800229160668,0.8994310559532493,0.26982931678597477,inf,0.201221478575911,0.08014292352596655,-0.06608478802992518,-0.06608478802992518,0.0,0.8994310559532493,0.1362363055794995,0.2008772247011496,0.9893400705460926,0.279863299171485,314|402|259|270|810|308|6|45,0.98934007|0.82904821|0.91024749|0.98688769|0.53098747|0.84249467|0.90927025|0.86767115,0|-2.6573852|-2.82217|-3.2614692|-3.2763115|-3.4695482|-3.6079164|-3.8504354
0_0_0_10_14_16,-25.0,46,2,27,35,602,211,602,602,602,602,1,1,8,0.7105800229160668,0.8994310559532493,0.26982931678597477,inf,0.2207704823381048,0.08014292352596655,-0.06608478802992518,-0.06608478802992518,0.0,0.8994310559532493,0.1362363055794995,0.2008772247011496,0.9293237503433405,-0.5536090539395325,602|542|899|113|735|345|134|797,0.92932375|0.67342294|0.92494706|0.80304264|0.86762708|0.53401045|0.86810355|0.69505102,0|-1.8711063|-3.0125849|-3.0453424|-3.1952926|-3.6212907|-3.7327581|-3.8788392
0_0_0_10_14_16,-25.0,46,2,28,36,7,453,7,7,7,7,1,1,8,0.7105800229160668,0.8994310559532493,0.26982931678597477,inf,0.24031948610029863,0.08014292352596655,-0.06608478802992518,-0.06608478802992518,0.0,0.8994310559532493,0.1362363055794995,0.2008772247011496,0.9143348653317889,-1.1594130912943488,7|898|580|757|238|405|598|682,0.91433487|0.97966277|0.76583353|0.79193022|0.97191941|0.93149653|0.79387125|0.99270066,0|-3.3601821|-3.9345033|-4.1631627|-4.4192201|-4.4424896|-4.454383|-4.542359
0_0_0_10_14_16,-25.0,46,2,29,37,610,610,610,610,610,610,1,1,8,0.7105800229160668,0.8994310559532493,0.26982931678597477,inf,0.25986848986249245,0.08014292352596655,-0.06608478802992518,-0.06608478802992518,0.0,0.8994310559532493,0.1362363055794995,0.2008772247011496,0.9720330189806292,0.26224553500911046,610|785|481|362|370|525|223|233,0.97203302|0.91599691|0.46377183|0.78058658|0.99991044|0.79553502|0.69387454|0.77977916,0|-4.4924209|-4.6408888|-5.0958433|-5.329817|-5.7744111|-6.0677187|-6.1688776
0_0_0_10_14_16,-25.0,46,2,30,38,775,314,775,775,775,775,1,1,8,0.7105800229160668,0.8994310559532493,0.26982931678597477,inf,0.27941749362468626,0.08014292352596655,-0.06608478802992518,-0.06608478802992518,0.0,0.8994310559532493,0.1362363055794995,0.2008772247011496,0.805692632526742,-1.3938376909894683,775|271|312|825|334|201|313|359,0.80569263|0.97356342|0.79869844|0.90035415|0.76376963|0.7325553|0.60054269|0.7551355,0|-1.7071086|-2.358591|-2.5102066|-2.5943614|-2.6679676|-2.8474235|-3.3412498
0_0_0_10_14_16,-25.0,46,2,31,39,912,850,912,912,912,912,1,1,8,0.7105800229160668,0.8994310559532493,0.26982931678597477,inf,0.29896649738687997,0.08014292352596655,-0.06608478802992518,-0.06608478802992518,0.0,0.8994310559532493,0.1362363055794995,0.2008772247011496,0.9363894755070917,-1.3246466573638573,912|380|541|945|792|345|438|304,0.93638948|0.95859275|0.69308262|0.66415075|0.85787514|0.46776115|0.7930441|0.76108915,0|-4.51192|-4.5221334|-5.3304113|-5.3819539|-5.4457671|-5.607315|-5.847037
0_0_0_10_14_16,-25.0,46,2,32,40,768,209,768,768,768,768,1,1,8,0.7105800229160668,0.8994310559532493,0.26982931678597477,inf,0.3185155011490739,0.08014292352596655,-0.06608478802992518,-0.06608478802992518,0.0,0.8994310559532493,0.1362363055794995,0.2008772247011496,0.9196474328494978,0.8784190637541472,768|697|377|1000|167|225|209|396,0.91964743|0.96268197|0.6920447|0.88062881|0.8885491|0.96935497|0.56596866|0.78043172,0|-0.15044445|-1.1665071|-1.5402609|-1.8069044|-2.1708131|-2.2157873|-2.3361677
0_0_0_10_14_16,-25.0,46,2,33,41,581,581,581,581,581,581,1,1,8,0.7105800229160668,0.8994310559532493,0.26982931678597477,inf,0.3380645049112676,0.08014292352596655,-0.06608478802992518,-0.06608478802992518,0.0,0.8994310559532493,0.1362363055794995,0.2008772247011496,0.8089416766333262,0.07254567334761863,581|1013|926|266|38|669|348|320,0.80894168|0.81490801|0.95779125|0.64009311|0.82400693|0.98748891|0.73876894|0.74708269,0|-4.2434964|-5.1161255|-5.1482382|-5.1842121|-6.0264357|-6.0748585|-6.3489172
0_0_0_10_14_16,-25.0,46,2,34,42,93,962,93,93,93,93,1,1,8,0.7105800229160668,0.8994310559532493,0.26982931678597477,inf,0.35761350867346153,0.08014292352596655,-0.06608478802992518,-0.06608478802992518,0.0,0.8994310559532493,0.1362363055794995,0.2008772247011496,0.9414463257123149,-0.5263893572785249,93|761|110|859|980|712|45|546,0.94144633|0.61576971|0.78379721|0.67037473|0.95130863|0.20887696|0.90200903|0.65595959,0|-0.4665071|-2.1140597|-2.52823|-2.6509183|-3.0897421|-3.1671477|-3.4853247
0_0_0_10_14_16,-25.0,46,3,0,8,222,459,303,303,303,303,1,1,7,1.180888347773692,0.7970750194758607,0.23912250584275818,inf,-0.5218636047192293,-0.04341118434499899,-0.128428927680798,-0.128428927680798,0.0,0.7970750194758607,0.057605542010672695,0.21545452641266355,0.928159278183577,0.48610258633811587,303|222|408|13|863|761|700|228,0.92815928|0.63761516|0.22040456|0.89924006|0.91372487|0.63588918|0.74911204|0.68371356,0|-0.063650256|-0.46777686|-1.3614076|-1.6359474|-1.6414185|-1.6636706|-1.8509377
0_0_0_10_14_16,-25.0,46,3,1,9,711,711,711,711,711,711,1,1,7,1.180888347773692,0.7970750194758607,0.23912250584275818,inf,-0.5023549532301919,-0.04341118434499899,-0.128428927680798,-0.128428927680798,0.0,0.7970750194758607,0.057605542010672695,0.21545452641266355,0.9915929961520549,0.24060473461404785,711|438|626|511|526|758|276|669,0.991593|0.72550144|0.30595579|0.80537022|0.84924405|0.55012123|0.96012275|0.94623848,0|-0.74033935|-1.6490904|-1.7144856|-2.3709656|-2.6105668|-2.7422817|-3.1521615
0_0_0_10_14_16,-25.0,46,3,2,10,871,871,871,871,871,871,1,1,7,1.180888347773692,0.7970750194758607,0.23912250584275818,inf,-0.48284630174115434,-0.04341118434499899,-0.128428927680798,-0.128428927680798,0.0,0.7970750194758607,0.057605542010672695,0.21545452641266355,0.9794661971933201,-0.4348049061084516,871|307|102|955|984|899|1016|737,0.9794662|0.74093452|0.69105691|0.81252348|0.78156367|0.57087009|0.79773762|0.49128756,0|-3.3262242|-3.9076437|-4.0355947|-4.175525|-4.1977849|-4.2061761|-4.2723385
0_0_0_10_14_16,-25.0,46,3,3,11,718,688,718,718,718,718,1,1,7,1.180888347773692,0.7970750194758607,0.23912250584275818,inf,-0.4633376502521169,-0.04341118434499899,-0.128428927680798,-0.128428927680798,0.0,0.7970750194758607,0.057605542010672695,0.21545452641266355,0.8349540127518456,1.262445868074902,718|245|445|739|384|5|872|538,0.83495401|0.87770786|0.89627507|0.83728731|0.94125658|0.89799366|0.98014774|0.52516898,0|-1.0179079|-1.1305714|-2.3106303|-2.3490331|-2.5031904|-2.8371271|-2.8682928
0_0_0_10_14_16,-25.0,46,3,4,12,107,83,107,107,107,107,1,1,7,1.180888347773692,0.7970750194758607,0.23912250584275818,inf,-0.44382899876307935,-0.04341118434499899,-0.128428927680798,-0.128428927680798,0.0,0.7970750194758607,0.057605542010672695,0.21545452641266355,0.8075372760585487,-2.1842899789036037,107|111|730|677|1|724|447|67,0.80753728|0.94291337|0.80074331|0.9196352|0.96572645|0.89741149|0.7079858|0.72313415,0|-2.2800061|-2.4174623|-2.6419631|-2.9749964|-3.2878732|-3.5366703|-3.6110542
0_0_0_10_14_16,-25.0,46,3,5,13,468,950,468,468,468,468,1,1,7,1.180888347773692,0.7970750194758607,0.23912250584275818,inf,-0.4243203472740419,-0.04341118434499899,-0.128428927680798,-0.128428927680798,0.0,0.7970750194758607,0.057605542010672695,0.21545452641266355,0.9401733597102411,0.2351809617316184,468|6|222|629|782|144|707|10,0.94017336|0.81780567|0.94423587|0.84717088|0.86139198|0.94710139|0.65020351|0.87755774,0|-0.589717|-1.2660574|-1.7668124|-1.9538872|-2.7431545|-2.7885991|-2.7959554
0_0_0_10_14_16,-25.0,46,3,6,14,89,337,89,89,89,89,1,1,7,1.180888347773692,0.7970750194758607,0.23912250584275818,inf,-0.4048116957850044,-0.04341118434499899,-0.128428927680798,-0.128428927680798,0.0,0.7970750194758607,0.057605542010672695,0.21545452641266355,0.9582215209575298,0.486903707879736,89|555|373|176|1006|770|837|805,0.95822152|0.84939986|0.74115857|0.87067647|0.98742646|0.90955448|0.62237637|0.60172574,0|-0.39157664|-1.2158564|-2.0624881|-2.21499|-2.4468872|-2.4874412|-2.5700551
0_0_0_10_14_16,-25.0,46,3,7,15,713,336,713,713,713,713,1,1,7,1.180888347773692,0.7970750194758607,0.23912250584275818,inf,-0.38530304429596696,-0.04341118434499899,-0.128428927680798,-0.128428927680798,0.0,0.7970750194758607,0.057605542010672695,0.21545452641266355,0.7264534415546602,1.7723368805425852,713|526|990|522|829|470|922|888,0.72645344|0.47097128|0.97880676|0.22740436|0.97631419|0.20991848|0.94477292|0.94293988,0|-2.2877719|-2.7894644|-2.8646426|-3.0859941|-3.1424301|-3.2700439|-3.5439286
0_0_0_10_14_16,-25.0,46,3,8,16,865,886,835,835,835,835,1,1,7,1.180888347773692,0.7970750194758607,0.23912250584275818,inf,-0.3657943928069295,-0.04341118434499899,-0.128428927680798,-0.128428927680798,0.0,0.7970750194758607,0.057605542010672695,0.21545452641266355,0.9968755236947242,0.24323363361342543,835|865|806|838|373|557|766|102,0.99687552|0.98033411|0.9341254|0.7259009|0.95337303|0.73321452|0.59190119|0.83574141,0|-0.020241887|-1.2010959|-1.3887507|-1.4816493|-1.7270087|-2.0391418|-2.2599009
0_0_0_10_14_16,-25.0,46,3,9,17,492,962,492,492,492,492,1,1,7,1.180888347773692,0.7970750194758607,0.23912250584275818,inf,-0.346285741317892,-0.04341118434499899,-0.128428927680798,-0.128428927680798,0.0,0.7970750194758607,0.057605542010672695,0.21545452641266355,0.6886327040601614,0.6533108059420252,492|1016|503|18|624|396|22|477,0.6886327|0.96644182|0.64876742|0.97591957|0.032652694|0.37924465|0.90588195|0.58039693,0|-1.1163637|-1.4776125|-1.6705965|-1.6955933|-1.7967489|-1.8543908|-2.3136688
0_0_0_10_14_16,-25.0,46,3,10,18,765,920,765,765,765,765,1,1,7,1.180888347773692,0.7970750194758607,0.23912250584275818,inf,-0.32677708982885456,-0.04341118434499899,-0.128428927680798,-0.128428927680798,0.0,0.7970750194758607,0.057605542010672695,0.21545452641266355,0.6106696956870974,1.0366075827835828,765|646|575|239|225|627|464|59,0.6106697|0.61046994|0.80617782|0.65696769|0.28020904|0.78096943|0.063106334|0.95481872,0|-0.64151409|-0.80722362|-0.96065189|-1.0271606|-1.0539115|-1.2787724|-1.6989217
0_0_0_10_14_16,-25.0,46,3,11,19,1023,539,1023,1023,1023,1023,1,1,7,1.180888347773692,0.7970750194758607,0.23912250584275818,inf,-0.3072684383398171,-0.04341118434499899,-0.128428927680798,-0.128428927680798,0.0,0.7970750194758607,0.057605542010672695,0.21545452641266355,0.9430337865528308,-0.767462183121534,1023|249|628|792|245|75|570|504,0.94303379|0.572137|0.66513245|0.83415837|0.89362774|0.87787343|0.9208572|0.65883125,0|-2.1011007|-2.2301845|-2.3490957|-2.4194487|-2.8699621|-2.9134206|-3.3692454
0_0_0_10_14_16,-25.0,46,3,12,20,597,549,597,597,597,597,1,1,7,1.180888347773692,0.7970750194758607,0.23912250584275818,inf,-0.28775978685077963,-0.04341118434499899,-0.128428927680798,-0.128428927680798,0.0,0.7970750194758607,0.057605542010672695,0.21545452641266355,0.8822448751474232,0.7117502824195007,597|519|128|732|552|575|949|549,0.88224488|0.048055955|0.98711154|0.19866194|0.54106083|0.87310052|0.99581411|0.57841561,0|-0.087663224|-0.26713102|-0.4816891|-0.79939685|-0.82279243|-0.83129139|-1.0073125
0_0_0_10_14_16,-25.0,46,3,13,21,562,909,562,562,562,562,1,1,7,1.180888347773692,0.7970750194758607,0.23912250584275818,inf,-0.26825113536174217,-0.04341118434499899,-0.128428927680798,-0.128428927680798,0.0,0.7970750194758607,0.057605542010672695,0.21545452641266355,0.6211866395985556,1.274223845401942,562|887|712|240|591|898|821|244,0.62118664|0.85409843|0.74333137|0.83823117|0.68105461|0.98349421|0.85285449|0.87855786,0|-1.0525779|-1.8103378|-1.8484652|-2.4188628|-2.444836|-2.7888784|-2.8958789
0_0_0_10_14_16,-25.0,46,3,14,22,478,98,772,772,772,772,1,1,7,1.180888347773692,0.7970750194758607,0.23912250584275818,inf,-0.2487424838727047,-0.04341118434499899,-0.128428927680798,-0.128428927680798,0.0,0.7970750194758607,0.057605542010672695,0.21545452641266355,0.6506186163696966,1.0702491703041266,772|478|976|111|36|54|464|568,0.65061862|0.66609169|0.9864153|0.80374365|0.83118634|0.78125783|0.95478134|0.99182823,0|-1.7925457|-2.0729111|-2.0743286|-2.3533461|-2.432563|-2.6644644|-2.925401
0_0_0_10_14_16,-25.0,46,3,15,23,267,564,267,267,267,267,1,1,7,1.180888347773692,0.7970750194758607,0.23912250584275818,inf,-0.22923383238366724,-0.04341118434499899,-0.128428927680798,-0.128428927680798,0.0,0.7970750194758607,0.057605542010672695,0.21545452641266355,0.9553092848381002,-0.5853805068331983,267|270|630|613|753|518|157|655,0.95530928|0.81833389|0.39714692|0.87604351|0.63663946|0.83043807|0.88008852|0.87924793,0|-2.9425252|-4.4580523|-4.8377315|-5.3224529|-5.3422128|-5.6482351|-5.6764738
0_0_0_10_14_16,-25.0,46,3,16,24,917,1023,374,374,374,374,1,1,7,1.180888347773692,0.7970750194758607,0.23912250584275818,inf,-0.20972518089462977,-0.04341118434499899,-0.128428927680798,-0.128428927680798,0.0,0.7970750194758607,0.057605542010672695,0.21545452641266355,0.7880761146328514,0.9571923111247459,374|917|425|789|40|931|628|188,0.78807611|0.87897275|0.9923457|0.86686049|0.54911245|0.45465405|0.51468748|0.65967051,0|-0.47702622|-1.2176332|-1.6576469|-2.6040809|-2.6455575|-2.7140089|-2.7216904
0_0_0_10_14_16,-25.0,46,3,17,25,656,114,821,821,821,821,1,1,7,1.180888347773692,0.7970750194758607,0.23912250584275818,inf,-0.1902165294055923,-0.04341118434499899,-0.128428927680798,-0.128428927680798,0.0,0.7970750194758607,0.057605542010672695,0.21545452641266355,0.8500604228839999,2.927721538490051,821|716|181|656|29|396|896|75,0.85006042|0.77392497|0.79405569|0.2525967|0.9015988|0.90789279|0.99202601|0.50068878,0|-0.22431957|-0.7507186|-1.1901971|-1.3660349|-1.416789|-2.1391747|-2.363339
0_0_0_10_14_16,-25.0,46,3,18,26,889,938,889,889,889,889,1,1,7,1.180888347773692,0.7970750194758607,0.23912250584275818,inf,-0.17070787791655484,-0.04341118434499899,-0.128428927680798,-0.128428927680798,0.0,0.7970750194758607,0.057605542010672695,0.21545452641266355,0.97179929823419,0.7497157120970924,889|945|420|655|627|15|271|0,0.9717993|0.63111081|0.38656707|0.95513364|0.71080695|0.58632203|0.75613346|0.87433372,0|-4.8837701|-4.9720034|-5.1074174|-5.2921319|-5.2951393|-5.2989532|-5.588547
0_0_0_10_14_16,-25.0,46,3,19,27,510,452,510,510,510,510,1,1,7,1.180888347773692,0.7970750194758607,0.23912250584275818,inf,-0.15119922642751737,-0.04341118434499899,-0.128428927680798,-0.128428927680798,0.0,0.7970750194758607,0.057605542010672695,0.21545452641266355,0.9291640772836594,0.5000514000271317,510|940|347|859|589|664|844|65,0.92916408|0.91636038|0.99521486|0.70988526|0.3920739|0.8738415|0.99114493|0.82571344,0|-0.86714982|-2.5278362|-2.9744453|-2.9881248|-3.0861315|-3.2854826|-3.6672066
0_0_0_10_14_16,-25.0,46,3,20,28,860,578,860,860,860,860,1,1,7,1.180888347773692,0.7970750194758607,0.23912250584275818,inf,-0.1316905749384799,-0.04341118434499899,-0.128428927680798,-0.128428927680798,0.0,0.7970750194758607,0.057605542010672695,0.21545452641266355,0.9328591720950683,-1.6554269946867497,860|822|153|923|632|345|461|86,0.93285917|0.93981185|0.64268507|0.66314355|0.89725386|0.44618958|0.80297236|0.9304698,0|-4.3956153|-4.7247312|-4.7890676|-4.8619729|-5.0790561|-5.1515557|-5.1935814
0_0_0_10_14_16,-25.0,46,3,21,29,553,547,553,553,553,553,1,1,7,1.180888347773692,0.7970750194758607,0.23912250584275818,inf,-0.11218192344944244,-0.04341118434499899,-0.128428927680798,-0.128428927680798,0.0,0.7970750194758607,0.057605542010672695,0.21545452641266355,0.6938240231754782,1.0794759737704982,553|710|547|936|396|970|690|572,0.69382402|0.9900977|0.87484384|0.82233049|0.80331774|0.97283727|0.93095928|0.68004118,0|-1.2064987|-1.5371093|-2.6472331|-2.7948622|-2.8939552|-2.9685866|-3.0969682
0_0_0_10_14_16,-25.0,46,3,22,30,629,629,629,629,629,629,1,1,7,1.180888347773692,0.7970750194758607,0.23912250584275818,inf,-0.09267327196040498,-0.04341118434499899,-0.128428927680798,-0.128428927680798,0.0,0.7970750194758607,0.057605542010672695,0.21545452641266355,0.9109208813453339,0.6365386453123005,629|495|635|807|173|92|573|442,0.91092088|0.53200228|0.91358596|0.7516482|0.68078977|0.76021524|0.058379458|0.64198559,0|-3.3015864|-4.2318724|-4.5049086|-4.8936659|-5.0677637|-5.4841438|-5.74444
0_0_0_10_14_16,-25.0,46,3,23,31,759,37,759,759,759,759,1,1,7,1.180888347773692,0.7970750194758607,0.23912250584275818,inf,-0.07316462047136751,-0.04341118434499899,-0.128428927680798,-0.128428927680798,0.0,0.7970750194758607,0.057605542010672695,0.21545452641266355,0.9212345657114294,1.015506462790354,759|934|147|454|778|384|600|42,0.92123457|0.58647741|0.86965165|0.97935612|0.74394253|0.71660381|0.59136799|0.73284342,0|-5.6173298|-5.9415277|-6.5052002|-6.9874956|-7.0735853|-7.2172825|-7.3488564
0_0_0_10_14_16,-25.0,46,3,24,32,874,369,874,874,874,874,1,1,7,1.180888347773692,0.7970750194758607,0.23912250584275818,inf,-0.05365596898233005,-0.04341118434499899,-0.128428927680798,-0.128428927680798,0.0,0.7970750194758607,0.057605542010672695,0.21545452641266355,0.7563604125530302,-0.07875765668206913,874|608|684|212|71|813|427|693,0.75636041|0.92361439|0.85224474|0.91756457|0.56345839|0.80705197|0.34766576|0.68904188,0|-0.87522768|-2.9781179|-3.0237631|-3.0951673|-3.1835278|-3.6771343|-3.9236835
0_0_0_10_14_16,-25.0,46,3,25,33,720,680,720,720,720,720,1,1,7,1.180888347773692,0.7970750194758607,0.23912250584275818,inf,-0.034147317493292584,-0.04341118434499899,-0.128428927680798,-0.128428927680798,0.0,0.7970750194758607,0.057605542010672695,0.21545452641266355,0.7338838253007777,-0.5946519557910048,720|980|693|662|231|62|501|613,0.73388383|0.82136262|0.41564697|0.88060308|0.3053623|0.84751373|0.54439094|0.42581764,0|-0.47242888|-1.1966394|-1.2183971|-1.3070864|-1.7708063|-1.9716501|-2.0403224
0_0_0_10_14_16,-25.0,46,3,26,34,314,211,314,314,314,314,1,1,7,1.180888347773692,0.7970750194758607,0.23912250584275818,inf,-0.014638666004255119,-0.04341118434499899,-0.128428927680798,-0.128428927680798,0.0,0.7970750194758607,0.057605542010672695,0.21545452641266355,0.7133224975408416,1.3305806501811952,314|511|675|700|301|997|107|116,0.7133225|0.24739675|0.77644602|0.64358401|0.93863999|0.91034655|0.97218523|0.97722945,0|-0.80815896|-1.2183902|-1.7496781|-2.0720648|-2.1542738|-2.2204809|-2.2550756
0_0_0_10_14_16,-25.0,46,3,27,35,602,551,904,904,904,904,1,1,7,1.180888347773692,0.7970750194758607,0.23912250584275818,inf,0.0048699854847823465,-0.04341118434499899,-0.128428927680798,-0.128428927680798,0.0,0.7970750194758607,0.057605542010672695,0.21545452641266355,0.9820324923543164,0.6049001102368561,904|602|189|24|159|354|694|901,0.98203249|0.90074563|0.60899996|0.88371846|0.77708233|0.75699328|0.92513437|0.65252903,0|-1.3825387|-1.7186423|-2.5206505|-2.8894901|-3.2317138|-3.3643305|-3.4687935
0_0_0_10_14_16,-25.0,46,3,28,36,7,989,7,7,7,7,1,1,7,1.180888347773692,0.7970750194758607,0.23912250584275818,inf,0.024378636973819923,-0.04341118434499899,-0.128428927680798,-0.128428927680798,0.0,0.7970750194758607,0.057605542010672695,0.21545452641266355,0.9866198107535409,1.7108572752262856,7|703|26|314|691|827|48|969,0.98661981|0.89788027|0.921989|0.74073286|0.54985643|0.41689448|0.83479891|0.9472052,0|-1.9720354|-2.0304494|-2.0843736|-2.6846104|-2.8432693|-2.9941622|-3.1706782
0_0_0_10_14_16,-25.0,46,3,29,37,610,679,221,221,221,221,0,0,7,1.180888347773692,0.7970750194758607,0.23912250584275818,inf,0.04388728846285739,-0.04341118434499899,-0.128428927680798,-0.128428927680798,0.0,0.7970750194758607,0.057605542010672695,0.21545452641266355,0.9705648711221722,0.4286604922889303,221|892|358|411|939|1012|103|919,0.97056487|0.8582111|0.75096869|0.90808601|0.78330012|0.98705949|0.6750343|0.8503462,0|-0.012330971|-0.3407454|-0.53830396|-1.1383652|-1.3676182|-1.6241175|-1.7492974
0_0_0_10_14_16,-25.0,46,3,30,38,778,938,778,778,778,778,1,1,7,1.180888347773692,0.7970750194758607,0.23912250584275818,inf,0.06339593995189485,-0.04341118434499899,-0.128428927680798,-0.128428927680798,0.0,0.7970750194758607,0.057605542010672695,0.21545452641266355,0.9768245294886602,0.1550533729329734,778|261|1006|608|915|847|429|323,0.97682453|0.62250888|0.92450111|0.9050648|0.94534732|0.96635729|0.37697808|0.58045886,0|-0.3616486|-1.1479117|-1.1542664|-1.5770417|-1.6537381|-1.7110825|-1.82899
0_0_0_10_14_16,-25.0,46,3,31,39,897,897,897,897,897,897,1,1,7,1.180888347773692,0.7970750194758607,0.23912250584275818,inf,0.08290459144093232,-0.04341118434499899,-0.128428927680798,-0.128428927680798,0.0,0.7970750194758607,0.057605542010672695,0.21545452641266355,0.8847033207736544,0.5052841925292403,897|484|893|296|769|70|32|351,0.88470332|0.35556177|0.78030908|0.96229141|0.8786297|0.6823281|0.73242844|0.90123385,0|-4.0164715|-4.0547734|-4.4060785|-4.8326142|-4.8511706|-5.2029112|-5.2065239
0_0_0_10_14_16,-25.0,46,3,32,40,740,211,740,740,740,740,1,1,7,1.180888347773692,0.7970750194758607,0.23912250584275818,inf,0.10241324292996967,-0.04341118434499899,-0.128428927680798,-0.128428927680798,0.0,0.7970750194758607,0.057605542010672695,0.21545452641266355,0.9405587819339298,-0.05248194237557169,740|460|239|997|563|842|180|606,0.94055878|0.79552398|0.68976342|0.7154721|0.35698251|0.71630605|0.6824947|0.95799311,0|-1.0624539|-1.1511598|-1.6814524|-1.7260595|-2.1412282|-2.2685885|-2.2762857
0_0_0_10_14_16,-25.0,46,3,33,41,590,748,590,590,590,590,1,1,7,1.180888347773692,0.7970750194758607,0.23912250584275818,inf,0.12192189441900714,-0.04341118434499899,-0.128428927680798,-0.128428927680798,0.0,0.7970750194758607,0.057605542010672695,0.21545452641266355,0.7498771233749062,0.6346047887651838,590|476|933|952|688|578|173|335,0.74987712|0.97039671|0.94233956|0.99772218|0.95797709|0.88352181|0.90299698|0.6620469,0|-1.0862718|-1.6121321|-1.98974|-2.3014108|-2.4110932|-2.8254953|-2.864184
0_0_0_10_14_16,-25.0,46,3,34,42,930,459,1020,1020,1020,1020,0,0,7,1.180888347773692,0.7970750194758607,0.23912250584275818,inf,0.1414305459080446,-0.04341118434499899,-0.128428927680798,-0.128428927680798,0.0,0.7970750194758607,0.057605542010672695,0.21545452641266355,0.9661919197476189,2.405286154700992,1020|459|81|6|381|301|988|211,0.96619192|0.89418812|0.90292847|0.92398822|0.62023275|0.4685651|0.87212973|0.81937858,0|-0.81763495|-1.356166|-1.6700782|-1.7792605|-1.9417002|-1.9437884|-2.3966893
0_0_0_10_14_16,-26.0,46,1,0,8,222,360,222,222,222,222,1,1,8,0.6533899120361396,0.8808801868099138,0.2642640560429741,inf,0.37162550447897885,-0.1829401912761165,0.06608478802992512,0.06608478802992512,0.0,0.8808801868099138,0.19531174155353126,0.17733539970654663,0.9239430116644298,-0.5475652821041116,222|364|342|27|568|22|496|384,0.92394301|0.88813264|0.67030752|0.90624924|0.58818781|0.83823312|0.4893686|0.64157704,0|-0.4155554|-0.61437928|-0.79270661|-1.1179099|-1.6028377|-1.8599504|-1.8737784
0_0_0_10_14_16,-26.0,46,1,1,9,826,529,826,826,826,826,1,1,8,0.6533899120361396,0.8808801868099138,0.2642640560429741,inf,0.39129601674318537,-0.1829401912761165,0.06608478802992512,0.06608478802992512,0.0,0.8808801868099138,0.19531174155353126,0.17733539970654663,0.8472274073185608,1.6758121803303503,826|113|652|600|634|30|854|711,0.84722741|0.84017254|0.82169855|0.73155935|0.92783461|0.99696388|0.94219804|0.93018931,0|-0.67369838|-2.3627138|-2.5360048|-2.7438315|-2.7865022|-2.8361725|-2.9552158
0_0_0_10_14_16,-26.0,46,1,2,10,922,314,922,922,922,922,1,1,8,0.6533899120361396,0.8808801868099138,0.2642640560429741,inf,0.41096652900739195,-0.1829401912761165,0.06608478802992512,0.06608478802992512,0.0,0.8808801868099138,0.19531174155353126,0.17733539970654663,0.9491241113039715,0.19331587921826132,922|855|365|130|974|445|485|25,0.94912411|0.67895329|0.9256398|0.89141747|0.84756268|0.84468928|0.83468636|0.89810588,0|-0.0082065095|-1.0044906|-1.0393155|-1.2714438|-1.3616085|-1.6390637|-1.6960768
0_0_0_10_14_16,-26.0,46,1,3,11,718,130,280,280,280,280,1,1,8,0.6533899120361396,0.8808801868099138,0.2642640560429741,inf,0.43063704127159846,-0.1829401912761165,0.06608478802992512,0.06608478802992512,0.0,0.8808801868099138,0.19531174155353126,0.17733539970654663,0.8374280199223623,1.2701932384436476,280|718|79|760|374|330|474|963,0.83742802|0.86120714|0.83039292|0.72522557|0.52562594|0.96252199|0.96814768|0.91164402,0|-0.030421623|-0.95156296|-1.1788803|-1.2360607|-1.6595256|-1.7290833|-1.8734634
0_0_0_10_14_16,-26.0,46,1,4,12,107,864,107,107,107,107,1,1,8,0.6533899120361396,0.8808801868099138,0.2642640560429741,inf,0.45030755353580504,-0.1829401912761165,0.06608478802992512,0.06608478802992512,0.0,0.8808801868099138,0.19531174155353126,0.17733539970654663,0.9022226039903333,-0.5798299347496445,107|958|686|356|1013|303|967|237,0.9022226|0.71898339|0.12906847|0.27593251|0.88791326|0.75226887|0.8823387|0.81371393,0|-3.8665587|-4.028911|-4.1692755|-4.2888685|-4.4082603|-4.6013272|-4.9046194
0_0_0_10_14_16,-26.0,46,1,5,13,468,460,862,862,862,862,1,1,8,0.6533899120361396,0.8808801868099138,0.2642640560429741,inf,0.46997806580001156,-0.1829401912761165,0.06608478802992512,0.06608478802992512,0.0,0.8808801868099138,0.19531174155353126,0.17733539970654663,0.8685760340648897,0.9383842754776544,862|976|589|34|468|854|503|939,0.86857603|0.97665122|0.91167654|0.71827916|0.89170245|0.91345752|0.33232289|0.79978742,0|-0.70622585|-0.77138604|-0.85495374|-0.87742967|-0.98698245|-1.0123083|-1.1368375
0_0_0_10_14_16,-26.0,46,1,6,14,89,53,911,911,911,911,1,1,8,0.6533899120361396,0.8808801868099138,0.2642640560429741,inf,0.48964857806421813,-0.1829401912761165,0.06608478802992512,0.06608478802992512,0.0,0.8808801868099138,0.19531174155353126,0.17733539970654663,0.9310782494408903,-0.08339526105427802,911|467|275|441|89|388|690|212,0.93107825|0.40949918|0.95450445|0.96751728|0.84080848|0.81952814|0.82445647|0.9385304,0|-0.13266154|-0.32351268|-0.34354401|-0.83376052|-1.0941874|-1.5912922|-1.5985269
0_0_0_10_14_16,-26.0,46,1,7,15,713,498,713,713,713,713,1,1,8,0.6533899120361396,0.8808801868099138,0.2642640560429741,inf,0.5093190903284247,-0.1829401912761165,0.06608478802992512,0.06608478802992512,0.0,0.8808801868099138,0.19531174155353126,0.17733539970654663,0.4368507940975181,-1.4453021012064071,713|360|744|668|896|1023|755|960,0.43685079|0.95916701|0.66714375|0.81353979|0.68127111|0.95589924|0.99489355|0.83607148,0|-0.96095866|-1.1849803|-1.193776|-2.0365751|-2.2271521|-2.3870766|-2.4710186
0_0_0_10_14_16,-26.0,46,1,8,16,865,466,865,865,865,865,1,1,8,0.6533899120361396,0.8808801868099138,0.2642640560429741,inf,0.5289896025926313,-0.1829401912761165,0.06608478802992512,0.06608478802992512,0.0,0.8808801868099138,0.19531174155353126,0.17733539970654663,0.9986167611648058,-0.08641993735657233,865|667|992|190|792|775|325|659,0.99861676|0.95901044|0.93382924|0.98594627|0.91450353|0.81694429|0.54641165|0.86077813,0|-0.28344252|-0.85031969|-0.98136194|-1.0488075|-1.0746568|-1.5809661|-1.8257575
0_0_0_10_14_16,-26.0,46,1,9,17,492,492,492,492,492,492,1,1,8,0.6533899120361396,0.8808801868099138,0.2642640560429741,inf,0.5486601148568377,-0.1829401912761165,0.06608478802992512,0.06608478802992512,0.0,0.8808801868099138,0.19531174155353126,0.17733539970654663,0.9792600332148907,-0.2830615151366697,492|837|14|596|486|428|870|694,0.97926003|0.73561625|0.95727618|0.9871234|0.36641561|0.73203824|0.99459131|0.75510357,0|-2.9284028|-3.0635061|-4.2397732|-4.4197056|-4.7071959|-4.7161697|-4.7801072
0_0_0_10_14_16,-26.0,46,1,10,18,765,439,765,765,765,765,1,1,8,0.6533899120361396,0.8808801868099138,0.2642640560429741,inf,0.5683306271210443,-0.1829401912761165,0.06608478802992512,0.06608478802992512,0.0,0.8808801868099138,0.19531174155353126,0.17733539970654663,0.7897794399087263,-1.3272546047767324,765|453|48|532|578|639|192|814,0.78977944|0.92629945|0.76169774|0.64885211|0.85599599|0.96509998|0.91340162|0.96509891,0|-0.68223757|-1.8820671|-2.8197292|-2.9722057|-3.1274882|-3.1297479|-3.229
0_0_0_10_14_16,-26.0,46,1,11,19,1023,946,479,479,479,479,0,0,8,0.6533899120361396,0.8808801868099138,0.2642640560429741,inf,0.5880011393852509,-0.1829401912761165,0.06608478802992512,0.06608478802992512,0.0,0.8808801868099138,0.19531174155353126,0.17733539970654663,0.7087915085306853,-1.1293961629454994,479|179|189|850|739|126|373|873,0.70879151|0.52648405|0.95660191|0.50296191|0.88310808|0.95432626|0.26547202|0.64020314,0|-0.048098907|-1.4849049|-1.8639545|-1.8886384|-1.9829101|-2.1337316|-2.1677612
0_0_0_10_14_16,-26.0,46,1,12,20,597,281,946,946,946,946,1,1,8,0.6533899120361396,0.8808801868099138,0.2642640560429741,inf,0.6076716516494575,-0.1829401912761165,0.06608478802992512,0.06608478802992512,0.0,0.8808801868099138,0.19531174155353126,0.17733539970654663,0.838807622943931,-2.5793953522103124,946|569|988|384|660|597|248|449,0.83880762|0.60805366|0.9856462|0.81308985|0.92437511|0.78780261|0.94422587|0.59533576,0|-0.35926378|-0.76494144|-0.76529481|-0.85701767|-1.0840133|-1.3270623|-1.3437267
0_0_0_10_14_16,-26.0,46,1,13,21,562,672,562,562,562,562,1,1,8,0.6533899120361396,0.8808801868099138,0.2642640560429741,inf,0.6273421639136639,-0.1829401912761165,0.06608478802992512,0.06608478802992512,0.0,0.8808801868099138,0.19531174155353126,0.17733539970654663,0.8835722750713333,0.6889285959818398,562|10|52|455|567|551|151|629,0.88357228|0.79933019|0.93125645|0.55466489|0.78209212|0.66275831|0.75310038|0.74645728,0|-1.7712091|-2.1607772|-2.8145101|-2.8220639|-2.9298986|-2.9582373|-3.1053377
0_0_0_10_14_16,-26.0,46,1,14,22,478,289,478,478,478,478,1,1,8,0.6533899120361396,0.8808801868099138,0.2642640560429741,inf,0.6470126761778705,-0.1829401912761165,0.06608478802992512,0.06608478802992512,0.0,0.8808801868099138,0.19531174155353126,0.17733539970654663,0.5927304418036161,-1.4128673947086154,478|407|684|76|781|527|947|982,0.59273044|0.74357591|0.78409117|0.81429531|0.91795451|0.54746067|0.98774402|0.86567756,0|-0.15737307|-1.1405281|-1.1666866|-1.2072233|-1.2650391|-1.6727686|-1.6773496
0_0_0_10_14_16,-26.0,46,1,15,23,267,611,267,267,267,267,1,1,8,0.6533899120361396,0.8808801868099138,0.2642640560429741,inf,0.6666831884420771,-0.1829401912761165,0.06608478802992512,0.06608478802992512,0.0,0.8808801868099138,0.19531174155353126,0.17733539970654663,0.9887755567971879,-0.19632523220388198,267|877|415|576|204|392|773|53,0.98877556|0.75516515|0.60550914|0.85427965|0.92487643|0.9897437|0.90874741|0.50552653,0|-1.7692747|-2.1074352|-2.1529642|-2.4403096|-2.524283|-2.5593163|-2.6326448
0_0_0_10_14_16,-26.0,46,1,16,24,917,817,864,864,864,864,1,1,8,0.6533899120361396,0.8808801868099138,0.2642640560429741,inf,0.6863537007062837,-0.1829401912761165,0.06608478802992512,0.06608478802992512,0.0,0.8808801868099138,0.19531174155353126,0.17733539970654663,0.9644673592984209,-0.065405070239058,864|158|917|201|62|851|282|525,0.96446736|0.96126214|0.74852527|0.7501487|0.91901671|0.99576125|0.8740884|0.92888488,0|-1.0314477|-1.3999005|-1.6394298|-1.6927099|-2.2961612|-2.5682651|-2.7637881
0_0_0_10_14_16,-26.0,46,1,17,25,656,161,656,656,656,656,1,1,8,0.6533899120361396,0.8808801868099138,0.2642640560429741,inf,0.7060242129704902,-0.1829401912761165,0.06608478802992512,0.06608478802992512,0.0,0.8808801868099138,0.19531174155353126,0.17733539970654663,0.9615507155282955,0.33180054445060864,656|985|434|931|466|934|887|628,0.96155072|0.9459074|0.80055925|0.89654913|0.68958362|0.81931209|0.66881048|0.83670677,0|-3.6463048|-4.3608557|-4.5437311|-4.5440993|-5.2772247|-5.312997|-5.480588
0_0_0_10_14_16,-26.0,46,1,18,26,889,974,889,889,889,889,1,1,8,0.6533899120361396,0.8808801868099138,0.2642640560429741,inf,0.7256947252346967,-0.1829401912761165,0.06608478802992512,0.06608478802992512,0.0,0.8808801868099138,0.19531174155353126,0.17733539970654663,0.6733656630675068,1.8373062531520514,889|71|699|346|853|682|715|215,0.67336566|0.98833132|0.64374441|0.74110013|0.80593663|0.89364189|0.61144453|0.70365214,0|-1.9957299|-2.6790723|-2.7889739|-2.9052594|-3.0510632|-3.2301931|-3.263604
0_0_0_10_14_16,-26.0,46,1,19,27,510,240,595,595,595,595,1,1,8,0.6533899120361396,0.8808801868099138,0.2642640560429741,inf,0.7453652374989033,-0.1829401912761165,0.06608478802992512,0.06608478802992512,0.0,0.8808801868099138,0.19531174155353126,0.17733539970654663,0.7716873847660992,0.7888445282351946,595|206|510|1007|28|669|202|795,0.77168738|0.88834497|0.45643197|0.84021683|0.92329829|0.93776727|0.93904875|0.78441844,0|-0.7476811|-0.85948428|-1.5179812|-1.8380604|-1.9026044|-1.9862272|-2.070344
0_0_0_10_14_16,-26.0,46,1,20,28,860,549,860,860,860,860,1,1,8,0.6533899120361396,0.8808801868099138,0.2642640560429741,inf,0.7650357497631098,-0.1829401912761165,0.06608478802992512,0.06608478802992512,0.0,0.8808801868099138,0.19531174155353126,0.17733539970654663,0.956195741058512,1.1683971244071727,860|671|78|549|639|583|517|644,0.95619574|0.87149654|0.94041708|0.99010929|0.59088892|0.83461858|0.73535898|0.23388573,0|-2.4197276|-2.4480253|-2.4742817|-3.1757683|-3.3448862|-3.4206867|-3.4674872
0_0_0_10_14_16,-26.0,46,1,21,29,553,63,1003,1003,1003,1003,0,0,8,0.6533899120361396,0.8808801868099138,0.2642640560429741,inf,0.7847062620273164,-0.1829401912761165,0.06608478802992512,0.06608478802992512,0.0,0.8808801868099138,0.19531174155353126,0.17733539970654663,0.9012762697891917,2.316813068392023,1003|291|1014|869|944|854|934|386,0.90127627|0.66132835|0.96639275|0.97592073|0.93266618|0.85533394|0.7614205|0.54183129,0|-0.049372568|-0.14171043|-0.41421995|-0.78827137|-0.82504207|-0.89130615|-1.2418247
0_0_0_10_14_16,-26.0,46,1,22,30,629,520,629,629,629,629,1,1,8,0.6533899120361396,0.8808801868099138,0.2642640560429741,inf,0.804376774291523,-0.1829401912761165,0.06608478802992512,0.06608478802992512,0.0,0.8808801868099138,0.19531174155353126,0.17733539970654663,0.9657382141692435,0.02988337267607072,629|287|142|867|557|188|318|247,0.96573821|0.59445663|0.98037439|0.90655293|0.57304078|0.94640758|0.8952139|0.97165735,0|-2.9528117|-3.4171445|-3.7335039|-4.119096|-4.3119501|-4.7225805|-4.7501747
0_0_0_10_14_16,-26.0,46,1,23,31,759,210,759,759,759,759,1,1,8,0.6533899120361396,0.8808801868099138,0.2642640560429741,inf,0.8240472865557295,-0.1829401912761165,0.06608478802992512,0.06608478802992512,0.0,0.8808801868099138,0.19531174155353126,0.17733539970654663,0.9912433400373282,-0.05759996517945015,759|449|58|1023|312|130|358|223,0.99124334|0.88920328|0.89951263|0.96139111|0.73378341|0.58020679|0.92290013|0.89705013,0|-4.7683182|-5.1144612|-5.4001297|-5.5414205|-5.7742561|-5.7830702|-5.8147492
0_0_0_10_14_16,-26.0,46,1,24,32,874,326,874,874,874,874,1,1,8,0.6533899120361396,0.8808801868099138,0.2642640560429741,inf,0.843717798819936,-0.1829401912761165,0.06608478802992512,0.06608478802992512,0.0,0.8808801868099138,0.19531174155353126,0.17733539970654663,0.9952494540759932,-0.40953850196189756,874|531|326|613|460|822|755|816,0.99524945|0.92238007|0.98481978|0.99458949|0.97018764|0.98112739|0.55606306|0.98552843,0|-1.7638831|-1.8952579|-2.0192395|-2.7660741|-3.1155279|-3.4011987|-3.6030716
0_0_0_10_14_16,-26.0,46,1,25,33,720,588,720,720,720,720,1,1,8,0.6533899120361396,0.8808801868099138,0.2642640560429741,inf,0.8633883110841426,-0.1829401912761165,0.06608478802992512,0.06608478802992512,0.0,0.8808801868099138,0.19531174155353126,0.17733539970654663,0.928298620954672,0.22203478664537835,720|362|444|841|672|555|368|195,0.92829862|0.93797035|0.97949134|0.81958155|0.91709956|0.67922749|0.68680205|0.7478557,0|-0.30916528|-1.1835145|-1.4950805|-1.6136213|-1.6187927|-1.7738374|-2.1886649
0_0_0_10_14_16,-26.0,46,1,26,34,314,419,256,256,256,256,1,1,8,0.6533899120361396,0.8808801868099138,0.2642640560429741,inf,0.8830588233483492,-0.1829401912761165,0.06608478802992512,0.06608478802992512,0.0,0.8808801868099138,0.19531174155353126,0.17733539970654663,0.9207347814936078,-1.0958626073765663,256|886|314|400|43|881|394|71,0.92073478|0.99582887|0.90179714|0.9395744|0.86568798|0.93511252|0.8199227|0.64174311,0|-0.3001192|-0.66491961|-0.78434902|-0.82490706|-0.97885016|-1.22175|-1.2593395
0_0_0_10_14_16,-26.0,46,1,27,35,602,329,602,602,602,602,1,1,8,0.6533899120361396,0.8808801868099138,0.2642640560429741,inf,0.9027293356125556,-0.1829401912761165,0.06608478802992512,0.06608478802992512,0.0,0.8808801868099138,0.19531174155353126,0.17733539970654663,0.7347331842397703,0.018574425217138035,602|50|495|695|823|181|231|299,0.73473318|0.93801167|0.68606724|0.77292208|0.57397377|0.92397488|0.80276599|0.61920964,0|-0.42555306|-0.85172448|-1.5854749|-1.6873377|-1.8079734|-1.8541561|-2.2047012
0_0_0_10_14_16,-26.0,46,1,28,36,7,749,7,7,7,7,1,1,8,0.6533899120361396,0.8808801868099138,0.2642640560429741,inf,0.9223998478767622,-0.1829401912761165,0.06608478802992512,0.06608478802992512,0.0,0.8808801868099138,0.19531174155353126,0.17733539970654663,0.894726789938021,1.6234027625544383,7|416|631|930|525|294|681|635,0.89472679|0.99768235|0.82340757|0.93385184|0.90273861|0.50724675|0.97667742|0.59484847,0|-1.4275125|-1.4474703|-1.5526608|-2.5708257|-2.6197491|-2.7108003|-2.7939449
0_0_0_10_14_16,-26.0,46,1,29,37,610,564,428,428,428,428,1,1,8,0.6533899120361396,0.8808801868099138,0.2642640560429741,inf,0.9420703601409688,-0.1829401912761165,0.06608478802992512,0.06608478802992512,0.0,0.8808801868099138,0.19531174155353126,0.17733539970654663,0.8499594690091058,-0.8337254123978168,428|533|610|808|370|564|379|868,0.84995947|0.55347962|0.62440265|0.42295089|0.92972561|0.88100468|0.6880818|0.77607206,0|-0.73483498|-0.77071412|-1.110295|-1.3250045|-1.3511939|-1.3600344|-1.4211422
0_0_0_10_14_16,-26.0,46,1,30,38,807,260,807,807,807,807,1,1,8,0.6533899120361396,0.8808801868099138,0.2642640560429741,inf,0.9617408724051754,-0.1829401912761165,0.06608478802992512,0.06608478802992512,0.0,0.8808801868099138,0.19531174155353126,0.17733539970654663,0.9877544186021979,0.3391056919915767,807|132|820|389|697|563|827|732,0.98775442|0.95415776|0.86490694|0.94840041|0.66824729|0.65107499|0.99033797|0.71122799,0|-0.25365661|-1.2379765|-1.8404414|-2.1267448|-2.2897475|-2.7100251|-2.7600887
0_0_0_10_14_16,-26.0,46,1,31,39,897,674,37,37,37,37,1,1,8,0.6533899120361396,0.8808801868099138,0.2642640560429741,inf,0.9814113846693819,-0.1829401912761165,0.06608478802992512,0.06608478802992512,0.0,0.8808801868099138,0.19531174155353126,0.17733539970654663,0.9721191351029081,-0.316301384393313,37|897|74|45|107|199|224|391,0.97211914|0.92024433|0.79071867|0.5824473|0.96081647|0.94091832|0.75336401|0.82774056,0|-0.060991506|-1.4265693|-1.5921471|-1.7581266|-1.7951483|-1.8167222|-2.0985062
0_0_0_10_14_16,-26.0,46,1,32,40,749,883,749,749,749,749,1,1,8,0.6533899120361396,0.8808801868099138,0.2642640560429741,inf,1.0010818969335884,-0.1829401912761165,0.06608478802992512,0.06608478802992512,0.0,0.8808801868099138,0.19531174155353126,0.17733539970654663,0.9583879424055568,-0.6307498316935065,749|941|722|493|926|51|346|476,0.95838794|0.90730236|0.44641287|0.75496714|0.5383831|0.66354602|0.86211002|0.90207081,0|-2.3776475|-2.7202761|-2.8088461|-2.9666905|-3.0899282|-3.9224571|-4.1997646
0_0_0_10_14_16,-26.0,46,1,33,41,584,35,584,584,584,584,1,1,8,0.6533899120361396,0.8808801868099138,0.2642640560429741,inf,1.020752409197795,-0.1829401912761165,0.06608478802992512,0.06608478802992512,0.0,0.8808801868099138,0.19531174155353126,0.17733539970654663,0.6818973841143184,-1.2830949229578485,584|358|866|340|512|912|122|935,0.68189738|0.74856211|0.97175353|0.79552038|0.87603936|0.81434542|0.80907293|0.9545159,0|-1.5044702|-2.0883389|-2.3735668|-2.4947307|-2.9851413|-3.0519991|-3.4397049
0_0_0_10_14_16,-26.0,46,1,34,42,934,635,934,934,934,934,1,1,8,0.6533899120361396,0.8808801868099138,0.2642640560429741,inf,1.0404229214620015,-0.1829401912761165,0.06608478802992512,0.06608478802992512,0.0,0.8808801868099138,0.19531174155353126,0.17733539970654663,0.9105814376852176,2.728838366825746,934|86|440|167|449|733|109|578,0.91058144|0.78752308|0.83079375|0.65410568|0.90350919|0.89477454|0.85369086|0.99053363,0|-1.5734007|-2.4380198|-3.2571479|-3.688721|-3.7062222|-3.8032043|-3.8257748
0_0_0_10_14_16,-26.0,46,2,0,8,803,788,803,803,803,803,1,1,8,0.7788337641967229,0.8808970016649043,0.2642691004994713,inf,-0.1997661645072215,0.008643223071484778,-0.051122194513715746,-0.051122194513715746,0.0,0.8808970016649043,0.12950963524282622,0.23785924048045878,0.9731287169378368,-0.48615303036138946,803|651|464|766|323|1017|746|369,0.97312872|0.99624496|0.62648735|0.85133683|0.75661164|0.79204948|0.93440794|0.81458089,0|-0.63448972|-1.2359886|-1.4432654|-1.9724232|-2.020329|-2.1544745|-2.205736
0_0_0_10_14_16,-26.0,46,2,1,9,826,239,826,826,826,826,1,1,8,0.7788337641967229,0.8808970016649043,0.2642691004994713,inf,-0.1802171607450277,0.008643223071484778,-0.051122194513715746,-0.051122194513715746,0.0,0.8808970016649043,0.12950963524282622,0.23785924048045878,0.7194155777150006,1.3032846095698813,826|577|65|501|230|130|231|26,0.71941558|0.3707124|0.94806355|0.85667661|0.73502791|0.99904885|0.95206582|0.89110935,0|-0.76806078|-1.0912803|-1.2356319|-2.1194864|-2.178616|-2.2345384|-2.4786869
0_0_0_10_14_16,-26.0,46,2,2,10,922,204,124,124,124,124,0,0,8,0.7788337641967229,0.8808970016649043,0.2642691004994713,inf,-0.16066815698283388,0.008643223071484778,-0.051122194513715746,-0.051122194513715746,0.0,0.8808970016649043,0.12950963524282622,0.23785924048045878,0.9866821526492194,0.18969103533519957,124|434|1000|369|384|605|878|216,0.98668215|0.82538543|0.86681579|0.89948812|0.98018663|0.96836307|0.99873824|0.87294767,0|-0.7288129|-1.1290823|-1.2563543|-1.3618418|-1.4662572|-1.5512249|-1.5730386
0_0_0_10_14_16,-26.0,46,2,3,11,718,193,817,817,817,817,0,0,8,0.7788337641967229,0.8808970016649043,0.2642691004994713,inf,-0.14111915322064006,0.008643223071484778,-0.051122194513715746,-0.051122194513715746,0.0,0.8808970016649043,0.12950963524282622,0.23785924048045878,0.5966620824450983,2.5752724470326998,817|938|800|259|246|234|2|970,0.59666208|0.99802663|0.37466492|0.79471001|0.90957894|0.98657382|0.96230225|0.93240689,0|-0.6025783|-1.9528876|-2.00879|-2.6643276|-2.6985782|-2.8204204|-3.0511204
0_0_0_10_14_16,-26.0,46,2,4,12,86,551,13,13,13,13,1,1,8,0.7788337641967229,0.8808970016649043,0.2642691004994713,inf,-0.12157014945844624,0.008643223071484778,-0.051122194513715746,-0.051122194513715746,0.0,0.8808970016649043,0.12950963524282622,0.23785924048045878,0.8714209979987846,2.436973546237147,13|14|469|86|698|347|792|356,0.871421|0.77745054|0.62962657|0.92443731|0.68991972|0.75214938|0.97054595|0.87729902,0|-0.43819096|-1.0819781|-1.0883674|-1.1307925|-1.3294266|-2.041972|-2.2874609
0_0_0_10_14_16,-26.0,46,2,5,13,468,956,468,468,468,468,1,1,8,0.7788337641967229,0.8808970016649043,0.2642691004994713,inf,-0.10202114569625242,0.008643223071484778,-0.051122194513715746,-0.051122194513715746,0.0,0.8808970016649043,0.12950963524282622,0.23785924048045878,0.8970438457651044,0.31080524594633174,468|238|123|868|152|785|639|989,0.89704385|0.90453733|0.89923311|0.91411433|0.91649818|0.65594312|0.57764987|0.98341938,0|-0.43035645|-1.5470679|-1.6046835|-1.7008292|-2.1147057|-2.2113743|-2.4754343
0_0_0_10_14_16,-26.0,46,2,6,14,89,308,89,89,89,89,1,1,8,0.7788337641967229,0.8808970016649043,0.2642691004994713,inf,-0.08247214193405861,0.008643223071484778,-0.051122194513715746,-0.051122194513715746,0.0,0.8808970016649043,0.12950963524282622,0.23785924048045878,0.9745323800448956,0.5340428169572226,89|984|439|652|957|4|481|374,0.97453238|0.61632746|0.71785672|0.95672396|0.72027178|0.94466168|0.9851594|0.89644408,0|-3.7770244|-3.9718982|-3.9989965|-4.2277329|-4.3778331|-4.4441632|-4.7649121
0_0_0_10_14_16,-26.0,46,2,7,15,713,97,763,763,763,763,1,1,8,0.7788337641967229,0.8808970016649043,0.2642691004994713,inf,-0.06292313817186479,0.008643223071484778,-0.051122194513715746,-0.051122194513715746,0.0,0.8808970016649043,0.12950963524282622,0.23785924048045878,0.8384041548714833,0.33974436483235554,763|713|132|753|252|192|496|909,0.83840415|0.72819268|0.81100909|0.75657401|0.71507367|0.93998658|0.94661942|0.96045572,0|-0.43820086|-1.0942688|-2.415976|-2.5485506|-2.7662285|-2.7708145|-2.9044702
0_0_0_10_14_16,-26.0,46,2,8,16,865,1019,865,865,865,865,1,1,8,0.7788337641967229,0.8808970016649043,0.2642691004994713,inf,-0.04337413440967097,0.008643223071484778,-0.051122194513715746,-0.051122194513715746,0.0,0.8808970016649043,0.12950963524282622,0.23785924048045878,0.9479903133383929,-0.5840468057219921,865|898|637|713|234|846|939|910,0.94799031|0.93587441|0.62491844|0.93669191|0.735259|0.92958193|0.98948614|0.94249565,0|-0.58411389|-1.2914725|-1.4456984|-1.7046321|-1.8034588|-1.8886165|-1.9112046
0_0_0_10_14_16,-26.0,46,2,9,17,492,955,302,302,302,302,0,0,8,0.7788337641967229,0.8808970016649043,0.2642691004994713,inf,-0.023825130647477155,0.008643223071484778,-0.051122194513715746,-0.051122194513715746,0.0,0.8808970016649043,0.12950963524282622,0.23785924048045878,0.9552170116891208,0.5971278371922898,302|513|622|149|955|505|920|869,0.95521701|0.8749398|0.54868935|0.88168425|0.7396739|0.87047475|0.86504288|0.64296253,0|-0.57912815|-0.71241373|-1.0682197|-1.1624587|-1.235818|-1.4980798|-1.5115083
0_0_0_10_14_16,-26.0,46,2,10,18,765,471,765,765,765,765,1,1,8,0.7788337641967229,0.8808970016649043,0.2642691004994713,inf,-0.004276126885283338,0.008643223071484778,-0.051122194513715746,-0.051122194513715746,0.0,0.8808970016649043,0.12950963524282622,0.23785924048045878,0.9086941841633082,-0.8933420737490952,765|617|688|117|778|998|104|758,0.90869418|0.85130636|0.63195435|0.96615758|0.47066528|0.85838112|0.88167218|0.48632981,0|-3.3066936|-3.3942383|-3.6506978|-4.0031428|-4.1956595|-4.2727689|-4.3360956
0_0_0_10_14_16,-26.0,46,2,11,19,1023,186,1023,1023,1023,1023,1,1,8,0.7788337641967229,0.8808970016649043,0.2642691004994713,inf,0.01527287687691048,0.008643223071484778,-0.051122194513715746,-0.051122194513715746,0.0,0.8808970016649043,0.12950963524282622,0.23785924048045878,0.9413438389131763,-2.524306256538384,1023|911|107|580|946|796|78|413,0.94134384|0.79556344|0.85963091|0.95150885|0.66862797|0.96681138|0.74525506|0.89977023,0|-2.5173337|-2.8762295|-3.2057385|-3.283423|-3.741087|-3.9976132|-4.0216636
0_0_0_10_14_16,-26.0,46,2,12,20,597,908,118,118,118,118,1,1,8,0.7788337641967229,0.8808970016649043,0.2642691004994713,inf,0.0348218806391043,0.008643223071484778,-0.051122194513715746,-0.051122194513715746,0.0,0.8808970016649043,0.12950963524282622,0.23785924048045878,0.7554422157112312,1.4964053347141584,118|597|100|223|199|399|566|914,0.75544222|0.87729036|0.73644988|0.82780488|0.54095902|0.81429663|0.7972778|0.87284642,0|-0.85711146|-1.2800693|-1.7329458|-1.8244545|-2.1631385|-2.3597807|-2.4961209
0_0_0_10_14_16,-26.0,46,2,13,21,562,503,398,398,398,398,1,1,8,0.7788337641967229,0.8808970016649043,0.2642691004994713,inf,0.054370884401298114,0.008643223071484778,-0.051122194513715746,-0.051122194513715746,0.0,0.8808970016649043,0.12950963524282622,0.23785924048045878,0.9548845055663512,0.4385023109115541,398|562|137|777|752|142|764|645,0.95488451|0.86888653|0.84486939|0.93141628|0.82655404|0.47635164|0.96407592|0.91727047,0|-0.52074056|-2.3393656|-3.059643|-3.3063837|-3.3213424|-3.5578427|-3.602274
0_0_0_10_14_16,-26.0,46,2,14,22,478,361,195,195,195,195,1,1,8,0.7788337641967229,0.8808970016649043,0.2642691004994713,inf,0.07391988816349193,0.008643223071484778,-0.051122194513715746,-0.051122194513715746,0.0,0.8808970016649043,0.12950963524282622,0.23785924048045878,0.8266551539716216,-1.4523520419105393,195|478|230|680|448|288|948|808,0.82665515|0.93332818|0.96847968|0.9991052|0.90138849|0.80552107|0.60948193|0.34666713,0|-0.648643|-1.8706244|-2.2250858|-2.4674502|-2.8185901|-2.818953|-2.924019
0_0_0_10_14_16,-26.0,46,2,15,23,267,621,267,267,267,267,1,1,8,0.7788337641967229,0.8808970016649043,0.2642691004994713,inf,0.09346889192568575,0.008643223071484778,-0.051122194513715746,-0.051122194513715746,0.0,0.8808970016649043,0.12950963524282622,0.23785924048045878,0.9094174418528913,0.9510316768110745,267|187|789|112|245|114|303|325,0.90941744|0.95541567|0.95627537|0.88609692|0.96976506|0.92638428|0.82738815|0.99715755,0|-0.65401056|-1.0346143|-1.5222105|-2.0858241|-2.1125219|-2.182841|-2.3289162
0_0_0_10_14_16,-26.0,46,2,16,24,917,43,292,292,292,292,1,1,8,0.7788337641967229,0.8808970016649043,0.2642691004994713,inf,0.11301789568787957,0.008643223071484778,-0.051122194513715746,-0.051122194513715746,0.0,0.8808970016649043,0.12950963524282622,0.23785924048045878,0.7558201162543742,-1.4734706048429604,292|917|864|759|451|879|810|502,0.75582012|0.8929197|0.9640693|0.23452603|0.62455316|0.86340001|0.86560561|0.97668042,0|-1.839773|-2.7364455|-2.7730196|-3.0354721|-3.0501999|-3.0720862|-3.0969118
0_0_0_10_14_16,-26.0,46,2,17,25,656,893,16,16,16,16,0,0,8,0.7788337641967229,0.8808970016649043,0.2642691004994713,inf,0.13256689945007338,0.008643223071484778,-0.051122194513715746,-0.051122194513715746,0.0,0.8808970016649043,0.12950963524282622,0.23785924048045878,0.8905143109542971,-1.1656295206598406,16|146|1020|62|131|920|341|751,0.89051431|0.69738997|0.66798828|0.93757769|0.91768033|0.91441104|0.4868081|0.96636732,0|-0.39977943|-0.46386458|-0.91586659|-0.9268925|-1.0717998|-1.1307678|-1.1690903
0_0_0_10_14_16,-26.0,46,2,18,26,889,314,889,889,889,889,1,1,8,0.7788337641967229,0.8808970016649043,0.2642691004994713,inf,0.1521159032122672,0.008643223071484778,-0.051122194513715746,-0.051122194513715746,0.0,0.8808970016649043,0.12950963524282622,0.23785924048045878,0.9983164745544406,-0.07859542026716465,889|374|938|676|440|799|1008|980,0.99831647|0.67595906|0.98799744|0.85761564|0.7901403|0.89105724|0.74415372|0.94369819,0|-4.1276879|-4.8051064|-4.8446464|-4.9079689|-4.9200618|-5.0828176|-5.1483977
0_0_0_10_14_16,-26.0,46,2,19,27,510,801,492,492,492,492,0,0,8,0.7788337641967229,0.8808970016649043,0.2642691004994713,inf,0.17166490697446102,0.008643223071484778,-0.051122194513715746,-0.051122194513715746,0.0,0.8808970016649043,0.12950963524282622,0.23785924048045878,0.9078398068695788,0.5984772152700012,492|457|519|601|462|243|589|613,0.90783981|0.51806598|0.64704488|0.99449543|0.97659204|0.46788938|0.76875945|0.65858484,0|-0.88760125|-1.2309548|-1.3938387|-1.8843455|-2.0856746|-2.3716064|-2.3865711
0_0_0_10_14_16,-26.0,46,2,20,28,860,931,860,860,860,860,1,1,8,0.7788337641967229,0.8808970016649043,0.2642691004994713,inf,0.19121391073665495,0.008643223071484778,-0.051122194513715746,-0.051122194513715746,0.0,0.8808970016649043,0.12950963524282622,0.23785924048045878,0.9652080906347027,-0.9038314666203613,860|682|55|185|162|928|810|572,0.96520809|0.70591752|0.87303573|0.92674508|0.38197432|0.98379743|0.99051965|0.21783931,0|-0.97528584|-1.4463705|-1.4915207|-1.5961913|-1.8730214|-2.1637692|-2.2405122
0_0_0_10_14_16,-26.0,46,2,21,29,553,355,553,553,553,553,1,1,8,0.7788337641967229,0.8808970016649043,0.2642691004994713,inf,0.21076291449884876,0.008643223071484778,-0.051122194513715746,-0.051122194513715746,0.0,0.8808970016649043,0.12950963524282622,0.23785924048045878,0.9958868382058234,0.006804001520709812,553|204|936|179|438|390|10|101,0.99588684|0.86002947|0.93959942|0.65206872|0.64869978|0.3897044|0.87989035|0.78978705,0|-0.38781052|-2.4502629|-2.5148565|-2.684629|-2.843429|-2.9145747|-3.0605701
0_0_0_10_14_16,-26.0,46,2,22,30,629,508,884,884,884,884,0,0,8,0.7788337641967229,0.8808970016649043,0.2642691004994713,inf,0.23031191826104258,0.008643223071484778,-0.051122194513715746,-0.051122194513715746,0.0,0.8808970016649043,0.12950963524282622,0.23785924048045878,0.8483800738031587,-2.8201322802912374,884|625|354|748|872|668|769|46,0.84838007|0.79744303|0.90663249|0.97389633|0.74419544|0.99166544|0.76717376|0.73300385,0|-0.51707247|-1.0157099|-1.6971739|-1.7754936|-1.9528112|-1.9969173|-2.1474048
0_0_0_10_14_16,-26.0,46,2,23,31,759,174,174,174,174,174,0,0,8,0.7788337641967229,0.8808970016649043,0.2642691004994713,inf,0.2498609220232364,0.008643223071484778,-0.051122194513715746,-0.051122194513715746,0.0,0.8808970016649043,0.12950963524282622,0.23785924048045878,0.3750507540949198,1.063793887823832,174|900|175|349|460|703|345|721,0.37505075|0.98018671|0.68239264|0.59661639|0.78378852|0.92143553|0.73332805|0.99142192,0|-0.47600945|-0.48663481|-0.52517411|-0.84619826|-1.0865765|-1.1700635|-1.3691617
0_0_0_10_14_16,-26.0,46,2,24,32,874,310,874,874,874,874,1,1,8,0.7788337641967229,0.8808970016649043,0.2642691004994713,inf,0.2694099257854302,0.008643223071484778,-0.051122194513715746,-0.051122194513715746,0.0,0.8808970016649043,0.12950963524282622,0.23785924048045878,0.9380673687971623,-1.0389362572672116,874|502|288|963|497|292|143|146,0.93806737|0.52000835|0.51501422|0.93695884|0.84174853|0.92910293|0.70785291|0.97381113,0|-0.89923888|-1.6135328|-1.6490987|-1.8025405|-2.0622723|-2.1859387|-2.4457379
0_0_0_10_14_16,-26.0,46,2,25,33,720,561,720,720,720,720,1,1,8,0.7788337641967229,0.8808970016649043,0.2642691004994713,inf,0.28895892954762403,0.008643223071484778,-0.051122194513715746,-0.051122194513715746,0.0,0.8808970016649043,0.12950963524282622,0.23785924048045878,0.9476092696611466,-0.030449432148977995,720|652|62|881|273|154|650|101,0.94760927|0.84706697|0.99891328|0.90412774|0.55190518|0.61221271|0.65153145|0.94100714,0|-1.5059102|-1.6915248|-1.8868697|-2.2042272|-2.4775899|-2.5969841|-2.7706474
0_0_0_10_14_16,-26.0,46,2,26,34,314,401,314,314,314,314,1,1,8,0.7788337641967229,0.8808970016649043,0.2642691004994713,inf,0.30850793330981785,0.008643223071484778,-0.051122194513715746,-0.051122194513715746,0.0,0.8808970016649043,0.12950963524282622,0.23785924048045878,0.9574152032006455,0.49872943158859323,314|402|259|810|270|308|6|45,0.9574152|0.90608417|0.86651039|0.50331402|0.99140073|0.84371561|0.91641858|0.88618454,0|-1.759844|-1.914981|-2.3689331|-2.3750907|-2.5963426|-2.7043686|-2.9426716
0_0_0_10_14_16,-26.0,46,2,27,35,602,211,602,602,602,602,1,1,8,0.7788337641967229,0.8808970016649043,0.2642691004994713,inf,0.32805693707201167,0.008643223071484778,-0.051122194513715746,-0.051122194513715746,0.0,0.8808970016649043,0.12950963524282622,0.23785924048045878,0.940122126735304,-0.5214151843120913,602|542|899|113|735|345|134|797,0.94012213|0.65988813|0.91839782|0.81517727|0.89579698|0.53235695|0.85798246|0.64627223,0|-0.98111878|-2.1343966|-2.1769423|-2.3386978|-2.7528072|-2.8698015|-3.0156853
0_0_0_10_14_16,-26.0,46,2,28,36,7,453,7,7,7,7,1,1,8,0.7788337641967229,0.8808970016649043,0.2642691004994713,inf,0.3476059408342055,0.008643223071484778,-0.051122194513715746,-0.051122194513715746,0.0,0.8808970016649043,0.12950963524282622,0.23785924048045878,0.91547661676227,-1.2126135213386307,7|898|580|757|238|405|598|682,0.91547662|0.988853|0.82422733|0.78998901|0.936565|0.96559717|0.76634197|0.98532168,0|-2.5534824|-3.1244084|-3.3654302|-3.6214684|-3.6456002|-3.650024|-3.7370651
0_0_0_10_14_16,-26.0,46,2,29,37,610,121,610,610,610,610,1,1,8,0.7788337641967229,0.8808970016649043,0.2642691004994713,inf,0.3671549445963993,0.008643223071484778,-0.051122194513715746,-0.051122194513715746,0.0,0.8808970016649043,0.12950963524282622,0.23785924048045878,0.9486042688844812,0.43526365880699835,610|785|481|362|370|525|223|233,0.94860427|0.92500662|0.43382029|0.80640862|0.97636322|0.78904987|0.71519676|0.76766071,0|-3.8661942|-4.0206779|-4.4679325|-4.7088472|-5.1503089|-5.4309027|-5.5437989
0_0_0_10_14_16,-26.0,46,2,30,38,775,314,775,775,775,775,1,1,8,0.7788337641967229,0.8808970016649043,0.2642691004994713,inf,0.3867039483585931,0.008643223071484778,-0.051122194513715746,-0.051122194513715746,0.0,0.8808970016649043,0.12950963524282622,0.23785924048045878,0.8582350028191832,-1.2805572186343404,775|271|312|825|334|201|313|359,0.858235|0.98045016|0.79085176|0.94176828|0.74668543|0.7601538|0.57185031|0.83840714,0|-0.7856344|-1.4385779|-1.6066185|-1.6743605|-1.7602042|-1.9307841|-2.4005371
0_0_0_10_14_16,-26.0,46,2,31,39,912,850,912,912,912,912,1,1,8,0.7788337641967229,0.8808970016649043,0.2642691004994713,inf,0.4062529521207868,0.008643223071484778,-0.051122194513715746,-0.051122194513715746,0.0,0.8808970016649043,0.12950963524282622,0.23785924048045878,0.9159375682567237,-1.4045371035038545,912|541|380|945|792|345|438|304,0.91593757|0.6202989|0.99367757|0.6550603|0.8560101|0.54128353|0.82193748|0.72369615,0|-3.781529|-3.7897837|-4.6229413|-4.650116|-4.7186829|-4.8807463|-5.1288391
0_0_0_10_14_16,-26.0,46,2,32,40,768,209,697,697,697,697,1,1,8,0.7788337641967229,0.8808970016649043,0.2642691004994713,inf,0.42580195588298075,0.008643223071484778,-0.051122194513715746,-0.051122194513715746,0.0,0.8808970016649043,0.12950963524282622,0.23785924048045878,0.9509167299167132,-0.09128417403786371,697|768|377|1000|167|225|209|396,0.95091673|0.92250753|0.61918186|0.83295141|0.90148822|0.98277181|0.54410386|0.73890159,0|-0.87801361|-1.0346092|-1.4052709|-1.6753685|-2.0235073|-2.0742807|-2.1994107
0_0_0_10_14_16,-26.0,46,2,33,41,581,599,581,581,581,581,1,1,8,0.7788337641967229,0.8808970016649043,0.2642691004994713,inf,0.44535095964517446,0.008643223071484778,-0.051122194513715746,-0.051122194513715746,0.0,0.8808970016649043,0.12950963524282622,0.23785924048045878,0.8185556773553799,0.09371638228265775,581|1013|926|266|38|669|348|320,0.81855568|0.81385613|0.95331708|0.6377179|0.81727038|0.97569934|0.70943131|0.77956425,0|-3.5624208|-4.4409056|-4.4669703|-4.5201495|-5.3493294|-5.3903843|-5.6742113
0_0_0_10_14_16,-26.0,46,2,34,42,93,962,761,761,761,761,1,1,8,0.7788337641967229,0.8808970016649043,0.2642691004994713,inf,0.4648999634073684,0.008643223071484778,-0.051122194513715746,-0.051122194513715746,0.0,0.8808970016649043,0.12950963524282622,0.23785924048045878,0.6174745990259903,1.3569405694002445,761|93|110|859|980|712|45|546,0.6174746|0.92769593|0.82042832|0.67099907|0.92397913|0.17956506|0.91240692|0.66375448,0|-0.36812684|-1.6744969|-2.0594011|-2.1693463|-2.612558|-2.7129634|-3.0309128
0_0_0_10_14_16,-26.0,46,3,0,8,222,459,303,303,303,303,1,1,7,1.326133017857522,0.7483013712378395,0.22449041137135184,inf,-0.5342725178885834,-0.05021840163639648,-0.15586034912718205,-0.15586034912718205,0.0,0.7483013712378395,0.03795441858396975,0.2312225551543467,0.918154297946408,0.6651601763852995,303|408|222|13|761|863|700|228,0.9181543|0.15566953|0.55336897|0.89820438|0.59637297|0.92724515|0.67705306|0.63617605,0|-0.47109815|-1.257755|-1.3457506|-1.6403349|-1.6416834|-1.6644485|-1.8633845
0_0_0_10_14_16,-26.0,46,3,1,9,711,345,438,438,438,438,1,1,7,1.326133017857522,0.7483013712378395,0.22449041137135184,inf,-0.514763866399546,-0.05021840163639648,-0.15586034912718205,-0.15586034912718205,0.0,0.7483013712378395,0.03795441858396975,0.2312225551543467,0.6499280773685026,1.3789594902289908,438|711|626|511|526|758|276|669,0.64992808|0.97980907|0.23902907|0.81549049|0.78066066|0.52011586|0.96556899|0.90819255,0|-0.21709718|-0.9229608|-0.96777411|-1.640911|-1.8854939|-2.0130059|-2.4239515
0_0_0_10_14_16,-26.0,46,3,2,10,871,706,871,871,871,871,1,1,7,1.326133017857522,0.7483013712378395,0.22449041137135184,inf,-0.49525521491050856,-0.05021840163639648,-0.15586034912718205,-0.15586034912718205,0.0,0.7483013712378395,0.03795441858396975,0.2312225551543467,0.9764039040881787,-0.29550072440544345,871|307|102|955|984|899|1016|737,0.9764039|0.71246995|0.70113112|0.80619523|0.78335007|0.54929598|0.80010293|0.46474363,0|-2.4108322|-3.0013645|-3.1325911|-3.2738612|-3.2894719|-3.3084556|-3.3611064
0_0_0_10_14_16,-26.0,46,3,3,11,718,688,245,245,245,245,1,1,7,1.326133017857522,0.7483013712378395,0.22449041137135184,inf,-0.4757465634214711,-0.05021840163639648,-0.15586034912718205,-0.15586034912718205,0.0,0.7483013712378395,0.03795441858396975,0.2312225551543467,0.8460683447653569,0.9451805377029028,245|718|445|739|384|5|872|538,0.84606834|0.78508211|0.83394811|0.83881281|0.94439047|0.89988365|0.97873537|0.48391501,0|-0.022652848|-0.11786807|-1.3202027|-1.3350149|-1.4887113|-1.8078314|-1.8581996
0_0_0_10_14_16,-26.0,46,3,4,12,107,83,107,107,107,107,1,1,7,1.326133017857522,0.7483013712378395,0.22449041137135184,inf,-0.45623791193243357,-0.05021840163639648,-0.15586034912718205,-0.15586034912718205,0.0,0.7483013712378395,0.03795441858396975,0.2312225551543467,0.785084504765133,-2.000299856685804,107|111|730|677|1|724|447|67,0.7850845|0.93945569|0.75305622|0.88843831|0.96666129|0.89897028|0.63306735|0.71497716,0|-1.2486937|-1.4055756|-1.6432087|-1.9809694|-2.2912877|-2.5456515|-2.5865252
0_0_0_10_14_16,-26.0,46,3,5,13,468,950,6,6,6,6,1,1,7,1.326133017857522,0.7483013712378395,0.22449041137135184,inf,-0.4367292604433961,-0.05021840163639648,-0.15586034912718205,-0.15586034912718205,0.0,0.7483013712378395,0.03795441858396975,0.2312225551543467,0.8151907064376802,2.268379423329511,6|468|222|629|782|144|707|10,0.81519071|0.92181781|0.95132586|0.78637167|0.82426737|0.95610653|0.66594356|0.87407787,0|-0.39238968|-0.69506204|-1.1942584|-1.3740848|-2.1636234|-2.2110638|-2.2157616
0_0_0_10_14_16,-26.0,46,3,6,14,89,337,555,555,555,555,1,1,7,1.326133017857522,0.7483013712378395,0.22449041137135184,inf,-0.41722060895435864,-0.05021840163639648,-0.15586034912718205,-0.15586034912718205,0.0,0.7483013712378395,0.03795441858396975,0.2312225551543467,0.8835875779391886,-0.44241996640074865,555|89|373|176|1006|770|837|805,0.88358758|0.94685289|0.69074476|0.89420246|0.98886503|0.89041748|0.57747469|0.54767825,0|-0.45331815|-0.81618524|-1.6516817|-1.8122343|-2.0417518|-2.1046637|-2.175438
0_0_0_10_14_16,-26.0,46,3,7,15,713,336,713,713,713,713,1,1,7,1.326133017857522,0.7483013712378395,0.22449041137135184,inf,-0.3977119574653212,-0.05021840163639648,-0.15586034912718205,-0.15586034912718205,0.0,0.7483013712378395,0.03795441858396975,0.2312225551543467,0.6637781675233321,2.059449682343355,713|526|990|522|829|470|922|888,0.66377817|0.38757736|0.97841166|0.18775146|0.9658963|0.18563444|0.93750805|0.94428682,0|-1.37437|-1.8613868|-1.9381517|-2.1598706|-2.2137712|-2.3565873|-2.6192503
0_0_0_10_14_16,-26.0,46,3,8,16,865,886,835,835,835,835,1,1,7,1.326133017857522,0.7483013712378395,0.22449041137135184,inf,-0.3782033059762837,-0.05021840163639648,-0.15586034912718205,-0.15586034912718205,0.0,0.7483013712378395,0.03795441858396975,0.2312225551543467,0.9912213795834186,0.41560487688632325,835|865|806|838|373|557|766|102,0.99122138|0.98062152|0.94568799|0.70312806|0.91249834|0.69156679|0.53369212|0.84896111,0|-1.0596836|-1.2116254|-1.4099973|-1.4773437|-1.7351296|-2.0402|-2.2578004
0_0_0_10_14_16,-26.0,46,3,9,17,492,962,492,492,492,492,1,1,7,1.326133017857522,0.7483013712378395,0.22449041137135184,inf,-0.35869465448724625,-0.05021840163639648,-0.15586034912718205,-0.15586034912718205,0.0,0.7483013712378395,0.03795441858396975,0.2312225551543467,0.6199844521865897,0.8297735284398383,492|1016|503|18|624|396|22|477,0.61998445|0.96557991|0.72649417|0.97467304|0.013671473|0.39692895|0.9068556|0.50888397,0|-0.067428885|-0.41407109|-0.61469055|-0.63707234|-0.73536283|-0.80141195|-1.2592301
0_0_0_10_14_16,-26.0,46,3,10,18,765,920,646,646,646,646,1,1,7,1.326133017857522,0.7483013712378395,0.22449041137135184,inf,-0.3391860029982088,-0.05021840163639648,-0.15586034912718205,-0.15586034912718205,0.0,0.7483013712378395,0.03795441858396975,0.2312225551543467,0.5348224742758021,1.283750820911308,646|575|239|225|627|765|464|59,0.53482247|0.75195132|0.67900642|0.24531512|0.73044051|0.51650417|0.029116283|0.95574392,0|-0.1904561|-0.33780075|-0.39592204|-0.44115988|-0.59441547|-0.65343175|-1.0821357
0_0_0_10_14_16,-26.0,46,3,11,19,1023,539,1023,1023,1023,1023,1,1,7,1.326133017857522,0.7483013712378395,0.22449041137135184,inf,-0.3196773515091713,-0.05021840163639648,-0.15586034912718205,-0.15586034912718205,0.0,0.7483013712378395,0.03795441858396975,0.2312225551543467,0.9301839946943703,-0.6077707202998457,1023|249|628|792|245|75|570|504,0.93018399|0.52682257|0.63293844|0.8061092|0.88906995|0.88251878|0.87946713|0.60301974,0|-1.1648802|-1.2761931|-1.3983084|-1.4664973|-1.9288579|-1.9700295|-2.4375127
0_0_0_10_14_16,-26.0,46,3,12,20,597,549,519,519,519,519,0,0,7,1.326133017857522,0.7483013712378395,0.22449041137135184,inf,-0.30016870002013385,-0.05021840163639648,-0.15586034912718205,-0.15586034912718205,0.0,0.7483013712378395,0.03795441858396975,0.2312225551543467,0.016566580311980387,2.8483089088771334,519|128|732|552|575|949|895|549,0.01656658|0.99066847|0.18691606|0.4519872|0.8444761|0.99654777|0.91605018|0.49129741,0|-0.18046009|-0.40588412|-0.7175066|-0.733186|-0.74175622|-0.9286849|-0.93038799
0_0_0_10_14_16,-26.0,46,3,13,21,562,909,562,562,562,562,1,1,7,1.326133017857522,0.7483013712378395,0.22449041137135184,inf,-0.2806600485310964,-0.05021840163639648,-0.15586034912718205,-0.15586034912718205,0.0,0.7483013712378395,0.03795441858396975,0.2312225551543467,0.5186325124673223,1.4785389063716678,562|887|712|240|591|898|821|244,0.51863251|0.83244527|0.69519107|0.87311068|0.60094163|0.97999642|0.83027749|0.86179777,0|-0.085107395|-0.82939232|-0.87489358|-1.4398958|-1.4777328|-1.8144421|-1.9271417
0_0_0_10_14_16,-26.0,46,3,14,22,478,98,772,772,772,772,1,1,7,1.326133017857522,0.7483013712378395,0.22449041137135184,inf,-0.2611513970420589,-0.05021840163639648,-0.15586034912718205,-0.15586034912718205,0.0,0.7483013712378395,0.03795441858396975,0.2312225551543467,0.6005611247096159,1.2547380548238596,772|111|976|36|54|464|478|568,0.60056112|0.78734426|0.98503346|0.83576768|0.77199309|0.925971|0.64317787|0.97346109,0|-2.0788617|-2.0791988|-2.3520257|-2.4439129|-2.6565178|-2.9354534|-2.9373976
0_0_0_10_14_16,-26.0,46,3,15,23,267,564,267,267,267,267,1,1,7,1.326133017857522,0.7483013712378395,0.22449041137135184,inf,-0.24164274555302145,-0.05021840163639648,-0.15586034912718205,-0.15586034912718205,0.0,0.7483013712378395,0.03795441858396975,0.2312225551543467,0.9557200256769859,-0.6279414299436435,267|270|630|613|753|518|157|655,0.95572003|0.76907152|0.36761341|0.82042514|0.58140297|0.86555612|0.85989947|0.83866157,0|-2.241598|-3.7264857|-4.1032955|-4.5883779|-4.6111323|-4.920704|-4.948185
0_0_0_10_14_16,-26.0,46,3,16,24,917,1023,374,374,374,374,1,1,7,1.326133017857522,0.7483013712378395,0.22449041137135184,inf,-0.222134094063984,-0.05021840163639648,-0.15586034912718205,-0.15586034912718205,0.0,0.7483013712378395,0.03795441858396975,0.2312225551543467,0.7180853366734212,1.143530018885447,374|425|917|789|931|40|628|188,0.71808534|0.99999931|0.86592413|0.84303274|0.44012907|0.54014375|0.57222386|0.63001294,0|-1.2059564|-1.620052|-1.6641993|-2.5998155|-2.6008648|-2.7269119|-2.7277489
0_0_0_10_14_16,-26.0,46,3,17,25,656,114,821,821,821,821,1,1,7,1.326133017857522,0.7483013712378395,0.22449041137135184,inf,-0.20262544257494652,-0.05021840163639648,-0.15586034912718205,-0.15586034912718205,0.0,0.7483013712378395,0.03795441858396975,0.2312225551543467,0.8501560755494639,3.1293271379926244,821|716|181|29|396|896|656|75,0.85015608|0.7363811|0.78927372|0.89664255|0.86444539|0.99562904|0.16550219|0.48454528,0|-0.22143643|-0.7520969|-1.3506593|-1.409366|-2.1254145|-2.3245796|-2.3594537
0_0_0_10_14_16,-26.0,46,3,18,26,889,938,889,889,889,889,1,1,7,1.326133017857522,0.7483013712378395,0.22449041137135184,inf,-0.18311679108590906,-0.05021840163639648,-0.15586034912718205,-0.15586034912718205,0.0,0.7483013712378395,0.03795441858396975,0.2312225551543467,0.9586506869816968,0.9512254851732416,889|945|420|655|627|271|15|0,0.95865069|0.61654553|0.32870083|0.90973709|0.77772912|0.74934711|0.57835009|0.8765762,0|-4.2103633|-4.2805115|-4.4362822|-4.6194224|-4.6255996|-4.6264635|-4.9136942
0_0_0_10_14_16,-26.0,46,3,19,27,510,452,940,940,940,940,1,1,7,1.326133017857522,0.7483013712378395,0.22449041137135184,inf,-0.1636081395968716,-0.05021840163639648,-0.15586034912718205,-0.15586034912718205,0.0,0.7483013712378395,0.03795441858396975,0.2312225551543467,0.9077153339870953,1.2886505518550821,940|510|347|859|589|664|844|65,0.90771533|0.8732887|0.99910722|0.69447284|0.32251563|0.87053848|0.99544556|0.84113182,0|-0.026834125|-1.6626546|-2.1256726|-2.1281558|-2.2336759|-2.4418358|-2.8015064
0_0_0_10_14_16,-26.0,46,3,20,28,860,578,860,860,860,860,1,1,7,1.326133017857522,0.7483013712378395,0.22449041137135184,inf,-0.14409948810783413,-0.05021840163639648,-0.15586034912718205,-0.15586034912718205,0.0,0.7483013712378395,0.03795441858396975,0.2312225551543467,0.9305926764093866,-1.5821098262760402,860|822|153|923|632|345|461|86,0.93059268|0.95036413|0.61922313|0.6679437|0.93791397|0.44725295|0.7255344|0.92699935,0|-3.6694099|-4.0070683|-4.083567|-4.1414532|-4.3512447|-4.4536144|-4.4817924
0_0_0_10_14_16,-26.0,46,3,21,29,553,547,553,553,553,553,1,1,7,1.326133017857522,0.7483013712378395,0.22449041137135184,inf,-0.12459083661879666,-0.05021840163639648,-0.15586034912718205,-0.15586034912718205,0.0,0.7483013712378395,0.03795441858396975,0.2312225551543467,0.6141449577522378,1.3610841386780357,553|710|547|936|396|970|690|572,0.61414496|0.99180546|0.87369216|0.83505608|0.75277701|0.97498205|0.9462572|0.61952757,0|-0.32879328|-0.65794876|-1.7571904|-1.9065122|-2.0208449|-2.0935516|-2.210687
0_0_0_10_14_16,-26.0,46,3,22,30,629,629,629,629,629,629,1,1,7,1.326133017857522,0.7483013712378395,0.22449041137135184,inf,-0.1050821851297592,-0.05021840163639648,-0.15586034912718205,-0.15586034912718205,0.0,0.7483013712378395,0.03795441858396975,0.2312225551543467,0.861647633724396,0.8508446809027298,629|495|635|807|173|92|573|442,0.86164763|0.45140687|0.86316669|0.71172984|0.68216314|0.76796323|0.024932609|0.56000406,0|-2.6023586|-3.4925319|-3.7851311|-4.1832435|-4.3612738|-4.787671|-5.0247441
0_0_0_10_14_16,-26.0,46,3,23,31,759,37,759,759,759,759,1,1,7,1.326133017857522,0.7483013712378395,0.22449041137135184,inf,-0.08557353364072173,-0.05021840163639648,-0.15586034912718205,-0.15586034912718205,0.0,0.7483013712378395,0.03795441858396975,0.2312225551543467,0.890769065566985,1.2587598155173938,759|934|147|454|778|384|600|42,0.89076907|0.57282311|0.86635631|0.99725216|0.78122465|0.63729949|0.50292417|0.72086829,0|-5.0044047|-5.3178172|-5.8904121|-6.391151|-6.4631988|-6.6052295|-6.7383492
0_0_0_10_14_16,-26.0,46,3,24,32,874,369,608,608,608,608,1,1,7,1.326133017857522,0.7483013712378395,0.22449041137135184,inf,-0.06606488215168427,-0.05021840163639648,-0.15586034912718205,-0.15586034912718205,0.0,0.7483013712378395,0.03795441858396975,0.2312225551543467,0.8740220650490037,0.6501125491373055,608|874|684|212|71|813|427|688,0.87402207|0.70749404|0.90058346|0.89583556|0.55428167|0.83925975|0.31737132|0.34261158,0|-0.043414139|-2.100882|-2.1451332|-2.2182061|-2.3091383|-2.8087963|-3.0495469
0_0_0_10_14_16,-26.0,46,3,25,33,720,680,980,980,980,980,1,1,7,1.326133017857522,0.7483013712378395,0.22449041137135184,inf,-0.0465562306626468,-0.05021840163639648,-0.15586034912718205,-0.15586034912718205,0.0,0.7483013712378395,0.03795441858396975,0.2312225551543467,0.8099873598210869,1.6960089768571507,980|720|693|662|231|62|501|613,0.80998736|0.71443244|0.39558906|0.82590719|0.26697142|0.84677269|0.48751578|0.35798602,0|-0.61671175|-0.71667518|-0.74249476|-0.84178808|-1.3067779|-1.5116648|-1.5666737
0_0_0_10_14_16,-26.0,46,3,26,34,314,211,511,511,511,511,1,1,7,1.326133017857522,0.7483013712378395,0.22449041137135184,inf,-0.027047579173609337,-0.05021840163639648,-0.15586034912718205,-0.15586034912718205,0.0,0.7483013712378395,0.03795441858396975,0.2312225551543467,0.18046870299559903,2.287541907495322,511|314|675|700|301|997|107|116,0.1804687|0.61131032|0.7526107|0.57525464|0.93507755|0.91451561|0.97075131|0.97374997,0|-0.23246458|-0.42602896|-0.94722954|-1.2706174|-1.3693044|-1.4194439|-1.4647699
0_0_0_10_14_16,-26.0,46,3,27,35,602,551,904,904,904,904,1,1,7,1.326133017857522,0.7483013712378395,0.22449041137135184,inf,-0.007538927684571872,-0.05021840163639648,-0.15586034912718205,-0.15586034912718205,0.0,0.7483013712378395,0.03795441858396975,0.2312225551543467,0.9732519770643716,0.8182836186848088,904|189|602|24|159|354|694|901,0.97325198|0.56694497|0.8405497|0.88228809|0.74508069|0.79201461|0.93001893|0.63340631,0|-1.7128798|-2.4453618|-2.5136098|-2.8767826|-3.2352317|-3.3611707|-3.4737641
0_0_0_10_14_16,-26.0,46,3,28,36,7,989,7,7,7,7,1,1,7,1.326133017857522,0.7483013712378395,0.22449041137135184,inf,0.011969723804465704,-0.05021840163639648,-0.15586034912718205,-0.15586034912718205,0.0,0.7483013712378395,0.03795441858396975,0.2312225551543467,0.9826278928581376,1.9141161130039364,7|703|26|314|691|827|48|969,0.98262789|0.91752528|0.92534587|0.68202834|0.4820394|0.41411757|0.82752038|0.94236601,0|-1.01581|-1.0676447|-1.137059|-1.7172684|-1.9048829|-2.0257652|-2.2276406
0_0_0_10_14_16,-26.0,46,3,29,37,610,679,221,221,221,221,0,0,7,1.326133017857522,0.7483013712378395,0.22449041137135184,inf,0.03147837529350317,-0.05021840163639648,-0.15586034912718205,-0.15586034912718205,0.0,0.7483013712378395,0.03795441858396975,0.2312225551543467,0.9557889284323003,0.6032361739950147,221|892|358|411|939|1012|103|919,0.95578893|0.86227068|0.71661547|0.86162157|0.79344252|0.98720444|0.6573132|0.8650861,0|-0.011353363|-0.33609476|-0.52880897|-1.1317649|-1.3631214|-1.6274729|-1.7557412
0_0_0_10_14_16,-26.0,46,3,30,38,778,938,261,261,261,261,1,1,7,1.326133017857522,0.7483013712378395,0.22449041137135184,inf,0.050987026782540634,-0.05021840163639648,-0.15586034912718205,-0.15586034912718205,0.0,0.7483013712378395,0.03795441858396975,0.2312225551543467,0.5863704017670692,0.7181431337818652,261|778|1006|608|915|847|429|323,0.5863704|0.96245143|0.923535|0.92785937|0.94334757|0.97916372|0.34817982|0.5270361,0|-0.68441652|-0.7928449|-0.79573526|-1.199306|-1.2713416|-1.3507357|-1.4520794
0_0_0_10_14_16,-26.0,46,3,31,39,897,897,897,897,897,897,1,1,7,1.326133017857522,0.7483013712378395,0.22449041137135184,inf,0.0704956782715781,-0.05021840163639648,-0.15586034912718205,-0.15586034912718205,0.0,0.7483013712378395,0.03795441858396975,0.2312225551543467,0.8562063464507903,0.6987808576169355,897|484|893|296|769|70|32|351,0.85620635|0.2674712|0.76850504|0.98413683|0.85701663|0.66540282|0.73334108|0.85200125,0|-3.3560491|-3.4073499|-3.7516712|-4.1780263|-4.2012933|-4.5340033|-4.5553363
0_0_0_10_14_16,-26.0,46,3,32,40,740,211,460,460,460,460,1,1,7,1.326133017857522,0.7483013712378395,0.22449041137135184,inf,0.09000432976061545,-0.05021840163639648,-0.15586034912718205,-0.15586034912718205,0.0,0.7483013712378395,0.03795441858396975,0.2312225551543467,0.8609984093364241,-0.7539270498091892,460|740|239|997|563|842|180|606,0.86099841|0.92139737|0.64020056|0.7141693|0.28557992|0.74663029|0.65241411|0.95284313,0|-0.060468435|-0.097823308|-0.63519472|-0.67674524|-1.0890056|-1.2089748|-1.2268608
0_0_0_10_14_16,-26.0,46,3,33,41,590,748,590,590,590,590,1,1,7,1.326133017857522,0.7483013712378395,0.22449041137135184,inf,0.10951298124965292,-0.05021840163639648,-0.15586034912718205,-0.15586034912718205,0.0,0.7483013712378395,0.03795441858396975,0.2312225551543467,0.7011157640318064,0.9825999121522129,590|476|933|952|688|578|173|335,0.70111576|0.93284701|0.95029903|0.9976216|0.97801411|0.82665394|0.91762245|0.58709825,0|-0.097278016|-0.61531807|-0.98816725|-1.3260604|-1.4366737|-1.8286249|-1.871694
0_0_0_10_14_16,-26.0,46,3,34,42,930,459,1020,1020,1020,1020,0,0,7,1.326133017857522,0.7483013712378395,0.22449041137135184,inf,0.12902163273869038,-0.05021840163639648,-0.15586034912718205,-0.15586034912718205,0.0,0.7483013712378395,0.03795441858396975,0.2312225551543467,0.9655314274035203,2.5942826643730514,1020|459|81|6|381|301|988|442,0.96553143|0.84811844|0.9035626|0.92281302|0.56915409|0.45978168|0.87104279|0.98333803,0|-0.83315737|-1.3637897|-1.6698193|-1.7852061|-1.9441366|-1.9612674|-2.3991326
0_0_0_10_14_32,-22.0,46,0,0,8,803,814,875,875,875,875,1,1,7,0.909151752463736,0.8274541538381379,0.24823624615144135,inf,-0.15187605375602686,0.0028451722738788063,-0.013715710723192054,-0.013715710723192054,0.0,0.8274541538381379,0.11157232481373724,0.19538727798709332,0.9641157306374362,1.391437976156884,875|408|848|474|803|548|78|746,0.96411573|0.91843398|0.95526394|0.95668836|0.37933339|0.38618003|0.9863307|0.47987739,0|-0.86012301|-2.1145061|-2.3143576|-2.3672954|-2.9903954|-3.1615942|-3.3193508
0_0_0_10_14_32,-22.0,46,0,1,9,711,776,128,128,128,128,1,1,7,0.909151752463736,0.8274541538381379,0.24823624615144135,inf,-0.13178921983231578,0.0028451722738788063,-0.013715710723192054,-0.013715710723192054,0.0,0.8274541538381379,0.11157232481373724,0.19538727798709332,0.909020049399108,-0.37685314143496984,128|601|390|711|530|1017|929|401,0.90902005|0.95640645|0.9004723|0.80834371|0.81337198|0.98681217|0.91378816|0.95247163,0|-0.67126686|-0.77804622|-1.2326256|-1.7625823|-1.8324572|-1.935755|-1.9975366
0_0_0_10_14_32,-22.0,46,0,2,10,922,226,922,922,922,922,1,1,7,0.909151752463736,0.8274541538381379,0.24823624615144135,inf,-0.11170238590860465,0.0028451722738788063,-0.013715710723192054,-0.013715710723192054,0.0,0.8274541538381379,0.11157232481373724,0.19538727798709332,0.8850623381363114,0.7148412014381341,922|1012|1019|668|27|226|855|87,0.88506234|0.99682582|0.98427395|0.75871171|0.56788115|0.9432769|0.78184854|0.87813706,0|-2.7815962|-3.6334727|-3.6947676|-3.7877378|-3.7902414|-3.8576453|-3.8768252
0_0_0_10_14_32,-22.0,46,0,3,11,718,909,28,28,28,28,0,0,7,0.909151752463736,0.8274541538381379,0.24823624615144135,inf,-0.09161555198489357,0.0028451722738788063,-0.013715710723192054,-0.013715710723192054,0.0,0.8274541538381379,0.11157232481373724,0.19538727798709332,0.9681048586740991,-1.2411253998108858,28|928|673|686|598|857|164|882,0.96810486|0.89387644|0.8621401|0.93322439|0.97447912|0.83907107|0.90507035|0.58078042,0|-0.57018239|-1.0883701|-1.9955669|-2.2128601|-2.3451058|-2.8247034|-3.0824462
0_0_0_10_14_32,-22.0,46,0,4,12,107,963,416,416,416,416,1,1,7,0.909151752463736,0.8274541538381379,0.24823624615144135,inf,-0.07152871806118244,0.0028451722738788063,-0.013715710723192054,-0.013715710723192054,0.0,0.8274541538381379,0.11157232481373724,0.19538727798709332,0.8268303702900839,0.5855643395244163,416|139|661|107|504|2|963|443,0.82683037|0.9558601|0.70875744|0.88237003|0.467809|0.97133637|0.71022856|0.60214753,0|-0.018303839|-0.061640129|-0.69959663|-1.2509296|-1.3938557|-1.5233825|-1.8585009
0_0_0_10_14_32,-22.0,46,0,5,13,468,6,691,691,691,691,1,1,7,0.909151752463736,0.8274541538381379,0.24823624615144135,inf,-0.051441884137471305,0.0028451722738788063,-0.013715710723192054,-0.013715710723192054,0.0,0.8274541538381379,0.11157232481373724,0.19538727798709332,0.9082168856051411,-0.6815250219112995,691|468|396|134|698|190|317|431,0.90821689|0.9365942|0.70393018|0.69831056|0.76073196|0.80031514|0.44450013|0.96365256,0|-0.70520958|-0.79864964|-1.0229438|-1.5831067|-1.8806196|-1.927341|-1.9642492
0_0_0_10_14_32,-22.0,46,0,6,14,89,56,998,998,998,998,1,1,7,0.909151752463736,0.8274541538381379,0.24823624615144135,inf,-0.03135505021376017,0.0028451722738788063,-0.013715710723192054,-0.013715710723192054,0.0,0.8274541538381379,0.11157232481373724,0.19538727798709332,0.9003252802694821,0.2997570709680202,998|962|652|310|838|597|89|873,0.90032528|0.88949104|0.84326503|0.75974878|0.63832996|0.90133308|0.75967256|0.988432,0|-0.2406774|-1.0650021|-1.1136435|-1.1343335|-1.3983471|-1.8709915|-2.040427
0_0_0_10_14_32,-22.0,46,0,7,15,713,876,713,713,713,713,1,1,7,0.909151752463736,0.8274541538381379,0.24823624615144135,inf,-0.011268216290049149,0.0028451722738788063,-0.013715710723192054,-0.013715710723192054,0.0,0.8274541538381379,0.11157232481373724,0.19538727798709332,0.97650104510898,0.14224414590504017,713|247|830|876|1017|241|484|238,0.97650105|0.96719634|0.92122171|0.69291374|0.96109313|0.79402144|0.66525698|0.79484628,0|-1.0611726|-1.4754444|-1.4920419|-1.818261|-1.9427852|-1.9998013|-2.314976
0_0_0_10_14_32,-22.0,46,0,8,16,865,503,986,986,986,986,0,0,7,0.909151752463736,0.8274541538381379,0.24823624615144135,inf,0.008818617633661985,0.0028451722738788063,-0.013715710723192054,-0.013715710723192054,0.0,0.8274541538381379,0.11157232481373724,0.19538727798709332,0.923249729947063,-2.7826117363977065,986|489|503|212|916|818|842|840,0.92324973|0.71575076|0.97405819|0.78674249|0.76223784|0.90014035|0.87475196|0.6584911,0|-0.51739233|-0.60373149|-0.66764263|-0.69396791|-0.90186382|-1.0623136|-1.2234301
0_0_0_10_14_32,-22.0,46,0,9,17,492,872,401,401,401,401,1,1,7,0.909151752463736,0.8274541538381379,0.24823624615144135,inf,0.02890545155737312,0.0028451722738788063,-0.013715710723192054,-0.013715710723192054,0.0,0.8274541538381379,0.11157232481373724,0.19538727798709332,0.9763094758459041,0.19538731198880194,401|27|492|473|841|550|400|652,0.97630948|0.46116648|0.78198589|0.8912954|0.32250139|0.99020957|0.9560021|0.92314267,0|-0.98725372|-1.3358841|-1.3734685|-1.4310615|-1.6711978|-1.6782242|-1.7533985
0_0_0_10_14_32,-22.0,46,0,10,18,765,564,202,202,202,202,0,0,7,0.909151752463736,0.8274541538381379,0.24823624615144135,inf,0.04899228548108425,0.0028451722738788063,-0.013715710723192054,-0.013715710723192054,0.0,0.8274541538381379,0.11157232481373724,0.19538727798709332,0.7556960968167035,2.503825004677506,202|627|132|285|556|538|424|959,0.7556961|0.46683832|0.92259608|0.73612948|0.69599426|0.7695149|0.92336146|0.72645478,0|-0.75169175|-1.2960341|-1.3534847|-1.5839205|-1.9286322|-2.0301181|-2.185677
0_0_0_10_14_32,-22.0,46,0,11,19,1023,272,819,819,819,819,0,0,7,0.909151752463736,0.8274541538381379,0.24823624615144135,inf,0.06907911940479528,0.0028451722738788063,-0.013715710723192054,-0.013715710723192054,0.0,0.8274541538381379,0.11157232481373724,0.19538727798709332,0.7555336601439254,-0.7255064155631026,819|856|532|300|241|809|183|201,0.75553366|0.96264128|0.80780081|0.86734013|0.36607616|0.83228196|0.18072505|0.41973037,0|-0.29570873|-0.3677744|-1.5254522|-1.8521126|-1.9680916|-2.0252749|-2.0481213
0_0_0_10_14_32,-22.0,46,0,12,20,597,444,597,597,597,597,1,1,7,0.909151752463736,0.8274541538381379,0.24823624615144135,inf,0.08916595332850641,0.0028451722738788063,-0.013715710723192054,-0.013715710723192054,0.0,0.8274541538381379,0.11157232481373724,0.19538727798709332,0.9443592965270479,-0.29124630047192523,597|920|740|586|653|444|377|763,0.9443593|0.96689532|0.79920091|0.9533762|0.80597727|0.85157866|0.36200013|0.96367095,0|-0.98523517|-1.831323|-2.1238098|-2.3385127|-2.4174727|-2.59994|-2.7241892
0_0_0_10_14_32,-22.0,46,0,13,21,562,580,562,562,562,562,1,1,7,0.909151752463736,0.8274541538381379,0.24823624615144135,inf,0.10925278725221754,0.0028451722738788063,-0.013715710723192054,-0.013715710723192054,0.0,0.8274541538381379,0.11157232481373724,0.19538727798709332,0.8742992587199686,0.3387497047550406,562|352|918|526|448|580|378|971,0.87429926|0.93275891|0.93913298|0.74804258|0.65020587|0.8018929|0.5298912|0.74091328,0|-1.0872788|-1.149603|-2.0113998|-2.6393955|-2.6948059|-2.7501522|-2.7750813
0_0_0_10_14_32,-22.0,46,0,14,22,478,147,698,698,698,698,0,0,7,0.909151752463736,0.8274541538381379,0.24823624615144135,inf,0.12933962117592868,0.0028451722738788063,-0.013715710723192054,-0.013715710723192054,0.0,0.8274541538381379,0.11157232481373724,0.19538727798709332,0.8483241105221982,1.1981935153644947,698|473|523|59|140|585|701|829,0.84832411|0.60735974|0.88049922|0.87864272|0.57314205|0.88133062|0.97619235|0.64527008,0|-0.83246258|-0.88644655|-1.5061489|-1.5969513|-1.7070577|-1.7480531|-1.8482263
0_0_0_10_14_32,-22.0,46,0,15,23,267,456,161,161,161,161,1,1,7,0.909151752463736,0.8274541538381379,0.24823624615144135,inf,0.1494264550996398,0.0028451722738788063,-0.013715710723192054,-0.013715710723192054,0.0,0.8274541538381379,0.11157232481373724,0.19538727798709332,0.951783527713211,0.2689419113820593,161|794|267|209|527|904|911|95,0.95178353|0.919938|0.49274466|0.90363821|0.94855623|0.87635707|0.90468821|0.918299,0|-0.11203617|-0.41842652|-1.0121622|-1.301383|-1.3634849|-1.6492456|-1.6615714
0_0_0_10_14_32,-22.0,46,0,16,24,917,671,509,509,509,509,0,0,7,0.909151752463736,0.8274541538381379,0.24823624615144135,inf,0.16951328902335083,0.0028451722738788063,-0.013715710723192054,-0.013715710723192054,0.0,0.8274541538381379,0.11157232481373724,0.19538727798709332,0.7846846979115379,-0.9453171589576872,509|943|801|730|300|861|959|19,0.7846847|0.84174293|0.91190652|0.70607321|0.58848598|0.55608851|0.87451358|0.68647622,0|-0.70857393|-0.8194524|-0.96175777|-1.3034261|-1.4631155|-1.5586983|-1.6483213
0_0_0_10_14_32,-22.0,46,0,17,25,656,658,826,826,826,826,1,1,7,0.909151752463736,0.8274541538381379,0.24823624615144135,inf,0.18960012294706197,0.0028451722738788063,-0.013715710723192054,-0.013715710723192054,0.0,0.8274541538381379,0.11157232481373724,0.19538727798709332,0.9000412809365999,0.6720224126232637,826|1008|788|509|656|15|80|498,0.90004128|0.84617939|0.62627438|0.75549029|0.73838894|0.97267578|0.75298722|0.75849596,0|-0.12535234|-0.23648353|-0.73267974|-0.79877584|-0.84825932|-0.90099068|-1.0002204
0_0_0_10_14_32,-22.0,46,0,18,26,889,26,180,180,180,180,0,0,7,0.909151752463736,0.8274541538381379,0.24823624615144135,inf,0.2096869568707731,0.0028451722738788063,-0.013715710723192054,-0.013715710723192054,0.0,0.8274541538381379,0.11157232481373724,0.19538727798709332,0.9147238223712372,-1.9463022067579128,180|939|242|856|487|83|490|258,0.91472382|0.98544333|0.8762708|0.72160236|0.88911624|0.9101931|0.62595912|0.77549207,0|-0.38521165|-1.0665109|-1.3232439|-1.3597605|-1.3764693|-1.4076179|-1.4124407
0_0_0_10_14_32,-22.0,46,0,19,27,510,605,1006,1006,1006,1006,0,0,7,0.909151752463736,0.8274541538381379,0.24823624615144135,inf,0.22977379079448423,0.0028451722738788063,-0.013715710723192054,-0.013715710723192054,0.0,0.8274541538381379,0.11157232481373724,0.19538727798709332,0.8299384706837603,-0.49886672400767973,1006|420|694|955|29|366|624|726,0.82993847|0.90327428|0.91041811|0.96126498|0.94071044|0.67288963|0.62214589|0.65270445,0|-0.26413512|-0.42850698|-0.69593732|-1.0505088|-1.2346|-1.3057376|-1.381617
0_0_0_10_14_32,-22.0,46,0,20,28,860,549,688,688,688,688,0,0,7,0.909151752463736,0.8274541538381379,0.24823624615144135,inf,0.24986062471819526,0.0028451722738788063,-0.013715710723192054,-0.013715710723192054,0.0,0.8274541538381379,0.11157232481373724,0.19538727798709332,0.7695158081794734,1.0639009415156244,688|686|987|624|436|429|238|399,0.76951581|0.85378217|0.69901895|0.94846103|0.92774665|0.71033712|0.33764175|0.7130008,0|-0.50420593|-1.3410632|-1.3506973|-1.6221319|-1.660328|-1.7394891|-1.7789469
0_0_0_10_14_32,-22.0,46,0,21,29,553,379,833,833,833,833,0,0,7,0.909151752463736,0.8274541538381379,0.24823624615144135,inf,0.2699474586419064,0.0028451722738788063,-0.013715710723192054,-0.013715710723192054,0.0,0.8274541538381379,0.11157232481373724,0.19538727798709332,0.9726084927963131,0.3277595190077476,833|453|213|894|327|108|999|98,0.97260849|0.81191374|0.94928163|0.78691485|0.8783895|0.62835924|0.63755081|0.7315541,0|-1.9134731|-2.0395902|-2.264466|-2.3936256|-2.5509799|-2.6271382|-2.6458347
0_0_0_10_14_32,-22.0,46,0,22,30,629,116,988,988,988,988,1,1,7,0.909151752463736,0.8274541538381379,0.24823624615144135,inf,0.2900342925656175,0.0028451722738788063,-0.013715710723192054,-0.013715710723192054,0.0,0.8274541538381379,0.11157232481373724,0.19538727798709332,0.9507471846513911,-1.7587970807044457,988|61|168|629|816|220|549|522,0.95074718|0.98989791|0.70572207|0.91399804|0.91302688|0.92897525|0.81111594|0.85015243,0|-3.0847566|-3.0972184|-3.2281644|-3.553898|-3.6009361|-3.7487405|-3.8148606
0_0_0_10_14_32,-22.0,46,0,23,31,759,265,586,586,586,586,0,0,7,0.909151752463736,0.8274541538381379,0.24823624615144135,inf,0.31012112648932866,0.0028451722738788063,-0.013715710723192054,-0.013715710723192054,0.0,0.8274541538381379,0.11157232481373724,0.19538727798709332,0.8852063794335321,0.7095011289091007,586|982|910|699|978|60|610|22,0.88520638|0.93286467|0.69704958|0.87732633|0.99598591|0.87690609|0.86801223|0.91372609,0|-1.3188637|-1.465357|-1.5297926|-1.5959873|-1.7692762|-1.8836817|-2.0345663
0_0_0_10_14_32,-22.0,46,0,24,32,874,430,682,682,682,682,0,0,7,0.909151752463736,0.8274541538381379,0.24823624615144135,inf,0.3302079604130398,0.0028451722738788063,-0.013715710723192054,-0.013715710723192054,0.0,0.8274541538381379,0.11157232481373724,0.19538727798709332,0.9418996584363584,0.6125167396397686,682|215|281|338|579|5|631|821,0.94189966|0.88168977|0.91995246|0.65777518|0.83965443|0.98587037|0.46314724|0.72810727,0|-0.98782676|-1.2943499|-1.4301504|-1.8453179|-2.0786159|-2.4079752|-2.4852248
0_0_0_10_14_32,-22.0,46,0,25,33,720,300,720,720,720,720,1,1,7,0.909151752463736,0.8274541538381379,0.24823624615144135,inf,0.3502947943367508,0.0028451722738788063,-0.013715710723192054,-0.013715710723192054,0.0,0.8274541538381379,0.11157232481373724,0.19538727798709332,0.9447013905904543,-0.2480540345843091,720|685|300|477|270|859|257|459,0.94470139|0.86578336|0.97146598|0.73759177|0.85338227|0.49237106|0.71796222|0.69082831,0|-1.6692111|-2.0280727|-2.3469508|-2.4220922|-2.5066672|-3.009221|-3.6618442
0_0_0_10_14_32,-22.0,46,0,26,34,314,873,70,70,70,70,0,0,7,0.909151752463736,0.8274541538381379,0.24823624615144135,inf,0.37038162826046195,0.0028451722738788063,-0.013715710723192054,-0.013715710723192054,0.0,0.8274541538381379,0.11157232481373724,0.19538727798709332,0.7503676878161971,-0.06849852538540753,70|539|593|815|513|209|523|983,0.75036769|0.98898294|0.68009339|0.709298|0.47282307|0.69087603|0.67906187|0.88709971,0|-0.43487475|-0.99308164|-1.9948544|-2.1714919|-2.8063666|-2.8757413|-2.9291675
0_0_0_10_14_32,-22.0,46,0,27,35,602,525,351,351,351,351,1,1,7,0.909151752463736,0.8274541538381379,0.24823624615144135,inf,0.3904684621841731,0.0028451722738788063,-0.013715710723192054,-0.013715710723192054,0.0,0.8274541538381379,0.11157232481373724,0.19538727798709332,0.6182566131917985,-0.7324791819396317,351|577|593|1013|1|715|602|943,0.61825661|0.8484924|0.70585858|0.80991496|0.75232441|0.73626128|0.67488414|0.69483687,0|-0.86102333|-0.99930094|-1.0137506|-1.0308939|-1.2374117|-1.2727711|-1.4602137
0_0_0_10_14_32,-22.0,46,0,28,36,7,504,740,740,740,740,0,0,7,0.909151752463736,0.8274541538381379,0.24823624615144135,inf,0.4105552961078842,0.0028451722738788063,-0.013715710723192054,-0.013715710723192054,0.0,0.8274541538381379,0.11157232481373724,0.19538727798709332,0.8237274733013236,1.4790066640302086,740|440|566|621|401|41|603|504,0.82372747|0.93530088|0.36989478|0.83595903|0.36639629|0.9673365|0.8279047|0.96938006,0|-0.056480648|-0.11477499|-0.3816481|-0.4734663|-0.53499362|-0.68265332|-0.82738201
0_0_0_10_14_32,-22.0,46,0,29,37,610,935,150,150,150,150,0,0,7,0.909151752463736,0.8274541538381379,0.24823624615144135,inf,0.43064213003159524,0.0028451722738788063,-0.013715710723192054,-0.013715710723192054,0.0,0.8274541538381379,0.11157232481373724,0.19538727798709332,0.9276688771216578,-0.6247231941432744,150|848|13|714|294|177|994|226,0.92766888|0.76433902|0.8432095|0.87334181|0.9523342|0.8580936|0.79666696|0.71200655,0|-0.19941172|-0.26952179|-0.29302603|-0.70769664|-0.90484867|-0.954197|-1.2031311
0_0_0_10_14_32,-22.0,46,0,30,38,826,699,530,530,530,530,0,0,7,0.909151752463736,0.8274541538381379,0.24823624615144135,inf,0.45072896395530637,0.0028451722738788063,-0.013715710723192054,-0.013715710723192054,0.0,0.8274541538381379,0.11157232481373724,0.19538727798709332,0.6070865046435024,1.2715794074908584,530|699|547|597|474|903|22|1022,0.6070865|0.99966016|0.64597091|0.52216891|0.88027158|0.8978524|0.93110178|0.97036646,0|-0.34844373|-1.2201745|-1.6191601|-2.0081896|-2.0680635|-2.0768047|-2.1119943
0_0_0_10_14_32,-22.0,46,0,31,39,928,436,927,927,927,927,0,0,7,0.909151752463736,0.8274541538381379,0.24823624615144135,inf,0.4708157978790176,0.0028451722738788063,-0.013715710723192054,-0.013715710723192054,0.0,0.8274541538381379,0.11157232481373724,0.19538727798709332,0.739098892290771,2.612774348276196,927|994|810|732|903|15|607|148,0.73909889|0.79919617|0.95392988|0.82573113|0.86684717|0.95477148|0.42568487|0.90187515,0|-0.43825183|-0.52465124|-1.0476598|-1.0494731|-1.3693949|-1.3736051|-1.4557718
0_0_0_10_14_32,-22.0,46,0,32,40,761,492,1007,1007,1007,1007,0,0,7,0.909151752463736,0.8274541538381379,0.24823624615144135,inf,0.49090263180272864,0.0028451722738788063,-0.013715710723192054,-0.013715710723192054,0.0,0.8274541538381379,0.11157232481373724,0.19538727798709332,0.9885431470140075,3.0343916943904397,1007|140|154|1023|882|804|111|421,0.98854315|0.890808|0.728876|0.88453861|0.88441026|0.76288388|0.65216699|0.67465842,0|-0.26218149|-1.6827719|-1.7704323|-1.9888129|-2.2132298|-2.3575877|-2.6558022
0_0_0_10_14_32,-22.0,46,0,33,41,590,197,252,252,252,252,0,0,7,0.909151752463736,0.8274541538381379,0.24823624615144135,inf,0.5109894657264397,0.0028451722738788063,-0.013715710723192054,-0.013715710723192054,0.0,0.8274541538381379,0.11157232481373724,0.19538727798709332,0.8625720305567778,0.0071242417593341545,252|521|760|700|992|393|456|44,0.86257203|0.99910541|0.58019316|0.76706717|0.99094804|0.82717029|0.57412931|0.79039007,0|-0.029304984|-0.72226863|-1.1138215|-1.1990953|-1.4801928|-1.5010485|-1.5594842
0_0_0_10_14_32,-22.0,46,0,34,42,936,542,936,936,936,936,1,1,7,0.909151752463736,0.8274541538381379,0.24823624615144135,inf,0.5310762996501509,0.0028451722738788063,-0.013715710723192054,-0.013715710723192054,0.0,0.8274541538381379,0.11157232481373724,0.19538727798709332,0.9360383800308453,-1.9448573299597056,936|899|1010|926|1004|855|117|895,0.93603838|0.63846049|0.83409269|0.77436476|0.81342214|0.53960606|0.81882328|0.95232924,0|-1.7743831|-1.9417462|-2.7705093|-2.7844392|-2.9035167|-4.0105412|-4.3348881
0_0_0_10_14_32,-22.0,46,2,0,8,803,803,803,803,803,803,1,1,8,0.7654548325584414,0.9579416316678382,0.28738248950035145,0.12,-0.08080537092747603,-0.03468901595965434,-0.028678304239401486,-0.028678304239401486,0.0,0.9579416316678382,0.1728586789579417,0.11154564804054375,0.9742298246139717,0.6555441992559243,803|267|109|83|12|422|382|697,0.97422982|0.95930021|0.64997533|0.98725633|0.76057679|0.87156356|0.79544149|0.68419494,0|-6.3045574|-6.8925211|-7.1381608|-7.1446093|-7.145243|-7.2701984|-7.5412597
0_0_0_10_14_32,-22.0,46,2,1,9,826,826,826,826,826,826,1,1,8,0.7654548325584414,0.9579416316678382,0.28738248950035145,0.12,-0.06046415636098851,-0.03468901595965434,-0.028678304239401486,-0.028678304239401486,0.0,0.9579416316678382,0.1728586789579417,0.11154564804054375,0.9956792510085084,0.2753096699282428,826|545|746|303|87|404|56|66,0.99567925|0.88423412|0.99600141|0.87570806|0.84198737|0.432076|0.6846559|0.92109495,0|-8.5397804|-9.3039514|-9.4939974|-9.7017399|-9.7648974|-10.095458|-10.223894
0_0_0_10_14_32,-22.0,46,2,2,10,922,928,922,922,922,922,1,1,8,0.7654548325584414,0.9579416316678382,0.28738248950035145,0.12,-0.04012294179450093,-0.03468901595965434,-0.028678304239401486,-0.028678304239401486,0.0,0.9579416316678382,0.1728586789579417,0.11154564804054375,0.9452453692026216,2.0440787349516616,922|928|706|101|731|272|226|99,0.94524537|0.78076945|0.55673578|0.47968556|0.97981918|0.98186438|0.66609329|0.84514072,0|-7.2847513|-7.3196774|-7.482403|-8.1219868|-9.0977345|-9.1091589|-9.19487
0_0_0_10_14_32,-22.0,46,2,3,11,718,718,718,718,718,718,1,1,8,0.7654548325584414,0.9579416316678382,0.28738248950035145,0.12,-0.019781727228013413,-0.03468901595965434,-0.028678304239401486,-0.028678304239401486,0.0,0.9579416316678382,0.1728586789579417,0.11154564804054375,0.9818616456868835,-0.33951355312283993,718|460|215|323|842|321|940|217,0.98186165|0.92628086|0.78774701|0.43882919|0.71882509|0.85716032|0.9871281|0.95744948,0|-6.2707991|-6.385001|-6.8987152|-6.9553451|-7.0258854|-7.2339121|-7.4387227
0_0_0_10_14_32,-22.0,46,2,4,12,86,616,86,86,86,86,1,1,8,0.7654548325584414,0.9579416316678382,0.28738248950035145,0.12,0.0005594873384741628,-0.03468901595965434,-0.028678304239401486,-0.028678304239401486,0.0,0.9579416316678382,0.1728586789579417,0.11154564804054375,0.9336270866616491,1.8640416687654526,86|15|756|350|169|634|77|438,0.93362709|0.99576571|0.74170185|0.60635637|0.80425476|0.83821901|0.68868649|0.75337598,0|-4.9700868|-5.2656732|-5.7337861|-5.7470649|-5.9493633|-6.2927014|-6.632754
0_0_0_10_14_32,-22.0,46,2,5,13,468,468,468,468,468,468,1,1,8,0.7654548325584414,0.9579416316678382,0.28738248950035145,0.12,0.020900701904961683,-0.03468901595965434,-0.028678304239401486,-0.028678304239401486,0.0,0.9579416316678382,0.1728586789579417,0.11154564804054375,0.962845065680252,0.21870141036554883,468|582|870|908|855|352|693|62,0.96284507|0.92230359|0.75363884|0.9138081|0.9648587|0.59425923|0.72210629|0.68653937,0|-7.1100539|-7.6207167|-7.6241466|-7.7918335|-7.9970656|-8.3488801|-8.7693939
0_0_0_10_14_32,-22.0,46,2,6,14,89,89,89,89,89,89,1,1,8,0.7654548325584414,0.9579416316678382,0.28738248950035145,0.12,0.0412419164714492,-0.03468901595965434,-0.028678304239401486,-0.028678304239401486,0.0,0.9579416316678382,0.1728586789579417,0.11154564804054375,0.9327785407826916,0.5198268394874316,89|437|409|452|748|927|5|335,0.93277854|0.9986522|0.89896646|0.67604373|0.97339424|0.9278992|0.78173597|0.81681672,0|-5.3078108|-6.9600881|-7.1330383|-7.2445694|-7.5534503|-7.6441072|-7.6810012
0_0_0_10_14_32,-22.0,46,2,7,15,713,225,713,713,713,713,1,1,8,0.7654548325584414,0.9579416316678382,0.28738248950035145,0.12,0.06158313103793672,-0.03468901595965434,-0.028678304239401486,-0.028678304239401486,0.0,0.9579416316678382,0.1728586789579417,0.11154564804054375,0.989374375485156,-0.17151875899159652,713|651|325|822|845|633|929|388,0.98937438|0.8323346|0.78234077|0.96936572|0.98644596|0.90632086|0.8697319|0.87921262,0|-3.6744842|-3.7690892|-3.8272731|-3.9290428|-4.0835939|-4.2007113|-4.8097924
0_0_0_10_14_32,-22.0,46,2,8,16,865,865,865,865,865,865,1,1,8,0.7654548325584414,0.9579416316678382,0.28738248950035145,0.12,0.08192434560442435,-0.03468901595965434,-0.028678304239401486,-0.028678304239401486,0.0,0.9579416316678382,0.1728586789579417,0.11154564804054375,0.948154001388082,-1.8508401543222754,865|404|606|210|262|354|292|401,0.948154|0.60300137|0.97622042|0.94133732|0.62070376|0.78402143|0.7842587|0.79474561,0|-6.8692275|-7.7981323|-7.9733576|-8.0391885|-8.5192634|-8.5831731|-8.6816898
0_0_0_10_14_32,-22.0,46,2,9,17,492,492,492,492,492,492,1,1,8,0.7654548325584414,0.9579416316678382,0.28738248950035145,0.12,0.10226556017091187,-0.03468901595965434,-0.028678304239401486,-0.028678304239401486,0.0,0.9579416316678382,0.1728586789579417,0.11154564804054375,0.979237581874856,-0.27949366499935085,492|632|907|864|283|897|155|977,0.97923758|0.93174852|0.84595854|0.96438525|0.35036537|0.80159695|0.91712336|0.99006698,0|-5.8611843|-6.1573441|-7.1422723|-7.2696203|-7.4694507|-7.6992203|-7.7939731
0_0_0_10_14_32,-22.0,46,2,10,18,765,2,765,765,765,765,1,1,8,0.7654548325584414,0.9579416316678382,0.28738248950035145,0.12,0.1226067747373994,-0.03468901595965434,-0.028678304239401486,-0.028678304239401486,0.0,0.9579416316678382,0.1728586789579417,0.11154564804054375,0.999837287247871,0.0006267067320390451,765|799|139|616|674|837|249|569,0.99983729|0.71832359|0.5669076|0.522594|0.81513977|0.94093516|0.69990417|0.9202188,0|-6.3482188|-6.4483211|-7.150223|-7.2634743|-7.5301445|-7.5682445|-7.7417471
0_0_0_10_14_32,-22.0,46,2,11,19,1023,729,1023,1023,1023,1023,1,1,8,0.7654548325584414,0.9579416316678382,0.28738248950035145,0.12,0.1429479893038869,-0.03468901595965434,-0.028678304239401486,-0.028678304239401486,0.0,0.9579416316678382,0.1728586789579417,0.11154564804054375,0.9871700643787934,-0.556497135705847,1023|723|909|580|336|976|755|9,0.98717006|0.6209546|0.95644092|0.83584062|0.99813038|0.45717054|0.97962978|0.79331487,0|-5.530523|-6.7785207|-7.5198401|-7.7905575|-7.7958278|-7.9866686|-8.0264093
0_0_0_10_14_32,-22.0,46,2,12,20,597,975,597,597,597,597,1,1,8,0.7654548325584414,0.9579416316678382,0.28738248950035145,0.12,0.16328920387037443,-0.03468901595965434,-0.028678304239401486,-0.028678304239401486,0.0,0.9579416316678382,0.1728586789579417,0.11154564804054375,0.7785880165663857,0.7562434461575442,597|509|1015|589|843|157|77|985,0.77858802|0.66636206|0.88913412|0.55637939|0.99658293|0.8213576|0.80465938|0.82459763,0|-5.5003957|-5.6655412|-5.7446181|-6.0997849|-6.1094762|-6.3450283|-6.3475189
0_0_0_10_14_32,-22.0,46,2,13,21,562,381,562,562,562,562,1,1,8,0.7654548325584414,0.9579416316678382,0.28738248950035145,0.12,0.18363041843686195,-0.03468901595965434,-0.028678304239401486,-0.028678304239401486,0.0,0.9579416316678382,0.1728586789579417,0.11154564804054375,0.8000504641240022,0.722434602971942,562|947|494|991|180|156|341|34,0.80005046|0.89745225|0.3194144|0.97642971|0.96618997|0.94448463|0.96708754|0.94021323,0|-5.7462598|-6.9634419|-7.0605816|-7.1906348|-7.2290774|-7.2624735|-7.4944563
0_0_0_10_14_32,-22.0,46,2,14,22,478,391,478,478,478,478,1,1,8,0.7654548325584414,0.9579416316678382,0.28738248950035145,0.12,0.20397163300334958,-0.03468901595965434,-0.028678304239401486,-0.028678304239401486,0.0,0.9579416316678382,0.1728586789579417,0.11154564804054375,0.9042241691444217,0.5027000251193274,478|716|944|979|206|111|497|947,0.90422417|0.95937359|0.96943844|0.98873286|0.98257932|0.70147861|0.55133648|0.93918815,0|-5.1829033|-5.6856944|-5.9044588|-6.1300924|-6.2755619|-6.6828222|-6.6905068
0_0_0_10_14_32,-22.0,46,2,15,23,267,764,267,267,267,267,1,1,8,0.7654548325584414,0.9579416316678382,0.28738248950035145,0.12,0.2243128475698371,-0.03468901595965434,-0.028678304239401486,-0.028678304239401486,0.0,0.9579416316678382,0.1728586789579417,0.11154564804054375,0.9775918185237609,-0.2500735726130082,267|554|12|980|531|702|940|977,0.97759182|0.9414139|0.89514295|0.63757685|0.81923363|0.6964432|0.47034742|0.74839061,0|-5.8376958|-6.3732858|-7.0379769|-7.216638|-7.3890157|-7.5877952|-7.597371
0_0_0_10_14_32,-22.0,46,2,16,24,917,917,917,917,917,917,1,1,8,0.7654548325584414,0.9579416316678382,0.28738248950035145,0.12,0.24465406213632462,-0.03468901595965434,-0.028678304239401486,-0.028678304239401486,0.0,0.9579416316678382,0.1728586789579417,0.11154564804054375,0.9933652189110136,-0.050170462609178956,917|14|850|374|29|295|720|859,0.99336522|0.94843256|0.93430839|0.64236198|0.99395886|0.52756162|0.38173137|0.61212062,0|-7.2012889|-7.2489517|-7.7188315|-7.7990871|-7.8673492|-8.0182868|-8.0905993
0_0_0_10_14_32,-22.0,46,2,17,25,656,656,656,656,656,656,1,1,8,0.7654548325584414,0.9579416316678382,0.28738248950035145,0.12,0.26499527670281214,-0.03468901595965434,-0.028678304239401486,-0.028678304239401486,0.0,0.9579416316678382,0.1728586789579417,0.11154564804054375,0.9749117836922652,-0.04946271589003759,656|264|325|463|212|517|714|385,0.97491178|0.88006069|0.91194683|0.95661654|0.72987689|0.8362514|0.63737303|0.93412297,0|-5.4715783|-5.9640379|-6.0703767|-6.9861413|-7.373823|-7.4077999|-7.4936191
0_0_0_10_14_32,-22.0,46,2,18,26,889,889,889,889,889,889,1,1,8,0.7654548325584414,0.9579416316678382,0.28738248950035145,0.12,0.28533649126929966,-0.03468901595965434,-0.028678304239401486,-0.028678304239401486,0.0,0.9579416316678382,0.1728586789579417,0.11154564804054375,0.9580873840422229,0.30600789112222304,889|1000|444|50|187|66|604|960,0.95808738|0.74369235|0.67028928|0.79861729|0.7238763|0.78423802|0.60033762|0.59110976,0|-7.6201257|-8.2314216|-8.2952381|-8.5652477|-8.9708152|-9.1164379|-9.1711557
0_0_0_10_14_32,-22.0,46,2,19,27,510,586,510,510,510,510,1,1,8,0.7654548325584414,0.9579416316678382,0.28738248950035145,0.12,0.3056777058357873,-0.03468901595965434,-0.028678304239401486,-0.028678304239401486,0.0,0.9579416316678382,0.1728586789579417,0.11154564804054375,0.939207579411409,0.46486923743417463,510|234|440|196|219|586|969|888,0.93920758|0.72081569|0.67067221|0.91555893|0.6436138|0.61420256|0.61912175|0.96682065,0|-5.2510505|-5.7601442|-6.2811178|-6.7104577|-6.7701186|-6.8835628|-7.0567484
0_0_0_10_14_32,-22.0,46,2,20,28,860,725,860,860,860,860,1,1,8,0.7654548325584414,0.9579416316678382,0.28738248950035145,0.12,0.3260189204022748,-0.03468901595965434,-0.028678304239401486,-0.028678304239401486,0.0,0.9579416316678382,0.1728586789579417,0.11154564804054375,0.9478109260106533,1.9783228892654834,860|741|684|161|746|869|297|226,0.94781093|0.92790758|0.7222365|0.8498094|0.71899021|0.99973381|0.6650496|0.76898387,0|-4.6627865|-5.82107|-6.2082367|-6.742948|-6.9682037|-7.0475166|-7.2756038
0_0_0_10_14_32,-22.0,46,2,21,29,553,707,553,553,553,553,1,1,8,0.7654548325584414,0.9579416316678382,0.28738248950035145,0.12,0.34636013496876233,-0.03468901595965434,-0.028678304239401486,-0.028678304239401486,0.0,0.9579416316678382,0.1728586789579417,0.11154564804054375,0.8229225679426767,0.46701656270923025,553|455|768|242|668|780|347|926,0.82292257|0.56950434|0.93831876|0.97731999|0.4158491|0.8670179|0.5753671|0.83043024,0|-4.6507465|-4.9210366|-5.7793233|-5.8496944|-6.0298289|-6.1033035|-6.160214
0_0_0_10_14_32,-22.0,46,2,22,30,629,629,629,629,629,629,1,1,8,0.7654548325584414,0.9579416316678382,0.28738248950035145,0.12,0.36670134953524985,-0.03468901595965434,-0.028678304239401486,-0.028678304239401486,0.0,0.9579416316678382,0.1728586789579417,0.11154564804054375,0.9850078280451197,0.17837459571310485,629|477|670|954|725|949|889|196,0.98500783|0.860305|0.96114564|0.95095356|0.88268005|0.75923182|0.9467335|0.59720478,0|-7.1648827|-7.6045948|-8.0206228|-8.0881641|-8.1725036|-8.3080951|-8.3081353
0_0_0_10_14_32,-22.0,46,2,23,31,759,759,759,759,759,759,1,1,8,0.7654548325584414,0.9579416316678382,0.28738248950035145,0.12,0.3870425641017374,-0.03468901595965434,-0.028678304239401486,-0.028678304239401486,0.0,0.9579416316678382,0.1728586789579417,0.11154564804054375,0.9922804209834316,0.2066703738788866,759|487|635|903|74|88|370|724,0.99228042|0.84872228|0.86401354|0.94852028|0.8769596|0.91021632|0.7577501|0.84865155,0|-5.6047955|-6.1443057|-7.1929363|-7.2107415|-7.2576641|-7.2924165|-7.3053175
0_0_0_10_14_32,-22.0,46,2,24,32,874,644,874,874,874,874,1,1,8,0.7654548325584414,0.9579416316678382,0.28738248950035145,0.12,0.407383778668225,-0.03468901595965434,-0.028678304239401486,-0.028678304239401486,0.0,0.9579416316678382,0.1728586789579417,0.11154564804054375,0.9967818347073552,0.13560021255118607,874|900|908|592|873|246|554|12,0.99678183|0.92612186|0.79546265|0.93822012|0.49456215|0.69618937|0.91351433|0.78406168,0|-2.0177864|-2.0828021|-2.5961232|-2.8299574|-2.8802946|-2.96864|-3.3548878
0_0_0_10_14_32,-22.0,46,2,25,33,720,971,720,720,720,720,1,1,8,0.7654548325584414,0.9579416316678382,0.28738248950035145,0.12,0.4277249932347125,-0.03468901595965434,-0.028678304239401486,-0.028678304239401486,0.0,0.9579416316678382,0.1728586789579417,0.11154564804054375,0.9546398380374647,-0.588665133931248,720|603|517|938|361|894|331|822,0.95463984|0.94986447|0.85516861|0.83058992|0.76236674|0.91349998|0.53263146|0.929957,0|-6.0881996|-6.3149948|-7.7293643|-7.7705459|-7.9596313|-8.0607192|-8.1914834
0_0_0_10_14_32,-22.0,46,2,26,34,314,314,314,314,314,314,1,1,8,0.7654548325584414,0.9579416316678382,0.28738248950035145,0.12,0.44806620780120004,-0.03468901595965434,-0.028678304239401486,-0.028678304239401486,0.0,0.9579416316678382,0.1728586789579417,0.11154564804054375,0.9436163433719396,0.6514527963969856,314|168|460|749|372|292|767|961,0.94361634|0.78736381|0.87315067|0.94565853|0.66832995|0.97844997|0.97531485|0.89196003,0|-6.8308337|-6.9989086|-7.5138023|-7.6234695|-7.7211387|-7.8682658|-7.9399846
0_0_0_10_14_32,-22.0,46,2,27,35,602,195,602,602,602,602,1,1,8,0.7654548325584414,0.9579416316678382,0.28738248950035145,0.12,0.46840742236768756,-0.03468901595965434,-0.028678304239401486,-0.028678304239401486,0.0,0.9579416316678382,0.1728586789579417,0.11154564804054375,0.6366763568113978,-1.2150864835272395,602|177|215|817|794|39|846|332,0.63667636|0.81306744|0.92841581|0.86932698|0.67001011|0.64102897|0.58492551|0.60579778,0|-2.9601616|-4.2313983|-4.2509928|-4.3749999|-4.4050603|-4.5353394|-4.7859304
0_0_0_10_14_32,-22.0,46,2,28,36,7,7,7,7,7,7,1,1,8,0.7654548325584414,0.9579416316678382,0.28738248950035145,0.12,0.4887486369341751,-0.03468901595965434,-0.028678304239401486,-0.028678304239401486,0.0,0.9579416316678382,0.1728586789579417,0.11154564804054375,0.953146784110587,0.65273244615655,7|307|544|597|212|131|291|848,0.95314678|0.91986799|0.95261168|0.79596016|0.78962012|0.84299425|0.76100929|0.843148,0|-5.9247322|-6.2269063|-6.2742324|-7.1716735|-7.3781342|-7.5564853|-7.5796594
0_0_0_10_14_32,-22.0,46,2,29,37,610,685,610,610,610,610,1,1,8,0.7654548325584414,0.9579416316678382,0.28738248950035145,0.12,0.5090898515006625,-0.03468901595965434,-0.028678304239401486,-0.028678304239401486,0.0,0.9579416316678382,0.1728586789579417,0.11154564804054375,0.979887640628623,0.11360511517750546,610|576|140|805|953|447|801|847,0.97988764|0.8275758|0.86905921|0.88463578|0.85578037|0.69862112|0.88453406|0.94780996,0|-2.8343867|-4.6647162|-4.7315007|-4.8620384|-5.1462592|-5.1595455|-5.72876
0_0_0_10_14_32,-22.0,46,2,30,38,775,775,775,775,775,775,1,1,8,0.7654548325584414,0.9579416316678382,0.28738248950035145,0.12,0.5294310660671502,-0.03468901595965434,-0.028678304239401486,-0.028678304239401486,0.0,0.9579416316678382,0.1728586789579417,0.11154564804054375,0.9392389834830691,-0.9610718897630506,775|413|192|716|783|625|621|503,0.93923898|0.84389584|0.64340488|0.89020301|0.85395187|0.75567477|0.77507759|0.54755912,0|-4.5507602|-4.8591095|-5.292264|-5.5189988|-5.831513|-6.0139886|-6.2875785
0_0_0_10_14_32,-22.0,46,2,31,39,912,912,912,912,912,912,1,1,8,0.7654548325584414,0.9579416316678382,0.28738248950035145,0.12,0.5497722806336376,-0.03468901595965434,-0.028678304239401486,-0.028678304239401486,0.0,0.9579416316678382,0.1728586789579417,0.11154564804054375,0.975400355003617,-1.8088470647547834,912|384|1023|1008|463|385|567|284,0.97540036|0.93782986|0.95628573|0.89983352|0.97523991|0.83330066|0.51850317|0.90615319,0|-7.2010298|-7.6387966|-7.6962201|-7.9258079|-7.990661|-8.1198802|-8.2618211
0_0_0_10_14_32,-22.0,46,2,32,40,768,509,768,768,768,768,1,1,8,0.7654548325584414,0.9579416316678382,0.28738248950035145,0.12,0.5701134952001252,-0.03468901595965434,-0.028678304239401486,-0.028678304239401486,0.0,0.9579416316678382,0.1728586789579417,0.11154564804054375,0.9773870668211669,-0.4051088320450178,768|27|675|28|559|571|299|803,0.97738707|0.73846496|0.94446633|0.92331312|0.98059679|0.68002604|0.74616008|0.98187225,0|-6.3048124|-6.3119404|-6.5095016|-6.5724256|-6.6032307|-6.8845974|-6.9962501
0_0_0_10_14_32,-22.0,46,2,33,41,581,231,581,581,581,581,1,1,8,0.7654548325584414,0.9579416316678382,0.28738248950035145,0.12,0.5904547097666129,-0.03468901595965434,-0.028678304239401486,-0.028678304239401486,0.0,0.9579416316678382,0.1728586789579417,0.11154564804054375,0.9154553945649739,-0.5454616054696816,581|582|937|117|443|953|479|667,0.91545539|0.29015512|0.86268316|0.93615166|0.99393201|0.84758167|0.2973615|0.50785651,0|-6.8670783|-7.3786599|-7.5551762|-7.708807|-7.7295836|-7.7881485|-7.906325
0_0_0_10_14_32,-22.0,46,2,34,42,93,36,93,93,93,93,1,1,8,0.7654548325584414,0.9579416316678382,0.28738248950035145,0.12,0.6107959243331003,-0.03468901595965434,-0.028678304239401486,-0.028678304239401486,0.0,0.9579416316678382,0.1728586789579417,0.11154564804054375,0.9817793011841197,0.5393232521103424,93|991|827|765|919|57|999|832,0.9817793|0.74336183|0.88861064|0.99368572|0.98558298|0.86277716|0.93115001|0.84034412,0|-4.1786218|-5.2344318|-5.3733932|-5.6631932|-5.9617776|-6.0445915|-6.1574066
0_0_0_10_14_32,-22.0,46,3,0,8,222,825,222,222,222,222,1,1,8,0.7255988783270854,0.961960346794545,0.2885881040383635,0.12,-0.24139186257903067,0.002559789806933604,-0.03117206982543641,-0.03117206982543641,0.0,0.961960346794545,0.12729499876497452,0.1316540207048943,0.9443560871688901,-0.19305867209889127,222|307|697|283|995|739|114|314,0.94435609|0.68995118|0.9131521|0.87840228|0.99900343|0.44293862|0.94749455|0.91766656,0|-3.5837251|-4.0274615|-4.1490782|-4.2864538|-4.5845994|-5.1084721|-5.1855822
0_0_0_10_14_32,-22.0,46,3,1,9,711,711,711,711,711,711,1,1,8,0.7255988783270854,0.961960346794545,0.2885881040383635,0.12,-0.22099396885780748,0.002559789806933604,-0.03117206982543641,-0.03117206982543641,0.0,0.961960346794545,0.12729499876497452,0.1316540207048943,0.9847062563611342,0.3355539237411209,711|406|586|585|232|211|247|706,0.98470626|0.38207609|0.68567082|0.86784168|0.62553999|0.95330496|0.46595264|0.80008151,0|-7.0742539|-7.1354678|-7.3107877|-7.4447098|-7.5384166|-7.8365756|-8.4314595
0_0_0_10_14_32,-22.0,46,3,2,10,871,879,871,871,871,871,1,1,8,0.7255988783270854,0.961960346794545,0.2885881040383635,0.12,-0.20059607513658428,0.002559789806933604,-0.03117206982543641,-0.03117206982543641,0.0,0.961960346794545,0.12729499876497452,0.1316540207048943,0.9405782478014115,1.932711758858619,871|401|759|872|919|986|351|999,0.94057825|0.79546713|0.67033479|0.90922392|0.96776628|0.920555|0.98111185|0.96467982,0|-3.9760142|-4.4251253|-4.4282791|-4.9922231|-5.8701602|-6.5079817|-6.8165781
0_0_0_10_14_32,-22.0,46,3,3,11,718,62,718,718,718,718,1,1,8,0.7255988783270854,0.961960346794545,0.2885881040383635,0.12,-0.18019818141536115,0.002559789806933604,-0.03117206982543641,-0.03117206982543641,0.0,0.961960346794545,0.12729499876497452,0.1316540207048943,0.951095552692155,0.6167122963453074,718|520|579|972|673|838|496|498,0.95109555|0.92652307|0.97033476|0.68636466|0.69043673|0.89362808|0.58942492|0.91798849,0|-7.2603376|-7.4138254|-7.4415806|-7.6852539|-7.8018754|-8.0158007|-8.0176763
0_0_0_10_14_32,-22.0,46,3,4,12,107,589,107,107,107,107,1,1,8,0.7255988783270854,0.961960346794545,0.2885881040383635,0.12,-0.15980028769413795,0.002559789806933604,-0.03117206982543641,-0.03117206982543641,0.0,0.961960346794545,0.12729499876497452,0.1316540207048943,0.9217426508797455,-0.6536099204480522,107|586|235|301|61|742|331|434,0.92174265|0.68211721|0.87138381|0.92696081|0.72854376|0.76184897|0.71461362|0.8725629,0|-4.7045187|-5.0799116|-5.4347325|-5.6262791|-5.835824|-5.8588153|-5.926271
0_0_0_10_14_32,-22.0,46,3,5,13,468,262,468,468,468,468,1,1,8,0.7255988783270854,0.961960346794545,0.2885881040383635,0.12,-0.13940239397291476,0.002559789806933604,-0.03117206982543641,-0.03117206982543641,0.0,0.961960346794545,0.12729499876497452,0.1316540207048943,0.9286069805546069,-0.536293528215338,468|512|110|91|632|254|467|304,0.92860698|0.79773305|0.72282113|0.97255299|0.87928358|0.85007912|0.37832123|0.85705191,0|-5.1059054|-6.2544775|-6.7146293|-6.7692971|-6.8248168|-7.3911874|-7.540363
0_0_0_10_14_32,-22.0,46,3,6,14,89,89,89,89,89,89,1,1,8,0.7255988783270854,0.961960346794545,0.2885881040383635,0.12,-0.11900450025169163,0.002559789806933604,-0.03117206982543641,-0.03117206982543641,0.0,0.961960346794545,0.12729499876497452,0.1316540207048943,0.9623986148858801,0.9694937158178387,89|1000|872|74|386|961|562|703,0.96239861|0.90532076|0.87616043|0.91675452|0.69889312|0.4917735|0.91323962|0.97229909,0|-7.0167312|-7.2856128|-7.3079525|-7.4577742|-7.5656497|-7.6764784|-7.8726516
0_0_0_10_14_32,-22.0,46,3,7,15,713,805,713,713,713,713,1,1,8,0.7255988783270854,0.961960346794545,0.2885881040383635,0.12,-0.09860660653046838,0.002559789806933604,-0.03117206982543641,-0.03117206982543641,0.0,0.961960346794545,0.12729499876497452,0.1316540207048943,0.9469163984920428,-0.3513210459445153,713|376|774|393|429|133|171|688,0.9469164|0.96480795|0.96492351|0.64833817|0.73006727|0.75893747|0.85041043|0.98643387,0|-1.7710251|-1.9670524|-2.4312814|-2.4975802|-2.6683252|-2.7296824|-2.8048245
0_0_0_10_14_32,-22.0,46,3,8,16,865,454,865,865,865,865,1,1,8,0.7255988783270854,0.961960346794545,0.2885881040383635,0.12,-0.07820871280924524,0.002559789806933604,-0.03117206982543641,-0.03117206982543641,0.0,0.961960346794545,0.12729499876497452,0.1316540207048943,0.9782423134517505,0.7628645841413393,865|530|752|454|703|208|634|609,0.97824231|0.89090324|0.97782532|0.97835431|0.90124517|0.69499152|0.50848754|0.74273751,0|-6.0987471|-7.1542875|-7.5661674|-7.785619|-7.9977082|-8.1557289|-8.4252858
0_0_0_10_14_32,-22.0,46,3,9,17,492,492,492,492,492,492,1,1,8,0.7255988783270854,0.961960346794545,0.2885881040383635,0.12,-0.05781081908802199,0.002559789806933604,-0.03117206982543641,-0.03117206982543641,0.0,0.961960346794545,0.12729499876497452,0.1316540207048943,0.8110067606542339,-0.8095625777288058,492|91|356|88|447|979|860|342,0.81100676|0.55439286|0.99632535|0.88039673|0.95586757|0.88310016|0.7636173|0.57203129,0|-4.6292996|-4.9312838|-4.9613883|-5.3464696|-5.6547758|-6.220106|-6.2670765
0_0_0_10_14_32,-22.0,46,3,10,18,765,252,765,765,765,765,1,1,8,0.7255988783270854,0.961960346794545,0.2885881040383635,0.12,-0.037412925366798855,0.002559789806933604,-0.03117206982543641,-0.03117206982543641,0.0,0.961960346794545,0.12729499876497452,0.1316540207048943,0.9909674505814381,-0.27994415428782293,765|1009|809|398|214|137|355|639,0.99096745|0.9833851|0.80477323|0.76018084|0.82439582|0.94827307|0.51769551|0.37042131,0|-5.9162839|-5.9743361|-6.1318168|-6.1664484|-6.313447|-6.4726584|-6.5709502
0_0_0_10_14_32,-22.0,46,3,11,19,1023,592,1023,1023,1023,1023,1,1,8,0.7255988783270854,0.961960346794545,0.2885881040383635,0.12,-0.017015031645575718,0.002559789806933604,-0.03117206982543641,-0.03117206982543641,0.0,0.961960346794545,0.12729499876497452,0.1316540207048943,0.9824603195176873,-0.8866190529237479,1023|931|972|653|773|870|896|533,0.98246032|0.78439127|0.81064297|0.84364103|0.9284221|0.79704518|0.81236703|0.7646199,0|-6.9391798|-7.1760369|-7.2652599|-7.296594|-7.3568145|-7.4559294|-7.6174165
0_0_0_10_14_32,-22.0,46,3,12,20,597,597,597,597,597,597,1,1,8,0.7255988783270854,0.961960346794545,0.2885881040383635,0.12,0.0033828620756475303,0.002559789806933604,-0.03117206982543641,-0.03117206982543641,0.0,0.961960346794545,0.12729499876497452,0.1316540207048943,0.8706709749463224,-0.6052404346619422,597|421|24|966|747|409|594|480,0.87067097|0.28234099|0.90070624|0.71587569|0.96905816|0.95369763|0.99505321|0.83115784,0|-4.4735218|-4.6816357|-4.8245452|-4.8301897|-4.9695214|-5.1179541|-5.7135597
0_0_0_10_14_32,-22.0,46,3,13,21,562,865,562,562,562,562,1,1,8,0.7255988783270854,0.961960346794545,0.2885881040383635,0.12,0.023780755796870667,0.002559789806933604,-0.03117206982543641,-0.03117206982543641,0.0,0.961960346794545,0.12729499876497452,0.1316540207048943,0.9627355877137568,0.34006710183499456,562|654|1019|706|148|303|143|918,0.96273559|0.65653955|0.91804815|0.76185801|0.70121707|0.93595831|0.92617233|0.7896229,0|-3.3334758|-3.4866454|-3.5229758|-3.9594396|-4.1132835|-4.3127581|-4.365788
0_0_0_10_14_32,-22.0,46,3,14,22,478,478,478,478,478,478,1,1,8,0.7255988783270854,0.961960346794545,0.2885881040383635,0.12,0.044178649518093915,0.002559789806933604,-0.03117206982543641,-0.03117206982543641,0.0,0.961960346794545,0.12729499876497452,0.1316540207048943,0.93533461263876,-0.4737018018373116,478|356|178|776|149|464|509|388,0.93533461|0.56595675|0.82532152|0.74030268|0.77260074|0.99555618|0.73470865|0.93127691,0|-5.9097367|-6.1556741|-6.5396878|-6.5441274|-6.6279615|-6.6566593|-6.7321338
0_0_0_10_14_32,-22.0,46,3,15,23,267,267,267,267,267,267,1,1,8,0.7255988783270854,0.961960346794545,0.2885881040383635,0.12,0.06457654323931705,0.002559789806933604,-0.03117206982543641,-0.03117206982543641,0.0,0.961960346794545,0.12729499876497452,0.1316540207048943,0.9824615636854747,-0.07204403684767574,267|820|958|848|796|177|664|516,0.98246156|0.93890917|0.99068604|0.78499021|0.95622044|0.9481644|0.68963232|0.62846158,0|-6.7155275|-7.3721205|-7.3991804|-7.5156208|-8.0031811|-8.2807772|-8.3874799
0_0_0_10_14_32,-22.0,46,3,16,24,917,917,917,917,917,917,1,1,8,0.7255988783270854,0.961960346794545,0.2885881040383635,0.12,0.08497443696054019,0.002559789806933604,-0.03117206982543641,-0.03117206982543641,0.0,0.961960346794545,0.12729499876497452,0.1316540207048943,0.9519270212396488,1.2928573384959927,917|242|266|962|560|753|208|262,0.95192702|0.79718577|0.57677191|0.58095507|0.90504276|0.86338179|0.80711691|0.53471421,0|-6.1070551|-6.6312095|-6.9697554|-7.7074752|-7.7687107|-7.7885495|-7.8043296
0_0_0_10_14_32,-22.0,46,3,17,25,656,656,656,656,656,656,1,1,8,0.7255988783270854,0.961960346794545,0.2885881040383635,0.12,0.10537233068176344,0.002559789806933604,-0.03117206982543641,-0.03117206982543641,0.0,0.961960346794545,0.12729499876497452,0.1316540207048943,0.9690323063192349,0.35251231135553995,656|162|638|510|158|708|652|397,0.96903231|0.89431965|0.82530323|0.98663842|0.83638512|0.98692297|0.60198797|0.8494948,0|-7.2835982|-9.0130112|-9.2882407|-9.5224334|-9.5385618|-9.5765057|-9.7153418
0_0_0_10_14_32,-22.0,46,3,18,26,889,889,889,889,889,889,1,1,8,0.7255988783270854,0.961960346794545,0.2885881040383635,0.12,0.12577022440298657,0.002559789806933604,-0.03117206982543641,-0.03117206982543641,0.0,0.961960346794545,0.12729499876497452,0.1316540207048943,0.8613257396332646,0.19335848800201821,889|709|520|194|555|568|116|491,0.86132574|0.62400642|0.91332136|0.80216861|0.78947815|0.53620013|0.97093811|0.70712632,0|-3.6000044|-3.9444139|-4.6561763|-5.0241754|-5.400316|-5.5974073|-5.9290499
0_0_0_10_14_32,-22.0,46,3,19,27,510,510,510,510,510,510,1,1,8,0.7255988783270854,0.961960346794545,0.2885881040383635,0.12,0.14616811812420982,0.002559789806933604,-0.03117206982543641,-0.03117206982543641,0.0,0.961960346794545,0.12729499876497452,0.1316540207048943,0.992899152286143,-0.16488633989184603,510|873|911|290|48|427|568|943,0.99289915|0.70547551|0.98754321|0.700092|0.84221198|0.94421486|0.32982404|0.90892066,0|-6.6061136|-7.1487654|-7.3333157|-7.3918191|-7.5392353|-7.5763367|-7.6967755
0_0_0_10_14_32,-22.0,46,3,20,28,860,860,860,860,860,860,1,1,8,0.7255988783270854,0.961960346794545,0.2885881040383635,0.12,0.16656601184543296,0.002559789806933604,-0.03117206982543641,-0.03117206982543641,0.0,0.961960346794545,0.12729499876497452,0.1316540207048943,0.9992520571752851,0.012909046630104198,860|794|276|972|159|722|273|1000,0.99925206|0.84102176|0.88395816|0.99061622|0.95866266|0.7552242|0.76814302|0.93683073,0|-6.4548869|-6.5845848|-6.8103118|-7.2686186|-7.5997175|-7.7836752|-7.8273882
0_0_0_10_14_32,-22.0,46,3,21,29,553,553,553,553,553,553,1,1,8,0.7255988783270854,0.961960346794545,0.2885881040383635,0.12,0.1869639055666562,0.002559789806933604,-0.03117206982543641,-0.03117206982543641,0.0,0.961960346794545,0.12729499876497452,0.1316540207048943,0.9512023435991704,0.2549006022639142,553|703|536|741|764|129|388|17,0.95120234|0.70990405|0.90794617|0.90031858|0.80601687|0.64304801|0.79156687|0.81735535,0|-3.1355015|-3.1968971|-3.5613992|-3.7171379|-4.1262043|-4.3038021|-4.3387114
0_0_0_10_14_32,-22.0,46,3,22,30,629,629,629,629,629,629,1,1,8,0.7255988783270854,0.961960346794545,0.2885881040383635,0.12,0.20736179928787934,0.002559789806933604,-0.03117206982543641,-0.03117206982543641,0.0,0.961960346794545,0.12729499876497452,0.1316540207048943,0.9899286823393362,-0.0843046168808233,629|195|359|489|191|243|504|378,0.98992868|0.98733191|0.67770408|0.80305349|0.68235581|0.98371908|0.70243081|0.51907913,0|-6.2433736|-6.8773621|-7.2909496|-7.6506194|-7.7247306|-8.0625679|-8.1809816
0_0_0_10_14_32,-22.0,46,3,23,31,759,511,759,759,759,759,1,1,8,0.7255988783270854,0.961960346794545,0.2885881040383635,0.12,0.22775969300910248,0.002559789806933604,-0.03117206982543641,-0.03117206982543641,0.0,0.961960346794545,0.12729499876497452,0.1316540207048943,0.9499595545602516,-0.7663479815504086,759|191|266|679|93|930|920|66,0.94995955|0.91400443|0.40911477|0.67230017|0.8141535|0.89123645|0.86116103|0.783296,0|-4.1397622|-5.1357885|-5.2289929|-5.2485515|-6.2120283|-6.3550195|-6.9138793
0_0_0_10_14_32,-22.0,46,3,24,32,874,746,874,874,874,874,1,1,8,0.7255988783270854,0.961960346794545,0.2885881040383635,0.12,0.24815758673032573,0.002559789806933604,-0.03117206982543641,-0.03117206982543641,0.0,0.961960346794545,0.12729499876497452,0.1316540207048943,0.9714822295515593,1.4678084815227326,874|421|70|410|625|913|685|840,0.97148223|0.98069876|0.7142818|0.50237648|0.84580872|0.92004308|0.50660795|0.44141286,0|-4.2582295|-5.3553398|-5.5683968|-6.1759503|-6.2414006|-6.3092752|-6.4532685
0_0_0_10_14_32,-22.0,46,3,25,33,720,720,720,720,720,720,1,1,8,0.7255988783270854,0.961960346794545,0.2885881040383635,0.12,0.26855548045154887,0.002559789806933604,-0.03117206982543641,-0.03117206982543641,0.0,0.961960346794545,0.12729499876497452,0.1316540207048943,0.981098428853367,0.12872485266972986,720|660|306|705|64|853|455|907,0.98109843|0.90644063|0.93202587|0.90553283|0.99105923|0.88193081|0.70903766|0.86203439,0|-5.3591673|-5.9806303|-6.0072448|-6.0715654|-6.3877495|-6.8901617|-6.8958227
0_0_0_10_14_32,-22.0,46,3,26,34,314,668,314,314,314,314,1,1,8,0.7255988783270854,0.961960346794545,0.2885881040383635,0.12,0.2889533741727721,0.002559789806933604,-0.03117206982543641,-0.03117206982543641,0.0,0.961960346794545,0.12729499876497452,0.1316540207048943,0.9900877815700488,-0.1682803851157246,314|29|955|283|223|53|166|431,0.99008778|0.94067751|0.89389155|0.57898999|0.66346904|0.93763708|0.92628242|0.48755165,0|-4.4874485|-5.0300606|-5.3111427|-5.3396948|-5.3423748|-5.3547052|-5.8548901
0_0_0_10_14_32,-22.0,46,3,27,35,602,58,602,602,602,602,1,1,8,0.7255988783270854,0.961960346794545,0.2885881040383635,0.12,0.30935126789399525,0.002559789806933604,-0.03117206982543641,-0.03117206982543641,0.0,0.961960346794545,0.12729499876497452,0.1316540207048943,0.9135179823444951,-0.6273310169251798,602|102|709|89|299|892|104|556,0.91351798|0.96184936|0.88264584|0.80717432|0.60738606|0.66098495|0.87932867|0.96111757,0|-2.6790084|-3.4996721|-3.8954017|-4.3180242|-4.8473711|-5.0245269|-5.1432762
0_0_0_10_14_32,-22.0,46,3,28,36,7,881,7,7,7,7,1,1,8,0.7255988783270854,0.961960346794545,0.2885881040383635,0.12,0.3297491616152184,0.002559789806933604,-0.03117206982543641,-0.03117206982543641,0.0,0.961960346794545,0.12729499876497452,0.1316540207048943,0.9580448058229911,0.4973979451054576,7|962|278|445|302|789|114|316,0.95804481|0.99725534|0.92093826|0.89370999|0.90303557|0.82278102|0.99700299|0.99392808,0|-1.6165354|-2.7796754|-3.390919|-3.444278|-3.6695873|-3.9141473|-4.0301659
0_0_0_10_14_32,-22.0,46,3,29,37,610,672,610,610,610,610,1,1,8,0.7255988783270854,0.961960346794545,0.2885881040383635,0.12,0.3501470553364415,0.002559789806933604,-0.03117206982543641,-0.03117206982543641,0.0,0.961960346794545,0.12729499876497452,0.1316540207048943,0.9942957243837579,0.13825086826262661,610|52|803|768|225|224|151|333,0.99429572|0.9998331|0.99298558|0.93956595|0.98172809|0.78990628|0.76199508|0.79906575,0|-3.6984746|-5.3620984|-5.6345718|-5.9408955|-6.033814|-6.3196363|-6.3774474
0_0_0_10_14_32,-22.0,46,3,30,38,778,467,778,778,778,778,1,1,8,0.7255988783270854,0.961960346794545,0.2885881040383635,0.12,0.3705449490576648,0.002559789806933604,-0.03117206982543641,-0.03117206982543641,0.0,0.961960346794545,0.12729499876497452,0.1316540207048943,0.9949240498649544,-0.13126397542940788,778|348|173|182|700|442|198|342,0.99492405|0.87039535|0.67430363|0.73244946|0.77109487|0.94571584|0.89736581|0.35462947,0|-4.7515472|-5.5109035|-5.7411545|-5.9780989|-6.081225|-6.7376367|-6.7583816
0_0_0_10_14_32,-22.0,46,3,31,39,897,779,897,897,897,897,1,1,8,0.7255988783270854,0.961960346794545,0.2885881040383635,0.12,0.390942842778888,0.002559789806933604,-0.03117206982543641,-0.03117206982543641,0.0,0.961960346794545,0.12729499876497452,0.1316540207048943,0.9438493550528904,-2.1146362863346284,897|745|90|293|16|574|892|3,0.94384936|0.7362355|0.91857739|0.8446606|0.72315113|0.64939031|0.64179987|0.6668632,0|-6.6311096|-6.8145107|-7.0616852|-7.2059716|-7.2106612|-7.2202004|-7.2944515
0_0_0_10_14_32,-22.0,46,3,32,40,740,258,740,740,740,740,1,1,8,0.7255988783270854,0.961960346794545,0.2885881040383635,0.12,0.41134073650011105,0.002559789806933604,-0.03117206982543641,-0.03117206982543641,0.0,0.961960346794545,0.12729499876497452,0.1316540207048943,0.8857459736675624,-1.2408398773858305,740|440|739|260|714|876|818|873,0.88574597|0.90542634|0.83123175|0.88377385|0.92694595|0.98147793|0.7261104|0.63107112,0|-1.9429857|-2.3721876|-3.5030987|-3.5407268|-4.429908|-4.4384068|-4.4731399
0_0_0_10_14_32,-22.0,46,3,33,41,590,164,590,590,590,590,1,1,8,0.7255988783270854,0.961960346794545,0.2885881040383635,0.12,0.4317386302213343,0.002559789806933604,-0.03117206982543641,-0.03117206982543641,0.0,0.961960346794545,0.12729499876497452,0.1316540207048943,0.9925736523662477,-0.14072733727628386,590|465|723|517|571|351|427|413,0.99257365|0.39376596|0.98887765|0.75100748|0.55470376|0.98461366|0.8276053|0.81951751,0|-5.9214675|-6.1470057|-6.3126078|-6.6117391|-6.8867793|-7.1002105|-7.1968574
0_0_0_10_14_32,-22.0,46,3,34,42,930,209,930,930,930,930,1,1,8,0.7255988783270854,0.961960346794545,0.2885881040383635,0.12,0.45213652394255754,0.002559789806933604,-0.03117206982543641,-0.03117206982543641,0.0,0.961960346794545,0.12729499876497452,0.1316540207048943,0.8600727416574341,2.4431101428812108,930|367|693|283|214|353|209|432,0.86007274|0.92125998|0.53756233|0.69457914|0.97703993|0.65528691|0.75408966|0.87388011,0|-2.5344816|-2.5554102|-2.717654|-2.9021538|-3.2049035|-3.2202983|-3.3881097
0_0_0_10_14_32,-23.0,46,0,0,8,803,814,875,875,875,875,1,1,7,0.958951323376395,0.7963838486600276,0.23891515459800827,inf,-0.18025076731521728,0.009383671521376013,-0.018703241895261846,-0.018703241895261846,0.0,0.7963838486600276,0.10604052921195051,0.20345480199292046,0.962499109923844,1.441354358421949,875|408|848|474|548|78|746|803,0.96249911|0.9204467|0.95506411|0.95819502|0.40627178|0.9847447|0.47600688|0.32270546,0|-0.86210265|-2.1282147|-2.3112635|-2.9712846|-3.1898748|-3.3354441|-3.3731074
0_0_0_10_14_32,-23.0,46,0,1,9,711,776,128,128,128,128,0,0,7,0.958951323376395,0.7963838486600276,0.23891515459800827,inf,-0.1601639333915062,0.009383671521376013,-0.018703241895261846,-0.018703241895261846,0.0,0.7963838486600276,0.10604052921195051,0.20345480199292046,0.9102856492205778,-0.37337850574514647,128|601|390|530|1017|929|401|437,0.91028565|0.96141948|0.90568522|0.80327264|0.9877447|0.91235438|0.95401374|0.42578296,0|-0.67015103|-0.78678181|-1.7776373|-1.8601376|-1.9309497|-2.0476168|-2.1792268
0_0_0_10_14_32,-23.0,46,0,2,10,922,226,922,922,922,922,1,1,7,0.958951323376395,0.7963838486600276,0.23891515459800827,inf,-0.14007709946779506,0.009383671521376013,-0.018703241895261846,-0.018703241895261846,0.0,0.7963838486600276,0.10604052921195051,0.20345480199292046,0.8690861905184348,0.7291351847877223,922|1012|1019|668|27|226|855|87,0.86908619|0.99734535|0.98608549|0.74874995|0.56793034|0.94180985|0.77871382|0.87498937,0|-2.1358883|-2.9927382|-3.0292257|-3.1262537|-3.1326349|-3.2317551|-3.2508143
0_0_0_10_14_32,-23.0,46,0,3,11,718,909,28,28,28,28,0,0,7,0.958951323376395,0.7963838486600276,0.23891515459800827,inf,-0.11999026554408398,0.009383671521376013,-0.018703241895261846,-0.018703241895261846,0.0,0.7963838486600276,0.10604052921195051,0.20345480199292046,0.9664616953777184,-1.1942706162654892,28|928|673|686|598|857|164|882,0.9664617|0.89227215|0.86297091|0.9336842|0.97637289|0.8378347|0.90189115|0.57791144,0|-0.57170327|-1.1181357|-2.0266705|-2.2135701|-2.3646075|-2.8350849|-3.0843678
0_0_0_10_14_32,-23.0,46,0,4,12,107,963,416,416,416,416,1,1,7,0.958951323376395,0.7963838486600276,0.23891515459800827,inf,-0.09990343162037285,0.009383671521376013,-0.018703241895261846,-0.018703241895261846,0.0,0.7963838486600276,0.10604052921195051,0.20345480199292046,0.8246029326025148,0.5962080528025576,416|139|661|504|2|963|107|443,0.82460293|0.95831791|0.7043134|0.47078924|0.97189965|0.71353041|0.86399486|0.59581142,0|-0.037009455|-0.060112609|-1.2512114|-1.4067015|-1.5260461|-1.5380777|-1.8543879
0_0_0_10_14_32,-23.0,46,0,5,13,468,6,691,691,691,691,1,1,7,0.958951323376395,0.7963838486600276,0.23891515459800827,inf,-0.07981659769666172,0.009383671521376013,-0.018703241895261846,-0.018703241895261846,0.0,0.7963838486600276,0.10604052921195051,0.20345480199292046,0.9087528688376773,-0.6700849341458779,691|396|134|468|698|190|317|431,0.90875287|0.70511878|0.70172811|0.92564554|0.76930369|0.80179565|0.44086284|0.96604036,0|-0.78185836|-1.0249283|-1.4802517|-1.5737463|-1.8617596|-1.9234568|-1.9272595
0_0_0_10_14_32,-23.0,46,0,6,14,89,56,998,998,998,998,0,0,7,0.958951323376395,0.7963838486600276,0.23891515459800827,inf,-0.059729763772950584,0.009383671521376013,-0.018703241895261846,-0.018703241895261846,0.0,0.7963838486600276,0.10604052921195051,0.20345480199292046,0.9017258192124287,0.34737951217302104,998|962|652|310|838|597|873|1018,0.90172582|0.89036527|0.84392578|0.75454218|0.64022079|0.90275897|0.98909552|0.59133117,0|-0.26776471|-1.0586772|-1.14245|-1.1425586|-1.4092853|-2.0713532|-2.1569682
0_0_0_10_14_32,-23.0,46,0,7,15,713,876,713,713,713,713,1,1,7,0.958951323376395,0.7963838486600276,0.23891515459800827,inf,-0.03964292984923956,0.009383671521376013,-0.018703241895261846,-0.018703241895261846,0.0,0.7963838486600276,0.10604052921195051,0.20345480199292046,0.9767660497564491,0.18695813932965594,713|247|830|876|1017|241|484|238,0.97676605|0.96656098|0.91892076|0.68856977|0.96018847|0.79573593|0.6678618|0.79458542,0|-0.4660515|-0.900148|-0.90409527|-1.2141319|-1.3576727|-1.4242368|-1.7280321
0_0_0_10_14_32,-23.0,46,0,8,16,865,503,986,986,986,986,0,0,7,0.958951323376395,0.7963838486600276,0.23891515459800827,inf,-0.019556095925528427,0.009383671521376013,-0.018703241895261846,-0.018703241895261846,0.0,0.7963838486600276,0.10604052921195051,0.20345480199292046,0.9261715262144459,-2.7403053878462846,986|489|503|212|916|818|842|840,0.92617153|0.70748079|0.97417006|0.78587916|0.76510119|0.90529313|0.87343766|0.65967683,0|-0.51578249|-0.61431849|-0.69537117|-0.71190235|-0.93743512|-1.0615712|-1.2682327
0_0_0_10_14_32,-23.0,46,0,9,17,492,872,401,401,401,401,0,0,7,0.958951323376395,0.7963838486600276,0.23891515459800827,inf,0.0005307379981827065,0.009383671521376013,-0.018703241895261846,-0.018703241895261846,0.0,0.7963838486600276,0.10604052921195051,0.20345480199292046,0.9762703452596153,0.2103683559521503,401|27|473|841|400|550|449|652,0.97627035|0.46152027|0.88833283|0.322268|0.95020871|0.98773665|0.73927318|0.92753342,0|-0.98065877|-1.408291|-1.442523|-1.6625299|-1.6767999|-1.7400029|-1.7539542
0_0_0_10_14_32,-23.0,46,0,10,18,765,564,202,202,202,202,0,0,7,0.958951323376395,0.7963838486600276,0.23891515459800827,inf,0.02061757192189384,0.009383671521376013,-0.018703241895261846,-0.018703241895261846,0.0,0.7963838486600276,0.10604052921195051,0.20345480199292046,0.7571998341283632,2.5253985251171205,202|627|132|285|556|538|424|959,0.75719983|0.47885629|0.92243044|0.73618527|0.68443571|0.75710343|0.92004607|0.72717043,0|-0.73510978|-1.3031502|-1.3534432|-1.5605452|-1.9272268|-2.0096|-2.1670653
0_0_0_10_14_32,-23.0,46,0,11,19,1023,272,819,819,819,819,0,0,7,0.958951323376395,0.7963838486600276,0.23891515459800827,inf,0.04070440584560486,0.009383671521376013,-0.018703241895261846,-0.018703241895261846,0.0,0.7963838486600276,0.10604052921195051,0.20345480199292046,0.7611200653841567,-0.7024823190865771,819|856|532|300|241|809|183|201,0.76112007|0.96474172|0.81308782|0.86628637|0.3594697|0.83014714|0.17883005|0.42348634,0|-0.27780952|-0.34607785|-1.5199551|-1.8517192|-1.9555474|-2.0120575|-2.019583
0_0_0_10_14_32,-23.0,46,0,12,20,597,444,597,597,597,597,1,1,7,0.958951323376395,0.7963838486600276,0.23891515459800827,inf,0.060791239769316,0.009383671521376013,-0.018703241895261846,-0.018703241895261846,0.0,0.7963838486600276,0.10604052921195051,0.20345480199292046,0.9419346931639586,-0.23614724875823379,597|920|740|586|653|444|377|763,0.94193469|0.96644424|0.79580349|0.94982851|0.8002805|0.84382473|0.35969821|0.96089433,0|-0.33301391|-1.172388|-1.4617719|-1.6791822|-1.7598232|-1.9551171|-2.0657652
0_0_0_10_14_32,-23.0,46,0,13,21,562,580,562,562,562,562,1,1,7,0.958951323376395,0.7963838486600276,0.23891515459800827,inf,0.08087807369302713,0.009383671521376013,-0.018703241895261846,-0.018703241895261846,0.0,0.7963838486600276,0.10604052921195051,0.20345480199292046,0.8347345038322829,0.48205112578113546,562|352|918|526|448|580|378|971,0.8347345|0.92702523|0.93406642|0.75844535|0.6560342|0.79355397|0.51998995|0.73835839,0|-0.44304492|-0.52019426|-1.3683411|-2.0137805|-2.055895|-2.1228734|-2.1506304
0_0_0_10_14_32,-23.0,46,0,14,22,478,147,698,698,698,698,0,0,7,0.958951323376395,0.7963838486600276,0.23891515459800827,inf,0.10096490761673826,0.009383671521376013,-0.018703241895261846,-0.018703241895261846,0.0,0.7963838486600276,0.10604052921195051,0.20345480199292046,0.8510730145786328,1.1802229059567726,698|473|523|59|140|585|701|829,0.85107301|0.59512722|0.86950827|0.88115521|0.572583|0.88159402|0.97638983|0.64539035,0|-0.8277871|-0.89612151|-1.5046037|-1.5956901|-1.7267092|-1.7669238|-1.83784
0_0_0_10_14_32,-23.0,46,0,15,23,267,456,161,161,161,161,1,1,7,0.958951323376395,0.7963838486600276,0.23891515459800827,inf,0.1210517415404494,0.009383671521376013,-0.018703241895261846,-0.018703241895261846,0.0,0.7963838486600276,0.10604052921195051,0.20345480199292046,0.9528851153986845,0.2571637296311757,161|794|209|267|527|904|911|95,0.95288512|0.9213217|0.89957952|0.44856552|0.94190738|0.87551309|0.90078533|0.91686977,0|-0.088960834|-0.9857033|-1.1119905|-1.2817659|-1.3647249|-1.6203648|-1.6494588
0_0_0_10_14_32,-23.0,46,0,16,24,917,671,509,509,509,509,0,0,7,0.958951323376395,0.7963838486600276,0.23891515459800827,inf,0.14113857546416042,0.009383671521376013,-0.018703241895261846,-0.018703241895261846,0.0,0.7963838486600276,0.10604052921195051,0.20345480199292046,0.786797774349649,-0.9394562802012585,509|943|801|730|300|861|959|19,0.78679777|0.84712228|0.91358015|0.70047948|0.59619529|0.55138507|0.87095674|0.68716757,0|-0.70868811|-0.84428671|-0.97124893|-1.3103751|-1.4609379|-1.5684287|-1.6540251
0_0_0_10_14_32,-23.0,46,0,17,25,656,658,826,826,826,826,0,0,7,0.958951323376395,0.7963838486600276,0.23891515459800827,inf,0.16122540938787155,0.009383671521376013,-0.018703241895261846,-0.018703241895261846,0.0,0.7963838486600276,0.10604052921195051,0.20345480199292046,0.8977010881006424,0.7066796257858274,826|1008|788|509|15|80|498|454,0.89770109|0.84586891|0.63142352|0.75259924|0.97333957|0.75480555|0.74975283|0.8526943,0|-0.14780089|-0.22977028|-0.73608373|-0.8395914|-0.91961353|-1.003769|-1.0991144
0_0_0_10_14_32,-23.0,46,0,18,26,889,26,180,180,180,180,0,0,7,0.958951323376395,0.7963838486600276,0.23891515459800827,inf,0.1813122433115827,0.009383671521376013,-0.018703241895261846,-0.018703241895261846,0.0,0.7963838486600276,0.10604052921195051,0.20345480199292046,0.9130889372533822,-1.9488267943844424,180|939|242|856|487|83|490|258,0.91308894|0.98479228|0.87679536|0.72636704|0.88494957|0.9091802|0.62390169|0.77462884,0|-0.36831961|-1.0583372|-1.3282697|-1.3556061|-1.3740404|-1.3927586|-1.3996401
0_0_0_10_14_32,-23.0,46,0,19,27,510,605,1006,1006,1006,1006,0,0,7,0.958951323376395,0.7963838486600276,0.23891515459800827,inf,0.20139907723529382,0.009383671521376013,-0.018703241895261846,-0.018703241895261846,0.0,0.7963838486600276,0.10604052921195051,0.20345480199292046,0.8315057568677082,-0.48219314853730766,1006|420|694|955|29|366|624|726,0.83150576|0.90308473|0.91275268|0.96065034|0.94032179|0.6726126|0.62375732|0.65069717,0|-0.23606772|-0.41152872|-0.67477723|-1.0473672|-1.2219312|-1.2934302|-1.3542854
0_0_0_10_14_32,-23.0,46,0,20,28,860,549,688,688,688,688,0,0,7,0.958951323376395,0.7963838486600276,0.23891515459800827,inf,0.22148591115900484,0.009383671521376013,-0.018703241895261846,-0.018703241895261846,0.0,0.7963838486600276,0.10604052921195051,0.20345480199292046,0.763504119368099,1.084797759689047,688|686|987|624|436|429|238|399,0.76350412|0.84897434|0.69613999|0.94700145|0.93028217|0.71321479|0.33290758|0.70634669,0|-0.50109345|-1.3370971|-1.3595995|-1.6242909|-1.6484796|-1.7319348|-1.7957674
0_0_0_10_14_32,-23.0,46,0,21,29,553,379,833,833,833,833,0,0,7,0.958951323376395,0.7963838486600276,0.23891515459800827,inf,0.24157274508271598,0.009383671521376013,-0.018703241895261846,-0.018703241895261846,0.0,0.7963838486600276,0.10604052921195051,0.20345480199292046,0.9699099356017642,0.35723552119291185,833|453|213|894|327|108|98|999,0.96990994|0.80608869|0.94930721|0.78422922|0.88033524|0.62533972|0.73617633|0.63738492,0|-1.9134319|-2.0566038|-2.2636153|-2.4061558|-2.5352114|-2.6454254|-2.6457825
0_0_0_10_14_32,-23.0,46,0,22,30,629,116,988,988,988,988,0,0,7,0.958951323376395,0.7963838486600276,0.23891515459800827,inf,0.2616595790064271,0.009383671521376013,-0.018703241895261846,-0.018703241895261846,0.0,0.7963838486600276,0.10604052921195051,0.20345480199292046,0.9509169805141062,-1.7263529922134884,988|61|168|816|220|549|522|366,0.95091698|0.98931124|0.70775893|0.9117122|0.93187627|0.80681617|0.8421967|0.45608786,0|-3.0715161|-3.0982204|-3.5331937|-3.5734484|-3.7232173|-3.7760139|-3.85083
0_0_0_10_14_32,-23.0,46,0,23,31,759,265,586,586,586,586,0,0,7,0.958951323376395,0.7963838486600276,0.23891515459800827,inf,0.28174641293013825,0.009383671521376013,-0.018703241895261846,-0.018703241895261846,0.0,0.7963838486600276,0.10604052921195051,0.20345480199292046,0.8809633220070276,0.7233842214850736,586|982|910|699|978|60|610|22,0.88096332|0.9329088|0.69772847|0.87346176|0.99509758|0.87738436|0.87653343|0.91585582,0|-1.3196656|-1.4487261|-1.527397|-1.567429|-1.7475512|-1.873255|-2.0276407
0_0_0_10_14_32,-23.0,46,0,24,32,874,430,682,682,682,682,0,0,7,0.958951323376395,0.7963838486600276,0.23891515459800827,inf,0.3018332468538494,0.009383671521376013,-0.018703241895261846,-0.018703241895261846,0.0,0.7963838486600276,0.10604052921195051,0.20345480199292046,0.9387297899370929,0.6275831350600476,682|215|281|338|579|5|631|821,0.93872979|0.88215841|0.91583317|0.64977278|0.84074326|0.98632501|0.46392475|0.71813699,0|-1.0119672|-1.3154347|-1.431042|-1.858625|-2.1119692|-2.4140984|-2.5156848
0_0_0_10_14_32,-23.0,46,0,25,33,720,300,720,720,720,720,1,1,7,0.958951323376395,0.7963838486600276,0.23891515459800827,inf,0.3219200807775604,0.009383671521376013,-0.018703241895261846,-0.018703241895261846,0.0,0.7963838486600276,0.10604052921195051,0.20345480199292046,0.938800516324775,-0.23034105003781305,720|685|300|477|270|859|257|49,0.93880052|0.8709743|0.97576375|0.74275134|0.85047764|0.49181505|0.69442118|0.98170945,0|-1.0204977|-1.3972914|-1.7073568|-1.7921828|-1.8898999|-2.3860934|-3.0301667
0_0_0_10_14_32,-23.0,46,0,26,34,314,873,70,70,70,70,0,0,7,0.958951323376395,0.7963838486600276,0.23891515459800827,inf,0.34200691470127154,0.009383671521376013,-0.018703241895261846,-0.018703241895261846,0.0,0.7963838486600276,0.10604052921195051,0.20345480199292046,0.7507666079424872,-0.03915231426935391,70|539|593|815|513|209|523|983,0.75076661|0.99066867|0.68605516|0.70820896|0.48042225|0.69763248|0.67248383|0.88627507,0|-0.43805528|-0.99319244|-1.9842069|-2.1420806|-2.8136557|-2.8921834|-2.9548755
0_0_0_10_14_32,-23.0,46,0,27,35,602,525,351,351,351,351,0,0,7,0.958951323376395,0.7963838486600276,0.23891515459800827,inf,0.36209374862498267,0.009383671521376013,-0.018703241895261846,-0.018703241895261846,0.0,0.7963838486600276,0.10604052921195051,0.20345480199292046,0.6170431118416687,-0.7245033128175402,351|577|593|1|1013|715|943|146,0.61704311|0.842254|0.70457018|0.75357296|0.8108772|0.73264236|0.69769614|0.73155348,0|-0.8866222|-1.0034664|-1.0513073|-1.0576217|-1.2523243|-1.4790117|-1.5220301
0_0_0_10_14_32,-23.0,46,0,28,36,7,504,740,740,740,740,0,0,7,0.958951323376395,0.7963838486600276,0.23891515459800827,inf,0.3821805825486938,0.009383671521376013,-0.018703241895261846,-0.018703241895261846,0.0,0.7963838486600276,0.10604052921195051,0.20345480199292046,0.8230438904840968,1.4952309848853096,740|440|566|621|401|41|603|167,0.82304389|0.94028144|0.36694858|0.82603267|0.35916418|0.96640593|0.82369739|0.6585538,0|-0.065625987|-0.11099619|-0.37837964|-0.46408008|-0.51142923|-0.66460926|-0.82030726
0_0_0_10_14_32,-23.0,46,0,29,37,610,935,150,150,150,150,0,0,7,0.958951323376395,0.7963838486600276,0.23891515459800827,inf,0.4022674164724048,0.009383671521376013,-0.018703241895261846,-0.018703241895261846,0.0,0.7963838486600276,0.10604052921195051,0.20345480199292046,0.9296196691613318,-0.5840645220096394,150|848|13|714|294|177|994|226,0.92961967|0.76143198|0.84369161|0.87794432|0.95309354|0.85928241|0.79843148|0.71610621,0|-0.20266145|-0.27152067|-0.28667631|-0.72913329|-0.8855161|-0.95832702|-1.1968924
0_0_0_10_14_32,-23.0,46,0,30,38,826,699,530,530,530,530,0,0,7,0.958951323376395,0.7963838486600276,0.23891515459800827,inf,0.42235425039611596,0.009383671521376013,-0.018703241895261846,-0.018703241895261846,0.0,0.7963838486600276,0.10604052921195051,0.20345480199292046,0.5953834328303835,1.2958606493682425,530|699|547|597|474|903|22|1022,0.59538343|0.99970328|0.65751358|0.50853421|0.87573592|0.90015027|0.93592936|0.97002848,0|-0.35289337|-1.2241259|-1.6200779|-2.0136181|-2.0660299|-2.0690793|-2.0926098
0_0_0_10_14_32,-23.0,46,0,31,39,928,436,927,927,927,927,0,0,7,0.958951323376395,0.7963838486600276,0.23891515459800827,inf,0.4424410843198272,0.009383671521376013,-0.018703241895261846,-0.018703241895261846,0.0,0.7963838486600276,0.10604052921195051,0.20345480199292046,0.7323956577775258,2.6556371161609733,927|994|810|732|903|15|607|148,0.73239566|0.80224968|0.95600996|0.82775248|0.86816392|0.95482384|0.4364279|0.9041413,0|-0.33754183|-0.42631365|-0.94306513|-0.94471043|-1.2528227|-1.2537388|-1.3674491
0_0_0_10_14_32,-23.0,46,0,32,40,761,492,1007,1007,1007,1007,0,0,7,0.958951323376395,0.7963838486600276,0.23891515459800827,inf,0.4625279182435382,0.009383671521376013,-0.018703241895261846,-0.018703241895261846,0.0,0.7963838486600276,0.10604052921195051,0.20345480199292046,0.988631507515545,3.0387874110858233,1007|140|154|1023|882|804|111|421,0.98863151|0.88803706|0.72917797|0.88683797|0.88502592|0.7598769|0.64868394|0.68391494,0|-0.25438367|-1.6776787|-1.7492339|-2.00154|-2.1985272|-2.3612784|-2.6358461
0_0_0_10_14_32,-23.0,46,0,33,41,590,197,252,252,252,252,0,0,7,0.958951323376395,0.7963838486600276,0.23891515459800827,inf,0.48261475216724925,0.009383671521376013,-0.018703241895261846,-0.018703241895261846,0.0,0.7963838486600276,0.10604052921195051,0.20345480199292046,0.8588010672319314,0.01258196688701578,252|521|760|700|992|393|456|44,0.85880107|0.99956946|0.57582192|0.760817|0.99129922|0.83024533|0.57038037|0.78743995,0|-0.031413381|-0.71149808|-1.1269181|-1.1912298|-1.4732407|-1.5052409|-1.5478631
0_0_0_10_14_32,-23.0,46,0,34,42,936,542,936,936,936,936,1,1,7,0.958951323376395,0.7963838486600276,0.23891515459800827,inf,0.5027015860909605,0.009383671521376013,-0.018703241895261846,-0.018703241895261846,0.0,0.7963838486600276,0.10604052921195051,0.20345480199292046,0.9316491304594022,-1.9200686021408278,936|899|1010|1004|926|855|117|895,0.93164913|0.6344374|0.83480101|0.81600254|0.77695407|0.53935681|0.81625298|0.95109343,0|-1.4185725|-1.5698862|-2.416806|-2.4349674|-2.5358148|-3.6457156|-3.9625574
0_0_0_10_14_32,-23.0,46,2,0,8,803,803,803,803,803,803,1,1,8,0.8339767189600455,0.9494144422239821,0.2848243326671946,0.12,-0.0798666430026338,-0.03433233487731792,-0.028678304239401486,-0.028678304239401486,0.0,0.9494144422239821,0.1707820414966621,0.12951044042891538,0.9683794604416626,0.7265063251145318,803|267|109|83|12|422|382|697,0.96837946|0.95964178|0.65038126|0.98688335|0.76029414|0.87171931|0.79469158|0.68558791,0|-5.3815926|-5.9641933|-6.2025359|-6.2241578|-6.227993|-6.3441466|-6.6124026
0_0_0_10_14_32,-23.0,46,2,1,9,826,826,826,826,826,826,1,1,8,0.8339767189600455,0.9494144422239821,0.2848243326671946,0.12,-0.05952542843614628,-0.03433233487731792,-0.028678304239401486,-0.028678304239401486,0.0,0.9494144422239821,0.1707820414966621,0.12951044042891538,0.9951618902963046,0.29513025386770547,826|545|746|303|87|404|56|66,0.99516189|0.88301704|0.99599595|0.87454729|0.8407731|0.43084587|0.68442169|0.91931079,0|-7.8482108|-8.6059125|-8.8153801|-9.0245562|-9.0884598|-9.4028575|-9.5386683
0_0_0_10_14_32,-23.0,46,2,2,10,922,928,922,922,922,922,1,1,8,0.8339767189600455,0.9494144422239821,0.2848243326671946,0.12,-0.0391842138696587,-0.03433233487731792,-0.028678304239401486,-0.028678304239401486,0.0,0.9494144422239821,0.1707820414966621,0.12951044042891538,0.9366498393469173,2.0674769180047545,922|928|706|101|731|272|226|99,0.93664984|0.77874845|0.55613513|0.48110896|0.97957335|0.98168271|0.66488758|0.8438431,0|-6.4741533|-6.5270359|-6.6774777|-7.3212334|-8.3063649|-8.3102254|-8.3888597
0_0_0_10_14_32,-23.0,46,2,3,11,718,718,718,718,718,718,1,1,8,0.8339767189600455,0.9494144422239821,0.2848243326671946,0.12,-0.018842999303171182,-0.03433233487731792,-0.028678304239401486,-0.028678304239401486,0.0,0.9494144422239821,0.1707820414966621,0.12951044042891538,0.9778118541289955,-0.3909518363126597,718|460|215|323|842|321|940|217,0.97781185|0.9268538|0.78866505|0.43907384|0.72018852|0.85787535|0.98725146|0.9573036,0|-5.3561107|-5.4665834|-5.9862616|-6.0323753|-6.1142258|-6.3169921|-6.526872
0_0_0_10_14_32,-23.0,46,2,4,12,86,616,86,86,86,86,1,1,8,0.8339767189600455,0.9494144422239821,0.2848243326671946,0.12,0.0014982152633163937,-0.03433233487731792,-0.028678304239401486,-0.028678304239401486,0.0,0.9494144422239821,0.1707820414966621,0.12951044042891538,0.9138304293326586,1.9254795845785426,86|15|756|169|350|634|77|438,0.91383043|0.99584396|0.74169945|0.80400079|0.60626857|0.83881884|0.68700296|0.75318212,0|-3.8642108|-4.1795018|-4.6556569|-4.6593349|-4.8704709|-5.2540875|-5.5627412
0_0_0_10_14_32,-23.0,46,2,5,13,468,468,468,468,468,468,1,1,8,0.8339767189600455,0.9494144422239821,0.2848243326671946,0.12,0.021839429829803914,-0.03433233487731792,-0.028678304239401486,-0.028678304239401486,0.0,0.9494144422239821,0.1707820414966621,0.12951044042891538,0.9584327068741437,0.22542286447250146,468|582|870|908|855|352|693|62,0.95843271|0.92411293|0.75190403|0.91330827|0.96478956|0.5945913|0.72078492|0.68513164,0|-6.3445791|-6.8731689|-6.8873688|-7.0276521|-7.2414252|-7.6080808|-8.0222432
0_0_0_10_14_32,-23.0,46,2,6,14,89,532,89,89,89,89,1,1,8,0.8339767189600455,0.9494144422239821,0.2848243326671946,0.12,0.042180644396291433,-0.03433233487731792,-0.028678304239401486,-0.028678304239401486,0.0,0.9494144422239821,0.1707820414966621,0.12951044042891538,0.9197181187057503,0.5552648142054735,89|437|409|452|748|927|5|335,0.91971812|0.99870025|0.89905516|0.67313917|0.97333275|0.92769092|0.78036364|0.81542358,0|-4.4104992|-6.0507168|-6.2398858|-6.3313096|-6.6404113|-6.7316537|-6.7551199
0_0_0_10_14_32,-23.0,46,2,7,15,713,225,713,713,713,713,1,1,8,0.8339767189600455,0.9494144422239821,0.2848243326671946,0.12,0.06252185896277895,-0.03433233487731792,-0.028678304239401486,-0.028678304239401486,0.0,0.9494144422239821,0.1707820414966621,0.12951044042891538,0.9855387251990685,-0.19978772728350086,713|651|325|822|845|633|929|388,0.98553873|0.83047538|0.78207729|0.96975569|0.98675421|0.90613761|0.87040487|0.87876509,0|-2.3932829|-2.4748075|-2.5178764|-2.622882|-2.8060416|-2.8955595|-3.5310926
0_0_0_10_14_32,-23.0,46,2,8,16,865,865,865,865,865,865,1,1,8,0.8339767189600455,0.9494144422239821,0.2848243326671946,0.12,0.08286307352926658,-0.03433233487731792,-0.028678304239401486,-0.028678304239401486,0.0,0.9494144422239821,0.1707820414966621,0.12951044042891538,0.9382055323373092,-1.9922332008255037,865|404|606|210|262|354|292|401,0.93820553|0.60190559|0.97664775|0.94063827|0.6226306|0.78442478|0.78501803|0.79472146,0|-6.0726451|-7.0064492|-7.1956672|-7.2428331|-7.7306281|-7.7891974|-7.8854353
0_0_0_10_14_32,-23.0,46,2,9,17,492,492,492,492,492,492,1,1,8,0.8339767189600455,0.9494144422239821,0.2848243326671946,0.12,0.1032042880957541,-0.03433233487731792,-0.028678304239401486,-0.028678304239401486,0.0,0.9494144422239821,0.1707820414966621,0.12951044042891538,0.9729702268138105,-0.3217412881526867,492|632|907|864|283|897|155|977,0.97297023|0.93079|0.84517567|0.9638179|0.34882887|0.80143758|0.91763056|0.98953443,0|-4.9188616|-5.2173661|-6.2031141|-6.3235218|-6.5246091|-6.7603903|-6.8613278
0_0_0_10_14_32,-23.0,46,2,10,18,765,2,765,765,765,765,1,1,8,0.8339767189600455,0.9494144422239821,0.2848243326671946,0.12,0.12354550266224162,-0.03433233487731792,-0.028678304239401486,-0.028678304239401486,0.0,0.9494144422239821,0.1707820414966621,0.12951044042891538,0.999602109095082,-0.01441979521794362,765|799|139|616|674|837|249|569,0.99960211|0.71816648|0.56704736|0.52001507|0.8157389|0.94027882|0.69837835|0.92073028,0|-5.3563974|-5.4174619|-6.1330879|-6.2420338|-6.4991141|-6.5414856|-6.7174808
0_0_0_10_14_32,-23.0,46,2,11,19,1023,729,1023,1023,1023,1023,1,1,8,0.8339767189600455,0.9494144422239821,0.2848243326671946,0.12,0.14388671722872914,-0.03433233487731792,-0.028678304239401486,-0.028678304239401486,0.0,0.9494144422239821,0.1707820414966621,0.12951044042891538,0.9840929881767488,-0.5515183366951949,1023|723|909|580|336|976|755|9,0.98409299|0.61996649|0.95607663|0.83766896|0.99829381|0.45638305|0.97994696|0.79007592,0|-4.6078533|-5.8607615|-6.5940891|-6.8836826|-6.894396|-7.0788291|-7.0966145
0_0_0_10_14_32,-23.0,46,2,12,20,597,975,597,597,597,597,1,1,8,0.8339767189600455,0.9494144422239821,0.2848243326671946,0.12,0.16422793179521666,-0.03433233487731792,-0.028678304239401486,-0.028678304239401486,0.0,0.9494144422239821,0.1707820414966621,0.12951044042891538,0.7345359175533065,0.8007174995334052,597|509|1015|589|843|157|77|985,0.73453592|0.66683679|0.89010788|0.5583664|0.99660543|0.82221675|0.80524456|0.82364682,0|-4.5712413|-4.7327223|-4.837347|-5.1628902|-5.1683675|-5.406787|-5.4245682
0_0_0_10_14_32,-23.0,46,2,13,21,562,381,562,562,562,562,1,1,8,0.8339767189600455,0.9494144422239821,0.2848243326671946,0.12,0.18456914636170418,-0.03433233487731792,-0.028678304239401486,-0.028678304239401486,0.0,0.9494144422239821,0.1707820414966621,0.12951044042891538,0.7585843479789303,0.8533252959225066,562|947|494|991|180|156|341|34,0.75858435|0.89746769|0.32428381|0.97660416|0.96716773|0.94442791|0.967256|0.93982774,0|-4.7429965|-5.9737798|-6.0619356|-6.180255|-6.2192576|-6.2703869|-6.4894933
0_0_0_10_14_32,-23.0,46,2,14,22,478,391,478,478,478,478,1,1,8,0.8339767189600455,0.9494144422239821,0.2848243326671946,0.12,0.20491036092819181,-0.03433233487731792,-0.028678304239401486,-0.028678304239401486,0.0,0.9494144422239821,0.1707820414966621,0.12951044042891538,0.8898237093393692,0.5421920011079173,478|716|944|979|206|111|947|497,0.88982371|0.95888027|0.96973812|0.98877825|0.98260912|0.70265177|0.93930561|0.55436231,0|-4.0690845|-4.5674322|-4.78791|-5.0220605|-5.1541399|-5.5819826|-5.6214854
0_0_0_10_14_32,-23.0,46,2,15,23,267,764,267,267,267,267,1,1,8,0.8339767189600455,0.9494144422239821,0.2848243326671946,0.12,0.22525157549467933,-0.03433233487731792,-0.028678304239401486,-0.028678304239401486,0.0,0.9494144422239821,0.1707820414966621,0.12951044042891538,0.9697206610283529,-0.39179611101103684,267|554|12|980|531|702|940|977,0.96972066|0.94179263|0.8952799|0.63585442|0.81890646|0.69684725|0.4700531|0.74870142,0|-4.8451944|-5.3761068|-6.0558256|-6.2124391|-6.3893505|-6.5845069|-6.6045703
0_0_0_10_14_32,-23.0,46,2,16,24,917,917,917,917,917,917,1,1,8,0.8339767189600455,0.9494144422239821,0.2848243326671946,0.12,0.24559279006116685,-0.03433233487731792,-0.028678304239401486,-0.028678304239401486,0.0,0.9494144422239821,0.1707820414966621,0.12951044042891538,0.9912209175193684,-0.05657134502474972,917|14|850|374|29|295|720|859,0.99122092|0.94815851|0.93271358|0.64496954|0.99376141|0.52660578|0.38433243|0.61216518,0|-6.3335136|-6.3749827|-6.84062|-6.9145854|-6.9910359|-7.1383735|-7.2178325
0_0_0_10_14_32,-23.0,46,2,17,25,656,656,656,656,656,656,1,1,8,0.8339767189600455,0.9494144422239821,0.2848243326671946,0.12,0.2659340046276544,-0.03433233487731792,-0.028678304239401486,-0.028678304239401486,0.0,0.9494144422239821,0.1707820414966621,0.12951044042891538,0.971594989478506,-0.10315571336044294,656|264|325|463|212|517|714|385,0.97159499|0.8805653|0.91300868|0.9578949|0.72734241|0.83529702|0.64278492|0.93478311,0|-4.4898987|-4.991025|-5.0884752|-6.026167|-6.400662|-6.4311054|-6.5438067
0_0_0_10_14_32,-23.0,46,2,18,26,889,889,889,889,889,889,1,1,8,0.8339767189600455,0.9494144422239821,0.2848243326671946,0.12,0.2862752191941419,-0.03433233487731792,-0.028678304239401486,-0.028678304239401486,0.0,0.9494144422239821,0.1707820414966621,0.12951044042891538,0.9505332889790236,0.3151737242071946,889|1000|444|50|187|66|604|960,0.95053329|0.74352826|0.67412437|0.79820876|0.7261047|0.78485445|0.60057514|0.58965553,0|-6.8843952|-7.5078151|-7.5742343|-7.8454886|-8.2592464|-8.3781639|-8.4686431
0_0_0_10_14_32,-23.0,46,2,19,27,510,586,510,510,510,510,1,1,8,0.8339767189600455,0.9494144422239821,0.2848243326671946,0.12,0.3066164337606295,-0.03433233487731792,-0.028678304239401486,-0.028678304239401486,0.0,0.9494144422239821,0.1707820414966621,0.12951044042891538,0.9330256073456733,0.48653596211488553,510|234|440|196|219|586|969|888,0.93302561|0.72108442|0.6704261|0.91499187|0.64303683|0.61476083|0.62042898|0.96670891,0|-4.2275749|-4.7306351|-5.2622179|-5.6936254|-5.7508956|-5.8703568|-6.0417903
0_0_0_10_14_32,-23.0,46,2,20,28,860,725,860,860,860,860,1,1,8,0.8339767189600455,0.9494144422239821,0.2848243326671946,0.12,0.32695764832711705,-0.03433233487731792,-0.028678304239401486,-0.028678304239401486,0.0,0.9494144422239821,0.1707820414966621,0.12951044042891538,0.9383561112256761,2.221684613911288,860|741|684|161|746|869|297|226,0.93835611|0.92666461|0.7213197|0.84961734|0.72055657|0.99957074|0.66140292|0.76788656,0|-3.7164124|-4.8764881|-5.2657819|-5.8054853|-5.9881682|-6.1137278|-6.3416545
0_0_0_10_14_32,-23.0,46,2,21,29,553,707,553,553,553,553,1,1,8,0.8339767189600455,0.9494144422239821,0.2848243326671946,0.12,0.34729886289360457,-0.03433233487731792,-0.028678304239401486,-0.028678304239401486,0.0,0.9494144422239821,0.1707820414966621,0.12951044042891538,0.7789438104111646,0.5160834034257173,553|455|768|242|668|780|347|926,0.77894381|0.5706948|0.9377538|0.97710084|0.41899244|0.86600369|0.57622766|0.82973493,0|-3.455872|-3.7367548|-4.5866415|-4.6432815|-4.8517715|-4.9082808|-4.9605134
0_0_0_10_14_32,-23.0,46,2,22,30,629,629,629,629,629,629,1,1,8,0.8339767189600455,0.9494144422239821,0.2848243326671946,0.12,0.3676400774600921,-0.03433233487731792,-0.028678304239401486,-0.028678304239401486,0.0,0.9494144422239821,0.1707820414966621,0.12951044042891538,0.9847980099135892,0.16447861299465436,629|477|670|954|725|949|196|889,0.98479801|0.85925605|0.96070824|0.95091139|0.88232549|0.75944884|0.59980084|0.94686761,0|-6.3528998|-6.8130579|-7.2128871|-7.2849989|-7.3546304|-7.4859973|-7.4929313
0_0_0_10_14_32,-23.0,46,2,23,31,759,759,759,759,759,759,1,1,8,0.8339767189600455,0.9494144422239821,0.2848243326671946,0.12,0.3879812920265796,-0.03433233487731792,-0.028678304239401486,-0.028678304239401486,0.0,0.9494144422239821,0.1707820414966621,0.12951044042891538,0.9917656685362611,0.19655614612460204,759|487|635|74|903|88|370|724,0.99176567|0.85006063|0.86372624|0.87731415|0.94782784|0.91024199|0.75759945|0.84629536,0|-4.658067|-5.1834784|-6.2612695|-6.2672525|-6.310318|-6.3414906|-6.3652571
0_0_0_10_14_32,-23.0,46,2,24,32,874,644,874,874,874,874,1,1,8,0.8339767189600455,0.9494144422239821,0.2848243326671946,0.12,0.40832250659306724,-0.03433233487731792,-0.028678304239401486,-0.028678304239401486,0.0,0.9494144422239821,0.1707820414966621,0.12951044042891538,0.9956292370362508,0.10142239843279566,874|900|908|592|246|554|873|821,0.99562924|0.92612105|0.79478949|0.93756521|0.69696046|0.91391605|0.49447927|0.65620858,0|-0.38350363|-0.47438557|-0.9792825|-1.2569552|-1.357133|-1.5227637|-1.7518222
0_0_0_10_14_32,-23.0,46,2,25,33,720,971,720,720,720,720,1,1,8,0.8339767189600455,0.9494144422239821,0.2848243326671946,0.12,0.42866372115955476,-0.03433233487731792,-0.028678304239401486,-0.028678304239401486,0.0,0.9494144422239821,0.1707820414966621,0.12951044042891538,0.9410135725549239,-0.7043254576893707,720|603|517|938|361|894|331|822,0.94101357|0.94970582|0.85372179|0.83060534|0.76485403|0.9125643|0.53318286|0.92942662,0|-5.2277064|-5.477512|-6.8720625|-6.910558|-7.1040304|-7.2100252|-7.3508204
0_0_0_10_14_32,-23.0,46,2,26,34,314,314,314,314,314,314,1,1,8,0.8339767189600455,0.9494144422239821,0.2848243326671946,0.12,0.4490049357260423,-0.03433233487731792,-0.028678304239401486,-0.028678304239401486,0.0,0.9494144422239821,0.1707820414966621,0.12951044042891538,0.9393421231171384,0.678847320717571,314|168|460|749|372|292|767|961,0.93934212|0.7882675|0.8723237|0.94643673|0.66807562|0.97811821|0.97601277|0.89295818,0|-5.9397961|-6.1305149|-6.6342482|-6.7550214|-6.859127|-6.9850383|-7.0494025
0_0_0_10_14_32,-23.0,46,2,27,35,602,195,602,602,602,602,1,1,8,0.8339767189600455,0.9494144422239821,0.2848243326671946,0.12,0.4693461502925298,-0.03433233487731792,-0.028678304239401486,-0.028678304239401486,0.0,0.9494144422239821,0.1707820414966621,0.12951044042891538,0.5792662619305793,-1.309978539677927,602|177|215|817|794|39|846|332,0.57926626|0.81350627|0.92916644|0.86951447|0.6690575|0.64094368|0.58337674|0.60462982,0|-1.6743598|-2.94623|-2.954066|-3.0917123|-3.1131741|-3.2425411|-3.5017053
0_0_0_10_14_32,-23.0,46,2,28,36,7,9,7,7,7,7,1,1,8,0.8339767189600455,0.9494144422239821,0.2848243326671946,0.12,0.4896873648590173,-0.03433233487731792,-0.028678304239401486,-0.028678304239401486,0.0,0.9494144422239821,0.1707820414966621,0.12951044042891538,0.9435040076555062,0.6717118513009129,7|307|544|597|212|131|291|848,0.94350401|0.9190234|0.95257848|0.7975756|0.78993864|0.84318317|0.76201103|0.84351561,0|-4.9353989|-5.2214566|-5.2710726|-6.1841391|-6.3928705|-6.5489421|-6.5712554
0_0_0_10_14_32,-23.0,46,2,29,37,610,685,610,610,610,610,1,1,8,0.8339767189600455,0.9494144422239821,0.2848243326671946,0.12,0.5100285794255048,-0.03433233487731792,-0.028678304239401486,-0.028678304239401486,0.0,0.9494144422239821,0.1707820414966621,0.12951044042891538,0.9746148633688244,0.1762619602120437,610|576|140|805|953|447|801|847,0.97461486|0.8277579|0.8696936|0.88497676|0.85396754|0.6990678|0.88460913|0.94761832,0|-1.6794307|-3.5115029|-3.5730947|-3.7174463|-3.9838447|-4.0119411|-4.5781385
0_0_0_10_14_32,-23.0,46,2,30,38,775,775,775,775,775,775,1,1,8,0.8339767189600455,0.9494144422239821,0.2848243326671946,0.12,0.5303697939919925,-0.03433233487731792,-0.028678304239401486,-0.028678304239401486,0.0,0.9494144422239821,0.1707820414966621,0.12951044042891538,0.9315775251743972,-1.0400248345079868,775|413|192|716|783|625|621|503,0.93157753|0.84411193|0.64216935|0.89049072|0.85869501|0.75493332|0.77468768|0.54589285,0|-3.5191984|-3.8450985|-4.2784864|-4.482235|-4.7973296|-4.9797225|-5.2544568
0_0_0_10_14_32,-23.0,46,2,31,39,912,611,912,912,912,912,1,1,8,0.8339767189600455,0.9494144422239821,0.2848243326671946,0.12,0.5507110085584799,-0.03433233487731792,-0.028678304239401486,-0.028678304239401486,0.0,0.9494144422239821,0.1707820414966621,0.12951044042891538,0.9712425211208673,-1.9149623102688624,912|384|1023|1008|463|385|567|284,0.97124252|0.93816849|0.95647852|0.8999675|0.97590949|0.83241999|0.5143699|0.90498253,0|-6.3838065|-6.8048303|-6.8672963|-7.0914226|-7.166507|-7.2782052|-7.4212254
0_0_0_10_14_32,-23.0,46,2,32,40,768,509,768,768,768,768,1,1,8,0.8339767189600455,0.9494144422239821,0.2848243326671946,0.12,0.5710522231249675,-0.03433233487731792,-0.028678304239401486,-0.028678304239401486,0.0,0.9494144422239821,0.1707820414966621,0.12951044042891538,0.9757601655243248,-0.40204367607667635,768|675|27|28|559|571|299|803,0.97576017|0.94575374|0.73767976|0.92220789|0.98024551|0.67953924|0.74416885|0.98193255,0|-5.3260834|-5.3364993|-5.5341896|-5.6035532|-5.6322898|-5.9018666|-6.0308757
0_0_0_10_14_32,-23.0,46,2,33,41,581,231,581,581,581,581,1,1,8,0.8339767189600455,0.9494144422239821,0.2848243326671946,0.12,0.5913934376914551,-0.03433233487731792,-0.028678304239401486,-0.028678304239401486,0.0,0.9494144422239821,0.1707820414966621,0.12951044042891538,0.9044564011241492,-0.5830791053177757,581|582|937|117|443|953|479|667,0.9044564|0.31920934|0.86331652|0.9361296|0.99400355|0.8485958|0.29911561|0.50522833,0|-6.3002375|-6.4674056|-6.6369232|-6.7837177|-6.8158004|-6.8754616|-6.9984516
0_0_0_10_14_32,-23.0,46,2,34,42,93,36,93,93,93,93,1,1,8,0.8339767189600455,0.9494144422239821,0.2848243326671946,0.12,0.6117346522579425,-0.03433233487731792,-0.028678304239401486,-0.028678304239401486,0.0,0.9494144422239821,0.1707820414966621,0.12951044042891538,0.9762226702014388,0.6006446697073573,93|991|827|765|919|57|999|832,0.97622267|0.7423089|0.88779136|0.99384039|0.98529148|0.86305951|0.93106505|0.83964695,0|-3.085835|-4.1409936|-4.2560038|-4.5551077|-4.8675323|-4.9463986|-5.0626362
0_0_0_10_14_32,-23.0,46,3,0,8,222,825,222,222,222,222,1,1,8,0.8039833552199339,0.952418189485875,0.2857254568457625,0.12,-0.3114614279431309,0.002003358574384293,-0.03865336658354118,-0.03865336658354118,0.0,0.952418189485875,0.1195431926311522,0.1313880024252065,0.925640613936783,-0.22008795845897944,222|307|697|283|995|739|114|314,0.92564061|0.67964033|0.9023484|0.88001757|0.99905305|0.44390542|0.94426978|0.90999681,0|-2.3398952|-2.8007554|-2.9172481|-3.0368897|-3.3328779|-3.8768853|-3.9373391
0_0_0_10_14_32,-23.0,46,3,1,9,711,711,711,711,711,711,1,1,8,0.8039833552199339,0.952418189485875,0.2857254568457625,0.12,-0.2910635342219077,0.002003358574384293,-0.03865336658354118,-0.03865336658354118,0.0,0.952418189485875,0.1195431926311522,0.1313880024252065,0.98068096928897,0.3780427814138475,711|406|586|585|232|211|247|706,0.98068097|0.37848331|0.66400946|0.85980363|0.61350631|0.94806085|0.47492642|0.80750684,0|-6.267095|-6.3125187|-6.5057449|-6.6218962|-6.7343531|-7.0439649|-7.686517
0_0_0_10_14_32,-23.0,46,3,2,10,871,879,871,871,871,871,1,1,8,0.8039833552199339,0.952418189485875,0.2857254568457625,0.12,-0.27066564050068453,0.002003358574384293,-0.03865336658354118,-0.03865336658354118,0.0,0.952418189485875,0.1195431926311522,0.1313880024252065,0.9282589462346441,2.0636469796244734,871|401|759|872|919|986|351|999,0.92825895|0.78640946|0.66036818|0.91905528|0.96537227|0.92149493|0.97554174|0.96350104,0|-3.101522|-3.5584995|-3.7453675|-4.1473285|-4.997864|-5.6308123|-5.9506256
0_0_0_10_14_32,-23.0,46,3,3,11,718,62,718,718,718,718,1,1,8,0.8039833552199339,0.952418189485875,0.2857254568457625,0.12,-0.2502677467794614,0.002003358574384293,-0.03865336658354118,-0.03865336658354118,0.0,0.952418189485875,0.1195431926311522,0.1313880024252065,0.9407778387673786,0.6927935267140594,718|520|579|972|673|838|498|496,0.94077784|0.91377354|0.96618485|0.68743419|0.68444936|0.8920915|0.90361046|0.60811214,0|-6.3424329|-6.4856899|-6.5198713|-6.7841775|-6.8946609|-7.0884616|-7.1173816
0_0_0_10_14_32,-23.0,46,3,4,12,107,589,107,107,107,107,1,1,8,0.8039833552199339,0.952418189485875,0.2857254568457625,0.12,-0.2298698530582382,0.002003358574384293,-0.03865336658354118,-0.03865336658354118,0.0,0.952418189485875,0.1195431926311522,0.1313880024252065,0.9069538410759486,-0.6359864211018327,107|586|235|301|61|742|331|434,0.90695384|0.66058877|0.863949|0.9349062|0.72993701|0.77321205|0.69672725|0.88547778,0|-3.5437146|-3.9362961|-4.2974141|-4.4839586|-4.6968938|-4.6996205|-4.7798939
0_0_0_10_14_32,-23.0,46,3,5,13,468,262,468,468,468,468,1,1,8,0.8039833552199339,0.952418189485875,0.2857254568457625,0.12,-0.209471959337015,0.002003358574384293,-0.03865336658354118,-0.03865336658354118,0.0,0.952418189485875,0.1195431926311522,0.1313880024252065,0.9355096096684139,-0.5062499222449863,468|512|110|91|632|254|304|933,0.93550961|0.80431628|0.7223958|0.9744273|0.86536002|0.8462302|0.84319585|0.87348553,0|-4.2656074|-5.4137337|-5.8596553|-5.910205|-5.9645307|-6.6803465|-6.7668387
0_0_0_10_14_32,-23.0,46,3,6,14,89,89,89,89,89,89,1,1,8,0.8039833552199339,0.952418189485875,0.2857254568457625,0.12,-0.18907406561579188,0.002003358574384293,-0.03865336658354118,-0.03865336658354118,0.0,0.952418189485875,0.1195431926311522,0.1313880024252065,0.951977800966055,1.0508163547517806,89|1000|872|74|386|961|562|703,0.9519778|0.90607327|0.87191782|0.91789695|0.70731448|0.49509019|0.90457675|0.97788862,0|-6.1742948|-6.4435812|-6.4805857|-6.6143734|-6.7084326|-6.8492777|-7.0047609
0_0_0_10_14_32,-23.0,46,3,7,15,713,805,713,713,713,713,1,1,8,0.8039833552199339,0.952418189485875,0.2857254568457625,0.12,-0.16867617189456863,0.002003358574384293,-0.03865336658354118,-0.03865336658354118,0.0,0.952418189485875,0.1195431926311522,0.1313880024252065,0.9369840939884658,-0.3072536337544065,713|376|774|393|429|133|171|688,0.93698409|0.96667147|0.96235183|0.62968168|0.72271557|0.75635963|0.85177519|0.98777422,0|-0.24796529|-0.43415555|-0.91414209|-0.97209115|-1.1651113|-1.2123396|-1.3279045
0_0_0_10_14_32,-23.0,46,3,8,16,865,454,865,865,865,865,1,1,8,0.8039833552199339,0.952418189485875,0.2857254568457625,0.12,-0.1482782781733455,0.002003358574384293,-0.03865336658354118,-0.03865336658354118,0.0,0.952418189485875,0.1195431926311522,0.1313880024252065,0.9734051087288866,1.0918092598416815,865|530|752|454|703|208|634|609,0.97340511|0.88189038|0.97950549|0.97838434|0.91122278|0.68279081|0.51989961|0.76268602,0|-5.2968817|-6.3529265|-6.7600521|-6.9836524|-7.1991191|-7.3427668|-7.6151056
0_0_0_10_14_32,-23.0,46,3,9,17,492,156,492,492,492,492,1,1,8,0.8039833552199339,0.952418189485875,0.2857254568457625,0.12,-0.12788038445212224,0.002003358574384293,-0.03865336658354118,-0.03865336658354118,0.0,0.952418189485875,0.1195431926311522,0.1313880024252065,0.8060878076742344,-0.8155932479652642,492|91|356|88|447|979|860|342,0.80608781|0.54857348|0.99337314|0.88027041|0.95375471|0.88114723|0.76358749|0.55716082,0|-3.6848751|-3.9601|-4.0155294|-4.4071016|-4.6904071|-5.2403474|-5.2845553
0_0_0_10_14_32,-23.0,46,3,10,18,765,252,765,765,765,765,1,1,8,0.8039833552199339,0.952418189485875,0.2857254568457625,0.12,-0.1074824907308991,0.002003358574384293,-0.03865336658354118,-0.03865336658354118,0.0,0.952418189485875,0.1195431926311522,0.1313880024252065,0.9929174264488644,-0.22742200157246556,765|1009|809|398|214|137|355|521,0.99291743|0.98370688|0.7985262|0.74011832|0.81624435|0.95143473|0.5157331|0.78723096,0|-4.8433799|-4.9093151|-5.0847579|-5.0996601|-5.2481468|-5.4105547|-5.5169378
0_0_0_10_14_32,-23.0,46,3,11,19,1023,592,1023,1023,1023,1023,1,1,8,0.8039833552199339,0.952418189485875,0.2857254568457625,0.12,-0.08708459700967597,0.002003358574384293,-0.03865336658354118,-0.03865336658354118,0.0,0.952418189485875,0.1195431926311522,0.1313880024252065,0.9784145340308897,-0.8240432127417426,1023|931|972|653|773|870|896|533,0.97841453|0.78591201|0.80948605|0.8298045|0.92970226|0.79974633|0.80779562|0.75554823,0|-6.0258456|-6.2823336|-6.3354938|-6.3742665|-6.4519657|-6.5442717|-6.7035799
0_0_0_10_14_32,-23.0,46,3,12,20,597,269,597,597,597,597,1,1,8,0.8039833552199339,0.952418189485875,0.2857254568457625,0.12,-0.06668670328845272,0.002003358574384293,-0.03865336658354118,-0.03865336658354118,0.0,0.952418189485875,0.1195431926311522,0.1313880024252065,0.8659992425388329,-0.5701577052447631,597|421|24|747|966|409|594|480,0.86599924|0.27360292|0.90087087|0.96772303|0.71774958|0.95525419|0.99485121|0.81175844,0|-3.2509245|-3.4640274|-3.6242723|-3.6297565|-3.7631669|-3.9082539|-4.4939394
0_0_0_10_14_32,-23.0,46,3,13,21,562,865,562,562,562,562,1,1,8,0.8039833552199339,0.952418189485875,0.2857254568457625,0.12,-0.04628880956722958,0.002003358574384293,-0.03865336658354118,-0.03865336658354118,0.0,0.952418189485875,0.1195431926311522,0.1313880024252065,0.9271913170049816,0.509535849097192,562|654|1019|706|148|303|143|918,0.92719132|0.63807899|0.91843233|0.7649105|0.69719584|0.92706128|0.92177615|0.7870649,0|-2.0363196|-2.2142013|-2.2290073|-2.6669427|-2.8261247|-3.039175|-3.0875342
0_0_0_10_14_32,-23.0,46,3,14,22,478,478,478,478,478,478,1,1,8,0.8039833552199339,0.952418189485875,0.2857254568457625,0.12,-0.025890915846006335,0.002003358574384293,-0.03865336658354118,-0.03865336658354118,0.0,0.952418189485875,0.1195431926311522,0.1313880024252065,0.9414385628977912,-0.44171497388093506,478|356|178|149|776|464|509|388,0.94143856|0.56958048|0.82256219|0.76603378|0.72768325|0.99205939|0.7185626|0.92154878,0|-4.9935942|-5.234478|-5.6415876|-5.6426259|-5.7351965|-5.7472569|-5.7941113
0_0_0_10_14_32,-23.0,46,3,15,23,267,267,267,267,267,267,1,1,8,0.8039833552199339,0.952418189485875,0.2857254568457625,0.12,-0.005493022124783198,0.002003358574384293,-0.03865336658354118,-0.03865336658354118,0.0,0.952418189485875,0.1195431926311522,0.1313880024252065,0.9812285258098052,-0.008658023487818217,267|820|958|848|796|177|664|516,0.98122853|0.9431104|0.99094734|0.7919158|0.96109559|0.95162808|0.68728059|0.6063142,0|-5.8817838|-6.5517217|-6.5722611|-6.6909053|-7.179372|-7.44706|-7.5730296
0_0_0_10_14_32,-23.0,46,3,16,24,917,917,917,917,917,917,1,1,8,0.8039833552199339,0.952418189485875,0.2857254568457625,0.12,0.01490487159643994,0.002003358574384293,-0.03865336658354118,-0.03865336658354118,0.0,0.952418189485875,0.1195431926311522,0.1313880024252065,0.9373273198000861,1.377301616104083,917|242|266|962|560|753|1005|208,0.93732732|0.78991622|0.56294065|0.57780274|0.91567182|0.85369886|0.87578634|0.81551359,0|-5.1235192|-5.6152355|-5.9601605|-6.7143414|-6.7507705|-6.7797673|-6.7928588
0_0_0_10_14_32,-23.0,46,3,17,25,656,656,656,656,656,656,1,1,8,0.8039833552199339,0.952418189485875,0.2857254568457625,0.12,0.03530276531766319,0.002003358574384293,-0.03865336658354118,-0.03865336658354118,0.0,0.952418189485875,0.1195431926311522,0.1313880024252065,0.9558956672697657,0.458071314751643,656|162|638|510|158|708|652|397,0.95589567|0.88935007|0.82603158|0.99011696|0.8428521|0.99038016|0.62812276|0.8576031,0|-6.5562941|-8.2756267|-8.5567727|-8.8014378|-8.8048914|-8.843292|-8.972276
0_0_0_10_14_32,-23.0,46,3,18,26,889,889,889,889,889,889,1,1,8,0.8039833552199339,0.952418189485875,0.2857254568457625,0.12,0.055700659038886324,0.002003358574384293,-0.03865336658354118,-0.03865336658354118,0.0,0.952418189485875,0.1195431926311522,0.1313880024252065,0.8132883463373026,0.2567804971464741,889|709|520|194|555|568|116|491,0.81328835|0.6283879|0.90455821|0.79785382|0.77899021|0.51419122|0.97063181|0.71439,0|-2.3982876|-2.7422021|-3.449659|-3.806986|-4.1835658|-4.3791869|-4.7185048
0_0_0_10_14_32,-23.0,46,3,19,27,510,510,510,510,510,510,1,1,8,0.8039833552199339,0.952418189485875,0.2857254568457625,0.12,0.07609855276010957,0.002003358574384293,-0.03865336658354118,-0.03865336658354118,0.0,0.952418189485875,0.1195431926311522,0.1313880024252065,0.9970753723611889,-0.10550679404035934,510|873|911|290|48|427|568|943,0.99707537|0.70001813|0.98879729|0.68646721|0.84070611|0.94997197|0.31760875|0.90952382,0|-5.780566|-6.3263226|-6.5026276|-6.5515485|-6.6968087|-6.7564709|-6.8639891
0_0_0_10_14_32,-23.0,46,3,20,28,860,860,860,860,860,860,1,1,8,0.8039833552199339,0.952418189485875,0.2857254568457625,0.12,0.09649644648133271,0.002003358574384293,-0.03865336658354118,-0.03865336658354118,0.0,0.952418189485875,0.1195431926311522,0.1313880024252065,0.9991242499529989,0.08117245495897982,860|794|276|972|159|722|273|910,0.99912425|0.82998344|0.89532944|0.99115418|0.96231141|0.7402013|0.75831766|0.54779223,0|-5.5481785|-5.6336755|-5.8690172|-6.3178133|-6.6580426|-6.8513341|-6.8742305
0_0_0_10_14_32,-23.0,46,3,21,29,553,553,553,553,553,553,1,1,8,0.8039833552199339,0.952418189485875,0.2857254568457625,0.12,0.11689434020255596,0.002003358574384293,-0.03865336658354118,-0.03865336658354118,0.0,0.952418189485875,0.1195431926311522,0.1313880024252065,0.9247846161361953,0.3544880508007383,553|703|536|741|764|129|388|17,0.92478462|0.6951673|0.92423749|0.90711461|0.79414374|0.64299894|0.7833617|0.81641332,0|-1.7536497|-1.8030765|-2.1980519|-2.3432893|-2.7642882|-2.9275321|-2.972046
0_0_0_10_14_32,-23.0,46,3,22,30,629,629,629,629,629,629,1,1,8,0.8039833552199339,0.952418189485875,0.2857254568457625,0.12,0.1372922339237791,0.002003358574384293,-0.03865336658354118,-0.03865336658354118,0.0,0.952418189485875,0.1195431926311522,0.1313880024252065,0.9888772552874279,-0.025604095560235685,629|195|359|489|191|243|504|378,0.98887726|0.98691794|0.67350881|0.78758852|0.67954235|0.98551168|0.70122678|0.49592821,0|-5.3847309|-6.0330366|-6.4383937|-6.7834192|-6.8508596|-7.2085221|-7.3211427
0_0_0_10_14_32,-23.0,46,3,23,31,759,511,759,759,759,759,1,1,8,0.8039833552199339,0.952418189485875,0.2857254568457625,0.12,0.15769012764500223,0.002003358574384293,-0.03865336658354118,-0.03865336658354118,0.0,0.952418189485875,0.1195431926311522,0.1313880024252065,0.9457467530511465,-0.8052112192903247,759|191|266|679|93|930|920|66,0.94574675|0.90753963|0.40483235|0.68148194|0.81698528|0.89287456|0.8593757|0.78109162,0|-3.068181|-4.0599682|-4.1485016|-4.1802865|-5.1386454|-5.2992179|-5.8249905
0_0_0_10_14_32,-23.0,46,3,24,32,874,746,874,874,874,874,1,1,8,0.8039833552199339,0.952418189485875,0.2857254568457625,0.12,0.17808802136622548,0.002003358574384293,-0.03865336658354118,-0.03865336658354118,0.0,0.952418189485875,0.1195431926311522,0.1313880024252065,0.9645056001598665,1.8062320060425208,874|421|70|410|625|913|685|840,0.9645056|0.98531693|0.71671049|0.50179702|0.82871624|0.92484076|0.52536705|0.43560096,0|-3.2090614|-4.2901167|-4.5142309|-5.1106687|-5.1501685|-5.2441482|-5.411444
0_0_0_10_14_32,-23.0,46,3,25,33,720,567,720,720,720,720,1,1,8,0.8039833552199339,0.952418189485875,0.2857254568457625,0.12,0.19848591508744862,0.002003358574384293,-0.03865336658354118,-0.03865336658354118,0.0,0.952418189485875,0.1195431926311522,0.1313880024252065,0.9707181643364722,0.20184008283860205,720|660|705|306|64|853|455|907,0.97071816|0.89293899|0.91419638|0.92375585|0.9918827|0.88288452|0.70656507|0.85815177,0|-4.3573842|-4.9407205|-4.979244|-5.0441027|-5.3636853|-5.8442027|-5.8758611
0_0_0_10_14_32,-23.0,46,3,26,34,314,668,314,314,314,314,1,1,8,0.8039833552199339,0.952418189485875,0.2857254568457625,0.12,0.21888380880867186,0.002003358574384293,-0.03865336658354118,-0.03865336658354118,0.0,0.952418189485875,0.1195431926311522,0.1313880024252065,0.9914135406635374,-0.128188801978249,314|29|955|283|53|223|166|431,0.99141354|0.94048955|0.89206082|0.57753047|0.93824182|0.67499124|0.92719124|0.51035028,0|-3.4330645|-3.985396|-4.2490415|-4.2790426|-4.2818354|-4.3119589|-4.7999399
0_0_0_10_14_32,-23.0,46,3,27,35,602,58,602,602,602,602,1,1,8,0.8039833552199339,0.952418189485875,0.2857254568457625,0.12,0.239281702529895,0.002003358574384293,-0.03865336658354118,-0.03865336658354118,0.0,0.952418189485875,0.1195431926311522,0.1313880024252065,0.913887146116087,-0.6264127021937839,602|102|709|89|299|892|104|556,0.91388715|0.95927115|0.89207176|0.81015379|0.61208464|0.66040994|0.88114393|0.95944984,0|-1.6220098|-2.4133604|-2.8241492|-3.2584685|-3.7931102|-3.968825|-4.0917538
0_0_0_10_14_32,-23.0,46,3,28,36,7,881,7,7,7,7,1,1,8,0.8039833552199339,0.952418189485875,0.2857254568457625,0.12,0.25967959625111814,0.002003358574384293,-0.03865336658354118,-0.03865336658354118,0.0,0.952418189485875,0.1195431926311522,0.1313880024252065,0.943950279527129,0.5399968976943578,7|962|278|445|302|789|114|316,0.94395028|0.99740982|0.9220166|0.90420548|0.90709232|0.82688336|0.99740133|0.99158152,0|-0.18233486|-1.3233105|-1.933467|-1.9838673|-2.2166726|-2.4509022|-2.5923831
0_0_0_10_14_32,-23.0,46,3,29,37,610,672,610,610,610,610,1,1,8,0.8039833552199339,0.952418189485875,0.2857254568457625,0.12,0.2800774899723413,0.002003358574384293,-0.03865336658354118,-0.03865336658354118,0.0,0.952418189485875,0.1195431926311522,0.1313880024252065,0.9885137849054251,0.2148233366845303,610|52|803|768|225|224|151|333,0.98851378|0.99978154|0.99148606|0.93236151|0.98146611|0.78262219|0.75740576|0.79428067,0|-2.6481687|-4.2849747|-4.5817226|-4.8978833|-4.993997|-5.257377|-5.3310893
0_0_0_10_14_32,-23.0,46,3,30,38,778,467,778,778,778,778,1,1,8,0.8039833552199339,0.952418189485875,0.2857254568457625,0.12,0.3004753836935645,0.002003358574384293,-0.03865336658354118,-0.03865336658354118,0.0,0.952418189485875,0.1195431926311522,0.1313880024252065,0.994361446038615,-0.09066297746964397,778|348|173|182|700|442|198|342,0.99436145|0.87213501|0.67665361|0.72348461|0.7671745|0.93802417|0.89143938|0.33454449,0|-3.6838028|-4.4403228|-4.665327|-4.9105588|-5.0047388|-5.6674795|-5.6897102
0_0_0_10_14_32,-23.0,46,3,31,39,897,779,897,897,897,897,1,1,8,0.8039833552199339,0.952418189485875,0.2857254568457625,0.12,0.32087327741478777,0.002003358574384293,-0.03865336658354118,-0.03865336658354118,0.0,0.952418189485875,0.1195431926311522,0.1313880024252065,0.9344549360645512,-2.1152911536599857,897|745|90|293|892|16|574|3,0.93445494|0.73572268|0.91951915|0.83199318|0.64805081|0.72634069|0.65132838|0.66764861,0|-5.6800259|-5.8583511|-6.1082487|-6.1795437|-6.2125556|-6.248489|-6.3297629
0_0_0_10_14_32,-23.0,46,3,32,40,740,258,740,740,740,740,1,1,8,0.8039833552199339,0.952418189485875,0.2857254568457625,0.12,0.3412711711360108,0.002003358574384293,-0.03865336658354118,-0.03865336658354118,0.0,0.952418189485875,0.1195431926311522,0.1313880024252065,0.8573840764034155,-1.4576399362670804,740|440|739|260|714|876|818|873,0.85738408|0.89219268|0.85985248|0.88445745|0.9365831|0.98006811|0.71640196|0.63893376,0|-0.59513951|-1.3314578|-2.1622091|-2.2149853|-3.1001457|-3.1073247|-3.1290554
0_0_0_10_14_32,-23.0,46,3,33,41,590,164,590,590,590,590,1,1,8,0.8039833552199339,0.952418189485875,0.2857254568457625,0.12,0.36166906485723405,0.002003358574384293,-0.03865336658354118,-0.03865336658354118,0.0,0.952418189485875,0.1195431926311522,0.1313880024252065,0.9945260554746074,-0.10436477864196808,590|465|723|517|571|351|427|413,0.99452606|0.41447926|0.98877022|0.73941873|0.55114325|0.97898902|0.84516015|0.80973091,0|-4.940684|-5.1435304|-5.349705|-5.5427944|-5.9116926|-6.1199466|-6.1988961
0_0_0_10_14_32,-23.0,46,3,34,42,930,209,930,930,930,930,1,1,8,0.8039833552199339,0.952418189485875,0.2857254568457625,0.12,0.3820669585784573,0.002003358574384293,-0.03865336658354118,-0.03865336658354118,0.0,0.952418189485875,0.1195431926311522,0.1313880024252065,0.8182609431100386,2.509035218937228,930|367|693|283|214|353|209|432,0.81826094|0.92813344|0.52169383|0.67992846|0.9807608|0.67309517|0.75276413|0.86502519,0|-1.0260493|-1.0398159|-1.1984553|-1.3901821|-1.7042648|-1.707213|-1.8809028
0_0_0_10_14_32,-24.0,46,0,0,8,803,814,875,875,875,875,0,0,6,0.9156008281829598,0.7638347955774073,0.22915043867322218,inf,-0.22741208581205075,0.015259716439593257,-0.018703241895261846,-0.018703241895261846,0.0,0.7638347955774073,0.10231330371813352,0.21098171583401457,0.9621964066144164,1.4585469046606903,875|408|848|474|548|78|746|470,0.96219641|0.91864181|0.95712474|0.95727769|0.4107845|0.98382689|0.47698026|0.65992314,0|-0.86381079|-2.1404279|-2.3085071|-2.9541924|-3.215098|-3.3497685|-3.3954374
0_0_0_10_14_32,-24.0,46,0,1,9,711,776,128,128,128,128,0,0,6,0.9156008281829598,0.7638347955774073,0.22915043867322218,inf,-0.20732525188833967,0.015259716439593257,-0.018703241895261846,-0.018703241895261846,0.0,0.7638347955774073,0.10231330371813352,0.21098171583401457,0.9101575251226908,-0.3983042333881786,128|601|390|530|1017|929|401|437,0.91015753|0.96094992|0.90900142|0.79869472|0.98860992|0.91233101|0.96031639|0.42301661,0|-0.66912746|-0.79454336|-1.791043|-1.8848134|-1.9266834|-2.0923628|-2.2112104
0_0_0_10_14_32,-24.0,46,0,2,10,922,226,922,922,922,922,1,1,6,0.9156008281829598,0.7638347955774073,0.22915043867322218,inf,-0.18723841796462853,0.015259716439593257,-0.018703241895261846,-0.018703241895261846,0.0,0.7638347955774073,0.10231330371813352,0.21098171583401457,0.8539934763813731,0.7105013909370403,922|1012|1019|668|27|226|855|87,0.85399348|0.99774861|0.98758766|0.7473233|0.56740645|0.9438509|0.77145093|0.87356304,0|-1.5186847|-2.3799535|-2.3943417|-2.4949759|-2.5046842|-2.6322811|-2.6512343
0_0_0_10_14_32,-24.0,46,0,3,11,718,909,28,28,28,28,0,0,6,0.9156008281829598,0.7638347955774073,0.22915043867322218,inf,-0.16715158404091746,0.015259716439593257,-0.018703241895261846,-0.018703241895261846,0.0,0.7638347955774073,0.10231330371813352,0.21098171583401457,0.9646629271953814,-1.180737089067266,28|928|673|686|598|857|164|882,0.96466293|0.89227143|0.87139399|0.93234772|0.97400673|0.83342827|0.89798843|0.57300755,0|-0.57302845|-1.1446825|-2.0544135|-2.2141926|-2.3819837|-2.8443257|-3.0860784
0_0_0_10_14_32,-24.0,46,0,4,12,107,963,416,416,416,416,0,0,6,0.9156008281829598,0.7638347955774073,0.22915043867322218,inf,-0.14706475011720632,0.015259716439593257,-0.018703241895261846,-0.018703241895261846,0.0,0.7638347955774073,0.10231330371813352,0.21098171583401457,0.82594200923202,0.577802024280473,416|139|661|504|2|963|443|579,0.82594201|0.95889002|0.7103396|0.47468596|0.97239996|0.71706301|0.60199797|0.6291938,0|-0.053764165|-0.058796047|-1.25146|-1.4181724|-1.5284539|-1.8507063|-1.943305
0_0_0_10_14_32,-24.0,46,0,5,13,468,6,691,691,691,691,0,0,6,0.9156008281829598,0.7638347955774073,0.22915043867322218,inf,-0.1269779161934952,0.015259716439593257,-0.018703241895261846,-0.018703241895261846,0.0,0.7638347955774073,0.10231330371813352,0.21098171583401457,0.9028997070137739,-0.6875416888973227,691|396|134|698|190|431|317|507,0.90289971|0.70822982|0.70199026|0.77069092|0.80313054|0.96322899|0.4407671|0.9330192,0|-0.76687181|-1.0267026|-1.5654187|-1.8449735|-1.8942697|-1.9199749|-2.1582558
0_0_0_10_14_32,-24.0,46,0,6,14,89,56,998,998,998,998,0,0,6,0.9156008281829598,0.7638347955774073,0.22915043867322218,inf,-0.10689108226978405,0.015259716439593257,-0.018703241895261846,-0.018703241895261846,0.0,0.7638347955774073,0.10231330371813352,0.21098171583401457,0.9031240475555771,0.3621022951209264,998|962|652|838|310|597|873|1018,0.90312405|0.89147103|0.85072231|0.63691808|0.75624511|0.9015995|0.98941415|0.59396626,0|-0.29193349|-1.0530688|-1.1498988|-1.168166|-1.4189744|-2.0989648|-2.1650889
0_0_0_10_14_32,-24.0,46,0,7,15,713,876,247,247,247,247,1,1,6,0.9156008281829598,0.7638347955774073,0.22915043867322218,inf,-0.08680424834607303,0.015259716439593257,-0.018703241895261846,-0.018703241895261846,0.0,0.7638347955774073,0.10231330371813352,0.21098171583401457,0.9649349173892099,-0.14494610750277293,247|713|876|830|1017|241|484|238,0.96493492|0.97844329|0.68800421|0.9194966|0.95932254|0.79988076|0.66928047|0.79431853,0|-0.092521133|-0.44444991|-0.45180056|-0.7400493|-0.90056264|-0.97566089|-1.2692898
0_0_0_10_14_32,-24.0,46,0,8,16,865,503,986,986,986,986,0,0,6,0.9156008281829598,0.7638347955774073,0.22915043867322218,inf,-0.0667174144223619,0.015259716439593257,-0.018703241895261846,-0.018703241895261846,0.0,0.7638347955774073,0.10231330371813352,0.21098171583401457,0.9285549091678277,-2.7300215366413085,986|489|503|212|916|818|842|840,0.92855491|0.70524135|0.97140705|0.78298882|0.76963093|0.90788962|0.86839121|0.66479605,0|-0.51434172|-0.62375486|-0.72013376|-0.72790025|-0.96918627|-1.0608413|-1.308318
0_0_0_10_14_32,-24.0,46,0,9,17,492,872,401,401,401,401,0,0,6,0.9156008281829598,0.7638347955774073,0.22915043867322218,inf,-0.046630580498650764,0.015259716439593257,-0.018703241895261846,-0.018703241895261846,0.0,0.7638347955774073,0.10231330371813352,0.21098171583401457,0.9788629102201591,0.1954188483701577,401|27|473|841|400|550|449|652,0.97886291|0.46109802|0.88511203|0.32745589|0.94882166|0.98779735|0.7450368|0.92652199,0|-0.9748012|-1.4392343|-1.4527405|-1.648522|-1.6817908|-1.7157831|-1.7544345
0_0_0_10_14_32,-24.0,46,0,10,18,765,564,202,202,202,202,0,0,6,0.9156008281829598,0.7638347955774073,0.22915043867322218,inf,-0.02654374657493963,0.015259716439593257,-0.018703241895261846,-0.018703241895261846,0.0,0.7638347955774073,0.10231330371813352,0.21098171583401457,0.7606505378343983,2.5166946863028894,202|627|132|285|556|538|424|959,0.76065054|0.48098427|0.92434522|0.73998545|0.68560664|0.75642511|0.91431889|0.72804963,0|-0.72035269|-1.3094923|-1.353392|-1.5397521|-1.9259756|-1.9913444|-2.1504451
0_0_0_10_14_32,-24.0,46,0,11,19,1023,272,819,819,819,819,0,0,6,0.9156008281829598,0.7638347955774073,0.22915043867322218,inf,-0.006456912651228608,0.015259716439593257,-0.018703241895261846,-0.018703241895261846,0.0,0.7638347955774073,0.10231330371813352,0.21098171583401457,0.7618478264959352,-0.7096662226079158,819|856|532|300|241|809|201|183,0.76184783|0.9646424|0.80814186|0.8673219|0.36115266|0.82353642|0.42993949|0.1809871,0|-0.26185363|-0.32674456|-1.5150544|-1.8513307|-1.944367|-1.9941647|-2.0002821
0_0_0_10_14_32,-24.0,46,0,12,20,597,444,920,920,920,920,1,1,6,0.9156008281829598,0.7638347955774073,0.22915043867322218,inf,0.013629921272482526,0.015259716439593257,-0.018703241895261846,-0.018703241895261846,0.0,0.7638347955774073,0.10231330371813352,0.21098171583401457,0.9654563686943152,-0.35525679596393095,920|597|740|586|653|444|377|632,0.96545637|0.93512338|0.7864667|0.95203813|0.79986801|0.84588881|0.36729712|0.9652939,0|-0.29336051|-0.83341238|-1.1200103|-1.339777|-1.4219948|-1.6286746|-1.7091436
0_0_0_10_14_32,-24.0,46,0,13,21,562,580,352,352,352,352,1,1,6,0.9156008281829598,0.7638347955774073,0.22915043867322218,inf,0.03371675519619366,0.015259716439593257,-0.018703241895261846,-0.018703241895261846,0.0,0.7638347955774073,0.10231330371813352,0.21098171583401457,0.9263458966051132,0.4104506537484349,352|918|562|526|448|580|378|971,0.9263459|0.92990117|0.79157279|0.75756499|0.64861034|0.79708589|0.52348178|0.73625365,0|-0.09036023|-0.17210658|-0.92634296|-1.5873604|-1.6175997|-1.6949715|-1.7252691
0_0_0_10_14_32,-24.0,46,0,14,22,478,147,698,698,698,698,0,0,6,0.9156008281829598,0.7638347955774073,0.22915043867322218,inf,0.05380358911990479,0.015259716439593257,-0.018703241895261846,-0.018703241895261846,0.0,0.7638347955774073,0.10231330371813352,0.21098171583401457,0.8578511928852859,1.13251923821797,698|473|523|59|140|585|701|829,0.85785119|0.59635167|0.86909792|0.8823728|0.57627441|0.88101166|0.9790544|0.64949504,0|-0.82360651|-0.90472463|-1.5032194|-1.5945529|-1.7442042|-1.7837264|-1.8286149
0_0_0_10_14_32,-24.0,46,0,15,23,267,456,161,161,161,161,0,0,6,0.9156008281829598,0.7638347955774073,0.22915043867322218,inf,0.07389042304361593,0.015259716439593257,-0.018703241895261846,-0.018703241895261846,0.0,0.7638347955774073,0.10231330371813352,0.21098171583401457,0.9546340837367803,0.21846473596263585,161|794|209|527|904|911|95|348,0.95463408|0.91976255|0.89995658|0.94214733|0.87637532|0.8987729|0.91701339|0.7889069,0|-0.068391044|-0.96206775|-1.2642718|-1.3658757|-1.5946242|-1.6386557|-1.6391115
0_0_0_10_14_32,-24.0,46,0,16,24,917,671,509,509,509,509,0,0,6,0.9156008281829598,0.7638347955774073,0.22915043867322218,inf,0.09397725696732695,0.015259716439593257,-0.018703241895261846,-0.018703241895261846,0.0,0.7638347955774073,0.10231330371813352,0.21098171583401457,0.7768941418380515,-0.9622715421046946,509|943|801|730|300|861|959|19,0.77689414|0.85346897|0.91103371|0.68859426|0.60223229|0.5422379|0.86897389|0.68828703,0|-0.70878598|-0.86637905|-0.97964691|-1.3165622|-1.4589601|-1.577057|-1.6590988
0_0_0_10_14_32,-24.0,46,0,17,25,656,658,826,826,826,826,0,0,6,0.9156008281829598,0.7638347955774073,0.22915043867322218,inf,0.11406409089103808,0.015259716439593257,-0.018703241895261846,-0.018703241895261846,0.0,0.7638347955774073,0.10231330371813352,0.21098171583401457,0.8989616962221775,0.7097634112860234,826|1008|788|509|15|80|498|454,0.8989617|0.84521072|0.63427912|0.76194845|0.97403139|0.75638144|0.7539553|0.85445051,0|-0.16786451|-0.22377679|-0.73910397|-0.8318715|-0.93622858|-1.0069388|-1.0889003
0_0_0_10_14_32,-24.0,46,0,18,26,889,26,180,180,180,180,0,0,6,0.9156008281829598,0.7638347955774073,0.22915043867322218,inf,0.13415092481474922,0.015259716439593257,-0.018703241895261846,-0.018703241895261846,0.0,0.7638347955774073,0.10231330371813352,0.21098171583401457,0.9099991726843222,-1.9775243275541172,180|939|242|856|487|83|490|258,0.90999917|0.98448911|0.8775365|0.72591973|0.88557364|0.90802207|0.6273903|0.76711417,0|-0.35332399|-1.0510973|-1.3328046|-1.3519481|-1.3718342|-1.379521|-1.3882706
0_0_0_10_14_32,-24.0,46,0,19,27,510,605,1006,1006,1006,1006,0,0,6,0.9156008281829598,0.7638347955774073,0.22915043867322218,inf,0.15423775873846035,0.015259716439593257,-0.018703241895261846,-0.018703241895261846,0.0,0.7638347955774073,0.10231330371813352,0.21098171583401457,0.8326998820650964,-0.49550856618440386,1006|420|694|955|29|366|624|726,0.83269988|0.91059988|0.90978615|0.96088109|0.93981325|0.68083011|0.61305759|0.64761261,0|-0.21103614|-0.39632439|-0.65589172|-1.0445257|-1.210567|-1.2824114|-1.3299092
0_0_0_10_14_32,-24.0,46,0,20,28,860,549,688,688,688,688,0,0,6,0.9156008281829598,0.7638347955774073,0.22915043867322218,inf,0.17432459266217137,0.015259716439593257,-0.018703241895261846,-0.018703241895261846,0.0,0.7638347955774073,0.10231330371813352,0.21098171583401457,0.7676545744071542,1.0754291866558994,688|686|987|624|436|429|238|399,0.76765457|0.85172119|0.69424856|0.94150109|0.92738584|0.70680031|0.32813933|0.71011062,0|-0.49830657|-1.3335515|-1.3675138|-1.6262096|-1.6379045|-1.7251812|-1.8108
0_0_0_10_14_32,-24.0,46,0,21,29,553,379,833,833,833,833,0,0,6,0.9156008281829598,0.7638347955774073,0.22915043867322218,inf,0.1944114265858825,0.015259716439593257,-0.018703241895261846,-0.018703241895261846,0.0,0.7638347955774073,0.10231330371813352,0.21098171583401457,0.9688430262164869,0.3556589455227791,833|453|213|894|327|108|98|999,0.96884303|0.81179744|0.946087|0.78179246|0.8804316|0.62000395|0.73783647|0.63711861,0|-1.9133916|-2.071801|-2.2628611|-2.4173345|-2.5211816|-2.645053|-2.6624353
0_0_0_10_14_32,-24.0,46,0,22,30,629,116,988,988,988,988,0,0,6,0.9156008281829598,0.7638347955774073,0.22915043867322218,inf,0.21449826050959364,0.015259716439593257,-0.018703241895261846,-0.018703241895261846,0.0,0.7638347955774073,0.10231330371813352,0.21098171583401457,0.95066924029571,-1.7254763867328065,988|61|168|816|220|549|522|366,0.95066924|0.9887109|0.71453259|0.90766717|0.93092572|0.81285338|0.84472654|0.4547921,0|-3.059681|-3.0991129|-3.514702|-3.5489335|-3.7003887|-3.7413938|-3.8124048
0_0_0_10_14_32,-24.0,46,0,23,31,759,265,586,586,586,586,0,0,6,0.9156008281829598,0.7638347955774073,0.22915043867322218,inf,0.23458509443330477,0.015259716439593257,-0.018703241895261846,-0.018703241895261846,0.0,0.7638347955774073,0.10231330371813352,0.21098171583401457,0.8858823552618883,0.707723907484251,586|982|910|699|978|60|610|22,0.88588236|0.93237222|0.70058046|0.86860971|0.99438454|0.87695085|0.87534075|0.91796219,0|-1.3203562|-1.433911|-1.5252325|-1.5420208|-1.7281784|-1.8639605|-2.0214726
0_0_0_10_14_32,-24.0,46,0,24,32,874,430,682,682,682,682,0,0,6,0.9156008281829598,0.7638347955774073,0.22915043867322218,inf,0.2546719283570159,0.015259716439593257,-0.018703241895261846,-0.018703241895261846,0.0,0.7638347955774073,0.10231330371813352,0.21098171583401457,0.9410104471268121,0.6131582012105954,682|215|281|338|579|5|631|194,0.94101045|0.87815323|0.91370112|0.65185849|0.83178333|0.98672595|0.45526364|0.93522478,0|-1.0334883|-1.3342525|-1.4317907|-1.8704797|-2.14176|-2.4195605|-2.5379803
0_0_0_10_14_32,-24.0,46,0,25,33,720,300,720,720,720,720,1,1,6,0.9156008281829598,0.7638347955774073,0.22915043867322218,inf,0.27475876228072693,0.015259716439593257,-0.018703241895261846,-0.018703241895261846,0.0,0.7638347955774073,0.10231330371813352,0.21098171583401457,0.9298371633674637,-0.24381082453932162,720|685|300|477|270|859|257|49,0.92983716|0.87085553|0.97734535|0.73966092|0.85060031|0.49035603|0.66658824|0.98010851,0|-0.40800099|-0.80066604|-1.102957|-1.1963911|-1.3058123|-1.7963271|-2.4267796
0_0_0_10_14_32,-24.0,46,0,26,34,314,873,70,70,70,70,0,0,6,0.9156008281829598,0.7638347955774073,0.22915043867322218,inf,0.29484559620443807,0.015259716439593257,-0.018703241895261846,-0.018703241895261846,0.0,0.7638347955774073,0.10231330371813352,0.21098171583401457,0.7511139584026665,-0.04093307339146689,70|539|593|815|513|209|523|983,0.75111396|0.9901131|0.69283923|0.70885018|0.49054504|0.7070002|0.6738404|0.88481972,0|-0.44089191|-0.99327625|-1.9747295|-2.1159588|-2.8201139|-2.9068653|-2.9778478
0_0_0_10_14_32,-24.0,46,0,27,35,602,525,351,351,351,351,0,0,6,0.9156008281829598,0.7638347955774073,0.22915043867322218,inf,0.3149324301281492,0.015259716439593257,-0.018703241895261846,-0.018703241895261846,0.0,0.7638347955774073,0.10231330371813352,0.21098171583401457,0.6091230796680157,-0.7454874483901945,351|577|593|1|1013|715|943|146,0.60912308|0.84195304|0.70739138|0.75469124|0.81174606|0.73491337|0.70160313|0.73238856,0|-0.90946653|-1.0071806|-1.0695231|-1.0968243|-1.265589|-1.4957804|-1.5470372
0_0_0_10_14_32,-24.0,46,0,28,36,7,504,740,740,740,740,0,0,6,0.9156008281829598,0.7638347955774073,0.22915043867322218,inf,0.33501926405186033,0.015259716439593257,-0.018703241895261846,-0.018703241895261846,0.0,0.7638347955774073,0.10231330371813352,0.21098171583401457,0.8276942243502782,1.4809221803740649,740|440|566|621|401|41|603|167,0.82769422|0.93827611|0.36752934|0.8268959|0.36168072|0.96580341|0.82819274|0.66336478,0|-0.073781007|-0.10762168|-0.37545908|-0.45570124|-0.4904159|-0.64850746|-0.81301497
0_0_0_10_14_32,-24.0,46,0,29,37,610,935,150,150,150,150,0,0,6,0.9156008281829598,0.7638347955774073,0.22915043867322218,inf,0.35510609797557136,0.015259716439593257,-0.018703241895261846,-0.018703241895261846,0.0,0.7638347955774073,0.10231330371813352,0.21098171583401457,0.9293745206574028,-0.5758194673196547,150|848|13|714|294|177|994|226,0.92937452|0.75536496|0.84382265|0.8817103|0.95716162|0.85957703|0.7993939|0.71303632,0|-0.20552357|-0.27331074|-0.2810281|-0.74829354|-0.86829521|-0.9620082|-1.1913438
0_0_0_10_14_32,-24.0,46,0,30,38,826,699,530,530,530,530,0,0,6,0.9156008281829598,0.7638347955774073,0.22915043867322218,inf,0.3751929318992825,0.015259716439593257,-0.018703241895261846,-0.018703241895261846,0.0,0.7638347955774073,0.10231330371813352,0.21098171583401457,0.5977829733423986,1.289295173831904,530|699|547|597|474|22|903|1022,0.59778297|0.9996135|0.65552636|0.5094814|0.87553482|0.94025829|0.90028846|0.9697392,0|-0.35685001|-1.227652|-1.620902|-2.0184605|-2.0622011|-2.0642011|-2.0753866
0_0_0_10_14_32,-24.0,46,0,31,39,928,436,927,927,927,927,0,0,6,0.9156008281829598,0.7638347955774073,0.22915043867322218,inf,0.39527976582299373,0.015259716439593257,-0.018703241895261846,-0.018703241895261846,0.0,0.7638347955774073,0.10231330371813352,0.21098171583401457,0.7271479636649613,2.6665788451090933,927|994|810|732|903|607|15|148,0.72714796|0.80432582|0.9600787|0.82991323|0.86986585|0.4345855|0.95488537|0.90628907,0|-0.24711691|-0.33805585|-0.84922122|-0.85070334|-1.1462868|-1.1483362|-1.2881384
0_0_0_10_14_32,-24.0,46,0,32,40,761,492,1007,1007,1007,1007,0,0,6,0.9156008281829598,0.7638347955774073,0.22915043867322218,inf,0.41536659974670476,0.015259716439593257,-0.018703241895261846,-0.018703241895261846,0.0,0.7638347955774073,0.10231330371813352,0.21098171583401457,0.9887121510016236,3.014509090485543,1007|140|154|1023|882|804|111|421,0.98871215|0.88302194|0.72844947|0.8888167|0.88525615|0.75119175|0.64770122|0.68610131,0|-0.24743276|-1.6731081|-1.7303567|-2.0128984|-2.1853713|-2.3645532|-2.6180673
0_0_0_10_14_32,-24.0,46,0,33,41,590,197,252,252,252,252,0,0,6,0.9156008281829598,0.7638347955774073,0.22915043867322218,inf,0.4354534336704158,0.015259716439593257,-0.018703241895261846,-0.018703241895261846,0.0,0.7638347955774073,0.10231330371813352,0.21098171583401457,0.8553190982861659,-0.010991239241946282,252|521|760|700|992|393|456|44,0.8553191|0.99929961|0.58017641|0.76442435|0.9915386|0.82668383|0.57465156|0.78414556,0|-0.033323528|-0.70191793|-1.1386453|-1.1842416|-1.4670609|-1.5089844|-1.5375286
0_0_0_10_14_32,-24.0,46,0,34,42,936,542,936,936,936,936,1,1,6,0.9156008281829598,0.7638347955774073,0.22915043867322218,inf,0.455540267594127,0.015259716439593257,-0.018703241895261846,-0.018703241895261846,0.0,0.7638347955774073,0.10231330371813352,0.21098171583401457,0.9262830704442649,-1.9252094306794716,936|899|1010|1004|926|855|117|895,0.92628307|0.63390127|0.83558923|0.81862748|0.78164613|0.53423018|0.81407479|0.95150168,0|-1.0882503|-1.2252295|-2.0758971|-2.1226784|-2.1948531|-3.3073272|-3.6173957
0_0_0_10_14_32,-24.0,46,2,0,8,803,934,803,803,803,803,1,1,8,0.9027344931016296,0.9392848215865048,0.28178544647595144,0.12,-0.0713410556391797,-0.036286625135722325,-0.026184538653366618,-0.026184538653366618,0.0,0.9392848215865048,0.1696483382115973,0.15120600353552435,0.9621127700272472,0.7918643674054802,803|267|109|83|12|422|382|697,0.96211277|0.9595284|0.65182482|0.98645149|0.75981584|0.8703323|0.79197909|0.68738565,0|-4.4737669|-5.0515909|-5.2834332|-5.3185753|-5.3252677|-5.4335694|-5.6993211
0_0_0_10_14_32,-24.0,46,2,1,9,826,364,826,826,826,826,1,1,8,0.9027344931016296,0.9392848215865048,0.28178544647595144,0.12,-0.050999841072692176,-0.036286625135722325,-0.026184538653366618,-0.026184538653366618,0.0,0.9392848215865048,0.1696483382115973,0.15120600353552435,0.9948798351733896,0.3060394555766331,826|545|746|303|87|404|56|66,0.99487984|0.88007485|0.99570897|0.87133257|0.83846428|0.43038068|0.68523088|0.91875403,0|-7.1864188|-7.9383759|-8.1651627|-8.3756195|-8.4401884|-8.7401689|-8.8825531
0_0_0_10_14_32,-24.0,46,2,2,10,922,928,922,922,922,922,1,1,8,0.9027344931016296,0.9392848215865048,0.28178544647595144,0.12,-0.0306586265062046,-0.036286625135722325,-0.026184538653366618,-0.026184538653366618,0.0,0.9392848215865048,0.1696483382115973,0.15120600353552435,0.9276999951555208,2.063547211889188,922|928|706|101|731|226|272|99,0.9277|0.77642059|0.55534148|0.48354629|0.98057392|0.66278494|0.98241077|0.84114549,0|-5.6849349|-5.753798|-5.8933029|-6.5407748|-7.5313866|-7.5342764|-7.6037074
0_0_0_10_14_32,-24.0,46,2,3,11,718,169,718,718,718,718,1,1,8,0.9027344931016296,0.9392848215865048,0.28178544647595144,0.12,-0.01031741193971708,-0.036286625135722325,-0.026184538653366618,-0.026184538653366618,0.0,0.9392848215865048,0.1696483382115973,0.15120600353552435,0.9720163693441539,-0.45479554543682776,718|460|215|323|842|321|940|217,0.97201637|0.93030305|0.78622665|0.43528387|0.72270594|0.86224248|0.98732892|0.95855377,0|-4.4532189|-4.5603694|-5.0853524|-5.1220779|-5.2140209|-5.412109|-5.6265102
0_0_0_10_14_32,-24.0,46,2,4,12,86,616,86,86,86,86,1,1,8,0.9027344931016296,0.9392848215865048,0.28178544647595144,0.12,0.010023802626770495,-0.036286625135722325,-0.026184538653366618,-0.026184538653366618,0.0,0.9392848215865048,0.1696483382115973,0.15120600353552435,0.888378283165497,1.9598626287465153,86|15|756|169|350|634|77|438,0.88837828|0.99575044|0.73980746|0.80635452|0.61066022|0.83977649|0.6858582|0.75869285,0|-2.7481174|-3.0809531|-3.5524613|-3.5712631|-3.7784356|-4.1977821|-4.4786489
0_0_0_10_14_32,-24.0,46,2,5,13,468,468,468,468,468,468,1,1,8,0.9027344931016296,0.9392848215865048,0.28178544647595144,0.12,0.030365017193258015,-0.036286625135722325,-0.026184538653366618,-0.026184538653366618,0.0,0.9392848215865048,0.1696483382115973,0.15120600353552435,0.9547995057701437,0.22208019258968215,468|582|870|908|855|352|693|62,0.95479951|0.92245232|0.75072436|0.91249971|0.96350072|0.59671928|0.72053971|0.68396796,0|-5.606241|-6.150814|-6.1746333|-6.2904617|-6.5118471|-6.891701|-7.300245
0_0_0_10_14_32,-24.0,46,2,6,14,89,532,89,89,89,89,1,1,8,0.9027344931016296,0.9392848215865048,0.28178544647595144,0.12,0.050706231759745535,-0.036286625135722325,-0.026184538653366618,-0.026184538653366618,0.0,0.9392848215865048,0.1696483382115973,0.15120600353552435,0.905418017891217,0.5804007313920347,89|437|409|452|748|927|5|335,0.90541802|0.9985189|0.89685753|0.66927286|0.97471263|0.92905235|0.77980046|0.8116875,0|-3.5254745|-5.1549115|-5.3585407|-5.432067|-5.7413715|-5.833141|-5.8446595
0_0_0_10_14_32,-24.0,46,2,7,15,713,225,713,713,713,713,1,1,8,0.9027344931016296,0.9392848215865048,0.28178544647595144,0.12,0.07104744632623305,-0.036286625135722325,-0.026184538653366618,-0.026184538653366618,0.0,0.9392848215865048,0.1696483382115973,0.15120600353552435,0.9811578784072273,-0.22717594493827487,713|651|325|822|845|633|929|388,0.98115788|0.82998291|0.77747692|0.96996349|0.9874911|0.90774688|0.87195284|0.87555799,0|-1.0854134|-1.1553069|-1.1849102|-1.292799|-1.5014939|-1.5663719|-2.2255137
0_0_0_10_14_32,-24.0,46,2,8,16,865,865,865,865,865,865,1,1,8,0.9027344931016296,0.9392848215865048,0.28178544647595144,0.12,0.09138866089272069,-0.036286625135722325,-0.026184538653366618,-0.026184538653366618,0.0,0.9392848215865048,0.1696483382115973,0.15120600353552435,0.9267188274548065,-2.1299101180962823,865|404|606|210|262|354|292|401,0.92671883|0.60536375|0.97858031|0.9408742|0.62692393|0.78679147|0.78783026|0.80010423,0|-5.2961047|-6.2342596|-6.4359781|-6.4664825|-6.961147|-7.014974|-7.1091791
0_0_0_10_14_32,-24.0,46,2,9,17,492,823,492,492,492,492,1,1,8,0.9027344931016296,0.9392848215865048,0.28178544647595144,0.12,0.1117298754592082,-0.036286625135722325,-0.026184538653366618,-0.026184538653366618,0.0,0.9392848215865048,0.1696483382115973,0.15120600353552435,0.9631801056285347,-0.3773772156230559,492|632|907|864|283|897|155|977,0.96318011|0.92683446|0.84474903|0.96398898|0.34262657|0.80125784|0.91732422|0.9891384,0|-3.9833632|-4.2839496|-5.270433|-5.3846563|-5.5868636|-5.8279981|-5.9344588
0_0_0_10_14_32,-24.0,46,2,10,18,765,2,765,765,765,765,1,1,8,0.9027344931016296,0.9392848215865048,0.28178544647595144,0.12,0.13207109002569573,-0.036286625135722325,-0.026184538653366618,-0.026184538653366618,0.0,0.9392848215865048,0.1696483382115973,0.15120600353552435,0.9991442411243648,-0.03576960113972835,765|799|139|616|674|837|249|569,0.99914424|0.71969644|0.56809795|0.52233778|0.81755399|0.93982837|0.69766437|0.92267765,0|-4.3585037|-4.3846626|-5.1125366|-5.2176202|-5.466104|-5.5123239|-5.6905549
0_0_0_10_14_32,-24.0,46,2,11,19,1023,729,1023,1023,1023,1023,1,1,8,0.9027344931016296,0.9392848215865048,0.28178544647595144,0.12,0.15241230459218325,-0.036286625135722325,-0.026184538653366618,-0.026184538653366618,0.0,0.9392848215865048,0.1696483382115973,0.15120600353552435,0.9804735312760392,-0.5566639449161959,1023|723|909|580|336|976|9|755,0.98047353|0.61921652|0.95569684|0.84061007|0.99833852|0.45460216|0.7869817|0.98013829,0|-3.6958087|-4.9530889|-5.6793001|-5.9857228|-6.001303|-6.1781286|-6.1800057
0_0_0_10_14_32,-24.0,46,2,12,20,597,975,597,597,597,597,1,1,8,0.9027344931016296,0.9392848215865048,0.28178544647595144,0.12,0.17275351915867077,-0.036286625135722325,-0.026184538653366618,-0.026184538653366618,0.0,0.9392848215865048,0.1696483382115973,0.15120600353552435,0.6858732174855726,0.8398036326247027,597|509|1015|589|843|157|77|985,0.68587322|0.67172281|0.8904119|0.56641814|0.99648599|0.82430888|0.80631757|0.82144072,0|-3.6554941|-3.8137201|-3.9411803|-4.2402572|-4.241981|-4.4829278|-4.5143693
0_0_0_10_14_32,-24.0,46,2,13,21,562,381,562,562,562,562,1,1,8,0.9027344931016296,0.9392848215865048,0.28178544647595144,0.12,0.19309473372515829,-0.036286625135722325,-0.026184538653366618,-0.026184538653366618,0.0,0.9392848215865048,0.1696483382115973,0.15120600353552435,0.7090507697094776,1.0293982990296524,562|947|494|991|180|156|341|34,0.70905077|0.8978089|0.33216891|0.97679429|0.96731893|0.94369068|0.9690231|0.93919263,0|-3.7431635|-4.9860539|-5.0662068|-5.1740798|-5.2135958|-5.2805112|-5.4881499
0_0_0_10_14_32,-24.0,46,2,14,22,478,391,478,478,478,478,1,1,8,0.9027344931016296,0.9392848215865048,0.28178544647595144,0.12,0.21343594829164592,-0.036286625135722325,-0.026184538653366618,-0.026184538653366618,0.0,0.9392848215865048,0.1696483382115973,0.15120600353552435,0.8767621434639699,0.5753499499031778,478|716|944|979|206|111|947|5,0.87676214|0.95683077|0.96978601|0.98872652|0.98263611|0.70431304|0.93884706|0.76759803,0|-2.9413282|-3.4357113|-3.6577035|-3.8993861|-4.019616|-4.4589383|-4.5354558
0_0_0_10_14_32,-24.0,46,2,15,23,267,764,267,267,267,267,1,1,8,0.9027344931016296,0.9392848215865048,0.28178544647595144,0.12,0.23377716285813344,-0.036286625135722325,-0.026184538653366618,-0.026184538653366618,0.0,0.9392848215865048,0.1696483382115973,0.15120600353552435,0.9581812900326914,-0.5739980298941878,267|554|12|980|531|702|940|977,0.95818129|0.94332788|0.89517585|0.63363243|0.82237111|0.69278126|0.47094747|0.74890267,0|-3.8571713|-4.3839032|-5.0770412|-5.2139929|-5.3949405|-5.586852|-5.6162797
0_0_0_10_14_32,-24.0,46,2,16,24,917,917,917,917,917,917,1,1,8,0.9027344931016296,0.9392848215865048,0.28178544647595144,0.12,0.25411837742462096,-0.036286625135722325,-0.026184538653366618,-0.026184538653366618,0.0,0.9392848215865048,0.1696483382115973,0.15120600353552435,0.9886771003707453,-0.07496168908553644,917|14|850|374|29|295|720|859,0.9886771|0.9472204|0.93110745|0.65085565|0.99364712|0.52017562|0.38783059|0.61299789,0|-5.4818877|-5.5178371|-5.9797115|-6.0480802|-6.1318219|-6.275939|-6.3617271
0_0_0_10_14_32,-24.0,46,2,17,25,656,656,656,656,656,656,1,1,8,0.9027344931016296,0.9392848215865048,0.28178544647595144,0.12,0.2744595919911085,-0.036286625135722325,-0.026184538653366618,-0.026184538653366618,0.0,0.9392848215865048,0.1696483382115973,0.15120600353552435,0.9667536461313524,-0.1719862718848828,656|264|325|463|212|517|714|680,0.96675365|0.87872039|0.91454732|0.95702702|0.722819|0.83858864|0.64549168|0.88231969,0|-3.5158859|-4.0247216|-4.1142271|-5.0715029|-5.4342272|-5.4615294|-5.5633544
0_0_0_10_14_32,-24.0,46,2,18,26,889,889,889,889,889,889,1,1,8,0.9027344931016296,0.9392848215865048,0.28178544647595144,0.12,0.294800806557596,-0.036286625135722325,-0.026184538653366618,-0.026184538653366618,0.0,0.9392848215865048,0.1696483382115973,0.15120600353552435,0.9424305432130301,0.3128030778799851,889|1000|444|50|187|66|604|960,0.94243054|0.74391129|0.67464562|0.79902642|0.73010487|0.78559021|0.59369099|0.58901705,0|-6.1750502|-6.8092442|-6.8779313|-7.1503464|-7.571401|-7.6665582|-7.7888879
0_0_0_10_14_32,-24.0,46,2,19,27,510,586,510,510,510,510,1,1,8,0.9027344931016296,0.9392848215865048,0.28178544647595144,0.12,0.3151420211240836,-0.036286625135722325,-0.026184538653366618,-0.026184538653366618,0.0,0.9392848215865048,0.1696483382115973,0.15120600353552435,0.9285052142782162,0.4994883941246738,510|234|440|196|219|586|969|888,0.92850521|0.72110919|0.66656689|0.91257864|0.63918269|0.62043488|0.6205298|0.96575051,0|-3.2170088|-3.7147083|-4.2557579|-4.6890048|-4.7441447|-4.8689784|-5.0388464
0_0_0_10_14_32,-24.0,46,2,20,28,860,725,860,860,860,860,1,1,8,0.9027344931016296,0.9392848215865048,0.28178544647595144,0.12,0.33548323569057115,-0.036286625135722325,-0.026184538653366618,-0.026184538653366618,0.0,0.9392848215865048,0.1696483382115973,0.15120600353552435,0.9277635811735698,2.417282764346761,860|741|684|161|746|869|297|226,0.92776358|0.92478066|0.71806745|0.84775731|0.72062822|0.99933634|0.65624355|0.76902028,0|-2.7849573|-3.9466382|-4.3378306|-4.8819747|-5.0268068|-5.1935135|-5.4212863
0_0_0_10_14_32,-24.0,46,2,21,29,553,707,553,553,553,553,1,1,8,0.9027344931016296,0.9392848215865048,0.28178544647595144,0.12,0.35582445025705867,-0.036286625135722325,-0.026184538653366618,-0.026184538653366618,0.0,0.9392848215865048,0.1696483382115973,0.15120600353552435,0.7193177692560083,0.6177621015176256,553|455|768|242|668|780|347|926,0.71931777|0.5763048|0.93594672|0.97704188|0.4276491|0.86686939|0.57953071|0.82781243,0|-2.2333594|-2.5236901|-3.366076|-3.4105058|-3.6442606|-3.6856406|-3.7337092
0_0_0_10_14_32,-24.0,46,2,22,30,629,629,629,629,629,629,1,1,8,0.9027344931016296,0.9392848215865048,0.28178544647595144,0.12,0.3761656648235462,-0.036286625135722325,-0.026184538653366618,-0.026184538653366618,0.0,0.9392848215865048,0.1696483382115973,0.15120600353552435,0.9850827944032788,0.13934467303113007,629|477|670|954|725|949|196|889,0.98508279|0.85638167|0.95911411|0.95133513|0.88254802|0.7594693|0.60170478|0.94695208,0|-5.5606756|-6.0390954|-6.4244391|-6.5006417|-6.5571327|-6.6847208|-6.697853
0_0_0_10_14_32,-24.0,46,2,23,31,759,296,759,759,759,759,1,1,8,0.9027344931016296,0.9392848215865048,0.28178544647595144,0.12,0.3965068793900337,-0.036286625135722325,-0.026184538653366618,-0.026184538653366618,0.0,0.9392848215865048,0.1696483382115973,0.15120600353552435,0.9916200737645045,0.17218435381968827,759|487|635|74|903|88|370|724,0.99162007|0.8533567|0.86765082|0.87888376|0.94782302|0.90987488|0.75219397|0.84711684,0|-3.7173294|-4.2301883|-5.3180908|-5.345322|-5.3690124|-5.397005|-5.4304722
0_0_0_10_14_32,-24.0,46,2,24,32,874,644,900,900,900,900,1,1,8,0.9027344931016296,0.9392848215865048,0.28178544647595144,0.12,0.41684809395652134,-0.036286625135722325,-0.026184538653366618,-0.026184538653366618,0.0,0.9392848215865048,0.1696483382115973,0.15120600353552435,0.9261050036980836,3.0511828220117345,900|908|592|246|554|821|874|12,0.926105|0.79302867|0.94013742|0.69656601|0.91214612|0.65592719|0.99383177|0.78263805,0|-0.11407485|-0.61143089|-0.88333583|-0.99405627|-1.3636574|-1.3790229|-1.4049352
0_0_0_10_14_32,-24.0,46,2,25,33,720,971,720,720,720,720,1,1,8,0.9027344931016296,0.9392848215865048,0.28178544647595144,0.12,0.43718930852300886,-0.036286625135722325,-0.026184538653366618,-0.026184538653366618,0.0,0.9392848215865048,0.1696483382115973,0.15120600353552435,0.9234002593633203,-0.8302688456972824,720|603|517|938|361|894|331|822,0.92340026|0.94674921|0.85051116|0.83121015|0.77022009|0.91142637|0.53804691|0.92750345,0|-4.382796|-4.6531442|-6.0300001|-6.0661015|-6.2634784|-6.3738494|-6.5235891
0_0_0_10_14_32,-24.0,46,2,26,34,314,314,314,314,314,314,1,1,8,0.9027344931016296,0.9392848215865048,0.28178544647595144,0.12,0.4575305230894964,-0.036286625135722325,-0.026184538653366618,-0.026184538653366618,0.0,0.9392848215865048,0.1696483382115973,0.15120600353552435,0.9365391979678944,0.6970683179196463,314|168|460|749|372|292|767|961,0.9365392|0.79181908|0.86750291|0.9487334|0.67211496|0.97926904|0.97599973|0.89268336,0|-5.0649042|-5.2757998|-5.7695754|-5.9002068|-6.0098414|-6.1170927|-6.1749042
0_0_0_10_14_32,-24.0,46,2,27,35,602,195,602,602,602,602,1,1,8,0.9027344931016296,0.9392848215865048,0.28178544647595144,0.12,0.4778717376559839,-0.036286625135722325,-0.026184538653366618,-0.026184538653366618,0.0,0.9392848215865048,0.1696483382115973,0.15120600353552435,0.509286695909821,-1.4301476343981188,602|177|817|215|794|39|846|332,0.5092867|0.81595023|0.86869178|0.93104903|0.6666171|0.64141808|0.57874771|0.59814091,0|-0.34219717|-1.6119903|-1.6146131|-1.7617938|-1.7755871|-1.9041426|-2.1709546
0_0_0_10_14_32,-24.0,46,2,28,36,7,9,7,7,7,7,1,1,8,0.9027344931016296,0.9392848215865048,0.28178544647595144,0.12,0.4982129522224714,-0.036286625135722325,-0.026184538653366618,-0.026184538653366618,0.0,0.9392848215865048,0.1696483382115973,0.15120600353552435,0.93214657165388,0.675295268433913,7|307|544|597|212|131|291|848,0.93214657|0.91910158|0.95475387|0.79743424|0.79137501|0.84496561|0.75793776|0.84281966,0|-3.9464144|-4.2181359|-4.2697882|-5.1967472|-5.4075256|-5.5437735|-5.5653144
0_0_0_10_14_32,-24.0,46,2,29,37,610,685,610,610,610,610,1,1,8,0.9027344931016296,0.9392848215865048,0.28178544647595144,0.12,0.5185541667889589,-0.036286625135722325,-0.026184538653366618,-0.026184538653366618,0.0,0.9392848215865048,0.1696483382115973,0.15120600353552435,0.9692891328444657,0.2318441091897335,610|576|140|805|953|447|801|847,0.96928913|0.82700554|0.8696953|0.88779201|0.85257044|0.69381582|0.8833484|0.94639389,0|-0.50478425|-2.3384143|-2.3953731|-2.5520523|-2.8025659|-2.8438452|-3.4073196
0_0_0_10_14_32,-24.0,46,2,30,38,775,775,775,775,775,775,1,1,8,0.9027344931016296,0.9392848215865048,0.28178544647595144,0.12,0.5388953813554466,-0.036286625135722325,-0.026184538653366618,-0.026184538653366618,0.0,0.9392848215865048,0.1696483382115973,0.15120600353552435,0.9215477123999342,-1.1398009656097357,775|413|192|716|783|625|621|503,0.92154771|0.8412693|0.64156624|0.88914255|0.86019434|0.75115709|0.77806069|0.5390049,0|-2.4832996|-2.8248724|-3.2584603|-3.4414653|-3.7589893|-3.9414132|-4.2171537
0_0_0_10_14_32,-24.0,46,2,31,39,912,611,912,912,912,912,1,1,8,0.9027344931016296,0.9392848215865048,0.28178544647595144,0.12,0.559236595921934,-0.036286625135722325,-0.026184538653366618,-0.026184538653366618,0.0,0.9392848215865048,0.1696483382115973,0.15120600353552435,0.966262321442249,-2.014885779721141,912|384|1023|1008|463|385|567|284,0.96626232|0.94165697|0.95693935|0.90075254|0.97430348|0.8294153|0.51702261|0.90346597,0|-5.5844732|-5.9904346|-6.0575091|-6.276775|-6.3609807|-6.4570579|-6.6010479
0_0_0_10_14_32,-24.0,46,2,32,40,768,509,768,768,768,768,1,1,8,0.9027344931016296,0.9392848215865048,0.28178544647595144,0.12,0.5795778104884216,-0.036286625135722325,-0.026184538653366618,-0.026184538653366618,0.0,0.9392848215865048,0.1696483382115973,0.15120600353552435,0.9727442540440981,-0.41149833003705205,768|675|27|28|559|571|299|803,0.97274425|0.94642098|0.73578967|0.92232231|0.9805007|0.67691351|0.7448739|0.98289545,0|-4.3504604|-4.3765188|-4.5679485|-4.6430672|-4.669954|-4.9290284|-5.0735237
0_0_0_10_14_32,-24.0,46,2,33,41,581,231,581,581,581,581,1,1,8,0.9027344931016296,0.9392848215865048,0.28178544647595144,0.12,0.5999190250549092,-0.036286625135722325,-0.026184538653366618,-0.026184538653366618,0.0,0.9392848215865048,0.1696483382115973,0.15120600353552435,0.889790542169843,-0.6318447133570335,581|937|582|117|443|953|479|667,0.88979054|0.86344139|0.35209973|0.93543263|0.99459301|0.84755785|0.30037711|0.50449426,0|-5.5676018|-5.7188951|-5.7308876|-5.8716022|-5.9137399|-5.9743768|-6.1016654
0_0_0_10_14_32,-24.0,46,2,34,42,93,36,93,93,93,93,1,1,8,0.9027344931016296,0.9392848215865048,0.28178544647595144,0.12,0.6202602396213966,-0.036286625135722325,-0.026184538653366618,-0.026184538653366618,0.0,0.9392848215865048,0.1696483382115973,0.15120600353552435,0.9685906313563852,0.6519781187512425,93|991|827|765|919|57|999|832,0.96859063|0.74141921|0.88773578|0.99386082|0.98491306|0.86423821|0.93127719|0.83805187,0|-1.9791544|-3.0337325|-3.1274296|-3.4347926|-3.7595337|-3.8348605|-3.9541691
0_0_0_10_14_32,-24.0,46,3,0,8,222,825,222,222,222,222,1,1,8,0.8913130436569874,0.9408044340669538,0.28224133022008613,0.12,-0.3950889209815629,0.0012984045834039154,-0.051122194513715746,-0.051122194513715746,0.0,0.9408044340669538,0.11056244816277105,0.1315579224963913,0.9001988827436008,-0.2282881361632972,222|307|697|283|995|739|114|314,0.90019888|0.66153128|0.88496286|0.88314786|0.99913462|0.44505749|0.93972061|0.8966743,0|-1.0574727|-1.5336271|-1.6455195|-1.7493483|-2.0434032|-2.6053785|-2.6509717
0_0_0_10_14_32,-24.0,46,3,1,9,711,711,711,711,711,711,1,1,8,0.8913130436569874,0.9408044340669538,0.28224133022008613,0.12,-0.3746910272603397,0.0012984045834039154,-0.051122194513715746,-0.051122194513715746,0.0,0.9408044340669538,0.11056244816277105,0.1315579224963913,0.9726464928938688,0.4517402625559213,711|406|586|585|232|211|247|997,0.97264649|0.37242278|0.6276232|0.84520979|0.59244394|0.93977375|0.4925635|0.72137274,0|-5.4829052|-5.5142732|-5.7234496|-5.8237039|-5.9529047|-6.2727798|-6.9380099
0_0_0_10_14_32,-24.0,46,3,2,10,871,879,871,871,871,871,1,1,8,0.8913130436569874,0.9408044340669538,0.28224133022008613,0.12,-0.3542931335391165,0.0012984045834039154,-0.051122194513715746,-0.051122194513715746,0.0,0.9408044340669538,0.11056244816277105,0.1315579224963913,0.9126926227653692,2.204768998153711,871|401|759|872|919|986|351|806,0.91269262|0.77053106|0.64187534|0.92928117|0.96154634|0.92298772|0.96451207|0.82416853,0|-2.2433998|-2.7073734|-3.060363|-3.3156146|-4.1416974|-4.7702807|-5.0808103
0_0_0_10_14_32,-24.0,46,3,3,11,718,62,718,718,718,718,1,1,8,0.8913130436569874,0.9408044340669538,0.28224133022008613,0.12,-0.3338952398178934,0.0012984045834039154,-0.051122194513715746,-0.051122194513715746,0.0,0.9408044340669538,0.11056244816277105,0.1315579224963913,0.925171528824802,0.8034154961385647,718|520|579|972|673|838|498|496,0.92517153|0.8903284|0.9570636|0.69014741|0.67595122|0.89001049|0.87804283|0.64162974,0|-5.4438086|-5.5779492|-5.6178629|-5.9005873|-6.005557|-6.1797676|-6.2361755
0_0_0_10_14_32,-24.0,46,3,4,12,107,589,107,107,107,107,1,1,8,0.8913130436569874,0.9408044340669538,0.28224133022008613,0.12,-0.3134973460966702,0.0012984045834039154,-0.051122194513715746,-0.051122194513715746,0.0,0.9408044340669538,0.11056244816277105,0.1315579224963913,0.8902112551355693,-0.5908227396172333,107|586|235|301|61|331|742|434,0.89021126|0.62507273|0.84967012|0.94680661|0.73241357|0.66689334|0.7926976|0.9049587,0|-2.3635447|-2.7714147|-3.138173|-3.3202676|-3.5208832|-3.5362205|-3.6125841
0_0_0_10_14_32,-24.0,46,3,5,13,468,262,468,468,468,468,1,1,8,0.8913130436569874,0.9408044340669538,0.28224133022008613,0.12,-0.293099452375447,0.0012984045834039154,-0.051122194513715746,-0.051122194513715746,0.0,0.9408044340669538,0.11056244816277105,0.1315579224963913,0.9483743120857913,-0.4462315733550447,468|512|110|91|632|254|304|933,0.94837431|0.81455315|0.72235705|0.97711989|0.84051184|0.83851208|0.81997421|0.8668187,0|-3.4401418|-4.5878718|-5.0210973|-5.0679722|-5.1212461|-5.8373035|-5.9300981
0_0_0_10_14_32,-24.0,46,3,6,14,89,89,89,89,89,89,1,1,8,0.8913130436569874,0.9408044340669538,0.28224133022008613,0.12,-0.27270155865422385,0.0012984045834039154,-0.051122194513715746,-0.051122194513715746,0.0,0.9408044340669538,0.11056244816277105,0.1315579224963913,0.9382760633626647,1.1583817143663433,89|1000|872|74|386|961|562|703,0.93827606|0.90713154|0.86460223|0.92033923|0.71887112|0.50047012|0.88811163|0.98534979,0|-5.3513781|-5.6209984|-5.6710947|-5.7906121|-5.8723866|-6.0399445|-6.1592556
0_0_0_10_14_32,-24.0,46,3,7,15,713,805,376,376,376,376,0,0,8,0.8913130436569874,0.9408044340669538,0.28224133022008613,0.12,-0.2523036649330006,0.0012984045834039154,-0.051122194513715746,-0.051122194513715746,0.0,0.9408044340669538,0.11056244816277105,0.1315579224963913,0.9679562359039301,-0.02495374296514602,376|774|393|429|133|171|688|379,0.96795624|0.95730137|0.59835387|0.70815789|0.7533734|0.85554929|0.98862503|0.78782518,0|-0.17741669|-0.67145226|-0.72198083|-0.93490059|-0.96948852|-1.1212837|-1.2037007
0_0_0_10_14_32,-24.0,46,3,8,16,865,454,865,865,865,865,1,1,8,0.8913130436569874,0.9408044340669538,0.28224133022008613,0.12,-0.23190577121177747,0.0012984045834039154,-0.051122194513715746,-0.051122194513715746,0.0,0.9408044340669538,0.11056244816277105,0.1315579224963913,0.9669900983695595,1.4615926179713488,865|530|752|454|703|208|634|609,0.9669901|0.865254|0.98091496|0.97630806|0.92705006|0.66440702|0.54010044|0.79280104,0|-4.5139917|-5.5704882|-5.9733675|-6.2006704|-6.4191554|-6.5499887|-6.8247554
0_0_0_10_14_32,-24.0,46,3,9,17,492,156,492,492,492,492,1,1,8,0.8913130436569874,0.9408044340669538,0.28224133022008613,0.12,-0.21150787749055422,0.0012984045834039154,-0.051122194513715746,-0.051122194513715746,0.0,0.9408044340669538,0.11056244816277105,0.1315579224963913,0.8102191699887996,-0.7954812953434953,492|91|356|88|447|979|860|342,0.81021917|0.5402047|0.98671384|0.87965534|0.94836345|0.87930326|0.76397892|0.53154653,0|-2.7440901|-2.9954447|-3.0734741|-3.4708533|-3.7318207|-4.2680575|-4.309825
0_0_0_10_14_32,-24.0,46,3,10,18,765,252,765,765,765,765,1,1,8,0.8913130436569874,0.9408044340669538,0.28224133022008613,0.12,-0.19110998376933108,0.0012984045834039154,-0.051122194513715746,-0.051122194513715746,0.0,0.9408044340669538,0.11056244816277105,0.1315579224963913,0.9952712798164178,-0.142571078514037,765|1009|809|214|398|137|355|521,0.99527128|0.98416011|0.78790503|0.80154683|0.70776731|0.95650356|0.51311848|0.75421021,0|-3.7636973|-3.836654|-4.0254155|-4.0281235|-4.1752237|-4.3404792|-4.4467377
0_0_0_10_14_32,-24.0,46,3,11,19,1023,592,1023,1023,1023,1023,1,1,8,0.8913130436569874,0.9408044340669538,0.28224133022008613,0.12,-0.17071209004810795,0.0012984045834039154,-0.051122194513715746,-0.051122194513715746,0.0,0.9408044340669538,0.11056244816277105,0.1315579224963913,0.9735385794152741,-0.7294692349217425,1023|931|972|653|773|870|896|533,0.97353858|0.78937818|0.80796497|0.805333|0.93174561|0.80412612|0.8000798|0.7423012,0|-5.1226206|-5.3966495|-5.417641|-5.4630267|-5.55631|-5.6425307|-5.7998926
0_0_0_10_14_32,-24.0,46,3,12,20,597,269,597,597,597,597,1,1,8,0.8913130436569874,0.9408044340669538,0.28224133022008613,0.12,-0.1503141963268847,0.0012984045834039154,-0.051122194513715746,-0.051122194513715746,0.0,0.9408044340669538,0.11056244816277105,0.1315579224963913,0.8659046193966368,-0.49955813421216266,597|421|24|747|966|409|594|480,0.86590462|0.25906036|0.90059599|0.96487662|0.72104498|0.95597293|0.9912317|0.77853311,0|-2.004496|-2.2220433|-2.3927238|-2.4081391|-2.531225|-2.6718344|-3.2501793
0_0_0_10_14_32,-24.0,46,3,13,21,562,865,562,562,562,562,1,1,8,0.8913130436569874,0.9408044340669538,0.28224133022008613,0.12,-0.12991630260566156,0.0012984045834039154,-0.051122194513715746,-0.051122194513715746,0.0,0.9408044340669538,0.11056244816277105,0.1315579224963913,0.8616230884962264,0.7421878774111363,562|654|706|1019|148|303|143|918,0.86162309|0.60696481|0.76982017|0.91877358|0.68997103|0.91120963|0.91485978|0.7834968,0|-0.69978674|-0.89530025|-0.89967654|-1.3345518|-1.4984891|-1.7236437|-1.7678363
0_0_0_10_14_32,-24.0,46,3,14,22,478,478,478,478,478,478,1,1,8,0.8913130436569874,0.9408044340669538,0.28224133022008613,0.12,-0.10951840888443831,0.0012984045834039154,-0.051122194513715746,-0.051122194513715746,0.0,0.9408044340669538,0.11056244816277105,0.1315579224963913,0.9531667560746083,-0.37828155025257193,478|356|178|149|776|509|464|388,0.95316676|0.57496053|0.81850008|0.75656465|0.70785096|0.68708199|0.98378594|0.90318605,0|-4.0916474|-4.3279944|-4.7518052|-4.7577476|-4.8513388|-4.8541042|-4.8726758
0_0_0_10_14_32,-24.0,46,3,15,23,267,267,267,267,267,267,1,1,8,0.8913130436569874,0.9408044340669538,0.28224133022008613,0.12,-0.08912051516321517,0.0012984045834039154,-0.051122194513715746,-0.051122194513715746,0.0,0.9408044340669538,0.11056244816277105,0.1315579224963913,0.9781283474592213,0.08737881116473234,267|820|958|848|796|177|664|516,0.97812835|0.94967139|0.99160531|0.80181528|0.96865463|0.95768559|0.68149286|0.568307,0|-5.074497|-5.7563176|-5.771059|-5.8916518|-6.380949|-6.6397938|-6.7829728
0_0_0_10_14_32,-24.0,46,3,16,24,917,917,917,917,917,917,1,1,8,0.8913130436569874,0.9408044340669538,0.28224133022008613,0.12,-0.06872262144199204,0.0012984045834039154,-0.051122194513715746,-0.051122194513715746,0.0,0.9408044340669538,0.11056244816277105,0.1315579224963913,0.9176069714219597,1.4879994148414724,917|242|266|962|560|753|1005|208,0.91760697|0.77944611|0.53899176|0.5735791|0.92805035|0.83716608|0.8758864|0.82886688,0|-4.1382692|-4.6010071|-4.9516259|-5.7204905|-5.7348096|-5.7576442|-5.7967203
0_0_0_10_14_32,-24.0,46,3,17,25,656,656,656,656,656,656,1,1,8,0.8913130436569874,0.9408044340669538,0.28224133022008613,0.12,-0.04832472772076879,0.0012984045834039154,-0.051122194513715746,-0.051122194513715746,0.0,0.9408044340669538,0.11056244816277105,0.1315579224963913,0.9336963532283924,0.5978069820764708,656|162|638|510|708|158|652|397,0.93369635|0.881038|0.82623785|0.99315162|0.99448813|0.85315592|0.66081463|0.86931138,0|-5.8524429|-7.5627969|-7.849225|-8.0953882|-8.1032059|-8.1335309|-8.25442
0_0_0_10_14_32,-24.0,46,3,18,26,889,889,889,889,889,889,1,1,8,0.8913130436569874,0.9408044340669538,0.28224133022008613,0.12,-0.027926833999545653,0.0012984045834039154,-0.051122194513715746,-0.051122194513715746,0.0,0.9408044340669538,0.11056244816277105,0.1315579224963913,0.7496957459969377,0.35095745199847894,889|709|520|194|555|568|116|465,0.74969575|0.6367507|0.88714751|0.78869929|0.76104371|0.47656492|0.9710767|0.86434883,0|-1.1676965|-1.5111472|-2.2147766|-2.5625855|-2.9395481|-3.1338614|-3.4673079
0_0_0_10_14_32,-24.0,46,3,19,27,510,510,510,510,510,510,1,1,8,0.8913130436569874,0.9408044340669538,0.28224133022008613,0.12,-0.007528940278322405,0.0012984045834039154,-0.051122194513715746,-0.051122194513715746,0.0,0.9408044340669538,0.11056244816277105,0.1315579224963913,0.999913067585229,-0.01276347072526718,510|873|911|290|48|427|568|943,0.99991307|0.69236356|0.99067684|0.66463921|0.83835496|0.95690527|0.29816115|0.91124385,0|-4.9735772|-5.5221334|-5.6910652|-5.7314372|-5.8747949|-5.9545952|-6.0505646
0_0_0_10_14_32,-24.0,46,3,20,28,860,860,860,860,860,860,1,1,8,0.8913130436569874,0.9408044340669538,0.28224133022008613,0.12,0.012868953442900732,0.0012984045834039154,-0.051122194513715746,-0.051122194513715746,0.0,0.9408044340669538,0.11056244816277105,0.1315579224963913,0.9984224820789342,0.18144459811667443,860|794|276|972|159|722|273|910,0.99842248|0.81226763|0.91201367|0.99197043|0.9674349|0.71468552|0.74110538|0.53835607,0|-4.6532706|-4.6992907|-4.9431953|-5.383511|-5.7318797|-5.9334932|-5.9378396
0_0_0_10_14_32,-24.0,46,3,21,29,553,702,553,553,553,553,1,1,8,0.8913130436569874,0.9408044340669538,0.28224133022008613,0.12,0.03326684716412398,0.0012984045834039154,-0.051122194513715746,-0.051122194513715746,0.0,0.9408044340669538,0.11056244816277105,0.1315579224963913,0.8826470089295265,0.49166065772607437,553|703|536|741|764|129|388|17,0.88264701|0.66982701|0.94632187|0.91843324|0.77387424|0.64265325|0.76860468|0.81541533,0|-0.30872098|-0.34735867|-0.76962632|-0.90548637|-1.337138|-1.4875597|-1.5406488
0_0_0_10_14_32,-24.0,46,3,22,30,629,629,629,629,629,629,1,1,8,0.8913130436569874,0.9408044340669538,0.28224133022008613,0.12,0.05366474088534712,0.0012984045834039154,-0.051122194513715746,-0.051122194513715746,0.0,0.9408044340669538,0.11056244816277105,0.1315579224963913,0.9849681773128769,0.06563350264597256,629|195|359|489|191|243|504|378,0.98496818|0.9856227|0.66888787|0.76160859|0.67457|0.98748262|0.69934807|0.45883188,0|-4.544438|-5.2055459|-5.603522|-5.9354927|-5.9969956|-6.372327|-6.4797497
0_0_0_10_14_32,-24.0,46,3,23,31,759,511,759,759,759,759,1,1,8,0.8913130436569874,0.9408044340669538,0.28224133022008613,0.12,0.07406263460657025,0.0012984045834039154,-0.051122194513715746,-0.051122194513715746,0.0,0.9408044340669538,0.11056244816277105,0.1315579224963913,0.9431236554314529,-0.8277446386382018,759|191|266|679|93|930|920|66,0.94312366|0.89674789|0.39918117|0.69524323|0.82185014|0.89592968|0.85666482|0.77780609,0|-1.9944002|-2.9824142|-3.0667692|-3.1094691|-4.0632336|-4.2395401|-4.7358066
0_0_0_10_14_32,-24.0,46,3,24,32,874,746,874,874,874,874,1,1,8,0.8913130436569874,0.9408044340669538,0.28224133022008613,0.12,0.0944605283277935,0.0012984045834039154,-0.051122194513715746,-0.051122194513715746,0.0,0.9408044340669538,0.11056244816277105,0.1315579224963913,0.9551560380710908,2.0434295954762307,874|421|70|410|625|913|685|840,0.95515604|0.99035564|0.72128719|0.50236877|0.79952739|0.93122052|0.55691244|0.4283406,0|-2.1562438|-3.2229786|-3.4569541|-4.0434762|-4.0598697|-4.1770839|-4.3651302
0_0_0_10_14_32,-24.0,46,3,25,33,720,567,720,720,720,720,1,1,8,0.8913130436569874,0.9408044340669538,0.28224133022008613,0.12,0.11485842204901664,0.0012984045834039154,-0.051122194513715746,-0.051122194513715746,0.0,0.9408044340669538,0.11056244816277105,0.1315579224963913,0.9529452571272199,0.3081687141423966,720|660|705|306|64|853|455|907,0.95294526|0.87014652|0.9262531|0.90963061|0.99284505|0.88526352|0.70074964|0.85148575,0|-3.3503024|-3.8761379|-3.972593|-4.014166|-4.336741|-4.7978151|-4.8526057
0_0_0_10_14_32,-24.0,46,3,26,34,314,668,314,314,314,314,1,1,8,0.8913130436569874,0.9408044340669538,0.28224133022008613,0.12,0.1352563157702399,0.0012984045834039154,-0.051122194513715746,-0.051122194513715746,0.0,0.9408044340669538,0.11056244816277105,0.1315579224963913,0.9928331495351633,-0.05702096985366362,314|29|955|283|53|223|166|431,0.99283315|0.94034207|0.88884309|0.57626297|0.93908337|0.69309093|0.9288367|0.54670634,0|-2.3731544|-2.934137|-3.1822486|-3.2111103|-3.2188115|-3.2624376|-3.7395195
0_0_0_10_14_32,-24.0,46,3,27,35,602,58,602,602,602,602,1,1,8,0.8913130436569874,0.9408044340669538,0.28224133022008613,0.12,0.15565420949146302,0.0012984045834039154,-0.051122194513715746,-0.051122194513715746,0.0,0.9408044340669538,0.11056244816277105,0.1315579224963913,0.9219791720504532,-0.5960734097637986,602|102|709|89|299|892|104|556,0.92197917|0.95540944|0.90689423|0.8143898|0.61955243|0.65994641|0.8844582|0.95344234,0|-0.57903856|-1.3442431|-1.7684571|-2.21322|-2.7525878|-2.9270251|-3.0536967
0_0_0_10_14_32,-24.0,46,3,28,36,7,881,962,962,962,962,1,1,8,0.8913130436569874,0.9408044340669538,0.28224133022008613,0.12,0.17605210321268616,0.0012984045834039154,-0.051122194513715746,-0.051122194513715746,0.0,0.9408044340669538,0.11056244816277105,0.1315579224963913,0.9975778810232462,-0.08334380071760922,962|278|7|445|302|789|114|316,0.99757788|0.92250074|0.92367112|0.91956862|0.91251821|0.83184406|0.99798428|0.98604883,0|-1.1212082|-1.3387043|-1.7303917|-1.7781546|-2.0176514|-2.2426336|-2.4068703
0_0_0_10_14_32,-24.0,46,3,29,37,610,672,610,610,610,610,1,1,8,0.8913130436569874,0.9408044340669538,0.28224133022008613,0.12,0.1964499969339093,0.0012984045834039154,-0.051122194513715746,-0.051122194513715746,0.0,0.9408044340669538,0.11056244816277105,0.1315579224963913,0.9756460333486667,0.3263039439847194,610|52|803|768|225|224|151|333,0.97564603|0.99967091|0.9880671|0.91985141|0.9792828|0.76841807|0.74978057|0.78466308,0|-1.5951797|-3.2080936|-3.5264557|-3.8514106|-3.9503749|-4.1937317|-4.281626
0_0_0_10_14_32,-24.0,46,3,30,38,778,467,778,778,778,778,1,1,8,0.8913130436569874,0.9408044340669538,0.28224133022008613,0.12,0.21684789065513255,0.0012984045834039154,-0.051122194513715746,-0.051122194513715746,0.0,0.9408044340669538,0.11056244816277105,0.1315579224963913,0.9932394116013713,-0.019155119680908772,778|348|173|182|700|442|198|342,0.99323941|0.87534922|0.68059265|0.70847292|0.75966506|0.92222182|0.88087899|0.30263848,0|-2.6119629|-3.3659493|-3.5862811|-3.8388631|-3.925085|-4.5934754|-4.6170334
0_0_0_10_14_32,-24.0,46,3,31,39,897,779,897,897,897,897,1,1,8,0.8913130436569874,0.9408044340669538,0.28224133022008613,0.12,0.2372457843763558,0.0012984045834039154,-0.051122194513715746,-0.051122194513715746,0.0,0.9408044340669538,0.11056244816277105,0.1315579224963913,0.9249506826548557,-2.071413888116374,897|745|90|892|293|16|574|3,0.92495068|0.73392422|0.92157166|0.65843965|0.81089789|0.72976207|0.65447893|0.66852141,0|-4.7321861|-4.9059777|-5.1521335|-5.1583077|-5.2270604|-5.2907421|-5.3697849
0_0_0_10_14_32,-24.0,46,3,32,40,740,258,440,440,440,440,1,1,8,0.8913130436569874,0.9408044340669538,0.28224133022008613,0.12,0.2576436780975788,0.0012984045834039154,-0.051122194513715746,-0.051122194513715746,0.0,0.9408044340669538,0.11056244816277105,0.1315579224963913,0.8689098976644545,0.625952120582325,440|740|739|260|714|876|818|873,0.8689099|0.82365943|0.88447114|0.88413903|0.95029248|0.97713997|0.69962297|0.65184171,0|-0.80805013|-1.017766|-1.5732647|-1.6394542|-2.5211101|-2.5271226|-2.5372673
0_0_0_10_14_32,-24.0,46,3,33,41,590,164,590,590,590,590,1,1,8,0.8913130436569874,0.9408044340669538,0.28224133022008613,0.12,0.27804157181880207,0.0012984045834039154,-0.051122194513715746,-0.051122194513715746,0.0,0.9408044340669538,0.11056244816277105,0.1315579224963913,0.9966490220134308,-0.03721041957222415,590|465|723|517|571|351|427|413,0.99664902|0.45012141|0.98683942|0.71893453|0.54242968|0.96806183|0.87237468|0.79259363,0|-3.9643207|-4.1469122|-4.3893271|-4.4883489|-4.9403932|-5.1440437|-5.2072249
0_0_0_10_14_32,-24.0,46,3,34,42,930,209,367,367,367,367,1,1,8,0.8913130436569874,0.9408044340669538,0.28224133022008613,0.12,0.2984394655400253,0.0012984045834039154,-0.051122194513715746,-0.051122194513715746,0.0,0.9408044340669538,0.11056244816277105,0.1315579224963913,0.9376659538688177,-0.3978691335791307,367|693|283|214|930|209|353|432,0.93766595|0.49376544|0.65572238|0.98596861|0.76380394|0.74869377|0.7015978|0.84812613,0|-0.0073793806|-0.16282826|-0.36098197|-0.58076796|-0.67701984|-0.68516419|-0.85585616
0_0_0_10_14_32,-25.0,46,0,0,8,803,814,875,875,875,875,0,0,6,0.9282896858483927,0.7310851721396927,0.2193255516419078,inf,-0.21073249320552623,0.01890655245731187,-0.016209476309226922,-0.016209476309226922,0.0,0.7310851721396927,0.0985008014727018,0.2137930684811166,0.9624205660146408,1.4563572898983823,875|408|848|474|548|78|746|470,0.96242057|0.91537762|0.95971499|0.95549951|0.40680736|0.98348947|0.47921847|0.65527305,0|-0.86528732|-2.1513055|-2.3060475|-2.9389115|-3.2375957|-3.3625168|-3.4019613
0_0_0_10_14_32,-25.0,46,0,1,9,711,776,128,128,128,128,0,0,6,0.9282896858483927,0.7310851721396927,0.2193255516419078,inf,-0.19064565928181515,0.01890655245731187,-0.016209476309226922,-0.016209476309226922,0.0,0.7310851721396927,0.0985008014727018,0.2137930684811166,0.9094850965857381,-0.43042358886372034,128|601|390|530|1017|929|401|437,0.9094851|0.95828321|0.91033758|0.79832808|0.98924075|0.91301548|0.96703526|0.42216286,0|-0.66819393|-0.80144821|-1.8029845|-1.9068146|-1.9228931|-2.1323354|-2.2397414
0_0_0_10_14_32,-25.0,46,0,2,10,922,226,922,922,922,922,1,1,6,0.9282896858483927,0.7310851721396927,0.2193255516419078,inf,-0.17055882535810402,0.01890655245731187,-0.016209476309226922,-0.016209476309226922,0.0,0.7310851721396927,0.0985008014727018,0.2137930684811166,0.8381849544594575,0.676465768477297,922|1012|668|1019|27|226|855|87,0.83818495|0.9979958|0.75049369|0.9883157|0.56705405|0.94711245|0.76352141|0.87313344,0|-0.93108862|-1.7909881|-1.7962822|-1.8948252|-1.907393|-2.0605401|-2.0793985
0_0_0_10_14_32,-25.0,46,0,3,11,718,909,28,28,28,28,0,0,6,0.9282896858483927,0.7310851721396927,0.2193255516419078,inf,-0.15047199143439294,0.01890655245731187,-0.016209476309226922,-0.016209476309226922,0.0,0.7310851721396927,0.0985008014727018,0.2137930684811166,0.9634379938517286,-1.1869865739031273,28|928|673|686|598|857|164|882,0.96343799|0.89311476|0.88113071|0.93012845|0.97013079|0.82864506|0.89493457|0.56880138,0|-0.57418802|-1.168359|-2.0791606|-2.2147404|-2.3974668|-2.8525514|-3.0875993
0_0_0_10_14_32,-25.0,46,0,4,12,107,963,416,416,416,416,0,0,6,0.9282896858483927,0.7310851721396927,0.2193255516419078,inf,-0.1303851575106818,0.01890655245731187,-0.016209476309226922,-0.016209476309226922,0.0,0.7310851721396927,0.0985008014727018,0.2137930684811166,0.82798102460145,0.5518268398305711,416|661|139|504|2|963|443|579,0.82798102|0.71933858|0.95828214|0.47740758|0.97271819|0.72034664|0.61202756|0.63784125,0|-0.057653695|-0.068760306|-1.2516775|-1.4284075|-1.5306218|-1.8474096|-1.9334614
0_0_0_10_14_32,-25.0,46,0,5,13,468,6,691,691,691,691,0,0,6,0.9282896858483927,0.7310851721396927,0.2193255516419078,inf,-0.11029832358697067,0.01890655245731187,-0.016209476309226922,-0.016209476309226922,0.0,0.7310851721396927,0.0985008014727018,0.2137930684811166,0.8954978504639949,-0.7131085816115476,691|396|134|698|190|431|317|507,0.89549785|0.71052018|0.70070101|0.76841612|0.80450125|0.958486|0.44250403|0.93044606,0|-0.75350053|-1.028287|-1.5580018|-1.8300323|-1.8648541|-1.9168577|-2.154449
0_0_0_10_14_32,-25.0,46,0,6,14,89,56,998,998,998,998,0,0,6,0.9282896858483927,0.7310851721396927,0.2193255516419078,inf,-0.09021148966325954,0.01890655245731187,-0.016209476309226922,-0.016209476309226922,0.0,0.7310851721396927,0.0985008014727018,0.2137930684811166,0.9039666924277643,0.35625377610494,998|962|652|838|310|597|873|1018,0.90396669|0.89217984|0.8584053|0.63207062|0.76045713|0.89948425|0.98953988|0.59567145,0|-0.31349278|-1.0480957|-1.1564481|-1.1911207|-1.427565|-2.1236081|-2.1723358
0_0_0_10_14_32,-25.0,46,0,7,15,713,876,247,247,247,247,1,1,6,0.9282896858483927,0.7310851721396927,0.2193255516419078,inf,-0.07012465573954851,0.01890655245731187,-0.016209476309226922,-0.016209476309226922,0.0,0.7310851721396927,0.0985008014727018,0.2137930684811166,0.9631375663923428,-0.17752637884871666,247|876|830|713|1017|241|484|238,0.96313757|0.68921147|0.92130799|0.98176414|0.95876363|0.80330998|0.6689473|0.79385292,0|-0.4501687|-0.4676045|-0.61379082|-0.73289122|-0.908545|-0.99127047|-1.2758186
0_0_0_10_14_32,-25.0,46,0,8,16,865,503,986,986,986,986,0,0,6,0.9282896858483927,0.7310851721396927,0.2193255516419078,inf,-0.05003782181583738,0.01890655245731187,-0.016209476309226922,-0.016209476309226922,0.0,0.7310851721396927,0.0985008014727018,0.2137930684811166,0.9301041727787306,-2.7370586403311727,986|489|503|916|212|818|842|569,0.93010417|0.70633558|0.9676216|0.77377542|0.77947181|0.90832297|0.86272886|0.92158988,0|-0.51305079|-0.63217231|-0.74216875|-0.74224649|-0.99752839|-1.0601357|-1.3016778
0_0_0_10_14_32,-25.0,46,0,9,17,492,872,401,401,401,401,0,0,6,0.9282896858483927,0.7310851721396927,0.2193255516419078,inf,-0.029950987892126246,0.01890655245731187,-0.016209476309226922,-0.016209476309226922,0.0,0.7310851721396927,0.0985008014727018,0.2137930684811166,0.9817249573222365,0.16994400617136318,401|27|841|473|400|550|449|652,0.98172496|0.4609388|0.33376684|0.88199024|0.9498873|0.9890532|0.75275559|0.92302918,0|-0.96959229|-1.4618486|-1.4667326|-1.6360186|-1.6862372|-1.6942668|-1.7548472
0_0_0_10_14_32,-25.0,46,0,10,18,765,564,202,202,202,202,0,0,6,0.9282896858483927,0.7310851721396927,0.2193255516419078,inf,-0.009864153968415112,0.01890655245731187,-0.016209476309226922,-0.016209476309226922,0.0,0.7310851721396927,0.0985008014727018,0.2137930684811166,0.7637579113751334,2.494817456307788,202|627|132|285|556|538|424|959,0.76375791|0.47751339|0.92683852|0.7446528|0.69289685|0.76198793|0.90823655|0.72915729,0|-0.70721066|-1.3151431|-1.3533264|-1.5212446|-1.9248587|-1.9750919|-2.135605
0_0_0_10_14_32,-25.0,46,0,11,19,1023,272,819,819,819,819,0,0,6,0.9282896858483927,0.7310851721396927,0.2193255516419078,inf,0.01022267995529591,0.01890655245731187,-0.016209476309226922,-0.016209476309226922,0.0,0.7310851721396927,0.0985008014727018,0.2137930684811166,0.7595109691508225,-0.7301779486798124,819|856|532|300|241|809|201|183,0.75951097|0.96349235|0.79951498|0.86816495|0.366443|0.81651008|0.43609163|0.1846586,0|-0.24762461|-0.30951993|-1.5106812|-1.8509562|-1.9343998|-1.971523|-1.9897867
0_0_0_10_14_32,-25.0,46,0,12,20,597,444,920,920,920,920,1,1,6,0.9282896858483927,0.7310851721396927,0.2193255516419078,inf,0.030309513879007044,0.01890655245731187,-0.016209476309226922,-0.016209476309226922,0.0,0.7310851721396927,0.0985008014727018,0.2137930684811166,0.9643814103732093,-0.3755555921298228,920|740|597|586|653|444|377|632,0.96438141|0.77645719|0.9280697|0.95583739|0.80151702|0.85207058|0.37692349|0.96825967,0|-0.8281209|-0.8929825|-1.112221|-1.334041|-1.4177211|-1.6345158|-1.6842136
0_0_0_10_14_32,-25.0,46,0,13,21,562,580,352,352,352,352,1,1,6,0.9282896858483927,0.7310851721396927,0.2193255516419078,inf,0.05039634780271818,0.01890655245731187,-0.016209476309226922,-0.016209476309226922,0.0,0.7310851721396927,0.0985008014727018,0.2137930684811166,0.927273014565504,0.379781527796198,352|918|562|526|448|580|378|971,0.92727301|0.9273798|0.74422283|0.75087789|0.63598524|0.80587739|0.53112131|0.73431831,0|-0.10213846|-0.75722236|-0.92727654|-1.6022079|-1.6218388|-1.7084965|-1.7410712
0_0_0_10_14_32,-25.0,46,0,14,22,478,616,698,698,698,698,0,0,6,0.9282896858483927,0.7310851721396927,0.2193255516419078,inf,0.07048318172642931,0.01890655245731187,-0.016209476309226922,-0.016209476309226922,0.0,0.7310851721396927,0.0985008014727018,0.2137930684811166,0.8642173307868078,1.0846313943067494,698|473|523|59|140|585|701|829,0.86421733|0.60370411|0.87388137|0.88305144|0.581534|0.88009087|0.98209887|0.65508269,0|-0.81987681|-0.91237986|-1.5019842|-1.5935324|-1.7597884|-1.7986947|-1.8204252
0_0_0_10_14_32,-25.0,46,0,15,23,267,456,161,161,161,161,0,0,6,0.9282896858483927,0.7310851721396927,0.2193255516419078,inf,0.09057001565014045,0.01890655245731187,-0.016209476309226922,-0.016209476309226922,0.0,0.7310851721396927,0.0985008014727018,0.2137930684811166,0.9556540268002637,0.1764878416631709,161|794|209|527|904|911|348|363,0.95565403|0.91744517|0.90233264|0.94560111|0.87793175|0.89820587|0.78294826|0.63494808,0|-0.05005185|-0.94096301|-1.2486792|-1.3669372|-1.571687|-1.6171934|-1.6231052
0_0_0_10_14_32,-25.0,46,0,16,24,917,671,509,509,509,509,0,0,6,0.9282896858483927,0.7310851721396927,0.2193255516419078,inf,0.11065684957385147,0.01890655245731187,-0.016209476309226922,-0.016209476309226922,0.0,0.7310851721396927,0.0985008014727018,0.2137930684811166,0.7638117226617369,-0.9921314555346088,509|943|801|730|300|861|959|19,0.76381172|0.85831239|0.90704221|0.67685559|0.6052313|0.53382549|0.86843709|0.68956227,0|-0.70887562|-0.88604167|-0.9870813|-1.3220666|-1.4571674|-1.5847097|-1.6636157
0_0_0_10_14_32,-25.0,46,0,17,25,656,658,826,826,826,826,0,0,6,0.9282896858483927,0.7310851721396927,0.2193255516419078,inf,0.1307436834975626,0.01890655245731187,-0.016209476309226922,-0.016209476309226922,0.0,0.7310851721396927,0.0985008014727018,0.2137930684811166,0.9013290773834239,0.6963484313462858,826|1008|788|509|15|80|498|454,0.90132908|0.84449565|0.63540469|0.77468871|0.97445411|0.75734355|0.76352591|0.85498829,0|-0.18579159|-0.21842861|-0.74178027|-0.82500274|-0.95104436|-1.0097688|-1.0797333
0_0_0_10_14_32,-25.0,46,0,18,26,889,26,180,180,180,180,0,0,6,0.9282896858483927,0.7310851721396927,0.2193255516419078,inf,0.15083051742127374,0.01890655245731187,-0.016209476309226922,-0.016209476309226922,0.0,0.7310851721396927,0.0985008014727018,0.2137930684811166,0.9069289479824838,-2.0194833260233467,180|939|242|856|487|490|83|258,0.90692895|0.9843872|0.87779402|0.7224822|0.88819943|0.63267536|0.90717382|0.75803862,0|-0.34000408|-1.0446811|-1.3368892|-1.3487228|-1.3677296|-1.369835|-1.3781704
0_0_0_10_14_32,-25.0,46,0,19,27,510,605,1006,1006,1006,1006,0,0,6,0.9282896858483927,0.7310851721396927,0.2193255516419078,inf,0.17091735134498487,0.01890655245731187,-0.016209476309226922,-0.016209476309226922,0.0,0.7310851721396927,0.0985008014727018,0.2137930684811166,0.8333839311946634,-0.5196762577454827,1006|420|694|955|29|366|624|726,0.83338393|0.91989549|0.90471144|0.96157281|0.93931699|0.69163434|0.59869928|0.64489367,0|-0.1887206|-0.38271883|-0.63904118|-1.0419656|-1.2003828|-1.2725541|-1.3081758
0_0_0_10_14_32,-25.0,46,0,20,28,860,549,688,688,688,688,0,0,6,0.9282896858483927,0.7310851721396927,0.2193255516419078,inf,0.1910041852686959,0.01890655245731187,-0.016209476309226922,-0.016209476309226922,0.0,0.7310851721396927,0.0985008014727018,0.2137930684811166,0.7753910749158949,1.0537136788657842,688|686|987|624|436|429|238|399,0.77539107|0.85695074|0.69340812|0.93569858|0.92234057|0.69715382|0.32363235|0.71780777,0|-0.49581372|-1.3303845|-1.3745508|-1.6279137|-1.628472|-1.7191454|-1.8242329
0_0_0_10_14_32,-25.0,46,0,21,29,553,379,833,833,833,833,0,0,6,0.9282896858483927,0.7310851721396927,0.2193255516419078,inf,0.21109101919240703,0.01890655245731187,-0.016209476309226922,-0.016209476309226922,0.0,0.7310851721396927,0.0985008014727018,0.2137930684811166,0.9690405564501147,0.3390746627939851,833|453|213|894|327|108|98|999,0.96904056|0.8212224|0.94206601|0.78011707|0.87998044|0.6154153|0.73776877|0.63661327,0|-1.9133543|-2.0853754|-2.2621896|-2.4273095|-2.5087022|-2.6447114|-2.6773045
0_0_0_10_14_32,-25.0,46,0,22,30,629,116,988,988,988,988,0,0,6,0.9282896858483927,0.7310851721396927,0.2193255516419078,inf,0.23117785311611816,0.01890655245731187,-0.016209476309226922,-0.016209476309226922,0.0,0.7310851721396927,0.0985008014727018,0.2137930684811166,0.9500381781116919,-1.7404479659386118,988|61|168|816|220|549|522|366,0.95003818|0.98818513|0.72167095|0.9030799|0.92844202|0.82246615|0.85197321|0.44908521,0|-3.049106|-3.0999072|-3.4981883|-3.5270596|-3.6799785|-3.7105402|-3.7781658
0_0_0_10_14_32,-25.0,46,0,23,31,759,265,586,586,586,586,0,0,6,0.9282896858483927,0.7310851721396927,0.2193255516419078,inf,0.2512646870398293,0.01890655245731187,-0.016209476309226922,-0.016209476309226922,0.0,0.7310851721396927,0.0985008014727018,0.2137930684811166,0.8931048772986421,0.6838920526422156,586|982|910|978|699|60|610|22,0.89310488|0.93144293|0.70389689|0.99399907|0.86453953|0.87627968|0.86984203|0.91967751,0|-1.3209504|-1.4207166|-1.5194127|-1.5232785|-1.7109058|-1.855675|-2.0159749
0_0_0_10_14_32,-25.0,46,0,24,32,874,430,682,682,682,682,0,0,6,0.9282896858483927,0.7310851721396927,0.2193255516419078,inf,0.2713515209635404,0.01890655245731187,-0.016209476309226922,-0.016209476309226922,0.0,0.7310851721396927,0.0985008014727018,0.2137930684811166,0.9452810953313442,0.5882111169620323,682|215|281|338|579|5|631|194,0.9452811|0.8732502|0.91290583|0.65852292|0.82045973|0.98691528|0.44392664|0.9382937,0|-1.0526715|-1.351043|-1.4324207|-1.8810393|-2.1683591|-2.4244301|-2.5506739
0_0_0_10_14_32,-25.0,46,0,25,33,720,300,685,685,685,685,1,1,6,0.9282896858483927,0.7310851721396927,0.2193255516419078,inf,0.29143835488725145,0.01890655245731187,-0.016209476309226922,-0.016209476309226922,0.0,0.7310851721396927,0.0985008014727018,0.2137930684811166,0.8682051195801662,-0.45196787292281765,685|720|300|477|270|859|257|49,0.86820512|0.91922482|0.97719691|0.7345261|0.85184555|0.48827107|0.64490599|0.97918763,0|-0.16757308|-0.4067251|-0.70214559|-0.80323856|-0.92308092|-1.4085243|-2.0268233
0_0_0_10_14_32,-25.0,46,0,26,34,314,873,70,70,70,70,0,0,6,0.9282896858483927,0.7310851721396927,0.2193255516419078,inf,0.3115251888109626,0.01890655245731187,-0.016209476309226922,-0.016209476309226922,0.0,0.7310851721396927,0.0985008014727018,0.2137930684811166,0.7513263980021068,-0.057091204935152046,70|539|593|815|513|209|523|983,0.7513264|0.9884013|0.69738802|0.70999044|0.49878821|0.71483362|0.67886053|0.883349,0|-0.44341599|-0.99333741|-1.9662897|-2.09275|-2.8258409|-2.9199671|-2.9983629
0_0_0_10_14_32,-25.0,46,0,27,35,602,525,351,351,351,351,0,0,6,0.9282896858483927,0.7310851721396927,0.2193255516419078,inf,0.3316120227346737,0.01890655245731187,-0.016209476309226922,-0.016209476309226922,0.0,0.7310851721396927,0.0985008014727018,0.2137930684811166,0.5995991800734632,-0.7754772438111213,351|577|593|1|1013|715|943|146,0.59959918|0.84454418|0.7122082|0.75497175|0.81232662|0.73935518|0.70468067|0.73180364,0|-0.9298456|-1.0104895|-1.0857717|-1.1318483|-1.2773886|-1.510739|-1.5693513
0_0_0_10_14_32,-25.0,46,0,28,36,7,504,740,740,740,740,0,0,6,0.9282896858483927,0.7310851721396927,0.2193255516419078,inf,0.35169885665838485,0.01890655245731187,-0.016209476309226922,-0.016209476309226922,0.0,0.7310851721396927,0.0985008014727018,0.2137930684811166,0.8331902529077673,1.4558578905531818,740|440|566|621|401|41|603|167,0.83319025|0.93372989|0.36893587|0.83265273|0.36797787|0.96535716|0.83552095|0.66962572,0|-0.081050962|-0.10461212|-0.37285146|-0.44822544|-0.47167592|-0.63414075|-0.80650572
0_0_0_10_14_32,-25.0,46,0,29,37,610,935,150,150,150,150,0,0,6,0.9282896858483927,0.7310851721396927,0.2193255516419078,inf,0.3717856905820959,0.01890655245731187,-0.016209476309226922,-0.016209476309226922,0.0,0.7310851721396927,0.0985008014727018,0.2137930684811166,0.9282694631865536,-0.5865987601019902,150|848|13|714|294|177|994|226,0.92826946|0.74945545|0.84381163|0.88395176|0.96115354|0.85936843|0.79933319|0.70752556,0|-0.20804562|-0.27490974|-0.27599826|-0.76541198|-0.85295566|-0.96528387|-1.186406
0_0_0_10_14_32,-25.0,46,0,30,38,826,699,530,530,530,530,0,0,6,0.9282896858483927,0.7310851721396927,0.2193255516419078,inf,0.391872524505807,0.01890655245731187,-0.016209476309226922,-0.016209476309226922,0.0,0.7310851721396927,0.0985008014727018,0.2137930684811166,0.6060823174340993,1.2699429625220287,530|699|547|597|474|22|1022|903,0.60608232|0.99918337|0.64678101|0.51753725|0.87644356|0.9427716|0.96974107|0.89946295,0|-0.36036052|-1.2307894|-1.6216359|-2.022772|-2.0560739|-2.0600744|-2.062557
0_0_0_10_14_32,-25.0,46,0,31,39,928,436,927,927,927,927,0,0,6,0.9282896858483927,0.7310851721396927,0.2193255516419078,inf,0.41195935842951825,0.01890655245731187,-0.016209476309226922,-0.016209476309226922,0.0,0.7310851721396927,0.0985008014727018,0.2137930684811166,0.7237528043437848,2.658348545462013,927|994|810|732|903|607|15|148,0.7237528|0.80516461|0.96333912|0.83160896|0.87123033|0.42670577|0.95498639|0.90759236,0|-0.16599895|-0.25890184|-0.76509163|-0.76641089|-1.050025|-1.0547473|-1.2169801
0_0_0_10_14_32,-25.0,46,0,32,40,761,492,1007,1007,1007,1007,0,0,6,0.9282896858483927,0.7310851721396927,0.2193255516419078,inf,0.4320461923532293,0.01890655245731187,-0.016209476309226922,-0.016209476309226922,0.0,0.7310851721396927,0.0985008014727018,0.2137930684811166,0.9887029469320321,2.9828473540259646,1007|140|154|1023|882|804|111|421,0.98870295|0.87827164|0.72756691|0.89007138|0.88512219|0.74252177|0.64811629|0.68407655,0|-0.24123495|-1.6690065|-1.7135437|-2.023033|-2.1736069|-2.367454|-2.6022248
0_0_0_10_14_32,-25.0,46,0,33,41,590,197,252,252,252,252,0,0,6,0.9282896858483927,0.7310851721396927,0.2193255516419078,inf,0.4521330262769403,0.01890655245731187,-0.016209476309226922,-0.016209476309226922,0.0,0.7310851721396927,0.0985008014727018,0.2137930684811166,0.8528199765509076,-0.041198696665300544,252|521|760|700|992|393|456|44,0.85281998|0.9985184|0.58762408|0.77143727|0.99159213|0.82131926|0.58085571|0.78172081,0|-0.035051566|-0.69339545|-1.1491463|-1.1780323|-1.4615688|-1.5123256|-1.5283356
0_0_0_10_14_32,-25.0,46,0,34,42,936,542,936,936,936,936,1,1,6,0.9282896858483927,0.7310851721396927,0.2193255516419078,inf,0.47221986020065154,0.01890655245731187,-0.016209476309226922,-0.016209476309226922,0.0,0.7310851721396927,0.0985008014727018,0.2137930684811166,0.920761780869494,-1.9455843162724002,936|899|1010|1004|926|855|117|895,0.92076178|0.63514875|0.83625871|0.82047955|0.78649051|0.52828631|0.81324724|0.95226996,0|-0.78257866|-0.90675897|-1.7607524|-1.8330473|-1.8796664|-2.9944431|-3.2984051
0_0_0_10_14_32,-25.0,46,2,0,8,803,934,803,803,803,803,1,1,8,0.9711566790241124,0.9274031569148921,0.2782209470744676,0.12,-0.03921923456937071,-0.04495773248279436,-0.023690773067331694,-0.023690773067331694,0.0,0.9274031569148921,0.16613163824248345,0.16227503126935633,0.9529283855920925,0.8711694448672188,803|267|109|83|12|422|382|697,0.95292839|0.95835891|0.6523589|0.98522448|0.75828699|0.86709018|0.7891013|0.68747771,0|-3.5838846|-4.1574591|-4.3835051|-4.4306931|-4.4399341|-4.5412387|-4.8047494
0_0_0_10_14_32,-25.0,46,2,1,9,826,364,826,826,826,826,1,1,8,0.9711566790241124,0.9274031569148921,0.2782209470744676,0.12,-0.01887802000288319,-0.04495773248279436,-0.023690773067331694,-0.023690773067331694,0.0,0.9274031569148921,0.16613163824248345,0.16227503126935633,0.9941568055979548,0.3339034187858703,826|545|746|303|87|404|56|66,0.99415681|0.88466161|0.99578918|0.86846091|0.83555071|0.43320106|0.69164647|0.92264724,0|-6.55579|-7.3026415|-7.5448744|-7.7564726|-7.8216309|-8.1087619|-8.2570009
0_0_0_10_14_32,-25.0,46,2,2,10,922,928,922,922,922,922,1,1,8,0.9711566790241124,0.9274031569148921,0.2782209470744676,0.12,0.0014631945636043864,-0.04495773248279436,-0.023690773067331694,-0.023690773067331694,0.0,0.9274031569148921,0.16613163824248345,0.16227503126935633,0.9181089637581776,2.0375857473939614,922|928|706|101|731|226|272|99,0.91810896|0.77103565|0.55126584|0.48733927|0.98072579|0.66066812|0.98335799|0.8309286,0|-4.9184823|-5.0015665|-5.1313362|-5.7821211|-6.7741721|-6.7830866|-6.8408604
0_0_0_10_14_32,-25.0,46,2,3,11,718,169,718,718,718,718,1,1,8,0.9711566790241124,0.9274031569148921,0.2782209470744676,0.12,0.021804409130091906,-0.04495773248279436,-0.023690773067331694,-0.023690773067331694,0.0,0.9274031569148921,0.16613163824248345,0.16227503126935633,0.9672504348913249,-0.501059654320576,718|460|215|323|842|321|940|217,0.96725043|0.93045372|0.78360375|0.43224741|0.7206404|0.86990702|0.98773258|0.96100137,0|-3.5639113|-3.6681009|-4.1978073|-4.2261488|-4.3271033|-4.5210205|-4.7394614
0_0_0_10_14_32,-25.0,46,2,4,12,86,616,86,86,86,86,1,1,8,0.9711566790241124,0.9274031569148921,0.2782209470744676,0.12,0.04214562369657948,-0.04495773248279436,-0.023690773067331694,-0.023690773067331694,0.0,0.9274031569148921,0.16613163824248345,0.16227503126935633,0.8531299353725126,1.9809131644472906,86|15|756|169|350|634|77|438,0.85312994|0.99500997|0.74006162|0.8103729|0.61235246|0.83249767|0.68807966|0.76586339,0|-1.6198367|-1.9682936|-2.4356756|-2.4679654|-2.6716034|-3.1226529|-3.3789172
0_0_0_10_14_32,-25.0,46,2,5,13,468,468,468,468,468,468,1,1,8,0.9711566790241124,0.9274031569148921,0.2782209470744676,0.12,0.062486838263067,-0.04495773248279436,-0.023690773067331694,-0.023690773067331694,0.0,0.9274031569148921,0.16613163824248345,0.16227503126935633,0.9494193338215327,0.23522605267532826,468|582|870|908|855|352|693|62,0.94941933|0.91472396|0.74538182|0.90764545|0.95928978|0.59449381|0.72083708|0.68602117,0|-4.8968944|-5.45572|-5.4881326|-5.5821359|-5.810304|-6.2018996|-6.6054676
0_0_0_10_14_32,-25.0,46,2,6,14,89,532,89,89,89,89,1,1,8,0.9711566790241124,0.9274031569148921,0.2782209470744676,0.12,0.08282805282955452,-0.04495773248279436,-0.023690773067331694,-0.023690773067331694,0.0,0.9274031569148921,0.16613163824248345,0.16227503126935633,0.8904349711022169,0.6153394786313499,89|437|409|452|748|927|5|335,0.89043497|0.9988158|0.90002582|0.6520403|0.9756776|0.93443421|0.78143375|0.81086584,0|-2.6545885|-4.2743874|-4.490907|-4.5484996|-4.8579932|-4.9502344|-4.95112
0_0_0_10_14_32,-25.0,46,2,7,15,713,225,651,651,822,822,1,1,8,0.9711566790241124,0.9274031569148921,0.2782209470744676,0.12,0.10316926739604204,-0.04495773248279436,-0.023690773067331694,-0.023690773067331694,0.0,0.9274031569148921,0.16613163824248345,0.16227503126935633,0.9703819005896006,-0.08405809624342939,651|325|822|845|713|633|929|305,0.82601371|0.77501852|0.9703819|0.98817694|0.97982046|0.91148773|0.87367293|0.97607704,0|-0.059546634|-0.077155459|-0.18761019|-0.24274527|-0.4190998|-0.46198083|-1.1356181
0_0_0_10_14_32,-25.0,46,2,8,16,865,867,865,865,865,865,1,1,8,0.9711566790241124,0.9274031569148921,0.2782209470744676,0.12,0.12351048196252967,-0.04495773248279436,-0.023690773067331694,-0.023690773067331694,0.0,0.9274031569148921,0.16613163824248345,0.16227503126935633,0.9157504044124956,-2.26416765340204,865|404|606|210|262|354|292|401,0.9157504|0.60547599|0.97866195|0.93832639|0.62515904|0.78048971|0.78850749|0.80473995,0|-4.5409763|-5.4830028|-5.6958836|-5.7115191|-6.212296|-6.261913|-6.354305
0_0_0_10_14_32,-25.0,46,2,9,17,492,823,492,492,492,492,1,1,8,0.9711566790241124,0.9274031569148921,0.2782209470744676,0.12,0.1438516965290172,-0.04495773248279436,-0.023690773067331694,-0.023690773067331694,0.0,0.9274031569148921,0.16613163824248345,0.16227503126935633,0.9542491491339858,-0.4215250401666476,492|632|907|864|283|897|155|977,0.95424915|0.91927791|0.84196842|0.96474687|0.33419524|0.79715393|0.91633649|0.98950119,0|-3.0553767|-3.3578129|-4.3449569|-4.4536697|-4.6568736|-4.9027738|-5.014164
0_0_0_10_14_32,-25.0,46,2,10,18,765,2,765,765,765,765,1,1,8,0.9711566790241124,0.9274031569148921,0.2782209470744676,0.12,0.1641929110955047,-0.04495773248279436,-0.023690773067331694,-0.023690773067331694,0.0,0.9274031569148921,0.16613163824248345,0.16227503126935633,0.998677617740892,-0.02849830925803834,765|139|799|616|674|837|249|569,0.99867762|0.57223858|0.7153983|0.51859581|0.81868245|0.93493913|0.68633493|0.91906463,0|-3.3499911|-3.3550305|-4.0887939|-4.1904095|-4.4311955|-4.4808799|-4.6611151
0_0_0_10_14_32,-25.0,46,2,11,19,1023,729,1023,1023,1023,1023,1,1,8,0.9711566790241124,0.9274031569148921,0.2782209470744676,0.12,0.18453412566199223,-0.04495773248279436,-0.023690773067331694,-0.023690773067331694,0.0,0.9274031569148921,0.16613163824248345,0.16227503126935633,0.976581373749551,-0.5479153426684173,1023|723|909|580|336|976|9|755,0.97658137|0.62352715|0.95537018|0.83185256|0.99862722|0.44760444|0.78340531|0.98171733,0|-2.7954602|-4.0566338|-4.7765125|-5.0979352|-5.1178631|-5.2719697|-5.2914485
0_0_0_10_14_32,-25.0,46,2,12,20,597,975,597,597,597,597,1,1,8,0.9711566790241124,0.9274031569148921,0.2782209470744676,0.12,0.20487534022847975,-0.04495773248279436,-0.023690773067331694,-0.023690773067331694,0.0,0.9274031569148921,0.16613163824248345,0.16227503126935633,0.6201305491950326,0.9143367608728395,597|509|1015|589|157|843|77|985,0.62013055|0.66880922|0.88916635|0.57181908|0.82579728|0.99668657|0.81175179|0.81644613,0|-2.756099|-2.9114324|-3.0593016|-3.3331169|-3.3347363|-3.5762991|-3.6199374
0_0_0_10_14_32,-25.0,46,2,13,21,562,381,562,562,562,562,1,1,8,0.9711566790241124,0.9274031569148921,0.2782209470744676,0.12,0.22521655479496727,-0.04495773248279436,-0.023690773067331694,-0.023690773067331694,0.0,0.9274031569148921,0.16613163824248345,0.16227503126935633,0.6403131987310867,1.3065477371238114,562|947|494|991|180|156|341|34,0.6403132|0.90054553|0.33361058|0.97676109|0.96731421|0.94468843|0.9691879|0.93797485,0|-2.7474552|-4.0011278|-4.0741428|-4.1727212|-4.2127076|-4.293672|-4.4910959
0_0_0_10_14_32,-25.0,46,2,14,22,478,391,478,478,478,478,1,1,8,0.9711566790241124,0.9274031569148921,0.2782209470744676,0.12,0.2455577693614549,-0.04495773248279436,-0.023690773067331694,-0.023690773067331694,0.0,0.9274031569148921,0.16613163824248345,0.16227503126935633,0.8614417981469555,0.6207558788131826,478|716|944|979|206|111|947|5,0.8614418|0.9553517|0.96913963|0.98844046|0.9828077|0.7030966|0.93795195|0.76610233,0|-1.7977456|-2.2885911|-2.511924|-2.7602733|-2.8700107|-3.3195495|-3.4006899
0_0_0_10_14_32,-25.0,46,2,15,23,267,764,267,267,267,267,1,1,8,0.9711566790241124,0.9274031569148921,0.2782209470744676,0.12,0.2658989839279424,-0.04495773248279436,-0.023690773067331694,-0.023690773067331694,0.0,0.9274031569148921,0.16613163824248345,0.16227503126935633,0.9427109648902487,-0.7733947098748961,267|554|12|980|531|702|940|977,0.94271096|0.9403741|0.89470238|0.63023051|0.82541724|0.67143989|0.47119634|0.74778882,0|-2.8753574|-3.3983569|-4.1034744|-4.2228986|-4.4074356|-4.5964435|-4.6342293
0_0_0_10_14_32,-25.0,46,2,16,24,917,917,917,917,917,917,1,1,8,0.9711566790241124,0.9274031569148921,0.2782209470744676,0.12,0.28624019849442994,-0.04495773248279436,-0.023690773067331694,-0.023690773067331694,0.0,0.9274031569148921,0.16613163824248345,0.16227503126935633,0.986159993214581,-0.08668950579268639,917|14|850|374|29|295|720|859,0.98615999|0.94411322|0.93102601|0.64768452|0.99356823|0.51366057|0.38322781|0.61189107,0|-4.6486339|-4.6796649|-5.1381994|-5.2015837|-5.2918237|-5.4330634|-5.5244549
0_0_0_10_14_32,-25.0,46,2,17,25,656,656,656,656,656,656,1,1,8,0.9711566790241124,0.9274031569148921,0.2782209470744676,0.12,0.30658141306091746,-0.04495773248279436,-0.023690773067331694,-0.023690773067331694,0.0,0.9274031569148921,0.16613163824248345,0.16227503126935633,0.9603956180539719,-0.22787227135059981,656|264|325|463|212|517|714|680,0.96039562|0.87959974|0.91560983|0.95737021|0.72035934|0.83680288|0.63059033|0.88471963,0|-2.5508974|-3.0665933|-3.1489956|-4.1237606|-4.4759808|-4.50049|-4.5515136
0_0_0_10_14_32,-25.0,46,2,18,26,889,889,889,889,889,889,1,1,8,0.9711566790241124,0.9274031569148921,0.2782209470744676,0.12,0.326922627627405,-0.04495773248279436,-0.023690773067331694,-0.023690773067331694,0.0,0.9274031569148921,0.16613163824248345,0.16227503126935633,0.9328946030371837,0.3204782915514195,889|1000|444|50|187|66|604|960,0.9328946|0.74489403|0.66249699|0.80148253|0.73135945|0.7867597|0.58742681|0.58747825,0|-5.4930201|-6.1367924|-6.207457|-6.4809477|-6.9085083|-6.9825202|-7.1332143
0_0_0_10_14_32,-25.0,46,2,19,27,510,586,510,510,510,510,1,1,8,0.9711566790241124,0.9274031569148921,0.2782209470744676,0.12,0.3472638421938926,-0.04495773248279436,-0.023690773067331694,-0.023690773067331694,0.0,0.9274031569148921,0.16613163824248345,0.16227503126935633,0.9191145077264832,0.5298274228794484,510|234|440|196|219|586|969|888,0.91911451|0.7187821|0.64868528|0.91027445|0.63013313|0.62336499|0.61636219|0.96444477,0|-2.2249789|-2.7179143|-3.2674085|-3.7022902|-3.7555332|-3.8851661|-4.0536395
0_0_0_10_14_32,-25.0,46,2,20,28,860,725,860,860,860,860,1,1,8,0.9711566790241124,0.9274031569148921,0.2782209470744676,0.12,0.36760505676038013,-0.04495773248279436,-0.023690773067331694,-0.023690773067331694,0.0,0.9274031569148921,0.16613163824248345,0.16227503126935633,0.9159056141297325,2.5707559501240893,860|741|684|161|746|869|297|226,0.91590561|0.92308413|0.72301645|0.84491617|0.72363267|0.99926994|0.62955402|0.77670065,0|-1.8717726|-3.034892|-3.4277805|-3.9758761|-4.0870422|-4.2903679|-4.5179932
0_0_0_10_14_32,-25.0,46,2,21,29,553,707,553,553,553,553,1,1,8,0.9711566790241124,0.9274031569148921,0.2782209470744676,0.12,0.38794627132686765,-0.04495773248279436,-0.023690773067331694,-0.023690773067331694,0.0,0.9274031569148921,0.16613163824248345,0.16227503126935633,0.6305583097190587,1.0221463739379937,553|455|768|242|668|780|347|926,0.63055831|0.57968539|0.93399317|0.97825984|0.43430214|0.87124118|0.5833371|0.82491952,0|-0.97877802|-1.2775363|-2.1132265|-2.1467947|-2.4030527|-2.430952|-2.4753074
0_0_0_10_14_32,-25.0,46,2,22,30,629,629,629,629,629,629,1,1,8,0.9711566790241124,0.9274031569148921,0.2782209470744676,0.12,0.4082874858933552,-0.04495773248279436,-0.023690773067331694,-0.023690773067331694,0.0,0.9274031569148921,0.16613163824248345,0.16227503126935633,0.9847026292108308,0.12889985398505788,629|477|670|954|725|949|196|889,0.98470263|0.86291498|0.96147193|0.95275583|0.88710196|0.75978352|0.60325369|0.94388756,0|-4.7898596|-5.2845896|-5.6569811|-5.7368471|-5.7816006|-5.9058392|-5.9244833
0_0_0_10_14_32,-25.0,46,2,23,31,759,296,759,759,759,759,1,1,8,0.9711566790241124,0.9274031569148921,0.2782209470744676,0.12,0.4286287004598427,-0.04495773248279436,-0.023690773067331694,-0.023690773067331694,0.0,0.9274031569148921,0.16613163824248345,0.16227503126935633,0.9909231189419017,0.15149919093504305,759|487|635|74|903|88|370|724,0.99092312|0.84857124|0.86959463|0.88210451|0.95091543|0.91035216|0.74763036|0.84542492,0|-2.7833655|-3.2850463|-4.3819491|-4.4281608|-4.4345262|-4.4596978|-4.5018196
0_0_0_10_14_32,-25.0,46,2,24,32,874,644,900,900,900,900,0,0,8,0.9711566790241124,0.9274031569148921,0.2782209470744676,0.12,0.4489699150263303,-0.04495773248279436,-0.023690773067331694,-0.023690773067331694,0.0,0.9274031569148921,0.16613163824248345,0.16227503126935633,0.9259122130986228,3.0256390234983455,900|908|592|246|554|821|12|156,0.92591221|0.79211319|0.94188964|0.69426888|0.90857961|0.64932082|0.77662411|0.90153345,0|-0.13485381|-0.6254589|-0.89225157|-1.0123642|-1.3595904|-1.433635|-1.549023
0_0_0_10_14_32,-25.0,46,2,25,33,720,971,720,720,720,720,1,1,8,0.9711566790241124,0.9274031569148921,0.2782209470744676,0.12,0.46931112959281784,-0.04495773248279436,-0.023690773067331694,-0.023690773067331694,0.0,0.9274031569148921,0.16613163824248345,0.16227503126935633,0.9079127925592044,-0.928583629378527,720|603|517|938|361|894|331|822,0.90791279|0.94322608|0.85561233|0.8311039|0.7749843|0.91202954|0.53897336|0.9249615,0|-3.5546353|-3.8433133|-5.2043738|-5.2383433|-5.4391986|-5.5534645|-5.7111905
0_0_0_10_14_32,-25.0,46,2,26,34,314,314,314,314,314,314,1,1,8,0.9711566790241124,0.9274031569148921,0.2782209470744676,0.12,0.48965234415930536,-0.04495773248279436,-0.023690773067331694,-0.023690773067331694,0.0,0.9274031569148921,0.16613163824248345,0.16227503126935633,0.9314580586946571,0.7283252053316348,314|168|460|749|372|292|767|961,0.93145806|0.79985803|0.86552653|0.94898997|0.66962398|0.98004939|0.97656288|0.88739309,0|-4.2076421|-4.4365153|-4.9214092|-5.0607905|-5.1751853|-5.2660125|-5.3179815
0_0_0_10_14_32,-25.0,46,2,27,35,602,195,177,177,177,177,1,1,8,0.9711566790241124,0.9274031569148921,0.2782209470744676,0.12,0.5099935587257929,-0.04495773248279436,-0.023690773067331694,-0.023690773067331694,0.0,0.9274031569148921,0.16613163824248345,0.16227503126935633,0.8185548310823814,1.7704919087733413,177|602|817|215|794|39|846|332,0.81855483|0.43653024|0.8692837|0.93355248|0.65531363|0.64294165|0.57380898|0.59351106,0|-1.044667|-1.2609587|-1.2728845|-1.4216022|-1.428559|-1.5563891|-1.8300271
0_0_0_10_14_32,-25.0,46,2,28,36,7,9,7,7,7,7,1,1,8,0.9711566790241124,0.9274031569148921,0.2782209470744676,0.12,0.5303347732922804,-0.04495773248279436,-0.023690773067331694,-0.023690773067331694,0.0,0.9274031569148921,0.16613163824248345,0.16227503126935633,0.9192587351408251,0.6803844083986437,7|307|544|597|212|131|291|848,0.91925874|0.92090934|0.9550153|0.7872264|0.79149812|0.84997992|0.74915802|0.84512499,0|-2.9582205|-3.2171864|-3.2706499|-4.2099621|-4.4225817|-4.5411902|-4.5620433
0_0_0_10_14_32,-25.0,46,2,29,37,610,685,576,576,576,576,1,1,8,0.9711566790241124,0.9274031569148921,0.2782209470744676,0.12,0.5506759878587679,-0.04495773248279436,-0.023690773067331694,-0.023690773067331694,0.0,0.9274031569148921,0.16613163824248345,0.16227503126935633,0.8283287496085016,-0.42367325543998036,576|610|140|805|953|447|801|847,0.82832875|0.96443386|0.8717333|0.89082667|0.85350373|0.67816281|0.88325635|0.94499151,0|-0.69204786|-1.835025|-1.8878502|-2.0555295|-2.2918841|-2.344908|-2.9059221
0_0_0_10_14_32,-25.0,46,2,30,38,775,754,775,775,775,775,1,1,8,0.9711566790241124,0.9274031569148921,0.2782209470744676,0.12,0.5710172024252556,-0.04495773248279436,-0.023690773067331694,-0.023690773067331694,0.0,0.9274031569148921,0.16613163824248345,0.16227503126935633,0.9107768456778945,-1.2423949607240574,775|413|192|716|783|625|621|503,0.91077685|0.83999706|0.64705225|0.89277773|0.86201431|0.75646699|0.77988279|0.52139204,0|-1.4426939|-1.7982627|-2.2320185|-2.3963362|-2.7161248|-2.8986586|-3.1752884
0_0_0_10_14_32,-25.0,46,2,31,39,912,611,912,912,912,912,1,1,8,0.9711566790241124,0.9274031569148921,0.2782209470744676,0.12,0.591358416991743,-0.04495773248279436,-0.023690773067331694,-0.023690773067331694,0.0,0.9274031569148921,0.16613163824248345,0.16227503126935633,0.9609899128656307,-2.0977697260128387,912|384|1023|1008|463|385|567|284,0.96098991|0.95369303|0.95822262|0.90339155|0.97024907|0.82212628|0.51810191|0.90764974,0|-4.8051367|-5.1975677|-5.2688406|-5.4837738|-5.5761144|-5.6582616|-5.8031253
0_0_0_10_14_32,-25.0,46,2,32,40,768,509,768,768,768,768,1,1,8,0.9711566790241124,0.9274031569148921,0.2782209470744676,0.12,0.6116996315582306,-0.04495773248279436,-0.023690773067331694,-0.023690773067331694,0.0,0.9274031569148921,0.16613163824248345,0.16227503126935633,0.9697535807455607,-0.41623975998050033,768|675|27|28|559|571|299|803,0.96975358|0.9438619|0.73031166|0.92548299|0.97889987|0.6699|0.74133302|0.98382436,0|-3.3878454|-3.4278505|-3.6136865|-3.6939476|-3.7191822|-3.9688964|-4.1272105
0_0_0_10_14_32,-25.0,46,2,33,41,581,231,581,581,581,581,1,1,8,0.9711566790241124,0.9274031569148921,0.2782209470744676,0.12,0.6320408461247182,-0.04495773248279436,-0.023690773067331694,-0.023690773067331694,0.0,0.9274031569148921,0.16613163824248345,0.16227503126935633,0.8790814849429617,-0.6522386306340746,581|937|117|443|953|479|582|667,0.87908148|0.86276477|0.93475309|0.99566746|0.84292814|0.29870544|0.37224855|0.5035697,0|-4.6807362|-4.8384696|-4.9737739|-5.0248593|-5.0863655|-5.1256302|-5.21749
0_0_0_10_14_32,-25.0,46,2,34,42,93,36,93,93,93,93,1,1,8,0.9711566790241124,0.9274031569148921,0.2782209470744676,0.12,0.6523820606912056,-0.04495773248279436,-0.023690773067331694,-0.023690773067331694,0.0,0.9274031569148921,0.16613163824248345,0.16227503126935633,0.955800656721039,0.7148653406940331,93|991|827|765|919|57|999|832,0.95580066|0.74198945|0.8847018|0.99436425|0.98417793|0.86789317|0.931751|0.83283958,0|-0.85664827|-1.910707|-1.9854355|-2.3001323|-2.6358395|-2.7079911|-2.830055
0_0_0_10_14_32,-25.0,46,3,0,8,222,825,307,307,307,307,1,1,7,0.8855201602056759,0.9269124202921939,0.2780737260876582,0.12,-0.53747043123902,0.00039434401293273716,-0.06359102244389031,-0.06359102244389031,0.0,0.9269124202921939,0.10141527924484017,0.13236729387967086,0.6415723520989792,0.7736123782283756,307|222|697|283|995|739|114|314,0.64157235|0.8626701|0.8664528|0.8860109|0.99921176|0.44502156|0.93518014|0.88253301,0|-0.27114089|-0.48980986|-0.59757908|-0.68730743|-0.97963479|-1.5576441|-1.5899722
0_0_0_10_14_32,-25.0,46,3,1,9,711,430,711,711,711,711,1,1,7,0.8855201602056759,0.9269124202921939,0.2780737260876582,0.12,-0.5170725375177969,0.00039434401293273716,-0.06359102244389031,-0.06359102244389031,0.0,0.9269124202921939,0.10141527924484017,0.13236729387967086,0.9632877067927565,0.5254246157317042,711|406|586|585|232|211|247|997,0.96328771|0.36562401|0.59057939|0.82811803|0.57069885|0.93117086|0.51007226|0.72119766,0|-4.7240876|-4.7429385|-4.9663276|-5.0523656|-5.1965163|-5.5255806|-6.1796957
0_0_0_10_14_32,-25.0,46,3,2,10,871,879,871,871,871,871,1,1,7,0.8855201602056759,0.9269124202921939,0.2780737260876582,0.12,-0.49667464379657367,0.00039434401293273716,-0.06359102244389031,-0.06359102244389031,0.0,0.9269124202921939,0.10141527924484017,0.13236729387967086,0.8950704220027528,2.3275865481763844,871|401|759|872|919|986|351|806,0.89507042|0.75395785|0.62185565|0.93799157|0.95746817|0.92454646|0.95144845|0.82772966,0|-1.4029676|-1.8731695|-2.3761256|-2.498743|-3.3030094|-3.9276785|-4.2253119
0_0_0_10_14_32,-25.0,46,3,3,11,718,62,718,718,718,718,1,1,7,0.8855201602056759,0.9269124202921939,0.2780737260876582,0.12,-0.47627675007535053,0.00039434401293273716,-0.06359102244389031,-0.06359102244389031,0.0,0.9269124202921939,0.10141527924484017,0.13236729387967086,0.9082405989539332,0.9175762896057681,718|520|579|972|673|838|498|496,0.9082406|0.86419968|0.94531603|0.69294834|0.66833848|0.88819865|0.84975005|0.67483164,0|-4.5684909|-4.6945025|-4.7395263|-5.0386923|-5.1387071|-5.2954749|-5.3764088
0_0_0_10_14_32,-25.0,46,3,4,12,107,589,107,107,107,107,1,1,7,0.8855201602056759,0.9269124202921939,0.2780737260876582,0.12,-0.45587885635412734,0.00039434401293273716,-0.06359102244389031,-0.06359102244389031,0.0,0.9269124202921939,0.10141527924484017,0.13236729387967086,0.8693530367715051,-0.5500868679339063,107|586|235|301|61|331|742|434,0.86935304|0.58890327|0.83423936|0.95698165|0.73457382|0.63650374|0.81201414|0.92217814,0|-1.1613665|-1.5828309|-1.9546447|-2.1327799|-2.3199824|-2.3514189|-2.4218716
0_0_0_10_14_32,-25.0,46,3,5,13,468,262,468,468,468,468,1,1,7,0.8855201602056759,0.9269124202921939,0.2780737260876582,0.12,-0.43548096263290414,0.00039434401293273716,-0.06359102244389031,-0.06359102244389031,0.0,0.9269124202921939,0.10141527924484017,0.13236729387967086,0.9589461637301383,-0.3875926781435308,468|512|110|91|632|254|304|933,0.95894616|0.82296065|0.72284126|0.97966045|0.81390431|0.83075818|0.79536626|0.85976392,0|-2.6310591|-3.7784312|-4.2003315|-4.2439351|-4.2962794|-5.0125474|-5.1109569
0_0_0_10_14_32,-25.0,46,3,6,14,89,89,89,89,89,89,1,1,7,0.8855201602056759,0.9269124202921939,0.2780737260876582,0.12,-0.415083068911681,0.00039434401293273716,-0.06359102244389031,-0.06359102244389031,0.0,0.9269124202921939,0.10141527924484017,0.13236729387967086,0.9222873559292092,1.2610104353498692,89|1000|872|74|386|961|562|703,0.92228736|0.90819529|0.85740297|0.92285198|0.72837587|0.5058848|0.86885112|0.9910033,0|-4.5497608|-4.8196598|-4.8814443|-4.988257|-5.0591065|-5.2504403|-5.3375849
0_0_0_10_14_32,-25.0,46,3,7,15,713,805,376,376,376,376,0,0,7,0.8855201602056759,0.9269124202921939,0.2780737260876582,0.12,-0.39468517519045776,0.00039434401293273716,-0.06359102244389031,-0.06359102244389031,0.0,0.9269124202921939,0.10141527924484017,0.13236729387967086,0.9660561180511543,0.06083912127563773,376|774|393|429|133|171|688|379,0.96605612|0.95160173|0.56715388|0.69139748|0.75094118|0.85993769|0.98721375|0.76588166,0|-0.16959019|-0.67615464|-0.72008486|-0.95077802|-0.97406413|-1.1583068|-1.1949136
0_0_0_10_14_32,-25.0,46,3,8,16,865,454,865,865,865,865,1,1,7,0.8855201602056759,0.9269124202921939,0.2780737260876582,0.12,-0.3742872814692346,0.00039434401293273716,-0.06359102244389031,-0.06359102244389031,0.0,0.9269124202921939,0.10141527924484017,0.13236729387967086,0.9593928000245493,1.798156507860753,865|530|752|454|703|208|634|609,0.9593928|0.84579036|0.98062912|0.9715363|0.94157926|0.64507549|0.55894101|0.82093776,0|-3.7516249|-4.8085242|-5.2076071|-5.4382187|-5.6593952|-5.7788057|-6.0557004
0_0_0_10_14_32,-25.0,46,3,9,17,492,156,492,492,492,492,1,1,7,0.8855201602056759,0.9269124202921939,0.2780737260876582,0.12,-0.3538893877480114,0.00039434401293273716,-0.06359102244389031,-0.06359102244389031,0.0,0.9269124202921939,0.10141527924484017,0.13236729387967086,0.8120678811853048,-0.7808169102306728,492|91|356|88|447|979|860|342,0.81206788|0.53216336|0.97778028|0.87866669|0.94006655|0.87782818|0.76500119|0.50480972,0|-1.8081321|-2.0382002|-2.1363934|-2.5389675|-2.779981|-3.3040151|-3.3436254
0_0_0_10_14_32,-25.0,46,3,10,18,765,252,765,765,765,765,1,1,7,0.8855201602056759,0.9269124202921939,0.2780737260876582,0.12,-0.33349149402678824,0.00039434401293273716,-0.06359102244389031,-0.06359102244389031,0.0,0.9269124202921939,0.10141527924484017,0.13236729387967086,0.9959748339178803,-0.05654354183431837,765|1009|809|214|398|137|355|521,0.99597483|0.98463466|0.7775569|0.78626806|0.67214066|0.96134677|0.51185857|0.71938125,0|-2.6760261|-2.7552368|-2.942583|-2.9610059|-3.0935701|-3.2613586|-3.3675062
0_0_0_10_14_32,-25.0,46,3,11,19,1023,592,1023,1023,1023,1023,1,1,7,0.8855201602056759,0.9269124202921939,0.2780737260876582,0.12,-0.3130936003055651,0.00039434401293273716,-0.06359102244389031,-0.06359102244389031,0.0,0.9269124202921939,0.10141527924484017,0.13236729387967086,0.9676965146334668,-0.6341052447249498,1023|931|653|972|773|870|896|533,0.96769651|0.79307684|0.77964605|0.80655482|0.93353464|0.807798|0.79233557|0.72778407,0|-4.2307573|-4.5127557|-4.5204577|-4.5640154|-4.671204|-4.7519803|-4.9076067
0_0_0_10_14_32,-25.0,46,3,12,20,597,269,597,597,597,597,1,1,7,0.8855201602056759,0.9269124202921939,0.2780737260876582,0.12,-0.29269570658434185,0.00039434401293273716,-0.06359102244389031,-0.06359102244389031,0.0,0.9269124202921939,0.10141527924484017,0.13236729387967086,0.8607008245040431,-0.4232593390635893,597|421|24|747|966|409|594|480,0.86070082|0.24632768|0.9002349|0.96116607|0.7242717|0.95379501|0.98527492|0.74333183,0|-0.73226134|-0.95376439|-1.1337557|-1.1580368|-1.2719102|-1.4073356|-1.9803311
0_0_0_10_14_32,-25.0,46,3,13,21,562,865,654,654,654,654,1,1,7,0.8855201602056759,0.9269124202921939,0.2780737260876582,0.12,-0.2722978128631187,0.00039434401293273716,-0.06359102244389031,-0.06359102244389031,0.0,0.9269124202921939,0.10141527924484017,0.13236729387967086,0.5756135929441422,1.621706447828058,654|706|1019|148|562|303|143|918,0.57561359|0.77501622|0.91915122|0.68314781|0.76450056|0.89398857|0.90788827|0.78023491,0|-0.19802103|-0.21949272|-0.63844426|-0.68246441|-0.80661872|-1.0425733|-1.0830439
0_0_0_10_14_32,-25.0,46,3,14,22,478,478,478,478,478,478,1,1,7,0.8855201602056759,0.9269124202921939,0.2780737260876582,0.12,-0.25189991914189547,0.00039434401293273716,-0.06359102244389031,-0.06359102244389031,0.0,0.9269124202921939,0.10141527924484017,0.13236729387967086,0.962829382602258,-0.3145460208118715,478|356|178|149|776|388|509|464,0.96282938|0.58126435|0.8132208|0.74757931|0.68810426|0.88285757|0.65340015|0.97252288,0|-3.2066112|-3.438893|-3.8776501|-3.8879812|-3.970287|-3.971699|-3.9876827
0_0_0_10_14_32,-25.0,46,3,15,23,267,267,267,267,267,267,1,1,7,0.8855201602056759,0.9269124202921939,0.2780737260876582,0.12,-0.23150202542067233,0.00039434401293273716,-0.06359102244389031,-0.06359102244389031,0.0,0.9269124202921939,0.10141527924484017,0.13236729387967086,0.9722689273449076,0.18466772165930223,267|820|958|848|796|177|664|516,0.97226893|0.95545786|0.99226964|0.81066879|0.97548559|0.96344139|0.6732852|0.52980987,0|-4.2971637|-4.9895694|-4.9991536|-5.1214734|-5.611523|-5.8624777|-6.0210218
0_0_0_10_14_32,-25.0,46,3,16,24,917,917,917,917,917,917,1,1,7,0.8855201602056759,0.9269124202921939,0.2780737260876582,0.12,-0.2111041316994492,0.00039434401293273716,-0.06359102244389031,-0.06359102244389031,0.0,0.9269124202921939,0.10141527924484017,0.13236729387967086,0.8938154329517538,1.5940335505645833,917|242|266|962|753|560|1005|208,0.89381543|0.76924924|0.51454399|0.56916444|0.82022754|0.93656699|0.87581327|0.84222731,0|-3.1521259|-3.5889884|-3.9446854|-4.7212571|-4.7266456|-4.7386096|-4.8008293
0_0_0_10_14_32,-25.0,46,3,17,25,656,656,656,656,656,656,1,1,7,0.8855201602056759,0.9269124202921939,0.2780737260876582,0.12,-0.19070623797822595,0.00039434401293273716,-0.06359102244389031,-0.06359102244389031,0.0,0.9269124202921939,0.10141527924484017,0.13236729387967086,0.9057112757442376,0.7397644233037698,656|162|638|510|708|158|652|397,0.90571128|0.87255125|0.82561623|0.99279864|0.99685063|0.8630925|0.69238343|0.87824658,0|-5.1731952|-6.8755511|-7.1666917|-7.4111235|-7.4289648|-7.4485052|-7.562722
0_0_0_10_14_32,-25.0,46,3,18,26,889,889,709,709,709,709,1,1,7,0.8855201602056759,0.9269124202921939,0.2780737260876582,0.12,-0.1703083442570028,0.00039434401293273716,-0.06359102244389031,-0.06359102244389031,0.0,0.9269124202921939,0.10141527924484017,0.13236729387967086,0.6462773824551509,-2.4360553864445547,709|889|520|194|555|568|116|465,0.64627738|0.66942638|0.86687957|0.77926186|0.74149519|0.43857881|0.97174316|0.89096352,0|-0.094457202|-0.34301466|-1.0432399|-1.3825638|-1.7598583|-1.9530127|-2.2804911
0_0_0_10_14_32,-25.0,46,3,19,27,510,510,510,510,510,510,1,1,7,0.8855201602056759,0.9269124202921939,0.2780737260876582,0.12,-0.14991045053577956,0.00039434401293273716,-0.06359102244389031,-0.06359102244389031,0.0,0.9269124202921939,0.10141527924484017,0.13236729387967086,0.9981201097862671,0.08228665087270698,510|873|911|290|48|427|568|943,0.99812011|0.68539924|0.99239967|0.64310406|0.83584254|0.9606916|0.28024685|0.91286262,0|-4.1873753|-4.7384566|-4.9007988|-4.9335415|-5.0752169|-5.1729876|-5.2586466
0_0_0_10_14_32,-25.0,46,3,20,28,860,288,860,860,860,860,1,1,7,0.8855201602056759,0.9269124202921939,0.2780737260876582,0.12,-0.12951255681455642,0.00039434401293273716,-0.06359102244389031,-0.06359102244389031,0.0,0.9269124202921939,0.10141527924484017,0.13236729387967086,0.9971221326315278,0.28178257106386834,860|794|276|972|159|722|910|273,0.99712213|0.7940452|0.92732749|0.99274196|0.97191591|0.68807194|0.52920646|0.72405631,0|-3.7737359|-3.7845071|-4.0360385|-4.4687889|-4.8244199|-5.0212753|-5.0334479
0_0_0_10_14_32,-25.0,46,3,21,29,553,702,703,703,536,536,1,1,7,0.8855201602056759,0.9269124202921939,0.2780737260876582,0.12,-0.10911466309333318,0.00039434401293273716,-0.06359102244389031,-0.06359102244389031,0.0,0.9269124202921939,0.10141527924484017,0.13236729387967086,0.9646730285567087,-0.36099022462340663,703|536|741|764|129|388|553|17,0.64316692|0.96467303|0.92911959|0.75278704|0.64148553|0.7514363|0.82821681|0.8147482,0|-0.028924804|-0.47561735|-0.60311431|-1.0442685|-1.1832397|-1.21369|-1.2439851
0_0_0_10_14_32,-25.0,46,3,22,30,629,928,629,629,629,629,1,1,7,0.8855201602056759,0.9269124202921939,0.2780737260876582,0.12,-0.08871676937211004,0.00039434401293273716,-0.06359102244389031,-0.06359102244389031,0.0,0.9269124202921939,0.10141527924484017,0.13236729387967086,0.976450135661464,0.15818595805519542,629|195|359|489|191|243|504|378,0.97645014|0.98340001|0.66497431|0.73354483|0.67042482|0.98863097|0.69563801|0.42187716,0|-3.7250885|-4.3976412|-4.789001|-5.109335|-5.1655459|-5.5566305|-5.6593946
0_0_0_10_14_32,-25.0,46,3,23,31,759,511,759,759,759,759,1,1,7,0.8855201602056759,0.9269124202921939,0.2780737260876582,0.12,-0.0683188756508869,0.00039434401293273716,-0.06359102244389031,-0.06359102244389031,0.0,0.9269124202921939,0.10141527924484017,0.13236729387967086,0.9389007731433107,-0.8677863314763163,759|191|266|679|93|930|920|66,0.93890077|0.88529058|0.39518801|0.70681532|0.82646819|0.89920373|0.85426976|0.77436305,0|-0.92076069|-1.9054158|-1.9860296|-2.0384745|-2.9881183|-3.1785018|-3.6484528
0_0_0_10_14_32,-25.0,46,3,24,32,874,746,874,874,874,874,1,1,7,0.8855201602056759,0.9269124202921939,0.2780737260876582,0.12,-0.04792098192966365,0.00039434401293273716,-0.06359102244389031,-0.06359102244389031,0.0,0.9269124202921939,0.10141527924484017,0.13236729387967086,0.9436197595884167,2.1986968149579904,874|421|70|410|913|625|685|840,0.94361976|0.99222806|0.72615218|0.50373945|0.93715747|0.76871034|0.58869205|0.42250946,0|-1.1012588|-2.1552194|-2.397986|-2.9714853|-2.9756695|-3.1093768|-3.3159061
0_0_0_10_14_32,-25.0,46,3,25,33,720,567,720,720,720,720,1,1,7,0.8855201602056759,0.9269124202921939,0.2780737260876582,0.12,-0.027523088208440516,0.00039434401293273716,-0.06359102244389031,-0.06359102244389031,0.0,0.9269124202921939,0.10141527924484017,0.13236729387967086,0.9278139114907324,0.4164635659406866,720|660|705|306|64|853|455|907,0.92781391|0.8457573|0.93602616|0.89457399|0.99364954|0.88692053|0.69258935|0.84478505,0|-2.337815|-2.8125612|-2.9605436|-2.9813326|-3.3065436|-3.750348|-3.8257257
0_0_0_10_14_32,-25.0,46,3,26,34,314,668,314,314,314,314,1,1,7,0.8855201602056759,0.9269124202921939,0.2780737260876582,0.12,-0.007125194487217268,0.00039434401293273716,-0.06359102244389031,-0.06359102244389031,0.0,0.9269124202921939,0.10141527924484017,0.13236729387967086,0.9924424232549096,0.014144350464383726,314|29|955|283|53|223|166|431,0.99244242|0.94015039|0.88560213|0.57293065|0.94006103|0.71044077|0.93055108|0.58296585,0|-1.3074952|-1.8761791|-2.1104522|-2.1382586|-2.1503591|-2.2060506|-2.6734
0_0_0_10_14_32,-25.0,46,3,27,35,602,58,102,102,102,102,1,1,7,0.8855201602056759,0.9269124202921939,0.2780737260876582,0.12,0.01327269923400587,0.00039434401293273716,-0.06359102244389031,-0.06359102244389031,0.0,0.9269124202921939,0.10141527924484017,0.13236729387967086,0.9514863239347039,1.614224796992398,102|602|709|89|299|892|104|556,0.95148632|0.92934619|0.92090894|0.81828053|0.62546541|0.66011203|0.88805868|0.94421551,0|-0.44005832|-0.74188832|-1.178073|-1.6321615|-2.1757505|-2.3490456|-2.479067
0_0_0_10_14_32,-25.0,46,3,28,36,7,881,962,962,962,962,0,0,7,0.8855201602056759,0.9269124202921939,0.2780737260876582,0.12,0.033670592955229006,0.00039434401293273716,-0.06359102244389031,-0.06359102244389031,0.0,0.9269124202921939,0.10141527924484017,0.13236729387967086,0.9976589219432599,-0.005026784738511703,962|278|445|302|789|114|316|383,0.99765892|0.92249162|0.93213702|0.91555785|0.83514581|0.99845279|0.97854153|0.85050583,0|-1.1035844|-1.7118959|-1.7573071|-2.0027753|-2.2194897|-2.4040537|-2.6461539
0_0_0_10_14_32,-25.0,46,3,29,37,610,672,610,610,610,610,1,1,7,0.8855201602056759,0.9269124202921939,0.2780737260876582,0.12,0.05406848667645214,0.00039434401293273716,-0.06359102244389031,-0.06359102244389031,0.0,0.9269124202921939,0.10141527924484017,0.13236729387967086,0.9569033839446698,0.44172028276416053,610|52|803|768|225|224|151|333,0.95690338|0.99953426|0.9837194|0.90648104|0.97553282|0.75394148|0.74275801|0.77274755,0|-0.54096665|-2.1325966|-2.4702015|-2.8030185|-2.9045255|-3.1300207|-3.230559
0_0_0_10_14_32,-25.0,46,3,30,38,778,467,778,778,778,778,1,1,7,0.8855201602056759,0.9269124202921939,0.2780737260876582,0.12,0.07446638039767539,0.00039434401293273716,-0.06359102244389031,-0.06359102244389031,0.0,0.9269124202921939,0.10141527924484017,0.13236729387967086,0.9904379966029755,0.051998049422256,778|348|173|182|700|442|198|342,0.990438|0.87815835|0.68360898|0.69330063|0.74972471|0.90326221|0.86969927|0.27134045,0|-1.5372311|-2.2889605|-2.5051311|-2.7642319|-2.8433755|-3.5168079|-3.5415577
0_0_0_10_14_32,-25.0,46,3,31,39,897,779,897,897,897,897,1,1,7,0.8855201602056759,0.9269124202921939,0.2780737260876582,0.12,0.09486427411889864,0.00039434401293273716,-0.06359102244389031,-0.06359102244389031,0.0,0.9269124202921939,0.10141527924484017,0.13236729387967086,0.9143070575360173,-2.0170880342174895,897|745|90|892|293|16|574|3,0.91430706|0.73008345|0.92384051|0.66854218|0.788988|0.73309554|0.65738756|0.66946579,0|-3.7883287|-3.9580697|-4.1375633|-4.2125718|-4.2496937|-4.3380273|-4.415094
0_0_0_10_14_32,-25.0,46,3,32,40,740,258,440,440,440,440,1,1,7,0.8855201602056759,0.9269124202921939,0.2780737260876582,0.12,0.11526216784012167,0.00039434401293273716,-0.06359102244389031,-0.06359102244389031,0.0,0.9269124202921939,0.10141527924484017,0.13236729387967086,0.8429225819958345,0.7085553344085905,440|739|260|714|740|876|873|818,0.84292258|0.90729087|0.88189898|0.96245877|0.77829904|0.9736784|0.66468197|0.68211473,0|-1.2750462|-1.5787785|-1.6568571|-2.2797184|-2.5354555|-2.5402525|-2.5404193
0_0_0_10_14_32,-25.0,46,3,33,41,590,164,590,590,590,590,1,1,7,0.8855201602056759,0.9269124202921939,0.2780737260876582,0.12,0.1356600615613449,0.00039434401293273716,-0.06359102244389031,-0.06359102244389031,0.0,0.9269124202921939,0.10141527924484017,0.13236729387967086,0.9967592017756743,0.029568891392415142,590|465|723|517|571|351|427|413,0.9967592|0.48609509|0.98294039|0.69632621|0.53277911|0.95484063|0.89745335|0.77344387,0|-2.9940966|-3.1586134|-3.4333917|-3.4489157|-3.9746704|-4.1742272|-4.2233589
0_0_0_10_14_32,-25.0,46,3,34,42,930,209,367,367,367,367,0,0,7,0.8855201602056759,0.9269124202921939,0.2780737260876582,0.12,0.15605795528256816,0.00039434401293273716,-0.06359102244389031,-0.06359102244389031,0.0,0.9269124202921939,0.10141527924484017,0.13236729387967086,0.945643123086108,-0.31570149887376286,367|693|283|214|209|353|432|757,0.94564312|0.46605879|0.63149063|0.99038099|0.74310289|0.72870325|0.82960956|0.85692667,0|-0.0016836584|-0.1543003|-0.35817849|-0.67333257|-0.69135759|-0.85667877|-0.99106336
0_0_0_10_14_32,-26.0,46,0,0,8,803,814,875,875,875,875,0,0,6,0.934068159891305,0.6990615539133168,0.20971846617399503,inf,-0.17724198385387613,0.02248183521740943,-0.01122194513715713,-0.01122194513715713,0.0,0.6990615539133168,0.09570341998242171,0.2164192481759551,0.9633222447690456,1.4376170511273674,875|408|848|474|548|78|746|470,0.96332224|0.9092615|0.96332544|0.9518376|0.39481181|0.98350788|0.4840614|0.64556273,0|-0.86656572|-2.1609978|-2.3038595|-2.9252627|-3.2576604|-3.373867|-3.4077644
0_0_0_10_14_32,-26.0,46,0,1,9,711,776,128,128,128,128,0,0,6,0.934068159891305,0.6990615539133168,0.20971846617399503,inf,-0.15715514993016505,0.02248183521740943,-0.01122194513715713,-0.01122194513715713,0.0,0.6990615539133168,0.09570341998242171,0.2164192481759551,0.9078544039563882,-0.47753511282322986,128|601|390|530|929|1017|401|437,0.9078544|0.95244609|0.91054388|0.80069813|0.91433921|0.98984929|0.97522262|0.42272707,0|-0.66734272|-0.80759073|-1.8136191|-1.9195257|-1.9264276|-2.1680342|-2.2651839
0_0_0_10_14_32,-26.0,46,0,2,10,922,226,922,922,922,922,1,1,6,0.934068159891305,0.6990615539133168,0.20971846617399503,inf,-0.13706831600645392,0.02248183521740943,-0.01122194513715713,-0.01122194513715713,0.0,0.6990615539133168,0.09570341998242171,0.2164192481759551,0.8229110766679976,0.6249380749595319,922|1012|668|1019|27|226|855|87,0.82291108|0.99820606|0.75737987|0.98902285|0.56631954|0.95197764|0.75329844|0.87357929,0|-0.37397652|-1.2198342|-1.2426576|-1.3265141|-1.3415525|-1.5176048|-1.5363799
0_0_0_10_14_32,-26.0,46,0,3,11,718,909,28,28,28,28,0,0,6,0.934068159891305,0.6990615539133168,0.20971846617399503,inf,-0.11698148208274284,0.02248183521740943,-0.01122194513715713,-0.01122194513715713,0.0,0.6990615539133168,0.09570341998242171,0.2164192481759551,0.9620277807710248,-1.2095497140849956,28|928|673|686|598|857|164|882,0.96202778|0.89472956|0.89426563|0.92664041|0.96333586|0.82193213|0.891358|0.56348792,0|-0.57519852|-1.1894718|-2.1012306|-2.215223|-2.411258|-2.8598757|-3.0889527
0_0_0_10_14_32,-26.0,46,0,4,12,107,963,416,416,416,416,0,0,6,0.934068159891305,0.6990615539133168,0.20971846617399503,inf,-0.0968946481590317,0.02248183521740943,-0.01122194513715713,-0.01122194513715713,0.0,0.6990615539133168,0.09570341998242171,0.2164192481759551,0.8316547703964773,0.5101236814819943,416|661|139|504|2|963|443|579,0.83165477|0.73363894|0.95675262|0.48021416|0.9730231|0.72363988|0.62859883|0.65012796,0|-0.056664273|-0.082177189|-1.2518732|-1.4375444|-1.5325765|-1.8444619|-1.9247173
0_0_0_10_14_32,-26.0,46,0,5,13,468,6,691,691,691,691,0,0,6,0.934068159891305,0.6990615539133168,0.20971846617399503,inf,-0.07680781423532057,0.02248183521740943,-0.01122194513715713,-0.01122194513715713,0.0,0.6990615539133168,0.09570341998242171,0.2164192481759551,0.8840456621796844,-0.7542326446869785,691|396|134|698|190|431|317|507,0.88404566|0.71239592|0.69787567|0.76210133|0.80541478|0.95023102|0.44577696|0.92725783,0|-0.74157046|-1.0297015|-1.5514041|-1.816733|-1.838628|-1.9140715|-2.1510565
0_0_0_10_14_32,-26.0,46,0,6,14,89,56,998,998,998,998,0,0,6,0.934068159891305,0.6990615539133168,0.20971846617399503,inf,-0.05672098031160944,0.02248183521740943,-0.01122194513715713,-0.01122194513715713,0.0,0.6990615539133168,0.09570341998242171,0.2164192481759551,0.904912654868734,0.3344028367682303,998|962|652|838|310|597|873|1018,0.90491265|0.89307407|0.86884972|0.62430335|0.76782019|0.89589985|0.98933007|0.59740551,0|-0.33271907|-1.0436761|-1.1622879|-1.2115996|-1.4351792|-2.1455956|-2.1788004
0_0_0_10_14_32,-26.0,46,0,7,15,713,927,247,247,247,247,1,1,6,0.934068159891305,0.6990615539133168,0.20971846617399503,inf,-0.036634146387898414,0.02248183521740943,-0.01122194513715713,-0.01122194513715713,0.0,0.6990615539133168,0.09570341998242171,0.2164192481759551,0.960188952115035,-0.22540463347663423,247|876|830|1017|241|484|713|238,0.96018895|0.69228126|0.92453708|0.95819283|0.80824742|0.66749536|0.98551004|0.79339324,0|-0.45527772|-0.48170843|-0.7265075|-0.91567386|-1.0052113|-1.0974735|-1.2816494
0_0_0_10_14_32,-26.0,46,0,8,16,865,503,986,986,986,986,0,0,6,0.934068159891305,0.6990615539133168,0.20971846617399503,inf,-0.01654731246418728,0.02248183521740943,-0.01122194513715713,-0.01122194513715713,0.0,0.6990615539133168,0.09570341998242171,0.2164192481759551,0.9314419102046813,-2.7602761764335697,986|489|503|916|212|818|842|569,0.93144191|0.71007236|0.96159438|0.77886691|0.77448175|0.9073201|0.85487957|0.930404,0|-0.51190004|-0.63967317|-0.7548958|-0.76198547|-1.0228153|-1.059461|-1.2921876
0_0_0_10_14_32,-26.0,46,0,9,17,492,872,401,401,401,401,0,0,6,0.934068159891305,0.6990615539133168,0.20971846617399503,inf,0.0035395214595238533,0.02248183521740943,-0.01122194513715713,-0.01122194513715713,0.0,0.6990615539133168,0.09570341998242171,0.2164192481759551,0.9852398182627772,0.12903695553594047,401|27|841|473|400|449|550|652,0.98523982|0.46024076|0.34305454|0.87803304|0.95298014|0.76290171|0.99118182|0.91652327,0|-0.96495587|-1.4699585|-1.4911722|-1.6248582|-1.6751409|-1.6901971|-1.7552017
0_0_0_10_14_32,-26.0,46,0,10,18,765,564,202,202,202,202,0,0,6,0.934068159891305,0.6990615539133168,0.20971846617399503,inf,0.023626355383234987,0.02248183521740943,-0.01122194513715713,-0.01122194513715713,0.0,0.6990615539133168,0.09570341998242171,0.2164192481759551,0.7681549568673831,2.457606339639111,202|627|132|285|556|538|424|959,0.76815496|0.46889861|0.93033143|0.7508644|0.70617164|0.77296568|0.89951334|0.73023737,0|-0.69551611|-1.3201797|-1.3532588|-1.5047779|-1.9238622|-1.9606294|-2.1223572
0_0_0_10_14_32,-26.0,46,0,11,19,1023,272,819,819,819,819,0,0,6,0.934068159891305,0.6990615539133168,0.20971846617399503,inf,0.04371318930694601,0.02248183521740943,-0.01122194513715713,-0.01122194513715713,0.0,0.6990615539133168,0.09570341998242171,0.2164192481759551,0.7546872075064164,-0.7660086621695232,819|856|532|300|241|809|201|183,0.75468721|0.9611946|0.78506166|0.86949775|0.3760322|0.80673439|0.44342581|0.19032875,0|-0.23494613|-0.29417632|-1.5067836|-1.8506018|-1.9255178|-1.9513604|-1.9804379
0_0_0_10_14_32,-26.0,46,0,12,20,597,444,920,920,920,920,1,1,6,0.934068159891305,0.6990615539133168,0.20971846617399503,inf,0.06380002323065714,0.02248183521740943,-0.01122194513715713,-0.01122194513715713,0.0,0.6990615539133168,0.09570341998242171,0.2164192481759551,0.9629497703266827,-0.4112518367540257,920|740|586|653|444|597|377|632,0.96294977|0.76295778|0.96227333|0.80574885|0.86288618|0.91977176|0.39175423|0.97227077,0|-0.82342216|-1.1052836|-1.3288971|-1.4139303|-1.4651154|-1.6397089|-1.6620465
0_0_0_10_14_32,-26.0,46,0,13,21,562,580,352,352,352,352,1,1,6,0.934068159891305,0.6990615539133168,0.20971846617399503,inf,0.08388685715436828,0.02248183521740943,-0.01122194513715713,-0.01122194513715713,0.0,0.6990615539133168,0.09570341998242171,0.2164192481759551,0.9301671964268309,0.3331611644867781,352|918|526|562|448|580|378|971,0.9301672|0.92519569|0.7382032|0.69397285|0.61637818|0.82029114|0.54604045|0.73268487,0|-0.11263157|-0.9281068|-1.3115653|-1.6154576|-1.6256189|-1.7205678|-1.755185
0_0_0_10_14_32,-26.0,46,0,14,22,478,616,698,698,698,698,0,0,6,0.934068159891305,0.6990615539133168,0.20971846617399503,inf,0.10397369107807941,0.02248183521740943,-0.01122194513715713,-0.01122194513715713,0.0,0.6990615539133168,0.09570341998242171,0.2164192481759551,0.87230781312861,1.0205403856948243,698|473|523|59|140|585|701|829,0.87230781|0.61787757|0.88385609|0.88301061|0.58889675|0.87819646|0.98607383|0.66231451,0|-0.81654626|-0.91918955|-1.5008766|-1.592618|-1.7736672|-1.8120239|-1.8131483
0_0_0_10_14_32,-26.0,46,0,15,23,267,456,161,161,161,161,0,0,6,0.934068159891305,0.6990615539133168,0.20971846617399503,inf,0.12406052500179054,0.02248183521740943,-0.01122194513715713,-0.01122194513715713,0.0,0.6990615539133168,0.09570341998242171,0.2164192481759551,0.9567633122310903,0.1200823355845777,161|794|209|527|904|911|348|363,0.95676331|0.91341215|0.90691134|0.95225309|0.88018473|0.89853303|0.77195933|0.64857309,0|-0.03370796|-0.92211864|-1.2347758|-1.3679125|-1.5512428|-1.5976153|-1.6002429
0_0_0_10_14_32,-26.0,46,0,16,24,917,671,509,509,509,509,0,0,6,0.934068159891305,0.6990615539133168,0.20971846617399503,inf,0.14414735892550157,0.02248183521740943,-0.01122194513715713,-0.01122194513715713,0.0,0.6990615539133168,0.09570341998242171,0.2164192481759551,0.7436903985953761,-1.037330856644963,509|943|801|730|300|861|959|19,0.7436904|0.8638234|0.90061924|0.66163402|0.6072004|0.52279445|0.86862309|0.69100105,0|-0.70895626|-0.90354317|-0.99366943|-1.3269718|-1.4555494|-1.5915048|-1.6676381
0_0_0_10_14_32,-26.0,46,0,17,25,656,658,826,826,826,826,0,0,6,0.934068159891305,0.6990615539133168,0.20971846617399503,inf,0.1642341928492127,0.02248183521740943,-0.01122194513715713,-0.01122194513715713,0.0,0.6990615539133168,0.09570341998242171,0.2164192481759551,0.905567790629476,0.6671726093372518,826|1008|788|509|15|80|498|454,0.90556779|0.84361955|0.63553936|0.79307833|0.97493105|0.75813253|0.77935282|0.85501141,0|-0.20180492|-0.21365466|-0.74415593|-0.81888444|-0.96426059|-1.0122975|-1.0715109
0_0_0_10_14_32,-26.0,46,0,18,26,889,26,180,180,180,180,0,0,6,0.934068159891305,0.6990615539133168,0.20971846617399503,inf,0.18432102677292383,0.02248183521740943,-0.01122194513715713,-0.01122194513715713,0.0,0.6990615539133168,0.09570341998242171,0.2164192481759551,0.9030737275679529,-2.073311330118262,180|939|242|856|487|490|83|258,0.90307373|0.98443561|0.87811715|0.71652645|0.89280273|0.64066337|0.90616917|0.74542563,0|-0.32816666|-1.0389912|-1.3405658|-1.3458771|-1.357226|-1.368025|-1.3691932
0_0_0_10_14_32,-26.0,46,0,19,27,510,605,1006,1006,1006,1006,0,0,6,0.934068159891305,0.6990615539133168,0.20971846617399503,inf,0.20440786069663497,0.02248183521740943,-0.01122194513715713,-0.01122194513715713,0.0,0.6990615539133168,0.09570341998242171,0.2164192481759551,0.8339060354298885,-0.5593634220793116,1006|420|694|955|29|366|624|726,0.83390604|0.93213441|0.89669189|0.96264075|0.93875717|0.70675262|0.57776307|0.640993,0|-0.16882044|-0.37054876|-0.62400731|-1.0396572|-1.19126|-1.2637358|-1.288794
0_0_0_10_14_32,-26.0,46,0,20,28,860,549,688,688,688,688,0,0,6,0.934068159891305,0.6990615539133168,0.20971846617399503,inf,0.224494694620346,0.02248183521740943,-0.01122194513715713,-0.01122194513715713,0.0,0.6990615539133168,0.09570341998242171,0.2164192481759551,0.7881763547980082,1.0165307798401222,688|686|987|624|429|436|238|399,0.78817635|0.86582438|0.69300009|0.92718738|0.68197086|0.91392999|0.31823099|0.73077901,0|-0.49358493|-1.3275557|-1.3808109|-1.6200554|-1.6294282|-1.7137516|-1.8362311
0_0_0_10_14_32,-26.0,46,0,21,29,553,379,833,833,833,833,0,0,6,0.934068159891305,0.6990615539133168,0.20971846617399503,inf,0.24458152854405713,0.02248183521740943,-0.01122194513715713,-0.01122194513715713,0.0,0.6990615539133168,0.09570341998242171,0.2164192481759551,0.9699236182509713,0.30686862983688096,833|453|213|894|327|108|98|999,0.96992362|0.83617012|0.93612945|0.77834077|0.87845593|0.60923005|0.73620976|0.63610702,0|-1.9133207|-2.0974932|-2.2615899|-2.4362045|-2.4975941|-2.644399|-2.6905763
0_0_0_10_14_32,-26.0,46,0,22,30,629,116,988,988,988,988,0,0,6,0.934068159891305,0.6990615539133168,0.20971846617399503,inf,0.26466836246776826,0.02248183521740943,-0.01122194513715713,-0.01122194513715713,0.0,0.6990615539133168,0.09570341998242171,0.2164192481759551,0.949254556741475,-1.7711930324261496,988|61|168|816|220|549|522|366,0.94925456|0.98766101|0.73128021|0.89681126|0.92378259|0.83724032|0.86409608|0.43825558,0|-3.0396634|-3.1006143|-3.4834496|-3.507556|-3.6617392|-3.6830462|-3.7476634
0_0_0_10_14_32,-26.0,46,0,23,31,759,265,586,586,586,586,0,0,6,0.934068159891305,0.6990615539133168,0.20971846617399503,inf,0.2847551963914794,0.02248183521740943,-0.01122194513715713,-0.01122194513715713,0.0,0.6990615539133168,0.09570341998242171,0.2164192481759551,0.9046928659054021,0.6441500012648848,586|982|910|978|699|60|610|22,0.90469287|0.9302693|0.70811842|0.99372441|0.85979027|0.87509935|0.85906376|0.92139019,0|-1.3214673|-1.4089644|-1.4992905|-1.5215219|-1.6955074|-1.8482897|-2.0110786
0_0_0_10_14_32,-26.0,46,0,24,32,874,430,682,682,682,682,0,0,6,0.934068159891305,0.6990615539133168,0.20971846617399503,inf,0.3048420303151905,0.02248183521740943,-0.01122194513715713,-0.01122194513715713,0.0,0.6990615539133168,0.09570341998242171,0.2164192481759551,0.9520736134962888,0.5479681251013762,682|215|281|338|579|5|631|194,0.95207361|0.86564412|0.91267423|0.67011261|0.80299584|0.98712086|0.42732446|0.94235258,0|-1.0697723|-1.3660237|-1.4329533|-1.8904476|-2.1921052|-2.4287735|-2.5619983
0_0_0_10_14_32,-26.0,46,0,25,33,720,300,685,685,685,685,1,1,6,0.934068159891305,0.6990615539133168,0.20971846617399503,inf,0.32492886423890155,0.02248183521740943,-0.01122194513715713,-0.01122194513715713,0.0,0.6990615539133168,0.09570341998242171,0.2164192481759551,0.8622276798780896,-0.4920841540794224,685|300|720|477|270|859|257|49,0.86222768|0.97567613|0.90626042|0.72432541|0.85417079|0.48571453|0.61998722|0.97851646,0|-0.41918776|-0.70583822|-0.7085325|-0.81643931|-0.94556292|-1.4264827|-2.0339317
0_0_0_10_14_32,-26.0,46,0,26,34,314,873,70,70,70,70,0,0,6,0.934068159891305,0.6990615539133168,0.20971846617399503,inf,0.3450156981626127,0.02248183521740943,-0.01122194513715713,-0.01122194513715713,0.0,0.6990615539133168,0.09570341998242171,0.2164192481759551,0.751468319403726,-0.08907169635605171,70|539|593|815|513|209|523|301,0.75146832|0.98476361|0.70186449|0.71211701|0.50810955|0.72434766|0.68759661|0.81634147,0|-0.44566982|-0.99338308|-1.9587756|-2.072122|-2.8309202|-2.9316632|-2.975024
0_0_0_10_14_32,-26.0,46,0,27,35,602,525,351,351,351,351,0,0,6,0.934068159891305,0.6990615539133168,0.20971846617399503,inf,0.3651025320863238,0.02248183521740943,-0.01122194513715713,-0.01122194513715713,0.0,0.6990615539133168,0.09570341998242171,0.2164192481759551,0.5860382300253,-0.8204746312398343,351|577|593|1|1013|715|943|146,0.58603823|0.8493343|0.71813556|0.7553512|0.81288981|0.74653994|0.7085045|0.73009064,0|-0.94802414|-1.0134406|-1.1002674|-1.163132|-1.2878892|-1.5240833|-1.5892655
0_0_0_10_14_32,-26.0,46,0,28,36,7,504,740,740,740,740,0,0,6,0.934068159891305,0.6990615539133168,0.20971846617399503,inf,0.38518936601003495,0.02248183521740943,-0.01122194513715713,-0.01122194513715713,0.0,0.6990615539133168,0.09570341998242171,0.2164192481759551,0.8413846502557608,1.4150952332468587,740|440|566|621|401|41|603|167,0.84138465|0.92480146|0.37143094|0.8437323|0.37925477|0.96512207|0.84676999|0.67838381,0|-0.087538956|-0.10193217|-0.37052703|-0.44155788|-0.45497591|-0.62132679|-0.80070101
0_0_0_10_14_32,-26.0,46,0,29,37,610,935,150,150,150,150,0,0,6,0.934068159891305,0.6990615539133168,0.20971846617399503,inf,0.405276199933746,0.02248183521740943,-0.01122194513715713,-0.01122194513715713,0.0,0.6990615539133168,0.09570341998242171,0.2164192481759551,0.9260123416643598,-0.6131359021817395,150|848|714|13|294|177|994|226,0.92601234|0.74162682|0.88534664|0.84361948|0.96619913|0.8583459|0.79901159|0.69813943,0|-0.21027388|-0.27152254|-0.27633987|-0.78070704|-0.83929092|-0.96820336|-1.182016
0_0_0_10_14_32,-26.0,46,0,30,38,826,699,530,530,530,530,0,0,6,0.934068159891305,0.6990615539133168,0.20971846617399503,inf,0.4253630338574571,0.02248183521740943,-0.01122194513715713,-0.01122194513715713,0.0,0.6990615539133168,0.09570341998242171,0.2164192481759551,0.6214202183096911,1.2347607991298242,530|699|547|597|474|1022|22|903,0.62142022|0.99796267|0.63093438|0.53283313|0.87879133|0.96969869|0.94532202|0.89741652,0|-0.36348294|-1.2335902|-1.6222944|-2.0266204|-2.0464607|-2.0506197|-2.0610831
0_0_0_10_14_32,-26.0,46,0,31,39,928,436,927,927,927,927,0,0,6,0.934068159891305,0.6990615539133168,0.20971846617399503,inf,0.44544986778116835,0.02248183521740943,-0.01122194513715713,-0.01122194513715713,0.0,0.6990615539133168,0.09570341998242171,0.2164192481759551,0.7210319601485093,2.634554339139369,927|994|810|732|903|607|15|142,0.72103196|0.8056429|0.96744357|0.83306139|0.87273757|0.41240816|0.95508011|0.73899708,0|-0.093291113|-0.18797451|-0.6897251|-0.69088723|-0.96384404|-0.97097177|-1.1500011
0_0_0_10_14_32,-26.0,46,0,32,40,761,492,1007,1007,1007,1007,0,0,6,0.934068159891305,0.6990615539133168,0.20971846617399503,inf,0.4655367017048794,0.02248183521740943,-0.01122194513715713,-0.01122194513715713,0.0,0.6990615539133168,0.09570341998242171,0.2164192481759551,0.9887201434942989,2.936116427451373,1007|140|154|1023|882|804|111|421,0.98872014|0.87210781|0.72619331|0.89125403|0.88475659|0.7303032|0.64978289|0.67816217,0|-0.23571239|-1.6653304|-1.6985692|-2.0320703|-2.1630879|-2.3700273|-2.5881075
0_0_0_10_14_32,-26.0,46,0,33,41,590,197,252,252,252,252,0,0,6,0.934068159891305,0.6990615539133168,0.20971846617399503,inf,0.4856235356285904,0.02248183521740943,-0.01122194513715713,-0.01122194513715713,0.0,0.6990615539133168,0.09570341998242171,0.2164192481759551,0.8496797725913378,-0.08698182970685699,252|521|760|700|992|393|456|44,0.84967977|0.99655587|0.59949869|0.78343025|0.99162508|0.81227891|0.5913845|0.77900137,0|-0.036613474|-0.68581333|-1.158543|-1.1725109|-1.4566872|-1.5153092|-1.5201617
0_0_0_10_14_32,-26.0,46,0,34,42,936,542,936,936,936,936,1,1,6,0.934068159891305,0.6990615539133168,0.20971846617399503,inf,0.5057103695523016,0.02248183521740943,-0.01122194513715713,-0.01122194513715713,0.0,0.6990615539133168,0.09570341998242171,0.2164192481759551,0.914696501457738,-1.9805442259523032,936|899|1010|1004|926|855|117|895,0.9146965|0.63820617|0.83696753|0.82246964|0.79235676|0.519576|0.81230194|0.95391349,0|-0.5005848|-0.61333728|-1.470282|-1.5653302|-1.5891669|-2.7060027|-3.0044651
0_0_0_10_14_32,-26.0,46,2,0,8,803,934,803,803,803,803,1,1,7,0.5561833402605194,0.9143865128893403,0.2743159538668021,inf,0.23547744783004818,-0.0913514923141169,-0.0012468827930174897,-0.0012468827930174897,0.0,0.9143865128893403,0.16224800694544128,0.16824339853157566,0.9460151187167232,0.8697120772278614,803|267|109|83|12|422|382|697,0.94601512|0.94802987|0.66156702|0.98031686|0.75180403|0.84504164|0.77046264|0.69197043,0|-2.7151387|-3.2849249|-3.5058087|-3.5637306|-3.5752425|-3.6703085|-3.9318212
0_0_0_10_14_32,-26.0,46,2,1,9,826,364,826,826,826,826,1,1,7,0.5561833402605194,0.9143865128893403,0.2743159538668021,inf,0.2558186623965357,-0.0913514923141169,-0.0012468827930174897,-0.0012468827930174897,0.0,0.9143865128893403,0.16224800694544128,0.16824339853157566,0.9947965501093924,0.32139381070040496,826|545|746|303|87|404|56|66,0.99479655|0.89873459|0.99023677|0.84148952|0.81929843|0.4499439|0.72496782|0.94467671,0|-5.9574908|-6.6998053|-6.95581|-7.1684267|-7.2341095|-7.5097832|-7.6632405
0_0_0_10_14_32,-26.0,46,2,2,10,922,928,922,922,922,922,1,1,7,0.5561833402605194,0.9143865128893403,0.2743159538668021,inf,0.27615987696302324,-0.0913514923141169,-0.0012468827930174897,-0.0012468827930174897,0.0,0.9143865128893403,0.16224800694544128,0.16824339853157566,0.9147494632504534,1.7897841925187976,922|928|706|101|731|226|272|99,0.91474946|0.75135259|0.53627589|0.50675524|0.98725836|0.6524709|0.99110504|0.7898256,0|-4.1761951|-4.271939|-4.3930392|-5.0467758|-6.0401073|-6.0543944|-6.1017678
0_0_0_10_14_32,-26.0,46,2,3,11,718,169,718,718,718,718,1,1,7,0.5561833402605194,0.9143865128893403,0.2743159538668021,inf,0.29650109152951076,-0.0913514923141169,-0.0012468827930174897,-0.0012468827930174897,0.0,0.9143865128893403,0.16224800694544128,0.16824339853157566,0.9602074744228359,-0.5566181007559984,718|460|215|323|842|321|940|217,0.96020747|0.94264588|0.7530099|0.39938187|0.71649319|0.91258254|0.98851231|0.97417033,0|-2.6901872|-2.791741|-3.3256499|-3.3465122|-3.4555039|-3.6457105|-3.8677553
0_0_0_10_14_32,-26.0,46,2,4,12,86,616,86,86,86,86,1,1,7,0.5561833402605194,0.9143865128893403,0.2743159538668021,inf,0.3168423060959984,-0.0913514923141169,-0.0012468827930174897,-0.0012468827930174897,0.0,0.9143865128893403,0.16224800694544128,0.16824339853157566,0.7967540185927757,1.8481181678748524,86|15|756|169|350|634|77|438,0.79675402|0.98832909|0.73280169|0.84001475|0.64273969|0.81529854|0.70367106|0.82214153,0|-0.47710569|-0.83947311|-1.3031898|-1.347511|-1.5479988|-2.0271809|-2.2616594
0_0_0_10_14_32,-26.0,46,2,5,13,468,468,468,468,468,468,1,1,7,0.5561833402605194,0.9143865128893403,0.2743159538668021,inf,0.3371835206624859,-0.0913514923141169,-0.0012468827930174897,-0.0012468827930174897,0.0,0.9143865128893403,0.16224800694544128,0.16824339853157566,0.9520610659645775,0.2148895692293394,468|582|870|908|855|352|693|62,0.95206107|0.85579324|0.73288686|0.88811079|0.93142407|0.59589127|0.73307241|0.69790916,0|-4.2183037|-4.7898374|-4.8299237|-4.9044535|-5.138665|-5.5407096|-5.939868
0_0_0_10_14_32,-26.0,46,2,6,14,89,532,89,89,89,89,1,1,7,0.5561833402605194,0.9143865128893403,0.2743159538668021,inf,0.35752473522897343,-0.0913514923141169,-0.0012468827930174897,-0.0012468827930174897,0.0,0.9143865128893403,0.16224800694544128,0.16824339853157566,0.8881584603696061,0.5678045273905952,89|437|409|452|748|927|335|5,0.88815846|0.99876795|0.90307311|0.59761676|0.98473682|0.96010715|0.81082846|0.79298027,0|-1.7998582|-3.411044|-3.6390558|-3.6824655|-3.9921278|-4.0762103|-4.0847923
0_0_0_10_14_32,-26.0,46,2,7,15,713,225,651,651,651,651,0,0,7,0.5561833402605194,0.9143865128893403,0.2743159538668021,inf,0.37786594979546095,-0.0913514923141169,-0.0012468827930174897,-0.0012468827930174897,0.0,0.9143865128893403,0.16224800694544128,0.16824339853157566,0.8192485675142092,1.0170553920537275,651|325|822|845|633|929|305|388,0.81924857|0.74355415|0.96992321|0.99195975|0.93356528|0.88317402|0.98919253|0.86663731,0|-0.050341397|-0.057263142|-0.17000821|-0.42183518|-0.44508673|-1.1040676|-1.1440983
0_0_0_10_14_32,-26.0,46,2,8,16,865,867,865,865,865,865,1,1,7,0.5561833402605194,0.9143865128893403,0.2743159538668021,inf,0.3982071643619486,-0.0913514923141169,-0.0012468827930174897,-0.0012468827930174897,0.0,0.9143865128893403,0.16224800694544128,0.16824339853157566,0.912133175927911,-2.638114670204454,865|404|606|210|262|354|292|401,0.91213318|0.63347285|0.98230981|0.93290989|0.62814381|0.76228918|0.80154188|0.84976778,0|-3.8086264|-4.7540969|-4.9769446|-4.979313|-5.4855302|-5.5314069|-5.6221818
0_0_0_10_14_32,-26.0,46,2,9,17,492,823,492,492,492,492,1,1,7,0.5561833402605194,0.9143865128893403,0.2743159538668021,inf,0.4185483789284361,-0.0913514923141169,-0.0012468827930174897,-0.0012468827930174897,0.0,0.9143865128893403,0.16224800694544128,0.16824339853157566,0.9318044040981694,-0.5139296673479037,492|632|907|864|283|897|155|977,0.9318044|0.8693274|0.8318341|0.97211154|0.29734736|0.78005671|0.90235612|0.99232743,0|-2.1356578|-2.4397416|-3.4274763|-3.5312793|-3.7353718|-3.9855188|-4.1013048
0_0_0_10_14_32,-26.0,46,2,10,18,765,2,765,765,765,765,1,1,7,0.5561833402605194,0.9143865128893403,0.2743159538668021,inf,0.4388895934949236,-0.0913514923141169,-0.0012468827930174897,-0.0012468827930174897,0.0,0.9143865128893403,0.16224800694544128,0.16824339853157566,0.997765499236602,0.008361169057508803,765|139|799|616|674|837|249|569,0.9977655|0.594825|0.70952078|0.53872683|0.82582518|0.91366989|0.64607907|0.91047331,0|-2.3136264|-2.3465408|-3.0621742|-3.1606866|-3.3945844|-3.4473782|-3.6294141
0_0_0_10_14_32,-26.0,46,2,11,19,1023,729,1023,1023,1023,1023,1,1,7,0.5561833402605194,0.9143865128893403,0.2743159538668021,inf,0.45923080806141114,-0.0913514923141169,-0.0012468827930174897,-0.0012468827930174897,0.0,0.9143865128893403,0.16224800694544128,0.16824339853157566,0.9748038363765573,-0.5929154686879609,1023|723|909|580|336|976|9|755,0.97480384|0.64365699|0.95597456|0.79818316|0.99809014|0.41653899|0.77535196|0.98541802,0|-1.9080037|-3.1726446|-3.8868826|-4.2216783|-4.2454901|-4.3792767|-4.414503
0_0_0_10_14_32,-26.0,46,2,12,20,597,975,597,597,597,597,1,1,7,0.5561833402605194,0.9143865128893403,0.2743159538668021,inf,0.47957202262789866,-0.0913514923141169,-0.0012468827930174897,-0.0012468827930174897,0.0,0.9143865128893403,0.16224800694544128,0.16824339853157566,0.520157483742373,1.0984392926150195,597|509|1015|589|157|843|77|985,0.52015748|0.67667124|0.87806125|0.62220344|0.83742569|0.99574626|0.83357659|0.79234654,0|-1.8764363|-2.0291999|-2.1952949|-2.4450231|-2.4496204|-2.6901787|-2.744705
0_0_0_10_14_32,-26.0,46,2,13,21,562,381,562,562,562,562,1,1,7,0.5561833402605194,0.9143865128893403,0.2743159538668021,inf,0.4999132371943862,-0.0913514923141169,-0.0012468827930174897,-0.0012468827930174897,0.0,0.9143865128893403,0.16224800694544128,0.16824339853157566,0.5381058958077511,1.7078317263575817,562|947|494|991|180|156|341|34,0.5381059|0.91315624|0.35319549|0.97561429|0.96179508|0.9450573|0.9754851|0.93162432,0|-1.7567924|-3.0200625|-3.0867144|-3.1770215|-3.2174318|-3.3109094|-3.4992364
0_0_0_10_14_32,-26.0,46,2,14,22,478,391,478,478,478,478,1,1,7,0.5561833402605194,0.9143865128893403,0.2743159538668021,inf,0.5202544517608738,-0.0913514923141169,-0.0012468827930174897,-0.0012468827930174897,0.0,0.9143865128893403,0.16224800694544128,0.16824339853157566,0.8865145141059341,0.5589516049755526,478|716|944|979|206|111|947|5,0.88651451|0.94190953|0.96249248|0.98685465|0.98091305|0.6981365|0.93030061|0.75904074,0|-0.63623285|-1.1239236|-1.3484428|-1.6026971|-1.7031355|-2.1617734|-2.2470248
0_0_0_10_14_32,-26.0,46,2,15,23,267,764,267,267,267,267,1,1,7,0.5561833402605194,0.9143865128893403,0.2743159538668021,inf,0.5405956663273613,-0.0913514923141169,-0.0012468827930174897,-0.0012468827930174897,0.0,0.9143865128893403,0.16224800694544128,0.16824339853157566,0.9075296144799557,-1.1415584823254328,267|554|12|980|531|702|940|977,0.90752961|0.93300897|0.89233226|0.61833702|0.85518798|0.5697073|0.47779405|0.74129042,0|-1.9019234|-2.4215913|-3.1374049|-3.2411954|-3.4289321|-3.615341|-3.6605873
0_0_0_10_14_32,-26.0,46,2,16,24,917,917,917,917,917,917,1,1,7,0.5561833402605194,0.9143865128893403,0.2743159538668021,inf,0.5609368808938489,-0.0913514923141169,-0.0012468827930174897,-0.0012468827930174897,0.0,0.9143865128893403,0.16224800694544128,0.16824339853157566,0.9857758658413169,-0.19065341385939408,917|14|850|374|29|295|720|859,0.98577587|0.92799063|0.93373735|0.65109597|0.99290789|0.45932803|0.36571885|0.61080752,0|-3.8361281|-3.862772|-4.3183429|-4.3772938|-4.4733198|-4.6119889|-4.7083464
0_0_0_10_14_32,-26.0,46,2,17,25,656,656,656,656,656,656,1,1,7,0.5561833402605194,0.9143865128893403,0.2743159538668021,inf,0.5812780954603364,-0.0913514923141169,-0.0012468827930174897,-0.0012468827930174897,0.0,0.9143865128893403,0.16224800694544128,0.16824339853157566,0.941965419060546,-0.30812231856636807,656|264|325|463|212|517|714|680,0.94196542|0.87113377|0.91997048|0.94575542|0.70607415|0.85068901|0.55161196|0.9072449,0|-1.5966082|-2.1184072|-2.1944632|-3.184841|-3.52769|-3.5497093|-3.5556801
0_0_0_10_14_32,-26.0,46,2,18,26,889,889,889,889,889,889,1,1,7,0.5561833402605194,0.9143865128893403,0.2743159538668021,inf,0.6016193100268239,-0.0913514923141169,-0.0012468827930174897,-0.0012468827930174897,0.0,0.9143865128893403,0.16224800694544128,0.16824339853157566,0.9227710000786858,0.2521928778400641,889|1000|444|50|187|66|604|960,0.922771|0.75179864|0.58458439|0.8184183|0.74271921|0.79023841|0.52562505|0.58834843,0|-4.8391483|-5.4914365|-5.5638327|-5.838314|-6.2716697|-6.3268656|-6.5028237
0_0_0_10_14_32,-26.0,46,2,19,27,510,586,510,510,510,510,1,1,7,0.5561833402605194,0.9143865128893403,0.2743159538668021,inf,0.6219605245933115,-0.0913514923141169,-0.0012468827930174897,-0.0012468827930174897,0.0,0.9143865128893403,0.16224800694544128,0.16824339853157566,0.9179785170817242,0.5285211801658253,510|234|440|196|219|586|969|888,0.91797852|0.70611213|0.55887008|0.89208601|0.5788459|0.66426017|0.59138882|0.95168664,0|-1.2585742|-1.7472809|-2.3043036|-2.7406452|-2.7921947|-2.9261096|-3.0933402
0_0_0_10_14_32,-26.0,46,2,20,28,860,725,860,860,860,860,1,1,7,0.5561833402605194,0.9143865128893403,0.2743159538668021,inf,0.642301739159799,-0.0913514923141169,-0.0012468827930174897,-0.0012468827930174897,0.0,0.9143865128893403,0.16224800694544128,0.16824339853157566,0.9087009147611298,2.532937259749913,860|741|684|161|746|869|297|226,0.90870091|0.91651545|0.7376018|0.82543678|0.7266842|0.99901673|0.51388463|0.81759289,0|-0.98077676|-2.1451828|-2.5395843|-3.0911964|-3.1724186|-3.4083318|-3.6358174
0_0_0_10_14_32,-26.0,46,2,21,29,553,707,455,455,455,455,1,1,7,0.5561833402605194,0.9143865128893403,0.2743159538668021,inf,0.6626429537262866,-0.0913514923141169,-0.0012468827930174897,-0.0012468827930174897,0.0,0.9143865128893403,0.16224800694544128,0.16824339853157566,0.6145919672852107,1.044647404878014,455|768|553|242|668|780|347|926,0.61459197|0.92090286|0.47697127|0.98392808|0.48311367|0.89538792|0.61410384|0.81021182,0|-0.30627403|-0.31311002|-1.1359891|-1.159891|-1.436203|-1.4520863|-1.4931308
0_0_0_10_14_32,-26.0,46,2,22,30,629,629,629,629,629,629,1,1,7,0.5561833402605194,0.9143865128893403,0.2743159538668021,inf,0.6829841682927741,-0.0913514923141169,-0.0012468827930174897,-0.0012468827930174897,0.0,0.9143865128893403,0.16224800694544128,0.16824339853157566,0.9878942955861602,0.07596907304345361,629|477|670|954|725|949|196|889,0.9878943|0.8832256|0.96404514|0.96041768|0.9058146|0.76090121|0.60369446|0.92966497,0|-4.0421167|-4.5514045|-4.9122225|-4.9953665|-5.0296401|-5.1509062|-5.1744515
0_0_0_10_14_32,-26.0,46,2,23,31,759,296,759,759,759,759,1,1,7,0.5561833402605194,0.9143865128893403,0.2743159538668021,inf,0.7033253828592616,-0.0913514923141169,-0.0012468827930174897,-0.0012468827930174897,0.0,0.9143865128893403,0.16224800694544128,0.16824339853157566,0.9910003303683461,0.025847713756689487,759|487|635|74|88|903|370|724,0.99100033|0.84243903|0.89102267|0.89870554|0.91128395|0.96457649|0.70450199|0.85862602,0|-1.857044|-2.3487692|-3.4536867|-3.5077274|-3.5168434|-3.5303913|-3.5802341
0_0_0_10_14_32,-26.0,46,2,24,32,874,644,900,900,900,900,0,0,7,0.5561833402605194,0.9143865128893403,0.2743159538668021,inf,0.7236665974257492,-0.0913514923141169,-0.0012468827930174897,-0.0012468827930174897,0.0,0.9143865128893403,0.16224800694544128,0.16824339853157566,0.9257784023433593,2.848212022535443,900|908|592|246|554|821|12|156,0.9257784|0.78392426|0.96364546|0.68260932|0.87971584|0.60157198|0.74507651|0.87147678,0|-0.15346197|-0.63802432|-0.90028176|-1.0287608|-1.3560363|-1.459313|-1.5675635
0_0_0_10_14_32,-26.0,46,2,25,33,720,971,720,720,720,720,1,1,7,0.5561833402605194,0.9143865128893403,0.2743159538668021,inf,0.7440078119922368,-0.0913514923141169,-0.0012468827930174897,-0.0012468827930174897,0.0,0.9143865128893403,0.16224800694544128,0.16824339853157566,0.9042361509850521,-0.9524371861204682,720|603|517|938|361|894|331|822,0.90423615|0.90984987|0.87017331|0.83409706|0.8067895|0.91077015|0.56676558|0.90594511,0|-2.7444327|-3.0494674|-4.3964331|-4.4285007|-4.6324541|-4.7501892|-4.9150406
0_0_0_10_14_32,-26.0,46,2,26,34,314,314,314,314,314,314,1,1,7,0.5561833402605194,0.9143865128893403,0.2743159538668021,inf,0.7643490265587243,-0.0913514923141169,-0.0012468827930174897,-0.0012468827930174897,0.0,0.9143865128893403,0.16224800694544128,0.16824339853157566,0.9379534970742508,0.6917741655686521,314|168|460|749|372|292|767|961,0.9379535|0.84283081|0.83877675|0.95566599|0.67994405|0.98934763|0.97340594|0.85620804,0|-3.369624|-3.614515|-4.0914893|-4.23864|-4.3571396|-4.4334953|-4.4802557
0_0_0_10_14_32,-26.0,46,2,27,35,602,195,177,177,177,177,0,0,7,0.5561833402605194,0.9143865128893403,0.2743159538668021,inf,0.7846902411252118,-0.0913514923141169,-0.0012468827930174897,-0.0012468827930174897,0.0,0.9143865128893403,0.16224800694544128,0.16824339853157566,0.8403890137550344,1.5844372982391555,177|817|215|794|39|846|332|544,0.84038901|0.86524441|0.94903957|0.61101645|0.65228185|0.54371143|0.54940081|0.28492675,0|-1.2530869|-1.2732861|-1.4233909|-1.424252|-1.5514371|-1.8311664|-1.9007488
0_0_0_10_14_32,-26.0,46,2,28,36,7,9,7,7,7,7,1,1,7,0.5561833402605194,0.9143865128893403,0.2743159538668021,inf,0.8050314556916993,-0.0913514923141169,-0.0012468827930174897,-0.0012468827930174897,0.0,0.9143865128893403,0.16224800694544128,0.16824339853157566,0.9084347772015154,0.5722932739587431,7|307|544|597|212|131|291|848,0.90843478|0.93419348|0.96565534|0.73378892|0.79627298|0.87378592|0.6852758|0.8475402,0|-1.971337|-2.2189546|-2.274026|-3.2243273|-3.4386043|-3.5415056|-3.561748
0_0_0_10_14_32,-26.0,46,2,29,37,610,685,576,576,576,576,1,1,7,0.5561833402605194,0.9143865128893403,0.2743159538668021,inf,0.8253726702581868,-0.0913514923141169,-0.0012468827930174897,-0.0012468827930174897,0.0,0.9143865128893403,0.16224800694544128,0.16824339853157566,0.8283033516840647,-0.4492730452799578,576|140|805|610|953|447|801|847,0.82830335|0.87498774|0.91524022|0.98203285|0.86356589|0.58244448|0.87531214|0.93303619,0|-1.8362729|-1.8854061|-1.9137561|-2.0629043|-2.2866422|-2.3501189|-2.908918
0_0_0_10_14_32,-26.0,46,2,30,38,775,754,775,775,775,775,1,1,7,0.5561833402605194,0.9143865128893403,0.2743159538668021,inf,0.8457138848246745,-0.0913514923141169,-0.0012468827930174897,-0.0012468827930174897,0.0,0.9143865128893403,0.16224800694544128,0.16824339853157566,0.8867319046188786,-1.4523041446086478,775|413|192|716|783|625|621|503,0.8867319|0.81983777|0.67436004|0.89706474|0.84317346|0.76412969|0.80417582|0.43321535,0|-0.39698734|-0.76505236|-1.1989512|-1.3464569|-1.6683424|-1.8510362|-2.128451
0_0_0_10_14_32,-26.0,46,2,31,39,912,611,912,912,912,912,1,1,7,0.5561833402605194,0.9143865128893403,0.2743159538668021,inf,0.8660550993911619,-0.0913514923141169,-0.0012468827930174897,-0.0012468827930174897,0.0,0.9143865128893403,0.16224800694544128,0.16824339853157566,0.9541315228910495,-2.3185824665626216,912|384|1023|1008|463|385|567|284,0.95413152|0.99552545|0.96419624|0.91663253|0.93099216|0.79057697|0.55706155|0.91094855,0|-4.0479458|-4.4282294|-4.5033172|-4.714392|-4.8139895|-4.8837168|-5.0293587
0_0_0_10_14_32,-26.0,46,2,32,40,768,509,768,768,768,768,1,1,7,0.5561833402605194,0.9143865128893403,0.2743159538668021,inf,0.8863963139576495,-0.0913514923141169,-0.0012468827930174897,-0.0012468827930174897,0.0,0.9143865128893403,0.16224800694544128,0.16824339853157566,0.953918493970688,-0.5327114815757832,768|675|27|28|559|571|299|803,0.95391849|0.92523213|0.70378582|0.9451328|0.97380297|0.63069911|0.74218569|0.99061394,0|-2.4416644|-2.4941067|-2.6749404|-2.7597947|-2.783558|-3.0249264|-3.1955711
0_0_0_10_14_32,-26.0,46,2,33,41,581,231,581,581,581,581,1,1,7,0.5561833402605194,0.9143865128893403,0.2743159538668021,inf,0.9067375285241371,-0.0913514923141169,-0.0012468827930174897,-0.0012468827930174897,0.0,0.9143865128893403,0.16224800694544128,0.16824339853157566,0.8721445684032215,-0.5519561358308707,581|937|117|443|953|479|648|667,0.87214457|0.85705271|0.92742128|0.99652036|0.81161882|0.28994799|0.85869885|0.51802011,0|-3.8084523|-3.9612405|-4.0917308|-4.1507772|-4.2130604|-4.3457086|-4.3476042
0_0_0_10_14_32,-26.0,46,2,34,42,93,36,991,991,991,991,1,1,7,0.5561833402605194,0.9143865128893403,0.2743159538668021,inf,0.9270787430906245,-0.0913514923141169,-0.0012468827930174897,-0.0012468827930174897,0.0,0.9143865128893403,0.16224800694544128,0.16824339853157566,0.7463968073376153,-1.359868832267239,991|93|827|765|919|57|999|832,0.74639681|0.92471221|0.87297019|0.99274644|0.97949249|0.88596447|0.9351743|0.80896859,0|-0.28398378|-1.0535957|-1.1114359|-1.4326511|-1.7781217|-1.8474276|-1.9719608
0_0_0_10_14_32,-26.0,46,3,0,8,222,825,307,307,307,307,1,1,7,0.9538353138632591,0.9106840970535128,0.2732052291160538,inf,-0.6262001402780464,-0.0007766771601718156,-0.08104738154613467,-0.08104738154613467,0.0,0.9106840970535128,0.09066917481612369,0.13407708834822366,0.611206145313016,0.8873731550457769,307|697|283|995|739|114|314|222,0.61120615|0.84003395|0.89003312|0.99931647|0.44289656|0.92936288|0.86165661|0.80994995,0|-0.50200304|-0.60607421|-0.68322966|-0.97401308|-1.5663286|-1.586823|-1.6556389
0_0_0_10_14_32,-26.0,46,3,1,9,711,430,711,711,711,711,1,1,7,0.9538353138632591,0.9106840970535128,0.2732052291160538,inf,-0.6058022465568231,-0.0007766771601718156,-0.08104738154613467,-0.08104738154613467,0.0,0.9106840970535128,0.09066917481612369,0.13407708834822366,0.9477555648448346,0.6306011754601875,711|406|586|585|232|211|247|254,0.94775556|0.35537626|0.53844705|0.80035285|0.53981673|0.91913864|0.53481339|0.98193168,0|-3.9930537|-4.0007565|-4.2368106|-4.3101414|-4.4676364|-4.8049274|-5.4463364
0_0_0_10_14_32,-26.0,46,3,2,10,871,879,871,871,871,871,1,1,7,0.9538353138632591,0.9106840970535128,0.2732052291160538,inf,-0.5854043528356,-0.0007766771601718156,-0.08104738154613467,-0.08104738154613467,0.0,0.9106840970535128,0.09066917481612369,0.13407708834822366,0.8740274660357128,2.4661618062342683,871|401|759|872|919|986|351|806,0.87402747|0.72970859|0.59160044|0.94622532|0.95163775|0.92673753|0.92990353|0.82995416,0|-0.58162749|-1.0573725|-1.6955181|-1.6984198|-2.4832253|-3.1043905|-3.3905673
0_0_0_10_14_32,-26.0,46,3,3,11,718,62,718,718,718,718,1,1,7,0.9538353138632591,0.9106840970535128,0.2732052291160538,inf,-0.5650064591143769,-0.0007766771601718156,-0.08104738154613467,-0.08104738154613467,0.0,0.9106840970535128,0.09066917481612369,0.13407708834822366,0.885594552369142,1.0669943052373694,718|520|579|972|673|838|498|496,0.88559455|0.82362678|0.92466603|0.69715126|0.65927018|0.88631111|0.80658972|0.72074992,0|-3.7209876|-3.839757|-3.8893391|-4.2031803|-4.2987476|-4.4399821|-4.5427974
0_0_0_10_14_32,-26.0,46,3,4,12,107,589,586,586,586,586,1,1,7,0.9538353138632591,0.9106840970535128,0.2732052291160538,inf,-0.5446085653931536,-0.0007766771601718156,-0.08104738154613467,-0.08104738154613467,0.0,0.9106840970535128,0.09066917481612369,0.13407708834822366,0.538417499303718,1.5924219608593422,586|107|235|301|61|331|742|434,0.5384175|0.84528655|0.81084599|0.96784979|0.73725243|0.59365332|0.83857481|0.94226425,0|-0.065694372|-0.43356168|-0.80989872|-0.98451193|-1.1597526|-1.2055405|-1.2707304
0_0_0_10_14_32,-26.0,46,3,5,13,468,262,468,468,468,468,1,1,7,0.9538353138632591,0.9106840970535128,0.2732052291160538,inf,-0.5242106716719305,-0.0007766771601718156,-0.08104738154613467,-0.08104738154613467,0.0,0.9106840970535128,0.09066917481612369,0.13407708834822366,0.9719591558763173,-0.2989927222523364,468|512|110|91|632|254|304|933,0.97195916|0.8314534|0.7245764|0.98285575|0.77413229|0.8195402|0.75971266|0.8500942,0|-1.8399413|-2.9869942|-3.3987962|-3.4394814|-3.4910018|-4.2074605|-4.3108676
0_0_0_10_14_32,-26.0,46,3,6,14,89,398,89,89,89,89,1,1,7,0.9538353138632591,0.9106840970535128,0.2732052291160538,inf,-0.5038127779507073,-0.0007766771601718156,-0.08104738154613467,-0.08104738154613467,0.0,0.9106840970535128,0.09066917481612369,0.13407708834822366,0.9021910357460291,1.3902514918574762,89|1000|872|74|386|961|562|703,0.90219104|0.9094817|0.84745078|0.92665499|0.737133|0.5131692|0.83760433|0.99574134,0|-3.7712946|-4.0414207|-4.1136405|-4.2091391|-4.2702751|-4.4827681|-4.5413034
0_0_0_10_14_32,-26.0,46,3,7,15,713,805,376,376,376,376,0,0,7,0.9538353138632591,0.9106840970535128,0.2732052291160538,inf,-0.4834148842294841,-0.0007766771601718156,-0.08104738154613467,-0.08104738154613467,0.0,0.9106840970535128,0.09066917481612369,0.13407708834822366,0.9585640011176968,0.1789940847830388,376|774|393|429|133|171|379|688,0.958564|0.94258621|0.52398782|0.66425875|0.74899834|0.86725399|0.73531719|0.98157871,0|-0.16260914|-0.68034463|-0.71840697|-0.96497016|-0.97815351|-1.1870947|-1.1914436
0_0_0_10_14_32,-26.0,46,3,8,16,865,454,865,865,865,865,1,1,7,0.9538353138632591,0.9106840970535128,0.2732052291160538,inf,-0.46301699050826095,-0.0007766771601718156,-0.08104738154613467,-0.08104738154613467,0.0,0.9106840970535128,0.09066917481612369,0.13407708834822366,0.9499873283073016,2.1127483658250448,865|530|752|454|703|208|634|609,0.94998733|0.81465079|0.97737069|0.96032604|0.95952315|0.61799693|0.58397387|0.85535293,0|-3.0113172|-4.0685758|-4.4642703|-4.6978371|-4.9214138|-5.0306424|-5.3094026
0_0_0_10_14_32,-26.0,46,3,9,17,492,156,492,492,492,492,1,1,7,0.9538353138632591,0.9106840970535128,0.2732052291160538,inf,-0.4426190967870377,-0.0007766771601718156,-0.08104738154613467,-0.08104738154613467,0.0,0.9106840970535128,0.09066917481612369,0.13407708834822366,0.8220216305798462,-0.7404451211280993,492|91|356|88|447|979|860|342,0.82202163|0.52203351|0.9617359|0.87649364|0.92367994|0.87671443|0.76747895|0.46583587,0|-0.8783453|-1.0894296|-1.2056119|-1.6128293|-1.8360239|-2.3491917|-2.3868927
0_0_0_10_14_32,-26.0,46,3,10,18,765,252,765,765,765,765,1,1,7,0.9538353138632591,0.9106840970535128,0.2732052291160538,inf,-0.42222120306581457,-0.0007766771601718156,-0.08104738154613467,-0.08104738154613467,0.0,0.9106840970535128,0.09066917481612369,0.13407708834822366,0.9944767881930444,0.062209473547061744,765|1009|809|214|398|137|355|521,0.99447679|0.98524722|0.76355946|0.76387494|0.6207272|0.9676512|0.51215331|0.66805868,0|-1.5790057|-1.6637883|-1.8498713|-1.8823136|-2.0019032|-2.1719506|-2.2780029
0_0_0_10_14_32,-26.0,46,3,11,19,1023,592,1023,1023,1023,1023,1,1,7,0.9538353138632591,0.9106840970535128,0.2732052291160538,inf,-0.40182330934459143,-0.0007766771601718156,-0.08104738154613467,-0.08104738154613467,0.0,0.9106840970535128,0.09066917481612369,0.13407708834822366,0.960765057973231,-0.5064965183241569,1023|931|653|972|773|870|896|533,0.96076506|0.79900122|0.74194562|0.80506659|0.93571767|0.81156495|0.78174149|0.70687006,0|-3.3516205|-3.6220275|-3.6553161|-3.6785119|-3.7980943|-3.874008|-4.0280856
0_0_0_10_14_32,-26.0,46,3,12,20,597,269,421,421,421,421,1,1,7,0.9538353138632591,0.9106840970535128,0.2732052291160538,inf,-0.3814254156233682,-0.0007766771601718156,-0.08104738154613467,-0.08104738154613467,0.0,0.9106840970535128,0.09066917481612369,0.13407708834822366,0.23139785134556384,2.784985776979692,421|24|747|966|409|597|594|480,0.23139785|0.89939208|0.9547017|0.72854499|0.94593796|0.85428969|0.97216111|0.69183437,0|-0.22502591|-0.41332619|-0.44551713|-0.55117036|-0.56696727|-0.68103042|-1.2502069
0_0_0_10_14_32,-26.0,46,3,13,21,562,865,654,654,654,654,0,0,7,0.9538353138632591,0.9106840970535128,0.2732052291160538,inf,-0.36102752190214504,-0.0007766771601718156,-0.08104738154613467,-0.08104738154613467,0.0,0.9106840970535128,0.09066917481612369,0.13407708834822366,0.5319051094455219,1.729649009720631,654|706|1019|148|303|143|918|533,0.53190511|0.78242136|0.91954736|0.67407076|0.86794544|0.89840979|0.77656388|0.37448866,0|-0.20024531|-0.23695458|-0.64171617|-0.8136665|-1.0592482|-1.0963982|-1.2169497
0_0_0_10_14_32,-26.0,46,3,14,22,478,478,478,478,478,478,1,1,7,0.9538353138632591,0.9106840970535128,0.2732052291160538,inf,-0.3406296281809218,-0.0007766771601718156,-0.08104738154613467,-0.08104738154613467,0.0,0.9106840970535128,0.09066917481612369,0.13407708834822366,0.9741261015250804,-0.218989861950187,478|356|178|149|776|388|509|464,0.9741261|0.59089305|0.8045501|0.73644878|0.66159137|0.85117344|0.60269826|0.95184131,0|-2.3415735|-2.5702081|-3.0223334|-3.036588|-3.089789|-3.1114786|-3.1392459
0_0_0_10_14_32,-26.0,46,3,15,23,267,267,267,267,267,267,1,1,7,0.9538353138632591,0.9106840970535128,0.2732052291160538,inf,-0.32023173445969866,-0.0007766771601718156,-0.08104738154613467,-0.08104738154613467,0.0,0.9106840970535128,0.09066917481612369,0.13407708834822366,0.9609910869763377,0.31442004317088157,267|820|958|848|796|177|664|516,0.96099109|0.96197561|0.99328004|0.82081967|0.98370972|0.97099363|0.658097|0.47535336,0|-3.5533621|-4.2551957|-4.260193|-4.384041|-4.8747794|-5.1186946|-5.2909547
0_0_0_10_14_32,-26.0,46,3,16,24,917,917,917,917,917,917,1,1,7,0.9538353138632591,0.9106840970535128,0.2732052291160538,inf,-0.2998338407384755,-0.0007766771601718156,-0.08104738154613467,-0.08104738154613467,0.0,0.9106840970535128,0.09066917481612369,0.13407708834822366,0.8632877826360597,1.7271557679742462,917|242|266|962|753|1005|560|208,0.86328778|0.75652816|0.4797719|0.56313607|0.79610543|0.87519695|0.94158511|0.86040599,0|-2.1660769|-2.5798342|-2.9400619|-3.7107514|-3.7232195|-3.7337045|-3.8060559
0_0_0_10_14_32,-26.0,46,3,17,25,656,656,656,656,656,656,1,1,7,0.9538353138632591,0.9106840970535128,0.2732052291160538,inf,-0.2794359470172523,-0.0007766771601718156,-0.08104738154613467,-0.08104738154613467,0.0,0.9106840970535128,0.09066917481612369,0.13407708834822366,0.864120272323197,0.9145628763030638,656|162|638|510|708|158|652|397,0.86412027|0.86077484|0.82315452|0.98666617|0.99702727|0.87628373|0.73006435|0.8861549,0|-4.5196088|-6.21484|-6.5101887|-6.7530817|-6.7798387|-6.7893673|-6.8980705
0_0_0_10_14_32,-26.0,46,3,18,26,889,136,709,709,709,709,1,1,7,0.9538353138632591,0.9106840970535128,0.2732052291160538,inf,-0.25903805329602914,-0.0007766771601718156,-0.08104738154613467,-0.08104738154613467,0.0,0.9106840970535128,0.09066917481612369,0.13407708834822366,0.6612178211816581,-2.322933824542907,709|520|194|555|889|568|116|465,0.66121782|0.83408943|0.76550122|0.71235595|0.56992355|0.38544663|0.9732405|0.92304981,0|-0.34261286|-1.0398091|-1.3715704|-1.3905793|-1.749153|-1.9412782|-2.2634409
0_0_0_10_14_32,-26.0,46,3,19,27,510,342,510,510,510,510,1,1,7,0.9538353138632591,0.9106840970535128,0.2732052291160538,inf,-0.2386401595748059,-0.0007766771601718156,-0.08104738154613467,-0.08104738154613467,0.0,0.9106840970535128,0.09066917481612369,0.13407708834822366,0.9881469182224831,0.21127815726479438,510|873|911|290|48|427|568|943,0.98814692|0.67728658|0.99451234|0.61426867|0.83221514|0.96059962|0.25831777|0.91509248,0|-3.4242585|-3.977612|-4.1340661|-4.1600032|-4.3001916|-4.4139984|-4.4904446
0_0_0_10_14_32,-26.0,46,3,20,28,860,288,860,860,860,860,1,1,7,0.9538353138632591,0.9106840970535128,0.2732052291160538,inf,-0.21824226585358275,-0.0007766771601718156,-0.08104738154613467,-0.08104738154613467,0.0,0.9106840970535128,0.09066917481612369,0.13407708834822366,0.994481412261867,0.4127415072690824,860|276|794|972|159|722|910|273,0.99448141|0.94599538|0.76843477|0.99372746|0.97690956|0.64973835|0.51717815|0.7002026,0|-2.8929213|-2.9136225|-3.1512516|-3.5772559|-3.9393564|-4.128112|-4.1549956
0_0_0_10_14_32,-26.0,46,3,21,29,553,702,703,703,703,703,0,0,7,0.9538353138632591,0.9106840970535128,0.2732052291160538,inf,-0.1978443721323595,-0.0007766771601718156,-0.08104738154613467,-0.08104738154613467,0.0,0.9106840970535128,0.09066917481612369,0.13407708834822366,0.6041972974792617,1.1839699197197966,703|536|741|764|129|388|17|170,0.6041973|0.98325816|0.94301556|0.72245146|0.63859589|0.72395089|0.81422107|0.85544963,0|-0.020191249|-0.4887352|-0.60876839|-1.0584003|-1.1871506|-1.2547283|-1.4033033
0_0_0_10_14_32,-26.0,46,3,22,30,629,928,629,629,629,629,1,1,7,0.9538353138632591,0.9106840970535128,0.2732052291160538,inf,-0.17744647841113637,-0.0007766771601718156,-0.08104738154613467,-0.08104738154613467,0.0,0.9106840970535128,0.09066917481612369,0.13407708834822366,0.959156230815333,0.2835115410337792,629|195|359|489|191|243|504|378,0.95915623|0.97881281|0.6614952|0.69206305|0.66574428|0.98870537|0.68851225|0.3716645,0|-2.9294435|-3.6122206|-3.9976569|-4.3076149|-4.3591142|-4.7642397|-4.8628309
0_0_0_10_14_32,-26.0,46,3,23,31,759,511,191,191,191,191,1,1,7,0.9538353138632591,0.9106840970535128,0.2732052291160538,inf,-0.15704858468991323,-0.0007766771601718156,-0.08104738154613467,-0.08104738154613467,0.0,0.9106840970535128,0.09066917481612369,0.13407708834822366,0.8685780803743058,1.0900301178078557,191|759|266|679|93|930|920|66,0.86857808|0.93591225|0.39267564|0.71915322|0.83253079|0.90413875|0.85149068|0.76941147,0|-0.14930908|-0.98165913|-1.0589349|-1.1200744|-2.0660264|-2.2689943|-2.7154793
0_0_0_10_14_32,-26.0,46,3,24,32,874,746,874,874,874,874,1,1,7,0.9538353138632591,0.9106840970535128,0.2732052291160538,inf,-0.13665069096868998,-0.0007766771601718156,-0.08104738154613467,-0.08104738154613467,0.0,0.9106840970535128,0.09066917481612369,0.13407708834822366,0.9287822342048664,2.3366328691155083,874|421|70|410|913|625|685|887,0.92878223|0.98950795|0.73331871|0.50783196|0.94424407|0.72376958|0.63271986|0.64823929,0|-0.046257433|-1.0888295|-1.3394322|-1.8867241|-1.9092307|-2.0430239|-2.24407
0_0_0_10_14_32,-26.0,46,3,25,33,720,567,720,720,720,720,1,1,7,0.9538353138632591,0.9106840970535128,0.2732052291160538,inf,-0.11625279724746684,-0.0007766771601718156,-0.08104738154613467,-0.08104738154613467,0.0,0.9106840970535128,0.09066917481612369,0.13407708834822366,0.888429003332959,0.5581953557944006,720|660|705|306|64|853|455|907,0.888429|0.80998904|0.94545166|0.87239614|0.99444745|0.88827257|0.67784275|0.83538701,0|-1.3197246|-1.7490665|-1.9428922|-1.9451301|-2.272669|-2.701128|-2.7948285
0_0_0_10_14_32,-26.0,46,3,26,34,314,668,314,314,314,314,1,1,7,0.9538353138632591,0.9106840970535128,0.2732052291160538,inf,-0.0958549035262436,-0.0007766771601718156,-0.08104738154613467,-0.08104738154613467,0.0,0.9106840970535128,0.09066917481612369,0.13407708834822366,0.989102600773166,0.11705963765853561,314|29|955|283|53|223|166|431,0.9891026|0.93985632|0.88106862|0.56632924|0.94149982|0.73264548|0.93317607|0.6322902,0|-0.23598066|-0.81152417|-1.0334672|-1.060309|-1.076348|-1.142811|-1.6014722
0_0_0_10_14_32,-26.0,46,3,27,35,602,58,102,102,102,102,1,1,7,0.9538353138632591,0.9106840970535128,0.2732052291160538,inf,-0.07545700980502046,-0.0007766771601718156,-0.08104738154613467,-0.08104738154613467,0.0,0.9106840970535128,0.09066917481612369,0.13407708834822366,0.9462267492042475,1.722969291562143,102|709|89|602|299|892|104|556,0.94622675|0.93861201|0.82275736|0.94306452|0.63102972|0.66148406|0.89349986|0.92579064,0|-0.72109354|-1.1679491|-1.4226536|-1.6303602|-2.1777177|-2.3500015|-2.4830143
0_0_0_10_14_32,-26.0,46,3,28,36,7,881,962,962,962,962,0,0,7,0.9538353138632591,0.9106840970535128,0.2732052291160538,inf,-0.05505911608379732,-0.0007766771601718156,-0.08104738154613467,-0.08104738154613467,0.0,0.9106840970535128,0.09066917481612369,0.13407708834822366,0.9976118648075449,0.10544900017583198,962|278|445|302|789|114|316|383,0.99761186|0.92127532|0.94466778|0.91617629|0.83651117|0.99889475|0.96483276|0.86059232,0|-1.0878681|-1.6953978|-1.7387135|-1.9895082|-2.198833|-2.4015523|-2.6284091
0_0_0_10_14_32,-26.0,46,3,29,37,610,672,52,52,52,52,1,1,7,0.9538353138632591,0.9106840970535128,0.2732052291160538,inf,-0.034661222362574184,-0.0007766771601718156,-0.08104738154613467,-0.08104738154613467,0.0,0.9106840970535128,0.09066917481612369,0.13407708834822366,0.9992895042280457,0.5168901718438448,52|610|803|768|225|224|151|333,0.9992895|0.92440336|0.97606873|0.88670465|0.96780804|0.73284732|0.73364851|0.75239951,0|-0.5123506|-1.5726672|-1.9274093|-2.2672515|-2.3710265|-2.5805882|-2.6923992
0_0_0_10_14_32,-26.0,46,3,30,38,778,467,778,778,778,778,1,1,7,0.9538353138632591,0.9106840970535128,0.2732052291160538,inf,-0.014263328641350936,-0.0007766771601718156,-0.08104738154613467,-0.08104738154613467,0.0,0.9106840970535128,0.09066917481612369,0.13407708834822366,0.9847105457079205,0.15426599884489867,778|348|173|182|700|442|198|342,0.98471055|0.88148589|0.6862953|0.67201781|0.73247706|0.8717672|0.85296605|0.22989354,0|-0.46150959|-1.2112254|-1.4236877|-1.6885743|-1.7614199|-2.4393534|-2.4651634
0_0_0_10_14_32,-26.0,46,3,31,39,897,779,897,897,897,897,1,1,7,0.9538353138632591,0.9106840970535128,0.2732052291160538,inf,0.006134565079872312,-0.0007766771601718156,-0.08104738154613467,-0.08104738154613467,0.0,0.9106840970535128,0.09066917481612369,0.13407708834822366,0.9043617847412659,-1.9230892484074902,897|745|90|892|293|16|574|3,0.90436178|0.72161008|0.92741342|0.68215598|0.75791407|0.73683026|0.66098718|0.67059867,0|-2.8492502|-3.0153759|-3.1356339|-3.2718156|-3.2807938|-3.3910391|-3.4663514
0_0_0_10_14_32,-26.0,46,3,32,40,740,258,440,440,440,440,0,0,7,0.9538353138632591,0.9106840970535128,0.2732052291160538,inf,0.026532458801095338,-0.0007766771601718156,-0.08104738154613467,-0.08104738154613467,0.0,0.9106840970535128,0.09066917481612369,0.13407708834822366,0.8030588508316153,0.8226287040613097,440|739|260|714|873|876|818|490,0.80305885|0.92565362|0.87542124|0.97635453|0.68194233|0.96800376|0.65688669|0.99193536,0|-1.509682|-1.5836868|-1.6723068|-2.5429098|-2.5482314|-2.5522629|-2.9777066
0_0_0_10_14_32,-26.0,46,3,33,41,590,164,590,590,590,590,1,1,7,0.9538353138632591,0.9106840970535128,0.2732052291160538,inf,0.046930352522318586,-0.0007766771601718156,-0.08104738154613467,-0.08104738154613467,0.0,0.9106840970535128,0.09066917481612369,0.13407708834822366,0.9932853458571639,0.12755119970536882,590|465|723|571|517|351|427|413,0.99328535|0.53650025|0.97407233|0.51663059|0.66243198|0.93297507|0.92827025|0.74353158,0|-2.0321233|-2.1805072|-2.4255654|-2.4841857|-3.0166998|-3.2126139|-3.2492262
0_0_0_10_14_32,-26.0,46,3,34,42,930,209,693,693,693,693,0,0,7,0.9538353138632591,0.9106840970535128,0.2732052291160538,inf,0.06732824624354183,-0.0007766771601718156,-0.08104738154613467,-0.08104738154613467,0.0,0.9106840970535128,0.09066917481612369,0.13407708834822366,0.42750153622213244,1.9137521749567088,693|367|283|214|209|353|432|757,0.42750154|0.95375782|0.59817642|0.99505091|0.73252154|0.76365367|0.80078404|0.88017213,0|-0.0033962586|-0.15010685|-0.35908|-0.6734427|-0.70027866|-0.86075149|-0.99427393
