window_index,start_sample,end_sample,peak_bin,peak_signed_bin,peak_power,second_power,total_power,confidence_db,peak_share,valid
0,0,32768,505,505,0.040860358596546575,0.0354349575645756,39.00236172612293,0.6187025674079577,0.0010476380605736293,1
1,16384,49152,505,505,0.040860358596546575,0.0354349575645756,39.00236172612293,0.6187025674079577,0.0010476380605736293,1
2,32768,65536,4638,-3554,0.0012110703391954303,0.0012108924565836787,2.5001514842281356,0.0006379407395013013,0.00048439878416780033,1
3,49152,81920,4638,-3554,0.001272109177079983,0.0012719313090201467,3.0001817388240486,0.0006072789913661267,0.0004240107059576328,1
4,65536,98304,5,5,6.103886698838323e-05,6.103886698838323e-05,0.500030254595913,0.0,0.00012207034759868736,1
5,81920,114688,2,2,6.103886698838323e-05,6.103886698838323e-05,0.5000302855041809,0.0,0.00012207034005317838,1
6,98304,131072,4669,-3523,0.03340897706220858,0.03330777582596056,27.501665160914925,0.01317545302223971,0.0012147983355454805,1
7,114688,147456,4669,-3523,0.03354305223911069,0.03327492418611655,40.00242228690071,0.03485503905629524,0.0008385255272427536,1
8,131072,163840,623,623,0.014114880934357643,0.014087285846471786,13.000787411489966,0.008498920181747326,0.0010856943112447983,1
9,147456,180224,3963,3963,0.0010328491625841707,0.0010328491625841707,2.500151420941828,0.0,0.00041311464335031667,1
10,163840,196608,7781,-411,0.0028528324619401246,0.0026424503594171256,6.50039366828665,0.33269430148830414,0.00043887072191614877,1
11,180224,212992,7780,-412,0.002149137406377122,0.002118542091920972,5.000302836231235,0.062270861204266434,0.0004298014493852021,1
12,196608,229376,3136,3136,0.002823715636623092,0.0028056191877112724,6.50039349668166,0.027922357516131018,0.0004343914930787729,1
13,212992,245760,7780,-412,0.42588631191756576,0.39552484018349787,75.00454166081093,0.32119918247996543,0.005678140316402824,1
14,229376,262144,7780,-412,0.42373470260645263,0.3943079099699389,70.00423901232642,0.31258543601614014,0.006052986341753404,1
15,245760,278528,7780,-412,0.004417430580360815,0.004288410505978391,7.500454107080289,0.12873382022948557,0.0005889550842249462,1
16,262144,294912,7780,-412,0.004846274750889279,0.0048280351620633155,11.000666048435704,0.016376076921925834,0.0004405437570371859,1
17,278528,311296,635,635,0.0023198964627226815,0.00229715219757054,4.500272480407771,0.04278832422626625,0.0005155013330464991,1
18,294912,327680,7000,-1192,0.0029570017650257796,0.002918439422501251,5.500333065807403,0.05700900584539208,0.0005376041286313843,1
19,311296,344064,6760,-1432,0.08715479160309769,0.08134859334677458,78.5047544143905,0.29941221119212386,0.0011101848831097238,1
20,327680,360448,6760,-1432,0.08685532487288583,0.08086184432613663,74.00448190177993,0.31052806402601635,0.001173649522851356,1
21,344064,376832,6738,-1454,0.0026340231706853956,0.002502654300769791,5.500332923749708,0.22218727659532023,0.0004788843161314896,1
22,360448,393216,6740,-1452,0.004391420923639089,0.004076451936271042,10.000605341698652,0.32322740706637354,0.0004391155108709834,1
23,376832,409600,7780,-412,0.0033423129352740943,0.0033028360921889544,7.500454080338338,0.051600879789513505,0.0004456147453839656,1
24,393216,425984,7990,-202,0.0019783327588811517,0.001974614104256034,5.500333123967684,0.008171077002127103,0.00035967508045295897,1
25,409600,442368,1045,1045,0.08645904249351588,0.08591197546047624,73.00442086866295,0.027567162303240418,0.0011842987241698442,1
26,425984,458752,1045,1045,0.08635262612006045,0.08583327193264267,72.5043905202688,0.026198817012046252,0.0011909985795400947,1
27,442368,475136,3607,3607,0.0010666003508958966,0.0010652328928699717,4.000242236439601,0.005571538562705418,0.0002666339406098616,1
28,458752,491520,2810,2810,0.0033904794413501804,0.003288829990196973,5.500333007993307,0.13219691278500342,0.0006164134855876905,1
29,475136,507904,3126,3126,0.004008699215773959,0.0034920230173156597,8.000484305311371,0.5992637345852269,0.000501057068896774,1
30,491520,524288,5175,-3017,0.0036348748524233088,0.003564415583241498,7.500454065230809,0.08501129143795506,0.0004846206404053825,1
31,507904,540672,7603,-589,0.26346625623409636,0.2577118129556766,59.003573276577825,0.09590674175611145,0.0044652593326696445,1
32,524288,557056,7603,-589,0.263795026767184,0.25867644833488157,73.50445153969993,0.08509714299920527,0.0035888306251044906,1
33,540672,573440,1456,1456,0.029701029976422433,0.029217101815447677,21.001271883113905,0.07134376121633085,0.0014142491055650576,1
34,557056,589824,6143,-2049,0.00237656309036538,0.0022746855102013797,6.500393498988625,0.1902798679500694,0.00036560295784172784,1
35,573440,606208,3270,3270,0.0026620068529155105,0.00262644216127228,7.0004237294325,0.05841327821947313,0.0003802636748577661,1
36,589824,622592,1068,1068,0.007932728360174224,0.006952435292987502,10.000605478221233,0.572856274945204,0.0007932248079828448,1
37,606208,638976,1068,1068,0.0076409274188335985,0.007248087196785491,10.500635740005894,0.22922664939361065,0.0007276633156336218,1
38,622592,655360,7944,-248,0.16865367552964017,0.16829145640076604,79.00478387523705,0.009337415181320636,0.0021347273830401845,1
39,638976,671744,7944,-248,0.16774731511850405,0.16738876326780883,78.5047537110359,0.009292771485259867,0.002136779076283157,1
40,655360,688128,4048,4048,0.002277919862535782,0.002173271859646775,6.000363459466385,0.20424384856916616,0.0003796303137174225,1
41,671744,704512,130,130,0.0033703620720189065,0.0032726728677516803,8.000484524317415,0.12773962913998635,0.00042126974457293374,1
42,688128,720896,171,171,0.015268897244823165,0.012139159924117848,16.500999243976967,0.9961903947941051,0.0009253316734982864,1
43,704512,737280,171,171,0.01523404850740917,0.01188788352010306,12.000726731102029,1.0771079298406319,0.0012694271646005745,1
44,720896,753664,946,946,0.029426555847749114,0.02875124079582747,38.502331400481545,0.1008284228932037,0.0007642798442948595,1
45,737280,770048,946,946,0.02923232177272439,0.02855535550042987,37.50227081859875,0.10175739209031312,0.0007794813789843096,1
46,753664,786432,-1,,0.0,0.0,0.0,nan,nan,0
47,770048,802816,-1,,0.0,0.0,0.0,nan,nan,0
48,786432,819200,-1,,0.0,0.0,0.0,nan,nan,0
49,802816,835584,303,303,0.00012207773397676647,0.00012207773397676647,1.0000605630339123,0.0,0.0001220703410265632,1
50,819200,851968,6930,-1262,0.05910703161498532,0.05749893927713856,41.502513183995575,0.11979316376420614,0.0014241795756546737,1
51,835584,868352,6930,-1262,0.05898495391011238,0.057376861572265625,40.50245262096166,0.12004455095308217,0.0014563304218171043,1
52,851968,884736,-1,,0.0,0.0,0.0,nan,nan,0
53,868352,901120,-1,,0.0,0.0,0.0,nan,nan,0
54,884736,917504,3,3,6.103886698838323e-05,6.103886698838323e-05,0.5000302861444652,0.0,0.0001220703398968684,1
55,901120,933888,3,3,6.103886698838323e-05,6.103886698838323e-05,0.5000302861444652,0.0,0.0001220703398968684,1
56,917504,950272,7884,-308,0.03310972824692726,0.03242148086428642,30.001816948870307,0.09122768687325786,0.0011035907692975235,1
57,933888,966656,7884,-308,0.033391520235454664,0.032731419341871515,42.00254374550788,0.08671353733936661,0.0007949880473376293,1
58,950272,983040,1449,1449,0.012673880904912949,0.01265827938914299,12.000726796637574,0.005349447489869691,0.001056092778352723,1
59,966656,999424,-1,,0.0,0.0,0.0,nan,nan,0
60,983040,1015808,-1,,0.0,0.0,0.0,nan,nan,0
61,999424,1032192,15,15,6.103886698838323e-05,6.103886698838323e-05,0.5000302556436509,0.0,0.00012207034734290737,1
62,1015808,1048576,15,15,6.103886698838323e-05,6.103886698838323e-05,0.5000302556436509,0.0,0.00012207034734290737,1
63,1032192,1064960,1755,1755,0.04547836259007454,0.045008398592472076,45.50275530138327,0.04511258960501188,0.0009994639289171135,1
64,1048576,1081344,1755,1755,0.04547836259007454,0.045008398592472076,45.50275530138327,0.04511258960501188,0.0009994639289171135,1
65,1064960,1097728,-1,,0.0,0.0,0.0,nan,nan,0
66,1081344,1114112,13,13,6.103886698838323e-05,6.103886698838323e-05,0.5000302775297314,0.0,0.00012207034199994803,1
67,1097728,1130496,13,13,6.103886698838323e-05,6.103886698838323e-05,0.5000302775297314,0.0,0.00012207034199994803,1
68,1114112,1146880,4993,-3199,0.0010370979143772274,0.0010288191406289116,2.5001513709971235,0.03480725417377273,0.0004148140494243781,1
69,1130496,1163264,7887,-305,0.03356575104044168,0.032963992009172216,38.50233180122434,0.07856568865655784,0.0008717848886070408,1
70,1146880,1179648,7887,-305,0.03362851982819848,0.03245658002560958,37.002241002352875,0.1540499613931508,0.0009088238689667507,1
71,1163264,1196032,1496,1496,0.00048826096463017166,0.00048826096463017166,2.0001210571937698,0.0,0.00024411570633390387,1
72,1179648,1212416,2966,2966,0.0003662331437226385,0.0003662331437226385,2.0001210768566042,0.0,0.00018310548694292622,1
73,1196032,1228800,6181,-2011,0.0028730795747833326,0.0028730600170092657,6.500393627918356,2.9563616476216336e-05,0.0004419854764554295,1
74,1212416,1245184,6181,-2011,0.0028730795602314174,0.0028730600024573505,6.5003936050427455,2.9563616626650397e-05,0.0004419854757722051,1
75,1228800,1261568,5811,-2381,0.01074930802860763,0.010211581033217954,12.500756936713813,0.2228752005574831,0.0008598925715480231,1
76,1245184,1277952,5811,-2381,0.010627230323734693,0.010089503328345018,11.500696367800927,0.22550305200940152,0.0009240510299435675,1
77,1261568,1294336,9,9,6.103886698838323e-05,6.103886698838323e-05,0.5000302996486425,0.0,0.00012207033660014915,1
78,1277952,1310720,9,9,6.103886698838323e-05,6.103886698838323e-05,0.5000302996486425,0.0,0.00012207033660014915,1
79,1294336,1327104,2732,2732,0.0005493369535543025,0.0005489577888511121,1.5000909165347451,0.0029986330355980424,0.0003662024397983072,1
80,1310720,1343488,4773,-3419,0.0007926714606583118,0.000791514728916809,2.50015147908778,0.0063422128656561135,0.0003170493737233596,1
81,1327104,1359872,835,835,0.0016342815943062305,0.0016135076148202643,3.500211905220617,0.05555870236676401,0.0004669093296519207,1
82,1343488,1376256,5742,-2450,0.0019272323261247948,0.001874896595836617,5.000302807238231,0.11956751074860908,0.0003854231234426469,1
83,1359872,1392640,5192,-3000,0.001310217980062589,0.0013076714385533705,4.000242330585422,0.008449167228807246,0.0003275346520996499,1
84,1376256,1409024,7944,-248,0.0016277855029329658,0.0016270530759356916,4.50027247771024,0.001954560885122703,0.00036170821011291093,1
85,1392640,1425408,2016,2016,0.0016845864010974765,0.0016731351279304363,6.0003633105324035,0.029622730685648996,0.00028074740043499227,1
86,1409024,1441792,2691,2691,0.0022455734142567962,0.00223815199569799,6.000363446549127,0.014376812925293258,0.00037423956636297584,1
87,1425408,1458176,3415,3415,0.00226809608284384,0.0022652142797596753,5.5003331893608,0.005521578033996703,0.00041235612548544865,1
88,1441792,1474560,1618,1618,0.004377008473966271,0.0042170469532720745,7.5004542593169585,0.1616895087009223,0.0005835657845028803,1
89,1458176,1490944,1618,1618,0.003877363837091252,0.0036178322770865634,6.50039361428642,0.3008812639032696,0.0005964813928451454,1
90,1474560,1507328,1947,1947,0.002551827084971592,0.0024790151946945116,5.50033301142207,0.12572053994324328,0.0004639404704537764,1
91,1490944,1523712,7111,-1081,0.0023378199111903086,0.002306730268173851,4.500272470098404,0.05814238861398955,0.0005194840816247709,1
92,1507328,1540096,2434,2434,0.002929038673755713,0.002845066162990406,6.000363197520316,0.12632735439541265,0.00048814356353731297,1
93,1523712,1556480,2434,2434,0.003110095436568372,0.0030043078477319796,8.000484281670676,0.15029283782909844,0.0003887383972109893,1
94,1540096,1572864,4935,-3257,0.00535238062730059,0.005299126001773402,9.000545024555501,0.04342743899893792,0.0005946729462158233,1
95,1556480,1589248,7293,-899,0.0059968266723444685,0.0059794096887344494,11.500696445199946,0.012631856916996687,0.0005214316107653958,1
96,1572864,1605632,4524,-3668,0.005411811114754528,0.005345258752640802,12.500756884280946,0.053738969378856194,0.00043291867563312103,1
97,1589248,1622016,4524,-3668,0.005314652138622478,0.00525177055169479,13.50081764836336,0.05169100160063147,0.00039365409392569254,1
98,1605632,1638400,2839,2839,0.004086382919922471,0.003979852132033557,10.500636053997663,0.11472123805492176,0.0003891557519857816,1
99,1622016,1654784,2025,2025,0.0029039380606263876,0.002853894649888389,7.500454138364581,0.07549411560404266,0.0003871682976865145,1
100,1638400,1671168,1544,1544,0.020623456186513067,0.01831999371643178,24.001453266709767,0.5143612801115978,0.0008592586439387813,1
101,1654784,1687552,1544,1544,0.020354153180960566,0.017996569979004562,21.001271658171227,0.5346329911570877,0.0009691867003225551,1
102,1671168,1703936,833,833,0.04718410596251488,0.04344082623720169,38.50233148340999,0.35897653647410677,0.001225486980777923,1
103,1687552,1720320,833,833,0.04825541190803051,0.04359695239691064,41.5025131668083,0.4408989571872471,0.0011627105981288587,1
104,1703936,1736704,5691,-2501,0.041806078574154526,0.03921311238082126,33.50202874881826,0.2780811845462346,0.001247867073591153,1
105,1720320,1753088,2372,2372,0.08028500861837529,0.07743595376814483,105.00635943344184,0.15691806461537705,0.000764572822556179,1
106,1736704,1769472,2372,2372,0.08136982866562903,0.0686910319927847,92.5056023504313,0.7356336040392009,0.0008796205483575196,1
107,1753088,1785856,5747,-2445,0.018787929002428427,0.018223369275801815,26.001574513527657,0.1325023461790332,0.0007225688964587034,1
108,1769472,1802240,1140,1140,0.0055397052492480725,0.005497854130226187,12.000726673334245,0.032934449605313165,0.00046161415054618,1
109,1785856,1818624,1711,1711,0.0031397839193232358,0.0031160478392848745,8.500514517569398,0.032956442718949985,0.00036936398530156413,1
110,1802240,1835008,2684,2684,0.0043729894096031785,0.0043143691727891564,12.000726467361023,0.05861121430454749,0.0003643937241213369,1
111,1818624,1851392,2511,2511,0.010857328445126768,0.010528250997595023,18.501120129215202,0.1336674572979858,0.0005868470865167732,1
112,1835008,1867776,2511,2511,0.014376158593222499,0.012589342863066122,26.00157440107363,0.5763979367554806,0.000552895696678617,1
113,1851392,1884160,1914,1914,0.06544462963938713,0.06489184313977603,103.50626764086392,0.036839046020012506,0.0006322769734723756,1
114,1867776,1900544,1330,1330,0.09435884108165737,0.08761881363170687,143.00865926226342,0.3218522974010601,0.000659812081089529,1
115,1884160,1916928,7520,-672,0.07415156808565371,0.06081033917939749,64.50390548296284,0.86142913734835,0.0011495671080759455,1
116,1900544,1933312,975,975,0.007264673709869385,0.006263422750635073,12.50075687040139,0.6440438743599268,0.000581138709054512,1
117,1916928,1949696,1759,1759,0.0028696837835013866,0.002797053661197424,5.500332894171354,0.11133245198971436,0.0005217291096221396,1
118,1933312,1966080,293,293,0.00220299324428197,0.00213855758192949,3.5002118356678125,0.12892216955211147,0.0006293885478110373,1
119,1949696,1982464,536,536,0.009254248318029568,0.009210726799210533,17.501060022245184,0.020472478677108975,0.0005287821598387018,1
120,1966080,1998848,536,536,0.0091932094655931,0.009149687946774065,17.001029708044626,0.020608729919346574,0.000540744273933185,1
121,1982464,2015232,6305,-1887,0.0019676294177770615,0.0019362111343070865,3.0001816689105922,0.06990593784195524,0.0006558367575425975,1
122,1998848,2031616,6927,-1265,0.0026833381853066385,0.0026481703389436007,5.00030280624835,0.057294940318229286,0.0005366351377667677,1
123,2015232,2048000,5433,-2759,0.0050837661838158965,0.004916389734717086,9.500575453790107,0.1453926475400648,0.0005351008692623778,1
124,2031616,2064384,7191,-1001,0.004620201711077243,0.004617494018020807,8.500514817887044,0.0025459513308519997,0.0005435202231934556,1
125,2048000,2080768,5795,-2397,0.002905401313910261,0.0027444290317362174,5.500333024884794,0.2475412376507063,0.0005282228004678162,1
126,2064384,2097152,3491,3491,0.0031711635092506185,0.0031445888616872253,6.500393599669129,0.03654763590747174,0.0004878417684449186,1
127,2080768,2113536,4388,-3804,0.00254559658060316,0.0025191986351273954,5.500333017405369,0.04527166599863419,0.00046280771955949226,1
128,2097152,2129920,755,755,0.0022777680424042046,0.002238913351902738,4.500272459220472,0.07472209118334776,0.0005061400310857523,1
129,2113536,2146304,507,507,0.000244155409745872,0.000244155409745872,1.0000605180341329,0.0,0.0002441406348345999,1
130,2129920,2162688,-1,,0.0,0.0,0.0,nan,nan,0
131,2146304,2179072,-1,,0.0,0.0,0.0,nan,nan,0
132,2162688,2195456,131,131,0.00012207773397676647,0.00012207773397676647,1.0000606057001278,0.0,0.00012207033581859936,1
133,2179072,2211840,168,168,0.0016044825897552073,0.001570805034134537,3.5002120599768354,0.09212724493828547,0.0004583958235278539,1
134,2195456,2228224,2396,2396,0.005586179962847382,0.005500636645592749,9.500575454681705,0.06701964905459747,0.0005879833268514927,1
135,2211840,2244608,5456,-2736,0.009234119184839074,0.009180640929116635,18.00109000155436,0.025224739840291697,0.0005129755578157614,1
136,2228224,2260992,2498,2498,0.009794356185011566,0.009360598225612193,19.00115036226082,0.19672288764493437,0.0005154612219934141,1
137,2244608,2277376,3703,3703,0.005808465939480811,0.005522133433260024,13.000787228213703,0.21954550581153986,0.0004467780171708025,1
138,2260992,2293760,453,453,0.007246681343531236,0.006294565180724021,12.000726749319153,0.6117342955980377,0.0006038535411151136,1
139,2277376,2310144,453,453,0.005840446610818617,0.005510251284249534,8.000484422491622,0.2527465382127728,0.000730011622096216,1
140,2293760,2326528,776,776,0.007843705367122311,0.007348825005465187,11.50069615383415,0.28303366083433296,0.0006820200501086488,1
141,2310144,2342912,776,776,0.00792781507334439,0.007317621057154611,11.50069617454094,0.34783595305851556,0.0006893334936448608,1
142,2326528,2359296,2488,2488,0.0012039379071211442,0.0012039379071211442,3.0001817088012315,0.0,0.00040128832983326066,1
143,2342912,2375680,689,689,0.0010978122154483572,0.0010978122154483572,3.000181735708309,0.0,0.00036591523852776744,1
144,2359296,2392064,3109,3109,0.03312311042100191,0.031533220782876015,32.501967963714065,0.2136278081741969,0.0010191109183905818,1
145,2375680,2408448,3109,3109,0.0331089466708363,0.03153482187371992,34.00205878482795,0.21154982113756238,0.000973733587144136,1
146,2392064,2424832,3592,3592,0.0012725204142043367,0.0012668407434830442,5.00030269385323,0.019427356830008118,0.0002544886764092542,1
147,2408448,2441216,1616,1616,0.001320269610005198,0.001320269610005198,5.000302639558074,0.0,0.00026403794033592404,1
148,2424832,2457600,27,27,0.005528721369046252,0.0055050069859134965,9.500575178392399,0.018668289200563702,0.0005819354370902175,1
149,2441216,2473984,27,27,0.006169759311887901,0.006048761395504698,12.000726634999694,0.08601768825318831,0.0005141154781323005,1
150,2457600,2490368,4,4,0.009084487035579514,0.008285151328891516,16.000969071545835,0.39999964226803064,0.0005677460530646393,1
151,2473984,2506752,706,706,0.00919512218752061,0.009030482731759548,19.501180935669026,0.07846538149906386,0.00047151617216689104,1
152,2490368,2523136,4462,-3730,0.0064882017322815955,0.006399045498255873,11.000666105051957,0.060091464869985386,0.0005898008057259321,1
153,2506752,2539520,3284,3284,0.013432745850877836,0.013268062364659272,18.501120687624848,0.053572937327663134,0.0007260503878482789,1
154,2523136,2555904,3284,3284,0.013420801198662957,0.01335137013666099,21.001272088425473,0.022526073305285374,0.000639047060680654,1
155,2539520,2572288,6429,-1763,0.0031540108611807227,0.0031048916571307927,7.500454187006976,0.0681673413964084,0.00042050931617506715,1
156,2555904,2588672,5148,-3044,0.003722295892657712,0.003360164846526459,7.500454134885608,0.44450309102498475,0.0004962760688509273,1
157,2572288,2605056,2095,2095,0.0041731334931682795,0.0035650731733767316,8.50051470323023,0.6839382925127233,0.0004909271542795487,1
158,2588672,2621440,5320,-2872,0.0041943733231164515,0.004191824235022068,8.000484424288477,0.002640183276618189,0.0005242649195569777,1
159,2605056,2637824,568,568,0.003873562382068485,0.0038136484508868307,6.500393602966913,0.06769897993583707,0.0005958965900619483,1
160,2621440,2654208,1067,1067,0.0011504957801662385,0.0011504786525620148,4.000242240382491,6.465455588655087e-05,0.00028760652756274873,1
161,2637824,2670592,2316,2316,0.004635367018636316,0.00429580629861448,8.500514771408314,0.3303943592488778,0.0005453042719515628,1
162,2654208,2686976,1197,1197,0.019399865152081475,0.01580891292542219,25.00151417285253,0.8889670377751673,0.0007759476093310575,1
163,2670592,2703360,7340,-852,0.06168286211322993,0.05601584515534341,43.50263456686352,0.4185362407260032,0.0014179109547589218,1
164,2686976,2719744,7340,-852,0.05257765867281705,0.046219666313845664,35.50214999993162,0.5597443696922368,0.001480971115071012,1
165,2703360,2736128,1200,1200,0.009387375943333609,0.008765182177739916,17.00102964925131,0.29783263724404435,0.000552165141582881,1
166,2719744,2752512,1200,1200,0.015748626912682084,0.015510587683820631,20.001211206454784,0.06614441420714504,0.0007873836614254487,1
167,2736128,2768896,1202,1202,0.018172679003328085,0.016746635374147445,25.001513881308995,0.3549139091534621,0.000726863144751962,1
168,2752512,2785280,1196,1196,0.023641351144760847,0.022853001370094717,30.501846749193643,0.14729047941928836,0.000775079336643308,1
169,2768896,2801664,1196,1196,0.034001604188233614,0.0307064493681537,38.502331179905525,0.44269806206751056,0.0008831050782187222,1
170,2785280,2818048,7370,-822,0.025426062959013507,0.024691155827895273,38.502331425202726,0.12737697692429595,0.0006603772295817442,1
171,2801664,2834432,7372,-820,0.024833551491610706,0.0239386924658902,33.00199854511688,0.15938407740080582,0.0007524862913275048,1
172,2818048,2850816,384,384,0.01952679009991698,0.017350777983665466,30.501847148883474,0.5131190521129754,0.0006401838552466735,1
173,2834432,2867200,743,743,0.04211577731621219,0.03623031888855621,35.50214976227541,0.6537266414030142,0.0011862880867277627,1
174,2850816,2883584,743,743,0.03995949728414416,0.0326883530797204,38.002301138766825,0.872269755891759,0.001051502042948151,1
175,2867200,2899968,81,81,0.10280361693003215,0.07855525624472648,65.50396630666683,1.1683314505601428,0.0015694258336776327,1
176,2883584,2916352,81,81,0.10035000630887225,0.079283831641078,65.00393615683892,1.0233277349282257,0.0015437527670132426,1
177,2899968,2932736,6767,-1425,0.017463581985794008,0.017089687171392143,37.50227096357398,0.09399214420739392,0.00046566731926065,1
178,2916352,2949120,597,597,0.06930599801853532,0.05437416012136964,43.50263422827237,1.0537826004216064,0.0015931448577312438,1
179,2932736,2965504,597,597,0.06859232676652027,0.050444407235772815,39.00236181334123,1.3346251202928423,0.001758671105477962,1
180,2949120,2981888,492,492,0.01566507521783933,0.015553353470750153,23.501422982135367,0.031084425094113285,0.00066655858369713,1
181,2965504,2998272,6838,-1354,0.1540660858154297,0.13712849654257298,74.50451162206957,0.5057933458217337,0.0020678759240372302,1
182,2981888,3014656,6838,-1354,0.1544959536404349,0.13345215318258852,89.00538971389079,0.6359152412604914,0.0017358044736062,1
183,2998272,3031040,289,289,0.10183492393116467,0.04873005997433211,57.503481673556685,3.2009979743224632,0.0017709349237194807,1
184,3014656,3047424,289,289,0.1041265273524914,0.051237444509752095,65.50396604365201,3.0797392381249953,0.001589621722799215,1
185,3031040,3063808,7160,-1032,0.03513172306702472,0.034114400448743254,45.002724925283836,0.1276170760245248,0.0007806576851813412,1
186,3047424,3080192,7614,-578,0.027433622046373785,0.023822698873118497,38.00230144246066,0.6129218990928414,0.0007218937013041452,1
187,3063808,3096576,7038,-1154,0.024674243439221755,0.023187045328086242,47.00284628969155,0.2699843420815204,0.0005249521122007711,1
188,3080192,3112960,468,468,0.18123706478218082,0.17277847789227962,78.00472295334566,0.2075737623591815,0.0023234114284410453,1
189,3096576,3129344,468,468,0.16294162075791974,0.15770503613748588,83.00502602055056,0.14186469595018963,0.001963033186900975,1
190,3112960,3145728,271,271,0.027520793257281184,0.025136842334177345,44.50269509427301,0.39350226691985685,0.0006184073391281599,1
191,3129344,3162112,1875,1875,0.10424660489661619,0.1035995785787236,53.00320971774549,0.027039309793309103,0.0019667979628357184,1
192,3145728,3178496,1873,1873,0.09973468122188933,0.09708011250768322,55.50336101845308,0.11715932919649671,0.0017969124642511426,1
193,3162112,3194880,773,773,0.026092471249285154,0.02411330931863631,35.50214984914897,0.34258396412368086,0.0007349546819038797,1
194,3178496,3211264,0,0,0.10569137166021392,0.1045757969841361,61.00369433209812,0.04608351128063511,0.001732540509511448,1
195,3194880,3227648,1,1,0.10517879610415548,0.10246082463709172,86.00520861106023,0.11370348597768726,0.0012229351896558222,1
196,3211264,3244032,641,641,0.08544365837951773,0.05459591139879194,47.002846487458285,1.9451971465868998,0.0018178400834153003,1
197,3227648,3260416,3850,3850,0.008757827311455912,0.007815995064447634,16.500999229659676,0.4941210096973542,0.0005307452712144959,1
198,3244032,3276800,3850,3850,0.008990061600343324,0.007765237351122778,16.500999216498027,0.6360793270069633,0.0005448192247263961,1
199,3260416,3293184,3603,3603,0.004958339603035711,0.0044660366111202165,11.000665979281568,0.45413989880931255,0.0004507308568748608,1
200,3276800,3309568,2214,2214,0.007026258259429596,0.006812315550632775,15.000908369828416,0.13429352275206324,0.000468388852608528,1
201,3293184,3325952,2214,2214,0.006903823701577494,0.006632507283939049,14.500878132406253,0.17411956950460658,0.0004760969396845682,1
202,3309568,3342336,3389,3389,0.0033537744311615825,0.003290503089374397,8.000484463345153,0.08271546501424386,0.00041919641823281615,1
203,3325952,3358720,5708,-2484,0.0022338187254717923,0.00223309711964248,7.0004239048089225,0.0014031579880716223,0.00031909763692128363,1
204,3342336,3375104,4432,-3760,0.00511548132635653,0.004922935928334482,10.000605610269826,0.16662320151216184,0.0005115171546314493,1
205,3358720,3391488,4431,-3761,0.004867140458372887,0.004616569065547083,10.500635989104772,0.22954542363500086,0.000463509111583615,1
206,3375104,3407872,1484,1484,0.006284146624238929,0.005978773522656411,11.500696553654326,0.2163420706496977,0.0005464144362840486,1
207,3391488,3424256,1831,1831,0.019219598048039188,0.015521140549026313,23.001393213491074,0.9282066913481463,0.0008355840826531439,1
208,3407872,3440640,1831,1831,0.018789426997500414,0.015888560350504122,18.001090343619204,0.7282898813362776,0.0010437938279755732,1
209,3424256,3457024,5124,-3068,0.0013541815424105152,0.0013535261969082057,5.000302737154074,0.0021022426964155917,0.0002708199110322765,1
210,3440640,3473408,7137,-1055,0.005135548577527516,0.004961355522937083,10.000605486841584,0.14986492586864764,0.0005135237645645231,1
211,3457024,3489792,7137,-1055,0.004844552691793069,0.004761137795867398,8.000484379316902,0.07542932955379421,0.0006055324230514538,1
212,3473408,3506176,160,160,0.010233617998892441,0.009678738395450637,11.500696318953064,0.2421045000375346,0.0008898259474974148,1
213,3489792,3522560,160,160,0.012807819817680866,0.01214909294503741,25.00151380416777,0.2293135464768667,0.0005122817729359168,1
214,3506176,3538944,4803,-3389,0.01067813990812283,0.010114496006281115,20.501241354962033,0.23551359562180207,0.000520853333865968,1
215,3522560,3555328,2701,2701,0.0040380615391768515,0.0038791871775174513,8.000484496001455,0.17432197642667935,0.0005047271251128636,1
216,3538944,3571712,6054,-2138,0.0017484250420238823,0.001746167370583862,4.000242219231232,0.005611494955610795,0.00043707979322309517,1
217,3555328,3588096,3320,3320,0.0020612012885976583,0.0019659344397950917,4.500272451971712,0.20551374460346644,0.0004580170002139716,1
218,3571712,3604480,2009,2009,0.0016309687780449167,0.0016121067747008055,5.000302705540061,0.05051844278483323,0.00032617400867309353,1
219,3588096,3620864,6414,-1778,0.04954933924091165,0.04022926784091396,44.00266480341057,0.9049573874922067,0.0011260531484236648,1
220,3604480,3637248,6414,-1778,0.04963966337891179,0.039854678640949714,46.50281615255699,0.9534951611242741,0.0010674549948988912,1
221,3620864,3653632,7945,-247,0.0037613526365021244,0.0036025830486323684,10.000605338687125,0.18730050372522045,0.000376112496105752,1
222,3637248,3670016,6861,-1331,0.0022857436852063984,0.002269723332574358,7.000423751350203,0.030546064329130016,0.0003265150462878103,1
223,3653632,3686400,4389,-3803,0.0014302912022685632,0.001408882177202031,5.000302769736828,0.06549792096906379,0.000286040919546926,1
224,3670016,3702784,1451,1451,0.003164080636264721,0.0031243526391335763,8.00048461518547,0.05487497036595858,0.00039548612221053186,1
225,3686400,3719168,6937,-1255,0.009304392820922658,0.009241357394785155,20.001211472443735,0.02952271311706864,0.00046519146271422593,1
226,3702784,3735552,6937,-1255,0.00957915626349859,0.009500099229626358,19.001150838733455,0.0359911633662899,0.000504135583407489,1
227,3719168,3751936,1461,1461,0.00608727041981183,0.005917842092458159,12.500756972967547,0.12259222631601167,0.0004869521448161372,1
228,3735552,3768320,6161,-2031,0.007521277373598423,0.0072229565512316185,16.000968880634584,0.17576602686709267,0.00047005137187043487,1
229,3751936,3784704,30,30,0.020978567248675972,0.0188218648545444,30.001816988189283,0.47113173557978794,0.00069924322439986,1
230,3768320,3801088,30,30,0.020306646925746463,0.018162505031796172,30.0018169928458,0.4846247012478643,0.0006768472366386597,1
231,3784704,3817472,2979,2979,0.00728027069271775,0.007111235277534433,15.000908481429995,0.10202479760740293,0.00048532198578040667,1
232,3801088,3833856,7081,-1111,0.021329825234715827,0.020652097096899524,26.001574450824968,0.1402313884728903,0.0008203282180106245,1
233,3817472,3850240,7081,-1111,0.020625501296308357,0.018314269906113623,21.501301914289176,0.5161490243830005,0.0009592675540545391,1
234,3833856,3866624,5684,-2508,0.008388280942199344,0.007783673931953672,13.000787314402617,0.324883330351409,0.0006452133043440057,1
235,3850240,3883008,2509,2509,0.008984074054751545,0.008327090967213735,14.000847775652913,0.32980014085439796,0.0006416807181044138,1
236,3866624,3899392,1337,1337,0.003090549260377884,0.0030614088173024356,7.000423826545655,0.04114341521922415,0.0004414803070434822,1
237,3883008,3915776,7254,-938,0.0354775622690795,0.03353058391076047,53.503239442649814,0.24512654565706815,0.0006630918545989713,1
238,3899392,3932160,3134,3134,0.037969102850183845,0.03758596163243055,61.003693565081775,0.04404669471908847,0.0006224066221445512,1
239,3915776,3948544,5365,-2827,0.009252725634723902,0.007504584649723256,15.500938598926869,0.9094302380299751,0.0005969138949666228,1
240,3932160,3964928,7485,-707,0.005034776931552187,0.004943466206896119,11.000666057982961,0.07948663966664377,0.00045767928096486043,1
241,3948544,3981312,4035,4035,0.005182777938898653,0.00490072974935174,9.500575080001598,0.24301847461679021,0.0005455225494515834,1
242,3964928,3997696,6844,-1348,0.00475155541789718,0.004666693654144183,9.000544961968147,0.07826506363356202,0.0005279186358131539,1
243,3981312,4014080,7394,-798,0.004010858016954444,0.004007472060038708,7.500454241252021,0.003667852227961918,0.0005347486816058393,1
244,3997696,4030464,4825,-3367,0.016954897524556145,0.015580091640003957,25.001514097210006,0.3672516143928109,0.0006781548292888467,1
245,4014080,4046848,4825,-3367,0.017632959159527672,0.017111905578985898,29.501786571022706,0.13026826428886124,0.0005976912319217694,1
246,4030464,4063232,1488,1488,0.00536481459857896,0.0052897076166118495,12.500757118529984,0.0612305037792296,0.00042915917393728474,1
247,4046848,4079616,2949,2949,0.011998832342214882,0.010148203913558973,21.501302373382856,0.7274979988686123,0.0005580514209719973,1
248,4063232,4096000,2602,2602,0.010526439298701007,0.009740016197611112,19.00115085307464,0.33721811312624816,0.0005539895651635063,1
249,4079616,4112384,7835,-357,0.0028044583450537175,0.002773102867649868,7.000424009646679,0.04883013830591188,0.00040061264020424135,1
250,4096000,4128768,571,571,0.022740690677892417,0.02039639253052883,31.001877532355316,0.47250289484083996,0.0007335262406013617,1
251,4112384,4145152,571,571,0.022321726544760168,0.021080344304209575,38.002301455067766,0.2485008354084406,0.0005873782821062137,1
252,4128768,4161536,1951,1951,0.009423313538718503,0.009125266871706117,16.00096899048704,0.1395806707941755,0.0005889214299659533,1
253,4145152,4177920,7044,-1148,0.0066819269268307835,0.006104879037593491,11.000666239029515,0.39224658676984314,0.0006074111132581973,1
254,4161536,4194304,4289,-3903,0.002470696170348674,0.0024143006430676905,6.50039369555781,0.10027992002393087,0.0003800840819898462,1
255,4177920,4210688,6071,-2121,0.0008517482201568782,0.0008511454361723736,3.0001815533079554,0.0030745991472915955,0.00028389889245794255,1
256,4194304,4227072,127,127,0.0094903263670858,0.008771303539106157,11.000666190827303,0.3421700739923753,0.0008627046946483231,1
257,4210688,4243456,127,127,0.0105902042996604,0.009310427637331031,15.000908435103693,0.5593470930537878,0.0007059708647296463,1
258,4227072,4259840,2569,2569,0.004532060193014331,0.004065956412887317,9.500575206886825,0.471329506718817,0.0004770300844236366,1
259,4243456,4276224,4195,-3997,0.005490441384608857,0.005259775236481801,11.500696322987693,0.18640073374768018,0.0004774007790845251,1
260,4259840,4292608,8041,-151,0.00531738976133056,0.005267210945021361,13.500817678823545,0.04117783352747575,0.0003938568676229924,1
261,4276224,4308992,1083,1083,0.006935212069947738,0.006853860935734701,16.00096919057239,0.051244573996815444,0.00043342449993803467,1
262,4292608,4325376,7156,-1036,0.007025702783721499,0.006967123656067997,14.000847810111797,0.036362547090666886,0.0005018055248516696,1
263,4308992,4341760,7757,-435,0.007497042955947109,0.00657972478074953,14.500877933530925,0.5668227108065661,0.0005170061419944384,1
264,4325376,4358144,5612,-2580,0.008046239818213508,0.007077152957208455,15.50093854431098,0.5573439054345664,0.0005190808153462791,1
265,4341760,4374528,2093,2093,0.011885566098499112,0.011054084432544187,18.00109006794603,0.31497094143999804,0.0006602692422312447,1
266,4358144,4390912,2093,2093,0.01201907229187782,0.01111861874233,16.500999288877026,0.33820108842538493,0.0007283845106265547,1
267,4374528,4407296,7963,-229,0.0021046750189270824,0.0020759143226314336,6.0003634117185705,0.05975621012455596,0.00035075792489779885,1
268,4390912,4423680,5653,-2539,0.007034497437416576,0.006517057860037312,11.500696387193377,0.33181498979040613,0.0006116583901171284,1
269,4407296,4440064,7291,-901,0.008853225011989707,0.007879301178036258,17.501059701754187,0.5061380106274977,0.0005058679395912421,1
270,4423680,4456448,3802,3802,0.00963950325967744,0.00935036271403078,19.001150522717484,0.13226196424056957,0.0005073115571687408,1
271,4440064,4472832,3802,3802,0.008726049738470465,0.008450927780359052,11.000666046295928,0.1391329379294586,0.0007932292191897457,1
272,4456448,4489216,4787,-3405,0.006317682724329643,0.006275767838815227,11.000666122119668,0.02890942496590897,0.0005743000154896363,1
273,4472832,4505600,4787,-3405,0.006629524868912995,0.006396270895493217,14.50087816268719,0.1555555534427203,0.00045718092342653425,1
274,4489216,4521984,5467,-2725,0.0028353376837912947,0.002822085371008143,6.5003936347511155,0.020346425520494156,0.0004361793828351524,1
275,4505600,4538368,2825,2825,0.020369766985822935,0.018427577553666197,26.501604788138536,0.43517813407544986,0.0007686239059356866,1
276,4521984,4554752,2825,2825,0.02038401519166655,0.018888102924393024,29.001756211724793,0.3310139370405702,0.000702854511390787,1
277,4538368,4571136,7436,-756,0.005771035881480202,0.005707934964448214,11.000666206412564,0.04774758378232151,0.0005246078531240336,1
278,4554752,4587520,3672,3672,0.005645286993399168,0.005524808992049657,9.000545113046261,0.09368757500752195,0.0006272161210787491,1
279,4571136,4603904,7895,-297,0.0015998197486624122,0.0015906088519841433,5.000302769425952,0.025076585095850472,0.0003199445758453694,1
280,4587520,4620288,4459,-3733,0.0018700223881751299,0.001863650424638763,5.50033307551886,0.014823533973763788,0.0003399834814546619,1
281,4603904,4636672,6756,-1436,0.015395190867366182,0.01511101346113719,22.50136231879752,0.08091485139079883,0.0006841892792644436,1
282,4620288,4653056,6756,-1436,0.015122006939236599,0.014835577603662387,22.001331993314924,0.08304973351405702,0.0006873223377489782,1
283,4636672,4669440,448,448,0.007782057800795883,0.006902875364175998,12.0007266446888,0.5206442018268552,0.0006484655497290252,1
284,4653056,4685824,448,448,0.007540856036939658,0.006819541344157187,12.500756980324685,0.4366548303818176,0.0006032319521776511,1
285,4669440,4702208,4768,-3424,0.004259277935489081,0.004207146921544336,9.500575360002056,0.053483018400757934,0.00044831789382155475,1
286,4685824,4718592,7702,-490,0.004487963230303649,0.004428153071785346,10.00060550582974,0.05826665008038942,0.000448769149796724,1
287,4702208,4734976,4534,-3658,0.0020752701375386096,0.002068777108888753,6.000363200291435,0.013609346869685391,0.0003458574203371247,1
288,4718592,4751360,7151,-1041,0.010992433182764216,0.01003948397556087,14.000847799129174,0.39382443587201865,0.0007851262538149957,1
289,4734976,4767744,7151,-1041,0.01096543052335619,0.010135929151147138,15.500938771411521,0.3416212134077228,0.0007074042859636219,1
290,4751360,4784128,2918,2918,0.005644391378154978,0.004980946410796605,11.000666285634818,0.5430525054950842,0.0005130954100049091,1
291,4767744,4800512,7643,-549,0.007862878264859319,0.0072718102601356804,16.000969025488885,0.3393901333368272,0.0004914001303504855,1
292,4784128,4816896,510,510,0.017091254064325767,0.0160482830433466,25.5015442334195,0.2734535469414038,0.0006702046710539145,1
293,4800512,4833280,510,510,0.020797723831492476,0.01902376813814044,28.50172592324702,0.38719262883566696,0.0007297005061201965,1
294,4816896,4849664,7649,-543,0.013991955784149468,0.013749594974797219,26.00157452256019,0.07588518827523784,0.0005381195577986782,1
295,4833280,4866048,2293,2293,0.013534652738599107,0.011020344027201645,21.50130199014461,0.8925196516551723,0.0006294806121416686,1
296,4849664,4882432,2332,2332,0.008413355652010068,0.007919279756606556,14.500878167716394,0.26283562805754396,0.000580196285680194,1
297,4866048,4898816,2332,2332,0.006616721017053351,0.006476168549852446,12.000726705906633,0.0932468048132841,0.0005513600283720043,1
298,4882432,4915200,121,121,0.006900834065163508,0.006816654218710028,12.000726606016713,0.05330320096120559,0.0005750346867916889,1
299,4898816,4931584,6834,-1358,0.0067121200136170955,0.0065619763190625235,10.000605471581661,0.0982505436855148,0.0006711713638429864,1
300,4915200,4947968,3377,3377,0.03555055002652807,0.03345529756916221,41.00248301083465,0.26381427302387966,0.000867034077354146,1
301,4931584,4964352,3377,3377,0.03548920853347681,0.03506301925517619,45.002725142135574,0.052470037883953144,0.0007886013218397,1
302,4947968,4980736,4820,-3372,0.006441504170652479,0.006401762377208797,15.500938357664225,0.026877425018320016,0.0004155557568208486,1
303,4964352,4997120,3859,3859,0.009464936927543022,0.008500780444592237,20.501241331335045,0.4665892475248573,0.0004616762846002098,1
304,4980736,5013504,7765,-427,0.012539697054307908,0.011846099747344851,20.001211189717417,0.24711659333827407,0.0006269468851343633,1
305,4997120,5029888,7765,-427,0.011318341799778864,0.011058159812819213,17.00102942476118,0.10099942864544799,0.0006657444979945887,1
306,5013504,5046272,7087,-1105,0.053276139398803934,0.04904544564487878,64.50390612077621,0.35934061548354407,0.0008259366386130236,1
307,5029888,5062656,7087,-1105,0.05311446826090105,0.048603650197037496,60.50366388130852,0.3854395146563835,0.0008778719312783598,1
308,5046272,5079040,5587,-2605,0.010769264976261184,0.010356846876675263,18.501120120811024,0.16958507486271548,0.0005820871874750628,1
309,5062656,5095424,5587,-2605,0.011472694342955947,0.010958099504932761,22.001332199227676,0.19930183483627087,0.0005214545300742597,1
310,5079040,5111808,5292,-2900,0.013794498256174847,0.010297050757799298,18.001090220757334,1.269930550802936,0.0007663146002272796,1
311,5095424,5128192,2388,2388,0.023124110739445314,0.023086915083695203,31.00187739761248,0.006991349464281894,0.0007458938838725345,1
312,5111808,5144576,2388,2388,0.02828044051420875,0.02691774145932868,38.5023314506422,0.2144755254596918,0.0007345124164873668,1
313,5128192,5160960,6889,-1303,0.04559166225953959,0.044108158530434594,61.50372449313083,0.14366499932978594,0.0007412829488827394,1
314,5144576,5177344,859,859,0.044927149878276396,0.04488637044642019,61.50372444483409,0.003943790062634232,0.0007304785244115405,1
315,5160960,5193728,836,836,0.03139746724627912,0.03075602812168654,34.50208910006113,0.08964366728386818,0.0009100164095925279,1
316,5177344,5210112,6977,-1215,0.24376917116023833,0.1704782424494624,91.50554181768902,1.5530982132795936,0.00266398259950104,1
317,5193728,5226496,6977,-1215,0.3665573282632977,0.3403449743054807,138.00835770310474,0.3222256441178351,0.0026560516650148596,1
318,5210112,5242880,832,832,0.32670032617170364,0.2886312734335661,125.00756966400954,0.538061825996264,0.0026134443462087617,1
319,5226496,5259264,832,832,0.5004498758353293,0.3963495623320341,152.00920526275766,1.0128220287368976,0.0032922340128696127,1
320,5242880,5275648,832,832,0.9606307353824377,0.5640756094362587,216.01308080284315,2.3121915648961973,0.004447095202809561,1
321,5259264,5292032,832,832,0.6567563787102699,0.2933318940922618,142.5086292598915,3.500450129820863,0.004608537617132996,1
322,5275648,5308416,833,833,0.033606926910579205,0.029000618495047092,36.502210065488114,0.640215412878885,0.0009206819765237633,1
323,5292032,5324800,833,833,0.023987787397345528,0.02395033574430272,39.502392027588655,0.0067858516344990434,0.0006072489833170696,1
324,5308416,5341184,7706,-486,0.04102105333004147,0.03547646489460021,55.50336146417652,0.6306647050599136,0.0007390733146228927,1
325,5324800,5357568,7857,-335,0.3101317187247332,0.26868232066044584,108.50657069904696,0.6230709525437653,0.00285818376460272,1
326,5341184,5373952,7857,-335,0.31334823998622596,0.2701173706445843,106.50644934545876,0.6447474610516564,0.0029420588322296424,1
327,5357568,5390336,13,13,0.07102750038029626,0.05403437849599868,76.50463252509917,1.187563705550296,0.0009284078367018363,1
328,5373952,5406720,13,13,0.06774922990553023,0.051496578264050186,65.50396633048133,1.1912599010310407,0.00103427675758932,1
329,5390336,5423104,1315,1315,0.017381946672685444,0.015145682613365352,29.501786472690846,0.5980956149726215,0.00058918285130887,1
330,5406720,5439488,7897,-295,0.13538544550101506,0.07919332628080156,39.50239212977162,2.3288339379350473,0.0034272720764922894,1
331,5423104,5455872,7897,-295,0.13883327618532348,0.08142456588393543,73.5044513016191,2.317381204575651,0.0018887737235889735,1
332,5439488,5472256,277,277,0.05903095666144509,0.05119067714258563,52.503179487294766,0.6188894712659395,0.001124331083143831,1
333,5455872,5488640,4321,-3871,0.012746560241794214,0.012682858214247972,23.501423076054568,0.021758654817021272,0.0005423739745692929,1
334,5472256,5505024,289,289,0.04309898610745222,0.03132903874575277,35.50214977570434,1.3851998378346697,0.0012139824314793108,1
335,5488640,5521408,289,289,0.046001821103800467,0.04086198393633822,44.0026645707669,0.5145557598773716,0.001045432624422515,1
336,5505024,5537792,301,301,0.07521706775878556,0.048795956434332766,46.50281579787432,1.8793256410955186,0.0016174734038841535,1
337,5521408,5554176,301,301,0.0769770402694121,0.051323346997378394,44.50269486739697,1.7604623798507864,0.0017297163800704144,1
338,5537792,5570560,8113,-79,0.09272308486470138,0.08996197562737507,45.502755461705576,0.13128887745541218,0.0020377465919121252,1
339,5554176,5586944,8114,-78,0.08476015284031746,0.08471703804752906,47.002846139041154,0.0022096798869811972,0.001803298306438397,1
340,5570560,5603328,1481,1481,0.015633150656867656,0.014851025749521796,27.501665154659477,0.22290062115474985,0.0005684437858199654,1
341,5586944,5619712,1070,1070,0.014333670027554035,0.01409658812917769,21.50130190358672,0.07243391632209704,0.0006666419592556382,1
342,5603328,5636096,1070,1070,0.014332205057144165,0.014005129531142302,21.001271948111782,0.10025883283687206,0.0006824446201427704,1
343,5619712,5652480,997,997,0.03040744218742475,0.022844488208647817,31.00187735471303,1.2419845682456205,0.0009808258332072296,1
344,5636096,5668864,6552,-1640,0.03715595914400183,0.035126366681652144,47.002846275748944,0.2439524607899594,0.0007905044500075817,1
345,5652480,5685248,641,641,0.07302645256277174,0.06544010923244059,56.50342158128216,0.4763618865804173,0.0012924253172477461,1
346,5668864,5701632,641,641,0.07137281692121178,0.06883267080411315,63.00381486833452,0.15738216585911563,0.0011328332589124455,1
347,5685248,5718016,8,8,0.06704416088177823,0.06088165828259662,45.502755096020415,0.41874486407949746,0.0014734088241536343,1
348,5701632,5734400,1619,1619,0.031201426521874964,0.031194163719192147,40.002422091498104,0.0010110314303812032,0.0007799884329630717,1
349,5718016,5750784,1620,1620,0.030074293492361903,0.02832276254775934,26.50160465153948,0.26059822320210135,0.0011348102836714411,1
350,5734400,5767168,2482,2482,0.009108188678510487,0.009035128602590703,15.000908470103234,0.03497680036323224,0.0006071758051629393,1
351,5750784,5783552,6857,-1335,0.010160450066905469,0.009296791657106951,19.50118079603528,0.385798474207089,0.00052101717189203,1
352,5767168,5799936,1722,1722,0.005238266625610777,0.005094642779184255,10.500635757602838,0.12073862056549735,0.0004988523310903421,1
353,5783552,5816320,4689,-3503,0.002072688832413405,0.002061106570181437,6.000363342453024,0.02433659747608153,0.00034542722067328405,1
354,5799936,5832704,76,76,0.0045101441646693274,0.0043529734830372036,9.000544822913845,0.15404402543472379,0.0005010967950725908,1
355,5816320,5849088,3632,3632,0.00499577207119728,0.004950098256813362,12.000726541351284,0.03988796221829327,0.0004162891349938847,1
356,5832704,5865472,217,217,0.02625965467086644,0.024736383973504417,26.50160456011212,0.2595279689683802,0.0009908703682942337,1
357,5849088,5881856,217,217,0.026449897119164234,0.024564285224187188,27.001635026120482,0.32119855642190953,0.000979566500087031,1
358,5865472,5898240,7645,-547,0.005022603669203818,0.004977413627784699,10.500635916699895,0.039251770549871126,0.00047831423820875646,1
359,5881856,5914624,5706,-2486,0.003672527673188597,0.0035153895732946694,9.0005449225901,0.18991616697202912,0.00040803392514280663,1
360,5898240,5931008,2058,2058,0.005158571904757991,0.004989032575394958,9.500575251695546,0.14513148870871162,0.0005429746902786074,1
361,5914624,5947392,2449,2449,0.014547312370268628,0.014546726015396416,20.501241110059873,0.0001750535158424587,0.0007095820341886679,1
362,5931008,5963776,5755,-2437,0.015020961218397133,0.014576471934560686,22.001332127124247,0.1304530407002193,0.0006827296243520913,1
363,5947392,5980160,7434,-758,0.010499753727344796,0.010377513666753657,20.001211431897126,0.050857987751006056,0.0005249558889518168,1
364,5963776,5996544,2717,2717,0.009712538303574547,0.00912734292796813,19.501181014457476,0.26988376618140253,0.0004980487231195905,1
365,5980160,6012928,3471,3471,0.0036123187746852636,0.0036077313707210124,9.000545087319543,0.0055187552881333975,0.00040134444521304545,1
366,5996544,6029312,6759,-1433,0.003313381035695784,0.0032433254382340237,7.000423997453373,0.09280853845908985,0.00047331147897629224,1
367,6012928,6045696,4585,-3607,0.004256018000887707,0.003961216076277196,9.500575295996164,0.3117492321469038,0.00044797476661032564,1
368,6029312,6062080,5555,-2637,0.0036437759627006017,0.003456865859334357,9.500575369441094,0.2286913910661476,0.0003835321357926304,1
369,6045696,6078464,6413,-1779,0.009567000884999288,0.008172016590833664,16.000969001063435,0.6844657447095154,0.0005979013448725173,1
370,6062080,6094848,6413,-1779,0.008954397433498684,0.007772168868314111,14.000847759419521,0.6149413819472599,0.0006395610885401083,1
371,6078464,6111232,3346,3346,0.001397761981934309,0.0013937805779278278,4.00024205976624,0.012388154044474459,0.00034941935039200833,1
372,6094848,6127616,2267,2267,0.005781048392236698,0.005704822717234492,10.000605435175796,0.05764451948520973,0.0005780698408420986,1
373,6111232,6144000,2267,2267,0.006163135803944897,0.006016294879373163,11.500696360973457,0.10472623085501419,0.0005358924025556335,1
374,6127616,6160384,3010,3010,0.003863278849166818,0.0035244332830188796,9.500575287145146,0.3986676253945417,0.0004066363070028052,1
375,6144000,6176768,6670,-1522,0.016923753491028037,0.016156752608367242,22.001332340841007,0.20142615706719796,0.0007692149379341234,1
376,6160384,6193152,6670,-1522,0.016641231428366154,0.01616901006491389,21.501301904711674,0.12502028963616113,0.0007739638977265599,1
377,6176768,6209536,2312,2312,0.003944533469621092,0.0037912005027465057,10.500635802488402,0.1721889214611319,0.00037564710783382575,1
378,6193152,6225920,1288,1288,0.002403412392595783,0.0023790473060216755,7.000423913871419,0.04425218347775422,0.0003433238361227517,1
379,6209536,6242304,6719,-1473,0.0038239682144194376,0.003810194324614713,7.500454212932391,0.015671478821517416,0.0005098315523113382,1
380,6225920,6258688,7112,-1080,0.011282398860203102,0.01117683819757076,18.501120298409838,0.040824851490635215,0.0006098224690303115,1
381,6242304,6275072,5402,-2790,0.02088270429521799,0.019460268566035666,35.502149780084046,0.30637909238478533,0.0005882095710985013,1
382,6258688,6291456,4869,-3323,0.016148515440363553,0.015597628731484292,26.001574443713938,0.15074024426786198,0.0006210591391425364,1
383,6275072,6307840,1783,1783,0.002244754054117948,0.0022263969876803458,7.00042378361007,0.03566158861191307,0.00032065973768238696,1
384,6291456,6324224,3780,3780,0.005895851943932939,0.005590866609963996,10.500635789226479,0.2306743828607773,0.0005614757108309584,1
385,6307840,6340608,3780,3780,0.005697097147276509,0.005456310105728335,8.000484386708061,0.1875457995228234,0.0007120940272993493,1
386,6324224,6356992,5756,-2436,0.0038477557136502583,0.003785418448387645,6.500393587316631,0.07093597402735276,0.0005919265752089045,1
387,6340608,6373376,1558,1558,0.004481889773160219,0.004246853786753491,11.000666163784071,0.23393862269872226,0.0004074198513463946,1
388,6356992,6389760,340,340,0.006125957903350354,0.0058669524587458,11.00066626046165,0.18761439031949695,0.0005568715347149596,1
389,6373376,6406144,336,336,0.009475891449255869,0.009279858932131901,18.001089982014502,0.09078702696783025,0.0005264065375332023,1
390,6389760,6422528,2658,2658,0.008635609810880851,0.008485634214594029,15.500938482814655,0.07608704109067996,0.000557102385797792,1
391,6406144,6438912,1850,1850,0.009160087764939817,0.008669241360621527,16.500999094211977,0.2391854043851742,0.0005551232208813879,1
392,6422528,6455296,5195,-2997,0.014387424918822944,0.013320050202310085,30.001816302370493,0.33477208603932995,0.00047955179692524714,1
393,6438912,6471680,3700,3700,0.012049514276441187,0.010732385798291944,21.501301655185383,0.5027326466426068,0.000560408596171444,1
394,6455296,6488064,6685,-1507,0.032454679734655656,0.03019517691427609,48.50293719973165,0.31339749342296164,0.000669128131375005,1
395,6471680,6504448,6238,-1954,0.03614177508279681,0.03499511338304728,68.00411786249133,0.1400207392411023,0.0005314645086034024,1
396,6488064,6520832,1828,1828,0.022313257592941227,0.022151060871692607,28.501725608581403,0.031684485850890634,0.0007828739178593128,1
397,6504448,6537216,917,917,0.003708220086991787,0.0036794109182665125,9.000545039794115,0.03387209355745413,0.0004119995034296958,1
398,6520832,6553600,905,905,0.002563493100751657,0.002485875622369349,6.50039371645797,0.13352757464835233,0.0003943596669016059,1
399,6537216,6569984,6239,-1953,0.002840881104930304,0.0028154446627013385,6.5003935141402795,0.03906062493896605,0.0004370321733215915,1
400,6553600,6586368,126,126,0.006521807692479342,0.006320595290162601,14.000847812430855,0.1361000548886509,0.00046581519775458605,1
401,6569984,6602752,6598,-1594,0.006330420379526913,0.005912884651479544,11.500696330700162,0.2963314397880621,0.000550438008055945,1
402,6586368,6619136,5197,-2995,0.005647100646456238,0.005445552058517933,10.500635993428842,0.15783613919420753,0.0005377865350241755,1
403,6602752,6635520,350,350,0.006244364479025322,0.006109251320594922,13.500817816466085,0.095002532051782,0.000462517498118482,1
404,6619136,6651904,1572,1572,0.019530858218786307,0.019473002321319655,32.001937545126026,0.012884117159658412,0.0006103023665753296,1
405,6635520,6668288,1572,1572,0.021242171940684784,0.020653364423196763,35.502149332019954,0.12208111711886398,0.0005983348146622247,1
406,6651904,6684672,5714,-2478,0.025928270304575562,0.02290084440028295,32.50196797921575,0.5392204965936047,0.0007977446264532686,1
407,6668288,6701056,6493,-1699,0.024409123056102544,0.024389484169660136,33.50202865398516,0.0034956163538319325,0.0007285864181003562,1
408,6684672,6717440,4096,4096,0.009399445727467537,0.008997794444439933,20.501241462996838,0.18966177159967723,0.00045848178240487597,1
409,6701056,6733824,538,538,0.01063324511051178,0.01057471358217299,19.50118100677411,0.02397211790576325,0.0005452615975831473,1
410,6717440,6750208,1332,1332,0.009868934233963955,0.008494977646478219,13.000787261383945,0.6510801445585307,0.0007591028170484345,1
411,6733824,6766592,4503,-3689,0.0027224649529671296,0.002508384597604163,6.000363346539459,0.3556817228757902,0.0004537166827634255,1
412,6750208,6782976,4485,-3707,0.0012284208496566862,0.0012283535324968398,4.500272557584503,0.00023799882706634342,0.0002729658779414095,1
413,6766592,6799360,2817,2817,0.010397393358289264,0.00926368914952036,17.001029493062752,0.501405011530767,0.0006115743380441701,1
414,6782976,6815744,2817,2817,0.010331340788980015,0.009432196529814973,19.001150570191605,0.3954384622540736,0.0005437218525696802,1
415,6799360,6832128,4230,-3962,0.0053562048997264355,0.00514900017878972,11.500696395283292,0.17134275532428006,0.0004657287450804407,1
416,6815744,6848512,5790,-2402,0.020316623646067455,0.01866476891154889,31.00187736955636,0.3682891831711197,0.0006553352690188448,1
417,6832128,6864896,827,827,0.021765004756161943,0.021071172333904542,35.00211957261312,0.1407006733452083,0.0006218196218377484,1
418,6848512,6881280,2297,2297,0.009021971418405883,0.008430087993474444,13.500817458085738,0.2946933909416868,0.0006682537147409958,1
419,6864896,6897664,109,109,0.008144991530571133,0.008030637807678431,15.000908411373336,0.06140597954877446,0.0005429665529052755,1
420,6881280,6914048,109,109,0.011052087938878685,0.01053889256218099,20.50124140686553,0.20649354680712512,0.0005390935953360132,1
421,6897664,6930432,2863,2863,0.00716860265674768,0.006694627149045118,9.000544949116113,0.29708114461467305,0.0007964631805379366,1
422,6914048,6946816,911,911,0.003285634651547298,0.0032259469298878685,6.000363392409269,0.07962051578601209,0.0005475726113028045,1
423,6930432,6963200,5931,-2261,0.00567719132413913,0.0048417903926747385,10.500635882914967,0.6912754606291946,0.000540652145969197,1
424,6946816,6979584,6746,-1446,0.00532484968425706,0.005205572699196637,10.500635875167692,0.09838836479545396,0.0005070978317465012,1
425,6963200,6995968,7949,-243,0.04624580263043754,0.04173100007028552,42.50257387393198,0.44613528785609086,0.0010880706370303232,1
426,6979584,7012352,7949,-243,0.04551408861880191,0.04205147983157076,40.00242250235321,0.3436456713521064,0.0011377833084014965,1
427,6995968,7028736,6469,-1723,0.0023325592337641865,0.002327806047105696,7.0004238878999825,0.008858891218203727,0.00033320257046090356,1
428,7012352,7045120,6062,-2130,0.006321249296888709,0.00630280494078761,15.00090831157566,0.01269051546501943,0.0004213911028314751,1
429,7028736,7061504,6690,-1502,0.005891807813895866,0.005807392735732719,11.000666078418483,0.06267375061243333,0.0005355864610284494,1
430,7045120,7077888,7003,-1189,0.00931543970364146,0.008370313997147605,10.500635963952131,0.46461609041076213,0.0008871310019336582,1
431,7061504,7094272,6716,-1476,0.020715163226668665,0.018196928169345483,30.50184689159783,0.5629027895461156,0.0006791445547638282,1
432,7077888,7110656,6716,-1476,0.018544395854405593,0.016154612421814818,24.501483375463575,0.5991614632919637,0.0007568682912062555,1
433,7094272,7127040,782,782,0.003536846867064014,0.0034508114913478494,10.00060537208945,0.10695021222525328,0.00035366327691871045,1
434,7110656,7143424,1445,1445,0.008289176352263894,0.007373930153335095,15.500938570761422,0.5081235974628298,0.0005347531902293528,1
435,7127040,7159808,6330,-1862,0.009350161519250832,0.008962931176938582,18.001090148991313,0.18369051504249864,0.00051942195955142,1
436,7143424,7176192,7571,-621,0.007792953729222063,0.007716357213212177,18.501120255474532,0.04289773391586233,0.00042121523570531395,1
437,7159808,7192576,690,690,0.009770744247362018,0.009591670823283494,22.501362411240322,0.08033379837075416,0.0004342290066170013,1
438,7176192,7208960,5529,-2663,0.011429247359046713,0.01112794183427468,22.50136237929277,0.11602785161041246,0.0005079357936817486,1
439,7192576,7225344,2423,2423,0.013453252031467855,0.01292207936057821,22.00133225934634,0.174948743674754,0.0006114744267703519,1
440,7208960,7241728,2423,2423,0.011157434681081213,0.011117856513010338,16.000968909077663,0.015432882950875762,0.0006972974414537723,1
441,7225344,7258112,6879,-1313,0.002755203182459809,0.002701119432458654,5.000302692815431,0.08609844077009148,0.0005510072793030227,1
442,7241728,7274496,6995,-1197,0.0037685224669985473,0.003135629405733198,7.000423985578134,0.798463801916895,0.0005383277462568322,1
443,7258112,7290880,6995,-1197,0.0037509490794036537,0.0032658293057465926,8.000484500656494,0.6014768663703346,0.0004688402407499024,1
444,7274496,7307264,1338,1338,0.005355590910767205,0.005257286698906682,10.00060557562897,0.08045734509492178,0.0005355266608872707,1
445,7290880,7323648,709,709,0.006892227491334779,0.006522479583509266,14.50087815929649,0.23946875386750693,0.0004752972485956778,1
446,7307264,7340032,297,297,0.016346807631634874,0.015736050729174167,24.501483766628983,0.16537204926817498,0.0006671762325634836,1
447,7323648,7356416,297,297,0.01643963788592373,0.01572961881174706,26.00157452331223,0.19174049002851146,0.0006322554763437285,1
448,7340032,7372800,5765,-2427,0.006442523110308684,0.006413463037461042,14.500878070921662,0.01963388981861315,0.00044428503424408174,1
449,7356416,7389184,4059,4059,0.004228506702929735,0.004170405212789774,11.000666229850115,0.06008768596431305,0.00038438641938392387,1
450,7372800,7405568,595,595,0.017018029331666185,0.013648819789523259,20.001211100279114,0.958141682048691,0.0008508499433531152,1
451,7389184,7421952,595,595,0.01805453372071497,0.013892265793401748,19.50118080962932,1.138131929029883,0.0009258174618738973,1
452,7405568,7438336,4916,-3276,0.009229541268723551,0.008676164583448553,14.00084815525813,0.2685233422401417,0.0006592130109815757,1
453,7421952,7454720,4916,-3276,0.009408517349584145,0.008949693285103422,14.500878423632015,0.2171303823135714,0.0006488239591231333,1
454,7438336,7471104,859,859,0.00252078240737319,0.0025072723783523543,6.000363467585302,0.023338429767030766,0.00042010495214011033,1
455,7454720,7487488,6113,-2079,0.006243211661058012,0.005733957128541078,8.500514695819056,0.3695361738538486,0.0007344510167282824,1
456,7471104,7503872,7473,-719,0.009531867661280558,0.009057097282493487,19.50118080068505,0.22188971515576922,0.0004887841284434282,1
457,7487488,7520256,6868,-1324,0.01109278982039541,0.011005700653186068,23.001392940186975,0.03423088161386159,0.00048226600229130464,1
458,7503872,7536640,8171,-21,0.012484108536227723,0.011112690519439639,24.00145335971599,0.5053831602221068,0.0005201396910897503,1
459,7520256,7553024,108,108,0.008837775472784415,0.008431426584138535,16.50099911165222,0.2044190115531898,0.0005355903247424332,1
460,7536640,7569408,337,337,0.022104474119259976,0.021424685168312863,23.001392624486787,0.13565738431410407,0.0009610059043002479,1
461,7553024,7585792,337,337,0.02275834792817477,0.021468563994858414,31.501907293122322,0.2533773660544101,0.000722443492592701,1
462,7569408,7602176,2651,2651,0.007888034982897807,0.007666865931241773,16.500999150088575,0.12350959091050813,0.0004780337791154583,1
463,7585792,7618560,1631,1631,0.007549812973593362,0.006898422332596965,12.000726738701237,0.39186414221769317,0.0006291129810702139,1
464,7602176,7634944,7133,-1059,0.009595322917448357,0.008751416042287019,17.001029514698033,0.39981264213012757,0.0005643965801690326,1
465,7618560,7651328,6801,-1391,0.008550499740522355,0.008143626342643984,16.50099932894826,0.21173659606861495,0.0005181807216682885,1
466,7634944,7667712,5126,-3066,0.007120247082639253,0.006552310413098894,12.000726910241918,0.36100600762785123,0.0005933179828100695,1
467,7651328,7684096,6662,-1530,0.022158633005346928,0.018417960105580278,21.00127180574554,0.8030143676937869,0.00105510910054908,1
468,7667712,7700480,354,354,0.10560651387186226,0.07109012411274307,48.502937108251814,1.7188143412070553,0.002177322037965726,1
469,7684096,7716864,354,354,0.1774030700325966,0.0954420561902225,86.50523841118161,2.6922134406190636,0.0020507783492758466,1
470,7700480,7733248,354,354,0.15115850162692368,0.08839848666684702,85.50517813527922,2.32987748085191,0.0017678286265630978,1
471,7716864,7749632,354,354,0.34675583825446665,0.1889614841202274,84.0050871705484,2.6365049066076436,0.004127795707782288,1
472,7733248,7766016,354,354,0.3369997749105096,0.1845874120190274,90.00545028933563,2.614275299089559,0.003744215198381595,1
473,7749632,7782400,354,354,0.09958406665828079,0.0702463835477829,61.5037243615983,1.5156588670838822,0.0016191550624283673,1
474,7766016,7798784,354,354,0.07023275957908481,0.06296937132719904,50.50305792689029,0.47410375590065357,0.0013906635055793218,1
475,7782400,7815168,354,354,0.7447989525971934,0.30508403724525124,139.50844753630042,3.8761957235938045,0.005338737300502144,1
476,7798784,7831552,354,354,0.7227587286033668,0.29966167592283455,124.00750911892771,3.823621411812938,0.00582834647464949,1
477,7815168,7847936,795,795,0.015237581799738109,0.014754749645362608,30.501847074048626,0.13984205144727052,0.0004995625924799303,1
478,7831552,7864320,8095,-97,0.13897533218550961,0.11509105940785958,52.503179629301144,0.8189613304098997,0.002646988871278756,1
479,7847936,7880704,8095,-97,0.14290524159150664,0.11606929630943341,73.00442133469858,0.9033080701765426,0.0019574874915635363,1
480,7864320,7897088,7731,-461,0.08351289434358478,0.060429217759519815,74.00448171288292,1.4050656302684705,0.0011284842810951894,1
481,7880704,7913472,6427,-1765,0.05810218377155252,0.0546417350997217,69.00417830722884,0.2666797413486012,0.000842009646326964,1
482,7897088,7929856,1263,1263,0.3405659662093967,0.2756125379819423,115.00696363901118,0.9190227510917717,0.0029612638698851305,1
483,7913472,7946240,1263,1263,0.35287260444602,0.28082015668042004,144.00872006626105,0.9918966553913826,0.0024503558137566727,1
484,7929856,7962624,7367,-825,0.09218063348089345,0.0834250014013378,83.00502608863776,0.4334346572191491,0.001110542792703389,1
485,7946240,7979008,1087,1087,0.09015628573251888,0.06095147367886966,62.503784113673106,1.700118008884771,0.0014424132396297046,1
486,7962624,7995392,8003,-189,0.10109144519083202,0.08934619947103783,106.00641861062314,0.5363832160591078,0.0009536351337569045,1
487,7979008,8011776,8003,-189,0.10117423161864281,0.09836598963011056,126.50766052677366,0.12224949153333692,0.0007997478666300262,1
488,7995392,8028160,8015,-177,0.6400966927903937,0.23997791740112007,181.01096080366784,4.260743032393838,0.0035362316732005512,1
489,8011776,8044544,8015,-177,0.6450216557568638,0.28254542115610093,192.0116273062926,3.584860220995776,0.003359284355878823,1
490,8028160,8060928,7635,-557,0.33732068294193596,0.2907162581104785,194.5117788173649,0.6457365085645307,0.0017341915486704803,1
491,8044544,8077312,7635,-557,0.3351899794943165,0.2635368972842116,138.0083570453984,1.044495983928223,0.0024287658129576485,1
492,8060928,8093696,1000,1000,0.021150733653485077,0.020402364505571313,23.501422957973183,0.15644933965312002,0.0008999767244438021,1
493,8077312,8110080,7995,-197,0.11678887878952082,0.07836842947310174,44.50269474736836,1.7326034562923345,0.0026243102682321742,1
494,8093696,8126464,7995,-197,0.11756771721411496,0.10412650578655303,98.0059344132572,0.5272679083387679,0.0011995979418794427,1
495,8110080,8142848,6953,-1239,0.10056354527478106,0.09483750592335127,66.0039964397365,0.25460451400840295,0.0015235978228469605,1
496,8126464,8159232,6431,-1761,0.010528211802011356,0.009626663610106334,18.501120382758064,0.38878817021116224,0.0005690580669818796,1
497,8142848,8175616,775,775,0.04574135987786576,0.04307275225937701,36.00217994383115,0.2610644875212751,0.001270516395096886,1
498,8159232,8192000,7919,-273,0.052135430567432195,0.050510835368186235,57.50348195701986,0.1374841346508466,0.0009066482375171658,1
499,8175616,8208384,7919,-273,0.05129322622087784,0.04525251130689867,55.50336108079654,0.5441733044334822,0.0009241463079363792,1
500,8192000,8224768,7599,-593,0.04238852864364162,0.03810810696450062,51.50311840523608,0.462309663952826,0.0008230283904388239,1
501,8208384,8241152,7599,-593,0.03952607046812773,0.03733393322909251,38.002300953313316,0.24779894165776364,0.001040096769842605,1
502,8224768,8257536,1326,1326,0.005612827881122939,0.005556202697334811,11.500696562005709,0.04403643697581678,0.00048804242863565025,1
503,8241152,8273920,1009,1009,0.00560433030477725,0.005127018986968324,10.00060579405954,0.38658797792160815,0.0005603990818342503,1
504,8257536,8290304,1009,1009,0.005199690383960842,0.004865938071816345,10.500635821915054,0.28810906881510423,0.0004951786227181573,1
505,8273920,8306688,2281,2281,0.0023914042249089107,0.0023859024950070307,8.000484151644166,0.010003008530586239,0.00029890743854763555,1
506,8290304,8323072,4194,-3998,0.011309408990200609,0.010489217638678383,19.001150319582294,0.32696813459235924,0.0005951960170824661,1
507,8306688,8339456,3843,3843,0.0135317246458726,0.013194434279284906,25.50154410062965,0.10962377569989107,0.0005306237376245187,1
508,8323072,8355840,689,689,0.011828444425191265,0.011723220035491977,15.50093878319314,0.03880717301728819,0.0007630792296280939,1
509,8339456,8372224,1082,1082,0.002068176487227902,0.0020625134129659273,6.000363488533118,0.011908148531657415,0.0003446752002908243,1
510,8355840,8388608,2234,2234,0.0065039738840368955,0.0063453548500547186,12.000726803707769,0.10722874653356695,0.000541964998488876,1
511,8372224,8404992,2234,2234,0.007283205297426321,0.0070761195456725545,15.000908446029843,0.1252739055084059,0.0004855176153917466,1
512,8388608,8421376,6380,-1812,0.0026061266544274986,0.0025993362796725705,6.500393607577958,0.011330496427253334,0.0004009182846080823,1
513,8404992,8437760,340,340,0.007365390658378601,0.007364048884483054,12.500756773806177,0.0007912385243360931,0.0005891955816476555,1
514,8421376,8454144,339,339,0.008284905225082184,0.008024039283554885,18.001089742334937,0.13894498477993752,0.00046024464872244686,1
515,8437760,8470528,4171,-4021,0.005133600452609244,0.004999816770578036,12.500756882330068,0.11467975634138278,0.00041066317031296194,1
516,8454144,8486912,6852,-1340,0.004560061322990805,0.003999406500952318,10.000605580835995,0.5697513482128805,0.00045597851911380045,1
517,8470528,8503296,925,925,0.0022768071794416755,0.0022703461290802807,5.000302808288345,0.012341789322972472,0.0004553338601149737,1
518,8486912,8519680,5872,-2320,0.002578062907559797,0.0025491325359325856,4.0002422707139615,0.04901094268644147,0.0006444766924328474,1
519,8503296,8536064,1937,1937,0.019986926588899223,0.019878993509337306,27.001635366922578,0.023516254126128067,0.0007402117063392211,1
520,8519680,8552448,1937,1937,0.020080896425497485,0.019154290133883478,26.501605095560038,0.20517034640622922,0.0007577237813743496,1
521,8536064,8568832,1722,1722,0.005100618756841868,0.005014476482756436,11.000666068131055,0.0739726475552071,0.0004636645386062911,1
522,8552448,8585216,1722,1722,0.0055328824382741,0.005293206166243181,13.000787277780201,0.19232632747062622,0.0004255805683191521,1
523,8568832,8601600,4927,-3265,0.003083342031459324,0.002978477830765769,6.500393767335781,0.1502733123710465,0.00047433157771964446,1
524,8585216,8617984,5039,-3153,0.001359528600005433,0.0013436341905617155,5.000302963555388,0.05107301633769022,0.0002718892454945892,1
525,8601600,8634368,7149,-1043,0.00618577178340729,0.005944238871961716,11.000666230627848,0.17297639765507214,0.0005623088323673507,1
526,8617984,8650752,742,742,0.007775604448397644,0.007696515283896588,16.5009991831721,0.04440023408250227,0.00047122021897481756,1
527,8634368,8667136,5816,-2376,0.005421720423328225,0.005382134550018236,10.500635851897997,0.03182568318121496,0.0005163230588886905,1
528,8650752,8683520,783,783,0.0003051942476304248,0.0003051942476304248,1.500090801814865,0.0,0.00020345051596955968,1
529,8667136,8699904,1382,1382,0.004331134929088876,0.003795716467720922,5.5003331285276005,0.5730794958643005,0.0007874313842238659,1
530,8683520,8716288,6607,-1585,0.004901764725218527,0.004862762038101209,10.500635959481185,0.03469444508510867,0.00046680646240217943,1
531,8699904,8732672,6711,-1481,0.0063991744827944785,0.00617867198161548,14.50087821597217,0.15228812354489704,0.0004412956503383381,1
532,8716288,8749056,6111,-2081,0.006959875056054443,0.0069022211246192455,15.500938828032456,0.03612574654293711,0.00044899700161824744,1
533,8732672,8765440,28,28,0.005549123903620057,0.005190396361285821,11.000666234908557,0.2902389833320683,0.00050443525738568,1
534,8749056,8781824,4558,-3634,0.00521964902873151,0.004711927191237919,9.00054503504321,0.4444273074424836,0.0005799258832003001,1
535,8765440,8798208,5946,-2246,0.004243069881340489,0.004029807656479534,9.500575217250667,0.22395866774987488,0.0004466118928921415,1
536,8781824,8814592,7241,-951,0.007777544080397547,0.007328502572818252,14.000847603642264,0.25827236561742617,0.0005555052308671834,1
537,8798208,8830976,7241,-951,0.0072633359050087165,0.007129099591111299,11.0006659984715,0.08101447591575342,0.0006602632882425417,1
538,8814592,8847360,7155,-1037,0.012051485799020156,0.011800464497355279,17.001029473344392,0.09141490728516136,0.0007088680022533614,1
539,8830976,8863744,7381,-811,0.012285560136660933,0.011564699503651354,17.00102933984455,0.2626060951973212,0.0007226362528454567,1
540,8847360,8880128,1944,1944,0.0030601232137996703,0.0029339385218918324,7.000423844223426,0.18287904065684116,0.0004371339910118167,1
541,8863744,8896512,6611,-1581,0.002996834635268897,0.002958362689241767,8.000484589367797,0.05611362780747793,0.00037458163962362037,1
542,8880128,8912896,7333,-859,0.00794268615754845,0.007030133770058455,12.000726616804688,0.5300381354598046,0.0006618504371582184,1
543,8896512,8929280,7333,-859,0.007412008812025306,0.007354998582741246,10.500635773880921,0.03353333595384154,0.0007058628612242503,1
544,8912896,8945664,6009,-2183,0.011033865361241624,0.009559019352309406,18.001090229195064,0.6231433941336121,0.0006129553944097426,1
545,8929280,8962048,6009,-2183,0.010740727127995342,0.009663798002293333,19.00115069289469,0.45885839793669675,0.0005652671936343172,1
546,8945664,8978432,5041,-3151,0.003013662586454302,0.0029594449588330463,7.500454139609431,0.07884359363373517,0.00040179734858177956,1
547,8962048,8994816,2900,2900,0.004541429691016674,0.004470710766327102,11.000666072601389,0.06816020971803614,0.00041283224679710117,1
548,8978432,9011200,6596,-1596,0.003824340943538118,0.0037026284044259228,8.000484299217044,0.1404647461827334,0.00047801368023588043,1
549,8994816,9027584,7883,-309,0.00506082373613026,0.0048591167069389485,9.000545032748226,0.176638813585705,0.0005622796972535104,1
550,9011200,9043968,612,612,0.0067725640583375935,0.00582694399781758,13.500817611753448,0.6531227735268531,0.0005016410304248228,1
551,9027584,9060352,1624,1624,0.006269016506848857,0.005772646647528745,12.000726823352243,0.3582443888725357,0.000522386402017748,1
552,9043968,9076736,2504,2504,0.009068082959856838,0.008367705682758242,14.000847883107788,0.3490908828399577,0.0006476809858635492,1
553,9060352,9093120,7608,-584,0.0067520347074605525,0.0062185364731703885,12.000726668902027,0.3574648011539721,0.0005626354881456783,1
554,9076736,9109504,5574,-2618,0.008420937854680233,0.008284813602585928,13.500817614223282,0.07077720524228812,0.0006237353984997671,1
555,9093120,9125888,7732,-460,0.008257553970906883,0.008235850895289332,13.500817554125334,0.01142945498227348,0.0006116336242454955,1
556,9109504,9142272,783,783,0.00269839316024445,0.0026982855051755905,9.000545064302953,0.00017326954321100418,0.00029980330535164394,1
557,9125888,9158656,1899,1899,0.02224392340576742,0.020193847827613354,29.50178626545741,0.4199231169289818,0.0007539856470254493,1
558,9142272,9175040,1899,1899,0.021581134085863596,0.019369822821671434,28.001695331161216,0.4694861487832327,0.0007707081242987239,1
559,9158656,9191424,4290,-3902,0.002219201329353382,0.0020783173022209667,6.0003632834285785,0.28484850706961473,0.0003698444951628564,1
560,9175040,9207808,1640,1640,0.001691492201643996,0.0016907177632674575,5.500333005316374,0.0019888435246300813,0.00030752541709912396,1
561,9191424,9224192,971,971,0.006353054646751843,0.006075888082705205,12.0007266698208,0.19372825400054272,0.0005293891629686379,1
562,9207808,9240576,971,971,0.00703850259014871,0.0068018574675079435,16.500999164863252,0.14852747687451867,0.0004265500846237416,1
563,9224192,9256960,4709,-3483,0.012585549193318002,0.011721099916030653,22.001332353244997,0.30903803441544714,0.0005720357745271616,1
564,9240576,9273344,4709,-3483,0.01301341519865673,0.012756822165101767,23.50142320724993,0.08648785020239277,0.0005537288139486904,1
565,9256960,9289728,1270,1270,0.006438172056732583,0.006304962851572782,15.000908396306428,0.0908004671224529,0.00042918547908190745,1
566,9273344,9306112,704,704,0.004504896802245639,0.0044614440921577625,10.50063587880961,0.042093915844064855,0.0004290118097834976,1
567,9289728,9322496,3804,3804,0.0021995853167027235,0.0021984530321788043,6.5003935704294165,0.002236201199438092,0.00033837725252648334,1
568,9306112,9338880,6033,-2159,0.0017153563821921125,0.0017151083593489602,5.0003027792112285,0.0006279904355252495,0.0003430505027262971,1
569,9322496,9355264,4276,-3916,0.00968958344310522,0.009219280749675818,14.500878027328785,0.216080665480593,0.0006682066716818075,1
570,9338880,9371648,4276,-3916,0.009878150274744257,0.009594205053872429,18.001089858182166,0.12666632463367675,0.0005487529006614158,1
571,9355264,9388032,7336,-856,0.005673131439834833,0.005662022915203124,13.000787043455754,0.008512230787499703,0.00043636830761646346,1
572,9371648,9404416,4230,-3962,0.005689624114893377,0.005657964808051474,15.000908227738872,0.02423333807830172,0.0003792853091636432,1
573,9388032,9420800,2975,2975,0.0053722838492831215,0.005234717682469636,11.000666066717756,0.11265686547755888,0.0004883598699115897,1
574,9404416,9437184,2847,2847,0.005725843773689121,0.005266337975626811,10.000605464688809,0.36330767170881373,0.0005725497115056217,1
575,9420800,9453568,3465,3465,0.009819551109103486,0.009712668474094244,19.501180778773247,0.04753069842030256,0.0005035362330363055,1
576,9437184,9469952,3464,3464,0.00815819838680909,0.008110180930088973,14.500878044906926,0.025637190577783627,0.0005626003033433175,1
577,9453568,9486336,2966,2966,0.003264433777076192,0.0032219937711488456,8.000484388648955,0.05683166356062014,0.00040802951652624356,1
578,9469952,9502720,6859,-1333,0.00450740686210338,0.004431795750861056,10.50063599811136,0.07347024773409497,0.00042925084375023385,1
579,9486336,9519104,6013,-2179,0.008055942671489902,0.007815660032065352,16.50099934460747,0.13150706937094261,0.000488209380731997,1
580,9502720,9535488,6013,-2179,0.008172561778337695,0.007822830157238059,15.000908328224394,0.1899431089115357,0.0005448044611379245,1
581,9519104,9551872,3461,3461,0.008437972574029118,0.007816788012860343,12.000726623603118,0.33209775178218,0.0007031218057607654,1
582,9535488,9568256,5875,-2317,0.01820157826296054,0.01622642917209305,24.501483728795854,0.4988608896150407,0.0007428765728815343,1
583,9551872,9584640,5875,-2317,0.018600320036057383,0.016273200741125038,20.001211221501492,0.5804743493520232,0.0009299596824447243,1
584,9568256,9601024,7064,-1128,0.002552332472987473,0.0023779460025252774,6.000363226134215,0.3073525737722355,0.00042536299500519324,1
585,9584640,9617408,4669,-3523,0.009688855818239972,0.009181835917843273,14.000847839374568,0.23342965605944388,0.0006920192212211616,1
586,9601024,9633792,4669,-3523,0.009704897660412826,0.009466357209021226,15.000908478409862,0.10808071687308309,0.0006469539944451132,1
587,9617408,9650176,2929,2929,0.005655243032379076,0.005207047106523532,11.00066608839759,0.3585976671852132,0.0005140818734916119,1
588,9633792,9666560,6377,-1815,0.019229350771638565,0.019140030373819172,26.50160466336911,0.020219990423968482,0.0007255919411633833,1
589,9650176,9682944,6378,-1814,0.018599112367155612,0.01835351788031403,21.0012715690889,0.05772898990582957,0.0008856183924849128,1
590,9666560,9699328,267,267,0.007014947501374991,0.006524101714603603,13.00078714970072,0.3150370186473312,0.0005395786747832785,1
591,9682944,9715712,267,267,0.00738739337248262,0.00611419188498985,12.50075697774141,0.821521611500496,0.0005909556825747801,1
592,9699328,9732096,8098,-94,0.009424646141269477,0.007645074180800293,12.000726687994288,0.9088334935397141,0.0007853396203663266,1
593,9715712,9748480,7884,-308,0.011894075621967204,0.011870514194015414,22.501362524824458,0.00861163737919084,0.0005285935733378436,1
594,9732096,9764864,8158,-34,0.01761583934421651,0.016933344661083538,31.00187722625306,0.17160592806110647,0.0005682184732122942,1
595,9748480,9781248,8158,-34,0.017926144413650036,0.015402824355987832,22.001332186353938,0.6588652776439013,0.0008147754082258942,1
596,9764864,9797632,4783,-3409,0.003608202561736107,0.0035896151675842702,7.500454107124053,0.022430189150787087,0.0004810645475863891,1
597,9781248,9814016,6500,-1692,0.0022072590618336108,0.0021795210595882963,7.000423893960291,0.054922387398503573,0.00031530362950420084,1
598,9797632,9830400,2642,2642,0.01447814120183466,0.012601830370840617,19.001150704531526,0.6027917846186969,0.000761961284712184,1
599,9814016,9846784,2642,2642,0.018140726489946246,0.01671188056934625,31.00187742342625,0.3562935214287305,0.0005851492876440571,1
600,9830400,9863168,3645,3645,0.0452364994562231,0.038030803203582764,62.00375443619603,0.75353492741285,0.0007295767791412211,1
601,9846784,9879552,3645,3645,0.048044510098407045,0.04537222659564577,75.00454175587686,0.24853676969271798,0.0006405546780724462,1
602,9863168,9895936,3711,3711,0.021734419642598368,0.021149186157344957,32.001938017453895,0.11854388122193871,0.0006791594818646418,1
603,9879552,9912320,7674,-518,0.004594855796312913,0.004259447974618524,10.500636082207361,0.3291856806716368,0.0004375788057352635,1
604,9895936,9928704,3434,3434,0.00733897986356169,0.006324373942334205,13.500817760408097,0.6461815547605125,0.0005435952098460034,1
605,9912320,9945088,4312,-3880,0.007143216142139863,0.007104624499334022,12.000726645117675,0.02352662263279588,0.0005952319683113505,1
606,9928704,9961472,7967,-225,0.007198040242656134,0.006867454067105427,13.000787253243626,0.2041850704016263,0.000553661874657649,1
607,9945088,9977856,6021,-2171,0.010249015194858657,0.009767070965608582,17.50106002967671,0.20917793774710758,0.0005856225381479353,1
608,9961472,9994240,7745,-447,0.016466158253024332,0.01573790977225542,28.50172584162098,0.19645233907644166,0.0005777249540790563,1
609,9977856,10010624,7745,-447,0.015152993029914796,0.014857236994430423,27.001634782133216,0.08560372428265753,0.0005611879855489868,1
610,9994240,10027008,4101,-4091,0.010476244817255065,0.010426571767311543,18.001089944403322,0.02064101936793066,0.0005819783607332183,1
611,10010624,10043392,7658,-534,0.010419112877571024,0.00959655424230732,12.500756938409875,0.3571542067770795,0.0008334785588508818,1
612,10027008,10059776,86,86,0.004534601845080033,0.004480839641473722,8.500514663552913,0.05179758567052526,0.0005334502703139543,1
613,10043392,10076160,3397,3397,0.006377119043463608,0.0063678793667349964,13.000787217015331,0.006296966373244197,0.0004905179153395637,1
614,10059776,10092544,3397,3397,0.006457873212639242,0.006376681412803009,10.00060567757,0.054947946466750136,0.0006457482097432733,1
615,10076160,10108928,1825,1825,0.00519404971782933,0.004616425598214846,10.500635832085665,0.5120026187547781,0.0004946414484690946,1
616,10092544,10125312,4553,-3639,0.006090664101066068,0.0057007317373063415,12.500757022335542,0.28734044272573456,0.0004872236209522083,1
617,10108928,10141696,2684,2684,0.0034755304113787133,0.0034747452518786304,7.000424052732247,0.00098122853328848,0.000496474268586947,1
618,10125312,10158080,977,977,0.0036758158821612597,0.0034750603372231126,8.000484595503108,0.24391400279218,0.00045944915439589154,1
619,10141696,10174464,4385,-3807,0.009412429764779517,0.0091217648005113,16.50099940815999,0.13622878516230852,0.0005704157385839873,1
620,10158080,10190848,8070,-122,0.04943422453652602,0.04020257473894162,33.001998358026526,0.8977385787887793,0.0014979160958749323,1
621,10174464,10207232,8070,-122,0.2067590281367302,0.08354098536074162,69.00417837098644,3.9356488867928667,0.002996326208322253,1
622,10190848,10223616,8070,-122,0.3191809834243031,0.0669168177555548,79.00478431636662,6.785017286846712,0.004040020945392058,1
623,10207232,10240000,8070,-122,0.19810447563941125,0.05824349771137349,53.00320963587203,5.316468394850863,0.003737593949505582,1
624,10223616,10256384,8070,-122,0.3676596932928078,0.10506999451899901,85.50517769872766,5.439673109652883,0.004299852981865432,1
625,10240000,10272768,8070,-122,0.47517045587301254,0.09093787427991629,111.00672175214649,7.181046320555312,0.0042805557030497965,1
626,10256384,10289152,8070,-122,0.1609176080673933,0.05872424447443336,59.50360289988966,4.377861304453722,0.0027043338592139554,1
627,10272768,10305536,8070,-122,0.031764375045895576,0.03135450044646859,30.501847217743936,0.056404293497719644,0.001041391848144108,1
628,10289152,10321920,8094,-98,0.06867323536425829,0.06039351038634777,47.002846387505386,0.5579723474633711,0.0014610441843903622,1
629,10305536,10338304,8094,-98,0.07170380954630673,0.05935700540430844,77.00466292564654,0.8207024746699404,0.0009311619169808176,1
630,10321920,10354688,8154,-38,0.05875229265075177,0.04717525513842702,77.50469321287108,0.9531056080987341,0.0007580481931511585,1
631,10338304,10371072,1475,1475,0.08975205442402512,0.06697795551735908,82.50499583652763,1.2711251166916429,0.0010878378153228025,1
632,10354688,10387456,1108,1108,0.09222430450608954,0.08602750150021166,109.50663037702847,0.30208078899430035,0.0008421800962057153,1
633,10371072,10403840,810,810,0.11189312726492062,0.10779090732103214,117.00708420251365,0.16221284396898739,0.0009562936127120141,1
634,10387456,10420224,810,810,0.1067415518919006,0.09923585900105536,74.50451092172133,0.31664879259180323,0.0014326857605179012,1
635,10403840,10436608,595,595,0.10778399556875229,0.07752320496365428,80.00484423776444,1.4312255990698701,0.0013472183665333023,1
636,10420224,10452992,7471,-721,0.2137438623176422,0.12636659607233014,123.50747884438181,2.2826136566816286,0.001730614731331026,1
637,10436608,10469376,7471,-721,0.2186055975034833,0.14284990960732102,138.00835749541648,1.8478130817351246,0.0015840026029636908,1
638,10452992,10485760,611,611,0.12786967630381696,0.10544948384631425,101.5061468733376,0.8372310748384161,0.0012597234772725298,1
639,10469376,10502144,7527,-665,0.36681729964038823,0.2536325261753518,129.00781148387273,1.6024486215593556,0.002843372780463329,1
640,10485760,10518528,7527,-665,0.3713831603527069,0.25363033020403236,145.00878038328773,1.6562102049701501,0.002561108088565848,1
641,10502144,10534912,1423,1423,0.1183705572038889,0.10628086182987317,88.50535894669791,0.4678862452470266,0.0013374394343191943,1
642,10518528,10551296,7539,-653,0.08932980941608548,0.08827620325610042,68.50414797794937,0.05152761466127199,0.0013040058456728727,1
643,10534912,10567680,7159,-1033,0.07091704159029177,0.039323137229075655,56.00339120095188,2.561024511890569,0.001266299059209229,1
644,10551296,10584064,7159,-1033,0.06953786555641273,0.03971729101613164,49.002967177015485,2.432417369587843,0.0014190541830909579,1
645,10567680,10600448,7343,-849,0.027056219638325274,0.02510009950492531,30.00181683033803,0.32591672636857505,0.0009018193728509752,1
646,10584064,10616832,7332,-860,0.026568523280730005,0.026068640960147604,45.5027555159479,0.08249025700009772,0.0005838882278550849,1
647,10600448,10633216,335,335,0.019023847169592045,0.0188969174050726,39.002361894370296,0.02907383477771332,0.00048776141355526465,1
648,10616832,10649600,4765,-3427,0.010297559085302055,0.009551765191645245,22.001332456501256,0.3265065475158615,0.0004680425199547035,1
649,10633216,10665984,6366,-1826,0.016321236289513763,0.01570890663060709,32.00193783237421,0.16607093915819324,0.0005100077493745602,1
650,10649600,10682368,7126,-1066,0.024061869364231825,0.022071672196034342,37.50227082570976,0.37494127143413647,0.0006416109967329275,1
651,10665984,10698752,1398,1398,0.04329496347781969,0.04284125828417018,45.50275520277579,0.045751596780599445,0.0009514800430189903,1
652,10682368,10715136,1398,1398,0.0448081652939436,0.04421953530982137,44.00266429076109,0.05742987350404681,0.0010183057325315558,1
653,10698752,10731520,7479,-713,0.03856869586161338,0.037258182201185264,36.50221048696177,0.1501329197077998,0.0010566126091292398,1
654,10715136,10747904,924,924,0.0737097848286794,0.07356471118328045,64.00387597633045,0.008556091618172989,0.001151645641834853,1
655,10731520,10764288,924,924,0.07375185768250958,0.06960136858833721,43.502634345916256,0.2515518458871812,0.0016953423348127176,1
656,10747904,10780672,4103,-4089,0.004185513869742863,0.003979446664743591,10.000605558147122,0.21926097043779288,0.00041852604278878696,1
657,10764288,10797056,4103,-4089,0.005127154552610591,0.0050281498552067205,11.500696438108598,0.08468196388316421,0.0004458125279805926,1
658,10780672,10813440,2554,2554,0.0074617709215090144,0.0071772621777199674,10.50063596750923,0.16883101109721432,0.0007106018096996235,1
659,10797056,10829824,6921,-1271,0.006416041040210985,0.006061206353479065,9.500575341026945,0.24708063453476983,0.000675331841483766,1
660,10813440,10846208,8085,-107,0.002560400709626265,0.0025601929519325495,7.500454204789158,0.0003524123410942312,0.0003413660879352358,1
661,10829824,10862592,8062,-130,0.005385730095440522,0.0050922300142701715,12.500757114470431,0.24336572701690962,0.0004308323124849928,1
662,10846208,10878976,2244,2244,0.007942127020214684,0.007685144228162244,15.500938811878374,0.14284806175522918,0.00051236425848792,1
663,10862592,10895360,3986,3986,0.010160251258639619,0.009425542288227007,16.000969098353828,0.3259810174343109,0.0006349772439523617,1
664,10878976,10911744,3996,3996,0.00566126227931818,0.00557125749764964,10.500635936185798,0.06960044123309528,0.0005391351832139178,1
665,10895360,10928128,2539,2539,0.002297274666489102,0.0022186559945112094,6.000363305600488,0.1512295383689769,0.00038285592879766495,1
666,10911744,10944512,6380,-1812,0.006052933822502382,0.005890913322218694,13.000787409937637,0.11783293085167759,0.0004655820937334608,1
667,10928128,10960896,6391,-1801,0.005900003492570249,0.005618923154543154,13.000787557603147,0.2119917608553126,0.0004538189295401414,1
668,10944512,10977280,414,414,0.0035010422907362226,0.003465644142124802,8.000484576529148,0.04413390227735742,0.00043760377977693454,1
669,10960896,10993664,5563,-2629,0.00335520235603326,0.0032230601864284836,7.500454044137216,0.17450302615466262,0.0004473332329335286,1
670,10977280,11010048,6907,-1285,0.005157736173714511,0.004774984819277961,9.500575212434473,0.3348712832220834,0.0005428867261599066,1
671,10993664,11026432,436,436,0.009135623899055645,0.00905139603128191,19.001150463608322,0.04022644706123868,0.0004807931981041104,1
672,11010048,11042816,8181,-11,0.008234535256633535,0.007991768303327262,15.500938391828058,0.12996208973420847,0.0005312281778356529,1
673,11026432,11059200,6573,-1619,0.002316382044227794,0.0023148846230469644,6.500393590688385,0.0028083970339104433,0.0003563448907995264,1
674,11042816,11075584,3099,3099,0.004285239516320871,0.0041047353588510305,10.000605642441545,0.18689938648561802,0.0004284979999745969,1
675,11059200,11091968,2030,2030,0.004950425871356856,0.004415708361193538,9.000545059940897,0.496421793260092,0.0005500140089726258,1
676,11075584,11108352,3385,3385,0.002441176155116409,0.0024300722288899124,6.500393477295187,0.01979936911410779,0.00037554282885229006,1
677,11091968,11124736,3478,3478,0.006898713522787148,0.006744047052052338,11.000665950525288,0.09847519105727162,0.0006271178084866517,1
678,11108352,11141120,3478,3478,0.006985567909396195,0.006357384278089739,9.50057525075127,0.40923255389344887,0.0007352784147300768,1
679,11124736,11157504,2545,2545,0.005378277201089077,0.005363679025322199,11.000666110590197,0.011804015862151384,0.0004889046851364282,1
680,11141120,11173888,2545,2545,0.005722073576180264,0.005272685390082188,12.500756951771386,0.3552157912013486,0.00045773816723709945,1
681,11157504,11190272,4205,-3987,0.003614688612287864,0.0035664508686750196,9.500575431078174,0.058346453307375576,0.00038047049239391714,1
682,11173888,11206656,7832,-360,0.007801087311236188,0.007593642563733738,14.500878173224205,0.11704987791246806,0.0005379734398183452,1
683,11190272,11223040,4819,-3373,0.007620607961143833,0.007473650621250272,11.000665968392449,0.08456828552047378,0.0006927406016180899,1
684,11206656,11239424,6589,-1603,0.0067127307411283255,0.005517968245840166,10.500635698831351,0.8512003033217174,0.0006392689865314923,1
685,11223040,11255808,6589,-1603,0.006656734432908706,0.005720538574678358,10.500635824908155,0.6582431285775457,0.0006339363200386897,1
686,11239424,11272192,7101,-1091,0.0015453734813490883,0.0015438672271557152,4.500272495482635,0.004235072615502468,0.0003433955350260081,1
687,11255808,11288576,7009,-1183,0.007164356589782983,0.006611097335735394,9.500575211873532,0.34903642387096895,0.0007540971393846961,1
688,11272192,11304960,7009,-1183,0.007526946013967972,0.006767719334675348,12.000726639824828,0.4617646142665666,0.0006272075216670248,1
689,11288576,11321344,899,899,0.0025687836459837854,0.0025202954275300726,7.000423923954748,0.08276076149755432,0.00036694686977365267,1
690,11304960,11337728,7490,-702,0.002430806460324675,0.002309093499206938,6.500393668129236,0.2230886328475194,0.00037394757678179855,1
691,11321344,11354112,6533,-1659,0.002663978113560006,0.00252266283496283,6.500393719171077,0.23671443461254188,0.0004098179631340413,1
692,11337728,11370496,6490,-1702,0.004406191786983982,0.004294510843465105,10.50063576076523,0.11149692976829745,0.000419611906114043,1
693,11354112,11386880,6490,-1702,0.00418701877060812,0.003945215867133811,9.000544860055632,0.25834136729043056,0.0004651961448678608,1
694,11370496,11403264,1766,1766,0.004553437337847299,0.004541317917755805,8.500514835925035,0.011574583894064282,0.0005356660656132822,1
695,11386880,11419648,1420,1420,0.0063981977582443506,0.006284852046519518,14.500878044705956,0.0776260102289403,0.00044122829931531163,1
696,11403264,11436032,98,98,0.005892860790481791,0.005679985333699733,13.500817412518668,0.15978967376004216,0.00043648177813423506,1
697,11419648,11452416,172,172,0.0053904077503830194,0.005363131494959816,11.00066610853239,0.022031728069865697,0.0004900073956614396,1
698,11436032,11468800,165,165,0.004847469215746969,0.004283221036530449,8.000484387875613,0.5374457290281095,0.0006058969658253566,1
699,11452416,11485184,7822,-370,0.011043718637665734,0.010888127559155691,14.50087810722051,0.06162133354040169,0.0007615896469170835,1
700,11468800,11501568,7822,-370,0.011897772026713938,0.011226893788261805,18.001089971019194,0.25206029115796696,0.0006609473118499337,1
701,11485184,11517952,1014,1014,0.005167845607502386,0.0051491397607605904,12.000726627105434,0.01574850526848286,0.0004306277251437454,1
702,11501568,11534336,7951,-241,0.005495393335877452,0.005191358497540932,11.000666071479673,0.2471776193195681,0.0004995509635661798,1
703,11517952,11550720,6303,-1889,0.019120409328024834,0.017417145434592385,21.00127157556915,0.4052020712762504,0.0009104405540028192,1
704,11534336,11567104,6303,-1889,0.018352347775362432,0.016614526342891622,21.501301952074613,0.43203665819356163,0.0008535458836989941,1
705,11550720,11583488,4611,-3581,0.004579981468850747,0.004380103477160446,9.000544986399719,0.19379350243973564,0.0005088560165824772,1
706,11567104,11599872,358,358,0.0016643220005789772,0.001663920804276131,6.000363278840249,0.0010470230181271372,0.00027737020630868496,1
707,11583488,11616256,721,721,0.00543936623580521,0.0050947481831826735,9.500575199838773,0.2842557799823417,0.0005725302017395239,1
708,11599872,11632640,6326,-1866,0.0052461078885244206,0.005072198953712359,8.000484363245153,0.14640937676904334,0.000655723785002999,1
709,11616256,11649024,6603,-1589,0.004658739984733984,0.004653957876143977,7.500454091291985,0.004460240385918488,0.0006211277248057252,1
710,11632640,11665408,122,122,0.005622916214633733,0.00538006130955182,12.000726525211435,0.19174387484300917,0.0004685479835592425,1
711,11649024,11681792,1102,1102,0.0036725268000736833,0.0036667674721684307,9.000544795943489,0.006816036390853819,0.0004080338338773534,1
712,11665408,11698176,5919,-2273,0.004458202893147245,0.004367079411167651,10.00060536637578,0.0896874014489006,0.00044579330248713716,1
713,11681792,11714560,5919,-2273,0.004709193155576941,0.004348046219092794,10.000605525971759,0.346523522104654,0.000470890801896653,1
714,11698176,11730944,746,746,0.00230613598250784,0.002276513507240452,5.500333149672476,0.056146806619096795,0.00041927205493819255,1
715,11714560,11747328,6829,-1363,0.003404840943403542,0.003368227757164277,9.000545009664512,0.046953782214901776,0.0003782927522441727,1
716,11730944,11763712,2336,2336,0.004159146861638874,0.004143050347920507,9.500575317559163,0.016840447579584174,0.0004377784210553914,1
717,11747328,11780096,3479,3479,0.004377496195957065,0.004031323827803135,9.500575256531041,0.35778091833088044,0.0004607611726403424,1
718,11763712,11796480,7104,-1088,0.0034523142530815676,0.0033984568726737052,8.000484350113249,0.06828558294600359,0.00043151315620443644,1
719,11780096,11812864,721,721,0.002206182311056182,0.0021932684758212417,6.000363306664848,0.025496016490021044,0.0003676747887258235,1
720,11796480,11829248,3047,3047,0.0031437221623491496,0.0029002947121625766,7.5004540679809555,0.35002025957934646,0.0004191375793859647,1
721,11812864,11845632,2212,2212,0.005913058790611103,0.005721273249946535,13.000787168902878,0.1431950668279487,0.0004548231359986258,1
722,11829248,11862016,2212,2212,0.006065896843210794,0.005781290863524191,13.500817502665418,0.20870200625378704,0.00044929848448164165,1
723,11845632,11878400,7834,-358,0.002297941013239324,0.00228109466843307,7.000423971745467,0.031955669741223845,0.00032825740591056827,1
724,11862016,11894784,328,328,0.006539525958942249,0.00619310732872691,12.000726711287403,0.23637661517006833,0.0005449274961649975,1
725,11878400,11911168,328,328,0.006148650787508814,0.006083060288801789,11.500696254139495,0.046577072514880045,0.0005346329171414907,1
726,11894784,11927552,6932,-1260,0.0012608010729309171,0.0012575569562613964,4.500272456801935,0.01118905835639977,0.00028016105358805106,1
727,11911168,11943936,3146,3146,0.0015794819773873314,0.0015452032530447468,4.5002726887830224,0.0952906099674418,0.00035097472678138084,1
728,11927552,11960320,6274,-1918,0.0064592142443871126,0.0064373554196208715,13.50081772242542,0.014722017272594371,0.0004784313348411547,1
729,11943936,11976704,6274,-1918,0.007456827210262418,0.007309113570954651,15.500938840816833,0.08689369607697893,0.00048105648869649207,1
730,11960320,11993088,5780,-2412,0.0039910175546538085,0.0035560335672926158,8.500514794934265,0.5011778619607064,0.00046950304198425567,1
731,11976704,12009472,6740,-1452,0.0055338247620966285,0.005350953375454992,12.00072655719947,0.14594235508829417,0.0004611241440858244,1
732,11993088,12025856,5517,-2675,0.004949566932737071,0.004935020784614608,11.000666073482954,0.01278215460967155,0.00044993338582178903,1
733,12009472,12042240,2410,2410,0.009922758370521478,0.009031531430082396,14.000847847213652,0.40871018335027665,0.0007087255342537155,1
734,12025856,12058624,4901,-3291,0.00978838351329614,0.009787461978703504,17.501059893057473,0.0004088889942699254,0.0005593023264367612,1
735,12042240,12075008,856,856,0.004325255373260006,0.004275212915672455,11.000666144098965,0.05054005835620056,0.00039318122344619854,1
736,12058624,12091392,451,451,0.015855969468248077,0.013748003839282319,16.50099956278359,0.6195315613157675,0.0009609096350750583,1
737,12075008,12107776,451,451,0.015661965993785998,0.012973966095159994,16.000969264236197,0.8177351801107281,0.0009788135790493701,1
738,12091392,12124160,7058,-1134,0.0033541231387062,0.002999683463713154,8.000484456019137,0.48503573677402545,0.0004192400044203244,1
739,12107776,12140544,740,740,0.001869900501333177,0.001790444686776027,5.500333161425196,0.18857589399783742,0.00033996131624300835,1
740,12124160,12156928,5017,-3175,0.007011925532424357,0.005992694408632815,10.000605494445848,0.6821516332651474,0.000701150098993371,1
741,12140544,12173312,5017,-3175,0.007087238744134083,0.006636875888659688,12.50075693248044,0.28513366564877324,0.0005669447684179402,1
742,12156928,12189696,1238,1238,0.006817055094870739,0.006366561719914898,12.00072693716225,0.29691850291358257,0.0005680535129718344,1
743,12173312,12206080,1238,1238,0.00617417679677601,0.005977314769552322,12.000726993501715,0.14072934606691537,0.0005144835642140073,1
744,12189696,12222464,1984,1984,0.0016251203778665513,0.0016165530978469178,5.500333157916785,0.022955619238405237,0.00029545853518481326,1
745,12206080,12238848,757,757,0.007505224275746514,0.007492023301892914,10.500635921636896,0.007645551693878546,0.0007147399768695684,1
746,12222464,12255232,5605,-2587,0.020736336839036085,0.019275456725154072,35.50214966074347,0.3172736158545902,0.0005840867957909971,1
747,12238848,12271616,5605,-2587,0.0206788121140562,0.01783701386557368,33.502028346818854,0.6420343735489299,0.0006172406010760161,1
748,12255232,12288000,1654,1654,0.007009836335782893,0.0067155157012166455,12.000726448768518,0.18628509423922204,0.0005841176670185848,1
749,12271616,12304384,4801,-3391,0.0045421841205097735,0.004312627377657918,9.500575155672243,0.22522799079422634,0.0004780956990585879,1
750,12288000,12320768,1091,1091,0.00809759262483567,0.007971481289132498,16.00096869810755,0.06816893368642948,0.0005060688998031338,1
751,12304384,12337152,3123,3123,0.010083629294967977,0.009600275920092827,17.501059548183235,0.21333156093744637,0.0005761725035679196,1
752,12320768,12353536,7570,-622,0.004515853691373195,0.00444250981672667,9.000544969132768,0.0711146667372153,0.0005017311403765268,1
753,12337152,12369920,906,906,0.0033825960126705468,0.0032798555766930804,8.000484349372302,0.13395411941045302,0.00042279890378586104,1
754,12353536,12386304,7014,-1178,0.004178596980636939,0.003912737374776043,8.500514696591647,0.2854978733813307,0.0004915698789759616,1
755,12369920,12402688,696,696,0.0035959815431851894,0.003585339378332719,8.500514770258691,0.012871829304879213,0.0004230310328695252,1
756,12386304,12419072,6613,-1579,0.006291280806181021,0.0062338435964193195,12.500756868647384,0.03983168120520965,0.0005032719916311559,1
757,12402688,12435456,6025,-2167,0.0059743496822193265,0.005945379438344389,12.000726753141382,0.021110617029245778,0.0004978323234178667,1
758,12419072,12451840,4855,-3337,0.006458691699663177,0.006191001943079755,11.000666345759228,0.18383614029353773,0.0005871182250839752,1
759,12435456,12468224,8139,-53,0.006893034937093034,0.006835576466983184,14.500878192437717,0.03635333753508669,0.00047535293005135284,1
760,12451840,12484608,7303,-889,0.008251761391875334,0.0072304867644561455,15.000908415229684,0.5737912594433072,0.0005500841124726637,1
761,12468224,12500992,7303,-889,0.007257660734467208,0.007026096337995114,13.00078727784382,0.14082562568015516,0.0005582477875655921,1
762,12484608,12517376,1046,1046,0.003853872596664587,0.0038054090036894195,8.000484540502088,0.0549601202715875,0.0004817048988913775,1
763,12500992,12533760,7954,-238,0.003904052655002488,0.003869235901220236,7.5004541301554255,0.03890457700856048,0.0005205088368324689,1
764,12517376,12550144,7946,-246,0.0052120350428594975,0.00495255520218052,11.50069628924011,0.22178002036235134,0.0004531929990826559,1
765,12533760,12566528,8094,-98,0.004738044983241707,0.004560255671094637,10.50063558062845,0.1660998751889891,0.0004512150666367703,1
766,12550144,12582912,3993,3993,0.0039263755606953055,0.0038810077821835876,9.500575186772137,0.05047324249070573,0.00041327766829971367,1
767,12566528,12599296,2757,2757,0.0038007585681043565,0.0037536864983849227,9.500575404397159,0.05412284961116232,0.0004000556183518367,1
768,12582912,12615680,1086,1086,0.007500119128962979,0.0065344836984877475,13.000787295116801,0.598568827398857,0.0005768973031179491,1
769,12599296,12632064,258,258,0.007365905243204907,0.007165674644056708,13.000787318404466,0.11969042456520604,0.0005665737822491272,1
770,12615680,12648448,7400,-792,0.00478652014862746,0.004605550377164036,8.500514778934539,0.16738354259923877,0.0005630859157481997,1
771,12632064,12664832,2344,2344,0.0032361770136049017,0.0032047136628534645,9.500575349600997,0.04243036868850085,0.0003406295823695366,1
772,12648448,12681216,7514,-678,0.016007516947865952,0.01443558989558369,17.001029329810976,0.4488943472503928,0.000941561633553392,1
773,12664832,12697600,7514,-678,0.05304622962285066,0.04006022206158377,36.50221035013837,1.219411685584129,0.0014532333552959643,1
774,12681216,12713984,7514,-678,0.05071439535822719,0.041477724676951766,41.00248311023848,0.87316327488924,0.0012368615632833127,1
775,12697600,12730368,7514,-678,0.09305392671376467,0.07509459089487791,56.00339153948068,0.9312604866696345,0.00166157663233957,1
776,12713984,12746752,7514,-678,0.08828764921054244,0.06957851490005851,52.00314924583478,1.0342479841077772,0.0016977365888588736,1
777,12730368,12763136,7511,-681,0.018344614443776663,0.017238512723452004,22.0013323326307,0.27008794696759314,0.0008337956159395551,1
778,12746752,12779520,7516,-676,0.1211296108967872,0.11945248517986329,55.00333098728501,0.060551325740118,0.002202223187624554,1
779,12763136,12795904,7514,-678,0.13611116679385304,0.12784538511186838,62.00375492144859,0.2720870119362336,0.002195208450944459,1
780,12779520,12812288,7509,-683,0.04130215651821345,0.034789495926816016,41.002482994798186,0.7452459195949288,0.0010073086677080821,1
781,12795904,12828672,7509,-683,0.024750380969635444,0.022899414412677288,37.00224075980712,0.3375751155119101,0.0006688887067758341,1
782,12812288,12845056,6707,-1485,0.020571595010096644,0.01873313443866209,35.00211914418761,0.4065751598908749,0.0005877242725034472,1
783,12828672,12861440,6349,-1843,0.024689977639354765,0.024582153106166515,49.00296684966664,0.019007773286628435,0.0005038465878015043,1
784,12845056,12877824,908,908,0.029739219520706683,0.02840408548945561,50.00302793554587,0.199487555636865,0.0005947483732193313,1
785,12861440,12894208,6690,-1502,0.0232748205671669,0.022455080325016752,36.50221044201644,0.1557172862034954,0.0006376277021398148,1
786,12877824,12910592,5821,-2371,0.10657322793849744,0.10585042712045833,114.50693494181525,0.029555052913702532,0.0009307141789503912,1
787,12894208,12926976,5821,-2371,0.10779538426140789,0.10635868983808905,120.007267882513,0.058271860920974326,0.000898240466293587,1
788,12910592,12943360,7443,-749,0.02783193539653439,0.02218566572992131,36.0021799656346,0.9847094244306387,0.0007730625040789471,1
789,12926976,12959744,6646,-1546,0.02740983761032112,0.026544929249212146,44.00266417286754,0.1392489042392491,0.0006229131377736507,1
790,12943360,12976128,1316,1316,0.027177622949238867,0.026414242034661584,41.50251278222622,0.12373316151180169,0.0006548428306460977,1
791,12959744,12992512,7944,-248,0.13134734897175804,0.11284873180557042,78.00472371096586,0.6592462885887858,0.0016838383975109612,1
792,12976128,13008896,7944,-248,0.1322156568057835,0.11253903154283762,90.50548063813804,0.699797132783748,0.0014608580151561478,1
793,12992512,13025280,828,828,0.058352085688966326,0.04980491289461497,54.50330043605393,0.6878419883975667,0.0010706156365232963,1
794,13008896,13041664,840,840,0.0334114606375806,0.02846652953667217,53.50324000017781,0.6956093808354056,0.0006244754642423443,1
795,13025280,13058048,840,840,0.030250371477450244,0.027277790242806077,40.50245257078683,0.44921526721331806,0.0007468775236408499,1
796,13041664,13074432,459,459,0.0586151214374695,0.044942954045836814,53.00320964863045,1.153480544137869,0.0011058787161389208,1
797,13058048,13090816,457,457,0.062169691344024613,0.05998654285212979,75.00454198768787,0.15524877842723245,0.000828879021142878,1
798,13074432,13107200,643,643,0.09058685848140158,0.08968774229288101,84.50511692412786,0.04332107078550923,0.001071968914766832,1
799,13090816,13123584,643,643,0.09394801850430667,0.06368156452663243,65.00393617960165,1.688739000588301,0.0014452666103900909,1
800,13107200,13139968,197,197,0.02445291898038704,0.02325069293146953,36.50221056580961,0.21894808385564302,0.0006699024141647811,1
801,13123584,13156352,1945,1945,0.025779287825571373,0.025361173320561647,48.00290681216704,0.07101573367248541,0.0005370359742264032,1
802,13139968,13172736,7936,-256,0.027391790994443,0.027063371147960424,52.00314883461862,0.05238535735170008,0.0005267333153527853,1
803,13156352,13189120,783,783,0.03591958130709827,0.02821299317292869,46.502816069742025,1.048821019451572,0.0007724173360432263,1
804,13172736,13205504,544,544,0.06483192753512412,0.05971392180072144,51.503119062380726,0.35713338863377353,0.001258796141192915,1
805,13189120,13221888,544,544,0.0635631752666086,0.057962732200394385,39.00236193757951,0.4005673533703328,0.001629726306533356,1
806,13205504,13238272,4922,-3270,0.01904276231653057,0.01882263215520652,36.00217977292443,0.05049591729951684,0.0005289335933723588,1
807,13221888,13254656,4295,-3897,0.01914042177668307,0.01775683378946269,28.001695221609854,0.32585974068578194,0.000683545107723041,1
808,13238272,13271040,4213,-3979,0.002458501057844842,0.0024290876208397094,5.500333053677441,0.05227218752544698,0.000446973125782106,1
809,13254656,13287424,102,102,0.0040336791425943375,0.0038582719571422786,8.000484573337028,0.19308513064881755,0.0005041793538402983,1
810,13271040,13303808,335,335,0.0032577423844486475,0.0032192204816965386,6.000363478007015,0.051660160509146534,0.0005429241739086591,1
811,13287424,13320192,3717,3717,0.0017163531883852556,0.0017147004255093634,5.000302775054411,0.004184055005765941,0.0003432498521785171,1
812,13303808,13336576,8104,-88,0.008242111594881862,0.007943296757730423,15.000908047948034,0.16037702516730112,0.0005494408450833279,1
813,13320192,13352960,2807,2807,0.007883764785219682,0.007617488328833133,14.000847611140992,0.14921860989309138,0.0005630919644426584,1
814,13336576,13369344,7726,-466,0.003184757486451417,0.0031488706299569458,7.5004543656949165,0.04921548993065825,0.0004246086078488326,1
815,13352960,13385728,825,825,0.025801479860092513,0.02542756058392115,24.501483711715892,0.06339918171286578,0.0010530578541149734,1
816,13369344,13402112,825,825,0.02544719900834025,0.02515264452449628,23.00139285076077,0.05056333104229934,0.0011063329587668246,1
817,13385728,13418496,3514,3514,0.0032847678085090593,0.0030107947532087564,8.000484546442715,0.3782352532479588,0.00041057110846737124,1
818,13402112,13434880,6766,-1426,0.010848603167687543,0.010775039392910912,21.5013019586425,0.029549567902585942,0.0005045556398656556,1
819,13418496,13451264,6768,-1424,0.011597825156059116,0.011402568663470447,26.501604449599462,0.07373861084695738,0.0004376272832128246,1
820,13434880,13467648,1788,1788,0.007923626726551447,0.006760830492567038,15.000908063326069,0.6892396075870423,0.0005282098052399226,1
821,13451264,13484032,6238,-1954,0.002721927041420713,0.002562828827649355,6.500393488873723,0.26156879733817356,0.0004187326576582862,1
822,13467648,13500416,4255,-3937,0.0018713842146098614,0.0018485408218111843,4.000242057801524,0.05333916167120466,0.00046781774391881363,1
823,13484032,13516800,2645,2645,0.010968135815346614,0.009906053048325703,16.000968826102387,0.44232170199895127,0.0006854669823151139,1
824,13500416,13533184,2645,2645,0.010088979077409022,0.009669710194430081,15.000908330829944,0.18433763115677362,0.0006725578781568913,1
825,13516800,13549568,154,154,0.0014080268156249076,0.0014080268156249076,4.500272564059429,0.0,0.0003128758970889554,1
826,13533184,13565952,4179,-4013,0.007327472765382481,0.0072823291848180816,13.000787078655467,0.02683906379630928,0.0005636176272290957,1
827,13549568,13582336,1070,1070,0.008548814425012097,0.008103794389171526,16.500998918468547,0.23217476155204728,0.0005180786004078782,1
828,13565952,13598720,1927,1927,0.004424019134603441,0.004408622975461185,11.000665974977904,0.015140370563436797,0.00040215920969387736,1
829,13582336,13615104,5530,-2662,0.005342348798876628,0.005325324716977775,11.500696410422591,0.013861449909620812,0.0004645239390925131,1
830,13598720,13631488,717,717,0.013468952005496249,0.011387301703507546,18.00109022624837,0.7291297806050372,0.0007482297925409227,1
831,13615104,13647872,717,717,0.013160273440007586,0.011093839719251264,14.000847930549039,0.7418302598457502,0.0009399626012145044,1
832,13631488,13664256,1021,1021,0.0057736744347494096,0.005591114779235795,9.5005752972632,0.13953883368171258,0.0006077184016859077,1
833,13647872,13680640,1,1,0.005657332541886717,0.005438798267277889,9.500575243848035,0.1710875710104259,0.000595472631570393,1
834,13664256,13697024,1258,1258,0.007083072938257828,0.006905893576913513,11.00066617587016,0.11001832606493514,0.0006438767275562339,1
835,13680640,13713408,6024,-2168,0.012742382765281945,0.012169468996944488,19.00115065269685,0.19979017984240424,0.0006706111118314515,1
836,13697024,13729792,5842,-2350,0.012187681135401363,0.011640549171715975,14.000847828663128,0.19947613599223826,0.0008704959359996918,1
837,13713408,13746176,1618,1618,0.002857088635209948,0.0028175381594337523,6.000363320452065,0.06053907029744122,0.0004761526065382814,1
838,13729792,13762560,5289,-2903,0.0039499330159742385,0.0035895564506063238,9.000545029706785,0.41548943218289175,0.0004388548696703668,1
839,13746176,13778944,5289,-2903,0.003558496340701822,0.003512441038765246,9.000545082760011,0.056574808322811664,0.0003953645371454116,1
840,13762560,13795328,6825,-1367,0.003236276297684526,0.003147943898511585,7.0004238534930305,0.12018608573573647,0.00046229719305777573,1
841,13778944,13811712,6825,-1367,0.003908075912477216,0.0035997514860355295,8.50051470287263,0.3569047142329924,0.0004597457976464103,1
842,13795328,13828096,2947,2947,0.005816024407977238,0.00575008912528574,13.000787303735388,0.04951644225059473,0.00044735940001927246,1
843,13811712,13844480,5772,-2420,0.005988786506350152,0.005782037223980296,11.000666150837574,0.15257947966434848,0.0005444021683990633,1
844,13828096,13860864,3615,3615,0.002890380455937702,0.002831725211308367,6.000363246912039,0.08903904553558857,0.00048170091326140557,1
845,13844480,13877248,3633,3633,0.005018014402594417,0.004810809623450041,9.000544986596083,0.18313732429583685,0.0005575233955352054,1
846,13860864,13893632,3643,3643,0.003199823302566074,0.0031882951443549246,6.000363430799708,0.015674790548070035,0.0005332715825413949,1
847,13877248,13910016,1531,1531,0.004672149123507552,0.004489400846068747,6.000363391452929,0.17328311862361448,0.000778644361800267,1
848,13893632,13926400,1526,1526,0.005901300984987756,0.005398691744915141,9.000545007585249,0.3865923480817466,0.0006556604050104087,1
849,13910016,13942784,7026,-1166,0.0037894358534487083,0.0037764648877782747,8.500514826826636,0.014891087068901908,0.0004457889822731312,1
850,13926400,13959168,7025,-1167,0.003774997530854307,0.0036684330261778086,8.0004845515501,0.124360772437689,0.0004718461121361579,1
851,13942784,13975552,655,655,0.0067566224897746,0.006125506542957737,10.50063594786896,0.42587646338573615,0.0006434488847454821,1
852,13959168,13991936,655,655,0.00726583250798285,0.006644969776971266,10.00060557748428,0.38792372282500176,0.0007265392532169656,1
853,13975552,14008320,352,352,0.003602280077757314,0.0035455072938930243,8.500514709435667,0.06899093098924387,0.0004237719950956314,1
854,13991936,14024704,420,420,0.009515015670331195,0.007608615793287754,18.00109016247827,0.9710385346247021,0.0005285799684601563,1
855,14008320,14041088,420,420,0.009880374887870857,0.007923974160803482,16.500999258606143,0.9583037251248627,0.000598774336815858,1
856,14024704,14057472,6636,-1556,0.009284515414037742,0.008161582867614925,16.50099941546783,0.5598484703164068,0.0005626638229763558,1
857,14041088,14073856,2405,2405,0.01643989543663338,0.01597469199623447,32.00193810581978,0.12466557555775443,0.00051371561879384,1
858,14057472,14090240,8096,-96,0.014981296146288514,0.01433391880709678,28.501725931192155,0.1918444899248305,0.0005256276824237179,1
859,14073856,14106624,7074,-1118,0.0069699773521278985,0.006847118289442733,14.50087809975588,0.07723536210488942,0.0004806589852131256,1
860,14090240,14123008,7088,-1104,0.005059735682152677,0.005040361764258705,8.500514745225244,0.016661217376363682,0.0005952269755187168,1
861,14106624,14139392,6707,-1485,0.005037569786509266,0.004260034664184786,9.00054492122606,0.7280794256313238,0.0005596960884700573,1
862,14123008,14155776,6707,-1485,0.005726510051317746,0.005261501675704494,12.000726582341114,0.3678031429010943,0.0004771802783794956,1
863,14139392,14172160,5626,-2566,0.004701426776591688,0.004638230777345598,12.500756893251044,0.05877323117025355,0.00037609136924580245,1
864,14155776,14188544,5235,-2957,0.005217815458308905,0.005094134947285056,12.500757094541653,0.10418269523538777,0.0004173999557664567,1
865,14172160,14204928,554,554,0.003309640727820806,0.0029937122599221766,6.500393785734999,0.4357079638477964,0.0005091446513723146,1
866,14188544,14221312,5770,-2422,0.007099925423972309,0.006406238341696735,9.000545300457496,0.44650694619162407,0.000788832808120128,1
867,14204928,14237696,5770,-2422,0.007451631914591417,0.006460995696215832,10.000605988058007,0.619519423268086,0.0007451180381958465,1
868,14221312,14254080,2026,2026,0.0029539023715070556,0.0028968835722480435,7.000424125264794,0.08465096524307138,0.00042196048677198153,1
869,14237696,14270464,5353,-2839,0.0036101479636272416,0.003551448113285005,9.500575443487145,0.0711952803089625,0.00037999255782996576,1
870,14254080,14286848,6408,-1784,0.002723918398260139,0.002720119729929138,7.500454218020553,0.0060607252323713594,0.00036316712549430225,1
871,14270464,14303232,4512,-3680,0.0018028869235422462,0.001802860206225887,6.0003633610053,6.43593832216158e-05,0.00030046295783663855,1
872,14286848,14319616,1818,1818,0.005572607969952514,0.005422812186225201,11.000666306116786,0.11833928408813783,0.0005065700399305753,1
873,14303232,14336000,1818,1818,0.0052477579592959955,0.005225345274084248,11.000666280296434,0.018588034805698532,0.0004770400106305729,1
874,14319616,14352384,7489,-703,0.007010371729847975,0.006829475081758574,13.000787155145309,0.11353722558881019,0.0005392267134435385,1
875,14336000,14368768,6718,-1474,0.00802892807405442,0.00707512856752146,16.00096898752339,0.5492323120900524,0.0005017776161128056,1
876,14352384,14385152,543,543,0.01215118088748568,0.012048748782035545,18.501120452816316,0.03676536622004779,0.0006567808105717174,1
877,14368768,14401536,543,543,0.012221331111504696,0.011484151618788019,17.001029387976875,0.2701959295482403,0.000718858301612467,1
878,14385152,14417920,3791,3791,0.003502491890685633,0.0034911195252789184,7.500454159435774,0.014124204511262504,0.00046697064154167296,1
879,14401536,14434304,5680,-2512,0.0022031319967936724,0.002202852483605966,7.000423825980013,0.0005510279745328053,0.0003147140875410138,1
880,14417920,14450688,4066,4066,0.00695829173673701,0.006686378495942336,13.000787111005598,0.17311676168210913,0.0005352208045039508,1
881,14434304,14467072,2509,2509,0.013752085207670461,0.011881928650836926,21.501301790284813,0.6348161439146239,0.0006395931437920763,1
882,14450688,14483456,2509,2509,0.013231626893684734,0.011862856606967398,21.50130190432297,0.47423965244369004,0.0006153872427150299,1
883,14467072,14499840,965,965,0.024226007953984663,0.019284044741652906,31.00187745444513,0.9908372503954894,0.0007814368013544636,1
884,14483456,14516224,965,965,0.02905425475910306,0.02647509309463203,45.502755350250574,0.40372244379025424,0.0006385163829192832,1
885,14499840,14532608,8042,-150,0.019538642140105367,0.018047090154141188,28.501725812357222,0.34487190793030464,0.0006855248790455413,1
886,14516224,14548992,84,84,0.004953994590323418,0.004650068458431633,9.500575244469532,0.2749618137605694,0.0005214415404169589,1
887,14532608,14565376,2827,2827,0.0030596742581110448,0.0029569858888862655,7.0004238261768625,0.1482594065682118,0.0004370698594947819,1
888,14548992,14581760,4908,-3284,0.0027762483368860558,0.002765881275990978,7.000423909221401,0.016247770825337713,0.00039658288882034787,1
889,14565376,14598144,7648,-544,0.012451967799279373,0.011261591491347644,15.500938567137542,0.4363821945524237,0.000803304118995602,1
890,14581760,14614528,7648,-544,0.013947617895610165,0.01228583102056291,17.50105968858584,0.5509550334278626,0.0007969584781604268,1
891,14598144,14630912,581,581,0.006427617830922827,0.006241616327315569,12.500757142683991,0.1275297783182507,0.0005141782819678694,1
892,14614528,14647296,2655,2655,0.005370548053178936,0.005281113233650103,9.00054504652286,0.07293127399856203,0.0005966914253991447,1
893,14630912,14663680,3702,3702,0.0012634270678972825,0.0012634270678972825,4.00024209280086,0.0,0.0003158376514689053,1
894,14647296,14680064,4355,-3837,0.0069518450554824085,0.006911100668503423,11.00066611991415,0.025528648437921346,0.000631947645688265,1
895,14663680,14696448,4355,-3837,0.00721563832485117,0.007060732597892638,13.000787345983442,0.09424992267484658,0.0005550154873566501,1
896,14680064,14712832,5303,-2889,0.008411408474785276,0.008384392451262102,10.500635932896087,0.013971254016985103,0.00080103800651104,1
897,14696448,14729216,1414,1414,0.017963554862944875,0.01352603412411213,20.501241227892688,1.232218059535912,0.0008762179159428065,1
898,14712832,14745600,1417,1417,0.01308954787964467,0.012755488802213222,15.500938481141652,0.1122754020002524,0.0008444358317768523,1
899,14729216,14761984,7706,-486,0.03228137336554937,0.03121432344778441,33.50202865530383,0.14598076599663254,0.0009635647350698205,1
900,14745600,14778368,7706,-486,0.03208479747445381,0.031053286831641602,33.50202857534211,0.14191727487807915,0.0009576971556304086,1
901,14761984,14794752,7314,-878,0.01437295622235979,0.014264990477386164,20.501241515416694,0.0327461671156032,0.0007010773572688997,1
902,14778368,14811136,7314,-878,0.014674470829049824,0.014359969354700297,21.00127190634501,0.09408936172076299,0.0006987420045076555,1
903,14794752,14827520,7656,-536,0.0025599061482353136,0.002483114192727953,7.000424011148366,0.13227351195851403,0.00036567872805398546,1
904,14811136,14843904,7243,-949,0.0021704598620999604,0.0021467137848958373,5.500333171940132,0.04777613847974141,0.00039460516195137583,1
905,14827520,14860288,806,806,0.006647648318903521,0.005838800971105229,11.500696487109323,0.5634436428419679,0.0005780213682149257,1
906,14843904,14876672,806,806,0.00790633840369992,0.007154496634029783,13.500817479181364,0.4339631519780957,0.0005856192349753422,1
907,14860288,14893056,5379,-2813,0.0074106215324718505,0.0070620239930576645,10.500635875936968,0.20925445263927225,0.0007057307405024749,1
908,14876672,14909440,5379,-2813,0.00749811244168086,0.007045977414236404,10.500635920187484,0.27010702089938776,0.00071406270045662,1
909,14893056,14925824,72,72,0.00670190119126346,0.0065861948824021965,11.500696432960098,0.07563443438919734,0.0005827387263310711,1
910,14909440,14942208,72,72,0.006527493776303572,0.006437367064791033,11.500696436566507,0.06038192693945815,0.0005675737823623778,1
911,14925824,14958592,3331,3331,0.003061915165744722,0.002853492107533384,7.0004239360868015,0.3061647817513741,0.00043738996290792006,1
912,14942208,14974976,1000,1000,0.0037438953149830922,0.0036329614122223575,9.000544924708528,0.13062911705329955,0.00041596318292965286,1
913,14958592,14991360,7465,-727,0.0053739119321107864,0.005295561539242044,10.500635627908338,0.0637852561997023,0.0005117701558778148,1
914,14974976,15007744,3358,3358,0.012633781938347965,0.012269181024748832,20.00121117820122,0.12717802336481274,0.0006316508448306962,1
915,14991360,15024128,3358,3358,0.01386747433571145,0.013331190468306886,24.50148357650536,0.17128437395819499,0.0005659850878992921,1
916,15007744,15040512,2915,2915,0.0072321514307986945,0.0070078491407912225,15.00090815252678,0.13682766934822424,0.00048211423983557275,1
917,15024128,15056896,7486,-706,0.004539688234217465,0.004338860690040747,10.500635861109153,0.19650322205997384,0.00043232507957265267,1
918,15040512,15073280,2626,2626,0.003606246958952397,0.0034021391184069216,6.5003935511050805,0.25303395700103537,0.0005547736349500451,1
919,15056896,15089664,2249,2249,0.0493505839840509,0.04299569840281947,62.50378471791504,0.5986728837942088,0.000789561531462044,1
920,15073280,15106048,2249,2249,0.04908804273145506,0.04357223906117724,67.50408749607642,0.5176583824461934,0.0007271862275644898,1
921,15089664,15122432,3354,3354,0.004505844670347869,0.004111964488402009,8.000484339725588,0.3972686087888351,0.0005631964864895189,1
922,15106048,15138816,85,85,0.0025567821867298335,0.0025545935495756567,6.000363306390016,0.003719206515330662,0.0004261045633698577,1
923,15122432,15155200,1871,1871,0.004903058608761057,0.004644040571292862,10.500635982583043,0.23571079451763874,0.0004669296809158561,1
924,15138816,15171584,7779,-413,0.005145842005731538,0.004855831080931239,11.500696604430235,0.25192877217671905,0.0004474374190298425,1
925,15155200,15187968,875,875,0.19393080880399793,0.18790825427277014,48.0029066269901,0.13700950885919488,0.004039980543489807,1
926,15171584,15204352,875,875,0.3864540720533114,0.37144386404543184,142.0085983662808,0.17204699256477696,0.002721342767263541,1
927,15187968,15220736,875,875,0.20688166352920234,0.20433565380517393,116.00702425298735,0.053778479474200946,0.001783354627544244,1
928,15204352,15237120,875,875,0.05777460034005344,0.05404458264820278,56.50342187431568,0.2898478248600379,0.001022497371372752,1
929,15220736,15253504,7019,-1173,0.38765854338998906,0.2714582371991128,136.50826607589897,1.5474633504839321,0.0028398173571001907,1
930,15237120,15269888,7019,-1173,0.38973746402189136,0.30164786614477634,137.50832607625193,1.1127189745595918,0.0028342826586789504,1
931,15253504,15286272,7018,-1174,0.20591462217271328,0.20162583654746413,117.00708499564288,0.09141005041552264,0.0017598474671886846,1
932,15269888,15302656,7019,-1173,0.18729637330397964,0.1728756856173277,101.50614661892948,0.3479545252207651,0.0018451727264075994,1
933,15286272,15319040,7017,-1175,0.02932183958182577,0.02626890444662422,41.00248264551858,0.47749252648764495,0.000715123516673948,1
934,15302656,15335424,875,875,0.01638729590922594,0.01634408248355612,31.5019074958807,0.011467505579176442,0.0005202001152269525,1
935,15319040,15351808,59,59,0.162303270684788,0.14689015163457952,107.0064800383175,0.43334592528920124,0.001516761140322245,1
936,15335424,15368192,7900,-292,0.20331558457110077,0.17825586814433336,164.5099618977249,0.5712683386886857,0.0012358861568365152,1
937,15351808,15384576,7900,-292,0.1525176971917972,0.1182066882320214,117.00708470316654,1.1067818941884573,0.0013034911311457504,1
938,15368192,15400960,8163,-29,0.13754145058919676,0.12737176369410008,76.00460212205185,0.33360437893071104,0.001809646347050486,1
939,15384576,15417344,8112,-80,0.14250015608558897,0.12494226935086772,77.00466338416453,0.5710595018605416,0.0018505393027260883,1
940,15400960,15433728,8112,-80,0.15493288775905967,0.1137254053610377,85.00514788808806,1.342861221719699,0.0018226294713707652,1
941,15417344,15450112,7888,-304,0.5753806242719293,0.5119588280795142,203.51232430636293,0.507201968403008,0.0028272519919027806,1
942,15433728,15466496,7888,-304,0.5705942432396114,0.534777503751684,254.51541267256752,0.28154256018797547,0.0022418848322308766,1
943,15450112,15482880,180,180,0.2868292659986764,0.24071791279129684,169.51026407405567,0.7611505246447349,0.0016921055935194957,1
944,15466496,15499264,8168,-24,0.23547006098669954,0.22697649674955755,185.51123276122655,0.15954807640219354,0.0012693035213117015,1
945,15482880,15515648,332,332,0.22913826066360343,0.15308650326915085,143.50868983853897,1.751607089266669,0.0015966856147973055,1
946,15499264,15532032,372,372,0.04781828142949962,0.03943723160773516,48.002906759326734,0.8368754270177335,0.0009961538718737852,1
947,15515648,15548416,696,696,0.09023159605567344,0.0757876644784119,54.003270678653564,0.7576011565210266,0.0016708542820044457,1
948,15532032,15564800,696,696,0.09130805553286336,0.07679820363409817,67.00405763631537,0.7515803259668599,0.0013627242700504085,1
949,15548416,15581184,7284,-908,0.022670929523883387,0.018512502050725743,39.00236146569553,0.8800420722915835,0.0005812706890536249,1
950,15564800,15597568,8191,-1,0.3833336528914515,0.3573902788120904,74.0044810984735,0.30434212363685104,0.0051798708294619545,1
951,15581184,15613952,8191,-1,0.3809714961098507,0.3575983414921211,62.50378467399852,0.27496987519669114,0.006095174845761529,1
952,15597568,15630336,6035,-2157,0.007604854191091477,0.007201517568319105,11.000666081346752,0.23666867180784484,0.0006913085203073863,1
953,15613952,15646720,6035,-2157,0.007712022149140581,0.0072152271823142655,12.500756702733941,0.28918258140481257,0.0006169244256592839,1
954,15630336,15663104,1040,1040,0.11381050621048416,0.1049386888371373,37.502270529750376,0.3524672143986751,0.0030347630850830437,1
955,15646720,15679488,1040,1040,0.11421101216546958,0.10579551688715583,40.00242202298045,0.33240715627054046,0.0028551024260445542,1
956,15663104,15695872,55,55,0.06008213828317821,0.05817249343090225,56.503421427538356,0.14027701284594876,0.0010633362859314513,1
957,15679488,15712256,55,55,0.08765002369182184,0.08354918795521371,72.50439036535741,0.20809804635005993,0.001208892637399528,1
958,15695872,15728640,53,53,0.030602215894759865,0.02899812716350425,26.00157435322557,0.233829247090665,0.001176937037697626,1
959,15712256,15745024,3661,3661,0.0030696332250954583,0.003018749601324089,8.000484536724688,0.07259396192414333,0.00038368091470021554,1
960,15728640,15761408,1309,1309,0.003704727307194844,0.0033382313122274354,8.000484502637864,0.45239820047343327,0.00046306286900166444,1
961,15745024,15777792,6947,-1245,0.0028222413966432214,0.0027930646465392783,6.0003632161240485,0.045131700770954554,0.0004703450932869121,1
962,15761408,15794176,1158,1158,0.0031156746263150126,0.003058054455323145,7.5004541780342375,0.08106882763632973,0.00041539812821462857,1
963,15777792,15810560,6686,-1506,0.019269130163593218,0.017258396357647143,25.50154409707301,0.47861671608968326,0.0007556064091744496,1
964,15794176,15826944,6686,-1506,0.018466477547463,0.01670814651333785,22.00133210121195,0.43455787399790213,0.0008393345213149966,1
965,15810560,15843328,5164,-3028,0.0006103620398789644,0.000610287330346182,3.0001816647741797,0.0005316176563874501,0.000203441693896528,1
966,15826944,15859712,2012,2012,0.0017720583418849856,0.0017191094375448301,4.000242218258918,0.13174491652895862,0.00044298776054022644,1
967,15843328,15876096,4762,-3430,0.002192653890233487,0.002145726408343762,5.50033309321156,0.09395737554335518,0.00039864020107066464,1
968,15859712,15892480,6017,-2175,0.008185981161659583,0.007403975119814277,10.000605628498182,0.43605790183688165,0.000818548542533508,1
969,15876096,15908864,8063,-129,0.01349531568121165,0.011271909344941378,22.001332450627565,0.7818556071491196,0.0006133862897393158,1
970,15892480,15925248,8063,-129,0.012263872427865863,0.011488201402244158,25.501544070137918,0.28375583541316457,0.0004809070538684263,1
971,15908864,15941632,596,596,0.006842833987320773,0.006191728141857311,12.000726383075277,0.434241241187727,0.000570201650207714,1
972,15925248,15958016,2658,2658,0.0053723594173789024,0.005264615145279095,9.00054513791315,0.08798430979021163,0.000596892669839388,1
973,15941632,15974400,4551,-3641,0.02730572626205685,0.02701150916982442,37.50227089131763,0.047048826510756175,0.0007281086081744069,1
974,15958016,15990784,4551,-3641,0.02810600266275287,0.027665455228998326,39.00236157389091,0.06861262239618945,0.0007206230989245453,1
975,15974400,16007168,7151,-1041,0.024529874717700295,0.01931337646653475,35.502150169958796,1.0383712405105845,0.0006909405374116461,1
976,15990784,16023552,7151,-1041,0.02337767864810303,0.018821542867954122,28.50172624036557,0.9414616328913818,0.0008202197456726109,1
977,16007168,16039936,3208,3208,0.002371253096498549,0.002239984110929072,6.500393677132312,0.2473297329323021,0.00036478607516347253,1
978,16023552,16056320,493,493,0.008637544669909403,0.008043991809245199,14.000847727274266,0.3091868667784463,0.0006169301201014483,1
979,16039936,16072704,493,493,0.008488229927024804,0.007978528810781427,11.000665955835164,0.26894317478117447,0.0007716105516795854,1
980,16056320,16089088,6714,-1478,0.0008519250404788181,0.0008502693235641345,3.000181721582603,0.00844872902424913,0.00028395781307187805,1
981,16072704,16105472,1929,1929,0.0005485899746417999,0.0005485833680722862,2.5001514364234856,5.230161128517509e-05,0.00021942269842124777,1
982,16089088,16121856,490,490,0.0003662329982034862,0.0003662329982034862,2.0001211319101566,0.0,0.00018310540914775808,1
983,16105472,16138240,37,37,0.00012207773397676647,0.00012207773397676647,1.0000605732784607,0.0,0.00012207033977608344,1
984,16121856,16154624,2212,2212,0.0056049603372230195,0.005472299402754288,9.000545025279441,0.10402693048055106,0.0006227356589496091,1
985,16138240,16171008,2212,2212,0.005747724157117773,0.005650764775054995,10.000605628020642,0.07388688190006194,0.0005747376079917857,1
986,16154624,16187392,18,18,0.0007907112303655595,0.0007896564638940617,2.5001513883236153,0.005797123390318035,0.0003162653405943317,1
987,16171008,16203776,6712,-1480,0.0005484132561832666,0.0005483993445523083,1.5000907855824153,0.00011016913109432038,0.000365586710787203,1
988,16187392,16220160,2314,2314,0.0018596683657960966,0.0018410896736895666,4.000242289760441,0.04360561356221644,0.0004648889319920332,1
989,16203776,16236544,2314,2314,0.0019207072036806494,0.0019021285261260346,4.500272531434253,0.04221306505416706,0.0004267979750703038,1
990,16220160,16252928,482,482,6.103886698838323e-05,6.103886698838323e-05,0.5000302416738123,0.0,0.0001220703507533072,1
991,16236544,16269312,640,640,0.0010196393996011466,0.0010187911539105698,2.5001512905142382,0.0036144321261725077,0.00040783107945096566,1
992,16252928,16285696,640,640,0.0010806782374856994,0.0010798300063470379,3.0001815352730565,0.0034101431723606796,0.0003602042825676358,1
993,16269312,16302080,134,134,0.00018311658641323447,0.00018311658641323447,1.5000908151851036,0.0,0.00012207033371552164,1
994,16285696,16318464,134,134,0.00018311658641323447,0.00018311658641323447,1.5000908055808395,0.0,0.00012207033449707145,1
995,16302080,16334848,23,23,0.00012207771942485124,0.00012207771942485124,1.0000605172244832,0.0,0.0001220703320671628,1
996,16318464,16351232,341,341,0.00012207773397676647,0.00012207773397676647,1.0000605593668297,0.0,0.00012207034147417812,1
997,16334848,16367616,103,103,0.00018311658641323447,0.00018311658641323447,1.5000908517977223,0.0,0.00012207033073615903,1
998,16351232,16384000,5101,-3091,0.00036623311461880803,0.00036623307096306235,2.0001211165697343,5.176880470113862e-07,0.00018310546875626634,1
999,16367616,16400384,5101,-3091,0.000244155409745872,0.0002441553515382111,1.000060542068913,1.0353761557471753e-06,0.00024414062896708865,1
1000,16384000,16416768,23,23,6.103886698838323e-05,6.103886698838323e-05,0.5000302635598928,0.0,0.00012207034541034754,1
1001,16400384,16433152,23,23,6.103886698838323e-05,6.103886698838323e-05,0.5000302635598928,0.0,0.00012207034541034754,1
1002,16416768,16449536,978,978,0.0005486510926857591,0.0005486510926857591,1.500090757361761,0.0,0.0003657452657402426,1
1003,16433152,16465920,978,978,0.0006096899451222271,0.0006096899451222271,2.0001210329706396,0.0,0.00030482652553115615,1
1004,16449536,16482304,3,3,6.103886698838323e-05,6.103886698838323e-05,0.5000302756088786,0.0,0.00012207034246887794,1
1005,16465920,16498688,412,412,6.103886698838323e-05,6.103886698838323e-05,0.5000302490079775,0.0,0.00012207034896284728,1
1006,16482304,16515072,5659,-2533,0.0006102496117819101,0.0006101105536799878,2.000121120502552,0.0009897433282299419,0.00030510632857503066,1
1007,16498688,16531456,3586,3586,0.0010969159193336964,0.0010961450170725584,3.0001816480280006,0.003053254073618509,0.0003656165019390382,1
1008,16515072,16547840,3585,3585,0.0006103594496380538,0.0006101858743932098,2.000121088289262,0.0012352310078893656,0.00030516124909222604,1
1009,16531456,16564224,0,0,6.103886698838323e-05,6.103886698838323e-05,0.500030311755836,0.0,0.00012207033364446996,1
1010,16547840,16580608,-1,,0.0,0.0,0.0,nan,nan,0
1011,16564224,16596992,1535,1535,0.008299451321363449,0.008299370296299458,9.00054502783593,4.239907988423844e-05,0.0009221054164715344,1
1012,16580608,16613376,1535,1535,0.008299451321363449,0.008299370296299458,9.00054502783593,4.239907988423844e-05,0.0009221054164715344,1
1013,16596992,16629760,558,558,0.00990343652665615,0.009476528503000736,8.500514700691404,0.19136649242589177,0.0011650396329354782,1
1014,16613376,16646144,558,558,0.010025514216977172,0.009598606222425587,9.500575266286454,0.18898481842961626,0.0010552533858190151,1
1015,16629760,16662528,671,671,0.00012207773397676647,0.00012207773397676647,1.0000605655950494,0.0,0.00012207034071394325,1
1016,16646144,16678912,3,3,6.103886698838323e-05,6.103886698838323e-05,0.500030285329558,0.0,0.00012207034009580837,1
1017,16662528,16695296,36,36,0.00012207773397676647,0.00012207773397676647,1.0000606015091762,0.0,0.00012207033633015923,1
1018,16678912,16711680,6,6,6.103886698838323e-05,6.103886698838323e-05,0.5000303161796182,0.0,0.0001220703325645103,1
1019,16695296,16728064,295,295,0.011745292271371,0.011720506648998708,14.000847800561935,0.009174427059920437,0.0008388986466162137,1
1020,16711680,16744448,295,295,0.011745292271371,0.011720506648998708,14.000847800561935,0.009174427059920437,0.0008388986466162137,1
1021,16728064,16760832,-1,,0.0,0.0,0.0,nan,nan,0
1022,16744448,16777216,-1,,0.0,0.0,0.0,nan,nan,0
1023,16760832,16793600,-1,,0.0,0.0,0.0,nan,nan,0
1024,16777216,16809984,-1,,0.0,0.0,0.0,nan,nan,0
1025,16793600,16826368,5038,-3154,0.011278236284852028,0.011115431785583496,10.000605585805193,0.0631485124934954,0.0011277553332230497,1
1026,16809984,16842752,5038,-3154,0.011278236284852028,0.011115431785583496,10.000605585805193,0.0631485124934954,0.0011277553332230497,1
1027,16826368,16859136,-1,,0.0,0.0,0.0,nan,nan,0
1028,16842752,16875520,-1,,0.0,0.0,0.0,nan,nan,0
1029,16859136,16891904,-1,,0.0,0.0,0.0,nan,nan,0
1030,16875520,16908288,6638,-1554,0.05307583510875702,0.05307534709572792,83.00502630303708,3.9931984031300496e-05,0.0006394291704093469,1
1031,16891904,16924672,6680,-1512,0.057832956314086914,0.05746631044894457,94.00569256441503,0.02762078497821636,0.0006152069596685152,1
1032,16908288,16941056,971,971,0.011927306419238448,0.011173325648996979,15.50093879477101,0.28359920110412373,0.0007694570359352642,1
1033,16924672,16957440,245,245,0.003585838247090578,0.0035806105006486177,4.5002725333930655,0.006336141972590451,0.0007968046869345861,1
1034,16941056,16973824,-1,,0.0,0.0,0.0,nan,nan,0
1035,16957440,16990208,28,28,6.103886698838323e-05,6.103886698838323e-05,0.5000302661210299,0.0,0.0001220703447851076,1
1036,16973824,17006592,28,28,6.103886698838323e-05,6.103886698838323e-05,0.5000302661210299,0.0,0.0001220703447851076,1
1037,16990208,17022976,4,4,6.103886698838323e-05,6.103886698838323e-05,0.5000302635598928,0.0,0.00012207034541034754,1
1038,17006592,17039360,6754,-1438,0.015455234766704962,0.01514497582684271,18.501120232021766,0.08807021945555728,0.0008353675114199312,1
1039,17022976,17055744,6754,-1438,0.015394195914268494,0.015083936974406242,18.001089968461873,0.08842300194517788,0.000855181321866582,1
1040,17039360,17072128,-1,,0.0,0.0,0.0,nan,nan,0
1041,17055744,17088512,16,16,6.103886698838323e-05,6.103886698838323e-05,0.500030271767173,0.0,0.0001220703434067378,1
1042,17072128,17104896,143,143,0.00018311658641323447,0.00018311658641323447,1.500090817688033,0.0,0.00012207033351184501,1
1043,17088512,17121280,143,143,0.0001831166009651497,0.0001831166009651497,1.5000908586662263,0.0,0.00012207033987792173,1
1044,17104896,17137664,5965,-2227,0.007080393479554914,0.006980823673075065,10.000605699899761,0.06150725053299218,0.0007079964646167264,1
1045,17121280,17154048,5965,-2227,0.007019354612566531,0.006919784820638597,9.500575387154395,0.06204593463388335,0.0007388346838505496,1
1046,17137664,17170432,-1,,0.0,0.0,0.0,nan,nan,0
1047,17154048,17186816,0,0,6.103886698838323e-05,6.103886698838323e-05,0.5000302871339954,0.0,0.00012207033965529844,1
1048,17170432,17203200,0,0,6.103886698838323e-05,6.103886698838323e-05,0.5000302871339954,0.0,0.00012207033965529844,1
1049,17186816,17219584,0,0,6.103886698838323e-05,6.103886698838323e-05,0.50003031140659,0.0,0.00012207033372972994,1
1050,17203200,17235968,5222,-2970,0.02072526873962488,0.019971577712567523,27.50166542375496,0.1608779607684857,0.0007536004972892707,1
1051,17219584,17252352,5222,-2970,0.020696922609204194,0.020040283605339937,28.001695667027928,0.1400191246607375,0.0007391310460378611,1
1052,17235968,17268736,2691,2691,0.000244155409745872,0.000244155409745872,1.0000605546795558,0.0,0.0002441406258885048,1
1053,17252352,17285120,-1,,0.0,0.0,0.0,nan,nan,0
1054,17268736,17301504,-1,,0.0,0.0,0.0,nan,nan,0
1055,17285120,17317888,-1,,0.0,0.0,0.0,nan,nan,0
1056,17301504,17334272,7925,-267,0.006643968263233546,0.0063604571332689375,7.500454142705861,0.18939219248482092,0.0008858087972839296,1
1057,17317888,17350656,881,881,0.03297670921892859,0.029952443757792935,38.5023315238377,0.4177505340274257,0.0008564860338006267,1
1058,17334272,17367040,881,881,0.032222069770796224,0.029049495205981657,31.501907664365916,0.45014843655851333,0.0010228609046189585,1
1059,17350656,17383424,7,7,6.103886698838323e-05,6.103886698838323e-05,0.5000302832340822,0.0,0.00012207034060736827,1
1060,17367040,17399808,-1,,0.0,0.0,0.0,nan,nan,0
1061,17383424,17416192,66,66,0.00012207773397676647,0.00012207773397676647,1.000060555525124,0.0,0.00012207034194310803,1
1062,17399808,17432576,66,66,0.00012207773397676647,0.00012207773397676647,1.000060555525124,0.0,0.00012207034194310803,1
1063,17416192,17448960,4111,-4081,0.011184075847268105,0.01114661619067192,13.000787406449675,0.014570562690974483,0.0008602614209136055,1
1064,17432576,17465344,4111,-4081,0.011184075847268105,0.01114661619067192,13.000787406449675,0.014570562690974483,0.0008602614209136055,1
1065,17448960,17481728,-1,,0.0,0.0,0.0,nan,nan,0
1066,17465344,17498112,-1,,0.0,0.0,0.0,nan,nan,0
1067,17481728,17514496,-1,,0.0,0.0,0.0,nan,nan,0
1068,17498112,17530880,-1,,0.0,0.0,0.0,nan,nan,0
1069,17514496,17547264,7524,-668,0.012866129516623914,0.01267880608793348,17.00102952155831,0.06369559192500607,0.0007567853170485295,1
1070,17530880,17563648,7524,-668,0.012866129516623914,0.01267880608793348,17.00102952155831,0.06369559192500607,0.0007567853170485295,1
1071,17547264,17580032,15,15,6.103886698838323e-05,6.103886698838323e-05,0.5000302726402879,0.0,0.00012207034319358784,1
1072,17563648,17596416,15,15,6.103886698838323e-05,6.103886698838323e-05,0.5000302726402879,0.0,0.00012207034319358784,1
1073,17580032,17612800,15,15,6.103886698838323e-05,6.103886698838323e-05,0.500030267983675,0.0,0.0001220703443303877,1
1074,17596416,17629184,6494,-1698,0.0015384364814963192,0.0015243648958858103,3.0001816312244927,0.03990630947580187,0.0005127811148115131,1
1075,17612800,17645568,4917,-3275,0.013355638686334714,0.013157490349840373,17.501059623723876,0.06491601293686095,0.0007631331458485084,1
1076,17629184,17661952,2593,2593,0.6296850228973199,0.6202134904642662,162.50984066776368,0.06582155216212292,0.0038747501093466244,1
1077,17645568,17678336,2593,2593,0.6291908015846275,0.6199222373979865,150.0090838042435,0.0644514953114631,0.004194351339454209,1
1078,17661952,17694720,7115,-1077,0.0027238473121542484,0.0026090571627719328,7.000424034411347,0.18699164815280753,0.0003890974744908137,1
1079,17678336,17711104,7040,-1152,0.005512908256605442,0.005280518169456627,10.000605614345726,0.18704223900028305,0.0005512574407191154,1
1080,17694720,17727488,497,497,0.0064172514248639345,0.005960625596344471,12.500756941033737,0.32057211647625905,0.0005133490279936013,1
1081,17711104,17743872,6637,-1555,0.017123441881267354,0.015012650255812332,20.001211174603554,0.5713369694962271,0.0008561202485082387,1
1082,17727488,17760256,502,502,0.01921097419108264,0.019058059177041287,26.501604785995703,0.03470717412960139,0.0007248985239276655,1
1083,17743872,17776640,6503,-1689,0.011436519416747615,0.011285091008176096,15.500938692030065,0.05788805872569505,0.0007377952809159742,1
1084,17760256,17793024,719,719,0.000599317136220634,0.0005991819634800777,3.0001816641554995,0.0009796382090053741,0.00019976028231254845,1
1085,17776640,17809408,212,212,0.000244155409745872,0.000244155409745872,1.0000605476540578,0.0,0.0002441406276036104,1
1086,17793024,17825792,7919,-273,0.004378045909106731,0.0043683345429599285,6.000363187848421,0.009644205361539714,0.0007296301527169038,1
1087,17809408,17842176,219,219,0.007085260818712413,0.0070213323924690485,12.000726578880176,0.03936308704074823,0.0005904026537177852,1
1088,17825792,17858560,7872,-320,0.06167895947874058,0.057864171074470505,28.501725448623205,0.2772730250095924,0.0021640430011832853,1
1089,17842176,17874944,7872,-320,0.0624510921043111,0.05958112649386749,29.00175548826686,0.2043132732249397,0.0021533555832362193,1
1090,17858560,17891328,6536,-1656,0.007605774721014313,0.007474609650671482,13.00078697778582,0.07554940429521959,0.0005850241784601306,1
1091,17874944,17907712,2279,2279,0.0075087623845320195,0.007314958755159751,14.000847658985798,0.11356479525261325,0.0005363076984637331,1
1092,17891328,17924096,4909,-3283,0.012397759866871638,0.012166320200776681,23.501423156431223,0.08183977905641883,0.0005275323023779928,1
1093,17907712,17940480,4909,-3283,0.013664291953318752,0.013096504204440862,25.50154445602226,0.18431745945847772,0.0005358221333175722,1
1094,17924096,17956864,8088,-104,0.11988297133939341,0.09642150712898001,67.50408804748184,0.945835830437096,0.0017759364626193997,1
1095,17940480,17973248,8088,-104,0.11633297098160256,0.09469343115051743,61.503724522167985,0.8938296631426773,0.0018914784736275977,1
1096,17956864,17989632,7788,-404,0.024122452094161417,0.021329913863155525,27.501664929272426,0.5343235095423786,0.0008771269723559821,1
1097,17973248,18006016,8184,-8,0.04200506123015657,0.03337582608219236,44.00266429791553,0.9986959841888312,0.0009546026791870057,1
1098,17989632,18022400,8187,-5,0.0420510447002016,0.04187383607495576,40.5024527273156,0.018340411509848293,0.001038234523309291,1
1099,18006016,18038784,152,152,0.03160844586091116,0.0197181516996352,38.502331684190466,2.049369392748889,0.0008209488744779054,1
1100,18022400,18055168,760,760,0.2001759611594025,0.143294318637345,82.00496597594937,1.451829507390513,0.002441022428057718,1
1101,18038784,18071552,760,760,0.19809343852466554,0.1449266877316404,74.5045115357546,1.3572172397046287,0.002658811318152201,1
1102,18055168,18087936,7436,-756,0.021072743853437714,0.018654663530469406,24.501483629272194,0.5293366800046984,0.0008600599119745497,1
1103,18071552,18104320,7436,-756,0.02174022313556634,0.01856785034033237,23.00139288382944,0.6850237026708111,0.0009451698532070319,1
1104,18087936,18120704,950,950,0.004902506654616445,0.0048808298306539655,13.000787272484521,0.01924525534171402,0.0003770930599712482,1
1105,18104320,18137088,5952,-2240,0.09154980107268784,0.08430130293709226,84.50511715691601,0.3582311795691323,0.0010833639920608674,1
1106,18120704,18153472,6804,-1388,0.10748245159629732,0.10722899244865403,117.50711529674473,0.010253385498769852,0.0009146888792637639,1
1107,18137088,18169856,6805,-1387,0.10648952618066687,0.10440204141195863,54.50330016648786,0.0859790399940561,0.001953817949654056,1
1108,18153472,18186240,1148,1148,0.020381100715894718,0.019997536059236154,26.00157463528342,0.08251146539428647,0.0007838410173912363,1
1109,18169856,18202624,3179,3179,0.006424484759918414,0.006192317439854378,13.500817696351206,0.1598509152565954,0.0004758589371705038,1
1110,18186240,18219008,3221,3221,0.010604402079479769,0.009751709789270535,19.001150671512214,0.36405417998764833,0.0005580926262207158,1
1111,18202624,18235392,28,28,0.012352386314887553,0.011538491935425554,24.001453374915265,0.29601814698958917,0.0005146515972152525,1
1112,18219008,18251776,1028,1028,0.007888317297329195,0.007352774235187098,12.500756895787834,0.30533139926980135,0.0006310271740415323,1
1113,18235392,18268160,7646,-546,0.033845770481093496,0.03260143106308533,32.00193792865444,0.16267740877757705,0.001057616278006342,1
1114,18251776,18284544,7646,-546,0.0330920629121465,0.032269274357531685,31.501907586215648,0.10934641814861397,0.0010504780645927188,1
1115,18268160,18300928,5288,-2904,0.001652401202591136,0.00164563357247971,4.500272380691554,0.017823635824261233,0.000367178042307122,1
1116,18284544,18317312,8019,-173,0.0019688986358232796,0.0018653263978194445,5.000302718279464,0.2346852172756078,0.00039375588774368263,1
1117,18300928,18333696,6356,-1836,0.0014984488516347483,0.0014928918390069157,4.0002421243033,0.016135792916670565,0.00037458953860092275,1
1118,18317312,18350080,4266,-3926,0.002441503689624369,0.002421592376776971,5.000302697454387,0.03556344148095611,0.0004882711782363333,1
1119,18333696,18366464,4303,-3889,0.017842617769929348,0.01724677577294642,23.00139265444065,0.1475065489617502,0.0007757190200604941,1
1120,18350080,18382848,4303,-3889,0.017808683158364147,0.017205921874847263,20.00121104480786,0.14953860654809478,0.0008903802433996678,1
1121,18366464,18399232,5312,-2880,0.056245514715556055,0.05311069422168657,47.50287634489946,0.249059172439145,0.0011840443999049611,1
1122,18382848,18415616,5312,-2880,0.05618447584856767,0.053049655369250104,47.00284603512269,0.24933766731403834,0.0011953419970906452,1
1123,18399232,18432000,7406,-786,0.12806548178195953,0.12726273387670517,169.01023364415437,0.027308390763566233,0.0007577380317194123,1
1124,18415616,18448384,116,116,1.4660915872082114,1.3970701575744897,1147.0694589594343,0.2094288575880168,0.0012781192766985344,1
1125,18432000,18464768,116,116,1.4536139715346508,1.359909869672265,997.0603760540168,0.28938962856135414,0.0014578996482514912,1
1126,18448384,18481152,7748,-444,0.01660493199597113,0.016346456803148612,26.001574573912464,0.06813470174240625,0.0006386125558961709,1
1127,18464768,18497536,1775,1775,0.00898291528574191,0.00835330928384792,17.501059822470246,0.3155874245346584,0.0005132783601029933,1
1128,18481152,18513920,1772,1772,0.007648293933016248,0.007361705938819796,11.00066623327584,0.16586104349653608,0.0006952573390401552,1
1129,18497536,18530304,190,190,6.103886698838323e-05,6.103886698838323e-05,0.5000302459811792,0.0,0.00012207034970176725,1
1130,18513920,18546688,-1,,0.0,0.0,0.0,nan,nan,0
1131,18530304,18563072,3873,3873,0.011870007961988449,0.011852107010781765,13.000787197979747,0.006554462630722958,0.0009130222486706793,1
1132,18546688,18579456,3873,3873,0.012174586503533646,0.011917484436708037,14.500877997175255,0.09269626356599232,0.000839575817816358,1
1133,18563072,18595840,4541,-3651,0.0033501220168545842,0.0031540754134766757,7.500454166443578,0.26188551997499776,0.0004466558880984511,1
1134,18579456,18612224,2202,2202,0.0030519342399202287,0.002982869715197012,7.000423896999677,0.09940886828278281,0.0004359642051431003,1
1135,18595840,18628608,656,656,0.11425155625329353,0.10896829043485923,168.0101737746089,0.20561986974842456,0.0006800276059863239,1
1136,18612224,18644992,656,656,0.11433119720459217,0.10948038037895458,171.51038581543244,0.18828453520349883,0.000666613841844117,1
1137,18628608,18661376,8118,-74,0.004043026245199144,0.0040409694775007665,8.000484533254106,0.0022099043885625324,0.0005053476734308102,1
1138,18644992,18677760,6245,-1947,0.03847975617463817,0.026541957660811022,30.50184684907777,1.6129935942554898,0.001261554959771284,1
1139,18661376,18694144,6245,-1947,0.03872147370566381,0.027027445681596873,32.50196811691575,1.5614687462417103,0.0011913578145906526,1
1140,18677760,18710528,7105,-1087,0.0037514101422857493,0.003558222291758284,9.000545160266697,0.22961472088519827,0.00041679810228012796,1
1141,18694144,18726912,7541,-651,0.00363935723726172,0.003630331382737495,8.000484483906437,0.010784178067054524,0.00045489210616963947,1
1142,18710528,18743296,2271,2271,0.0037780904094688594,0.0036022084823343903,8.000484485903186,0.20703501801329272,0.000472232702422689,1
1143,18726912,18759680,2889,2889,0.002321618710993789,0.002293915254995227,5.000302758565645,0.052135257354934364,0.00046429562830306576,1
1144,18743296,18776064,7557,-635,0.0041361661060363986,0.00371666756200284,7.000423964880904,0.4644425416607313,0.0005908450869242126,1
1145,18759680,18792448,7557,-635,0.004205247831123415,0.003908707115442667,7.000424031814161,0.31758466105276223,0.0006007133013674923,1
1146,18776064,18808832,1935,1935,0.0015063326864037663,0.001504984131315723,4.000242264808154,0.0038897937871277214,0.0003765603647698092,1
1147,18792448,18825216,5978,-2214,0.001556873889057897,0.0014927068259567022,4.000242174718839,0.18278916184754035,0.0003891949089725608,1
1148,18808832,18841600,5976,-2216,0.0007898142357589677,0.0007893745205365121,2.500151425986961,0.0024185316529803476,0.00031590655971854996,1
1149,18825216,18857984,4751,-3441,0.000244155409745872,0.000244155409745872,1.0000606223239046,0.0,0.00024414060937477224,1
1150,18841600,18874368,2401,2401,0.0061401040002238005,0.005931501713348553,7.500454339933071,0.1501106703640424,0.0008186309417995324,1
1151,18857984,18890752,2401,2401,0.006381375656928867,0.00617037175106816,9.000545236585154,0.14602981203023319,0.0007089987872056948,1
1152,18874368,18907136,6685,-1507,0.000549276068340987,0.0005492376512847841,2.5001515123673426,0.0003037616231572106,0.00021969711260454318,1
1153,18890752,18923520,4677,-3515,0.00030519426218234,0.0003051942476304248,1.5000908700783429,2.0707521135905122e-07,0.00020345051641198317,1
1154,18907136,18939904,1436,1436,0.00012207773397676647,0.00012207773397676647,1.0000605288660154,0.0,0.00012207034519719757,1
1155,18923520,18956288,11,11,0.00012207773397676647,0.00012207773397676647,1.0000605639070272,0.0,0.0001220703409199882,1
1156,18939904,18972672,2025,2025,0.025932539690984413,0.025837267021415755,32.00193818976149,0.015984777231395044,0.0008103427841530273,1
1157,18956288,18989056,7448,-744,0.031420904299011454,0.031167127162916586,51.003088562190456,0.035219070251032346,0.0006160588541750462,1
1158,18972672,19005440,204,204,0.01865372549946187,0.0185404109506635,23.001392541597497,0.026462254653590533,0.000810982442290267,1
1159,18989056,19021824,7955,-237,0.0036897558893542737,0.0033579937589820474,7.000423866418657,0.4091774996838487,0.0005270760685012511,1
1160,19005440,19038208,3493,3493,0.002676576201338321,0.002676576201338321,6.500393587245437,0.0,0.00041175602144923794,1
1161,19021824,19054592,4480,-3712,0.0018127085495507345,0.0017492590413894504,4.500272438258893,0.154738557559316,0.0004027997358871126,1
1162,19038208,19070976,2663,2663,0.0010920926579274237,0.0010767752246465534,4.000242169095,0.06134432998425517,0.00027300663603936127,1
1163,19054592,19087360,2442,2442,0.06132321176119149,0.06113405468931887,74.50451126272725,0.01341691518125131,0.0008230805185064004,1
1164,19070976,19103744,2442,2442,0.06101207325991709,0.06072333414340392,72.00435993129992,0.02060173664137504,0.0008473385961368079,1
1165,19087360,19120128,2073,2073,0.00030519426218234,0.00030519426218234,1.5000908596583202,0.0,0.00020345051782520357,1
1166,19103744,19136512,7469,-723,0.0030888032415532507,0.003028899589480716,6.500393640395559,0.08505368036539174,0.00047517172227208267,1
1167,19120128,19152896,1449,1449,0.0035668216296471655,0.003451209355262108,7.500454192196916,0.14310086582432502,0.0004755474186293814,1
1168,19136512,19169280,715,715,0.002911651012254879,0.0027871040256286506,6.500393652364407,0.18986141047849842,0.0004479191827399277,1
1169,19152896,19185664,319,319,0.04777314810780808,0.046876888343831524,55.503360968067625,0.08225085143298261,0.0008607253195944852,1
1170,19169280,19202048,318,318,0.046244607656262815,0.04603747301734984,51.5031187271629,0.019496218790823996,0.0008978991719170061,1
1171,19185664,19218432,7848,-344,0.004422169062308967,0.004298998275771737,8.000484403997037,0.12268070980083629,0.0005527376642468866,1
1172,19202048,19234816,5759,-2433,0.006865598348667845,0.006861376547021791,14.0008476053808,0.002671390062725625,0.000490370193446664,1
1173,19218432,19251200,3933,3933,0.006680425154627301,0.006044676338206045,11.500696159293835,0.434310511100339,0.0005808713717933308,1
1174,19234816,19267584,1796,1796,0.0044929795258212835,0.004212761901726481,11.500696308906242,0.2796752532839939,0.0003906702172756166,1
1175,19251200,19283968,873,873,0.08921135496348143,0.07805963012651773,85.50517796824886,0.5799364647546758,0.001043344474373339,1
1176,19267584,19300352,873,873,0.09541728242766112,0.08196651819162071,108.0065404162191,0.6599055595704956,0.0008834398552157728,1
1177,19283968,19316736,7153,-1039,0.02684092754498124,0.02604832878569141,43.00260378694577,0.13017654749905921,0.000624169821854585,1
1178,19300352,19333120,7470,-722,0.010278201137225551,0.0096029696851474,18.001089942030735,0.29511554396145406,0.0005709766003239051,1
1179,19316736,19349504,3729,3729,0.012807564286049455,0.012601835809618933,19.5011810877604,0.07032727586921834,0.0006567583895771274,1
1180,19333120,19365888,5981,-2211,0.0168544769694563,0.014717209016453126,27.00163514026626,0.5888982212814059,0.0006242020856108087,1
1181,19349504,19382272,207,207,0.010415963377454318,0.010378691805726703,12.500756861463682,0.015568284373427412,0.0008332266192268569,1
1182,19365888,19398656,965,965,0.0017997948307311162,0.0017841705412138253,4.500272401647888,0.03786635753537551,0.0003999301975747237,1
1183,19382272,19415040,7634,-558,0.0016832649998832494,0.0016620458773104474,4.000242112511124,0.05509485827988116,0.00042079078029269373,1
1184,19398656,19431424,494,494,0.00036623311461880803,0.00036623311461880803,2.0001211472081,0.0,0.00018310546595141008,1
1185,19415040,19447808,5257,-2935,0.0012505131016951054,0.001249617402208969,3.500211977576209,0.0031118164456451565,0.00035726781969389407,1
1186,19431424,19464192,672,672,0.003431878038099967,0.0029018711938988417,7.500454124345625,0.7285371412765271,0.00045755603343542616,1
1187,19447808,19480576,2816,2816,0.008404648993746378,0.007675536420720164,14.500877876633625,0.3941084378707155,0.0005795958744876703,1
1188,19464192,19496960,454,454,0.03537456549020135,0.028123374468123075,41.50251331350345,0.9962368446581388,0.0008523475487613835,1
1189,19480576,19513344,454,454,0.033838385836133966,0.02748430443170946,34.002059272201635,0.9032488769220242,0.000995186366956266,1
1190,19496960,19529728,5800,-2392,0.0012693647149717435,0.0012618326436495408,3.5002119391097533,0.025846634648928175,0.00036265367270720033,1
1191,19513344,19546112,5263,-2929,0.0008510392653988674,0.000849560383358039,3.0001817173526235,0.007553458829558805,0.00028366257299568807,1
1192,19529728,19562496,3593,3593,0.0007928483100840822,0.0007882612262619659,2.500151438330323,0.02519940251323302,0.00031712011437737964,1
1193,19546112,19578880,1369,1369,0.001177594531327486,0.0011642873869277537,3.000181674972615,0.04935587519132131,0.0003925077408314731,1
1194,19562496,19595264,1767,1767,0.017486455879407004,0.01733180630253628,23.501423249375208,0.038579696588545806,0.00074405944243704,1
1195,19578880,19611648,1767,1767,0.017274873393034795,0.01638654922498972,22.50136267558389,0.2292736619179678,0.0007677256547568858,1
1196,19595264,19628032,6293,-1899,0.0007315485127037391,0.0007291988586075604,3.000181685697358,0.01397151497212175,0.00024383473713982724,1
1197,19611648,19644416,4044,4044,0.0004881466447841376,0.0004881005879724398,2.0001211374795447,0.00040977773904165557,0.00024405854007386585,1
1198,19628032,19660800,-1,,0.0,0.0,0.0,nan,nan,0
1199,19644416,19677184,-1,,0.0,0.0,0.0,nan,nan,0
1200,19660800,19693568,7843,-349,0.01564447395503521,0.01557983923703432,15.000908439490331,0.017979925635624255,0.0010429017694588865,1
1201,19677184,19709952,7843,-349,0.01564447395503521,0.01557983923703432,15.000908439490331,0.017979925635624255,0.0010429017694588865,1
1202,19693568,19726336,-1,,0.0,0.0,0.0,nan,nan,0
1203,19709952,19742720,-1,,0.0,0.0,0.0,nan,nan,0
1204,19726336,19759104,1443,1443,0.000244155409745872,0.0002441553515382111,1.0000605440876742,1.0353761557471753e-06,0.00024414062847425685,1
1205,19742720,19775488,7217,-975,0.0007893218280514702,0.0007890889828559011,2.5001512322767354,0.0012813316230231102,0.00031570963302595214,1
1206,19759104,19791872,206,206,0.012502887468144763,0.010702037543524057,12.50075661939212,0.6754385216400192,0.0010001704575824904,1
1207,19775488,19808256,206,206,0.012475696638830414,0.010435915261041373,12.500756731667089,0.7753426183539751,0.0009979953139338203,1
1208,19791872,19824640,402,402,0.00036623311461880803,0.00036623311461880803,2.000121076946021,0.0,0.00018310547238370602,1
1209,19808256,19841024,6695,-1497,0.007349779800279066,0.006185682461364195,8.000484469112486,0.7488670582864225,0.0009186668418211923,1
1210,19824640,19857408,6695,-1497,0.007717563799815252,0.006552958191605285,9.500575285495167,0.710428312775373,0.000812325945313849,1
1211,19841024,19873792,4735,-3457,0.001269176762434654,0.001269163389224559,4.000242205034652,4.5761489812943295e-05,0.00031727497920933003,1
1212,19857408,19890176,8109,-83,0.0070088246575323865,0.006840952439233661,9.500575347377705,0.10528624143700745,0.0007377263377493157,1
1213,19873792,19906560,298,298,0.011294560739770532,0.010078388542751782,18.50112041592198,0.49478248010534637,0.0006104798242408326,1
1214,19890176,19922944,134,134,0.00876948318182258,0.00854594174597878,14.00084787143632,0.11214071443247114,0.000626353722456591,1
1215,19906560,19939328,2830,2830,0.0022007733932696283,0.0021977897849865258,5.500333069233433,0.005891764013527617,0.00040011638669298704,1
1216,19922944,19955712,3773,3773,0.0011568945192266256,0.0011566348694032058,3.500211992768021,0.0009748264842970846,0.00033052127174495387,1
1217,19939328,19972096,3958,3958,0.0018973009573528543,0.0018322238611290231,5.000302860718824,0.15157691177111127,0.0003794372081454494,1
1218,19955712,19988480,4028,4028,0.0020366381213534623,0.0019949086563428864,6.000363344943446,0.0899085370559758,0.0003394191325213253,1
